{
  "mode": "dr",
  "best_score": 2.6003696772758786,
  "best_cfg": {
    "dt": 0.02996248908665903,
    "horizon_steps": 30,
    "rollouts": 1096,
    "iterations": 3,
    "lam": 1.7217069331021713,
    "ang_max_deg": 33.49854615635426,
    "yawrate_max_deg": 148.3483867510077,
    "tau_phi": 0.15646930582600807,
    "tau_theta": 0.1289492904389256,
    "phi_rate_max_deg": 196.65290492700933,
    "theta_rate_max_deg": 309.97307189479557,
    "Rd_T": 0.3491343127671377,
    "Rd_roll": 3.7517067671204343,
    "Rd_pitch": 1.8171820397487715,
    "Rd_yaw": 0.2283688032073783,
    "Qx": 121.54191793531642,
    "Qy": 120.7320008579965,
    "Qz": 143.93311001418877,
    "Qpsi": 0.0,
    "Qf_x_scale": 4.24444323202221,
    "Qf_y_scale": 2.2842848307817354,
    "Qf_z_scale": 3.7565634665191308,
    "Qf_psi_scale": 0.0,
    "lead_time": 1.5495997771078638,
    "sigma_T_ratio": 0.16117122234183265,
    "sigma_phi_deg": 6.072366431457663,
    "sigma_theta_deg": 6.458613847448689,
    "sigma_yawrate_deg": 8.504193095914168
  },
  "best_metrics": {
    "rmse_pos": 1.5354603029794098,
    "rmse_yaw": 1.85244688399631,
    "final_pos_error": 1.8870342794352188,
    "du_rms": 1.104660289332284,
    "steps": 411
  },
  "tuned_keys": [
    "Qf_psi_scale",
    "Qf_x_scale",
    "Qf_y_scale",
    "Qf_z_scale",
    "Qpsi",
    "Qx",
    "Qy",
    "Qz",
    "Rd_T",
    "Rd_pitch",
    "Rd_roll",
    "Rd_yaw",
    "ang_max_deg",
    "dt",
    "iterations",
    "lam",
    "lead_time",
    "phi_rate_max_deg",
    "sigma_T_ratio",
    "sigma_phi_deg",
    "sigma_theta_deg",
    "sigma_yawrate_deg",
    "tau_phi",
    "tau_theta",
    "theta_rate_max_deg",
    "yawrate_max_deg"
  ],
  "fixed_tracking_params": {
    "horizon_steps": 30,
    "rollouts": 1096
  },
  "objective": "tracking_only",
  "notes": "Tracking params tuned without solve-time penalties; DR/RA/DRA risk params kept at dataclass defaults."
}