epsilon,Run,Seed,RunMinDistance,SafetyViolation,Collision,TotalQRCost,RunMaxComputeTimeMs
0.0,0,1501552845,-0.25290143489837646,1.0,1.0,8.13300216034986,58.89883288182318
0.0,1,488200390,-0.10239277780056,1.0,1.0,7.37851665483322,48.95739885978401
0.0,2,1693606510,-0.10479193925857544,1.0,1.0,7.80766366282478,48.71726222336292
0.0,3,680233354,-0.08243786543607712,1.0,1.0,7.52404981746804,47.63124417513609
0.0,4,438466540,0.07112184911966324,0.0,0.0,6.619021758087911,48.008081037551165
0.0,5,1712329280,0.14788609743118286,0.0,0.0,6.702779930201359,47.5671230815351
0.0,6,1380152455,0.031730394810438156,0.0,0.0,6.801987248007208,48.64205699414015
0.0,7,1452245846,0.04806732386350632,0.0,0.0,6.771960770478472,48.825331032276154
0.0,8,2122694021,0.058778345584869385,0.0,0.0,6.834504141123034,49.40916202031076
0.0,9,839901363,-0.10693556815385818,1.0,1.0,7.287728285416961,49.52071188017726
0.0,10,1802651552,0.06588871031999588,0.0,0.0,6.83959416707512,48.734272830188274
0.0,11,714712467,-0.10341410338878632,1.0,1.0,7.585917621734552,50.18331506289542
0.0,12,1218704077,0.004170715343207121,0.0,0.0,7.058836221229285,49.06005202792585
0.0,13,1284858263,-0.034542106091976166,1.0,1.0,6.303012672695331,49.01965404860675
0.0,14,457721135,-0.03646349534392357,1.0,1.0,6.910341519047506,49.424976110458374
0.0,15,401008609,-0.09025123715400696,1.0,1.0,7.597953261225484,49.353640992194414
0.0,16,492064534,-0.13534732162952423,1.0,1.0,7.29053744347766,50.01996411010623
0.0,17,1444732602,-0.0022536166943609715,1.0,1.0,7.023996305651963,48.07664384134114
0.0,18,1317426686,-0.08893844485282898,1.0,1.0,7.338623957708478,48.590535996481776
0.0,19,2022506251,-0.07812534272670746,1.0,1.0,6.7684046438662335,47.83804900944233
0.0,20,1516459118,-0.115386001765728,1.0,1.0,7.3638039662037045,47.92215791530907
0.0,21,533103612,0.05143449828028679,0.0,0.0,7.060741192894056,47.37780801951885
0.0,22,1964759878,-0.10237161070108414,1.0,1.0,7.5508423841092736,48.17476193420589
0.0,23,2037706756,-0.030446559190750122,1.0,1.0,6.488099711132236,47.63176594860852
0.0,24,1572889065,0.01288631372153759,0.0,0.0,6.667919441824779,45.92579905875027
0.0,25,1432881518,0.019227372482419014,0.0,0.0,6.9340039156377316,46.17121000774205
0.0,26,280516901,0.08153064548969269,0.0,0.0,6.7433250829344615,46.48740985430777
0.0,27,205939248,0.06223521754145622,0.0,0.0,6.816759949317202,47.62893496081233
0.0,28,571904914,-0.09396330267190933,1.0,1.0,7.612081709201448,49.04384887777269
0.0,29,948843457,0.01789509505033493,0.0,0.0,7.135149177047424,56.13371916115284
0.0,30,155492488,0.040475111454725266,0.0,0.0,6.615927776554599,46.65710194967687
0.0,31,1903701130,0.027571778744459152,0.0,0.0,7.016417802777141,48.970264848321676
0.0,32,1017961266,-0.008389739319682121,1.0,1.0,6.792281277244911,48.63088810816407
0.0,33,1497769985,-0.20286807417869568,1.0,1.0,7.678204589756206,48.55382512323558
0.0,34,456523489,-0.1020207405090332,1.0,1.0,7.553031074814498,48.45903697423637
0.0,35,701095136,0.07004188746213913,0.0,0.0,6.806373595725745,47.17281996272504
0.0,36,249069576,-0.05574527382850647,1.0,1.0,6.6248963080579415,47.61288408190012
0.0,37,1576098728,-0.12383624911308289,1.0,1.0,7.353931053774431,47.11865494027734
0.0,38,1662748500,-0.10675321519374847,1.0,1.0,7.485441407188773,46.848037047311664
0.0,39,472736216,0.029899166896939278,0.0,0.0,7.074981854297221,47.34249785542488
0.0,40,1535411295,0.021091876551508904,0.0,0.0,6.751850230735727,46.39088804833591
0.0,41,175223003,0.011825066059827805,0.0,0.0,6.960266709211282,46.41492711380124
0.0,42,840936862,-0.10849407315254211,1.0,1.0,7.560893035843037,47.00610414147377
0.0,43,343373188,0.0800957903265953,0.0,0.0,6.656378581770696,47.80536098405719
0.0,44,1597751082,-0.08311190456151962,1.0,1.0,7.130036519258283,47.63495596125722
0.0,45,730359585,-0.11070852726697922,1.0,1.0,7.707568509620614,46.73722409643233
0.0,46,1016641002,-0.12621808052062988,1.0,1.0,7.397022776771337,47.00098582543433
0.0,47,998994690,0.05621715262532234,0.0,0.0,6.721188390976749,46.48481705226004
0.0,48,1021240743,0.045931607484817505,0.0,0.0,7.007868796936236,46.663167886435986
0.0,49,572134801,-0.09608199447393417,1.0,1.0,6.863445584778674,47.04047692939639
0.0,50,1198399760,-0.30000001192092896,1.0,1.0,8.47921902895905,47.985415207222104
0.0,51,1751866485,-0.10528935492038727,1.0,1.0,7.443586158682592,46.16599902510643
0.0,52,1070889713,-0.10624845325946808,1.0,1.0,7.374320256873034,46.02198791690171
0.0,53,415096539,0.028280075639486313,0.0,0.0,6.780435471097007,48.76706190407276
0.0,54,52416235,-0.12316815555095673,1.0,1.0,7.286132932174951,45.31785403378308
0.0,55,278032723,-0.0681576058268547,1.0,1.0,6.7563037005020306,44.94213405996561
0.0,56,174946158,-0.11572877317667007,1.0,1.0,7.870035915519111,46.18508601561189
0.0,57,196848554,0.12345226109027863,0.0,0.0,6.7664827378466725,46.01941583678126
0.0,58,263030910,-0.02447962947189808,1.0,1.0,6.658087117597461,45.32430204562843
0.0,59,1285415020,0.08532463759183884,0.0,0.0,6.5808036213275045,47.24881681613624
0.0,60,1733223444,-0.0878010243177414,1.0,1.0,7.581025982508436,45.11308507062495
0.0,61,1835544261,-0.04655664041638374,1.0,1.0,6.757015784154646,45.56694417260587
0.0,62,1403186970,0.03113574907183647,0.0,0.0,7.19639271532651,45.34579208120704
0.0,63,1291971777,-0.09604780375957489,1.0,1.0,7.5302713247947395,46.32450081408024
0.0,64,712292067,0.06528843194246292,0.0,0.0,6.688583677751012,58.39584209024906
0.0,65,2001429764,-0.0870894193649292,1.0,1.0,7.334454760188237,54.08699996769428
0.0,66,1375664061,0.08155694603919983,0.0,0.0,6.598031035042368,46.07779602520168
0.0,67,1556456120,-0.034211911261081696,1.0,1.0,6.923901172704063,46.42601101659238
0.0,68,1576053187,-0.11656694859266281,1.0,1.0,6.826036603888497,46.276248060166836
0.0,69,1848019881,0.07177121937274933,0.0,0.0,6.660308717517182,45.24831706658006
0.0,70,1508652585,-0.30000001192092896,1.0,1.0,8.142086213454604,46.28138802945614
0.0,71,1995737731,-0.037584785372018814,1.0,1.0,6.016926808631979,46.42347595654428
0.0,72,1162788447,0.04491858556866646,0.0,0.0,6.932295886334032,45.625161146745086
0.0,73,1172925522,-0.12583577632904053,1.0,1.0,7.639110952615738,46.28259013406932
0.0,74,539174575,0.08870953321456909,0.0,0.0,6.73607385752257,45.864425832405686
0.0,75,2013637345,-0.08435723185539246,1.0,1.0,6.547761213849299,46.312116086483
0.0,76,1187468716,-0.06921064853668213,1.0,1.0,6.684117861674167,45.890700072050095
0.0,77,1062978506,-0.05146162956953049,1.0,1.0,6.834150814334862,46.415921999141574
0.0,78,679326770,-0.015439862385392189,1.0,1.0,7.0514703538501635,47.22114815376699
0.0,79,587923432,0.011970561929047108,0.0,0.0,7.314618500997312,45.87124288082123
0.0,80,1359889667,-0.09704909473657608,1.0,1.0,7.491696323733777,45.63691606745124
0.0,81,970187386,-0.11790867149829865,1.0,1.0,7.211237628944218,46.4188598562032
0.0,82,1219839873,-0.08114397525787354,1.0,1.0,6.943908056360669,46.723226085305214
0.0,83,1428160212,-0.03624209389090538,1.0,1.0,7.085035958676599,45.404470060020685
0.0,84,1930609499,0.05533270910382271,0.0,0.0,6.677137645310722,51.64671316742897
0.0,85,710582861,0.016207268461585045,0.0,0.0,6.89124474581331,46.03045992553234
0.0,86,1463614337,-0.10231208056211472,1.0,1.0,7.020852888817899,46.70872609131038
0.0,87,1940152705,-0.2904258966445923,1.0,1.0,8.204184260452166,46.29507404752076
0.0,88,985452196,0.006887201685458422,0.0,0.0,7.044413735624403,46.221706084907055
0.0,89,552062587,-0.12345521152019501,1.0,1.0,7.3805100076133385,47.186738811433315
0.0,90,623566272,0.05780242383480072,0.0,0.0,6.699139019823633,47.58510994724929
0.0,91,729775797,-0.0844288021326065,1.0,1.0,7.2042191486107185,47.541128005832434
0.0,92,1352536665,-0.11306159943342209,1.0,1.0,7.609802724444307,47.11090005002916
0.0,93,555883440,-0.01945539377629757,1.0,1.0,6.92652402119711,46.639311127364635
0.0,94,1801800003,-0.04861830547451973,1.0,1.0,6.857125458307564,46.662238193675876
0.0,95,763315502,0.10234376788139343,0.0,0.0,6.689075184054673,46.908603981137276
0.0,96,138897982,-0.1272212713956833,1.0,1.0,7.605303895426914,46.795712085440755
0.0,97,10785379,0.0129605857655406,0.0,0.0,7.011427451390773,47.146332915872335
0.0,98,53923185,-0.10301735252141953,1.0,1.0,7.628997438587248,47.40062286145985
0.0,99,1349917978,-0.11185073852539062,1.0,1.0,7.457475039060228,48.57320408336818
0.001,0,1501552845,0.11027232557535172,0.0,0.0,6.763576675555669,58.57163900509477
0.001,1,488200390,-0.037501052021980286,1.0,1.0,7.176232803380117,48.95248916000128
0.001,2,1693606510,-0.10283399373292923,1.0,1.0,7.665421532001346,48.527069855481386
0.001,3,680233354,0.04672984406352043,0.0,0.0,6.637119405786507,47.75590100325644
0.001,4,438466540,-0.2815626561641693,1.0,1.0,8.075045690406114,47.22212394699454
0.001,5,1712329280,0.062425896525382996,0.0,0.0,7.004272299585864,48.232106026262045
0.001,6,1380152455,-0.03076239861547947,1.0,1.0,6.651063342229463,48.14199707470834
0.001,7,1452245846,-0.09382834285497665,1.0,1.0,7.507702058064751,48.77373296767473
0.001,8,2122694021,0.0789138674736023,0.0,0.0,6.6592211263487116,49.4590369053185
0.001,9,839901363,0.005049293860793114,0.0,0.0,6.742300030309707,50.04771496169269
0.001,10,1802651552,-0.1045500785112381,1.0,1.0,7.664900872739963,49.31412497535348
0.001,11,714712467,-0.10619769990444183,1.0,1.0,7.672093784552999,49.991478910669684
0.001,12,1218704077,-0.02989896759390831,1.0,1.0,7.0936685831984505,49.14516396820545
0.001,13,1284858263,-0.03519386425614357,1.0,1.0,6.328025398193859,48.40844008140266
0.001,14,457721135,-0.1148463562130928,1.0,1.0,7.194030842743814,48.670170828700066
0.001,15,401008609,0.044896528124809265,0.0,0.0,6.8677821442252025,48.88095986098051
0.001,16,492064534,-0.1059349924325943,1.0,1.0,7.106644880375825,49.43270003423095
0.001,17,1444732602,-0.0048560891300439835,1.0,1.0,6.736276444047689,47.192628029733896
0.001,18,1317426686,-0.006847242824733257,1.0,1.0,7.286973013426177,47.897465992718935
0.001,19,2022506251,-0.07128141820430756,1.0,1.0,6.7078368802322075,47.72486421279609
0.001,20,1516459118,0.025472426787018776,0.0,0.0,6.716698472155258,55.95732410438359
0.001,21,533103612,-0.03931991383433342,1.0,1.0,6.947236660635099,46.233823988586664
0.001,22,1964759878,0.010708427056670189,0.0,0.0,6.586542767123319,46.20330408215523
0.001,23,2037706756,-0.04708530381321907,1.0,1.0,6.57577294157818,46.86988890171051
0.001,24,1572889065,-0.08090556412935257,1.0,1.0,7.388518909923732,46.24798707664013
0.001,25,1432881518,-0.052963778376579285,1.0,1.0,7.149128171382472,45.812311116606
0.001,26,280516901,-0.0909467414021492,1.0,1.0,7.753075683489442,46.64348182268441
0.001,27,205939248,-0.13313502073287964,1.0,1.0,7.619311528746039,46.87079484574497
0.001,28,571904914,-0.09646838158369064,1.0,1.0,7.579947486170568,47.941286116838455
0.001,29,948843457,0.015215173363685608,0.0,0.0,7.171358804916963,48.12565399333835
0.001,30,155492488,0.03099636919796467,0.0,0.0,7.035516269970685,47.06521285697818
0.001,31,1903701130,0.08706440776586533,0.0,0.0,6.5237571083707735,48.705840948969126
0.001,32,1017961266,-0.0043464708141982555,1.0,1.0,6.761960362782702,47.72081598639488
0.001,33,1497769985,-0.2670747935771942,1.0,1.0,7.832848072401248,47.713421983644366
0.001,34,456523489,-0.11138563603162766,1.0,1.0,7.443174005835317,47.44314611889422
0.001,35,701095136,0.05799652263522148,0.0,0.0,6.766758395940997,46.1939019151032
0.001,36,249069576,-0.30000001192092896,1.0,1.0,8.117319074925035,46.93161300383508
0.001,37,1576098728,0.1383393555879593,0.0,0.0,6.873061538790353,46.912712045013905
0.001,38,1662748500,-0.10173981636762619,1.0,1.0,7.669422950129956,48.503771191462874
0.001,39,472736216,0.0713033378124237,0.0,0.0,6.831245368346572,46.34054494090378
0.001,40,1535411295,0.0386819988489151,0.0,0.0,6.848424236406572,45.66274699755013
0.001,41,175223003,0.005290523637086153,0.0,0.0,6.840314599801786,45.68025306798518
0.001,42,840936862,-0.039842892438173294,1.0,1.0,7.096569567453116,45.836471021175385
0.001,43,343373188,0.07879475504159927,0.0,0.0,6.677850233158097,46.402920968830585
0.001,44,1597751082,0.09262531250715256,0.0,0.0,6.812082467949949,46.74457781948149
0.001,45,730359585,-0.1173836812376976,1.0,1.0,7.5137339446228,45.784165151417255
0.001,46,1016641002,-0.11010021716356277,1.0,1.0,7.263144193799235,46.22459597885609
0.001,47,998994690,-0.0022237508092075586,1.0,1.0,6.880147509509698,45.51204782910645
0.001,48,1021240743,0.0038262938614934683,0.0,0.0,6.569511232548393,46.46843113005161
0.001,49,572134801,-0.10165254771709442,1.0,1.0,7.480249725864269,46.71872896142304
0.001,50,1198399760,0.05530492588877678,0.0,0.0,6.615344189456664,47.04553703777492
0.001,51,1751866485,0.06563056260347366,0.0,0.0,6.807151550194249,45.747588854283094
0.001,52,1070889713,0.034345466643571854,0.0,0.0,6.818716271198355,46.03768396191299
0.001,53,415096539,-0.09732890129089355,1.0,1.0,7.6132315376307815,44.97806401923299
0.001,54,52416235,0.11602170765399933,0.0,0.0,6.5965919942827895,50.12042494490743
0.001,55,278032723,-0.07367915660142899,1.0,1.0,6.725752264494076,45.49768101423979
0.001,56,174946158,-0.11991947144269943,1.0,1.0,7.5351043730042875,45.27039802633226
0.001,57,196848554,0.02227068692445755,0.0,0.0,7.061488802661188,45.65133713185787
0.001,58,263030910,-0.017219100147485733,1.0,1.0,7.094786694739014,45.23983015678823
0.001,59,1285415020,0.0016488467808812857,0.0,0.0,6.9556775939418,45.01775489188731
0.001,60,1733223444,-0.10161710530519485,1.0,1.0,7.274809588911012,46.105512883514166
0.001,61,1835544261,-0.03914759308099747,1.0,1.0,6.737245139083825,46.42790788784623
0.001,62,1403186970,3.175758820361807e-06,0.0,0.0,7.180997923249379,46.47507821209729
0.001,63,1291971777,-0.04240375757217407,1.0,1.0,6.486179177532904,47.016879078000784
0.001,64,712292067,0.017343157902359962,0.0,0.0,7.0091539598070085,46.78826290182769
0.001,65,2001429764,-0.08617658168077469,1.0,1.0,7.354746749158949,49.057211028411984
0.001,66,1375664061,-0.08728326112031937,1.0,1.0,7.601516286493279,47.10503690876067
0.001,67,1556456120,0.0974690243601799,0.0,0.0,6.798951059696265,47.220350010320544
0.001,68,1576053187,-0.061616890132427216,1.0,1.0,6.024215202080086,47.00162191875279
0.001,69,1848019881,0.09065955132246017,0.0,0.0,6.643993056146428,46.467430889606476
0.001,70,1508652585,-0.09350910782814026,1.0,1.0,7.578136054682545,47.18565405346453
0.001,71,1995737731,-0.03594008833169937,1.0,1.0,6.024120871908963,47.778138890862465
0.001,72,1162788447,0.06584349274635315,0.0,0.0,6.675558973802254,46.191192930564284
0.001,73,1172925522,-0.1285904347896576,1.0,1.0,7.463713802746497,47.06341098062694
0.001,74,539174575,-0.1068112850189209,1.0,1.0,7.524144450319,46.492149122059345
0.001,75,2013637345,-0.05924621596932411,1.0,1.0,6.143387760850601,47.29835502803326
0.001,76,1187468716,-0.07198052108287811,1.0,1.0,6.727839951985516,47.15190106071532
0.001,77,1062978506,0.001222328282892704,0.0,0.0,7.169850420556031,47.24949109368026
0.001,78,679326770,-0.04096869379281998,1.0,1.0,7.333676773821935,47.596007119864225
0.001,79,587923432,0.000438904418842867,0.0,0.0,7.04213580081705,47.06098302267492
0.001,80,1359889667,-0.10686412453651428,1.0,1.0,7.336761066224426,47.054207883775234
0.001,81,970187386,0.033556416630744934,0.0,0.0,7.094011427951045,47.4404850974679
0.001,82,1219839873,-0.0736127644777298,1.0,1.0,6.921934274723753,47.64935281127691
0.001,83,1428160212,0.042498718947172165,0.0,0.0,6.968807140132412,46.49306903593242
0.001,84,1930609499,0.0829969272017479,0.0,0.0,6.620769833447412,47.410769155249
0.001,85,710582861,0.025960493832826614,0.0,0.0,7.039326944272034,46.89733008854091
0.001,86,1463614337,-0.1007252186536789,1.0,1.0,7.299006561865099,47.57187911309302
0.001,87,1940152705,-0.09783832728862762,1.0,1.0,7.003379245405085,47.02836903743446
0.001,88,985452196,0.08682200312614441,0.0,0.0,6.907979333307594,46.82857892476022
0.001,89,552062587,-0.09611528366804123,1.0,1.0,7.686670101713389,47.06142283976078
0.001,90,623566272,-0.10372257977724075,1.0,1.0,7.579563709325157,47.09292808547616
0.001,91,729775797,-0.021831493824720383,1.0,1.0,6.780716420151293,48.01376792602241
0.001,92,1352536665,-0.12001992762088776,1.0,1.0,7.439927996136248,47.27858700789511
0.001,93,555883440,0.06953319907188416,0.0,0.0,6.9821563847362995,47.47995105572045
0.001,94,1801800003,-0.08883313834667206,1.0,1.0,7.383118635858409,47.16530512087047
0.001,95,763315502,-0.012228615581989288,1.0,1.0,7.09509929921478,48.1167349498719
0.001,96,138897982,-0.0799974575638771,1.0,1.0,6.647973256767727,47.88113315589726
0.001,97,10785379,-0.10629292577505112,1.0,1.0,7.534689950174652,47.80275281518698
0.001,98,53923185,-0.04838824272155762,1.0,1.0,7.536505755153485,49.202953930944204
0.001,99,1349917978,-0.009369514882564545,1.0,1.0,6.9813733821501955,48.843716038390994
0.002,0,1501552845,-0.08349476754665375,1.0,1.0,7.442172873299569,58.59063216485083
0.002,1,488200390,-0.011908180080354214,1.0,1.0,6.805635415948927,48.87315398082137
0.002,2,1693606510,-0.09666886180639267,1.0,1.0,7.316370190354064,48.81824506446719
0.002,3,680233354,0.033227402716875076,0.0,0.0,6.7389203200582415,47.28515399619937
0.002,4,438466540,-0.09639819711446762,1.0,1.0,7.517888463800773,46.69288801960647
0.002,5,1712329280,0.04373936727643013,0.0,0.0,7.011549233691767,47.69852408207953
0.002,6,1380152455,-0.014862563461065292,1.0,1.0,6.644616963691078,47.988516045734286
0.002,7,1452245846,-0.10116327553987503,1.0,1.0,7.360359771293588,48.88940695673227
0.002,8,2122694021,0.08189386129379272,0.0,0.0,6.7580948394024745,48.93534607253969
0.002,9,839901363,-0.10243792831897736,1.0,1.0,7.103282586322166,49.57947111688554
0.002,10,1802651552,0.011505508795380592,0.0,0.0,6.789938065921888,48.73669706285
0.002,11,714712467,0.00030816084472462535,0.0,0.0,6.949147933162749,50.16998597420752
0.002,12,1218704077,0.017454570159316063,0.0,0.0,6.769735422800295,48.91409492120147
0.002,13,1284858263,-0.07166159898042679,1.0,1.0,6.394829938421026,48.91813709400594
0.002,14,457721135,0.09116563946008682,0.0,0.0,6.800022820942104,48.517205053940415
0.002,15,401008609,-0.09441814571619034,1.0,1.0,7.407317173900083,48.65417815744877
0.002,16,492064534,0.1418900340795517,0.0,0.0,6.689351655775681,49.074457958340645
0.002,17,1444732602,-0.02481035329401493,1.0,1.0,7.23363488598261,47.669986030086875
0.002,18,1317426686,0.006465048994868994,0.0,0.0,7.276587429572828,48.08036400936544
0.002,19,2022506251,-0.11239030212163925,1.0,1.0,7.788761489209719,47.30486706830561
0.002,20,1516459118,-0.08226733654737473,1.0,1.0,6.977119686547667,47.85694391466677
0.002,21,533103612,-0.10461413115262985,1.0,1.0,6.851900864043273,46.72570899128914
0.002,22,1964759878,0.10048744827508926,0.0,0.0,6.844836084870622,46.43288720399141
0.002,23,2037706756,-0.0582893081009388,1.0,1.0,6.582441976410337,46.261057956144214
0.002,24,1572889065,-0.030225759372115135,1.0,1.0,6.993368067662232,46.43588815815747
0.002,25,1432881518,0.06485261023044586,0.0,0.0,6.950133372214623,46.23623308725655
0.002,26,280516901,-0.07293403893709183,1.0,1.0,7.771839587134309,46.23569082468748
0.002,27,205939248,-0.10561678558588028,1.0,1.0,7.508232679218054,47.42577997967601
0.002,28,571904914,-0.0998944491147995,1.0,1.0,7.422577760298736,48.296556109562516
0.002,29,948843457,0.004858682863414288,0.0,0.0,7.073823661892675,48.18647215142846
0.002,30,155492488,0.05139877274632454,0.0,0.0,6.901233720011078,47.32669587247074
0.002,31,1903701130,0.11394017189741135,0.0,0.0,6.701996510382742,48.3131161890924
0.002,32,1017961266,0.019095787778496742,0.0,0.0,6.875896941288374,47.81302600167692
0.002,33,1497769985,-0.30000001192092896,1.0,1.0,7.849010671954602,47.781727043911815
0.002,34,456523489,0.11419150233268738,0.0,0.0,6.776754507794976,47.905763145536184
0.002,35,701095136,0.07968489080667496,0.0,0.0,6.868593662395142,47.6763010956347
0.002,36,249069576,-0.06762754917144775,1.0,1.0,6.836397999897599,47.319001983851194
0.002,37,1576098728,0.020510373637080193,0.0,0.0,6.7220519876573235,48.163949977606535
0.002,38,1662748500,-0.05459116771817207,1.0,1.0,7.656754591502249,46.52554611675441
0.002,39,472736216,0.02674419805407524,0.0,0.0,6.916722068330273,46.89506790600717
0.002,40,1535411295,0.016906902194023132,0.0,0.0,6.775476764887571,46.65662185288966
0.002,41,175223003,-0.09977661818265915,1.0,1.0,7.466694868169725,47.31738590635359
0.002,42,840936862,-0.26147347688674927,1.0,1.0,8.435415907297283,47.66079899854958
0.002,43,343373188,-0.029993077740073204,1.0,1.0,7.065850654966198,47.04527300782502
0.002,44,1597751082,-0.06562581658363342,1.0,1.0,7.536671927315183,47.21061186864972
0.002,45,730359585,-0.10468131303787231,1.0,1.0,7.742357006995007,46.29245214164257
0.002,46,1016641002,0.06381041556596756,0.0,0.0,6.8710153106367216,46.23502888716757
0.002,47,998994690,-0.09123852103948593,1.0,1.0,7.424789882381447,46.02657607756555
0.002,48,1021240743,-0.10700400918722153,1.0,1.0,7.7606948965694755,46.144061954692006
0.002,49,572134801,0.03499113768339157,0.0,0.0,6.559889592579566,46.04583187028766
0.002,50,1198399760,-0.1065441220998764,1.0,1.0,7.481727785198018,46.92740086466074
0.002,51,1751866485,-0.10648202151060104,1.0,1.0,7.726431930204853,46.18381103500724
0.002,52,1070889713,-0.11329149454832077,1.0,1.0,7.457004769821651,45.61103391461074
0.002,53,415096539,-0.04363743215799332,1.0,1.0,6.793295399751514,45.52298481576145
0.002,54,52416235,-0.06918638199567795,1.0,1.0,7.75904358481057,47.937056981027126
0.002,55,278032723,-0.08190912753343582,1.0,1.0,6.848946506506763,45.372118009254336
0.002,56,174946158,0.05270795524120331,0.0,0.0,6.791477950522676,44.69083505682647
0.002,57,196848554,-0.012572367675602436,1.0,1.0,7.065139680635184,45.61842093244195
0.002,58,263030910,-0.07830557972192764,1.0,1.0,6.4867477947846055,45.946344966068864
0.002,59,1285415020,-0.09507949650287628,1.0,1.0,7.452879465185106,45.39854801259935
0.002,60,1733223444,-0.09352472424507141,1.0,1.0,7.56389646185562,45.352831948548555
0.002,61,1835544261,-0.10508465021848679,1.0,1.0,6.8430215392727405,46.61944811232388
0.002,62,1403186970,-0.08155560493469238,1.0,1.0,7.5152215145062655,45.90758983977139
0.002,63,1291971777,-0.092833511531353,1.0,1.0,6.481416733469814,45.81826995126903
0.002,64,712292067,0.04841255024075508,0.0,0.0,7.126511736656539,48.757384065538645
0.002,65,2001429764,-0.08317717909812927,1.0,1.0,7.308329535764642,47.788951778784394
0.002,66,1375664061,0.06206759437918663,0.0,0.0,6.732932083425112,45.6085130572319
0.002,67,1556456120,-0.08421454578638077,1.0,1.0,7.737900956068188,45.92008702456951
0.002,68,1576053187,-0.05410243570804596,1.0,1.0,6.017259453074075,46.10317898914218
0.002,69,1848019881,0.05363411456346512,0.0,0.0,6.718739363946952,46.117027988657355
0.002,70,1508652585,-0.1060522049665451,1.0,1.0,7.508565497817472,46.23907804489136
0.002,71,1995737731,-0.03399739786982536,1.0,1.0,6.025474996306002,46.61064501851797
0.002,72,1162788447,0.07639016956090927,0.0,0.0,6.633662211243063,45.498957158997655
0.002,73,1172925522,0.05930643901228905,0.0,0.0,6.729162471019663,46.17214808240533
0.002,74,539174575,-0.09946594387292862,1.0,1.0,7.526539535145275,45.46504793688655
0.002,75,2013637345,-0.055640142410993576,1.0,1.0,6.202531797112897,45.832294039428234
0.002,76,1187468716,-0.04423854872584343,1.0,1.0,6.566877601784654,46.705109998583794
0.002,77,1062978506,-0.029603326693177223,1.0,1.0,6.934886263916269,46.61335493437946
0.002,78,679326770,-0.30000001192092896,1.0,1.0,8.168299722368829,46.93186585791409
0.002,79,587923432,1.2476659321691841e-05,0.0,0.0,6.948539818054996,46.53108702041209
0.002,80,1359889667,-0.026492830365896225,1.0,1.0,7.094730790471658,46.080472180619836
0.002,81,970187386,-0.05183609202504158,1.0,1.0,6.68525296903681,47.05264396034181
0.002,82,1219839873,-0.04749840497970581,1.0,1.0,6.153155273408629,45.98661488853395
0.002,83,1428160212,0.09598582237958908,0.0,0.0,6.720685812761076,46.49497289210558
0.002,84,1930609499,0.02532397396862507,0.0,0.0,6.732934436760843,47.01225506141782
0.002,85,710582861,0.03459278121590614,0.0,0.0,6.66231938789133,45.972621999680996
0.002,86,1463614337,-0.00496669253334403,1.0,1.0,6.859588655992411,46.441931976005435
0.002,87,1940152705,-0.02552330307662487,1.0,1.0,7.015893804375082,46.114821918308735
0.002,88,985452196,0.052978817373514175,0.0,0.0,6.823368592537008,46.413803938776255
0.002,89,552062587,-0.09948217868804932,1.0,1.0,7.195293095894158,45.655535999685526
0.002,90,623566272,-0.07042263448238373,1.0,1.0,7.441240620566532,46.26205004751682
0.002,91,729775797,-0.12134245038032532,1.0,1.0,7.357479577418417,47.05055500380695
0.002,92,1352536665,-0.12332505732774734,1.0,1.0,7.5327103399904445,46.67740687727928
0.002,93,555883440,0.026615960523486137,0.0,0.0,6.762082349858247,46.80108395405114
0.002,94,1801800003,-0.13554520905017853,1.0,1.0,7.367300795041956,46.196054900065064
0.002,95,763315502,-0.0024965310003608465,1.0,1.0,7.130090143531561,47.09781310521066
0.002,96,138897982,-0.09256765246391296,1.0,1.0,6.828717907425016,47.3791069816798
0.002,97,10785379,0.04008504003286362,0.0,0.0,7.213517837226391,47.22120217047632
0.002,98,53923185,0.06762801110744476,0.0,0.0,6.687539611128159,47.89707879535854
0.002,99,1349917978,-0.27546390891075134,1.0,1.0,8.456675073131919,48.11826208606362
0.003,0,1501552845,-0.06995922327041626,1.0,1.0,6.937418750603683,48.34546917118132
0.003,1,488200390,-0.004192535765469074,1.0,1.0,6.757951608975418,48.44648693688214
0.003,2,1693606510,-0.08524052053689957,1.0,1.0,7.772827937151305,48.078468069434166
0.003,3,680233354,0.06900675594806671,0.0,0.0,6.768570644198917,47.51104093156755
0.003,4,438466540,-0.07375381141901016,1.0,1.0,7.2921140774851665,47.059823060408235
0.003,5,1712329280,0.08417177200317383,0.0,0.0,6.902199245640077,48.171555856242776
0.003,6,1380152455,-0.12165957689285278,1.0,1.0,6.770179786835797,46.55897500924766
0.003,7,1452245846,0.011236527934670448,0.0,0.0,6.7356510031968355,48.20107598789036
0.003,8,2122694021,0.01600293442606926,0.0,0.0,7.125266417860985,47.66308795660734
0.003,9,839901363,-0.08452004939317703,1.0,1.0,7.25622270826716,47.72046091966331
0.003,10,1802651552,-0.09173592925071716,1.0,1.0,7.65687638008967,47.66199388541281
0.003,11,714712467,-0.016370607540011406,1.0,1.0,7.094455179409124,48.65986201912165
0.003,12,1218704077,0.024803752079606056,0.0,0.0,7.336261081974953,48.46851504407823
0.003,13,1284858263,-0.06910388916730881,1.0,1.0,6.497939302003942,48.47018118016422
0.003,14,457721135,0.046371571719646454,0.0,0.0,6.7273106292122975,48.53707691654563
0.003,15,401008609,-0.08345584571361542,1.0,1.0,7.5605371036799625,48.048228956758976
0.003,16,492064534,-0.11525377631187439,1.0,1.0,7.588048864388838,47.95548995025456
0.003,17,1444732602,0.12343573570251465,0.0,0.0,6.878821493941359,48.5441479831934
0.003,18,1317426686,-0.016642412170767784,1.0,1.0,7.409176612389274,48.47418703138828
0.003,19,2022506251,0.00641594035550952,0.0,0.0,7.260403666412458,48.15598810091615
0.003,20,1516459118,0.01711011677980423,0.0,0.0,6.71241893817205,47.13178100064397
0.003,21,533103612,0.0735977292060852,0.0,0.0,6.67630111228209,46.59229586832225
0.003,22,1964759878,0.07430420815944672,0.0,0.0,6.790020573185757,47.2931251861155
0.003,23,2037706756,-0.06203804165124893,1.0,1.0,6.550219145719893,46.73885717056692
0.003,24,1572889065,0.04638872295618057,0.0,0.0,6.746544185210951,46.68206488713622
0.003,25,1432881518,0.07758820056915283,0.0,0.0,6.7424815139966086,45.68379814736545
0.003,26,280516901,-0.014936273917555809,1.0,1.0,7.336354605737142,46.37524299323559
0.003,27,205939248,-0.13147608935832977,1.0,1.0,7.763245241832919,46.49104317650199
0.003,28,571904914,-0.08430863916873932,1.0,1.0,7.6061971937306225,48.060302156955004
0.003,29,948843457,-0.022830700501799583,1.0,1.0,7.195974368019961,50.58697401545942
0.003,30,155492488,0.018662262707948685,0.0,0.0,7.024394377251156,46.775151044130325
0.003,31,1903701130,0.04430727660655975,0.0,0.0,6.745936564402655,46.07576481066644
0.003,32,1017961266,-0.24851036071777344,1.0,1.0,8.13514460308943,45.77911784872413
0.003,33,1497769985,-0.29368212819099426,1.0,1.0,7.833902932703495,45.86646193638444
0.003,34,456523489,-0.0963304191827774,1.0,1.0,7.4338465296896175,45.93959194608033
0.003,35,701095136,-0.06547127664089203,1.0,1.0,7.288407399784774,45.64986703917384
0.003,36,249069576,-0.0679917111992836,1.0,1.0,7.490520994761027,47.57067910395563
0.003,37,1576098728,0.07516981661319733,0.0,0.0,6.819289048900828,46.42328410409391
0.003,38,1662748500,-0.05611769109964371,1.0,1.0,7.77023874502629,46.206693863496184
0.003,39,472736216,-0.023520229384303093,1.0,1.0,7.089574437588453,46.368671115487814
0.003,40,1535411295,0.009130790829658508,0.0,0.0,6.9085470016580075,47.209159936755896
0.003,41,175223003,-0.1270667165517807,1.0,1.0,6.539299624972045,46.932423021644354
0.003,42,840936862,-0.033535782247781754,1.0,1.0,6.555996162001975,46.59334593452513
0.003,43,343373188,-0.020117497071623802,1.0,1.0,6.857021171366796,47.010870883241296
0.003,44,1597751082,-0.06176511570811272,1.0,1.0,7.390150156454183,45.96203682012856
0.003,45,730359585,0.027653558179736137,0.0,0.0,6.643794411444105,47.185898991301656
0.003,46,1016641002,-0.13164490461349487,1.0,1.0,7.363354709232226,47.76045586913824
0.003,47,998994690,-0.03553997725248337,1.0,1.0,6.704100682400167,47.745767049491405
0.003,48,1021240743,0.10518576204776764,0.0,0.0,6.708731372957118,48.17768093198538
0.003,49,572134801,0.0019500096095725894,0.0,0.0,6.621721682953648,47.7259480394423
0.003,50,1198399760,-0.0827861875295639,1.0,1.0,7.522307416773401,47.580617014318705
0.003,51,1751866485,-0.0828845202922821,1.0,1.0,7.09539943607524,47.34842386096716
0.003,52,1070889713,-0.03282935917377472,1.0,1.0,6.610968081979081,47.90422203950584
0.003,53,415096539,-0.09976734966039658,1.0,1.0,7.707966606365517,48.2954359613359
0.003,54,52416235,-0.08252205699682236,1.0,1.0,7.4529531199950725,47.18066588975489
0.003,55,278032723,-0.08002712577581406,1.0,1.0,6.7752888017566875,47.44092095643282
0.003,56,174946158,-0.04907737299799919,1.0,1.0,6.570188004756346,47.22126293927431
0.003,57,196848554,0.02000102773308754,0.0,0.0,7.032711672130972,47.16001381166279
0.003,58,263030910,-0.09181053936481476,1.0,1.0,6.803689721156843,47.009692061692476
0.003,59,1285415020,-0.01994439959526062,1.0,1.0,7.0930719716707245,47.27499186992645
0.003,60,1733223444,0.04155828058719635,0.0,0.0,7.119813602883369,46.96576809510589
0.003,61,1835544261,-0.07168644666671753,1.0,1.0,6.805264291819185,47.59300802834332
0.003,62,1403186970,0.06344630569219589,0.0,0.0,7.187916811439209,46.97947297245264
0.003,63,1291971777,-0.08490679413080215,1.0,1.0,6.764207607368007,47.07392491400242
0.003,64,712292067,0.08279084414243698,0.0,0.0,6.763579552061856,47.07268998026848
0.003,65,2001429764,-0.10855734348297119,1.0,1.0,7.400964954751544,48.08137705549598
0.003,66,1375664061,0.09701304137706757,0.0,0.0,6.856221042922698,46.797971008345485
0.003,67,1556456120,-0.08070962131023407,1.0,1.0,7.582354934653267,47.96119802631438
0.003,68,1576053187,0.007407568395137787,0.0,0.0,7.322706200648099,47.63649799861014
0.003,69,1848019881,0.008848502300679684,0.0,0.0,6.753034551395103,47.156549990177155
0.003,70,1508652585,0.0782506912946701,0.0,0.0,6.6756411894457415,47.37772303633392
0.003,71,1995737731,-0.029563385993242264,1.0,1.0,6.043814104865305,47.89419495500624
0.003,72,1162788447,0.040207572281360626,0.0,0.0,6.743428419693373,48.00315806642175
0.003,73,1172925522,-0.0013911225832998753,1.0,1.0,7.006562907015905,47.660170821473
0.003,74,539174575,0.08955519646406174,0.0,0.0,6.87779870047234,47.411857871338725
0.003,75,2013637345,-0.05363425612449646,1.0,1.0,6.230732271680608,48.021813156083226
0.003,76,1187468716,-0.030178792774677277,1.0,1.0,6.5428424146957695,48.526813043281436
0.003,77,1062978506,-0.005490564275532961,1.0,1.0,6.948083427385427,48.108343966305256
0.003,78,679326770,0.009940081275999546,0.0,0.0,7.075052134692669,48.110332107171416
0.003,79,587923432,-0.04116660729050636,1.0,1.0,8.378121471498162,47.99678013660014
0.003,80,1359889667,-0.097476527094841,1.0,1.0,7.522549915127456,48.26598893851042
0.003,81,970187386,-0.007140578702092171,1.0,1.0,6.614446060848422,47.91549104265869
0.003,82,1219839873,-0.052350789308547974,1.0,1.0,6.190194079536013,47.603071900084615
0.003,83,1428160212,0.04609541594982147,0.0,0.0,6.949328516609967,47.375330002978444
0.003,84,1930609499,-0.021222997456789017,1.0,1.0,6.7489887333940715,49.12979295477271
0.003,85,710582861,0.018257321789860725,0.0,0.0,7.145045119570568,49.39798288978636
0.003,86,1463614337,-0.015528862364590168,1.0,1.0,6.8704957064474,49.864351050928235
0.003,87,1940152705,-0.056692905724048615,1.0,1.0,6.115192509023473,49.48089085519314
0.003,88,985452196,0.06901909410953522,0.0,0.0,6.721389852114953,49.491794081404805
0.003,89,552062587,-0.09619986265897751,1.0,1.0,6.980571381049231,50.15166290104389
0.003,90,623566272,-0.10085267573595047,1.0,1.0,7.663900114130229,48.88423695228994
0.003,91,729775797,0.04002382606267929,0.0,0.0,6.636254227953032,47.659322852268815
0.003,92,1352536665,-0.11650320887565613,1.0,1.0,7.502133811591193,47.04555496573448
0.003,93,555883440,-0.00762486457824707,1.0,1.0,6.83425313688349,46.2132440879941
0.003,94,1801800003,-0.10567009449005127,1.0,1.0,7.529444030486047,46.20676301419735
0.003,95,763315502,-0.005994221195578575,1.0,1.0,7.167644411791116,45.23557680658996
0.003,96,138897982,-0.041344936937093735,1.0,1.0,6.710441931849346,46.653982950374484
0.003,97,10785379,-0.09689147025346756,1.0,1.0,7.447143319877796,46.909678960219026
0.003,98,53923185,-0.03924931585788727,1.0,1.0,7.259263687301427,59.38527290709317
0.003,99,1349917978,-0.11099947988986969,1.0,1.0,7.600878317607567,47.788354801014066
0.004,0,1501552845,-0.09171812981367111,1.0,1.0,7.630253787152469,48.24997601099312
0.004,1,488200390,0.08605286478996277,0.0,0.0,6.816037925891578,47.691284911707044
0.004,2,1693606510,-0.08003529161214828,1.0,1.0,7.559219086077064,47.36521001905203
0.004,3,680233354,-0.07045740634202957,1.0,1.0,7.653152172919363,47.90778807364404
0.004,4,438466540,0.07093585282564163,0.0,0.0,6.723242336302064,46.603454975411296
0.004,5,1712329280,0.03589269518852234,0.0,0.0,6.966284564812668,48.11240010894835
0.004,6,1380152455,-0.06552296131849289,1.0,1.0,6.65794027922675,45.832995092496276
0.004,7,1452245846,0.03814426809549332,0.0,0.0,7.38155411707703,47.04167786985636
0.004,8,2122694021,0.05501075088977814,0.0,0.0,7.313989360816777,46.38809501193464
0.004,9,839901363,0.009746430441737175,0.0,0.0,6.614663678687066,46.86913196928799
0.004,10,1802651552,-0.08415688574314117,1.0,1.0,7.615528059192002,46.43522994592786
0.004,11,714712467,-0.08576905727386475,1.0,1.0,6.836251146043651,47.76886315084994
0.004,12,1218704077,-0.015366951934993267,1.0,1.0,7.013925938401371,48.21166303008795
0.004,13,1284858263,-0.06602557748556137,1.0,1.0,6.522939027519897,48.22089895606041
0.004,14,457721135,-0.15896503627300262,1.0,1.0,6.980977568659,47.93097986839712
0.004,15,401008609,-0.10165108740329742,1.0,1.0,7.477008543792181,47.57810407318175
0.004,16,492064534,-0.09045504033565521,1.0,1.0,7.310497911181301,47.26754897274077
0.004,17,1444732602,0.04289508983492851,0.0,0.0,6.724280883441679,48.02312096580863
0.004,18,1317426686,-0.07669322937726974,1.0,1.0,7.6252064041327685,48.111261101439595
0.004,19,2022506251,-0.09627915173768997,1.0,1.0,7.6798712781164795,47.975098015740514
0.004,20,1516459118,-0.08653430640697479,1.0,1.0,6.990436875959858,48.25407010503113
0.004,21,533103612,0.06784319877624512,0.0,0.0,6.680568854208104,46.770343789830804
0.004,22,1964759878,-0.06507401168346405,1.0,1.0,7.335037917597219,46.31659295409918
0.004,23,2037706756,-0.06340251117944717,1.0,1.0,6.601692575728521,46.2512350641191
0.004,24,1572889065,-0.062238048762083054,1.0,1.0,6.929054000414908,46.28625698387623
0.004,25,1432881518,-0.2765938639640808,1.0,1.0,8.469956148182973,46.01525003090501
0.004,26,280516901,-0.30000001192092896,1.0,1.0,8.521585337352008,44.994920026510954
0.004,27,205939248,0.0922505259513855,0.0,0.0,6.764735158300027,51.08961486257613
0.004,28,571904914,0.10362142324447632,0.0,0.0,6.827422501635738,48.554962035268545
0.004,29,948843457,0.005808649118989706,0.0,0.0,7.141597982379608,45.72753282263875
0.004,30,155492488,-0.05425427481532097,1.0,1.0,7.0634446437470615,45.34375015646219
0.004,31,1903701130,0.024785758927464485,0.0,0.0,7.057888807728887,45.30701693147421
0.004,32,1017961266,-0.11925709247589111,1.0,1.0,6.746961927972734,45.81488994881511
0.004,33,1497769985,-0.0475459061563015,1.0,1.0,6.611461067106575,46.30826995708048
0.004,34,456523489,-0.10244037955999374,1.0,1.0,7.657471534796059,46.676096972078085
0.004,35,701095136,0.07728169858455658,0.0,0.0,6.829309893306345,47.04374400898814
0.004,36,249069576,-0.08077637851238251,1.0,1.0,7.504911047872156,47.37826413474977
0.004,37,1576098728,-0.026476457715034485,1.0,1.0,6.738806725363247,47.32336988672614
0.004,38,1662748500,-0.05268213897943497,1.0,1.0,7.613494100049138,46.768242958933115
0.004,39,472736216,0.04019105061888695,0.0,0.0,6.71797255508136,46.424263156950474
0.004,40,1535411295,0.03335964307188988,0.0,0.0,7.025019218795933,47.81123506836593
0.004,41,175223003,-0.033829543739557266,1.0,1.0,6.544408715213649,46.67490907013416
0.004,42,840936862,-0.02887975424528122,1.0,1.0,6.6237372980685905,47.77934798039496
0.004,43,343373188,-0.10260406136512756,1.0,1.0,7.062181087676436,47.1055640373379
0.004,44,1597751082,0.03395967558026314,0.0,0.0,6.67925397970248,46.2226951494813
0.004,45,730359585,0.035811830312013626,0.0,0.0,6.704500915016979,47.71025408990681
0.004,46,1016641002,0.01824738271534443,0.0,0.0,7.273503994452767,48.43462188728154
0.004,47,998994690,-0.05349668860435486,1.0,1.0,7.379012754303403,48.291940009221435
0.004,48,1021240743,0.10288243740797043,0.0,0.0,6.659074670053087,47.82478604465723
0.004,49,572134801,-0.08199476450681686,1.0,1.0,7.654769124928862,47.99024108797312
0.004,50,1198399760,0.04883690923452377,0.0,0.0,6.890067163971253,48.43750107102096
0.004,51,1751866485,0.07819542288780212,0.0,0.0,6.845119111123495,47.933629946783185
0.004,52,1070889713,-0.06519123166799545,1.0,1.0,6.7567424945300445,47.92752186767757
0.004,53,415096539,0.022359700873494148,0.0,0.0,7.289020290016197,48.287288984283805
0.004,54,52416235,0.06224716454744339,0.0,0.0,6.848699699621648,47.40355000831187
0.004,55,278032723,-0.08357656747102737,1.0,1.0,6.680306761176325,47.23013611510396
0.004,56,174946158,-0.03630790859460831,1.0,1.0,6.57691779686138,47.42973390966654
0.004,57,196848554,-0.09579572081565857,1.0,1.0,7.554184238542803,47.01959784142673
0.004,58,263030910,-0.06586543470621109,1.0,1.0,6.900819211266935,46.65535595268011
0.004,59,1285415020,0.1126474142074585,0.0,0.0,6.713034403976053,46.81600397452712
0.004,60,1733223444,0.045831311494112015,0.0,0.0,7.2072940659709275,47.11302393116057
0.004,61,1835544261,-0.07414931803941727,1.0,1.0,7.229937363998033,46.97800590656698
0.004,62,1403186970,-0.11447600275278091,1.0,1.0,7.275217113783583,46.647096052765846
0.004,63,1291971777,-0.027948707342147827,1.0,1.0,6.7897684529889375,47.046804102137685
0.004,64,712292067,0.06825461238622665,0.0,0.0,6.66976658126805,46.86049185693264
0.004,65,2001429764,-0.12968063354492188,1.0,1.0,7.461954239406623,48.52115805260837
0.004,66,1375664061,-0.02359912544488907,1.0,1.0,7.161508803488687,47.290642047300935
0.004,67,1556456120,-0.07456474751234055,1.0,1.0,6.327335533685982,47.933954978361726
0.004,68,1576053187,0.002486403798684478,0.0,0.0,7.086938374559395,48.08287788182497
0.004,69,1848019881,-0.015600110404193401,1.0,1.0,6.93513335858006,47.445474192500114
0.004,70,1508652585,0.08301883935928345,0.0,0.0,6.679828118998557,47.829348128288984
0.004,71,1995737731,-0.0277858953922987,1.0,1.0,6.063936085323803,48.031368060037494
0.004,72,1162788447,0.02378067560493946,0.0,0.0,6.66079230979085,47.9101981036365
0.004,73,1172925522,0.02179306373000145,0.0,0.0,6.829366830876097,48.31990203820169
0.004,74,539174575,0.10700014233589172,0.0,0.0,6.75211071386002,47.53550607711077
0.004,75,2013637345,-0.0491214394569397,1.0,1.0,6.252353805000894,48.60770306549966
0.004,76,1187468716,-0.05896599963307381,1.0,1.0,6.816842480329797,48.59793814830482
0.004,77,1062978506,-0.05277668684720993,1.0,1.0,7.052197300363332,48.55206282809377
0.004,78,679326770,-0.30000001192092896,1.0,1.0,8.026932358858176,48.108721850439906
0.004,79,587923432,0.01756417565047741,0.0,0.0,6.9627415278228,48.38022589683533
0.004,80,1359889667,-0.07010466605424881,1.0,1.0,7.705699980491772,48.70335292071104
0.004,81,970187386,0.029732439666986465,0.0,0.0,6.735513400752097,48.56663593091071
0.004,82,1219839873,-0.04808543249964714,1.0,1.0,6.195901303552091,48.088379902765155
0.004,83,1428160212,-0.07342880964279175,1.0,1.0,7.249719447805546,47.91722213849425
0.004,84,1930609499,0.024374764412641525,0.0,0.0,7.118204484228045,49.79057004675269
0.004,85,710582861,-0.03234679624438286,1.0,1.0,6.795102286967449,50.07836711592972
0.004,86,1463614337,0.0074333446100354195,0.0,0.0,6.864766432903707,49.59375597536564
0.004,87,1940152705,-0.05297005549073219,1.0,1.0,6.13427514990326,49.868470057845116
0.004,88,985452196,0.005259687080979347,0.0,0.0,6.961127834278159,49.40069606527686
0.004,89,552062587,-0.07557301968336105,1.0,1.0,7.342110110563226,49.323092913255095
0.004,90,623566272,-0.0663575679063797,1.0,1.0,7.47292750980705,48.826168989762664
0.004,91,729775797,-0.07315443456172943,1.0,1.0,7.650987583794631,48.219521064311266
0.004,92,1352536665,-0.10080640017986298,1.0,1.0,7.755860765115358,47.53255099058151
0.004,93,555883440,-0.04200633987784386,1.0,1.0,6.797744020004757,47.32405696995556
0.004,94,1801800003,-0.10679267346858978,1.0,1.0,7.229733105399646,47.68008692190051
0.004,95,763315502,0.11288822442293167,0.0,0.0,6.638509756419808,47.12722706608474
0.004,96,138897982,-0.08659785240888596,1.0,1.0,6.943468893878162,46.77699878811836
0.004,97,10785379,-0.04780246689915657,1.0,1.0,7.435436358908191,47.36645403318107
0.004,98,53923185,0.1160200908780098,0.0,0.0,6.61283178278245,47.032956033945084
0.004,99,1349917978,-0.0032816899474710226,1.0,1.0,7.133834529668093,47.99832706339657
0.005,0,1501552845,0.033199481666088104,0.0,0.0,6.963926658732817,48.46919793635607
0.005,1,488200390,-0.05226442217826843,1.0,1.0,7.2791045607300475,47.4037891253829
0.005,2,1693606510,0.07828068733215332,0.0,0.0,6.9281931115547195,46.98143806308508
0.005,3,680233354,-0.10773175209760666,1.0,1.0,8.080642845481634,47.18542983755469
0.005,4,438466540,-0.05851924419403076,1.0,1.0,7.307186446967535,45.988162979483604
0.005,5,1712329280,0.024474553763866425,0.0,0.0,6.993102215579711,47.64455812983215
0.005,6,1380152455,-0.04780219867825508,1.0,1.0,5.997576959896833,46.25278897583485
0.005,7,1452245846,-0.08839121460914612,1.0,1.0,7.395157436840236,46.84238391928375
0.005,8,2122694021,0.06381884962320328,0.0,0.0,7.376320034614764,46.38040601275861
0.005,9,839901363,-0.06645131856203079,1.0,1.0,6.606895589851774,46.410981100052595
0.005,10,1802651552,0.06294354051351547,0.0,0.0,6.805830216966569,47.226771945133805
0.005,11,714712467,-0.03258023411035538,1.0,1.0,7.186159819364548,47.794284066185355
0.005,12,1218704077,-0.03693198040127754,1.0,1.0,7.259354733861983,47.73518885485828
0.005,13,1284858263,-0.06002103164792061,1.0,1.0,6.518541257013567,48.00257412716746
0.005,14,457721135,-0.05626555159687996,1.0,1.0,7.268865179386921,48.054485814645886
0.005,15,401008609,-0.06665461510419846,1.0,1.0,7.627096885233186,46.865147072821856
0.005,16,492064534,-0.03339286893606186,1.0,1.0,6.986819987650961,47.767749056220055
0.005,17,1444732602,0.023967768996953964,0.0,0.0,6.780821524444036,47.89720801636577
0.005,18,1317426686,0.03715040907263756,0.0,0.0,7.3475145667325705,48.07493113912642
0.005,19,2022506251,0.0653599202632904,0.0,0.0,6.911016551661305,48.00010612234473
0.005,20,1516459118,-0.06004531309008598,1.0,1.0,7.253944259835407,46.40609212219715
0.005,21,533103612,-0.013034817762672901,1.0,1.0,6.988421565387398,45.852451119571924
0.005,22,1964759878,0.005925244186073542,0.0,0.0,7.26853222749196,45.80710991285741
0.005,23,2037706756,-0.061089593917131424,1.0,1.0,6.644354698248208,45.22224492393434
0.005,24,1572889065,0.11922728270292282,0.0,0.0,6.899266884662211,45.61474616639316
0.005,25,1432881518,-0.23276068270206451,1.0,1.0,8.288699241238646,45.34203000366688
0.005,26,280516901,-0.06383943557739258,1.0,1.0,7.79447236971464,45.83519580774009
0.005,27,205939248,-0.014390812255442142,1.0,1.0,7.042633558390662,51.341366954147816
0.005,28,571904914,-0.06886858493089676,1.0,1.0,7.856772221624851,50.81249214708805
0.005,29,948843457,0.003941255621612072,0.0,0.0,6.763187447329983,46.10172798857093
0.005,30,155492488,0.05793606489896774,0.0,0.0,6.782951529370621,51.45309609360993
0.005,31,1903701130,0.09313208609819412,0.0,0.0,6.872671516845003,45.90799892321229
0.005,32,1017961266,0.04256204515695572,0.0,0.0,7.054460802464746,45.44134298339486
0.005,33,1497769985,-0.04645313322544098,1.0,1.0,6.6415553173283115,46.060067834332585
0.005,34,456523489,-0.11238273233175278,1.0,1.0,7.216743392054923,45.722841983661056
0.005,35,701095136,0.044245168566703796,0.0,0.0,7.153150994097814,45.765955932438374
0.005,36,249069576,-0.08159466087818146,1.0,1.0,7.168896913994104,46.92429304122925
0.005,37,1576098728,-0.07621295750141144,1.0,1.0,7.747378052445129,46.369098825380206
0.005,38,1662748500,0.03658052161335945,0.0,0.0,7.258290911326185,46.4170619379729
0.005,39,472736216,0.03584625571966171,0.0,0.0,7.344945036689751,46.2849261239171
0.005,40,1535411295,0.028523141518235207,0.0,0.0,6.917244463111274,47.88001696579158
0.005,41,175223003,-0.06937052309513092,1.0,1.0,6.43585281225387,46.29045398905873
0.005,42,840936862,-0.03597266227006912,1.0,1.0,6.609384201816283,46.638543950393796
0.005,43,343373188,0.08583961427211761,0.0,0.0,6.788009675452486,46.00956803187728
0.005,44,1597751082,-0.07946978509426117,1.0,1.0,7.483902984880842,46.504304045811296
0.005,45,730359585,-0.08468174934387207,1.0,1.0,7.537106382660568,46.943560941144824
0.005,46,1016641002,0.019774479791522026,0.0,0.0,6.8375698055606335,47.8653300087899
0.005,47,998994690,-0.05341716483235359,1.0,1.0,7.29318914655596,47.9860701598227
0.005,48,1021240743,0.03641413524746895,0.0,0.0,6.753144941991195,48.261737916618586
0.005,49,572134801,-0.07952333986759186,1.0,1.0,7.537897448870353,48.74016484245658
0.005,50,1198399760,0.08443380892276764,0.0,0.0,6.7842134915990755,47.69022110849619
0.005,51,1751866485,0.032478611916303635,0.0,0.0,7.375466668396257,48.23243408463895
0.005,52,1070889713,-0.06876838952302933,1.0,1.0,6.829375644796528,48.3118430711329
0.005,53,415096539,-0.001598161761648953,1.0,1.0,6.868184248683974,48.3873700723052
0.005,54,52416235,-0.03132392093539238,1.0,1.0,7.290028399322182,47.93082387186587
0.005,55,278032723,-0.06896037608385086,1.0,1.0,6.593188850558363,47.6147560402751
0.005,56,174946158,-0.07765505462884903,1.0,1.0,6.546233645174652,47.87892592139542
0.005,57,196848554,0.0574863962829113,0.0,0.0,7.401962773525156,48.15353802405298
0.005,58,263030910,-0.08191566169261932,1.0,1.0,6.670623461366631,47.93601296842098
0.005,59,1285415020,-0.02459273487329483,1.0,1.0,7.446929053636268,47.98207222484052
0.005,60,1733223444,-0.01788214221596718,1.0,1.0,7.296111832140014,48.102427972480655
0.005,61,1835544261,-0.0723361223936081,1.0,1.0,6.731541667832062,48.23048505932093
0.005,62,1403186970,-0.07969074696302414,1.0,1.0,7.5862132725305855,47.8783689904958
0.005,63,1291971777,-0.11669524759054184,1.0,1.0,7.105377237428911,47.88140417076647
0.005,64,712292067,-0.09658808261156082,1.0,1.0,7.6077475127531216,48.096234910190105
0.005,65,2001429764,0.048199109733104706,0.0,0.0,6.809694751165807,48.332279082387686
0.005,66,1375664061,-0.10015948861837387,1.0,1.0,7.489192173467018,48.11247391626239
0.005,67,1556456120,-0.06389732658863068,1.0,1.0,6.4334512235363945,48.498758813366294
0.005,68,1576053187,0.04245764762163162,0.0,0.0,6.720295644016005,48.52209100499749
0.005,69,1848019881,0.04820595309138298,0.0,0.0,6.761860462254845,48.32039913162589
0.005,70,1508652585,-0.08451729267835617,1.0,1.0,7.063561529270373,48.75739710405469
0.005,71,1995737731,-0.024957526475191116,1.0,1.0,6.081388273159973,48.343471018597484
0.005,72,1162788447,-0.007232231553643942,1.0,1.0,6.79857173981145,48.4667110722512
0.005,73,1172925522,0.07206250727176666,0.0,0.0,6.798501859535463,48.723977990448475
0.005,74,539174575,-0.10605020821094513,1.0,1.0,7.316823598579504,48.22186287492514
0.005,75,2013637345,-0.04000770300626755,1.0,1.0,6.32946061482653,48.644799971953034
0.005,76,1187468716,-0.20324519276618958,1.0,1.0,6.866916623781435,49.03783416375518
0.005,77,1062978506,-0.03476650267839432,1.0,1.0,7.106332412920892,48.46414411440492
0.005,78,679326770,-0.30000001192092896,1.0,1.0,8.399662721669301,48.3537910040468
0.005,79,587923432,-0.0329696349799633,1.0,1.0,7.255771370022558,48.03327610716224
0.005,80,1359889667,-0.06384662538766861,1.0,1.0,7.849970548064448,48.73163718730211
0.005,81,970187386,0.131694957613945,0.0,0.0,6.787730885320343,48.52920211851597
0.005,82,1219839873,-0.04470723122358322,1.0,1.0,6.216989343287423,48.53731510229409
0.005,83,1428160212,-0.022632956504821777,1.0,1.0,6.031894263927825,48.44349902123213
0.005,84,1930609499,0.0453404039144516,0.0,0.0,6.81739566498436,49.57935493439436
0.005,85,710582861,-0.03418689966201782,1.0,1.0,7.8058857643045485,49.68463093973696
0.005,86,1463614337,0.030714532360434532,0.0,0.0,7.31511000613682,49.34587795287371
0.005,87,1940152705,-0.05036511272192001,1.0,1.0,6.146511917002499,49.22137898392975
0.005,88,985452196,0.11176910996437073,0.0,0.0,6.9047338697128,49.08868088386953
0.005,89,552062587,0.08224482834339142,0.0,0.0,6.71772030799184,49.089090898633
0.005,90,623566272,0.07140695303678513,0.0,0.0,6.8354992447420955,49.03399711474776
0.005,91,729775797,0.039496008306741714,0.0,0.0,6.741134165087715,48.333427868783474
0.005,92,1352536665,-0.08408825844526291,1.0,1.0,7.705130683258176,47.80047107487917
0.005,93,555883440,-0.05277637019753456,1.0,1.0,6.948161790962331,47.35483694821596
0.005,94,1801800003,0.09160763025283813,0.0,0.0,6.940550400526263,47.30548802763224
0.005,95,763315502,-0.07218565046787262,1.0,1.0,7.565167338238098,47.07956896163523
0.005,96,138897982,-0.08394774794578552,1.0,1.0,7.054980362881906,47.40412603132427
0.005,97,10785379,-0.07015973329544067,1.0,1.0,7.421627608360723,56.38934415765107
0.005,98,53923185,-0.08621788769960403,1.0,1.0,7.545626431936398,47.63195803388953
0.005,99,1349917978,0.0393056645989418,0.0,0.0,6.757366724777967,48.330376856029034
0.006,0,1501552845,-0.0032530296593904495,1.0,1.0,7.01358944713138,47.861468978226185
0.006,1,488200390,0.06349796056747437,0.0,0.0,6.786207010154612,47.78952803462744
0.006,2,1693606510,0.027896998450160027,0.0,0.0,7.005937698180787,47.83980711363256
0.006,3,680233354,0.07730595767498016,0.0,0.0,6.815977012971416,47.878985991701484
0.006,4,438466540,-0.0641261637210846,1.0,1.0,7.766012641368434,47.66523698344827
0.006,5,1712329280,0.0487329326570034,0.0,0.0,6.863071987754665,50.782022066414356
0.006,6,1380152455,-0.044429630041122437,1.0,1.0,5.998456607339904,46.40565183945
0.006,7,1452245846,-0.05005577951669693,1.0,1.0,7.287104128859937,46.85848020017147
0.006,8,2122694021,-0.03591588884592056,1.0,1.0,7.219521894236095,47.84939903765917
0.006,9,839901363,-0.06440533697605133,1.0,1.0,6.495654665166512,46.88100190833211
0.006,10,1802651552,-0.017094992101192474,1.0,1.0,6.805944507825188,53.15276188775897
0.006,11,714712467,0.07638074457645416,0.0,0.0,7.330713915871456,54.916398134082556
0.006,12,1218704077,-0.008844692260026932,1.0,1.0,7.213050336227752,46.32217111065984
0.006,13,1284858263,-0.05849762633442879,1.0,1.0,6.630602124729194,45.772759011015296
0.006,14,457721135,-0.09036137908697128,1.0,1.0,6.99335147452075,45.561664970591664
0.006,15,401008609,-0.09361913800239563,1.0,1.0,7.592685459530912,46.41178506426513
0.006,16,492064534,-0.08140851557254791,1.0,1.0,7.57890242326539,47.6136589422822
0.006,17,1444732602,-0.00994178932160139,1.0,1.0,6.719107007724233,48.06405305862427
0.006,18,1317426686,-0.07263559103012085,1.0,1.0,7.736022163182497,47.89191787131131
0.006,19,2022506251,-0.006291452795267105,1.0,1.0,7.274227466317825,49.09722600132227
0.006,20,1516459118,0.01416647620499134,0.0,0.0,7.470865603303537,64.4714729860425
0.006,21,533103612,0.0858563706278801,0.0,0.0,6.812417727778666,49.16290799155831
0.006,22,1964759878,-0.046807751059532166,1.0,1.0,7.132407758734189,49.75630296394229
0.006,23,2037706756,0.0011212548706680536,0.0,0.0,6.9580236070323735,48.55762282386422
0.006,24,1572889065,0.1186954453587532,0.0,0.0,6.879125798819587,48.473556991666555
0.006,25,1432881518,0.07342147827148438,0.0,0.0,6.973772784695029,48.051467863842845
0.006,26,280516901,-0.020659979432821274,1.0,1.0,6.913737722206861,47.68625507131219
0.006,27,205939248,0.12230584025382996,0.0,0.0,6.973483507754281,47.897100914269686
0.006,28,571904914,-0.06006449833512306,1.0,1.0,7.474405845161527,54.972499841824174
0.006,29,948843457,0.006308272480964661,0.0,0.0,7.164262189762667,48.44479402527213
0.006,30,155492488,0.001965980278328061,0.0,0.0,7.13949892448727,48.65249805152416
0.006,31,1903701130,0.08001211285591125,0.0,0.0,6.810749359079637,48.6972548533231
0.006,32,1017961266,-0.07730770856142044,1.0,1.0,6.820255054277368,48.73982188291848
0.006,33,1497769985,-0.06583480536937714,1.0,1.0,6.675973647623323,48.40452200733125
0.006,34,456523489,-0.004237015265971422,1.0,1.0,7.134752185666002,48.812944907695055
0.006,35,701095136,-0.09452199935913086,1.0,1.0,7.480914038373157,49.15207298472524
0.006,36,249069576,0.042183153331279755,0.0,0.0,6.905944369384088,48.27036801725626
0.006,37,1576098728,-0.07033126056194305,1.0,1.0,7.672864464577287,48.3255609869957
0.006,38,1662748500,0.02278519794344902,0.0,0.0,6.9888996904483065,49.01057202368975
0.006,39,472736216,0.0818132609128952,0.0,0.0,6.713942544767633,48.80471806973219
0.006,40,1535411295,-0.0382450670003891,1.0,1.0,7.1523546987446025,48.92750410363078
0.006,41,175223003,-0.05714573711156845,1.0,1.0,6.5426555016310886,48.885714961215854
0.006,42,840936862,-0.02683337964117527,1.0,1.0,7.072923821629956,48.9563699811697
0.006,43,343373188,-0.020014461129903793,1.0,1.0,7.023049319628626,48.80315810441971
0.006,44,1597751082,0.03430812433362007,0.0,0.0,6.698092913837172,48.80893207155168
0.006,45,730359585,0.0765555202960968,0.0,0.0,6.837936434079893,48.42633008956909
0.006,46,1016641002,-0.10191798210144043,1.0,1.0,7.69950633100234,48.387312795966864
0.006,47,998994690,0.09912962466478348,0.0,0.0,7.415839982801117,48.90527203679085
0.006,48,1021240743,0.03372613713145256,0.0,0.0,6.804606541991234,48.06503700092435
0.006,49,572134801,0.11637330800294876,0.0,0.0,6.760869176592678,47.29688703082502
0.006,50,1198399760,-0.007221103645861149,1.0,1.0,7.05041461950168,49.05449412763119
0.006,51,1751866485,-0.056566037237644196,1.0,1.0,7.593196574016474,49.25868404097855
0.006,52,1070889713,-0.09054449945688248,1.0,1.0,6.748709382256493,49.25168096087873
0.006,53,415096539,0.10202188044786453,0.0,0.0,6.9488639801274985,48.79087884910405
0.006,54,52416235,-0.05672191083431244,1.0,1.0,7.529542836477049,48.72596403583884
0.006,55,278032723,-0.08756844699382782,1.0,1.0,6.723882048623636,49.07987313345075
0.006,56,174946158,-0.07003944367170334,1.0,1.0,6.740097288391553,49.28827588446438
0.006,57,196848554,0.04790731891989708,0.0,0.0,6.692945183254778,49.02080097235739
0.006,58,263030910,-0.05832456424832344,1.0,1.0,7.001959886052646,49.02086895890534
0.006,59,1285415020,-0.03788750246167183,1.0,1.0,7.210040267789736,49.08726806752384
0.006,60,1733223444,0.13848157227039337,0.0,0.0,7.006071777897887,50.53275893442333
0.006,61,1835544261,-0.0627109706401825,1.0,1.0,6.9309547040611506,49.035446951165795
0.006,62,1403186970,-0.06312662363052368,1.0,1.0,6.99208110163454,55.70610100403428
0.006,63,1291971777,0.03456955403089523,0.0,0.0,6.634951816522516,49.43123087286949
0.006,64,712292067,-0.031993210315704346,1.0,1.0,7.127874954370782,48.266230849549174
0.006,65,2001429764,-0.009087474085390568,1.0,1.0,7.168128121877089,48.620834946632385
0.006,66,1375664061,-0.02055089734494686,1.0,1.0,7.082863181247376,48.09185699559748
0.006,67,1556456120,-0.05857282131910324,1.0,1.0,6.4091020782943815,48.01785200834274
0.006,68,1576053187,0.03218184411525726,0.0,0.0,6.9039595370413736,47.06328082829714
0.006,69,1848019881,0.009302424266934395,0.0,0.0,6.977427291334607,47.25170508027077
0.006,70,1508652585,-0.0056656235828995705,1.0,1.0,6.683566850726493,47.26073797792196
0.006,71,1995737731,-0.023121988400816917,1.0,1.0,5.977476463536732,47.09897609427571
0.006,72,1162788447,0.019455069676041603,0.0,0.0,6.730726878391579,47.32693010009825
0.006,73,1172925522,-0.02381509728729725,1.0,1.0,7.228981620282866,48.97599411197007
0.006,74,539174575,0.009079973213374615,0.0,0.0,7.283335359185003,50.49608391709626
0.006,75,2013637345,-0.02646518126130104,1.0,1.0,6.2643957970431075,47.52706387080252
0.006,76,1187468716,-0.07074689120054245,1.0,1.0,6.829303986625746,46.52331303805113
0.006,77,1062978506,-0.02800014615058899,1.0,1.0,7.090237352065742,46.667625894770026
0.006,78,679326770,-0.30000001192092896,1.0,1.0,8.295414494699799,47.15190292336047
0.006,79,587923432,-0.006062379572540522,1.0,1.0,7.310269427020103,47.48924192972481
0.006,80,1359889667,-0.01612238585948944,1.0,1.0,6.993220173055306,47.24104702472687
0.006,81,970187386,0.07781309634447098,0.0,0.0,6.581716670189053,47.43212508037686
0.006,82,1219839873,-0.03909763693809509,1.0,1.0,6.212267836090177,47.185054048895836
0.006,83,1428160212,-0.014211769215762615,1.0,1.0,5.979321324732155,47.27538302540779
0.006,84,1930609499,0.03837214410305023,0.0,0.0,7.1272137687774375,47.25754796527326
0.006,85,710582861,0.04180145263671875,0.0,0.0,7.2163454772671685,48.06004697456956
0.006,86,1463614337,-0.09566718339920044,1.0,1.0,7.655056049698032,46.41537694260478
0.006,87,1940152705,-0.04759857803583145,1.0,1.0,6.154990095645189,47.27086005732417
0.006,88,985452196,-0.04096149653196335,1.0,1.0,7.276876485324465,50.95731094479561
0.006,89,552062587,0.08025562763214111,0.0,0.0,6.830658683087677,46.7948077712208
0.006,90,623566272,0.045650482177734375,0.0,0.0,7.354676742455922,46.543757896870375
0.006,91,729775797,-0.07859675586223602,1.0,1.0,7.527977826888673,46.4677419513464
0.006,92,1352536665,0.0745181292295456,0.0,0.0,6.663486531935632,47.06649715080857
0.006,93,555883440,-0.016621602699160576,1.0,1.0,6.846977180219255,46.66344402357936
0.006,94,1801800003,0.014885970391333103,0.0,0.0,7.471984044765122,46.93253803998232
0.006,95,763315502,-0.060180630534887314,1.0,1.0,7.267946920241229,47.20538901165128
0.006,96,138897982,-0.06033913046121597,1.0,1.0,6.659706163802184,47.23024321720004
0.006,97,10785379,0.00906135980039835,0.0,0.0,7.294993750983849,46.82016186416149
0.006,98,53923185,0.07743213325738907,0.0,0.0,6.952941095456481,47.178498934954405
0.006,99,1349917978,-0.06163201481103897,1.0,1.0,7.2526061912067235,47.18122398480773
0.007,0,1501552845,0.08591338992118835,0.0,0.0,6.919792917557061,49.48817100375891
0.007,1,488200390,-0.06121668219566345,1.0,1.0,7.00233573873993,46.985507011413574
0.007,2,1693606510,0.08024253696203232,0.0,0.0,6.889037233195268,46.934415120631456
0.007,3,680233354,0.015008891932666302,0.0,0.0,7.078805890632793,47.15972300618887
0.007,4,438466540,-0.09299387037754059,1.0,1.0,7.038695776020177,46.42644012346864
0.007,5,1712329280,0.06569474935531616,0.0,0.0,6.685938247479498,50.58585503138602
0.007,6,1380152455,-0.04144168272614479,1.0,1.0,6.006972234346904,45.37033010274172
0.007,7,1452245846,-0.08039933443069458,1.0,1.0,7.491532286978327,46.23838886618614
0.007,8,2122694021,-0.012960950843989849,1.0,1.0,6.976340937195346,46.10027512535453
0.007,9,839901363,-0.0665515586733818,1.0,1.0,6.576136502204463,46.29381000995636
0.007,10,1802651552,-0.02805779129266739,1.0,1.0,6.788406775100157,45.44550320133567
0.007,11,714712467,-0.06395741552114487,1.0,1.0,7.273960271733813,46.30119283683598
0.007,12,1218704077,0.02962326630949974,0.0,0.0,6.928219927940518,45.42532400228083
0.007,13,1284858263,-0.10037773847579956,1.0,1.0,6.588595703011379,46.23917886056006
0.007,14,457721135,-0.08054348081350327,1.0,1.0,7.086372893420048,45.42403109371662
0.007,15,401008609,-0.08497168123722076,1.0,1.0,7.737432542373426,45.73924280703068
0.007,16,492064534,-0.09648215770721436,1.0,1.0,7.0764359552413225,46.90996301360428
0.007,17,1444732602,-0.02628599852323532,1.0,1.0,6.149450943805277,47.7099169511348
0.007,18,1317426686,0.1540692299604416,0.0,0.0,6.941248619928956,47.0584100112319
0.007,19,2022506251,0.007907862775027752,0.0,0.0,7.038727360661142,48.54452214203775
0.007,20,1516459118,0.04850505292415619,0.0,0.0,7.2166334125213325,48.606301890686154
0.007,21,533103612,0.12324482202529907,0.0,0.0,6.8094680400099605,48.644966911524534
0.007,22,1964759878,0.02884906716644764,0.0,0.0,7.162800323218107,49.30887999944389
0.007,23,2037706756,-0.04393976926803589,1.0,1.0,6.129762845346704,48.17844904027879
0.007,24,1572889065,-0.03741878643631935,1.0,1.0,7.360825206968002,47.50333493575454
0.007,25,1432881518,0.10181695967912674,0.0,0.0,6.789311095722951,59.90344402380288
0.007,26,280516901,-0.03819801285862923,1.0,1.0,6.938103482709266,47.040932113304734
0.007,27,205939248,0.05323929339647293,0.0,0.0,7.077495463192463,47.13933891616762
0.007,28,571904914,-0.06843780726194382,1.0,1.0,7.618101350963116,46.970746014267206
0.007,29,948843457,0.0036656425800174475,0.0,0.0,7.534247230621986,47.91318601928651
0.007,30,155492488,0.02014574408531189,0.0,0.0,6.876317981746979,47.759374137967825
0.007,31,1903701130,-0.0675622895359993,1.0,1.0,7.25046477583237,48.14957384951413
0.007,32,1017961266,0.09740634262561798,0.0,0.0,6.8769246264128014,47.86763503216207
0.007,33,1497769985,-0.09296911954879761,1.0,1.0,6.984823087695986,48.05134795606136
0.007,34,456523489,0.044463861733675,0.0,0.0,6.734886328456923,49.154174979776144
0.007,35,701095136,-0.06888265907764435,1.0,1.0,7.266960787354037,48.47923503257334
0.007,36,249069576,0.05542935058474541,0.0,0.0,6.877629689872265,47.93564812280238
0.007,37,1576098728,-0.06101957708597183,1.0,1.0,7.726425615372136,48.241971991956234
0.007,38,1662748500,0.024969225749373436,0.0,0.0,6.909063292201608,48.8141318783164
0.007,39,472736216,0.054886508733034134,0.0,0.0,6.786194595741108,48.70248702354729
0.007,40,1535411295,0.0027005882002413273,0.0,0.0,6.868696101126261,48.792608082294464
0.007,41,175223003,-0.07580268383026123,1.0,1.0,6.911463849362917,48.27915201894939
0.007,42,840936862,-0.025667797774076462,1.0,1.0,6.972019374719821,48.57118404470384
0.007,43,343373188,-0.02005905471742153,1.0,1.0,6.932723012869246,48.97723509930074
0.007,44,1597751082,-0.06488887965679169,1.0,1.0,7.0086003167089075,48.520006937906146
0.007,45,730359585,0.0023355658631771803,0.0,0.0,7.223062775912695,47.668113838881254
0.007,46,1016641002,-0.021610861644148827,1.0,1.0,7.305066021857783,47.903146827593446
0.007,47,998994690,-0.04737655445933342,1.0,1.0,6.8116673360345885,48.719715094193816
0.007,48,1021240743,0.0694202408194542,0.0,0.0,6.708899365039542,47.90574801154435
0.007,49,572134801,-0.02078559435904026,1.0,1.0,6.185184411006048,46.758703887462616
0.007,50,1198399760,0.05228821560740471,0.0,0.0,6.74687861953862,47.73890180513263
0.007,51,1751866485,-0.05038426071405411,1.0,1.0,7.384769858792424,48.131425166502595
0.007,52,1070889713,-0.0592665821313858,1.0,1.0,6.134594049304724,49.224294954910874
0.007,53,415096539,0.055134475231170654,0.0,0.0,6.890676720184274,47.95995005406439
0.007,54,52416235,0.07114554941654205,0.0,0.0,6.727778420317918,47.916490817442536
0.007,55,278032723,-0.11768107861280441,1.0,1.0,6.770555122406222,49.122910015285015
0.007,56,174946158,0.03709062561392784,0.0,0.0,6.779754133778624,48.70051215402782
0.007,57,196848554,0.008687826804816723,0.0,0.0,6.885080095846206,49.35090593062341
0.007,58,263030910,-0.015537050552666187,1.0,1.0,7.334076291066594,49.03216380625963
0.007,59,1285415020,-0.04722506180405617,1.0,1.0,7.321496232179925,49.40145509317517
0.007,60,1733223444,0.05948111042380333,0.0,0.0,6.9762956823688,50.29557109810412
0.007,61,1835544261,-0.06439729779958725,1.0,1.0,7.615898918593302,49.56946196034551
0.007,62,1403186970,0.04027319699525833,0.0,0.0,7.100793669349514,49.426102079451084
0.007,63,1291971777,-0.0065752496011555195,1.0,1.0,5.978362334193662,49.3139021564275
0.007,64,712292067,-0.027242379263043404,1.0,1.0,7.2217419320950285,47.42869408801198
0.007,65,2001429764,-0.10529769957065582,1.0,1.0,7.743442088365555,47.93552798219025
0.007,66,1375664061,-0.01208903081715107,1.0,1.0,7.2664985951269045,47.50992706976831
0.007,67,1556456120,-0.01842164807021618,1.0,1.0,6.0416346257552505,47.51950898207724
0.007,68,1576053187,0.01023600809276104,0.0,0.0,7.1264069634489715,46.8162689357996
0.007,69,1848019881,-0.0036826259456574917,1.0,1.0,6.77005880291108,46.309035969898105
0.007,70,1508652585,-0.08095745742321014,1.0,1.0,7.143229106091894,46.466650906950235
0.007,71,1995737731,-0.02160370536148548,1.0,1.0,6.053293899982236,46.3320801500231
0.007,72,1162788447,-0.04288659617304802,1.0,1.0,7.674192029284313,48.72306599281728
0.007,73,1172925522,0.057974182069301605,0.0,0.0,7.361176568316296,48.45576290972531
0.007,74,539174575,-0.07150943577289581,1.0,1.0,7.233084257808514,45.99506896920502
0.007,75,2013637345,-0.039964593946933746,1.0,1.0,6.266973400837742,46.34741204790771
0.007,76,1187468716,-0.2344011664390564,1.0,1.0,6.966437347698957,46.50767287239432
0.007,77,1062978506,-0.02795688435435295,1.0,1.0,7.135642625158653,45.4420770984143
0.007,78,679326770,-0.014501124620437622,1.0,1.0,7.472355165402405,45.957366935908794
0.007,79,587923432,0.024851452559232712,0.0,0.0,6.927532247733325,46.42676888033748
0.007,80,1359889667,0.11816674470901489,0.0,0.0,6.813926784903742,46.36804084293544
0.007,81,970187386,0.007499945815652609,0.0,0.0,7.274086696095765,46.59557109698653
0.007,82,1219839873,-0.02774898149073124,1.0,1.0,6.17219900211785,46.424211002886295
0.007,83,1428160212,-0.011637585237622261,1.0,1.0,5.986461201682687,46.41198110766709
0.007,84,1930609499,-0.045174527913331985,1.0,1.0,7.245555440080352,46.57405288890004
0.007,85,710582861,-0.014298449270427227,1.0,1.0,7.470894812373444,47.018990153446794
0.007,86,1463614337,-0.09267156571149826,1.0,1.0,7.710236469400115,47.48790804296732
0.007,87,1940152705,-0.0462096706032753,1.0,1.0,6.15254279144574,47.168901190161705
0.007,88,985452196,0.01609783247113228,0.0,0.0,7.193779127439484,53.13616688363254
0.007,89,552062587,0.060729507356882095,0.0,0.0,6.790181070682593,46.90308193676174
0.007,90,623566272,-0.07541042566299438,1.0,1.0,7.34156163118314,46.02996096946299
0.007,91,729775797,0.12848493456840515,0.0,0.0,7.382383844465949,46.20425379835069
0.007,92,1352536665,-0.06518866866827011,1.0,1.0,7.600341582787223,47.43752186186612
0.007,93,555883440,0.01995585300028324,0.0,0.0,7.133510629879311,45.96945201046765
0.007,94,1801800003,0.017857681959867477,0.0,0.0,7.278994742082432,45.96328199841082
0.007,95,763315502,-0.03827393800020218,1.0,1.0,6.739398044184782,46.15415702573955
0.007,96,138897982,-0.08143257349729538,1.0,1.0,6.620221882476471,45.783610083162785
0.007,97,10785379,0.04630221426486969,0.0,0.0,6.697962719714269,46.03361105546355
0.007,98,53923185,0.096467025578022,0.0,0.0,6.972995945718139,46.08470108360052
0.007,99,1349917978,-0.008904253132641315,1.0,1.0,6.823652125080116,47.66691289842129
0.008,0,1501552845,-0.02405834011733532,1.0,1.0,7.29708115675021,48.6726900562644
0.008,1,488200390,0.0722065418958664,0.0,0.0,6.863217087229714,47.364972066134214
0.008,2,1693606510,0.07443532347679138,0.0,0.0,6.837893797666766,47.21873113885522
0.008,3,680233354,0.053058285266160965,0.0,0.0,7.279342289199121,47.371149994432926
0.008,4,438466540,-0.038276489824056625,1.0,1.0,7.834800034528598,50.25216401554644
0.008,5,1712329280,-0.07869572937488556,1.0,1.0,6.737961612059735,47.85738093778491
0.008,6,1380152455,-0.02529638633131981,1.0,1.0,6.008527817670256,47.82418510876596
0.008,7,1452245846,0.07084003835916519,0.0,0.0,6.782422797987238,45.674837892875075
0.008,8,2122694021,0.019934000447392464,0.0,0.0,6.941358650918119,46.42471391707659
0.008,9,839901363,-0.019077414646744728,1.0,1.0,6.088217304204591,51.211971091106534
0.008,10,1802651552,0.04521503299474716,0.0,0.0,6.797059848788194,46.77141201682389
0.008,11,714712467,-0.17357860505580902,1.0,1.0,6.650606559123844,46.02025402709842
0.008,12,1218704077,0.06458064168691635,0.0,0.0,7.452697267872281,46.06619500555098
0.008,13,1284858263,-0.12452507019042969,1.0,1.0,6.758320789434947,46.478320145979524
0.008,14,457721135,0.014367396011948586,0.0,0.0,6.724225614219904,46.35617579333484
0.008,15,401008609,-0.014872109517455101,1.0,1.0,6.834819685318507,47.17984399758279
0.008,16,492064534,-0.012561569921672344,1.0,1.0,7.124534174450673,47.2568750847131
0.008,17,1444732602,0.10117010027170181,0.0,0.0,6.799978485913016,48.43654902651906
0.008,18,1317426686,0.07408606261014938,0.0,0.0,7.240998551715165,46.76694213412702
0.008,19,2022506251,0.06171515956521034,0.0,0.0,6.960240630782209,48.450143076479435
0.008,20,1516459118,-0.002814115723595023,1.0,1.0,6.984662890085019,48.86181396432221
0.008,21,533103612,0.021483028307557106,0.0,0.0,6.880553081515245,48.84867696091533
0.008,22,1964759878,-0.009460159577429295,1.0,1.0,7.867980007198639,49.182545160874724
0.008,23,2037706756,-0.043407827615737915,1.0,1.0,6.207466657971963,48.56410785578191
0.008,24,1572889065,0.022536884993314743,0.0,0.0,6.9141441425308585,47.73658397607505
0.008,25,1432881518,0.09525001794099808,0.0,0.0,6.9213891953695565,47.20930592156947
0.008,26,280516901,-0.010698208585381508,1.0,1.0,7.062591866822913,47.1172989346087
0.008,27,205939248,0.011269010603427887,0.0,0.0,7.423500409349799,47.15406498871744
0.008,28,571904914,0.06427539139986038,0.0,0.0,6.764857298927382,47.46886598877609
0.008,29,948843457,0.006125181447714567,0.0,0.0,7.552743081818335,47.92635911144316
0.008,30,155492488,0.020404858514666557,0.0,0.0,6.8501923768781126,47.528235940262675
0.008,31,1903701130,-0.006400101352483034,1.0,1.0,7.384664471494034,48.46697021275759
0.008,32,1017961266,0.04425191879272461,0.0,0.0,6.921434251358733,47.31555515900254
0.008,33,1497769985,-0.1028590276837349,1.0,1.0,6.708826179383323,47.82986408099532
0.008,34,456523489,-0.07566732168197632,1.0,1.0,7.299335593008436,48.51164994761348
0.008,35,701095136,-0.017110982909798622,1.0,1.0,6.193759310059249,48.58214291743934
0.008,36,249069576,0.0561211034655571,0.0,0.0,6.944770357105881,60.50484417937696
0.008,37,1576098728,0.11020825058221817,0.0,0.0,6.726972542586736,48.319794004783034
0.008,38,1662748500,-0.057467516511678696,1.0,1.0,7.124381609144621,48.72995801270008
0.008,39,472736216,0.014674284495413303,0.0,0.0,6.77128944452852,48.504380974918604
0.008,40,1535411295,-0.027239348739385605,1.0,1.0,7.010051697609015,48.57175797224045
0.008,41,175223003,-0.023384911939501762,1.0,1.0,7.332001625094563,48.69191790930927
0.008,42,840936862,-0.03398771211504936,1.0,1.0,6.802296497742645,48.69696591049433
0.008,43,343373188,-0.06509276479482651,1.0,1.0,7.355866908445023,48.516878858208656
0.008,44,1597751082,0.08247678726911545,0.0,0.0,7.462758446694352,49.15417614392936
0.008,45,730359585,-0.05204075947403908,1.0,1.0,7.246592250652611,48.003921983763576
0.008,46,1016641002,-0.10636669397354126,1.0,1.0,7.200751761323772,47.60089609771967
0.008,47,998994690,-0.027490153908729553,1.0,1.0,7.040675423340872,48.65756118670106
0.008,48,1021240743,0.0779016986489296,0.0,0.0,6.877652985509485,48.359035048633814
0.008,49,572134801,0.009395805187523365,0.0,0.0,6.780501687317155,47.31113510206342
0.008,50,1198399760,0.01760285720229149,0.0,0.0,6.897271505789831,47.65436099842191
0.008,51,1751866485,0.009393791668117046,0.0,0.0,6.863624361110851,48.3394730836153
0.008,52,1070889713,-0.05576392635703087,1.0,1.0,6.136952207889408,49.021233804523945
0.008,53,415096539,0.022451357915997505,0.0,0.0,7.092908451450057,47.542928950861096
0.008,54,52416235,-0.07324689626693726,1.0,1.0,7.059361273073591,47.64260700903833
0.008,55,278032723,-0.11126663535833359,1.0,1.0,6.715265472070314,49.12686697207391
0.008,56,174946158,-0.030675536021590233,1.0,1.0,7.542688058339991,48.597990069538355
0.008,57,196848554,0.003930111415684223,0.0,0.0,6.633682430139743,48.92706498503685
0.008,58,263030910,0.06148204579949379,0.0,0.0,7.547337117022835,49.109302926808596
0.008,59,1285415020,0.11244387179613113,0.0,0.0,6.975393331493251,49.47728104889393
0.008,60,1733223444,-0.029103679582476616,1.0,1.0,7.44640197744593,49.75556489080191
0.008,61,1835544261,-0.017633700743317604,1.0,1.0,7.312527852831408,49.472986022010446
0.008,62,1403186970,0.014872180297970772,0.0,0.0,7.1254353179829195,49.81565102934837
0.008,63,1291971777,0.029446668922901154,0.0,0.0,5.950417575309984,49.78332691825926
0.008,64,712292067,0.035662177950143814,0.0,0.0,6.972570058540441,48.06561511941254
0.008,65,2001429764,0.02100803516805172,0.0,0.0,7.2703312075464055,47.9490899015218
0.008,66,1375664061,-0.00015228032134473324,1.0,1.0,7.325657403096557,47.08684794604778
0.008,67,1556456120,-0.014957940205931664,1.0,1.0,6.028790115611628,47.57813410833478
0.008,68,1576053187,0.10688371956348419,0.0,0.0,6.945308464579284,46.28247604705393
0.008,69,1848019881,0.03733069449663162,0.0,0.0,6.856330100912601,46.22470401227474
0.008,70,1508652585,-0.0884113758802414,1.0,1.0,7.454299630597234,46.36622406542301
0.008,71,1995737731,-0.019863728433847427,1.0,1.0,5.997621761402115,46.27708392217755
0.008,72,1162788447,-0.04111577570438385,1.0,1.0,8.068098741816357,48.43423003330827
0.008,73,1172925522,0.010102120228111744,0.0,0.0,6.952164791640826,50.54946499876678
0.008,74,539174575,0.05342255160212517,0.0,0.0,6.635972960037179,45.70558411069214
0.008,75,2013637345,-0.014570878818631172,1.0,1.0,6.2849467236083,45.932532055303454
0.008,76,1187468716,-0.09846075624227524,1.0,1.0,7.292180485790595,45.43498996645212
0.008,77,1062978506,-0.006594412960112095,1.0,1.0,7.111608111881651,45.43554177507758
0.008,78,679326770,-0.018026035279035568,1.0,1.0,7.07212453847751,46.40854778699577
0.008,79,587923432,0.05946749821305275,0.0,0.0,7.057621623389423,46.221962897107005
0.008,80,1359889667,-0.057597145438194275,1.0,1.0,7.24559442338068,47.71456401795149
0.008,81,970187386,0.01774904690682888,0.0,0.0,6.769926698645577,46.27013485878706
0.008,82,1219839873,-0.024432748556137085,1.0,1.0,6.196471333154477,46.30179889500141
0.008,83,1428160212,-0.008044523186981678,1.0,1.0,5.9613479962572455,46.47632595151663
0.008,84,1930609499,0.03748207166790962,0.0,0.0,6.836437358171679,46.355932019650936
0.008,85,710582861,-0.014977985061705112,1.0,1.0,6.851637986372225,46.520150965079665
0.008,86,1463614337,-0.09126026928424835,1.0,1.0,7.817667727475055,45.92870292253792
0.008,87,1940152705,-0.03477250039577484,1.0,1.0,6.13832332578022,45.77816789969802
0.008,88,985452196,0.03265106678009033,0.0,0.0,6.7796078064711764,50.77491607517004
0.008,89,552062587,-0.020896555855870247,1.0,1.0,7.262616560910828,48.97165508009493
0.008,90,623566272,0.006590190343558788,0.0,0.0,7.213723856257275,46.370984986424446
0.008,91,729775797,0.018770137801766396,0.0,0.0,6.814026679727249,45.6020669080317
0.008,92,1352536665,-0.05771733075380325,1.0,1.0,7.693376851151697,46.05876700952649
0.008,93,555883440,-0.028581637889146805,1.0,1.0,6.153996972716413,45.49285490065813
0.008,94,1801800003,0.02256336808204651,0.0,0.0,7.34751264215447,45.656050089746714
0.008,95,763315502,-0.23262886703014374,1.0,1.0,6.862175491522066,45.859444886446
0.008,96,138897982,-0.06692792475223541,1.0,1.0,6.8494032096350566,45.54619290865958
0.008,97,10785379,-0.052027370780706406,1.0,1.0,7.317280445247889,45.676834881305695
0.008,98,53923185,0.03874919191002846,0.0,0.0,6.796178527409211,45.64206814393401
0.008,99,1349917978,0.009410928934812546,0.0,0.0,6.746320148929954,47.06482891924679
0.009,0,1501552845,-0.03876069188117981,1.0,1.0,7.0611329023959115,48.97019197233021
0.009,1,488200390,-0.01724867895245552,1.0,1.0,6.841269728844054,47.29198990389705
0.009,2,1693606510,-0.06365465372800827,1.0,1.0,7.746650396613404,46.50285607203841
0.009,3,680233354,0.026121819391846657,0.0,0.0,7.338630804442801,46.97535187005997
0.009,4,438466540,-0.08298248052597046,1.0,1.0,7.436299020191655,47.68055793829262
0.009,5,1712329280,0.053162992000579834,0.0,0.0,7.000450430205092,47.12096508592367
0.009,6,1380152455,-0.020701482892036438,1.0,1.0,6.074218729510903,47.10867186076939
0.009,7,1452245846,-0.06684011220932007,1.0,1.0,7.635716391145252,47.372653149068356
0.009,8,2122694021,-0.09168274700641632,1.0,1.0,7.311487726285122,49.49957714416087
0.009,9,839901363,-0.003668238641694188,1.0,1.0,6.071235024253838,48.37498813867569
0.009,10,1802651552,-0.0575629398226738,1.0,1.0,6.800503341131844,46.607773983851075
0.009,11,714712467,-0.013217988424003124,1.0,1.0,7.037610757746734,46.494406182318926
0.009,12,1218704077,-0.0299802478402853,1.0,1.0,7.1526678167283535,46.153985895216465
0.009,13,1284858263,-0.07890001684427261,1.0,1.0,7.0445368950022385,45.75603501871228
0.009,14,457721135,-0.014289971441030502,1.0,1.0,6.822511867620051,46.549410093575716
0.009,15,401008609,-0.0764402449131012,1.0,1.0,7.35067887569312,45.90980615466833
0.009,16,492064534,0.07153820991516113,0.0,0.0,7.061226345831528,46.53631988912821
0.009,17,1444732602,-0.07005392014980316,1.0,1.0,7.827091462444514,47.173194820061326
0.009,18,1317426686,-0.014970608055591583,1.0,1.0,7.321855497430079,47.53914615139365
0.009,19,2022506251,-0.033503178507089615,1.0,1.0,7.438157307682559,47.494079917669296
0.009,20,1516459118,-0.10806185007095337,1.0,1.0,7.854250859236345,47.55687899887562
0.009,21,533103612,0.06882839649915695,0.0,0.0,6.858383208396845,47.62407182715833
0.009,22,1964759878,0.05523580312728882,0.0,0.0,7.15284434997011,47.47650702483952
0.009,23,2037706756,-0.04093041270971298,1.0,1.0,6.225393300759606,46.90387914888561
0.009,24,1572889065,0.051964789628982544,0.0,0.0,6.720008357311599,48.41835796833038
0.009,25,1432881518,0.07761558890342712,0.0,0.0,7.075770549126901,47.9859949555248
0.009,26,280516901,0.0010687712347134948,0.0,0.0,7.220502543030307,47.86034394055605
0.009,27,205939248,-0.01949908211827278,1.0,1.0,7.316128040198237,47.72321111522615
0.009,28,571904914,-0.08281967043876648,1.0,1.0,7.34764546668157,47.97926405444741
0.009,29,948843457,-0.014244092628359795,1.0,1.0,7.45795256504789,48.134523909538984
0.009,30,155492488,0.056117963045835495,0.0,0.0,6.919978956109844,47.81551705673337
0.009,31,1903701130,-0.011666527017951012,1.0,1.0,6.921562479925342,47.85348102450371
0.009,32,1017961266,0.04697815701365471,0.0,0.0,6.966093182330951,47.83867998048663
0.009,33,1497769985,-0.08876366913318634,1.0,1.0,7.608733801287599,49.04011404141784
0.009,34,456523489,-0.012468314729630947,1.0,1.0,6.795403302297927,48.99738798849285
0.009,35,701095136,-0.015083283185958862,1.0,1.0,6.223867551074363,49.0112891420722
0.009,36,249069576,0.08230647444725037,0.0,0.0,7.1047879150137305,49.746455857530236
0.009,37,1576098728,0.013303135521709919,0.0,0.0,6.646146636805497,49.096452072262764
0.009,38,1662748500,0.018482666462659836,0.0,0.0,7.4868647863622755,48.88023319654167
0.009,39,472736216,-0.0064197806641459465,1.0,1.0,6.01404192741029,48.88529586605728
0.009,40,1535411295,0.053342755883932114,0.0,0.0,7.073010529391468,49.07419299706817
0.009,41,175223003,-0.07761284708976746,1.0,1.0,7.193211182951927,58.391788974404335
0.009,42,840936862,-0.11426779627799988,1.0,1.0,6.796051294542849,49.86197501420975
0.009,43,343373188,-0.007026810199022293,1.0,1.0,6.748546879389323,48.74712903983891
0.009,44,1597751082,0.060348641127347946,0.0,0.0,7.373360233847052,48.0725709348917
0.009,45,730359585,-0.06235847994685173,1.0,1.0,7.20992757671047,53.89404995366931
0.009,46,1016641002,0.056287456303834915,0.0,0.0,6.94899109005928,52.705074893310666
0.009,47,998994690,-0.02252967655658722,1.0,1.0,6.843930708244443,48.016250133514404
0.009,48,1021240743,0.049646757543087006,0.0,0.0,6.904656074708328,49.06519106589258
0.009,49,572134801,-0.28697872161865234,1.0,1.0,8.478822760749608,48.93940198235214
0.009,50,1198399760,0.06093456596136093,0.0,0.0,6.851465805550106,48.857386922463775
0.009,51,1751866485,-0.050977472215890884,1.0,1.0,7.300313070300035,48.115310026332736
0.009,52,1070889713,0.026163598522543907,0.0,0.0,6.916782818734646,47.808070201426744
0.009,53,415096539,-0.024757804349064827,1.0,1.0,7.622247759485617,48.007752979174256
0.009,54,52416235,-0.020640810951590538,1.0,1.0,6.671246309648268,48.44434396363795
0.009,55,278032723,-0.07285289466381073,1.0,1.0,6.616515271482058,47.83085593953729
0.009,56,174946158,0.017523353919386864,0.0,0.0,7.024176889797673,48.12095710076392
0.009,57,196848554,0.029534058645367622,0.0,0.0,6.9582397368503734,62.621855176985264
0.009,58,263030910,0.08273730427026749,0.0,0.0,7.35622724192217,47.38024203106761
0.009,59,1285415020,-0.043208424001932144,1.0,1.0,7.384516466292553,47.216740902513266
0.009,60,1733223444,-0.030648721382021904,1.0,1.0,7.268019929761067,47.68463992513716
0.009,61,1835544261,0.0040090675465762615,0.0,0.0,6.79650919069536,47.07587999291718
0.009,62,1403186970,0.030083687976002693,0.0,0.0,7.423781513702124,46.72376997768879
0.009,63,1291971777,0.03240836039185524,0.0,0.0,5.91471356654074,46.97060096077621
0.009,64,712292067,-0.012422739528119564,1.0,1.0,7.228674380341545,47.24675416946411
0.009,65,2001429764,-0.09004362672567368,1.0,1.0,7.604814082151279,46.707239001989365
0.009,66,1375664061,-0.021122099831700325,1.0,1.0,7.172784404014237,46.540629118680954
0.009,67,1556456120,-0.07729442417621613,1.0,1.0,7.461067070486024,46.57877399586141
0.009,68,1576053187,-0.04952024668455124,1.0,1.0,7.333556559518911,46.34476499632001
0.009,69,1848019881,0.06494702398777008,0.0,0.0,7.049301965511404,46.044861897826195
0.009,70,1508652585,0.0308648943901062,0.0,0.0,6.819616126595065,45.945775927975774
0.009,71,1995737731,-0.01829223893582821,1.0,1.0,5.996955322450958,46.04962607845664
0.009,72,1162788447,-0.008521972224116325,1.0,1.0,6.037120466935448,46.431576134637
0.009,73,1172925522,-0.05354684218764305,1.0,1.0,7.265244251815602,46.44837393425405
0.009,74,539174575,0.051585495471954346,0.0,0.0,6.8055440278258175,46.26128589734435
0.009,75,2013637345,-0.010730105452239513,1.0,1.0,6.283136657206342,47.35904815606773
0.009,76,1187468716,-0.048715535551309586,1.0,1.0,6.350382845499553,47.571514965966344
0.009,77,1062978506,0.000621866260189563,0.0,0.0,6.113456577761099,47.95992700383067
0.009,78,679326770,0.007370131090283394,0.0,0.0,7.601239213370718,47.18213016167283
0.009,79,587923432,0.03346744179725647,0.0,0.0,7.460246308706701,47.20637388527393
0.009,80,1359889667,-0.054987940937280655,1.0,1.0,7.340867125545628,47.63767495751381
0.009,81,970187386,0.02561800554394722,0.0,0.0,6.9153702739859,50.005482975393534
0.009,82,1219839873,-0.10395967960357666,1.0,1.0,6.84023693355266,46.877496875822544
0.009,83,1428160212,-0.004663520958274603,1.0,1.0,5.969051874242723,46.804290963336825
0.009,84,1930609499,-0.10010071098804474,1.0,1.0,7.367599843186326,46.90807708539069
0.009,85,710582861,-0.022450396791100502,1.0,1.0,7.4182180454954505,47.962923999875784
0.009,86,1463614337,-0.108069509267807,1.0,1.0,7.635923019261099,47.03200305812061
0.009,87,1940152705,-0.027241142466664314,1.0,1.0,6.203888017917052,46.794068068265915
0.009,88,985452196,0.03117954172194004,0.0,0.0,6.882082266616635,46.5341848321259
0.009,89,552062587,-0.04366225004196167,1.0,1.0,7.680308622075245,46.832995023578405
0.009,90,623566272,0.04808579757809639,0.0,0.0,6.929099548491649,45.635737013071775
0.009,91,729775797,0.010791761800646782,0.0,0.0,6.876621708273888,47.033070120960474
0.009,92,1352536665,-0.05250750854611397,1.0,1.0,7.312593573704362,47.572263050824404
0.009,93,555883440,-0.02146606147289276,1.0,1.0,6.159694893285632,48.634691862389445
0.009,94,1801800003,0.015578576363623142,0.0,0.0,6.955694011528976,46.474628150463104
0.009,95,763315502,-0.14614275097846985,1.0,1.0,7.162194578326307,46.63294809870422
0.009,96,138897982,-0.07099303603172302,1.0,1.0,6.537695722770877,46.81508196517825
0.009,97,10785379,-0.05660410225391388,1.0,1.0,7.767480558948591,47.648135805502534
0.009,98,53923185,-0.08264726400375366,1.0,1.0,7.588393205893226,46.76209087483585
0.009,99,1349917978,0.0854288786649704,0.0,0.0,6.768809531116858,46.541460091248155
0.01,0,1501552845,0.05564640462398529,0.0,0.0,6.932631035451777,48.35110995918512
0.01,1,488200390,-0.03175269439816475,1.0,1.0,6.922298702294938,45.59572390280664
0.01,2,1693606510,0.02303149178624153,0.0,0.0,6.797224671347067,45.26325920596719
0.01,3,680233354,-0.0020801967475563288,1.0,1.0,7.240457341540605,46.148010063916445
0.01,4,438466540,-0.08462134748697281,1.0,1.0,7.855639081564732,46.65751405991614
0.01,5,1712329280,0.045059848576784134,0.0,0.0,7.064482031739317,46.39065102674067
0.01,6,1380152455,-0.0174040999263525,1.0,1.0,6.064987862599082,47.034753020852804
0.01,7,1452245846,0.17117422819137573,0.0,0.0,7.604852130752988,46.247749123722315
0.01,8,2122694021,-0.02050861157476902,1.0,1.0,6.89115675422363,46.592099126428366
0.01,9,839901363,0.0013124910183250904,0.0,0.0,6.075536769698374,47.56855801679194
0.01,10,1802651552,-0.040276944637298584,1.0,1.0,6.688636129256338,47.70609620027244
0.01,11,714712467,-0.007828461937606335,1.0,1.0,6.184181627235375,45.816658064723015
0.01,12,1218704077,-0.04390440508723259,1.0,1.0,6.916669473517686,45.207384042441845
0.01,13,1284858263,0.07571722567081451,0.0,0.0,6.956893621594645,45.40446796454489
0.01,14,457721135,0.1187986359000206,0.0,0.0,6.923939857748337,45.6955109257251
0.01,15,401008609,-0.04905899986624718,1.0,1.0,7.925227276980877,45.15821090899408
0.01,16,492064534,-0.06582669168710709,1.0,1.0,7.588369308388792,45.6858950201422
0.01,17,1444732602,-0.0016578494105488062,1.0,1.0,6.879946209373884,45.376617927104235
0.01,18,1317426686,-0.05257954075932503,1.0,1.0,7.414072271785699,46.96806101128459
0.01,19,2022506251,-0.04433929920196533,1.0,1.0,7.356241004657932,46.69484798796475
0.01,20,1516459118,0.07738881558179855,0.0,0.0,6.882722711889073,47.10069904103875
0.01,21,533103612,0.08576295524835587,0.0,0.0,6.760534959146753,47.14425187557936
0.01,22,1964759878,0.04914954677224159,0.0,0.0,7.441168349003419,46.99071706272662
0.01,23,2037706756,-0.04027152433991432,1.0,1.0,6.258327521849424,47.48963704332709
0.01,24,1572889065,-0.09171610325574875,1.0,1.0,7.540192398824729,47.46214300394058
0.01,25,1432881518,0.09551142901182175,0.0,0.0,6.919741403427906,47.53327392973006
0.01,26,280516901,-0.011649691499769688,1.0,1.0,7.61180395190604,47.75275802239776
0.01,27,205939248,0.01777213253080845,0.0,0.0,7.318472194368951,47.19107993878424
0.01,28,571904914,0.07099984586238861,0.0,0.0,6.907494591083378,47.79947898350656
0.01,29,948843457,0.027931049466133118,0.0,0.0,7.168797433725558,48.170705093070865
0.01,30,155492488,-0.006700478494167328,1.0,1.0,6.779628316056915,47.68374306149781
0.01,31,1903701130,0.0041315131820738316,0.0,0.0,7.518380126915872,47.40590392611921
0.01,32,1017961266,0.055945027619600296,0.0,0.0,7.840313761727884,47.66843910329044
0.01,33,1497769985,-0.03145376965403557,1.0,1.0,7.37647294823546,47.68583714030683
0.01,34,456523489,-0.09053024649620056,1.0,1.0,7.536501742666587,48.789474880322814
0.01,35,701095136,-0.04418770223855972,1.0,1.0,7.523204173659906,48.515620874240994
0.01,36,249069576,-0.09777653217315674,1.0,1.0,7.364286702359095,49.65936508961022
0.01,37,1576098728,-0.04045042768120766,1.0,1.0,6.708045352366753,49.211883917450905
0.01,38,1662748500,-0.08725827932357788,1.0,1.0,7.451683306135237,49.15511514991522
0.01,39,472736216,-0.00886509194970131,1.0,1.0,6.013501105946489,49.541361862793565
0.01,40,1535411295,-0.037445589900016785,1.0,1.0,7.325999248423614,49.248297000303864
0.01,41,175223003,-0.0872834324836731,1.0,1.0,7.137080644257367,48.82997996173799
0.01,42,840936862,-0.03664562851190567,1.0,1.0,6.9739642173517495,48.96889207884669
0.01,43,343373188,0.08739703893661499,0.0,0.0,6.9653247446985915,48.83373691700399
0.01,44,1597751082,0.0265017282217741,0.0,0.0,7.367540098493919,47.94759210199118
0.01,45,730359585,0.07797003537416458,0.0,0.0,6.80627943656873,54.02884213253856
0.01,46,1016641002,0.03678469359874725,0.0,0.0,7.308607859071344,52.725944900885224
0.01,47,998994690,0.06894613057374954,0.0,0.0,7.293956146109849,48.15930011682212
0.01,48,1021240743,0.06461329013109207,0.0,0.0,6.833887949935161,48.636598978191614
0.01,49,572134801,-0.002040495164692402,1.0,1.0,6.869364405050874,48.13910694792867
0.01,50,1198399760,-0.009530521929264069,1.0,1.0,7.572075900156051,48.972266959026456
0.01,51,1751866485,0.019644586369395256,0.0,0.0,6.871243730653077,47.90393612347543
0.01,52,1070889713,0.009038220159709454,0.0,0.0,7.0624771933071315,47.67402587458491
0.01,53,415096539,0.07814280688762665,0.0,0.0,7.564119876828045,48.142772167921066
0.01,54,52416235,-0.061228394508361816,1.0,1.0,7.363329136394896,48.1197799090296
0.01,55,278032723,0.06995566934347153,0.0,0.0,7.10774413717445,47.86665388382971
0.01,56,174946158,0.053372982889413834,0.0,0.0,6.746568733942695,48.169662011787295
0.01,57,196848554,0.01261087879538536,0.0,0.0,6.644448421779089,47.72689612582326
0.01,58,263030910,0.03481970727443695,0.0,0.0,7.447133267414756,47.52309597097337
0.01,59,1285415020,0.03219255805015564,0.0,0.0,7.404729249770753,47.61892487294972
0.01,60,1733223444,0.06323017179965973,0.0,0.0,6.893598152673803,47.521186992526054
0.01,61,1835544261,0.03672654181718826,0.0,0.0,6.838084273971617,47.629663022235036
0.01,62,1403186970,0.0669771134853363,0.0,0.0,6.927797757554799,48.32589812576771
0.01,63,1291971777,-0.018039092421531677,1.0,1.0,6.7768000778742135,48.22170617990196
0.01,64,712292067,-0.07586792856454849,1.0,1.0,7.942812701454386,48.177070915699005
0.01,65,2001429764,0.00537009397521615,0.0,0.0,6.858012406271882,47.22542897798121
0.01,66,1375664061,0.054585229605436325,0.0,0.0,7.705261175055057,47.64169896952808
0.01,67,1556456120,0.0303850956261158,0.0,0.0,7.424504870316014,47.91766102425754
0.01,68,1576053187,-0.015662716701626778,1.0,1.0,7.560352895525284,47.41695988923311
0.01,69,1848019881,0.03648347407579422,0.0,0.0,7.104345778701827,46.66312015615404
0.01,70,1508652585,0.004440387710928917,0.0,0.0,6.86991370562464,46.58164200372994
0.01,71,1995737731,0.004482962191104889,0.0,0.0,5.975385193014517,47.12669597938657
0.01,72,1162788447,-0.00518827186897397,1.0,1.0,6.039094927255064,47.65333398245275
0.01,73,1172925522,0.07230446487665176,0.0,0.0,6.984545523999259,46.336746076121926
0.01,74,539174575,-0.09047778695821762,1.0,1.0,7.916912140790373,47.482992988079786
0.01,75,2013637345,-0.014659753069281578,1.0,1.0,6.266749617294408,47.30260791257024
0.01,76,1187468716,-0.04193902015686035,1.0,1.0,6.303085791878402,47.360563883557916
0.01,77,1062978506,2.879175190173555e-05,0.0,0.0,6.130753419012763,47.19499684870243
0.01,78,679326770,0.05532262846827507,0.0,0.0,6.889066381729208,46.633815160021186
0.01,79,587923432,0.006129636894911528,0.0,0.0,7.436103216721676,46.68822791427374
0.01,80,1359889667,-0.07613006234169006,1.0,1.0,7.353520074277185,46.9893510453403
0.01,81,970187386,0.02544396184384823,0.0,0.0,6.789849006570876,45.59427406638861
0.01,82,1219839873,-0.06001754105091095,1.0,1.0,6.904925140086561,50.961134023964405
0.01,83,1428160212,-0.003088007215410471,1.0,1.0,6.003361495910212,47.244122019037604
0.01,84,1930609499,-0.060815032571554184,1.0,1.0,7.8176085120067,46.377222053706646
0.01,85,710582861,-0.008780485019087791,1.0,1.0,6.881752151879482,46.59749800339341
0.01,86,1463614337,0.015841182321310043,0.0,0.0,6.785435900441371,46.41176597215235
0.01,87,1940152705,-0.021144457161426544,1.0,1.0,6.1926193098770455,45.732502127066255
0.01,88,985452196,-0.07704544812440872,1.0,1.0,7.175490241148509,46.53071681968868
0.01,89,552062587,-0.045320063829422,1.0,1.0,7.355121380416676,46.14452016539872
0.01,90,623566272,-0.03901561722159386,1.0,1.0,7.535802030586638,47.55231994204223
0.01,91,729775797,0.08507570624351501,0.0,0.0,6.923466340987943,47.02135897241533
0.01,92,1352536665,-0.04633096605539322,1.0,1.0,7.305960928322747,46.669120201841
0.01,93,555883440,-0.017645355314016342,1.0,1.0,6.158539348165505,46.72361514531076
0.01,94,1801800003,0.08558294177055359,0.0,0.0,6.766462341765873,46.10516200773418
0.01,95,763315502,-0.04414692521095276,1.0,1.0,7.339209400000982,46.25786980614066
0.01,96,138897982,-0.07849496603012085,1.0,1.0,6.751616483437829,47.06348804756999
0.01,97,10785379,-0.060392364859580994,1.0,1.0,7.810008406173438,46.58371699042618
0.01,98,53923185,-0.09830200672149658,1.0,1.0,7.750899332459085,46.17529711686075
0.01,99,1349917978,0.01018138974905014,0.0,0.0,6.863528303219937,45.855286065489054
0.011,0,1501552845,-0.1446676403284073,1.0,1.0,7.384780163760297,47.91281488724053
0.011,1,488200390,0.014374230057001114,0.0,0.0,7.468603880377486,45.98199296742678
0.011,2,1693606510,-0.008425378240644932,1.0,1.0,6.9822905861074105,45.5299390014261
0.011,3,680233354,0.013377752155065536,0.0,0.0,6.663550868979655,46.60530900582671
0.011,4,438466540,-0.016095861792564392,1.0,1.0,7.223091053310782,47.11319808848202
0.011,5,1712329280,0.025702400133013725,0.0,0.0,7.108817168045789,46.39229993335903
0.011,6,1380152455,-0.015738900750875473,1.0,1.0,6.075892212800682,47.01942903921008
0.011,7,1452245846,-0.05566466599702835,1.0,1.0,7.759017242118716,51.092744106426835
0.011,8,2122694021,0.018601728603243828,0.0,0.0,7.934011103934608,47.06600192002952
0.011,9,839901363,0.00577796483412385,0.0,0.0,6.113560671103187,46.42084799706936
0.011,10,1802651552,0.05140070244669914,0.0,0.0,6.8674534113379195,46.210292959585786
0.011,11,714712467,-0.0010764466132968664,1.0,1.0,6.138327083433978,46.92829796113074
0.011,12,1218704077,-0.06706884503364563,1.0,1.0,7.493100581225008,46.027562813833356
0.011,13,1284858263,-0.08312064409255981,1.0,1.0,7.575815823976882,46.31004109978676
0.011,14,457721135,0.04484119266271591,0.0,0.0,7.400677662808448,46.55324597842991
0.011,15,401008609,0.06977143883705139,0.0,0.0,7.422035638126545,46.59768915735185
0.011,16,492064534,0.0630454570055008,0.0,0.0,7.476126663503237,46.087605180218816
0.011,17,1444732602,0.05553082749247551,0.0,0.0,6.931468437425792,46.32845101878047
0.011,18,1317426686,-0.04610425978899002,1.0,1.0,7.267544915201142,47.49929811805487
0.011,19,2022506251,0.0004712298687081784,0.0,0.0,7.4091654672520235,47.30930202640593
0.011,20,1516459118,-0.010720918886363506,1.0,1.0,7.184614417725243,47.35240200534463
0.011,21,533103612,-0.04038729518651962,1.0,1.0,7.3995824449229985,48.32653398625553
0.011,22,1964759878,0.06679961830377579,0.0,0.0,6.9248115790542215,47.92154999449849
0.011,23,2037706756,-0.03732556104660034,1.0,1.0,6.212684178724885,48.16618515178561
0.011,24,1572889065,0.07874266803264618,0.0,0.0,7.154416655190289,48.59555885195732
0.011,25,1432881518,0.0163315050303936,0.0,0.0,6.928428283659741,48.227685038000345
0.011,26,280516901,-0.05402372032403946,1.0,1.0,7.32231666368898,48.14194282516837
0.011,27,205939248,0.014418501406908035,0.0,0.0,6.734114707447588,47.90190700441599
0.011,28,571904914,-0.054712455719709396,1.0,1.0,7.460225999937393,47.95710393227637
0.011,29,948843457,0.05313286557793617,0.0,0.0,6.876008143299259,48.7491840030998
0.011,30,155492488,0.05126373469829559,0.0,0.0,6.801976000308059,48.33642207086086
0.011,31,1903701130,0.04018630087375641,0.0,0.0,7.0677101239562035,48.29898499883711
0.011,32,1017961266,0.0629149004817009,0.0,0.0,7.027225176920183,48.441966995596886
0.011,33,1497769985,0.00559188611805439,0.0,0.0,7.5704957217676565,48.35579195059836
0.011,34,456523489,0.021706312894821167,0.0,0.0,7.235214711166918,48.72093605808914
0.011,35,701095136,-0.016325626522302628,1.0,1.0,7.392612549941987,48.93674002960324
0.011,36,249069576,0.03616895154118538,0.0,0.0,7.42241019976791,50.127296010032296
0.011,37,1576098728,0.0441407635807991,0.0,0.0,6.759204208385199,49.02161285281181
0.011,38,1662748500,-0.0589066743850708,1.0,1.0,7.250478519243188,49.08882104791701
0.011,39,472736216,-0.0032853130251169205,1.0,1.0,6.019700829638168,49.143906915560365
0.011,40,1535411295,0.021835923194885254,0.0,0.0,7.061495172791183,49.04104210436344
0.011,41,175223003,-0.012500465847551823,1.0,1.0,7.34090350207407,49.29266800172627
0.011,42,840936862,-0.07454885542392731,1.0,1.0,7.375464384909719,49.88170298747718
0.011,43,343373188,-0.08810640871524811,1.0,1.0,7.493775728507899,48.840946052223444
0.011,44,1597751082,0.05261290818452835,0.0,0.0,7.6447368554072455,48.32214512862265
0.011,45,730359585,0.010812701657414436,0.0,0.0,7.038386275875382,54.11216686479747
0.011,46,1016641002,0.10714621841907501,0.0,0.0,7.158322927542031,52.716029807925224
0.011,47,998994690,-0.02377030812203884,1.0,1.0,6.821455972502008,48.51677408441901
0.011,48,1021240743,0.10537439584732056,0.0,0.0,6.802800353965722,48.725917004048824
0.011,49,572134801,0.028792673721909523,0.0,0.0,7.380926299374551,48.40729315765202
0.011,50,1198399760,-0.10861130803823471,1.0,1.0,7.477649232139811,48.664203844964504
0.011,51,1751866485,-0.026091577485203743,1.0,1.0,7.545803857268766,48.59759192913771
0.011,52,1070889713,-0.008304375223815441,1.0,1.0,6.862193091306835,48.517763847485185
0.011,53,415096539,0.0027905756141990423,0.0,0.0,7.007388096651994,48.34200791083276
0.011,54,52416235,-0.12493307143449783,1.0,1.0,7.388433252694085,48.357883002609015
0.011,55,278032723,-0.08452294766902924,1.0,1.0,6.682594714453444,52.66667786054313
0.011,56,174946158,0.010685794986784458,0.0,0.0,7.453218004433438,48.874349100515246
0.011,57,196848554,0.07264772802591324,0.0,0.0,6.775868448778056,47.54661093465984
0.011,58,263030910,0.032955899834632874,0.0,0.0,7.235524631105363,48.504066886380315
0.011,59,1285415020,-0.03304965794086456,1.0,1.0,7.496146206394769,47.87613800726831
0.011,60,1733223444,-0.06750136613845825,1.0,1.0,7.611154346377589,48.893754836171865
0.011,61,1835544261,0.021849336102604866,0.0,0.0,7.081915409653448,47.03728295862675
0.011,62,1403186970,0.0041275969706475735,0.0,0.0,6.889143028412946,47.47634218074381
0.011,63,1291971777,-0.006237131543457508,1.0,1.0,7.285286930389702,47.32348211109638
0.011,64,712292067,-0.06699641048908234,1.0,1.0,7.600096735171974,46.90009611658752
0.011,65,2001429764,0.10710658133029938,0.0,0.0,7.089598711580038,46.48332507349551
0.011,66,1375664061,-0.05482680723071098,1.0,1.0,7.771312379860319,46.06084409169853
0.011,67,1556456120,-0.007092780899256468,1.0,1.0,6.997804813669063,46.28508794121444
0.011,68,1576053187,-0.02154289186000824,1.0,1.0,7.557013324345462,46.099846018478274
0.011,69,1848019881,0.004558298736810684,0.0,0.0,6.924574909964576,45.319276163354516
0.011,70,1508652585,0.026570407673716545,0.0,0.0,6.812355954083614,45.20772001706064
0.011,71,1995737731,-0.0037353283260017633,1.0,1.0,6.0567462525796145,45.79130397178233
0.011,72,1162788447,-0.003063161624595523,1.0,1.0,6.104369514388964,46.20692506432533
0.011,73,1172925522,0.039873141795396805,0.0,0.0,6.824096040800214,45.237343991175294
0.011,74,539174575,-0.019559968262910843,1.0,1.0,7.128145188326016,45.9452650975436
0.011,75,2013637345,0.049674563109874725,0.0,0.0,6.6462215192150325,46.23232898302376
0.011,76,1187468716,-0.04645214229822159,1.0,1.0,6.279838391696103,46.363821951672435
0.011,77,1062978506,0.003977064974606037,0.0,0.0,6.210301731713116,46.76269879564643
0.011,78,679326770,-0.015873983502388,1.0,1.0,7.061572744976729,46.24146898277104
0.011,79,587923432,-0.030847417190670967,1.0,1.0,7.570460648625158,45.95366399735212
0.011,80,1359889667,0.009561078622937202,0.0,0.0,6.818818988162093,46.234711073338985
0.011,81,970187386,0.025059258565306664,0.0,0.0,7.363970275502652,45.62937002629042
0.011,82,1219839873,-0.04500891640782356,1.0,1.0,7.0179949081502855,50.47079618088901
0.011,83,1428160212,0.0035462777595967054,0.0,0.0,5.995258572162129,45.27755710296333
0.011,84,1930609499,0.00701609393581748,0.0,0.0,7.031935981940478,45.47158093191683
0.011,85,710582861,0.010003653354942799,0.0,0.0,6.932268642704003,46.95139196701348
0.011,86,1463614337,0.01775539107620716,0.0,0.0,7.410931522143073,46.25761811621487
0.011,87,1940152705,-0.01826637238264084,1.0,1.0,6.168990422738716,46.195784816518426
0.011,88,985452196,-0.037478744983673096,1.0,1.0,7.26974513893947,46.21721804141998
0.011,89,552062587,-0.05252799019217491,1.0,1.0,7.5240547767607495,46.24562198296189
0.011,90,623566272,-0.04922756925225258,1.0,1.0,7.316291334340349,45.97274889238179
0.011,91,729775797,0.032700154930353165,0.0,0.0,7.7114651224110276,46.48117395117879
0.011,92,1352536665,0.04143286868929863,0.0,0.0,6.782274131313898,46.534553868696094
0.011,93,555883440,-0.0219214279204607,1.0,1.0,6.185530330636539,46.15622106939554
0.011,94,1801800003,0.02949352003633976,0.0,0.0,6.801298300269991,46.30903201177716
0.011,95,763315502,-0.1068577766418457,1.0,1.0,7.409111147047952,46.18160589598119
0.011,96,138897982,-0.05740606039762497,1.0,1.0,7.442136026918888,46.36019910685718
0.011,97,10785379,0.1155039444565773,0.0,0.0,6.9547191770980135,46.36337701231241
0.011,98,53923185,0.03794866427779198,0.0,0.0,7.604455189197324,45.732816914096475
0.011,99,1349917978,-0.042571380734443665,1.0,1.0,7.22605386225041,45.81348993815482
0.012,0,1501552845,-0.08209345489740372,1.0,1.0,7.4529618887463585,55.95809314399958
0.012,1,488200390,-0.002111969981342554,1.0,1.0,6.9648452687542886,54.646325996145606
0.012,2,1693606510,-0.0840303897857666,1.0,1.0,7.482040415867232,45.749698067083955
0.012,3,680233354,0.02659999392926693,0.0,0.0,7.426807133597322,46.77313403226435
0.012,4,438466540,-0.15654806792736053,1.0,1.0,7.338065749965608,46.20711598545313
0.012,5,1712329280,-0.01198884192854166,1.0,1.0,7.039093473460525,45.39182293228805
0.012,6,1380152455,-0.012821047566831112,1.0,1.0,6.087647342006676,46.17818212136626
0.012,7,1452245846,0.046934209764003754,0.0,0.0,6.980106521397829,45.96375091932714
0.012,8,2122694021,0.0018523235339671373,0.0,0.0,7.416331901564263,45.346450060606
0.012,9,839901363,-0.0010647401213645935,1.0,1.0,6.2120580691844225,46.21370695531368
0.012,10,1802651552,0.008309260942041874,0.0,0.0,7.112677904078737,47.7489170152694
0.012,11,714712467,0.00772707536816597,0.0,0.0,6.180416499031708,45.721767004579306
0.012,12,1218704077,-0.04237448051571846,1.0,1.0,7.174238650244661,45.77816789969802
0.012,13,1284858263,-0.040264230221509933,1.0,1.0,7.030840331339277,45.945696998387575
0.012,14,457721135,-0.21034854650497437,1.0,1.0,7.603533195215277,46.620378037914634
0.012,15,401008609,-0.07302269339561462,1.0,1.0,7.757985073025338,45.22707802243531
0.012,16,492064534,0.05790552496910095,0.0,0.0,7.541400708025321,45.33874709159136
0.012,17,1444732602,-0.023187760263681412,1.0,1.0,6.89866275084205,45.63293792307377
0.012,18,1317426686,-0.04216193035244942,1.0,1.0,7.01343367039226,46.416417229920626
0.012,19,2022506251,0.015680458396673203,0.0,0.0,7.210355671006255,49.2160189896822
0.012,20,1516459118,-0.08727829158306122,1.0,1.0,7.080168872489594,45.28493992984295
0.012,21,533103612,-0.06275070458650589,1.0,1.0,6.939400025061332,45.21810682490468
0.012,22,1964759878,0.07279332727193832,0.0,0.0,7.133692650473677,45.012013986706734
0.012,23,2037706756,-0.034569088369607925,1.0,1.0,6.2074951028916985,45.32525083050132
0.012,24,1572889065,0.07754414528608322,0.0,0.0,7.082704231725074,46.156256925314665
0.012,25,1432881518,-0.020129162818193436,1.0,1.0,8.022245973115787,46.09083500690758
0.012,26,280516901,-0.16989126801490784,1.0,1.0,6.952671759645455,45.68427614867687
0.012,27,205939248,0.017948182299733162,0.0,0.0,6.922969887382351,45.21745792590082
0.012,28,571904914,0.11730749160051346,0.0,0.0,7.140878013567999,45.32344313338399
0.012,29,948843457,-0.11013460904359818,1.0,1.0,7.5464928863802925,45.35768507048488
0.012,30,155492488,-0.002153339795768261,1.0,1.0,6.068464917247184,45.626589097082615
0.012,31,1903701130,0.03290984779596329,0.0,0.0,7.44314925535582,45.55928288027644
0.012,32,1017961266,0.028560644015669823,0.0,0.0,6.943593504372984,45.589870074763894
0.012,33,1497769985,-0.06802814453840256,1.0,1.0,6.953504814766347,45.228617964312434
0.012,34,456523489,-0.08371661603450775,1.0,1.0,7.691697671194561,45.05807999521494
0.012,35,701095136,0.021068576723337173,0.0,0.0,7.567483809660189,45.19525193609297
0.012,36,249069576,0.051659490913152695,0.0,0.0,7.198494569165632,45.45623483136296
0.012,37,1576098728,0.040087807923555374,0.0,0.0,7.481521011097357,45.497498009353876
0.012,38,1662748500,-0.024943193420767784,1.0,1.0,7.777858340064995,45.07796582765877
0.012,39,472736216,0.0037655490450561047,0.0,0.0,6.0376778558129445,45.93041283078492
0.012,40,1535411295,-0.018244817852973938,1.0,1.0,6.860691041103564,46.06515588238835
0.012,41,175223003,-0.10777692496776581,1.0,1.0,7.348240662831813,45.784757938236
0.012,42,840936862,-0.30000001192092896,1.0,1.0,8.260483630467206,46.91570997238159
0.012,43,343373188,0.0354170985519886,0.0,0.0,6.954347305931151,45.2834889292717
0.012,44,1597751082,-0.009675523266196251,1.0,1.0,7.405470518395305,45.87452090345323
0.012,45,730359585,-0.09814561903476715,1.0,1.0,8.027877974207513,45.99813185632229
0.012,46,1016641002,-0.05461686849594116,1.0,1.0,7.077701784321107,45.59732601046562
0.012,47,998994690,0.01562126912176609,0.0,0.0,6.905839744256809,45.56977213360369
0.012,48,1021240743,-0.07031866908073425,1.0,1.0,7.483378389617428,45.554249081760645
0.012,49,572134801,-0.019581811502575874,1.0,1.0,6.965474855038337,46.51160095818341
0.012,50,1198399760,-0.05019471049308777,1.0,1.0,8.027926743030548,45.436072163283825
0.012,51,1751866485,-0.059593964368104935,1.0,1.0,7.557834413368255,45.07419001311064
0.012,52,1070889713,0.046392232179641724,0.0,0.0,6.894559757784009,45.86880304850638
0.012,53,415096539,0.10428342968225479,0.0,0.0,7.1197523470036685,45.74916511774063
0.012,54,52416235,0.045598987489938736,0.0,0.0,6.863258860306814,45.75660498812795
0.012,55,278032723,0.0008466684957966208,0.0,0.0,7.454754396807402,45.9161049220711
0.012,56,174946158,-0.014354148879647255,1.0,1.0,7.460014176322147,47.98267292790115
0.012,57,196848554,0.00594329321756959,0.0,0.0,7.4100406530778855,46.73670488409698
0.012,58,263030910,0.052382294088602066,0.0,0.0,7.556302114971913,45.46159319579601
0.012,59,1285415020,-0.10329484194517136,1.0,1.0,7.589323039865121,46.58598592504859
0.012,60,1733223444,-0.04020038619637489,1.0,1.0,6.842668371275067,46.87262210063636
0.012,61,1835544261,0.051549479365348816,0.0,0.0,6.868344982620329,46.045367838814855
0.012,62,1403186970,0.03727021813392639,0.0,0.0,6.86271507316269,45.220875879749656
0.012,63,1291971777,0.011119128204882145,0.0,0.0,6.7931153698591515,45.38754397071898
0.012,64,712292067,-0.08048396557569504,1.0,1.0,7.4903547912836075,45.5694729462266
0.012,65,2001429764,0.18196305632591248,0.0,0.0,7.771690439200029,44.74699008278549
0.012,66,1375664061,-0.03786224126815796,1.0,1.0,7.566554132383317,46.072778990492225
0.012,67,1556456120,0.018316281959414482,0.0,0.0,6.874157094745897,45.59496301226318
0.012,68,1576053187,-0.04686250165104866,1.0,1.0,6.980862888740376,45.80442910082638
0.012,69,1848019881,-0.0061621093191206455,1.0,1.0,7.398601371911354,46.29587195813656
0.012,70,1508652585,-0.04658433422446251,1.0,1.0,7.776799020008184,46.272000996395946
0.012,71,1995737731,0.008363154716789722,0.0,0.0,6.036503789713606,46.15506692789495
0.012,72,1162788447,-0.00901479460299015,1.0,1.0,6.216367029584944,45.70936900563538
0.012,73,1172925522,0.053138915449380875,0.0,0.0,6.915598246385343,47.062695026397705
0.012,74,539174575,0.0934956818819046,0.0,0.0,7.478071701596491,47.18425404280424
0.012,75,2013637345,-0.02525104396045208,1.0,1.0,7.029384146211669,46.48446501232684
0.012,76,1187468716,-0.041711874306201935,1.0,1.0,6.32830676343292,46.43721901811659
0.012,77,1062978506,0.014226970262825489,0.0,0.0,6.29647279472556,46.971681993454695
0.012,78,679326770,-0.04891001060605049,1.0,1.0,7.650441836332902,46.53261019848287
0.012,79,587923432,-0.022132189944386482,1.0,1.0,7.186841909773648,46.87337786890566
0.012,80,1359889667,-0.10635729134082794,1.0,1.0,7.504640216357075,46.62536201067269
0.012,81,970187386,-0.008502090349793434,1.0,1.0,7.193496184889227,50.02270801924169
0.012,82,1219839873,0.02873927913606167,0.0,0.0,6.906711468822323,47.908206935971975
0.012,83,1428160212,0.0073555391281843185,0.0,0.0,6.013403129181825,48.38684294372797
0.012,84,1930609499,-0.02837872877717018,1.0,1.0,7.414798886398785,48.11837989836931
0.012,85,710582861,0.021296778693795204,0.0,0.0,6.864672122173943,47.32322320342064
0.012,86,1463614337,0.08096397668123245,0.0,0.0,6.785399197600782,47.646266873925924
0.012,87,1940152705,0.04934835061430931,0.0,0.0,7.081796856946312,47.37143078818917
0.012,88,985452196,0.052436165511608124,0.0,0.0,6.922197837964632,48.044907161965966
0.012,89,552062587,0.07700643688440323,0.0,0.0,7.007148816250265,46.732275979593396
0.012,90,623566272,-0.04790008068084717,1.0,1.0,7.3751786777284,49.42203708924353
0.012,91,729775797,-0.06969662010669708,1.0,1.0,7.747978763538413,48.53554908186197
0.012,92,1352536665,0.13434246182441711,0.0,0.0,7.480355402105488,50.88758608326316
0.012,93,555883440,-0.014655948616564274,1.0,1.0,6.190470662899315,47.89651604369283
0.012,94,1801800003,0.0844922661781311,0.0,0.0,7.275040366570465,47.96641203574836
0.012,95,763315502,-0.04241465404629707,1.0,1.0,7.850106391473673,47.06512996926904
0.012,96,138897982,-0.01584501750767231,1.0,1.0,7.521303743473254,46.9405900221318
0.012,97,10785379,-0.0006730173481628299,1.0,1.0,7.668080889270641,46.26720189116895
0.012,98,53923185,0.03611240163445473,0.0,0.0,6.950495723867789,46.78215691819787
0.012,99,1349917978,0.008080574683845043,0.0,0.0,6.978087376221083,46.93252709694207
0.013,0,1501552845,0.07032125443220139,0.0,0.0,7.102430347586051,58.00298601388931
0.013,1,488200390,0.010941502638161182,0.0,0.0,7.079335969989188,46.24800197780132
0.013,2,1693606510,-0.033735547214746475,1.0,1.0,7.524187845294364,46.387057984247804
0.013,3,680233354,-0.011445779353380203,1.0,1.0,7.501842750469223,46.09865881502628
0.013,4,438466540,-0.007830549031496048,1.0,1.0,6.790588420350105,55.01751299016178
0.013,5,1712329280,-0.03215954452753067,1.0,1.0,7.0867403441807255,45.53994792513549
0.013,6,1380152455,-0.009655528701841831,1.0,1.0,6.19034562271554,45.98112404346466
0.013,7,1452245846,0.02158481255173683,0.0,0.0,7.703890286851674,45.910659013316035
0.013,8,2122694021,0.03073972277343273,0.0,0.0,6.9259864405030385,45.73616199195385
0.013,9,839901363,0.003333332482725382,0.0,0.0,6.2436173394089565,45.64105300232768
0.013,10,1802651552,-0.1079787015914917,1.0,1.0,7.522342606680468,46.84704798273742
0.013,11,714712467,-0.019100505858659744,1.0,1.0,6.89684040681459,45.99234601482749
0.013,12,1218704077,-0.06171846017241478,1.0,1.0,7.1725002732127905,53.7670839112252
0.013,13,1284858263,0.030248913913965225,0.0,0.0,7.147453308338299,45.2961390838027
0.013,14,457721135,0.0013678338145837188,0.0,0.0,6.886099909781478,45.285950880497694
0.013,15,401008609,0.00883606355637312,0.0,0.0,7.2774740781169385,46.60406894981861
0.013,16,492064534,-0.0012606126256287098,1.0,1.0,7.723416873719543,46.47194710560143
0.013,17,1444732602,-0.0032444698736071587,1.0,1.0,7.503779567661695,46.3725789450109
0.013,18,1317426686,0.04478060081601143,0.0,0.0,6.941191953141242,64.6360230166465
0.013,19,2022506251,-0.0010922052897512913,1.0,1.0,6.978850237908773,46.74984188750386
0.013,20,1516459118,-0.01461055874824524,1.0,1.0,7.166444457601756,46.00356495939195
0.013,21,533103612,0.07357906550168991,0.0,0.0,6.793658200302161,45.526030007749796
0.013,22,1964759878,0.1432076394557953,0.0,0.0,7.592766548506916,46.79741803556681
0.013,23,2037706756,-0.03557964786887169,1.0,1.0,6.2415894999867305,46.20295483618975
0.013,24,1572889065,0.024076241999864578,0.0,0.0,6.921629189164378,47.131457133218646
0.013,25,1432881518,0.04189496487379074,0.0,0.0,6.855060686822981,46.14078695885837
0.013,26,280516901,-0.14684665203094482,1.0,1.0,7.052013921318576,46.10711708664894
0.013,27,205939248,0.0499761700630188,0.0,0.0,7.057369495276362,45.687740901485085
0.013,28,571904914,-0.011919614858925343,1.0,1.0,6.985424461192451,46.2573089171201
0.013,29,948843457,-0.10028640925884247,1.0,1.0,7.438601199886762,46.16555315442383
0.013,30,155492488,0.0017594544915482402,0.0,0.0,6.170324331847951,46.36501194909215
0.013,31,1903701130,0.06950110197067261,0.0,0.0,7.1517263014102355,45.87240098044276
0.013,32,1017961266,-0.08199943602085114,1.0,1.0,7.548938049818389,46.368262032046914
0.013,33,1497769985,-0.0470564179122448,1.0,1.0,7.7219262139406055,46.190595952793956
0.013,34,456523489,-0.06912217289209366,1.0,1.0,7.7913827347802,46.59089888446033
0.013,35,701095136,0.09521881490945816,0.0,0.0,6.873711966327392,46.502406941726804
0.013,36,249069576,-0.014767175540328026,1.0,1.0,7.274389590485953,46.454246854409575
0.013,37,1576098728,-0.02983669377863407,1.0,1.0,6.752395165734924,46.63225100375712
0.013,38,1662748500,-0.061086930334568024,1.0,1.0,7.359288549167104,46.58917896449566
0.013,39,472736216,0.004468587692826986,0.0,0.0,6.047000718070194,47.13036515749991
0.013,40,1535411295,-0.00011523592547746375,1.0,1.0,6.852223618887365,45.55397992953658
0.013,41,175223003,-0.04155205562710762,1.0,1.0,7.409133278764784,47.47585696168244
0.013,42,840936862,-0.05794946849346161,1.0,1.0,7.588648833567277,47.98309993930161
0.013,43,343373188,-0.07793131470680237,1.0,1.0,7.442764789564535,46.43564601428807
0.013,44,1597751082,-0.04409467428922653,1.0,1.0,6.8931471520336345,46.411078190431
0.013,45,730359585,0.11234234273433685,0.0,0.0,7.147518617217429,46.95892194285989
0.013,46,1016641002,-0.03253673017024994,1.0,1.0,6.952750016353093,45.8951978944242
0.013,47,998994690,0.0947178527712822,0.0,0.0,7.276095328154042,46.98584880679846
0.013,48,1021240743,-0.1281207799911499,1.0,1.0,7.412212838768028,46.248992905020714
0.013,49,572134801,-0.04336563125252724,1.0,1.0,7.615105742355809,47.07518988288939
0.013,50,1198399760,0.023104827851057053,0.0,0.0,6.914943946758285,46.47753108292818
0.013,51,1751866485,0.06320416927337646,0.0,0.0,7.451818353030831,46.257358975708485
0.013,52,1070889713,-0.04051307588815689,1.0,1.0,6.838777904515155,47.21525404602289
0.013,53,415096539,-0.040742937475442886,1.0,1.0,7.057356184464879,46.677962178364396
0.013,54,52416235,-0.1105242669582367,1.0,1.0,7.2751376000232995,47.32724302448332
0.013,55,278032723,-0.12371358275413513,1.0,1.0,6.742698711110279,46.032680897042155
0.013,56,174946158,0.033294398337602615,0.0,0.0,7.519156770431437,46.09197797253728
0.013,57,196848554,-0.004241714719682932,1.0,1.0,6.284950048779137,48.70808799751103
0.013,58,263030910,0.0044388859532773495,0.0,0.0,7.927440773928538,46.86988703906536
0.013,59,1285415020,-0.047663819044828415,1.0,1.0,7.513311621500179,46.478029107674956
0.013,60,1733223444,-0.004042424727231264,1.0,1.0,6.982965296250768,46.11796699464321
0.013,61,1835544261,0.08569569140672684,0.0,0.0,6.806753468699753,46.22202692553401
0.013,62,1403186970,0.05623790621757507,0.0,0.0,7.463807746767998,46.413355972617865
0.013,63,1291971777,-0.01401169877499342,1.0,1.0,7.366133557399735,46.08651692979038
0.013,64,712292067,-0.010986999608576298,1.0,1.0,7.410307083511725,45.70197104476392
0.013,65,2001429764,-0.05946485325694084,1.0,1.0,8.024530434980989,45.65818887203932
0.013,66,1375664061,-0.008988316170871258,1.0,1.0,7.79299026390072,46.34933220222592
0.013,67,1556456120,-0.011072891764342785,1.0,1.0,7.032327637192793,46.84087890200317
0.013,68,1576053187,-0.024829773232340813,1.0,1.0,6.875542304711416,46.59741488285363
0.013,69,1848019881,-0.009630193933844566,1.0,1.0,7.709267172613181,47.21917095594108
0.013,70,1508652585,0.052043139934539795,0.0,0.0,7.1465110395802185,46.76814400590956
0.013,71,1995737731,0.013038774952292442,0.0,0.0,6.037108710967004,47.15557303279638
0.013,72,1162788447,0.0009590261033736169,0.0,0.0,6.184585431707092,47.18375205993652
0.013,73,1172925522,0.0313885472714901,0.0,0.0,6.838683918816969,48.507073894143105
0.013,74,539174575,-4.550478479359299e-05,1.0,1.0,6.9260096669895574,47.93481691740453
0.013,75,2013637345,-0.043377019464969635,1.0,1.0,6.744219669490121,47.307722037658095
0.013,76,1187468716,-0.044951025396585464,1.0,1.0,6.271916471305303,47.62093094177544
0.013,77,1062978506,0.01790110394358635,0.0,0.0,6.275142173166387,47.37380798906088
0.013,78,679326770,0.08537226915359497,0.0,0.0,7.609916766174138,47.246502013877034
0.013,79,587923432,-0.012702353298664093,1.0,1.0,7.448418687330559,47.953607980161905
0.013,80,1359889667,-0.11362047493457794,1.0,1.0,7.495867085643113,47.64609597623348
0.013,81,970187386,-0.03418057784438133,1.0,1.0,7.783719676313922,47.5287230219692
0.013,82,1219839873,-0.052214913070201874,1.0,1.0,7.080122391809709,47.73793602362275
0.013,83,1428160212,0.005360014270991087,0.0,0.0,6.096213734243065,47.298613935709
0.013,84,1930609499,0.02875801920890808,0.0,0.0,7.5126460761530325,47.89924784563482
0.013,85,710582861,-0.040417324751615524,1.0,1.0,6.7573340273229405,47.796618891879916
0.013,86,1463614337,0.02844751812517643,0.0,0.0,6.824560369132087,47.43135697208345
0.013,87,1940152705,-0.03998185321688652,1.0,1.0,7.637459990452044,47.79163911007345
0.013,88,985452196,-0.017539160326123238,1.0,1.0,7.413292529177852,47.87879018113017
0.013,89,552062587,-0.06957338005304337,1.0,1.0,7.472080227104016,47.827618196606636
0.013,90,623566272,0.04185682535171509,0.0,0.0,7.6740356020163745,48.64548007026315
0.013,91,729775797,0.02839440479874611,0.0,0.0,6.720798174384981,51.1452229693532
0.013,92,1352536665,0.06711520254611969,0.0,0.0,6.842943534604274,52.46509495191276
0.013,93,555883440,0.0016809162916615605,0.0,0.0,6.196858880459331,48.32495911978185
0.013,94,1801800003,0.0763034000992775,0.0,0.0,6.981372488196939,48.72506903484464
0.013,95,763315502,-0.03698420897126198,1.0,1.0,7.404468723689206,47.92518098838627
0.013,96,138897982,0.041672494262456894,0.0,0.0,7.057208331651054,47.313858987763524
0.013,97,10785379,-0.045546792447566986,1.0,1.0,8.144996151677333,47.14983981102705
0.013,98,53923185,-0.042717766016721725,1.0,1.0,7.020235124160536,47.63033916242421
0.013,99,1349917978,-0.039536405354738235,1.0,1.0,6.903287881752476,47.524424036964774
0.014,0,1501552845,0.08587028086185455,0.0,0.0,6.967910564271733,46.476660994812846
0.014,1,488200390,0.03426657244563103,0.0,0.0,7.030904712853953,46.76969698630273
0.014,2,1693606510,-0.047503985464572906,1.0,1.0,7.563576475833543,46.07604187913239
0.014,3,680233354,-0.05885894596576691,1.0,1.0,7.604835967184044,46.885997988283634
0.014,4,438466540,-0.12205655127763748,1.0,1.0,7.466512587270699,46.485030092298985
0.014,5,1712329280,-0.029153309762477875,1.0,1.0,6.795770290773362,47.31697705574334
0.014,6,1380152455,0.0029542536940425634,0.0,0.0,6.186778924544342,46.74487793818116
0.014,7,1452245846,-0.010593115352094173,1.0,1.0,7.6129407627740875,46.84191104024649
0.014,8,2122694021,-0.02400211989879608,1.0,1.0,6.900246070348658,46.30259913392365
0.014,9,839901363,0.0038306971546262503,0.0,0.0,6.262113213189878,47.79358580708504
0.014,10,1802651552,-0.042024530470371246,1.0,1.0,7.418513662647456,46.275694854557514
0.014,11,714712467,-0.04151206463575363,1.0,1.0,7.529022971866652,46.68705491349101
0.014,12,1218704077,-0.07750237733125687,1.0,1.0,7.583345083519816,46.475301031023264
0.014,13,1284858263,0.03741266950964928,0.0,0.0,7.502936445293017,47.04731306992471
0.014,14,457721135,0.04220752790570259,0.0,0.0,6.880017374409363,51.595903001725674
0.014,15,401008609,-0.038909684866666794,1.0,1.0,6.835546180140227,45.89936602860689
0.014,16,492064534,0.03522634506225586,0.0,0.0,7.231465722084977,46.604753006249666
0.014,17,1444732602,-0.00527198426425457,1.0,1.0,6.9707677975529805,46.05742101557553
0.014,18,1317426686,-0.14123624563217163,1.0,1.0,7.210259857354686,46.54432996176183
0.014,19,2022506251,-0.05695142596960068,1.0,1.0,7.463139035156928,46.45422799512744
0.014,20,1516459118,0.020066378638148308,0.0,0.0,6.906069308635779,46.676340978592634
0.014,21,533103612,0.022805918008089066,0.0,0.0,6.955071960226633,45.48323596827686
0.014,22,1964759878,-0.02976774424314499,1.0,1.0,6.850095656351186,46.33554792962968
0.014,23,2037706756,-0.028786025941371918,1.0,1.0,6.295297328964807,46.14047217182815
0.014,24,1572889065,0.025492480024695396,0.0,0.0,7.555712488247082,46.23267613351345
0.014,25,1432881518,0.022005954757332802,0.0,0.0,7.517730187042616,46.65525397285819
0.014,26,280516901,-0.035921115428209305,1.0,1.0,7.106091587105766,46.318392967805266
0.014,27,205939248,-0.1709786206483841,1.0,1.0,7.310290163499303,45.973501866683364
0.014,28,571904914,0.020700404420495033,0.0,0.0,7.010851230588742,45.80786102451384
0.014,29,948843457,0.009752718731760979,0.0,0.0,7.730111800832674,47.13874403387308
0.014,30,155492488,0.006153198890388012,0.0,0.0,6.140604185522534,45.775549951940775
0.014,31,1903701130,-0.07681258767843246,1.0,1.0,7.517795575549826,45.8048009313643
0.014,32,1017961266,-0.05560995265841484,1.0,1.0,6.9637521943077445,45.435886131599545
0.014,33,1497769985,-0.05241069197654724,1.0,1.0,6.894605114124715,46.19393590837717
0.014,34,456523489,-0.07239431887865067,1.0,1.0,7.9091466357931495,45.585830230265856
0.014,35,701095136,-0.03711441531777382,1.0,1.0,7.375367340166122,45.686493860557675
0.014,36,249069576,0.016578052192926407,0.0,0.0,6.942809613305144,45.508233830332756
0.014,37,1576098728,0.023010967299342155,0.0,0.0,7.495739249163307,45.999523950740695
0.014,38,1662748500,-0.016144873574376106,1.0,1.0,6.843935643672012,45.754911145195365
0.014,39,472736216,0.00505644828081131,0.0,0.0,6.079501978587359,46.444081934168935
0.014,40,1535411295,0.024812940508127213,0.0,0.0,7.1200247729429975,46.109517104923725
0.014,41,175223003,0.06192106753587723,0.0,0.0,7.0798052966129035,46.30942898802459
0.014,42,840936862,-0.30000001192092896,1.0,1.0,8.051324971602298,46.791408909484744
0.014,43,343373188,0.006829475052654743,0.0,0.0,7.3645620291354135,45.5007660202682
0.014,44,1597751082,-0.029695110395550728,1.0,1.0,7.068015502998605,45.710060046985745
0.014,45,730359585,0.030073152855038643,0.0,0.0,7.1989471319830045,45.86406401358545
0.014,46,1016641002,-0.013609387911856174,1.0,1.0,6.914959749672562,45.9220081102103
0.014,47,998994690,0.014061609283089638,0.0,0.0,7.369306705775671,47.64626990072429
0.014,48,1021240743,0.07030992209911346,0.0,0.0,6.967896483023651,46.09888116829097
0.014,49,572134801,0.05313932150602341,0.0,0.0,7.783814818714745,45.62851809896529
0.014,50,1198399760,-0.013565183617174625,1.0,1.0,7.499668615288101,45.655490132048726
0.014,51,1751866485,-0.14331713318824768,1.0,1.0,7.451303363312036,46.32574296556413
0.014,52,1070889713,0.015526693314313889,0.0,0.0,6.79387082986068,46.54062306508422
0.014,53,415096539,-0.1488441377878189,1.0,1.0,7.685067987884395,46.852142782881856
0.014,54,52416235,-0.010331852361559868,1.0,1.0,6.895753865246661,46.72233900055289
0.014,55,278032723,-4.975186675437726e-05,1.0,1.0,6.259102585026994,46.29533598199487
0.014,56,174946158,-0.12180403620004654,1.0,1.0,6.922442039824091,47.4955840036273
0.014,57,196848554,0.0026935110799968243,0.0,0.0,6.25323836109601,46.890506986528635
0.014,58,263030910,0.03992340713739395,0.0,0.0,7.35030830570031,45.86890805512667
0.014,59,1285415020,0.08641032129526138,0.0,0.0,7.707328509539366,47.36999794840813
0.014,60,1733223444,0.03380053862929344,0.0,0.0,6.858946405234747,45.10130803100765
0.014,61,1835544261,-0.14107899367809296,1.0,1.0,7.577558556338772,45.32898496836424
0.014,62,1403186970,0.012129142880439758,0.0,0.0,6.962786579155363,45.95437599346042
0.014,63,1291971777,-0.03764961287379265,1.0,1.0,7.758680387632921,46.24352301470935
0.014,64,712292067,0.019550126045942307,0.0,0.0,6.833459229324944,44.74736121483147
0.014,65,2001429764,-0.0017681816825643182,1.0,1.0,6.854073069873266,45.056106988340616
0.014,66,1375664061,-0.07109001278877258,1.0,1.0,7.220623708795756,46.00364086218178
0.014,67,1556456120,-0.06209675967693329,1.0,1.0,6.911830173572525,46.6802311129868
0.014,68,1576053187,-0.048376526683568954,1.0,1.0,7.1160120028071105,47.36823192797601
0.014,69,1848019881,0.05507481470704079,0.0,0.0,7.635475101764314,46.678347047418356
0.014,70,1508652585,0.010302374139428139,0.0,0.0,7.416112596169114,47.05409985035658
0.014,71,1995737731,0.020389102399349213,0.0,0.0,6.081233009812422,46.67405202053487
0.014,72,1162788447,-0.051118433475494385,1.0,1.0,7.691238785278983,46.1913428734988
0.014,73,1172925522,0.025318948552012444,0.0,0.0,6.7698749450501055,46.96456412784755
0.014,74,539174575,-0.06800207495689392,1.0,1.0,7.527487081941217,46.925190137699246
0.014,75,2013637345,-0.0349208302795887,1.0,1.0,7.041389435180463,46.228236984461546
0.014,76,1187468716,-0.042720288038253784,1.0,1.0,6.273106149979867,46.585148898884654
0.014,77,1062978506,0.02187703549861908,0.0,0.0,6.299143067328259,46.41573713161051
0.014,78,679326770,0.10112183541059494,0.0,0.0,6.987698337528855,46.34600109420717
0.014,79,587923432,0.021643182262778282,0.0,0.0,7.559068368515,46.700953040272
0.014,80,1359889667,-0.021818846464157104,1.0,1.0,6.8419203027151525,47.30158997699618
0.014,81,970187386,0.03570748120546341,0.0,0.0,7.0250142310978845,46.94817983545363
0.014,82,1219839873,-0.13967293500900269,1.0,1.0,6.95212415442802,47.10861318744719
0.014,83,1428160212,0.006769638508558273,0.0,0.0,6.115302505670115,47.120501985773444
0.014,84,1930609499,-0.02242766134440899,1.0,1.0,7.703050980693661,47.335040057078004
0.014,85,710582861,-0.001904118456877768,1.0,1.0,6.961728086695075,47.68595192581415
0.014,86,1463614337,0.05927249416708946,0.0,0.0,6.796806801110506,47.12828295305371
0.014,87,1940152705,-0.02620980329811573,1.0,1.0,6.819027621648274,47.36281302757561
0.014,88,985452196,0.05385713279247284,0.0,0.0,7.48613321967423,47.31820593588054
0.014,89,552062587,0.08538896590471268,0.0,0.0,7.726157062454149,47.08179901354015
0.014,90,623566272,-0.04725969582796097,1.0,1.0,7.413775360095315,48.24913805350661
0.014,91,729775797,-0.07898838073015213,1.0,1.0,7.630294491071254,50.79828901216388
0.014,92,1352536665,0.044157955795526505,0.0,0.0,6.858535488252528,51.38955498114228
0.014,93,555883440,0.009029286913573742,0.0,0.0,6.2271401735488325,47.529951902106404
0.014,94,1801800003,-0.08400917798280716,1.0,1.0,7.929397918982431,47.43716097436845
0.014,95,763315502,-0.09092004597187042,1.0,1.0,7.516830449225381,47.08783910609782
0.014,96,138897982,-0.02344372123479843,1.0,1.0,7.038724978920072,46.24364408664405
0.014,97,10785379,-0.08395419269800186,1.0,1.0,7.427216485608369,45.727659948170185
0.014,98,53923185,-0.004563387017697096,1.0,1.0,6.987938340404071,46.63603496737778
0.014,99,1349917978,0.00837835855782032,0.0,0.0,6.960680160205811,46.45751789212227
0.015,0,1501552845,0.02248872071504593,0.0,0.0,7.1121378901880234,52.17417608946562
0.015,1,488200390,0.04246579483151436,0.0,0.0,7.683359872316942,47.216254053637385
0.015,2,1693606510,-0.04949022829532623,1.0,1.0,7.351367322495207,46.94420099258423
0.015,3,680233354,-0.005081776063889265,1.0,1.0,7.385259088361636,45.25764309801161
0.015,4,438466540,-0.06991593539714813,1.0,1.0,7.416964317904785,45.89603003114462
0.015,5,1712329280,-0.017022952437400818,1.0,1.0,6.968470958643593,45.43353104963899
0.015,6,1380152455,-0.0018436748068779707,1.0,1.0,6.127914095879532,45.99219700321555
0.015,7,1452245846,0.05681319162249565,0.0,0.0,7.650204550707713,46.08437907882035
0.015,8,2122694021,-0.020240411162376404,1.0,1.0,7.595934503478929,46.029784018173814
0.015,9,839901363,0.0007876155432313681,0.0,0.0,6.270702805952169,45.43515504337847
0.015,10,1802651552,-0.005828062072396278,1.0,1.0,7.532757438370027,48.15442604012787
0.015,11,714712467,-0.0676291361451149,1.0,1.0,7.381869105272926,45.76273798011243
0.015,12,1218704077,-0.022828740999102592,1.0,1.0,6.858710024389438,45.52323487587273
0.015,13,1284858263,0.06412187963724136,0.0,0.0,7.340978518826887,45.75805505737662
0.015,14,457721135,-0.038381706923246384,1.0,1.0,7.339871603064239,45.140302972868085
0.015,15,401008609,0.012247252278029919,0.0,0.0,6.945021079503931,45.24701205082238
0.015,16,492064534,-0.08530254662036896,1.0,1.0,7.478586332523264,45.72491394355893
0.015,17,1444732602,-0.043881431221961975,1.0,1.0,7.118573073879816,45.54250882938504
0.015,18,1317426686,0.031469039618968964,0.0,0.0,6.903143060626462,45.118192909285426
0.015,19,2022506251,-0.03481300547719002,1.0,1.0,7.466631217626855,45.76445207931101
0.015,20,1516459118,-0.10875464975833893,1.0,1.0,7.421449635759927,45.99495604634285
0.015,21,533103612,0.009097244590520859,0.0,0.0,6.919172411900945,46.01759696379304
0.015,22,1964759878,-0.007685184013098478,1.0,1.0,7.291628041421063,45.83936417475343
0.015,23,2037706756,-0.017977049574255943,1.0,1.0,6.3403917397372425,45.67064600996673
0.015,24,1572889065,-0.023753931745886803,1.0,1.0,6.985659691505134,44.79082301259041
0.015,25,1432881518,0.04883580282330513,0.0,0.0,7.032328874454834,45.39753613062203
0.015,26,280516901,-0.03989032655954361,1.0,1.0,7.716388613334857,46.511187916621566
0.015,27,205939248,0.0016268399776890874,0.0,0.0,6.940130093717016,45.672887936234474
0.015,28,571904914,0.012548060156404972,0.0,0.0,6.96494862891268,51.57346883788705
0.015,29,948843457,-0.014335540123283863,1.0,1.0,6.9837655844166875,52.07730596885085
0.015,30,155492488,0.008826504461467266,0.0,0.0,6.1495479757431895,46.877770917490125
0.015,31,1903701130,0.04065515846014023,0.0,0.0,7.528037868440151,45.875090872868896
0.015,32,1017961266,-0.038226351141929626,1.0,1.0,6.959112954442389,47.47940297238529
0.015,33,1497769985,-0.029207127168774605,1.0,1.0,6.315530618419871,46.912461053580046
0.015,34,456523489,0.1239260733127594,0.0,0.0,7.617760524852201,45.696774031966925
0.015,35,701095136,0.061456602066755295,0.0,0.0,6.939159311470576,45.596413081511855
0.015,36,249069576,-0.10602549463510513,1.0,1.0,7.595911222975701,46.12429579719901
0.015,37,1576098728,0.058178577572107315,0.0,0.0,6.92844445980154,46.799116069450974
0.015,38,1662748500,-0.0010482269572094083,1.0,1.0,6.179848557920195,46.438963850960135
0.015,39,472736216,-0.007045070640742779,1.0,1.0,6.77845507976599,46.98018589988351
0.015,40,1535411295,0.12329784035682678,0.0,0.0,7.292171122506261,46.007589204236865
0.015,41,175223003,-0.004568070638924837,1.0,1.0,7.657074213493615,46.49479198269546
0.015,42,840936862,-0.07631184160709381,1.0,1.0,7.598683727439493,45.64939392730594
0.015,43,343373188,-0.007089667953550816,1.0,1.0,6.780194756807759,46.25723999924958
0.015,44,1597751082,0.003950686659663916,0.0,0.0,7.149324982776307,46.13895411603153
0.015,45,730359585,-0.026765091344714165,1.0,1.0,7.563033425016329,46.131980838254094
0.015,46,1016641002,-0.010125036351382732,1.0,1.0,6.939109039842151,46.26306286081672
0.015,47,998994690,-0.09559489786624908,1.0,1.0,6.924957128241658,45.84177280776203
0.015,48,1021240743,-0.06305649131536484,1.0,1.0,7.518837291398086,46.4486088603735
0.015,49,572134801,-0.03149334713816643,1.0,1.0,7.741988021531142,46.138024190440774
0.015,50,1198399760,0.044793952256441116,0.0,0.0,6.868325594696216,46.68357991613448
0.015,51,1751866485,-0.002113313414156437,1.0,1.0,7.224133270327002,45.29435094445944
0.015,52,1070889713,0.0501844584941864,0.0,0.0,6.899605794344097,45.570153975859284
0.015,53,415096539,-0.040273766964673996,1.0,1.0,7.988075444241986,45.50301400013268
0.015,54,52416235,-0.07394369691610336,1.0,1.0,7.15016629663296,45.488432981073856
0.015,55,278032723,0.010838396847248077,0.0,0.0,6.249305954552256,45.25642702355981
0.015,56,174946158,0.01788610965013504,0.0,0.0,7.433326552505605,45.77292897738516
0.015,57,196848554,0.007963491603732109,0.0,0.0,6.266743839485571,45.63713609240949
0.015,58,263030910,-0.025814874097704887,1.0,1.0,7.272324127727188,45.521311927586794
0.015,59,1285415020,-0.01312033087015152,1.0,1.0,7.535834603826515,46.51661985553801
0.015,60,1733223444,0.018321234732866287,0.0,0.0,7.400855550309643,47.298229997977614
0.015,61,1835544261,-0.03534328565001488,1.0,1.0,7.313840844086371,46.93943611346185
0.015,62,1403186970,0.003414162900298834,0.0,0.0,7.586752730770968,46.25328490510583
0.015,63,1291971777,0.07457199692726135,0.0,0.0,6.068122356431559,46.08055995777249
0.015,64,712292067,-0.047570839524269104,1.0,1.0,7.663371118134819,49.49212889187038
0.015,65,2001429764,-0.0733722522854805,1.0,1.0,7.799761508591473,45.810146955773234
0.015,66,1375664061,0.0030431400518864393,0.0,0.0,7.509879239602014,45.73049605824053
0.015,67,1556456120,0.014528087340295315,0.0,0.0,6.964119967888109,46.40558804385364
0.015,68,1576053187,0.06848755478858948,0.0,0.0,6.976098235347308,50.18450296483934
0.015,69,1848019881,0.003817945485934615,0.0,0.0,6.939456571592018,46.031330013647676
0.015,70,1508652585,-0.051539380103349686,1.0,1.0,7.989934873301536,46.361689921468496
0.015,71,1995737731,0.027605675160884857,0.0,0.0,6.098937177681364,46.40328302048147
0.015,72,1162788447,0.032805148512125015,0.0,0.0,6.922535966150463,46.51774396188557
0.015,73,1172925522,0.007662023883312941,0.0,0.0,7.393724181223661,46.273100888356566
0.015,74,539174575,0.04238810017704964,0.0,0.0,6.950371927348897,47.27142094634473
0.015,75,2013637345,-0.06311310827732086,1.0,1.0,7.032598034362309,48.13059791922569
0.015,76,1187468716,-0.03626122698187828,1.0,1.0,6.300367980264127,45.61065905727446
0.015,77,1062978506,0.02610364556312561,0.0,0.0,6.354390219319612,46.44907684996724
0.015,78,679326770,0.0856604129076004,0.0,0.0,6.773222181946039,47.79158695600927
0.015,79,587923432,-0.0450703389942646,1.0,1.0,7.398766731377691,47.794705955311656
0.015,80,1359889667,-0.15660631656646729,1.0,1.0,7.520243062521331,47.56289208307862
0.015,81,970187386,0.003490308066830039,0.0,0.0,6.9883542691823095,48.498067073524
0.015,82,1219839873,-0.09098125994205475,1.0,1.0,7.455804240657017,46.92528094165027
0.015,83,1428160212,0.013497372157871723,0.0,0.0,6.099445025669411,45.49667006358504
0.015,84,1930609499,-0.13152427971363068,1.0,1.0,7.593553644022904,47.504714922979474
0.015,85,710582861,0.07243665307760239,0.0,0.0,7.5414704526774585,48.15221088938415
0.015,86,1463614337,-0.06183234602212906,1.0,1.0,6.8655503580812365,47.15866292826831
0.015,87,1940152705,-0.06755545735359192,1.0,1.0,7.657426181482151,47.32722882181406
0.015,88,985452196,0.06947711855173111,0.0,0.0,7.012483112164773,47.073903027921915
0.015,89,552062587,-0.08615969866514206,1.0,1.0,7.722195127280429,47.20434010960162
0.015,90,623566272,-0.13740262389183044,1.0,1.0,7.286597848404199,47.619203105568886
0.015,91,729775797,0.05656861886382103,0.0,0.0,6.745160316233523,47.85239603370428
0.015,92,1352536665,-0.007676341570913792,1.0,1.0,7.524693697690964,47.37034905701876
0.015,93,555883440,0.023362062871456146,0.0,0.0,6.223936268361285,47.881837002933025
0.015,94,1801800003,0.014131089672446251,0.0,0.0,6.847551083657891,47.37749183550477
0.015,95,763315502,-0.10663946717977524,1.0,1.0,7.796587754855864,47.06453415565193
0.015,96,138897982,-0.06285595893859863,1.0,1.0,7.044140221900307,47.813385957852006
0.015,97,10785379,0.011988657526671886,0.0,0.0,6.9774799078004435,48.05857315659523
0.015,98,53923185,0.02779575064778328,0.0,0.0,6.979222699650563,47.27324401028454
0.015,99,1349917978,-0.12893305718898773,1.0,1.0,7.471181972767226,48.35628578439355
0.016,0,1501552845,0.05491219833493233,0.0,0.0,7.103670210461132,47.185386065393686
0.016,1,488200390,-0.053236570209264755,1.0,1.0,7.610134721617214,47.035596100613475
0.016,2,1693606510,0.04175572842359543,0.0,0.0,7.044025222887285,46.09527182765305
0.016,3,680233354,0.001766163855791092,0.0,0.0,7.605102243134752,46.46545089781284
0.016,4,438466540,-0.11363190412521362,1.0,1.0,7.629922873107716,45.37999304011464
0.016,5,1712329280,-0.02183425985276699,1.0,1.0,7.682865378679708,45.264102052897215
0.016,6,1380152455,0.015812305733561516,0.0,0.0,6.049293313524686,46.297834953293204
0.016,7,1452245846,-0.014878199435770512,1.0,1.0,7.724517280119471,45.34448403865099
0.016,8,2122694021,-0.034209977835416794,1.0,1.0,6.976583530078642,45.38922617211938
0.016,9,839901363,0.0037211142480373383,0.0,0.0,6.291360342176631,46.41513805836439
0.016,10,1802651552,0.06569069623947144,0.0,0.0,7.050970576470718,45.82812404260039
0.016,11,714712467,-0.03978284075856209,1.0,1.0,7.595175281399861,45.30206578783691
0.016,12,1218704077,-0.05469414219260216,1.0,1.0,6.8433475331403315,45.95177806913853
0.016,13,1284858263,-0.02557717077434063,1.0,1.0,7.6131145774852484,46.52491398155689
0.016,14,457721135,0.10643359273672104,0.0,0.0,7.487889238051139,46.21379799209535
0.016,15,401008609,-0.04521000012755394,1.0,1.0,7.884507700917311,46.117955818772316
0.016,16,492064534,-6.470227617683122e-06,1.0,1.0,6.9523599102394655,45.883316081017256
0.016,17,1444732602,-0.05233221501111984,1.0,1.0,6.715075090294704,45.59028893709183
0.016,18,1317426686,-0.0761168822646141,1.0,1.0,7.4362700034398586,46.6896730940789
0.016,19,2022506251,0.05727915093302727,0.0,0.0,7.560583877260797,45.979775954037905
0.016,20,1516459118,-0.027193749323487282,1.0,1.0,6.843227168195881,45.88860785588622
0.016,21,533103612,0.05867508798837662,0.0,0.0,6.870443709893152,45.61353987082839
0.016,22,1964759878,-0.04007885232567787,1.0,1.0,7.708127726451494,46.84717487543821
0.016,23,2037706756,-0.013592129573225975,1.0,1.0,6.347331451717764,46.41743702813983
0.016,24,1572889065,-0.014080191031098366,1.0,1.0,6.975782448775135,45.60107202269137
0.016,25,1432881518,-0.1299264132976532,1.0,1.0,7.766566434991546,47.404039883986115
0.016,26,280516901,-0.1384815275669098,1.0,1.0,6.910838747746311,46.1549109313637
0.016,27,205939248,0.09545540064573288,0.0,0.0,7.078871509758756,46.20782798156142
0.016,28,571904914,0.03691922500729561,0.0,0.0,6.970920669962652,51.69759294949472
0.016,29,948843457,-0.010286853648722172,1.0,1.0,6.9727960508316755,52.080545108765364
0.016,30,155492488,0.009913543239235878,0.0,0.0,6.176750643062405,47.95216699130833
0.016,31,1903701130,-0.018639270216226578,1.0,1.0,7.120696542551741,46.5983971953392
0.016,32,1017961266,0.1318088173866272,0.0,0.0,7.384743457543664,48.41220402158797
0.016,33,1497769985,-0.00430498830974102,1.0,1.0,6.288842139416374,47.411761013790965
0.016,34,456523489,-0.06032639369368553,1.0,1.0,7.922273721895181,46.57257487997413
0.016,35,701095136,-0.008236435241997242,1.0,1.0,7.3065223501762375,47.07672004587948
0.016,36,249069576,0.009005177766084671,0.0,0.0,6.8349873191909865,45.94817594625056
0.016,37,1576098728,-0.014231030829250813,1.0,1.0,7.005007583647966,46.581994043663144
0.016,38,1662748500,0.13891445100307465,0.0,0.0,7.693040932412259,47.443605959415436
0.016,39,472736216,0.014127006754279137,0.0,0.0,6.084846726618707,47.52399609424174
0.016,40,1535411295,0.1281268149614334,0.0,0.0,7.475184376584366,46.49420198984444
0.016,41,175223003,-0.09870708733797073,1.0,1.0,7.686080722487532,47.5891730748117
0.016,42,840936862,-0.04190986603498459,1.0,1.0,7.5562315076822415,47.129212180152535
0.016,43,343373188,-0.07650424540042877,1.0,1.0,7.651951920939609,47.03994211740792
0.016,44,1597751082,-0.044644687324762344,1.0,1.0,7.043525633052923,47.42079903371632
0.016,45,730359585,-0.025558389723300934,1.0,1.0,7.505604348960333,47.18738910742104
0.016,46,1016641002,0.010182876139879227,0.0,0.0,7.383466997300275,47.21384611912072
0.016,47,998994690,-0.08003172278404236,1.0,1.0,7.084639886044897,47.69698600284755
0.016,48,1021240743,0.08522380143404007,0.0,0.0,6.987679882207885,47.1464148722589
0.016,49,572134801,-0.0127914659678936,1.0,1.0,7.121522214729339,45.81575817428529
0.016,50,1198399760,0.06304881721735,0.0,0.0,7.00094837974757,46.38948407955468
0.016,51,1751866485,-0.059190861880779266,1.0,1.0,7.5492468372685835,46.750411158427596
0.016,52,1070889713,0.10633514076471329,0.0,0.0,6.854422608856112,46.175915049389005
0.016,53,415096539,0.005903657991439104,0.0,0.0,6.925279859569855,45.5880940426141
0.016,54,52416235,-0.07758355140686035,1.0,1.0,7.5707467487081885,46.68876016512513
0.016,55,278032723,-0.01395078469067812,1.0,1.0,6.9141505692387,45.85089115425944
0.016,56,174946158,-0.08799705654382706,1.0,1.0,6.975931191118434,46.30360286682844
0.016,57,196848554,0.010278833098709583,0.0,0.0,6.288938518729992,45.915187103673816
0.016,58,263030910,0.046978794038295746,0.0,0.0,7.620869369595312,45.95066700130701
0.016,59,1285415020,0.1250101923942566,0.0,0.0,7.506762866512872,46.375548001378775
0.016,60,1733223444,0.006794806569814682,0.0,0.0,6.8504145530750975,48.57839806936681
0.016,61,1835544261,-0.1136924996972084,1.0,1.0,7.722107408801094,46.512889908626676
0.016,62,1403186970,0.01468157023191452,0.0,0.0,6.948680956615135,45.89680000208318
0.016,63,1291971777,-0.03627902641892433,1.0,1.0,7.4788520557340235,46.488631051033735
0.016,64,712292067,0.057121701538562775,0.0,0.0,6.985028495080769,46.29458882845938
0.016,65,2001429764,0.06577938795089722,0.0,0.0,6.923671645461582,46.82042985223234
0.016,66,1375664061,-0.022691043093800545,1.0,1.0,6.855711154523306,46.769356122240424
0.016,67,1556456120,-0.03997441381216049,1.0,1.0,6.851283535477705,46.44043697044253
0.016,68,1576053187,-0.019857672974467278,1.0,1.0,6.9437030599219725,46.62050283513963
0.016,69,1848019881,-0.0008357115439139307,1.0,1.0,7.023158570751548,46.10433103516698
0.016,70,1508652585,-0.015950173139572144,1.0,1.0,6.962108334410004,46.396435936912894
0.016,71,1995737731,0.056746043264865875,0.0,0.0,6.071737009217031,47.947904793545604
0.016,72,1162788447,0.017423249781131744,0.0,0.0,7.005854889983311,45.319169061258435
0.016,73,1172925522,0.040526941418647766,0.0,0.0,7.444691839627922,47.36918001435697
0.016,74,539174575,0.05570231378078461,0.0,0.0,6.943925039260648,46.54592205770314
0.016,75,2013637345,-0.08928528428077698,1.0,1.0,6.9603517081122845,47.566484892740846
0.016,76,1187468716,-0.023547805845737457,1.0,1.0,6.309043414774351,47.01832984574139
0.016,77,1062978506,0.01648084819316864,0.0,0.0,6.818092544330284,44.5192470215261
0.016,78,679326770,-0.02937542460858822,1.0,1.0,7.5746304066851735,47.478908905759454
0.016,79,587923432,0.0073729027062654495,0.0,0.0,7.42270741565153,48.76265302300453
0.016,80,1359889667,-0.07820788770914078,1.0,1.0,7.496157786459662,48.36396896280348
0.016,81,970187386,0.04031749069690704,0.0,0.0,6.994139963760972,48.722737934440374
0.016,82,1219839873,-0.06133897602558136,1.0,1.0,7.236701245768927,49.03739783912897
0.016,83,1428160212,0.019052859395742416,0.0,0.0,6.10570024617482,47.880847938358784
0.016,84,1930609499,0.033916715532541275,0.0,0.0,7.0823353317100555,46.78050801157951
0.016,85,710582861,0.010615499690175056,0.0,0.0,6.990620424505323,48.91084902919829
0.016,86,1463614337,-0.014306529425084591,1.0,1.0,7.607400403008796,49.05245499685407
0.016,87,1940152705,0.005553940311074257,0.0,0.0,6.999014221364632,47.96725302003324
0.016,88,985452196,-0.07060689479112625,1.0,1.0,7.394320102757774,48.22737304493785
0.016,89,552062587,0.030566196888685226,0.0,0.0,7.694550404441543,48.27253194525838
0.016,90,623566272,0.052375178784132004,0.0,0.0,7.281324113137089,48.05757291615009
0.016,91,729775797,0.035441379994153976,0.0,0.0,6.872864588047378,47.92033904232085
0.016,92,1352536665,0.036985743790864944,0.0,0.0,7.263127106358297,47.82979399897158
0.016,93,555883440,-0.11364172399044037,1.0,1.0,7.46789468661882,47.876725206151605
0.016,94,1801800003,0.06910780072212219,0.0,0.0,6.861050651408732,48.04154904559255
0.016,95,763315502,-0.050021231174468994,1.0,1.0,7.553928716224618,47.171179903671145
0.016,96,138897982,-0.0005200047162361443,1.0,1.0,7.5351312143029645,47.15912998653948
0.016,97,10785379,-0.05788199231028557,1.0,1.0,7.6313458163058385,47.92858497239649
0.016,98,53923185,-0.10693787038326263,1.0,1.0,7.453544560354203,47.761908965185285
0.016,99,1349917978,-0.054605137556791306,1.0,1.0,7.099223722238094,47.806470887735486
0.017,0,1501552845,-0.09036517143249512,1.0,1.0,7.721391451195814,47.11163486354053
0.017,1,488200390,0.07203216850757599,0.0,0.0,7.570139674353413,46.44444910809398
0.017,2,1693606510,-0.30000001192092896,1.0,1.0,9.275599599233828,46.779009979218245
0.017,3,680233354,-0.019845344126224518,1.0,1.0,6.991157740005292,45.86219321936369
0.017,4,438466540,-0.07478649169206619,1.0,1.0,7.704865010920912,46.61696380935609
0.017,5,1712329280,-0.09859132766723633,1.0,1.0,7.431245694635436,46.07457900419831
0.017,6,1380152455,0.03164802864193916,0.0,0.0,6.075601730495691,46.511437045410275
0.017,7,1452245846,-0.03291317820549011,1.0,1.0,7.325272467918694,45.96675909124315
0.017,8,2122694021,-0.05450694262981415,1.0,1.0,7.569864338263869,45.99124216474593
0.017,9,839901363,0.007986958138644695,0.0,0.0,6.268684796988964,46.6880879830569
0.017,10,1802651552,0.08690163493156433,0.0,0.0,7.82699917408172,46.77390493452549
0.017,11,714712467,-0.04345867037773132,1.0,1.0,7.869257128448226,46.84947500936687
0.017,12,1218704077,-0.038783468306064606,1.0,1.0,7.530333540751599,46.73925903625786
0.017,13,1284858263,0.005269945133477449,0.0,0.0,6.98558145260904,46.22090398333967
0.017,14,457721135,-0.04737182334065437,1.0,1.0,6.913079855614342,45.17461499199271
0.017,15,401008609,0.048016443848609924,0.0,0.0,8.061414986848831,44.92009407840669
0.017,16,492064534,-0.05589410662651062,1.0,1.0,7.754934338387102,45.6975509878248
0.017,17,1444732602,-0.10016454011201859,1.0,1.0,6.954510445939377,45.29088200069964
0.017,18,1317426686,-0.012681074440479279,1.0,1.0,7.7534141765208915,45.48257798887789
0.017,19,2022506251,-0.0472545400261879,1.0,1.0,7.438352802186273,45.22720887325704
0.017,20,1516459118,-0.008578289300203323,1.0,1.0,7.425498660770245,45.41137511841953
0.017,21,533103612,-0.10631324350833893,1.0,1.0,7.062011111527681,46.08971206471324
0.017,22,1964759878,0.043753474950790405,0.0,0.0,7.657056105323136,45.956994872540236
0.017,23,2037706756,-0.01182691752910614,1.0,1.0,6.32853269437328,45.18314287997782
0.017,24,1572889065,0.028634173795580864,0.0,0.0,7.111303638201207,45.697959838435054
0.017,25,1432881518,-0.0029446932021528482,1.0,1.0,7.0753504815511405,46.04568378999829
0.017,26,280516901,-0.01120105292648077,1.0,1.0,6.37497220619116,45.91170605272055
0.017,27,205939248,-0.02283417619764805,1.0,1.0,7.569261555792764,51.5999470371753
0.017,28,571904914,-0.03404662758111954,1.0,1.0,7.020398759981617,51.999914925545454
0.017,29,948843457,0.006416527554392815,0.0,0.0,7.547399744740687,46.80112097412348
0.017,30,155492488,0.014845638535916805,0.0,0.0,6.163223648793064,46.625173185020685
0.017,31,1903701130,0.0420709103345871,0.0,0.0,7.191174689214677,47.842226922512054
0.017,32,1017961266,-0.07936370372772217,1.0,1.0,7.110191979329102,47.12386289611459
0.017,33,1497769985,0.0012996188597753644,0.0,0.0,6.3057317530037835,45.819556107744575
0.017,34,456523489,0.05987805500626564,0.0,0.0,7.722648796159774,45.96554418094456
0.017,35,701095136,-0.03620684891939163,1.0,1.0,7.397053521126509,46.007468830794096
0.017,36,249069576,0.04718676581978798,0.0,0.0,6.930532150901854,46.29211500287056
0.017,37,1576098728,0.032427094876766205,0.0,0.0,7.328170308261178,47.28245106525719
0.017,38,1662748500,-0.026705438271164894,1.0,1.0,6.934450217639096,47.59982414543629
0.017,39,472736216,0.016871953383088112,0.0,0.0,6.097600085660815,46.33140400983393
0.017,40,1535411295,-0.11035104095935822,1.0,1.0,7.4479930906090885,46.438712161034346
0.017,41,175223003,0.0008479487732984126,0.0,0.0,6.860529432189651,45.43132893741131
0.017,42,840936862,0.01185469888150692,0.0,0.0,7.046700150007382,45.755940955132246
0.017,43,343373188,0.07748469710350037,0.0,0.0,7.139613296836615,45.88320781476796
0.017,44,1597751082,-0.008262760937213898,1.0,1.0,7.165399154415354,46.53203091584146
0.017,45,730359585,-0.10425202548503876,1.0,1.0,7.509894203860313,45.76754989102483
0.017,46,1016641002,-0.03580169379711151,1.0,1.0,7.843212553067133,45.86447007022798
0.017,47,998994690,-0.07788003981113434,1.0,1.0,7.583242301945575,46.68329400010407
0.017,48,1021240743,-0.04548665136098862,1.0,1.0,7.423101340420544,45.85456685163081
0.017,49,572134801,-0.09465615451335907,1.0,1.0,7.05215872079134,47.33356414362788
0.017,50,1198399760,0.018302612006664276,0.0,0.0,6.858931059250608,46.198879135772586
0.017,51,1751866485,0.017330026254057884,0.0,0.0,7.019461090560071,45.98972597159445
0.017,52,1070889713,0.015805918723344803,0.0,0.0,6.819419360952452,45.888626947999
0.017,53,415096539,-0.09283969551324844,1.0,1.0,7.028957345872186,46.31044389680028
0.017,54,52416235,-0.023627545684576035,1.0,1.0,6.906138349906541,45.27813894674182
0.017,55,278032723,-0.07604260742664337,1.0,1.0,7.1661584473913535,46.98393982835114
0.017,56,174946158,-0.015943964943289757,1.0,1.0,7.213585375691764,45.644475147128105
0.017,57,196848554,0.01730423793196678,0.0,0.0,6.293388543417677,46.272045001387596
0.017,58,263030910,0.09517763555049896,0.0,0.0,7.190394823788665,47.582600032910705
0.017,59,1285415020,-0.08295917510986328,1.0,1.0,7.395461987354793,46.33897100575268
0.017,60,1733223444,0.06044311448931694,0.0,0.0,7.13544715277385,47.26794711314142
0.017,61,1835544261,-0.041290681809186935,1.0,1.0,8.068548338487744,47.71658196114004
0.017,62,1403186970,-0.03878359869122505,1.0,1.0,7.4408775304909796,46.55952798202634
0.017,63,1291971777,-0.14042283594608307,1.0,1.0,7.483656964381225,46.64728790521622
0.017,64,712292067,-0.042163558304309845,1.0,1.0,7.675023796153255,49.12482388317585
0.017,65,2001429764,-0.1597633808851242,1.0,1.0,7.2259151202160865,46.43134190700948
0.017,66,1375664061,0.04349342733621597,0.0,0.0,6.997395312413573,46.03058402426541
0.017,67,1556456120,-0.044226642698049545,1.0,1.0,6.828710252535529,45.710200909525156
0.017,68,1576053187,0.010043286718428135,0.0,0.0,7.545635297079571,45.88330304250121
0.017,69,1848019881,-0.01355241984128952,1.0,1.0,7.0560312391025946,45.741873094812036
0.017,70,1508652585,0.007281900849193335,0.0,0.0,6.701205743360333,46.11313296481967
0.017,71,1995737731,0.06160377711057663,0.0,0.0,6.085432748543099,46.74442298710346
0.017,72,1162788447,-0.08829239010810852,1.0,1.0,7.25117700023111,47.28488205000758
0.017,73,1172925522,-0.04512129724025726,1.0,1.0,7.914713293546811,46.42131389118731
0.017,74,539174575,-0.004019778687506914,1.0,1.0,7.128502761363052,47.2148060798645
0.017,75,2013637345,-0.008304932154715061,1.0,1.0,7.017650561523624,45.911997091025114
0.017,76,1187468716,-0.01769237034022808,1.0,1.0,6.326356125646271,46.564497984945774
0.017,77,1062978506,-0.05367428809404373,1.0,1.0,6.781164346844889,46.61428299732506
0.017,78,679326770,0.016758611425757408,0.0,0.0,6.936252549639903,47.986970981583
0.017,79,587923432,-0.14811380207538605,1.0,1.0,7.725635903771035,48.444141168147326
0.017,80,1359889667,-0.30000001192092896,1.0,1.0,8.807628613314591,48.028022050857544
0.017,81,970187386,-0.01773957721889019,1.0,1.0,6.984074395033531,48.69738291017711
0.017,82,1219839873,-0.06445587426424026,1.0,1.0,6.823845390114002,47.0536551438272
0.017,83,1428160212,0.036873944103717804,0.0,0.0,6.136039611301385,46.41574900597334
0.017,84,1930609499,-0.015906596556305885,1.0,1.0,7.058316019596532,48.01942897029221
0.017,85,710582861,-0.06644058972597122,1.0,1.0,6.810289472574368,48.6022939439863
0.017,86,1463614337,-0.026706727221608162,1.0,1.0,7.046778980875388,48.42655383981764
0.017,87,1940152705,0.01320936344563961,0.0,0.0,7.832243388635106,47.911199973896146
0.017,88,985452196,0.032849375158548355,0.0,0.0,6.977829694165848,47.984098084270954
0.017,89,552062587,0.029694609344005585,0.0,0.0,7.664207768626511,47.54159017466009
0.017,90,623566272,0.028437523171305656,0.0,0.0,7.133295762119815,48.19872695952654
0.017,91,729775797,0.03282161056995392,0.0,0.0,7.714746087905951,48.074510879814625
0.017,92,1352536665,0.04614146426320076,0.0,0.0,7.5876795968506485,48.22464007884264
0.017,93,555883440,-0.1337183564901352,1.0,1.0,7.418347477563657,48.31640608608723
0.017,94,1801800003,0.06444425135850906,0.0,0.0,7.3132454614387825,47.872197115793824
0.017,95,763315502,-0.06845740228891373,1.0,1.0,7.593305758200586,48.164603067561984
0.017,96,138897982,-0.07293336093425751,1.0,1.0,7.388187840464525,47.66657599247992
0.017,97,10785379,-0.011490833014249802,1.0,1.0,7.060976150794886,48.65518398582935
0.017,98,53923185,0.030776992440223694,0.0,0.0,7.796942364191636,47.850666800513864
0.017,99,1349917978,-0.10688576102256775,1.0,1.0,7.2423929333454,48.30670193769038
0.018,0,1501552845,-0.1675153225660324,1.0,1.0,7.566992207895964,48.167058965191245
0.018,1,488200390,-0.09294921904802322,1.0,1.0,6.963831919943914,49.372531939297915
0.018,2,1693606510,-0.047824375331401825,1.0,1.0,7.6136799331288785,51.827770890668035
0.018,3,680233354,0.040045492351055145,0.0,0.0,6.973289833171293,52.99450410529971
0.018,4,438466540,-0.013851494528353214,1.0,1.0,7.581023119739257,48.32321312278509
0.018,5,1712329280,-0.09112371504306793,1.0,1.0,6.907899409881793,48.121036030352116
0.018,6,1380152455,0.020268514752388,0.0,0.0,6.156440490973182,48.602379160001874
0.018,7,1452245846,0.07527957111597061,0.0,0.0,7.452194784767926,47.20394220203161
0.018,8,2122694021,0.033617690205574036,0.0,0.0,6.957725982298143,48.57280501164496
0.018,9,839901363,-0.14690420031547546,1.0,1.0,7.158757214900106,48.51915501058102
0.018,10,1802651552,-0.06318604946136475,1.0,1.0,6.862504079588689,46.96676996536553
0.018,11,714712467,0.07148950546979904,0.0,0.0,7.671553156571463,48.4444301109761
0.018,12,1218704077,-0.05970560386776924,1.0,1.0,7.325869171181694,48.618237022310495
0.018,13,1284858263,-0.05569572374224663,1.0,1.0,7.353346561314538,48.43582189641893
0.018,14,457721135,-0.020769234746694565,1.0,1.0,7.6641174321994185,48.239116091281176
0.018,15,401008609,-0.038279734551906586,1.0,1.0,6.833956946618855,48.18621394224465
0.018,16,492064534,-0.055476248264312744,1.0,1.0,7.517511595622636,47.695077024400234
0.018,17,1444732602,0.004621709696948528,0.0,0.0,6.9777273734798655,47.22248506732285
0.018,18,1317426686,-0.03951416164636612,1.0,1.0,7.595571956480853,48.005586955696344
0.018,19,2022506251,0.1145458072423935,0.0,0.0,7.121350325527601,47.97399207018316
0.018,20,1516459118,-0.008505723439157009,1.0,1.0,7.121181165683083,47.68474795855582
0.018,21,533103612,-0.13667771220207214,1.0,1.0,7.496752512990497,48.64739207550883
0.018,22,1964759878,-0.07355035841464996,1.0,1.0,7.687998412409797,48.43656485900283
0.018,23,2037706756,-0.0002154889516532421,1.0,1.0,6.315741152619012,48.402651911601424
0.018,24,1572889065,0.040657833218574524,0.0,0.0,7.198500053491443,47.161543974652886
0.018,25,1432881518,0.007370251230895519,0.0,0.0,7.037627352983691,48.99703920818865
0.018,26,280516901,-0.009043585509061813,1.0,1.0,6.368596167769283,48.97669004276395
0.018,27,205939248,0.050847891718149185,0.0,0.0,7.052762446808629,46.9864490441978
0.018,28,571904914,-0.10696815699338913,1.0,1.0,6.900784681434743,48.53587783873081
0.018,29,948843457,-0.02261466346681118,1.0,1.0,7.526428356417455,48.862606985494494
0.018,30,155492488,0.019077923148870468,0.0,0.0,6.191914533497766,48.923918046057224
0.018,31,1903701130,0.038768745958805084,0.0,0.0,7.040334363118745,45.4688670579344
0.018,32,1017961266,-0.03785496950149536,1.0,1.0,7.135782767436467,48.751164926216006
0.018,33,1497769985,0.03613235428929329,0.0,0.0,7.118525541736744,48.89397183433175
0.018,34,456523489,-0.10168870538473129,1.0,1.0,7.594733732170425,48.292112071067095
0.018,35,701095136,0.015790943056344986,0.0,0.0,6.915148420375772,48.31297299824655
0.018,36,249069576,0.06326736509799957,0.0,0.0,7.062494661193341,47.47231095097959
0.018,37,1576098728,0.07839182764291763,0.0,0.0,6.820785656687804,48.21663396432996
0.018,38,1662748500,-0.0036328232381492853,1.0,1.0,8.171169137465768,48.249725019559264
0.018,39,472736216,0.01661355048418045,0.0,0.0,6.129071513307281,48.86748315766454
0.018,40,1535411295,0.05224842205643654,0.0,0.0,7.335943551501259,51.22426897287369
0.018,41,175223003,-0.0840010866522789,1.0,1.0,7.472503747441806,48.23247785679996
0.018,42,840936862,-0.23861773312091827,1.0,1.0,6.969570733956061,48.80832391791046
0.018,43,343373188,-0.0832979828119278,1.0,1.0,7.023492782143876,48.06716996245086
0.018,44,1597751082,8.923777204472572e-05,0.0,0.0,7.186300292145461,48.342375084757805
0.018,45,730359585,-0.13952787220478058,1.0,1.0,7.514515551039949,48.15240204334259
0.018,46,1016641002,-0.044084642082452774,1.0,1.0,8.316583282779902,47.70278697833419
0.018,47,998994690,-0.07664339989423752,1.0,1.0,7.276722495211288,48.719762125983834
0.018,48,1021240743,-0.0017251562094315886,1.0,1.0,6.988284022780135,47.88393108174205
0.018,49,572134801,-0.03675880655646324,1.0,1.0,7.69896808906924,47.09188803099096
0.018,50,1198399760,0.047241050750017166,0.0,0.0,6.89502630464267,47.529458068311214
0.018,51,1751866485,-0.023510951548814774,1.0,1.0,7.746202791109681,47.5033619441092
0.018,52,1070889713,-0.01670486479997635,1.0,1.0,6.989574083243497,47.54270799458027
0.018,53,415096539,-0.03332057222723961,1.0,1.0,7.99393621168565,47.75174707174301
0.018,54,52416235,0.01736193336546421,0.0,0.0,6.9751290618442,46.955649042502046
0.018,55,278032723,0.07604316622018814,0.0,0.0,6.5299850451992825,46.434215968474746
0.018,56,174946158,-0.03128000348806381,1.0,1.0,7.24268414254766,46.704879961907864
0.018,57,196848554,0.018065722659230232,0.0,0.0,6.410346526186913,48.58416807837784
0.018,58,263030910,-0.029074106365442276,1.0,1.0,7.650289559736848,48.80876303650439
0.018,59,1285415020,-0.045655954629182816,1.0,1.0,7.475782872876152,48.252853099256754
0.018,60,1733223444,-0.02455238625407219,1.0,1.0,7.526335009955801,48.453042982146144
0.018,61,1835544261,0.045803289860486984,0.0,0.0,6.875940598780289,48.50898100994527
0.018,62,1403186970,-0.06681574136018753,1.0,1.0,7.0231122261611745,48.37969201616943
0.018,63,1291971777,0.014728249050676823,0.0,0.0,6.793609277228825,48.573487903922796
0.018,64,712292067,-0.11787743121385574,1.0,1.0,7.631246077362448,48.14287996850908
0.018,65,2001429764,0.007454205304384232,0.0,0.0,7.345624005654827,48.30191587097943
0.018,66,1375664061,-0.28764304518699646,1.0,1.0,8.157608172739856,48.56292111799121
0.018,67,1556456120,0.011374352499842644,0.0,0.0,7.456856842036359,48.226424027234316
0.018,68,1576053187,0.06653285771608353,0.0,0.0,7.834398345788941,46.885358868166804
0.018,69,1848019881,0.026221174746751785,0.0,0.0,6.919068339164369,47.77070297859609
0.018,70,1508652585,0.0015089090447872877,0.0,0.0,6.98031816422008,46.48606409318745
0.018,71,1995737731,0.05573702231049538,0.0,0.0,6.185708684613928,46.57181794755161
0.018,72,1162788447,0.0023073486518114805,0.0,0.0,6.988212286727503,47.80010902322829
0.018,73,1172925522,0.03068212978541851,0.0,0.0,6.974679884151556,47.02463885769248
0.018,74,539174575,-0.09634357690811157,1.0,1.0,8.221547317341901,46.37036705389619
0.018,75,2013637345,-0.058913204818964005,1.0,1.0,7.056553975096904,46.495049027726054
0.018,76,1187468716,-0.00798801053315401,1.0,1.0,6.344969760160893,46.090807067230344
0.018,77,1062978506,-0.03045278787612915,1.0,1.0,7.164378653047606,46.91012785769999
0.018,78,679326770,-0.002533149905502796,1.0,1.0,7.541913086315617,46.62768985144794
0.018,79,587923432,-0.023537831380963326,1.0,1.0,7.839465831289999,46.20535811409354
0.018,80,1359889667,-0.02009578049182892,1.0,1.0,8.008414544048719,46.60830786451697
0.018,81,970187386,-0.00969601422548294,1.0,1.0,7.552432115189731,46.831944957375526
0.018,82,1219839873,-0.09136099368333817,1.0,1.0,7.310070803156123,46.78642097860575
0.018,83,1428160212,0.04111149162054062,0.0,0.0,6.163622103398666,46.50082299485803
0.018,84,1930609499,-0.03951719403266907,1.0,1.0,7.459833048400469,47.75870614685118
0.018,85,710582861,0.05482960492372513,0.0,0.0,7.047391257248819,47.40045894868672
0.018,86,1463614337,-0.01521175354719162,1.0,1.0,7.594447223469615,47.825796995311975
0.018,87,1940152705,-0.012053814716637135,1.0,1.0,7.570002131862566,47.646309016272426
0.018,88,985452196,0.06405945867300034,0.0,0.0,7.582225275109522,47.62468999251723
0.018,89,552062587,-0.03548702225089073,1.0,1.0,7.565654553472996,47.65009414404631
0.018,90,623566272,-0.020673757418990135,1.0,1.0,7.3689500307664275,48.28538908623159
0.018,91,729775797,-0.0709940493106842,1.0,1.0,7.902145677711815,48.03356295451522
0.018,92,1352536665,0.021436655893921852,0.0,0.0,8.381502069532871,48.89665404334664
0.018,93,555883440,-0.08314919471740723,1.0,1.0,7.518712556338869,47.52414091490209
0.018,94,1801800003,-0.049609534442424774,1.0,1.0,7.568632197100669,47.21012688241899
0.018,95,763315502,-0.07777556031942368,1.0,1.0,7.559041707892902,46.748345950618386
0.018,96,138897982,-0.020168667659163475,1.0,1.0,7.552428703173064,47.67376300878823
0.018,97,10785379,-0.13239620625972748,1.0,1.0,7.759265961241908,47.44999296963215
0.018,98,53923185,-0.05088769271969795,1.0,1.0,7.7520723430207,48.60370513051748
0.018,99,1349917978,-0.08297643810510635,1.0,1.0,7.535476803546771,47.91966290213168
0.019,0,1501552845,0.03420836105942726,0.0,0.0,7.0250081167323515,48.430115915834904
0.019,1,488200390,-0.005444405600428581,1.0,1.0,6.922496392275207,53.768688114359975
0.019,2,1693606510,0.0795135498046875,0.0,0.0,7.638344424427487,53.20064700208604
0.019,3,680233354,-0.049621231853961945,1.0,1.0,6.87746979878284,48.54437708854675
0.019,4,438466540,-0.11226142197847366,1.0,1.0,7.226777400588617,48.40287915430963
0.019,5,1712329280,0.021296031773090363,0.0,0.0,7.065177213633433,48.51055797189474
0.019,6,1380152455,0.028762560337781906,0.0,0.0,6.2028572536073625,47.36440698616207
0.019,7,1452245846,0.0441485196352005,0.0,0.0,7.139734396827407,48.60824905335903
0.019,8,2122694021,0.027386371046304703,0.0,0.0,7.629253198043443,48.9610240329057
0.019,9,839901363,-0.23593580722808838,1.0,1.0,6.887462583254091,47.85487800836563
0.019,10,1802651552,-0.022724473848938942,1.0,1.0,7.052687982446514,48.969921888783574
0.019,11,714712467,-0.04955916851758957,1.0,1.0,6.98048295697663,48.57086902484298
0.019,12,1218704077,-0.014495988376438618,1.0,1.0,6.847608282230794,49.0170328412205
0.019,13,1284858263,-0.034538138657808304,1.0,1.0,7.566486980067566,47.98243893310428
0.019,14,457721135,-0.0003457804268691689,1.0,1.0,7.1312348446808755,48.317440086975694
0.019,15,401008609,-0.02533380128443241,1.0,1.0,6.941507651121356,48.856675159186125
0.019,16,492064534,-0.11203242838382721,1.0,1.0,7.711814351147041,48.002024879679084
0.019,17,1444732602,0.021303124725818634,0.0,0.0,7.05039300583303,48.47626085393131
0.019,18,1317426686,-0.04438816010951996,1.0,1.0,7.738772129872814,48.657662933692336
0.019,19,2022506251,-0.0312263872474432,1.0,1.0,8.302525752573274,49.17747201398015
0.019,20,1516459118,-0.010897649452090263,1.0,1.0,7.0702317538671196,49.25919184461236
0.019,21,533103612,-0.049696896225214005,1.0,1.0,6.9128908143611625,49.239590065553784
0.019,22,1964759878,-0.13228397071361542,1.0,1.0,7.739827104378492,48.45934687182307
0.019,23,2037706756,0.006363839376717806,0.0,0.0,6.449582388740964,45.96704011783004
0.019,24,1572889065,0.052038997411727905,0.0,0.0,7.2361814508913085,48.60487999394536
0.019,25,1432881518,-0.10315867513418198,1.0,1.0,7.0995105863548815,48.807174898684025
0.019,26,280516901,-0.003708420554175973,1.0,1.0,6.394146281760186,46.340431086719036
0.019,27,205939248,-0.005661902017891407,1.0,1.0,7.430557599756867,48.71388501487672
0.019,28,571904914,0.001919558155350387,0.0,0.0,6.906595002859831,48.63520688377321
0.019,29,948843457,-0.09121671319007874,1.0,1.0,7.1305592119460925,49.18236192315817
0.019,30,155492488,0.02045312523841858,0.0,0.0,6.230266002123244,46.33045592345297
0.019,31,1903701130,0.0009413427906110883,0.0,0.0,7.096651217667386,48.05610701441765
0.019,32,1017961266,-0.06072608008980751,1.0,1.0,7.051705099525861,49.0637959446758
0.019,33,1497769985,-0.06817588210105896,1.0,1.0,7.468802413903177,48.35295700468123
0.019,34,456523489,0.010105845518410206,0.0,0.0,7.798957309219986,48.34308009594679
0.019,35,701095136,-0.06435703486204147,1.0,1.0,7.508149019791745,48.46075992099941
0.019,36,249069576,0.02325655333697796,0.0,0.0,6.867931624292396,48.60191699117422
0.019,37,1576098728,0.046154968440532684,0.0,0.0,7.483908081892878,48.32330206409097
0.019,38,1662748500,-0.005443995352834463,1.0,1.0,7.06593620381318,48.35166409611702
0.019,39,472736216,0.015780556946992874,0.0,0.0,6.172013045637868,49.45915099233389
0.019,40,1535411295,-0.05237859860062599,1.0,1.0,7.923992177704349,48.49558207206428
0.019,41,175223003,0.02864549495279789,0.0,0.0,7.743615761050023,49.28456898778677
0.019,42,840936862,-0.2596246004104614,1.0,1.0,7.075980830471963,48.48891403526068
0.019,43,343373188,-0.09719324856996536,1.0,1.0,7.429590710788034,48.85754990391433
0.019,44,1597751082,-0.023417677730321884,1.0,1.0,7.089412953238934,48.01768809556961
0.019,45,730359585,-0.018328936770558357,1.0,1.0,8.155964295961894,47.75766399689019
0.019,46,1016641002,0.03168059140443802,0.0,0.0,7.1177973370067775,48.787126084789634
0.019,47,998994690,-0.08127933740615845,1.0,1.0,7.069503999315202,47.52216301858425
0.019,48,1021240743,-0.08781861513853073,1.0,1.0,7.492272204137407,47.94553993269801
0.019,49,572134801,-0.029968904331326485,1.0,1.0,6.969571858760901,46.93762888200581
0.019,50,1198399760,-0.016712434589862823,1.0,1.0,7.24196636932902,48.12779696658254
0.019,51,1751866485,0.10672487318515778,0.0,0.0,7.615133269922808,47.160983085632324
0.019,52,1070889713,0.019921166822314262,0.0,0.0,7.197306485730223,47.57396993227303
0.019,53,415096539,-0.054320432245731354,1.0,1.0,7.1260052303550765,47.07832494750619
0.019,54,52416235,0.06998443603515625,0.0,0.0,6.099080225918442,47.07864602096379
0.019,55,278032723,0.03764427825808525,0.0,0.0,6.188529569422826,47.03101399354637
0.019,56,174946158,-0.12469600886106491,1.0,1.0,7.304572296561673,47.35928401350975
0.019,57,196848554,0.03961380571126938,0.0,0.0,6.539936127723195,48.902789829298854
0.019,58,263030910,0.028047893196344376,0.0,0.0,7.521331800729968,47.85269987769425
0.019,59,1285415020,0.15360139310359955,0.0,0.0,7.667748992564157,48.2235299423337
0.019,60,1733223444,-0.022005312144756317,1.0,1.0,6.980824123835191,48.17810305394232
0.019,61,1835544261,-0.03482261672616005,1.0,1.0,7.654033274273388,47.961304895579815
0.019,62,1403186970,-0.03433530777692795,1.0,1.0,7.151230767602101,47.719233902171254
0.019,63,1291971777,-0.015383981168270111,1.0,1.0,6.786028866656125,47.77214606292546
0.019,64,712292067,0.012100089341402054,0.0,0.0,7.559051905293018,47.774509992450476
0.019,65,2001429764,-0.030650390312075615,1.0,1.0,7.4345088130794466,48.149083042517304
0.019,66,1375664061,0.026942767202854156,0.0,0.0,6.900696101598442,47.435002867132425
0.019,67,1556456120,-0.04865710064768791,1.0,1.0,6.818260260857642,47.106288839131594
0.019,68,1576053187,0.04854317381978035,0.0,0.0,7.039828030043282,47.03380586579442
0.019,69,1848019881,0.018634699285030365,0.0,0.0,7.0605120084946975,46.631610952317715
0.019,70,1508652585,-0.05842975154519081,1.0,1.0,7.572691899375059,46.75918398424983
0.019,71,1995737731,0.07980979233980179,0.0,0.0,6.130633887834847,48.138999147340655
0.019,72,1162788447,0.050580061972141266,0.0,0.0,7.014076409628615,46.219517942517996
0.019,73,1172925522,0.03905652090907097,0.0,0.0,6.9042689154157415,46.27376701682806
0.019,74,539174575,-0.037009548395872116,1.0,1.0,7.009016700903885,46.365262009203434
0.019,75,2013637345,-0.052104197442531586,1.0,1.0,7.0244023823179305,46.09526111744344
0.019,76,1187468716,-0.004928936716169119,1.0,1.0,6.389067671261728,56.59125908277929
0.019,77,1062978506,-0.0638180822134018,1.0,1.0,6.842958542518318,46.27823689952493
0.019,78,679326770,0.002158727031201124,0.0,0.0,7.511954424204305,46.5935948304832
0.019,79,587923432,-0.03387591242790222,1.0,1.0,7.393227667198516,46.26588779501617
0.019,80,1359889667,-0.030100064352154732,1.0,1.0,7.105536348419264,47.5739159155637
0.019,81,970187386,0.005448060110211372,0.0,0.0,7.668651716783643,47.322876984253526
0.019,82,1219839873,-0.2715231776237488,1.0,1.0,8.769398554693907,47.972519882023335
0.019,83,1428160212,0.04958605393767357,0.0,0.0,6.1807413313072175,48.51923487149179
0.019,84,1930609499,-0.1306154429912567,1.0,1.0,7.64835127000697,48.434732016175985
0.019,85,710582861,0.04300462454557419,0.0,0.0,6.917142241378315,48.04196581244469
0.019,86,1463614337,-0.09840093553066254,1.0,1.0,7.768956620013341,47.806261107325554
0.019,87,1940152705,-0.09276263415813446,1.0,1.0,7.314518250292167,48.160803969949484
0.019,88,985452196,-0.1395292580127716,1.0,1.0,7.535523687838577,48.21635503321886
0.019,89,552062587,0.025005338713526726,0.0,0.0,7.178299713646993,48.812092980369925
0.019,90,623566272,0.09555740654468536,0.0,0.0,7.643138966523111,48.477255972102284
0.019,91,729775797,0.0007082425872795284,0.0,0.0,7.005604016245343,49.42444688640535
0.019,92,1352536665,0.05062241852283478,0.0,0.0,6.800537367002107,48.004912910982966
0.019,93,555883440,0.049262989312410355,0.0,0.0,7.693923966726288,47.81250702217221
0.019,94,1801800003,-0.03401034325361252,1.0,1.0,7.45165118901059,47.6392291020602
0.019,95,763315502,-0.11674385517835617,1.0,1.0,7.563176122028381,48.590102000162005
0.019,96,138897982,-0.0030531089287251234,1.0,1.0,7.576657868805341,47.879994846880436
0.019,97,10785379,-0.006646915804594755,1.0,1.0,7.719456641818397,48.65455999970436
0.019,98,53923185,0.014113355427980423,0.0,0.0,7.136138318688609,47.848538029938936
0.019,99,1349917978,0.014220204204320908,0.0,0.0,7.0324450738262385,46.945753041654825
0.02,0,1501552845,0.0043511828407645226,0.0,0.0,7.019845153554343,49.142819829285145
0.02,1,488200390,-0.051258958876132965,1.0,1.0,7.018345900112763,53.7311399821192
0.02,2,1693606510,0.029545117169618607,0.0,0.0,7.047342641628347,53.132589906454086
0.02,3,680233354,0.027876203879714012,0.0,0.0,7.713934264960699,48.03170496597886
0.02,4,438466540,-0.023335542529821396,1.0,1.0,7.143944806884974,48.18467306904495
0.02,5,1712329280,-0.022436803206801414,1.0,1.0,6.948450998170301,47.95379796996713
0.02,6,1380152455,0.05417276546359062,0.0,0.0,6.198027402977459,46.879546949639916
0.02,7,1452245846,0.00898167584091425,0.0,0.0,7.156151347793639,47.90142201818526
0.02,8,2122694021,0.006330022122710943,0.0,0.0,7.576820872840472,48.23719710111618
0.02,9,839901363,-0.08971758931875229,1.0,1.0,7.060930018196814,47.70066495984793
0.02,10,1802651552,-0.10588531196117401,1.0,1.0,7.105948566226289,48.248021863400936
0.02,11,714712467,-0.16978894174098969,1.0,1.0,7.411435598391108,47.33385215513408
0.02,12,1218704077,-0.16808579862117767,1.0,1.0,7.452221674495377,47.699067974463105
0.02,13,1284858263,0.04390242323279381,0.0,0.0,7.406406587688252,47.49371809884906
0.02,14,457721135,0.028194135054945946,0.0,0.0,7.7669982322258875,47.74497798644006
0.02,15,401008609,0.06877420097589493,0.0,0.0,7.676030808244832,47.1423699054867
0.02,16,492064534,-0.03439123556017876,1.0,1.0,6.9177876490866765,47.29392100125551
0.02,17,1444732602,0.01233752816915512,0.0,0.0,6.913868322386406,47.544721979647875
0.02,18,1317426686,0.09996867924928665,0.0,0.0,7.5784861128777266,47.56448813714087
0.02,19,2022506251,-0.023762371391057968,1.0,1.0,7.616560927475803,47.53735801205039
0.02,20,1516459118,0.0013299166457727551,0.0,0.0,7.133668405003846,48.73887496069074
0.02,21,533103612,0.01555209793150425,0.0,0.0,6.931209199130535,48.09261392802
0.02,22,1964759878,-0.05320040509104729,1.0,1.0,6.842369356309064,48.759277909994125
0.02,23,2037706756,0.013774176128208637,0.0,0.0,6.49479313462507,47.215966042131186
0.02,24,1572889065,-0.07723383605480194,1.0,1.0,7.0918459626846015,47.93703998439014
0.02,25,1432881518,-0.06441475450992584,1.0,1.0,7.021741789532825,48.78595704212785
0.02,26,280516901,-0.0014221464516595006,1.0,1.0,6.430656284908764,45.94555404037237
0.02,27,205939248,-0.012884066440165043,1.0,1.0,7.738347858423367,48.26010507531464
0.02,28,571904914,-0.07196471840143204,1.0,1.0,6.83244524570182,48.237080220133066
0.02,29,948843457,-0.06694056838750839,1.0,1.0,7.161840550368652,48.94851287826896
0.02,30,155492488,0.022107534110546112,0.0,0.0,6.223562803235836,45.772093115374446
0.02,31,1903701130,-0.04647983983159065,1.0,1.0,7.833572688046843,47.46771394275129
0.02,32,1017961266,0.05880137160420418,0.0,0.0,7.569316645502113,48.449075082316995
0.02,33,1497769985,0.005180806387215853,0.0,0.0,7.042368908878416,47.88721213117242
0.02,34,456523489,0.041745226830244064,0.0,0.0,6.321314570843242,47.74559289216995
0.02,35,701095136,0.023948604241013527,0.0,0.0,6.963068158598617,47.70057206042111
0.02,36,249069576,-0.17696556448936462,1.0,1.0,7.4917518242727965,48.41420892626047
0.02,37,1576098728,-0.03507252782583237,1.0,1.0,6.9065427262103185,48.35193301551044
0.02,38,1662748500,-0.07667572051286697,1.0,1.0,7.694023194373585,48.23407204821706
0.02,39,472736216,0.01896159164607525,0.0,0.0,6.203527955454774,51.24013707973063
0.02,40,1535411295,0.09872471541166306,0.0,0.0,8.078161972342059,48.19954000413418
0.02,41,175223003,-0.024373508989810944,1.0,1.0,7.977979832561687,48.82836504839361
0.02,42,840936862,-0.24467724561691284,1.0,1.0,7.049428196740337,48.20448788814247
0.02,43,343373188,-0.10740584880113602,1.0,1.0,7.239206680562347,48.647801857441664
0.02,44,1597751082,-0.05441467836499214,1.0,1.0,7.846460619592108,48.58454898931086
0.02,45,730359585,0.07073266804218292,0.0,0.0,7.039480944513343,48.411945113912225
0.02,46,1016641002,-0.05964568257331848,1.0,1.0,8.055418355157599,49.35222817584872
0.02,47,998994690,-0.10438058525323868,1.0,1.0,6.99545767030213,48.296090913936496
0.02,48,1021240743,-0.0697893425822258,1.0,1.0,7.45008574728854,48.31672483123839
0.02,49,572134801,0.04645387455821037,0.0,0.0,7.252661282313056,47.04226600006223
0.02,50,1198399760,0.013873419724404812,0.0,0.0,7.588774173287675,48.54834405705333
0.02,51,1751866485,-0.034359414130449295,1.0,1.0,7.867623288766481,47.83661896362901
0.02,52,1070889713,-0.0017131415661424398,1.0,1.0,6.957326009403914,48.49504795856774
0.02,53,415096539,-0.07485541701316833,1.0,1.0,7.241347677656449,47.644563019275665
0.02,54,52416235,0.07419871538877487,0.0,0.0,6.0886243029963225,47.6452000439167
0.02,55,278032723,-0.06638144701719284,1.0,1.0,7.008793087792583,47.26022598333657
0.02,56,174946158,-0.02193574607372284,1.0,1.0,7.655331901973113,47.74353303946555
0.02,57,196848554,0.056467488408088684,0.0,0.0,6.635340639739297,48.999377992004156
0.02,58,263030910,0.0029731884133070707,0.0,0.0,7.0241447489243,47.619024058803916
0.02,59,1285415020,0.05597662925720215,0.0,0.0,7.422701599658467,48.540493939071894
0.02,60,1733223444,-0.025532903149724007,1.0,1.0,7.599076495505869,48.36971708573401
0.02,61,1835544261,-0.08912955969572067,1.0,1.0,7.038818300003186,47.926010098308325
0.02,62,1403186970,-0.014782254584133625,1.0,1.0,7.428175410605036,48.02946303971112
0.02,63,1291971777,0.036167778074741364,0.0,0.0,7.015921758487821,47.74156212806702
0.02,64,712292067,-0.04794468730688095,1.0,1.0,7.030396145302802,47.83361800946295
0.02,65,2001429764,-0.03356926515698433,1.0,1.0,8.091987948981114,48.26942505314946
0.02,66,1375664061,0.018895070999860764,0.0,0.0,8.057403796468861,47.60449705645442
0.02,67,1556456120,-0.037329480051994324,1.0,1.0,7.020178616628982,47.770556062459946
0.02,68,1576053187,-0.012666290625929832,1.0,1.0,7.47115899133496,48.03547402843833
0.02,69,1848019881,0.04996033012866974,0.0,0.0,6.988615105976351,47.91925102472305
0.02,70,1508652585,-0.058091554790735245,1.0,1.0,6.941038647782989,47.58795187808573
0.02,71,1995737731,0.046382658183574677,0.0,0.0,6.376980384462513,48.078424064442515
0.02,72,1162788447,-0.10480374097824097,1.0,1.0,7.6261044247075915,48.04541915655136
0.02,73,1172925522,-0.05704820528626442,1.0,1.0,7.473481154767796,47.36834205687046
0.02,74,539174575,-0.10308009386062622,1.0,1.0,7.635078866034746,47.594001051038504
0.02,75,2013637345,-0.10595416277647018,1.0,1.0,7.025686680455692,46.22141900472343
0.02,76,1187468716,-0.001368895755149424,1.0,1.0,6.3880983085837215,46.97949602268636
0.02,77,1062978506,-0.03796011209487915,1.0,1.0,6.907321634236723,47.68549487926066
0.02,78,679326770,0.010894662700593472,0.0,0.0,7.004402121878229,46.881268033757806
0.02,79,587923432,0.03108801878988743,0.0,0.0,7.684189210063778,46.52678011916578
0.02,80,1359889667,-0.07061118632555008,1.0,1.0,7.349657021462917,47.5820901338011
0.02,81,970187386,-0.009957339614629745,1.0,1.0,7.185316080460325,47.39244398660958
0.02,82,1219839873,-0.05876774713397026,1.0,1.0,7.673144700936973,46.93253501318395
0.02,83,1428160212,0.058566704392433167,0.0,0.0,6.214850911521353,47.247281996533275
0.02,84,1930609499,0.06322260946035385,0.0,0.0,7.416796029778197,47.84334893338382
0.02,85,710582861,0.026817025616765022,0.0,0.0,6.9441346833482385,48.05934801697731
0.02,86,1463614337,0.02348298951983452,0.0,0.0,7.216566010843962,48.18622791208327
0.02,87,1940152705,0.10669185221195221,0.0,0.0,7.289123671944253,47.888478031381965
0.02,88,985452196,0.07699524611234665,0.0,0.0,6.927172411466017,48.253250075504184
0.02,89,552062587,-0.009912882931530476,1.0,1.0,7.187999973306432,48.38214791379869
0.02,90,623566272,0.017998937517404556,0.0,0.0,7.550450652372092,48.52703888900578
0.02,91,729775797,-0.003325567813590169,1.0,1.0,7.761895449948497,48.53611788712442
0.02,92,1352536665,-0.015199242159724236,1.0,1.0,7.760374452569522,47.20211820676923
0.02,93,555883440,0.07272180169820786,0.0,0.0,7.275244791759178,46.49396683089435
0.02,94,1801800003,0.005617810878902674,0.0,0.0,6.852101252879947,46.770610148087144
0.02,95,763315502,-0.02516672946512699,1.0,1.0,7.129195225308649,46.90111009404063
0.02,96,138897982,-0.016454698517918587,1.0,1.0,7.734884603181854,46.80374404415488
0.02,97,10785379,-0.033589527010917664,1.0,1.0,7.962800615117885,47.837990103289485
0.02,98,53923185,0.025530705228447914,0.0,0.0,6.9110574525548145,46.75625404343009
0.02,99,1349917978,-0.12791869044303894,1.0,1.0,7.191308470908552,47.6705739274621
0.021,0,1501552845,-0.18761798739433289,1.0,1.0,7.711581070441753,47.72318108007312
0.021,1,488200390,0.026048993691802025,0.0,0.0,7.641695850994438,47.478740103542805
0.021,2,1693606510,-0.04113353043794632,1.0,1.0,7.071469828020781,46.87228403054178
0.021,3,680233354,0.015838829800486565,0.0,0.0,7.225807563983835,46.418983954936266
0.021,4,438466540,0.011948191560804844,0.0,0.0,7.976290542050265,46.477786963805556
0.021,5,1712329280,-0.20916134119033813,1.0,1.0,7.831131404964253,45.599170960485935
0.021,6,1380152455,0.07456359267234802,0.0,0.0,6.244841818232089,46.541312942281365
0.021,7,1452245846,-0.11787503957748413,1.0,1.0,7.380242747603916,46.66397511027753
0.021,8,2122694021,-0.021627163514494896,1.0,1.0,7.172636637813412,46.47300089709461
0.021,9,839901363,0.029181625694036484,0.0,0.0,7.972530329134315,46.19456804357469
0.021,10,1802651552,0.015889741480350494,0.0,0.0,7.030369729036465,46.52076889760792
0.021,11,714712467,-0.03496010974049568,1.0,1.0,7.013049033819698,47.08019201643765
0.021,12,1218704077,-0.1843671053647995,1.0,1.0,7.597162152524106,48.40740608051419
0.021,13,1284858263,-0.011099366471171379,1.0,1.0,6.9034450728213415,49.11721497774124
0.021,14,457721135,-0.06544859707355499,1.0,1.0,7.467421060311608,49.00740901939571
0.021,15,401008609,-0.125573992729187,1.0,1.0,7.379309569252655,47.85481211729348
0.021,16,492064534,-0.012969093397259712,1.0,1.0,7.423358875676058,47.24572319537401
0.021,17,1444732602,0.03669833391904831,0.0,0.0,7.510954907396808,46.92592704668641
0.021,18,1317426686,0.016063813120126724,0.0,0.0,8.339059796766378,47.18368896283209
0.021,19,2022506251,0.03616000711917877,0.0,0.0,7.575218579149805,47.088170889765024
0.021,20,1516459118,-0.012622259557247162,1.0,1.0,7.615839212434366,46.08614090830088
0.021,21,533103612,0.010917536914348602,0.0,0.0,7.008141239639372,46.358088962733746
0.021,22,1964759878,0.0053056469187140465,0.0,0.0,6.957286793040112,46.44766403362155
0.021,23,2037706756,0.01749797910451889,0.0,0.0,6.524203763459809,46.08473414555192
0.021,24,1572889065,-0.12710373103618622,1.0,1.0,7.415212553110905,46.09415587037802
0.021,25,1432881518,0.08801344782114029,0.0,0.0,7.238726153853349,45.67141691222787
0.021,26,280516901,-0.0002828523574862629,1.0,1.0,6.449293240206316,46.724088955670595
0.021,27,205939248,0.020768480375409126,0.0,0.0,7.008989099529572,47.341922065243125
0.021,28,571904914,0.03147463873028755,0.0,0.0,7.844528867281042,46.91653908230364
0.021,29,948843457,-0.056897640228271484,1.0,1.0,7.763888895162381,48.868895042687654
0.021,30,155492488,0.02605314366519451,0.0,0.0,6.244860556093045,48.28071594238281
0.021,31,1903701130,-0.08307013660669327,1.0,1.0,7.515599637525156,48.54645277373493
0.021,32,1017961266,-0.03316599503159523,1.0,1.0,6.954623625380918,48.566234996542335
0.021,33,1497769985,0.010860426351428032,0.0,0.0,6.423555933404714,48.35794307291508
0.021,34,456523489,0.045352544635534286,0.0,0.0,6.3739410357084125,48.30551100894809
0.021,35,701095136,-0.0657171979546547,1.0,1.0,7.428910385700874,48.10168105177581
0.021,36,249069576,-0.14451725780963898,1.0,1.0,7.6957432550843805,47.94115899130702
0.021,37,1576098728,0.033420488238334656,0.0,0.0,8.379762596683577,47.7494599763304
0.021,38,1662748500,0.07058428972959518,0.0,0.0,7.251007771235891,48.063302878290415
0.021,39,472736216,-0.026980413123965263,1.0,1.0,8.212409976869822,47.4723968654871
0.021,40,1535411295,0.046006109565496445,0.0,0.0,7.222444580751471,48.299362882971764
0.021,41,175223003,-0.049236979335546494,1.0,1.0,7.922919290955178,48.10980404727161
0.021,42,840936862,-0.21685528755187988,1.0,1.0,7.056170083582401,49.386580009013414
0.021,43,343373188,-0.0007574917399324477,1.0,1.0,8.274299775715917,50.71178008802235
0.021,44,1597751082,0.053622446954250336,0.0,0.0,7.240531924762763,48.787444131448865
0.021,45,730359585,0.00323633779771626,0.0,0.0,8.043133715400472,49.161026952788234
0.021,46,1016641002,-0.029632171615958214,1.0,1.0,6.975995911634527,49.22329098917544
0.021,47,998994690,-0.05208372697234154,1.0,1.0,7.586148055968806,48.55531407520175
0.021,48,1021240743,-0.07763705402612686,1.0,1.0,7.676284114015289,48.912529135122895
0.021,49,572134801,-0.009474334307014942,1.0,1.0,7.649125296389684,53.48261212930083
0.021,50,1198399760,-0.015887461602687836,1.0,1.0,7.526536663528532,47.66684700734913
0.021,51,1751866485,-0.02258770912885666,1.0,1.0,7.843128027976491,46.323589980602264
0.021,52,1070889713,0.011021388694643974,0.0,0.0,6.817208050284535,46.986863017082214
0.021,53,415096539,-0.02649473398923874,1.0,1.0,7.751531690824777,47.85641212947667
0.021,54,52416235,-0.09770840406417847,1.0,1.0,6.99921965948306,47.94572899118066
0.021,55,278032723,0.10385439544916153,0.0,0.0,6.359855776536278,46.779155964031816
0.021,56,174946158,0.011020218022167683,0.0,0.0,8.284957782248966,47.50089789740741
0.021,57,196848554,0.06874026358127594,0.0,0.0,6.6927401488646865,47.233528923243284
0.021,58,263030910,0.030946964398026466,0.0,0.0,6.9342786215711385,46.22847004793584
0.021,59,1285415020,-0.07836808264255524,1.0,1.0,7.447233209852129,48.514760099351406
0.021,60,1733223444,-0.09663057327270508,1.0,1.0,7.117727167555131,46.29276995547116
0.021,61,1835544261,-0.055292967706918716,1.0,1.0,7.730436963494867,46.40442784875631
0.021,62,1403186970,-0.11528418958187103,1.0,1.0,7.574058251688257,47.125810058787465
0.021,63,1291971777,0.05076722428202629,0.0,0.0,7.570529784657992,47.012590104714036
0.021,64,712292067,0.005469098687171936,0.0,0.0,7.79782564076595,47.3404370713979
0.021,65,2001429764,-0.020702430978417397,1.0,1.0,8.40135946974624,47.36447217874229
0.021,66,1375664061,-0.06100115552544594,1.0,1.0,7.0643942166352645,47.78787191025913
0.021,67,1556456120,-0.051042214035987854,1.0,1.0,6.848497997503728,48.14206901937723
0.021,68,1576053187,0.01335942093282938,0.0,0.0,7.618457649601623,47.25508391857147
0.021,69,1848019881,0.018946798518300056,0.0,0.0,7.077376299770549,48.16412110812962
0.021,70,1508652585,0.020602138713002205,0.0,0.0,7.0108918459154665,47.059540869668126
0.021,71,1995737731,0.10682220757007599,0.0,0.0,6.250078129931353,47.86454187706113
0.021,72,1162788447,-0.11402065306901932,1.0,1.0,7.6853715621400625,47.664331970736384
0.021,73,1172925522,0.025859283283352852,0.0,0.0,7.207301651709713,46.11505311913788
0.021,74,539174575,-0.005045060534030199,1.0,1.0,7.038665616884828,45.86938605643809
0.021,75,2013637345,0.010167517699301243,0.0,0.0,7.172454416169785,46.17516417056322
0.021,76,1187468716,0.011989455670118332,0.0,0.0,7.83699491142761,46.448873123154044
0.021,77,1062978506,0.07802289724349976,0.0,0.0,6.5067158348392695,47.95771697536111
0.021,78,679326770,-0.026678938418626785,1.0,1.0,7.646410355693661,46.61869001574814
0.021,79,587923432,0.0923757329583168,0.0,0.0,7.800574232125655,46.276408014819026
0.021,80,1359889667,-0.0793512836098671,1.0,1.0,7.507020033663139,46.93921306170523
0.021,81,970187386,0.0031354869715869427,0.0,0.0,7.635089096031152,46.81950993835926
0.021,82,1219839873,0.09855593740940094,0.0,0.0,7.133281290647574,46.47676693275571
0.021,83,1428160212,0.07589063793420792,0.0,0.0,6.217810863046907,46.538013964891434
0.021,84,1930609499,-0.19146999716758728,1.0,1.0,7.8011793257901445,47.25249297916889
0.021,85,710582861,0.014800063334405422,0.0,0.0,7.0063384774839506,46.463139122352004
0.021,86,1463614337,-0.1341957449913025,1.0,1.0,7.676719803130254,46.50516901165247
0.021,87,1940152705,-0.055856283754110336,1.0,1.0,7.617770500481129,47.33818001113832
0.021,88,985452196,0.03417391702532768,0.0,0.0,7.043648948776536,47.16335888952017
0.021,89,552062587,-0.0496511347591877,1.0,1.0,7.505744015215896,47.45052405633032
0.021,90,623566272,0.06887335330247879,0.0,0.0,7.725308364955708,47.54329309798777
0.021,91,729775797,-0.007533876225352287,1.0,1.0,7.134618337266147,47.40507202222943
0.021,92,1352536665,-0.011576308868825436,1.0,1.0,7.004116540309042,46.68050305917859
0.021,93,555883440,-0.011151718907058239,1.0,1.0,8.06582601624541,46.58386600203812
0.021,94,1801800003,0.018426550552248955,0.0,0.0,7.525194165762514,47.55441891029477
0.021,95,763315502,-0.016620900481939316,1.0,1.0,7.486404888913967,46.99877602979541
0.021,96,138897982,-0.07979565113782883,1.0,1.0,6.976673060678877,47.00770997442305
0.021,97,10785379,0.051225535571575165,0.0,0.0,7.095469665713608,46.42976704053581
0.021,98,53923185,-0.07527652382850647,1.0,1.0,7.1853266168618575,45.6522589083761
0.021,99,1349917978,0.05235347896814346,0.0,0.0,7.051813876023516,47.20360692590475
0.022,0,1501552845,-0.059178050607442856,1.0,1.0,7.167961119674146,46.37040197849274
0.022,1,488200390,-0.10123884677886963,1.0,1.0,6.84549560805317,46.26045818440616
0.022,2,1693606510,-0.053390201181173325,1.0,1.0,7.161649911431596,46.197807881981134
0.022,3,680233354,-0.09740801155567169,1.0,1.0,6.96528425719589,46.417488949373364
0.022,4,438466540,-0.022755233570933342,1.0,1.0,7.508487370912917,45.71964195929468
0.022,5,1712329280,0.03385259211063385,0.0,0.0,8.305607224814594,45.78514792956412
0.022,6,1380152455,0.08212348818778992,0.0,0.0,6.254328595125116,45.282710110768676
0.022,7,1452245846,-0.01527731865644455,1.0,1.0,7.51648695289623,46.38894088566303
0.022,8,2122694021,-0.12120144069194794,1.0,1.0,7.5887965554138646,45.96001002937555
0.022,9,839901363,-0.30000001192092896,1.0,1.0,9.092844865866937,45.32244009897113
0.022,10,1802651552,-0.06229504942893982,1.0,1.0,7.050581460469402,47.02755203470588
0.022,11,714712467,-0.13828016817569733,1.0,1.0,7.589328213245608,49.78047893382609
0.022,12,1218704077,-0.19811579585075378,1.0,1.0,7.224617243162356,49.4950320571661
0.022,13,1284858263,-0.0030999374575912952,1.0,1.0,7.463852177723311,47.08477598614991
0.022,14,457721135,0.003325310768559575,0.0,0.0,7.879345410736278,46.92284879274666
0.022,15,401008609,-0.01668645069003105,1.0,1.0,6.963915241416544,47.40101215429604
0.022,16,492064534,-0.04113476723432541,1.0,1.0,7.387192682246678,46.5852830093354
0.022,17,1444732602,0.010008661076426506,0.0,0.0,7.1014163750223815,46.448597917333245
0.022,18,1317426686,-0.0803312137722969,1.0,1.0,7.234788582311012,45.7539779599756
0.022,19,2022506251,-0.04546080529689789,1.0,1.0,7.241604232345708,45.74620304629207
0.022,20,1516459118,-0.07867308706045151,1.0,1.0,7.628336061257869,45.722734881564975
0.022,21,533103612,0.03815160319209099,0.0,0.0,6.951285094022751,45.59884709306061
0.022,22,1964759878,-0.06593221426010132,1.0,1.0,6.892466772114858,45.923876110464334
0.022,23,2037706756,0.01988881826400757,0.0,0.0,6.532186381169595,45.29272415675223
0.022,24,1572889065,0.08828592300415039,0.0,0.0,7.149935105117038,45.000727055594325
0.022,25,1432881518,-0.03480251878499985,1.0,1.0,7.766770350164734,44.92029291577637
0.022,26,280516901,-0.12713971734046936,1.0,1.0,7.048745998763479,45.245889108628035
0.022,27,205939248,-0.015582512132823467,1.0,1.0,7.566200731438585,46.673082979395986
0.022,28,571904914,-0.03044094331562519,1.0,1.0,7.0239045632770285,46.03988816961646
0.022,29,948843457,-0.022430267184972763,1.0,1.0,7.7379708075895905,47.95943386852741
0.022,30,155492488,0.027137380093336105,0.0,0.0,6.284289272036403,47.68726881593466
0.022,31,1903701130,-0.028470199555158615,1.0,1.0,7.156533903325908,47.62609186582267
0.022,32,1017961266,-0.010859611444175243,1.0,1.0,7.977306912653148,47.90421202778816
0.022,33,1497769985,0.019593900069594383,0.0,0.0,6.31197716773022,47.938432078808546
0.022,34,456523489,0.05115094408392906,0.0,0.0,6.407688145409338,47.399542992934585
0.022,35,701095136,-0.08471076935529709,1.0,1.0,7.487684027873911,48.6580750439316
0.022,36,249069576,-0.155045747756958,1.0,1.0,7.601954988553189,48.56994585134089
0.022,37,1576098728,-0.00943569466471672,1.0,1.0,7.732368014520034,48.76773082651198
0.022,38,1662748500,-0.056115731596946716,1.0,1.0,7.529701346880756,48.36724488995969
0.022,39,472736216,0.01612689718604088,0.0,0.0,7.009096466121264,48.069645185023546
0.022,40,1535411295,0.08000719547271729,0.0,0.0,7.182364838081412,47.958852956071496
0.022,41,175223003,-0.02419206313788891,1.0,1.0,7.08945274038706,48.33797598257661
0.022,42,840936862,-0.23416437208652496,1.0,1.0,6.994615747244097,49.24523294903338
0.022,43,343373188,0.008765369653701782,0.0,0.0,7.361436911975034,50.0633071642369
0.022,44,1597751082,-0.010052643716335297,1.0,1.0,7.369740989524871,48.94245695322752
0.022,45,730359585,0.020581495016813278,0.0,0.0,7.171135829645209,48.5815720167011
0.022,46,1016641002,0.008934424258768559,0.0,0.0,7.793328189523891,48.52817510254681
0.022,47,998994690,-0.08616520464420319,1.0,1.0,7.082738067139871,48.06787590496242
0.022,48,1021240743,0.02468712441623211,0.0,0.0,6.985145148471929,48.869599122554064
0.022,49,572134801,-0.055536095052957535,1.0,1.0,7.573493979638442,47.63033287599683
0.022,50,1198399760,0.008534076623618603,0.0,0.0,7.7451393966330215,46.87223490327597
0.022,51,1751866485,-0.0621255524456501,1.0,1.0,7.664755543344654,46.172593953087926
0.022,52,1070889713,0.028866851702332497,0.0,0.0,6.993722330080345,46.37994198128581
0.022,53,415096539,-0.14195214211940765,1.0,1.0,7.967893719440326,46.63286195136607
0.022,54,52416235,0.0761319249868393,0.0,0.0,7.22293130250182,45.970921870321035
0.022,55,278032723,-0.011313144117593765,1.0,1.0,7.4917728177970275,46.72187799587846
0.022,56,174946158,0.005080565810203552,0.0,0.0,7.521935439668596,45.553884003311396
0.022,57,196848554,0.08011619001626968,0.0,0.0,6.709038422326557,46.049170196056366
0.022,58,263030910,-0.1313227117061615,1.0,1.0,7.788508662953973,46.408109134063125
0.022,59,1285415020,0.05494886636734009,0.0,0.0,7.7118258165428415,45.192090794444084
0.022,60,1733223444,-0.04896825551986694,1.0,1.0,6.9667555995984,45.69456190802157
0.022,61,1835544261,-0.16761989891529083,1.0,1.0,7.646392957074568,45.48092791810632
0.022,62,1403186970,-0.07767512649297714,1.0,1.0,7.144825142342597,45.47585197724402
0.022,63,1291971777,-0.07219807803630829,1.0,1.0,7.603303019423038,45.803800923749804
0.022,64,712292067,-0.040534283965826035,1.0,1.0,7.116529455874115,46.11803195439279
0.022,65,2001429764,-0.15563525259494781,1.0,1.0,7.667796535068192,46.70527298003435
0.022,66,1375664061,-0.001286485348828137,1.0,1.0,6.911612069117837,46.15633306093514
0.022,67,1556456120,-0.039679206907749176,1.0,1.0,6.783622247399762,46.875954139977694
0.022,68,1576053187,-0.15553535521030426,1.0,1.0,7.541562468977645,47.1962159499526
0.022,69,1848019881,0.00196982198394835,0.0,0.0,6.9127132948488,46.120983781293035
0.022,70,1508652585,-0.12447834759950638,1.0,1.0,7.594048891449347,47.3728661891073
0.022,71,1995737731,0.11960437148809433,0.0,0.0,6.29031659453176,46.286804135888815
0.022,72,1162788447,0.02248164638876915,0.0,0.0,7.619730451377109,46.90105002373457
0.022,73,1172925522,-0.1374472826719284,1.0,1.0,7.536789421574213,46.22291796840727
0.022,74,539174575,-0.01054468471556902,1.0,1.0,6.910793504910544,45.6924659665674
0.022,75,2013637345,-0.08593198657035828,1.0,1.0,7.09481973212678,45.89808196760714
0.022,76,1187468716,0.004407098051160574,0.0,0.0,8.306999752763659,45.693679014220834
0.022,77,1062978506,0.08765453100204468,0.0,0.0,6.501648995326832,45.45978596433997
0.022,78,679326770,-0.03997086361050606,1.0,1.0,7.467233524541371,46.39239702373743
0.022,79,587923432,-0.03781796246767044,1.0,1.0,7.889460255973972,46.19516688399017
0.022,80,1359889667,-0.05045349895954132,1.0,1.0,7.853283551172353,46.30702291615307
0.022,81,970187386,0.03845369443297386,0.0,0.0,7.496377629810013,46.28133703954518
0.022,82,1219839873,0.008126002736389637,0.0,0.0,7.652355318074115,45.99820589646697
0.022,83,1428160212,0.08381031453609467,0.0,0.0,6.243343792040832,45.58321600779891
0.022,84,1930609499,0.03952424228191376,0.0,0.0,7.035405938979238,45.783180044963956
0.022,85,710582861,-0.1328323930501938,1.0,1.0,7.6179566704668105,51.92630412057042
0.022,86,1463614337,-0.032066360116004944,1.0,1.0,7.461331074126065,46.281369868665934
0.022,87,1940152705,0.05640609562397003,0.0,0.0,7.55370167538058,45.36072677001357
0.022,88,985452196,0.004248451441526413,0.0,0.0,7.01881080691237,46.15362104959786
0.022,89,552062587,-0.1720155030488968,1.0,1.0,7.277999959420413,46.044515911489725
0.022,90,623566272,0.04134264960885048,0.0,0.0,7.358414271962829,47.3346128128469
0.022,91,729775797,-0.04961087182164192,1.0,1.0,7.205960756749846,46.30867694504559
0.022,92,1352536665,-0.01466686837375164,1.0,1.0,7.628468279377557,46.28011514432728
0.022,93,555883440,-0.07549821585416794,1.0,1.0,7.841826276271604,46.43447697162628
0.022,94,1801800003,-0.032346636056900024,1.0,1.0,7.710702357580885,45.70932104252279
0.022,95,763315502,-0.14096896350383759,1.0,1.0,7.585752628860064,46.51500890031457
0.022,96,138897982,-0.06628291308879852,1.0,1.0,7.855480425409041,46.519455034285784
0.022,97,10785379,-0.005882661789655685,1.0,1.0,7.716726698447019,46.318048145622015
0.022,98,53923185,0.051845598965883255,0.0,0.0,7.887488073552959,46.171778813004494
0.022,99,1349917978,0.05555036664009094,0.0,0.0,7.434919887571596,46.761083882302046
0.023,0,1501552845,-0.1705523431301117,1.0,1.0,7.94452901231125,46.12242919392884
0.023,1,488200390,0.01304217055439949,0.0,0.0,7.099339951993898,46.12291604280472
0.023,2,1693606510,-0.10392419248819351,1.0,1.0,7.663440168835223,45.43004184961319
0.023,3,680233354,-0.08988519012928009,1.0,1.0,7.942699821433052,45.26887508109212
0.023,4,438466540,-0.061538249254226685,1.0,1.0,7.087934234412387,44.95580494403839
0.023,5,1712329280,-0.06765244901180267,1.0,1.0,7.707114531309344,45.159706147387624
0.023,6,1380152455,0.08494888246059418,0.0,0.0,6.272086255950853,45.51028204150498
0.023,7,1452245846,-0.06793904304504395,1.0,1.0,7.55366622749716,45.62861216254532
0.023,8,2122694021,0.02083938755095005,0.0,0.0,6.952698441338725,45.65238207578659
0.023,9,839901363,0.027925020083785057,0.0,0.0,7.652953786193393,45.59131804853678
0.023,10,1802651552,-0.05858401954174042,1.0,1.0,7.422961160656996,47.27157996967435
0.023,11,714712467,0.019606798887252808,0.0,0.0,7.473105777520686,55.55400415323675
0.023,12,1218704077,-0.015129851177334785,1.0,1.0,7.711690663942136,49.4717659894377
0.023,13,1284858263,-0.023095114156603813,1.0,1.0,6.915754857938737,46.62964679300785
0.023,14,457721135,0.017452023923397064,0.0,0.0,7.277229489409365,46.4854019228369
0.023,15,401008609,-0.11336631327867508,1.0,1.0,7.366728536202572,46.48330411873758
0.023,16,492064534,-0.16350604593753815,1.0,1.0,7.518638634355739,46.313297003507614
0.023,17,1444732602,-0.041184499859809875,1.0,1.0,6.968453342793509,46.399754006415606
0.023,18,1317426686,-0.02931530587375164,1.0,1.0,7.761591455549933,46.22371308505535
0.023,19,2022506251,-0.0016953721642494202,1.0,1.0,7.61613044643309,47.945088939741254
0.023,20,1516459118,-0.12482346594333649,1.0,1.0,7.545962155680172,45.683523174375296
0.023,21,533103612,-0.08057431876659393,1.0,1.0,6.956990131759085,46.61206412129104
0.023,22,1964759878,-0.03155011683702469,1.0,1.0,6.966423515463248,45.708052115514874
0.023,23,2037706756,0.03288450837135315,0.0,0.0,6.44139573071152,45.86816509254277
0.023,24,1572889065,0.02032327838242054,0.0,0.0,7.551687478204258,46.28247884102166
0.023,25,1432881518,-0.02962210215628147,1.0,1.0,7.058195989928208,45.64412799663842
0.023,26,280516901,-0.1819106787443161,1.0,1.0,6.959529651212506,45.94015795737505
0.023,27,205939248,-0.0026053418405354023,1.0,1.0,7.0689358251402155,47.151628183200955
0.023,28,571904914,-0.050687696784734726,1.0,1.0,6.920896221068688,45.57077097706497
0.023,29,948843457,-0.09204259514808655,1.0,1.0,7.147478038095869,47.776768915355206
0.023,30,155492488,0.03674005717039108,0.0,0.0,6.315881112241186,47.79162909835577
0.023,31,1903701130,0.056056465953588486,0.0,0.0,7.085996185196564,47.29327210225165
0.023,32,1017961266,-0.0009144467767328024,1.0,1.0,7.072060532053001,48.034788807854056
0.023,33,1497769985,0.044010698795318604,0.0,0.0,6.3290051276562735,47.32642485760152
0.023,34,456523489,-0.061481770128011703,1.0,1.0,7.611241927021183,47.28815401904285
0.023,35,701095136,-0.005641513038426638,1.0,1.0,7.3549860757775605,47.875971999019384
0.023,36,249069576,-0.06168600916862488,1.0,1.0,7.108311294927262,47.590602189302444
0.023,37,1576098728,0.0013727714540436864,0.0,0.0,7.690953596378677,47.43359703570604
0.023,38,1662748500,-0.13234460353851318,1.0,1.0,7.984624885255471,47.97230917029083
0.023,39,472736216,0.05469077453017235,0.0,0.0,7.546082613640465,47.36877395771444
0.023,40,1535411295,-0.05061995983123779,1.0,1.0,7.171188241918571,49.03882113285363
0.023,41,175223003,0.0572623647749424,0.0,0.0,8.36866389052011,48.99365711025894
0.023,42,840936862,0.016894277185201645,0.0,0.0,7.837586651206948,49.810185097157955
0.023,43,343373188,-0.032494086772203445,1.0,1.0,7.127213251194917,50.27033295482397
0.023,44,1597751082,-0.05363907292485237,1.0,1.0,7.749686583178118,48.7972570117563
0.023,45,730359585,-0.11121870577335358,1.0,1.0,7.703300136025064,48.89389197342098
0.023,46,1016641002,-0.07111337035894394,1.0,1.0,7.018644466530532,48.79438108764589
0.023,47,998994690,-0.08248986303806305,1.0,1.0,7.199520372087136,48.05383086204529
0.023,48,1021240743,0.040176380425691605,0.0,0.0,7.231187409255654,47.52624919638038
0.023,49,572134801,-0.0483575165271759,1.0,1.0,7.09329799679108,47.29287791997194
0.023,50,1198399760,-0.098849818110466,1.0,1.0,6.901690562837757,47.10180894471705
0.023,51,1751866485,-0.1094091609120369,1.0,1.0,7.85902245156467,46.29849619232118
0.023,52,1070889713,-0.16700425744056702,1.0,1.0,7.505301234079525,46.65161995217204
0.023,53,415096539,-0.11512010544538498,1.0,1.0,7.227661868208088,47.23109002225101
0.023,54,52416235,0.006096363998949528,0.0,0.0,7.849322750349529,47.2593589220196
0.023,55,278032723,-0.03654425963759422,1.0,1.0,7.264621943118982,47.54304001107812
0.023,56,174946158,0.05382136255502701,0.0,0.0,8.194451340474188,45.43007514439523
0.023,57,196848554,0.0863426998257637,0.0,0.0,6.678911527735181,46.38188402168453
0.023,58,263030910,-0.019105425104498863,1.0,1.0,7.704908570973203,46.29216599278152
0.023,59,1285415020,0.13907523453235626,0.0,0.0,7.98958852852229,45.82344903610647
0.023,60,1733223444,-0.05232910066843033,1.0,1.0,7.173079855972901,45.61792500317097
0.023,61,1835544261,-0.10468193143606186,1.0,1.0,7.84376435179729,45.45905301347375
0.023,62,1403186970,-0.04660865291953087,1.0,1.0,7.446159615297802,45.575859025120735
0.023,63,1291971777,0.022122852504253387,0.0,0.0,7.0792729031527415,45.680424897000194
0.023,64,712292067,-0.11145072430372238,1.0,1.0,7.037479512975551,45.94307509250939
0.023,65,2001429764,0.029041394591331482,0.0,0.0,6.983214667649008,45.94240803271532
0.023,66,1375664061,0.05856619030237198,0.0,0.0,7.903186751995236,45.712152030318975
0.023,67,1556456120,-0.011140993796288967,1.0,1.0,6.888914953218773,46.432611998170614
0.023,68,1576053187,-0.07220422476530075,1.0,1.0,7.6770308734849095,46.847666846588254
0.023,69,1848019881,-0.0667961910367012,1.0,1.0,7.031281801289879,45.7180489320308
0.023,70,1508652585,0.010137760080397129,0.0,0.0,8.085369154345244,46.437151031568646
0.023,71,1995737731,0.15693917870521545,0.0,0.0,6.188586742151529,46.103947097435594
0.023,72,1162788447,0.058589477092027664,0.0,0.0,7.620516510331072,53.303441032767296
0.023,73,1172925522,0.001368352328427136,0.0,0.0,8.26120958745014,46.61228507757187
0.023,74,539174575,0.03304051607847214,0.0,0.0,7.188452966162004,45.635942136868834
0.023,75,2013637345,-0.05893876031041145,1.0,1.0,7.117268456611782,46.08251806348562
0.023,76,1187468716,0.05735206604003906,0.0,0.0,7.035387239069678,45.77641491778195
0.023,77,1062978506,0.09764423966407776,0.0,0.0,6.509189658798277,46.20625404641032
0.023,78,679326770,0.0017438001232221723,0.0,0.0,7.467549544526264,46.854385174810886
0.023,79,587923432,-0.043294377624988556,1.0,1.0,7.766549006570131,45.68997584283352
0.023,80,1359889667,-0.0177824255079031,1.0,1.0,6.95451215247158,46.85767204500735
0.023,81,970187386,0.050767797976732254,0.0,0.0,7.061206764890812,45.81389296799898
0.023,82,1219839873,0.02691533789038658,0.0,0.0,7.634645850281231,45.556667959317565
0.023,83,1428160212,0.09990040212869644,0.0,0.0,6.197660142905079,46.078652143478394
0.023,84,1930609499,-0.08840280771255493,1.0,1.0,7.5633948110044,46.086065005511045
0.023,85,710582861,0.20292171835899353,0.0,0.0,7.66980449273251,54.37428108416498
0.023,86,1463614337,-0.006762837991118431,1.0,1.0,7.712096820701845,46.234681038185954
0.023,87,1940152705,-0.06529754400253296,1.0,1.0,6.676239826134406,45.86144909262657
0.023,88,985452196,-0.003623006632551551,1.0,1.0,7.114865765324794,46.03599198162556
0.023,89,552062587,0.04277879744768143,0.0,0.0,7.282907284214161,45.63799989409745
0.023,90,623566272,0.03352777287364006,0.0,0.0,7.647381298826076,46.11025704070926
0.023,91,729775797,0.05638231337070465,0.0,0.0,7.09691867348738,45.98012287169695
0.023,92,1352536665,0.02578258328139782,0.0,0.0,6.889602228999138,45.80963007174432
0.023,93,555883440,-0.1774924248456955,1.0,1.0,7.661969235166907,45.43667798861861
0.023,94,1801800003,-0.07043556123971939,1.0,1.0,7.65675098344218,45.517591992393136
0.023,95,763315502,-0.06502868235111237,1.0,1.0,7.699377714423463,45.92195595614612
0.023,96,138897982,-0.23232915997505188,1.0,1.0,7.057645477238111,46.07927310280502
0.023,97,10785379,-0.023587603121995926,1.0,1.0,7.496579735539854,46.22798995114863
0.023,98,53923185,0.02752857841551304,0.0,0.0,7.172064451850019,45.05074000917375
0.023,99,1349917978,-0.2002822905778885,1.0,1.0,7.476750916335732,45.39296496659517
0.024,0,1501552845,-0.16230177879333496,1.0,1.0,7.979117025737651,46.791047090664506
0.024,1,488200390,-0.04767576605081558,1.0,1.0,6.994037981145084,45.546638080850244
0.024,2,1693606510,-0.03440089523792267,1.0,1.0,7.005556309595704,45.150734949857
0.024,3,680233354,-0.03385399654507637,1.0,1.0,8.382623214973137,45.09969102218747
0.024,4,438466540,-0.08459554612636566,1.0,1.0,7.134235738310963,45.50971603021026
0.024,5,1712329280,-0.13532601296901703,1.0,1.0,7.293890050728805,45.514872996136546
0.024,6,1380152455,0.07890357077121735,0.0,0.0,6.387639270396903,45.684471959248185
0.024,7,1452245846,-0.10611952841281891,1.0,1.0,7.581670348299667,45.27675616554916
0.024,8,2122694021,-0.14157429337501526,1.0,1.0,6.996200209949166,45.83387798629701
0.024,9,839901363,-0.00952276773750782,1.0,1.0,7.747643950744532,45.5835631582886
0.024,10,1802651552,-0.05762491002678871,1.0,1.0,7.639690003241412,45.65243306569755
0.024,11,714712467,-0.0783584788441658,1.0,1.0,7.050357926171273,45.77245004475117
0.024,12,1218704077,-0.14485035836696625,1.0,1.0,7.623159831855446,46.238448936492205
0.024,13,1284858263,0.0052174669690430164,0.0,0.0,7.549202012130991,45.54669000208378
0.024,14,457721135,-0.002390868030488491,1.0,1.0,7.176657854462974,46.45049897953868
0.024,15,401008609,-0.15153421461582184,1.0,1.0,7.605356317013502,46.37927212752402
0.024,16,492064534,-0.05603627488017082,1.0,1.0,7.537706640199758,46.99474084191024
0.024,17,1444732602,-0.015031909570097923,1.0,1.0,7.041865894570947,46.59684095531702
0.024,18,1317426686,-0.04338546469807625,1.0,1.0,7.75086951861158,46.879400964826345
0.024,19,2022506251,0.035800836980342865,0.0,0.0,7.759360839729197,46.01364606060088
0.024,20,1516459118,-0.16983568668365479,1.0,1.0,7.9772738564061,46.93204001523554
0.024,21,533103612,0.0007965718396008015,0.0,0.0,7.13274320634082,47.44779388420284
0.024,22,1964759878,-0.10046744346618652,1.0,1.0,7.595768290455453,49.758797977119684
0.024,23,2037706756,0.046589016914367676,0.0,0.0,6.4421326137380674,46.46179312840104
0.024,24,1572889065,-0.009840992279350758,1.0,1.0,7.099708286346868,45.57821108028293
0.024,25,1432881518,-0.006502240896224976,1.0,1.0,7.144862499204464,47.05941095016897
0.024,26,280516901,-0.135250985622406,1.0,1.0,7.108522422262467,46.44096200354397
0.024,27,205939248,-0.029377859085798264,1.0,1.0,7.5779751321533695,45.76470400206745
0.024,28,571904914,-0.06367240101099014,1.0,1.0,7.049307708977722,45.79625301994383
0.024,29,948843457,-0.006006707437336445,1.0,1.0,7.0238439603708684,47.564552165567875
0.024,30,155492488,0.03718383237719536,0.0,0.0,6.355538775562309,47.25717892870307
0.024,31,1903701130,-0.11562681198120117,1.0,1.0,7.6809190135682,45.0713608879596
0.024,32,1017961266,-0.13677410781383514,1.0,1.0,7.760980848805048,46.01778509095311
0.024,33,1497769985,0.0453815795481205,0.0,0.0,6.330122745945118,45.08744087070227
0.024,34,456523489,-0.00922784861177206,1.0,1.0,7.663338697282597,46.70856497250497
0.024,35,701095136,0.03343265503644943,0.0,0.0,7.188655574456789,47.0051821321249
0.024,36,249069576,-0.00032341666519641876,1.0,1.0,7.180812100996263,45.71407078765333
0.024,37,1576098728,-0.01012489665299654,1.0,1.0,6.912919232505374,47.119854018092155
0.024,38,1662748500,-0.1834869682788849,1.0,1.0,7.789020026335493,46.77874897606671
0.024,39,472736216,-0.30000001192092896,1.0,1.0,8.964795676176436,47.5268519949168
0.024,40,1535411295,0.014684240333735943,0.0,0.0,7.239905101596378,46.28293402493
0.024,41,175223003,-0.007018331903964281,1.0,1.0,8.13523693033494,46.533457934856415
0.024,42,840936862,-0.2725224196910858,1.0,1.0,7.047240572981536,46.584634110331535
0.024,43,343373188,-0.12326397746801376,1.0,1.0,9.008572723949328,47.328392043709755
0.024,44,1597751082,-0.05055678263306618,1.0,1.0,7.895393213140778,47.666885890066624
0.024,45,730359585,-0.013576187193393707,1.0,1.0,7.591889388510026,48.303959192708135
0.024,46,1016641002,-0.06508053839206696,1.0,1.0,7.172751445672475,48.210131004452705
0.024,47,998994690,-0.12762703001499176,1.0,1.0,7.0910922571783885,48.805154860019684
0.024,48,1021240743,0.06457480788230896,0.0,0.0,6.953514723456465,48.98600000888109
0.024,49,572134801,-0.16467994451522827,1.0,1.0,7.087010728311725,47.05602000467479
0.024,50,1198399760,-0.07543769478797913,1.0,1.0,7.036653318093158,46.827354934066534
0.024,51,1751866485,-0.19005140662193298,1.0,1.0,7.611591245862655,46.39391298405826
0.024,52,1070889713,-0.17856267094612122,1.0,1.0,7.529124081018381,46.50881211273372
0.024,53,415096539,-0.04739952087402344,1.0,1.0,7.172608675668016,45.7681049592793
0.024,54,52416235,0.1403455138206482,0.0,0.0,6.314936701441184,45.17414211295545
0.024,55,278032723,-0.06678338348865509,1.0,1.0,6.9694102419307455,46.96816182695329
0.024,56,174946158,-0.07455886900424957,1.0,1.0,7.532894179341383,46.37292306870222
0.024,57,196848554,-0.03647041693329811,1.0,1.0,7.006572325597517,45.97455891780555
0.024,58,263030910,0.01736939139664173,0.0,0.0,7.485463658813387,45.556982047855854
0.024,59,1285415020,0.004248087760061026,0.0,0.0,8.034538851235993,46.041970141232014
0.024,60,1733223444,-0.04584896191954613,1.0,1.0,7.279500956414267,51.29051418043673
0.024,61,1835544261,-0.0836615189909935,1.0,1.0,7.084256508387625,45.96293508075178
0.024,62,1403186970,-0.09845300018787384,1.0,1.0,7.79956886114087,46.08436697162688
0.024,63,1291971777,0.0007186238653957844,0.0,0.0,7.100056708557531,46.81237391196191
0.024,64,712292067,-0.08303721249103546,1.0,1.0,6.916599987307563,46.55459197238088
0.024,65,2001429764,0.0031925339717417955,0.0,0.0,6.9831445385934785,46.183132100850344
0.024,66,1375664061,-0.163692444562912,1.0,1.0,7.93395629664883,45.73184996843338
0.024,67,1556456120,-0.054550983011722565,1.0,1.0,7.596789188450202,45.54230999201536
0.024,68,1576053187,-0.12426859885454178,1.0,1.0,7.007780359592289,45.572238974273205
0.024,69,1848019881,-0.01459803618490696,1.0,1.0,6.985358252422884,45.66480522044003
0.024,70,1508652585,-0.01850762777030468,1.0,1.0,7.078398947138339,45.64160597510636
0.024,71,1995737731,0.18325230479240417,0.0,0.0,6.140390408807434,45.82435893826187
0.024,72,1162788447,0.049252595752477646,0.0,0.0,6.5789452532771975,45.29019212350249
0.024,73,1172925522,-0.1234247162938118,1.0,1.0,7.590620941948146,45.151710975915194
0.024,74,539174575,0.046270474791526794,0.0,0.0,7.03255846677348,46.61505902186036
0.024,75,2013637345,-0.024486439302563667,1.0,1.0,8.376251160399988,45.11219100095332
0.024,76,1187468716,-0.23770470917224884,1.0,1.0,6.883929409319535,46.19951802305877
0.024,77,1062978506,0.10433457791805267,0.0,0.0,6.533121143933386,47.76383005082607
0.024,78,679326770,-0.04378548637032509,1.0,1.0,7.563063006498851,45.56847782805562
0.024,79,587923432,-0.034642111510038376,1.0,1.0,8.115278390352614,46.23701493255794
0.024,80,1359889667,-0.06357782334089279,1.0,1.0,8.300484939478338,47.78530704788864
0.024,81,970187386,0.04816215857863426,0.0,0.0,7.697555900202133,45.91574799269438
0.024,82,1219839873,0.06089659035205841,0.0,0.0,6.40508566936478,46.42828390933573
0.024,83,1428160212,0.1137378066778183,0.0,0.0,6.263433529646136,45.86929711513221
0.024,84,1930609499,-0.008124587126076221,1.0,1.0,7.001412230543792,46.32504400797188
0.024,85,710582861,-0.14819443225860596,1.0,1.0,7.539661566144787,46.6143109370023
0.024,86,1463614337,-0.04433279111981392,1.0,1.0,7.952449837001041,46.04955809190869
0.024,87,1940152705,-0.16631536185741425,1.0,1.0,7.440343648893759,47.64390783384442
0.024,88,985452196,0.027828186750411987,0.0,0.0,6.956519245286472,46.45582102239132
0.024,89,552062587,-0.30000001192092896,1.0,1.0,7.09990392473992,47.28479916229844
0.024,90,623566272,-0.038949839770793915,1.0,1.0,6.990245091845281,47.102436888962984
0.024,91,729775797,-0.0007220798288471997,1.0,1.0,7.500431477557868,47.81442089006305
0.024,92,1352536665,-0.08955567330121994,1.0,1.0,6.967071236576885,47.1632550470531
0.024,93,555883440,0.0207134410738945,0.0,0.0,7.808381569921039,48.55711315758526
0.024,94,1801800003,0.020450307056307793,0.0,0.0,7.19243913795799,48.63575496710837
0.024,95,763315502,-0.1363847851753235,1.0,1.0,7.747239796561189,48.57661807909608
0.024,96,138897982,-0.22101224958896637,1.0,1.0,6.953971612616442,49.07051590271294
0.024,97,10785379,-0.06432551890611649,1.0,1.0,7.587191457278095,48.348296200856566
0.024,98,53923185,-0.13429425656795502,1.0,1.0,8.016909688012674,48.54308511130512
0.024,99,1349917978,-0.1639174222946167,1.0,1.0,7.322906824294478,48.85438806377351
0.025,0,1501552845,-0.032999057322740555,1.0,1.0,7.114178285235539,47.304307110607624
0.025,1,488200390,-0.08907514810562134,1.0,1.0,7.708754879538901,45.56114296428859
0.025,2,1693606510,-0.06134919077157974,1.0,1.0,7.152387326117605,46.402588952332735
0.025,3,680233354,-0.030902884900569916,1.0,1.0,7.03743142739404,46.225351048633456
0.025,4,438466540,-0.15903730690479279,1.0,1.0,7.651778514613397,46.151814982295036
0.025,5,1712329280,-0.09744525700807571,1.0,1.0,7.7986173536628485,45.872475020587444
0.025,6,1380152455,0.08200298249721527,0.0,0.0,6.427628919831477,46.41680791974068
0.025,7,1452245846,0.00912774819880724,0.0,0.0,7.229071567533538,46.3321830611676
0.025,8,2122694021,-0.01188803929835558,1.0,1.0,7.063406023429707,46.294852858409286
0.025,9,839901363,0.038465701043605804,0.0,0.0,7.843100918806158,46.34435218758881
0.025,10,1802651552,-0.12331271171569824,1.0,1.0,7.100713563733734,46.28028511069715
0.025,11,714712467,-0.07094869762659073,1.0,1.0,7.70047539495863,46.473983908072114
0.025,12,1218704077,-0.11249811947345734,1.0,1.0,7.9309655636316165,46.94587318226695
0.025,13,1284858263,-0.0860099345445633,1.0,1.0,7.376272724708542,46.26520210877061
0.025,14,457721135,-0.025847576558589935,1.0,1.0,7.253154519596137,46.61303199827671
0.025,15,401008609,-0.028452126309275627,1.0,1.0,7.552692766417749,46.78199300542474
0.025,16,492064534,-0.10697130858898163,1.0,1.0,7.561160050216131,47.521174885332584
0.025,17,1444732602,-0.06429312378168106,1.0,1.0,7.71638555591926,47.58253111504018
0.025,18,1317426686,-0.04607141762971878,1.0,1.0,7.629155245842412,48.25153015553951
0.025,19,2022506251,-0.09330664575099945,1.0,1.0,7.372475701035,47.306757885962725
0.025,20,1516459118,-0.01570061966776848,1.0,1.0,7.075741245876998,46.54184100218117
0.025,21,533103612,-0.1430433690547943,1.0,1.0,7.67590439110063,48.11560991220176
0.025,22,1964759878,0.0034096399322152138,0.0,0.0,7.498698873794638,47.16059402562678
0.025,23,2037706756,0.0519406832754612,0.0,0.0,6.435946311801672,46.821625204756856
0.025,24,1572889065,-0.009743768721818924,1.0,1.0,7.209577338304371,45.59248895384371
0.025,25,1432881518,-0.06672685593366623,1.0,1.0,7.576269164332189,47.28940618224442
0.025,26,280516901,-0.01814652420580387,1.0,1.0,7.881538706715219,47.28407599031925
0.025,27,205939248,0.08824432641267776,0.0,0.0,7.14196717645973,46.52534914202988
0.025,28,571904914,-0.028133943676948547,1.0,1.0,7.135871515027247,47.03828017227352
0.025,29,948843457,-0.0004878179752267897,1.0,1.0,7.034231952042319,47.492342069745064
0.025,30,155492488,0.045479558408260345,0.0,0.0,6.361748452531174,46.98033398017287
0.025,31,1903701130,-0.0396299846470356,1.0,1.0,8.473307836218737,46.484638936817646
0.025,32,1017961266,-0.07601946592330933,1.0,1.0,7.022510893410072,46.65866494178772
0.025,33,1497769985,0.057100582867860794,0.0,0.0,6.406162463361397,47.02378483489156
0.025,34,456523489,-0.12367594242095947,1.0,1.0,7.711169311893173,45.54204014129937
0.025,35,701095136,0.060372330248355865,0.0,0.0,7.180109566892497,46.10997880809009
0.025,36,249069576,-0.10969818383455276,1.0,1.0,7.1047906602034345,45.23866786621511
0.025,37,1576098728,-0.14295265078544617,1.0,1.0,7.528775649261661,46.29955790005624
0.025,38,1662748500,-0.10415732860565186,1.0,1.0,7.618492423207499,46.44395504146814
0.025,39,472736216,0.08847751468420029,0.0,0.0,6.378835645271465,45.75962899252772
0.025,40,1535411295,0.02650071494281292,0.0,0.0,7.038669426576234,53.08265215717256
0.025,41,175223003,-0.012357618659734726,1.0,1.0,7.0172645637067035,44.89579098299146
0.025,42,840936862,-0.03291428089141846,1.0,1.0,7.769013220444322,46.103069093078375
0.025,43,343373188,-0.05627811700105667,1.0,1.0,7.79930572246667,46.6141439974308
0.025,44,1597751082,-0.06805111467838287,1.0,1.0,7.628705585375428,46.798457857221365
0.025,45,730359585,-0.08211866766214371,1.0,1.0,7.693471521837637,47.225401969626546
0.025,46,1016641002,-0.10553590208292007,1.0,1.0,7.22999166790396,47.07806301303208
0.025,47,998994690,-0.16202905774116516,1.0,1.0,7.183409325545654,47.23228304646909
0.025,48,1021240743,0.06673198193311691,0.0,0.0,7.190556305926293,60.44498598203063
0.025,49,572134801,0.04900722578167915,0.0,0.0,7.074428302817978,45.8091301843524
0.025,50,1198399760,-0.03305962681770325,1.0,1.0,7.074092541704886,46.74264416098595
0.025,51,1751866485,-0.019094254821538925,1.0,1.0,7.514679288608022,45.44361704029143
0.025,52,1070889713,-0.007990943267941475,1.0,1.0,7.015052410191856,45.00971012748778
0.025,53,415096539,-0.06924297660589218,1.0,1.0,7.9420177061110735,46.00391793064773
0.025,54,52416235,-0.030143121257424355,1.0,1.0,8.009405947290361,45.7355969119817
0.025,55,278032723,-0.008244697004556656,1.0,1.0,7.5932983222883195,46.05779401026666
0.025,56,174946158,-0.0953507125377655,1.0,1.0,6.929659514338709,45.88123504072428
0.025,57,196848554,0.021738428622484207,0.0,0.0,7.509065443533473,46.16385907866061
0.025,58,263030910,-0.04228471219539642,1.0,1.0,7.755801732651889,45.263685984537005
0.025,59,1285415020,-0.23098768293857574,1.0,1.0,7.004705467144959,45.02397798933089
0.025,60,1733223444,-0.07967089116573334,1.0,1.0,7.0574119969969615,50.89579988270998
0.025,61,1835544261,-0.30000001192092896,1.0,1.0,8.664736186969094,45.61922303400934
0.025,62,1403186970,-0.0016855441499501467,1.0,1.0,7.555239050765522,45.89935205876827
0.025,63,1291971777,0.004118656273931265,0.0,0.0,8.226747925160453,45.43944098986685
0.025,64,712292067,-0.15041892230510712,1.0,1.0,7.062985360505991,45.401176903396845
0.025,65,2001429764,-0.128286212682724,1.0,1.0,7.8363910634070635,45.29091506265104
0.025,66,1375664061,0.09181829541921616,0.0,0.0,8.09365686075762,44.9233700055629
0.025,67,1556456120,0.018280725926160812,0.0,0.0,6.906438515870832,44.93318498134613
0.025,68,1576053187,0.090613953769207,0.0,0.0,7.172237343387678,45.072292909026146
0.025,69,1848019881,-0.061520762741565704,1.0,1.0,7.332073800032958,46.549122082069516
0.025,70,1508652585,0.02031685970723629,0.0,0.0,7.546484355814755,46.657929895445704
0.025,71,1995737731,0.11651026457548141,0.0,0.0,6.317720552207902,45.99974304437637
0.025,72,1162788447,0.11520879715681076,0.0,0.0,6.47561364271678,45.61862489208579
0.025,73,1172925522,-0.13926683366298676,1.0,1.0,7.922834660043009,47.22192487679422
0.025,74,539174575,0.020227914676070213,0.0,0.0,7.14681295119226,47.02721699140966
0.025,75,2013637345,-0.12897846102714539,1.0,1.0,7.068203478003852,46.30266805179417
0.025,76,1187468716,-0.287380576133728,1.0,1.0,7.107697912259027,47.158378176391125
0.025,77,1062978506,0.11744168400764465,0.0,0.0,6.528092509135604,47.42647218517959
0.025,78,679326770,-0.08271490782499313,1.0,1.0,7.741250472608954,45.652697095647454
0.025,79,587923432,-0.11153544485569,1.0,1.0,7.662105199065991,47.35508398152888
0.025,80,1359889667,-0.03908214718103409,1.0,1.0,7.777284269221127,46.83666909113526
0.025,81,970187386,-0.10400811582803726,1.0,1.0,7.220363775035366,46.52469605207443
0.025,82,1219839873,0.08670897781848907,0.0,0.0,6.49097922956571,46.48352391086519
0.025,83,1428160212,0.12213441729545593,0.0,0.0,6.323442476801574,46.26824287697673
0.025,84,1930609499,-0.08089444041252136,1.0,1.0,7.143723959685303,47.98386199399829
0.025,85,710582861,0.06546385586261749,0.0,0.0,6.792500785319135,47.77560802176595
0.025,86,1463614337,0.10426375269889832,0.0,0.0,7.2505495310761034,46.2995870038867
0.025,87,1940152705,-0.006198196671903133,1.0,1.0,7.553367345477454,47.657853923738
0.025,88,985452196,0.04546358063817024,0.0,0.0,7.211496971664019,46.05216812342405
0.025,89,552062587,-0.25247693061828613,1.0,1.0,7.1409099800512195,47.41509398445487
0.025,90,623566272,-0.0982535183429718,1.0,1.0,7.79069389461074,47.845601104199886
0.025,91,729775797,0.0072189802303910255,0.0,0.0,7.1092569809407,48.04880707524717
0.025,92,1352536665,-0.029652222990989685,1.0,1.0,6.978015387896448,47.2865819465369
0.025,93,555883440,0.04297962412238121,0.0,0.0,7.13403030007612,49.01394806802273
0.025,94,1801800003,-0.030856143683195114,1.0,1.0,7.517672031535767,48.80063096061349
0.025,95,763315502,-0.13207954168319702,1.0,1.0,7.1918230697046965,49.06951496377587
0.025,96,138897982,-0.30000001192092896,1.0,1.0,8.496786969481036,49.233007011935115
0.025,97,10785379,-0.01789119280874729,1.0,1.0,7.754870084812865,48.94692590460181
0.025,98,53923185,-0.12100920081138611,1.0,1.0,8.049922742065974,48.9554270170629
0.025,99,1349917978,-0.010925174690783024,1.0,1.0,7.53203970938921,48.86402399279177
0.026,0,1501552845,0.026054954156279564,0.0,0.0,8.073282541939989,47.101435950025916
0.026,1,488200390,-0.05863195285201073,1.0,1.0,7.893263556412421,46.14474414847791
0.026,2,1693606510,-0.03816189989447594,1.0,1.0,7.0396612824406475,46.175024937838316
0.026,3,680233354,0.0006445621838793159,0.0,0.0,7.783176567405462,47.029002103954554
0.026,4,438466540,-0.09280900657176971,1.0,1.0,7.764866736950353,46.77974688820541
0.026,5,1712329280,-0.07240020483732224,1.0,1.0,7.047750515979715,46.85911792330444
0.026,6,1380152455,0.08831634372472763,0.0,0.0,6.46505239023827,45.92325701378286
0.026,7,1452245846,-0.08779994398355484,1.0,1.0,7.796292750281282,47.13352117687464
0.026,8,2122694021,-0.21720904111862183,1.0,1.0,8.617350452695973,47.02833388000727
0.026,9,839901363,-0.30000001192092896,1.0,1.0,7.334759081364609,47.12875001132488
0.026,10,1802651552,-0.15710434317588806,1.0,1.0,7.631259500514716,47.161447117105126
0.026,11,714712467,-0.15101221203804016,1.0,1.0,7.583226798800752,47.161441994830966
0.026,12,1218704077,-0.15704962611198425,1.0,1.0,7.720582214999013,46.96392500773072
0.026,13,1284858263,-0.11799901723861694,1.0,1.0,7.455235990229994,47.352605033665895
0.026,14,457721135,-0.041071683168411255,1.0,1.0,8.128064083401114,47.35411494038999
0.026,15,401008609,-0.10724728554487228,1.0,1.0,7.700878395698965,48.17330604419112
0.026,16,492064534,-0.013477694243192673,1.0,1.0,7.639591665007174,47.79963498003781
0.026,17,1444732602,0.0015735734486952424,0.0,0.0,7.2578586806776,48.05618291720748
0.026,18,1317426686,-0.1204821988940239,1.0,1.0,7.649671124527231,47.604965046048164
0.026,19,2022506251,-0.05164831131696701,1.0,1.0,7.832570323371328,47.68891888670623
0.026,20,1516459118,-0.06274300813674927,1.0,1.0,7.119320843368769,52.16359416954219
0.026,21,533103612,-0.0335615798830986,1.0,1.0,7.086741357576102,47.433926025405526
0.026,22,1964759878,-0.007748078554868698,1.0,1.0,7.7939558806829154,47.51411615870893
0.026,23,2037706756,0.06398734450340271,0.0,0.0,6.739876041072421,46.45679285749793
0.026,24,1572889065,0.0031013512052595615,0.0,0.0,7.414738112944178,47.511117067188025
0.026,25,1432881518,-0.048803169280290604,1.0,1.0,7.241314101964235,47.597976168617606
0.026,26,280516901,-0.13998018205165863,1.0,1.0,7.183052998734638,46.62575013935566
0.026,27,205939248,0.061768729239702225,0.0,0.0,7.17667290288955,47.40815400145948
0.026,28,571904914,-0.00371366273611784,1.0,1.0,7.143446599598974,48.44218911603093
0.026,29,948843457,0.0006166104576550424,0.0,0.0,7.121441931114532,47.28259891271591
0.026,30,155492488,0.06836329400539398,0.0,0.0,6.346887923311442,45.890515903010964
0.026,31,1903701130,0.05165662616491318,0.0,0.0,7.416987681179307,46.24915402382612
0.026,32,1017961266,-0.09194503724575043,1.0,1.0,7.472106215311214,45.849240850657225
0.026,33,1497769985,-0.18607094883918762,1.0,1.0,7.042818535468541,45.39460316300392
0.026,34,456523489,-0.032333362847566605,1.0,1.0,7.939369059517048,46.222232980653644
0.026,35,701095136,-0.07213333994150162,1.0,1.0,7.879851082689129,46.05959099717438
0.026,36,249069576,-0.0488225519657135,1.0,1.0,7.173209358705208,46.52225389145315
0.026,37,1576098728,0.06278499215841293,0.0,0.0,7.156634421553463,47.410564962774515
0.026,38,1662748500,-0.07378225773572922,1.0,1.0,7.071655863546766,46.640004962682724
0.026,39,472736216,0.09635638445615768,0.0,0.0,6.437039780779742,45.9598780144006
0.026,40,1535411295,-0.029967473819851875,1.0,1.0,7.048070907825604,45.72403710335493
0.026,41,175223003,-0.004444017540663481,1.0,1.0,7.274204830173403,45.77506799250841
0.026,42,840936862,-0.05983240529894829,1.0,1.0,7.189327124971896,46.262928983196616
0.026,43,343373188,-0.14746998250484467,1.0,1.0,7.4596735732629895,47.547376016154885
0.026,44,1597751082,0.022744202986359596,0.0,0.0,7.167016245890409,47.42210195399821
0.026,45,730359585,-0.07584135979413986,1.0,1.0,7.783600503811613,48.09146001935005
0.026,46,1016641002,-0.0553429014980793,1.0,1.0,6.979607746005058,47.60668193921447
0.026,47,998994690,-0.1411207765340805,1.0,1.0,7.314634400769137,47.90375800803304
0.026,48,1021240743,-0.30000001192092896,1.0,1.0,8.767348991008475,47.99583205021918
0.026,49,572134801,-0.1803402155637741,1.0,1.0,7.529456224176101,47.40806599147618
0.026,50,1198399760,-0.04167976602911949,1.0,1.0,6.925745488260873,46.814271016046405
0.026,51,1751866485,-0.1211039274930954,1.0,1.0,7.929045247728936,45.92098598368466
0.026,52,1070889713,-0.06859902292490005,1.0,1.0,8.518093714257702,47.04947816208005
0.026,53,415096539,0.06365377455949783,0.0,0.0,7.329614949063398,46.50651593692601
0.026,54,52416235,-0.17959855496883392,1.0,1.0,7.418853642302565,45.94408697448671
0.026,55,278032723,0.007985541597008705,0.0,0.0,7.4231967515079305,46.67395306751132
0.026,56,174946158,-0.11208038032054901,1.0,1.0,7.713041160139255,46.66674789041281
0.026,57,196848554,-0.1264660507440567,1.0,1.0,7.839116737712175,46.35458905249834
0.026,58,263030910,-0.2121860235929489,1.0,1.0,7.705357875674963,46.14810599014163
0.026,59,1285415020,-0.06167230382561684,1.0,1.0,7.604043478146195,52.32154903933406
0.026,60,1733223444,-0.0564301572740078,1.0,1.0,7.109419557848014,46.26359511166811
0.026,61,1835544261,-0.17480282485485077,1.0,1.0,7.644901763531379,47.045574989169836
0.026,62,1403186970,-0.12832611799240112,1.0,1.0,7.205885031842627,46.34568211622536
0.026,63,1291971777,-0.14763452112674713,1.0,1.0,7.813335236278363,46.49186902679503
0.026,64,712292067,-0.10286208987236023,1.0,1.0,7.879514130414464,46.12616100348532
0.026,65,2001429764,-0.06142881140112877,1.0,1.0,7.704146843403578,45.7382220774889
0.026,66,1375664061,-0.03853030130267143,1.0,1.0,7.769667742657475,45.0878469273448
0.026,67,1556456120,-0.1076892539858818,1.0,1.0,6.723013130715117,45.77543493360281
0.026,68,1576053187,-0.05146998167037964,1.0,1.0,8.452252890914679,45.6919870339334
0.026,69,1848019881,-0.015975039452314377,1.0,1.0,7.258405885077082,45.69656495004892
0.026,70,1508652585,-0.005000084172934294,1.0,1.0,8.409148076199926,45.30676989816129
0.026,71,1995737731,0.13952228426933289,0.0,0.0,6.328167482162826,45.13883218169212
0.026,72,1162788447,0.10593682527542114,0.0,0.0,6.538919847458601,45.5031399615109
0.026,73,1172925522,-0.10533224046230316,1.0,1.0,7.260300825582817,45.78540683723986
0.026,74,539174575,0.00607664231210947,0.0,0.0,8.650647167582065,45.75938917696476
0.026,75,2013637345,-0.22169436514377594,1.0,1.0,7.132535913377069,46.91436607390642
0.026,76,1187468716,-0.003085831878706813,1.0,1.0,7.988401440903544,52.30501783080399
0.026,77,1062978506,0.11165300756692886,0.0,0.0,6.512178756296635,46.714888885617256
0.026,78,679326770,-0.08249843120574951,1.0,1.0,6.996715388377197,47.23797901533544
0.026,79,587923432,-0.05009512975811958,1.0,1.0,7.2622661258792505,47.845028806477785
0.026,80,1359889667,-0.05226569250226021,1.0,1.0,7.543578246142715,46.77238198928535
0.026,81,970187386,-0.21592150628566742,1.0,1.0,7.847344525391236,47.42318717762828
0.026,82,1219839873,0.09539474546909332,0.0,0.0,6.521423178957775,46.6859620064497
0.026,83,1428160212,0.12657222151756287,0.0,0.0,6.269294324796647,48.01238398067653
0.026,84,1930609499,-0.03940579295158386,1.0,1.0,7.174026160384528,47.34608484432101
0.026,85,710582861,0.022819101810455322,0.0,0.0,7.622391199809499,46.57092993147671
0.026,86,1463614337,-0.011161315254867077,1.0,1.0,7.086776729440317,47.87264089100063
0.026,87,1940152705,-0.03455483540892601,1.0,1.0,7.4131205605808645,47.57543792948127
0.026,88,985452196,-0.08961766958236694,1.0,1.0,7.664828679175116,47.7960139978677
0.026,89,552062587,-0.17146505415439606,1.0,1.0,7.2009955738903955,47.889790032058954
0.026,90,623566272,-0.05840454250574112,1.0,1.0,7.23760314215906,48.605346819385886
0.026,91,729775797,-0.009135192260146141,1.0,1.0,8.371885266387835,48.17758593708277
0.026,92,1352536665,-0.12445364147424698,1.0,1.0,6.790265097166412,48.92115015536547
0.026,93,555883440,-0.08409914374351501,1.0,1.0,7.5325654920889065,56.199291022494435
0.026,94,1801800003,-0.08248942345380783,1.0,1.0,7.696231907582842,49.229227006435394
0.026,95,763315502,-0.055159684270620346,1.0,1.0,7.789371279766783,71.79991900920868
0.026,96,138897982,-0.2170567810535431,1.0,1.0,7.1166437291540205,48.47487900406122
0.026,97,10785379,-0.07639855146408081,1.0,1.0,7.672340978402644,49.31887099519372
0.026,98,53923185,0.020838752388954163,0.0,0.0,7.233689667657018,48.840185860171914
0.026,99,1349917978,0.039591506123542786,0.0,0.0,7.659898393321782,50.110518001019955
0.027,0,1501552845,-0.008845198899507523,1.0,1.0,7.268088733777404,49.65952201746404
0.027,1,488200390,0.007392111234366894,0.0,0.0,6.963691282784566,47.934915870428085
0.027,2,1693606510,-0.053769879043102264,1.0,1.0,7.703171833767556,48.64094313234091
0.027,3,680233354,-0.1163201853632927,1.0,1.0,7.0878338034963235,48.25334902852774
0.027,4,438466540,-0.0546775721013546,1.0,1.0,7.719761874526739,47.39582887850702
0.027,5,1712329280,-0.11438719928264618,1.0,1.0,7.1612080006161705,47.76326986029744
0.027,6,1380152455,0.10218526422977448,0.0,0.0,6.476643760106526,48.23832283727825
0.027,7,1452245846,-0.1542663276195526,1.0,1.0,7.635791809763759,46.094421995803714
0.027,8,2122694021,-0.15444575250148773,1.0,1.0,7.134039312368259,47.74236399680376
0.027,9,839901363,0.04795084521174431,0.0,0.0,7.459763147751801,47.79602284543216
0.027,10,1802651552,-0.10102973878383636,1.0,1.0,7.216852439916693,48.93404198810458
0.027,11,714712467,-0.04568370804190636,1.0,1.0,7.759397678775713,48.193102004006505
0.027,12,1218704077,-0.1512705534696579,1.0,1.0,7.61319000844378,48.6666620709002
0.027,13,1284858263,-0.09202902019023895,1.0,1.0,7.205606051720679,49.05916191637516
0.027,14,457721135,-0.053000856190919876,1.0,1.0,7.161508828168735,48.45414916053414
0.027,15,401008609,-0.04306303709745407,1.0,1.0,7.776779165957123,48.593210987746716
0.027,16,492064534,-0.14161616563796997,1.0,1.0,7.663380998186767,48.374938080087304
0.027,17,1444732602,-0.11810743808746338,1.0,1.0,7.631505174096674,48.35691815242171
0.027,18,1317426686,-0.17362190783023834,1.0,1.0,7.738778529455885,48.379299929365516
0.027,19,2022506251,-0.07031711935997009,1.0,1.0,7.567920411704108,49.296877114102244
0.027,20,1516459118,-0.010173634625971317,1.0,1.0,7.783738369937055,48.309884034097195
0.027,21,533103612,-0.032143644988536835,1.0,1.0,7.036602395935915,48.26516890898347
0.027,22,1964759878,-0.08076032251119614,1.0,1.0,7.5798597041284665,48.417177982628345
0.027,23,2037706756,0.07870329916477203,0.0,0.0,6.770359455957077,48.539089038968086
0.027,24,1572889065,-0.04475948214530945,1.0,1.0,7.1030932972207665,48.92618511803448
0.027,25,1432881518,-0.04010401666164398,1.0,1.0,7.737088577821851,48.511024098843336
0.027,26,280516901,-0.18435968458652496,1.0,1.0,6.9629509976366535,48.52793598547578
0.027,27,205939248,-0.03634500876069069,1.0,1.0,7.520385640324093,48.480877885594964
0.027,28,571904914,-0.04141539707779884,1.0,1.0,6.958155814325437,48.638106090947986
0.027,29,948843457,-0.1539488285779953,1.0,1.0,7.679259321419522,48.43526612967253
0.027,30,155492488,0.06674569845199585,0.0,0.0,6.355598945869133,48.52655902504921
0.027,31,1903701130,-0.10041726380586624,1.0,1.0,7.640690608532168,46.85042588971555
0.027,32,1017961266,-0.1101713553071022,1.0,1.0,7.7707756905583665,51.0887501295656
0.027,33,1497769985,-0.17256419360637665,1.0,1.0,6.8787274019559845,51.0538921225816
0.027,34,456523489,-0.07145477831363678,1.0,1.0,7.385364380432293,48.41409414075315
0.027,35,701095136,-0.016030654311180115,1.0,1.0,8.487327617011033,47.99466207623482
0.027,36,249069576,-0.30000001192092896,1.0,1.0,9.113767493050545,48.051747027784586
0.027,37,1576098728,-0.11789172142744064,1.0,1.0,7.620305620133877,49.049008172005415
0.027,38,1662748500,-0.025207312777638435,1.0,1.0,7.737141801859252,49.58167299628258
0.027,39,472736216,0.10168323665857315,0.0,0.0,6.434135693474673,49.85731095075607
0.027,40,1535411295,0.022389572113752365,0.0,0.0,7.119867800269276,48.244471894577146
0.027,41,175223003,-0.24003832042217255,1.0,1.0,9.078114769188687,49.95832405984402
0.027,42,840936862,-0.2579335570335388,1.0,1.0,7.048218333628029,50.69610895588994
0.027,43,343373188,-0.21715028584003448,1.0,1.0,7.844564407714643,49.708483973518014
0.027,44,1597751082,-0.19037263095378876,1.0,1.0,7.934699555276893,49.43164414726198
0.027,45,730359585,-0.025512346997857094,1.0,1.0,7.092716129380278,50.402059918269515
0.027,46,1016641002,-0.1105642318725586,1.0,1.0,7.2696632399456576,49.62123488076031
0.027,47,998994690,-0.1081276684999466,1.0,1.0,7.62375283788424,49.63105404749513
0.027,48,1021240743,-0.029179658740758896,1.0,1.0,7.22274403902702,49.77458016946912
0.027,49,572134801,-0.11121425032615662,1.0,1.0,7.686889837495983,49.15292514488101
0.027,50,1198399760,-0.004850730299949646,1.0,1.0,6.883189490996301,48.72376099228859
0.027,51,1751866485,-0.057867877185344696,1.0,1.0,7.05672275100369,48.432575073093176
0.027,52,1070889713,-0.15728922188282013,1.0,1.0,6.945308804977685,48.352272948250175
0.027,53,415096539,0.012347851879894733,0.0,0.0,7.702787732006982,48.31748106516898
0.027,54,52416235,0.1774066537618637,0.0,0.0,6.493824535049498,48.07690903544426
0.027,55,278032723,-0.10697717219591141,1.0,1.0,7.7508963057771325,46.82525503449142
0.027,56,174946158,-0.02115350402891636,1.0,1.0,7.2486133254133165,47.86973586305976
0.027,57,196848554,-0.0034230153542011976,1.0,1.0,7.051683744997717,48.44277608208358
0.027,58,263030910,-0.18678061664104462,1.0,1.0,7.9949889234267175,47.274995129555464
0.027,59,1285415020,0.06545703113079071,0.0,0.0,7.341752758482471,49.14846201427281
0.027,60,1733223444,-0.03996814042329788,1.0,1.0,7.170739896944724,48.5680669080466
0.027,61,1835544261,-0.1842709332704544,1.0,1.0,7.839014021679759,48.64816600456834
0.027,62,1403186970,-0.07032007724046707,1.0,1.0,7.85572109487839,48.4522411134094
0.027,63,1291971777,0.04901367053389549,0.0,0.0,8.373566237743944,49.14747388102114
0.027,64,712292067,-0.07001595199108124,1.0,1.0,7.414933668333106,49.71235292032361
0.027,65,2001429764,-0.05365021899342537,1.0,1.0,7.637406965950504,49.228949937969446
0.027,66,1375664061,-0.04731929302215576,1.0,1.0,7.282721236930229,49.32411899790168
0.027,67,1556456120,-0.024964962154626846,1.0,1.0,6.758166650077328,49.49032608419657
0.027,68,1576053187,-0.12180902063846588,1.0,1.0,7.862284624483436,48.5782609321177
0.027,69,1848019881,-0.037126511335372925,1.0,1.0,7.213774296804331,49.7215730138123
0.027,70,1508652585,-0.08683106303215027,1.0,1.0,7.467369926976971,50.63166981562972
0.027,71,1995737731,0.16476568579673767,0.0,0.0,6.292821137001738,46.79590696468949
0.027,72,1162788447,-0.19565433263778687,1.0,1.0,7.1927833498921245,48.82388492114842
0.027,73,1172925522,-0.030577996745705605,1.0,1.0,7.087405418977141,47.70578001625836
0.027,74,539174575,-0.025766273960471153,1.0,1.0,6.9887836668640375,46.9945480581373
0.027,75,2013637345,-0.24039000272750854,1.0,1.0,7.1718572528334334,47.397956950590014
0.027,76,1187468716,-0.005714342929422855,1.0,1.0,8.086531346896663,47.741052927449346
0.027,77,1062978506,0.12727385759353638,0.0,0.0,6.62183075689245,47.50552889890969
0.027,78,679326770,-0.10912185162305832,1.0,1.0,7.80950271023903,49.07890013419092
0.027,79,587923432,-0.11478140950202942,1.0,1.0,7.942489232053049,48.72715915553272
0.027,80,1359889667,0.004226671997457743,0.0,0.0,7.194437543046661,48.8868139218539
0.027,81,970187386,0.07750383019447327,0.0,0.0,7.454918120405637,48.455649986863136
0.027,82,1219839873,0.09875252097845078,0.0,0.0,6.4732144887093455,47.511508921161294
0.027,83,1428160212,0.1394311636686325,0.0,0.0,6.382716287043877,48.297500936314464
0.027,84,1930609499,0.03305009379982948,0.0,0.0,7.324094614945352,50.17648893408477
0.027,85,710582861,0.04230901598930359,0.0,0.0,7.044056584825739,49.04887895099819
0.027,86,1463614337,-0.15465860068798065,1.0,1.0,7.993855975801125,48.82747307419777
0.027,87,1940152705,-0.03978307917714119,1.0,1.0,6.784633817849681,48.22356905788183
0.027,88,985452196,-0.15864139795303345,1.0,1.0,7.969904142431915,48.73655387200415
0.027,89,552062587,0.011935803107917309,0.0,0.0,7.912327851750888,48.85566607117653
0.027,90,623566272,0.014163056388497353,0.0,0.0,8.111369551275857,47.83672001212835
0.027,91,729775797,-0.1299852877855301,1.0,1.0,8.05433635332156,47.396074049174786
0.027,92,1352536665,-0.0744168758392334,1.0,1.0,7.0090898115886375,47.222580993548036
0.027,93,555883440,-0.03851756080985069,1.0,1.0,7.116688047419302,46.6356051620096
0.027,94,1801800003,-0.30000001192092896,1.0,1.0,8.796801592223346,47.75804211385548
0.027,95,763315502,-0.003680227091535926,1.0,1.0,7.414716756553389,46.39543709345162
0.027,96,138897982,-0.24330978095531464,1.0,1.0,7.468796459259465,46.53391684405506
0.027,97,10785379,-0.09145963937044144,1.0,1.0,7.854692447930574,47.72694711573422
0.027,98,53923185,-0.11369374394416809,1.0,1.0,7.821341756731272,47.63588705100119
0.027,99,1349917978,-0.30000001192092896,1.0,1.0,8.21858245646581,47.19335515983403
0.028,0,1501552845,-0.014128420501947403,1.0,1.0,7.734471506555565,50.542380195111036
0.028,1,488200390,-0.08568023890256882,1.0,1.0,6.967963054776192,48.3459341339767
0.028,2,1693606510,-0.08576073497533798,1.0,1.0,7.143147480906919,49.29471109062433
0.028,3,680233354,-0.07382699847221375,1.0,1.0,7.805370880640112,48.57821203768253
0.028,4,438466540,-0.11084149032831192,1.0,1.0,6.925190355279483,46.98338289745152
0.028,5,1712329280,-0.07797712832689285,1.0,1.0,7.331616452196613,48.92128403298557
0.028,6,1380152455,0.11387185752391815,0.0,0.0,6.4898587266216055,49.19060994870961
0.028,7,1452245846,-0.039928726851940155,1.0,1.0,7.060803313739598,46.45755514502525
0.028,8,2122694021,0.08961202949285507,0.0,0.0,7.093889326322824,48.31316787749529
0.028,9,839901363,-0.24386224150657654,1.0,1.0,7.427918335539289,48.338089836761355
0.028,10,1802651552,-0.08564599603414536,1.0,1.0,7.17636518063955,48.48011303693056
0.028,11,714712467,-0.07276282459497452,1.0,1.0,7.123623161343858,48.43575996346772
0.028,12,1218704077,-0.043957315385341644,1.0,1.0,7.734064874937758,49.05926086939871
0.028,13,1284858263,-0.061796024441719055,1.0,1.0,6.935959483264014,48.843248980119824
0.028,14,457721135,-0.009841003455221653,1.0,1.0,7.176628501270898,48.22883382439613
0.028,15,401008609,-0.03866332769393921,1.0,1.0,7.45609688013792,47.40243195556104
0.028,16,492064534,0.008394239470362663,0.0,0.0,8.411372786969878,47.4283650983125
0.028,17,1444732602,-0.11327292025089264,1.0,1.0,7.55274307099171,48.18844306282699
0.028,18,1317426686,-0.09978802502155304,1.0,1.0,7.813917604507878,48.126271925866604
0.028,19,2022506251,-0.042279619723558426,1.0,1.0,8.005548640503548,48.81037515588105
0.028,20,1516459118,-0.03808469697833061,1.0,1.0,7.747010601335205,48.41611604206264
0.028,21,533103612,-0.12710952758789062,1.0,1.0,7.140098643954843,48.684448935091496
0.028,22,1964759878,-0.06872528046369553,1.0,1.0,7.693085307138972,47.77194885537028
0.028,23,2037706756,0.08711723238229752,0.0,0.0,6.78579264995642,48.070056829601526
0.028,24,1572889065,-0.039092399179935455,1.0,1.0,7.116578810964711,49.226998118683696
0.028,25,1432881518,-0.07885576784610748,1.0,1.0,7.831142499344423,47.830678056925535
0.028,26,280516901,0.05341096594929695,0.0,0.0,6.579066070145927,48.14658313989639
0.028,27,205939248,-0.03791338950395584,1.0,1.0,7.273508306592703,47.68577613867819
0.028,28,571904914,-0.13880924880504608,1.0,1.0,7.720958190620877,47.738329973071814
0.028,29,948843457,-0.07871530950069427,1.0,1.0,7.800426168483682,47.65723296441138
0.028,30,155492488,0.07254257798194885,0.0,0.0,6.375165822100826,48.090150114148855
0.028,31,1903701130,-0.09553592652082443,1.0,1.0,7.788898860220797,46.78798792883754
0.028,32,1017961266,-0.06897082924842834,1.0,1.0,7.780295398668386,49.545814050361514
0.028,33,1497769985,-0.20997171103954315,1.0,1.0,7.038298294763081,49.71468891017139
0.028,34,456523489,-0.05012413486838341,1.0,1.0,7.697959389537573,47.82854812219739
0.028,35,701095136,-0.10690420120954514,1.0,1.0,7.7306595637928694,46.8476798851043
0.028,36,249069576,0.052272066473960876,0.0,0.0,8.15491538029164,47.27645101957023
0.028,37,1576098728,-0.06656481325626373,1.0,1.0,7.155412308638915,48.14986791461706
0.028,38,1662748500,0.0067043611779809,0.0,0.0,7.279904384282418,48.88446186669171
0.028,39,472736216,0.10696546733379364,0.0,0.0,6.412752617150545,49.58331515081227
0.028,40,1535411295,-0.042173534631729126,1.0,1.0,7.5661766974953935,48.19864593446255
0.028,41,175223003,0.007119603920727968,0.0,0.0,7.717624619253911,48.99255512282252
0.028,42,840936862,-0.21731729805469513,1.0,1.0,7.240670108469203,50.36858608946204
0.028,43,343373188,-0.17951634526252747,1.0,1.0,7.686295796185732,49.40858297049999
0.028,44,1597751082,-0.13830099999904633,1.0,1.0,7.831520443432964,49.82439195737243
0.028,45,730359585,0.02218300849199295,0.0,0.0,8.483074770309031,50.23121181875467
0.028,46,1016641002,-0.0758514404296875,1.0,1.0,7.14286909357179,49.71851222217083
0.028,47,998994690,0.014623154886066914,0.0,0.0,7.119826458627358,49.60067896172404
0.028,48,1021240743,0.002469607861712575,0.0,0.0,7.3543651887448505,49.86493312753737
0.028,49,572134801,-0.19672663509845734,1.0,1.0,7.907662219717167,49.64925907552242
0.028,50,1198399760,-0.004232785198837519,1.0,1.0,7.0865434856386855,49.50319603085518
0.028,51,1751866485,0.03148178383708,0.0,0.0,7.2702831737697124,49.23822800628841
0.028,52,1070889713,-0.07817725837230682,1.0,1.0,7.247201089863665,49.20893092639744
0.028,53,415096539,-0.07376030832529068,1.0,1.0,7.88001501862891,49.1519111674279
0.028,54,52416235,0.19064269959926605,0.0,0.0,6.4859384092269465,48.874364932999015
0.028,55,278032723,-0.13328538835048676,1.0,1.0,7.699868143768981,47.25560802035034
0.028,56,174946158,-0.15310528874397278,1.0,1.0,7.6046189373591915,48.96242800168693
0.028,57,196848554,-0.07039273530244827,1.0,1.0,7.004191951244138,48.09932014904916
0.028,58,263030910,-0.07819677889347076,1.0,1.0,7.180870349868201,47.093663131818175
0.028,59,1285415020,-0.21560248732566833,1.0,1.0,6.932372301933356,53.94775210879743
0.028,60,1733223444,-0.12472301721572876,1.0,1.0,7.23710639635101,48.556294990703464
0.028,61,1835544261,-0.18815429508686066,1.0,1.0,7.712684595375322,48.09544701129198
0.028,62,1403186970,-0.06451165676116943,1.0,1.0,7.205277616158128,48.309060046449304
0.028,63,1291971777,-0.05407267063856125,1.0,1.0,7.053049022797495,48.62767085433006
0.028,64,712292067,-0.1506544053554535,1.0,1.0,7.025264713563956,49.35617605224252
0.028,65,2001429764,-0.05966699868440628,1.0,1.0,7.506179703283124,49.75435486994684
0.028,66,1375664061,-0.022106830030679703,1.0,1.0,7.742647404083982,50.1752810087055
0.028,67,1556456120,-0.09500856697559357,1.0,1.0,7.049548402661458,48.74562914483249
0.028,68,1576053187,-0.01648115925490856,1.0,1.0,7.775808821897954,48.66249696351588
0.028,69,1848019881,-0.13723665475845337,1.0,1.0,7.1203744425438344,49.69860194250941
0.028,70,1508652585,-0.009762953035533428,1.0,1.0,7.084257808048278,50.4379509948194
0.028,71,1995737731,0.18116573989391327,0.0,0.0,6.3808298975927755,46.244754921644926
0.028,72,1162788447,-0.0035797785967588425,1.0,1.0,8.111826808773912,49.017068929970264
0.028,73,1172925522,-0.05281256139278412,1.0,1.0,7.272966704098508,47.686774050816894
0.028,74,539174575,-0.02465018443763256,1.0,1.0,6.979006964364089,46.864878851920366
0.028,75,2013637345,-0.20047105848789215,1.0,1.0,7.312801743391901,47.00742592103779
0.028,76,1187468716,0.007572900038212538,0.0,0.0,8.00756768672727,47.84631705842912
0.028,77,1062978506,0.13769805431365967,0.0,0.0,6.72046706196852,47.9240829590708
0.028,78,679326770,-0.07505936175584793,1.0,1.0,7.773786594974808,49.10175898112357
0.028,79,587923432,0.00555248511955142,0.0,0.0,7.961831669090316,49.02227409183979
0.028,80,1359889667,-0.1485421359539032,1.0,1.0,7.487112432834692,48.85531612671912
0.028,81,970187386,0.024684686213731766,0.0,0.0,7.395679696812294,48.22645802050829
0.028,82,1219839873,-0.18466652929782867,1.0,1.0,7.217243289924227,46.741808066144586
0.028,83,1428160212,0.14926719665527344,0.0,0.0,6.295842992840335,48.64201694726944
0.028,84,1930609499,-0.1396634578704834,1.0,1.0,7.646133800968528,49.234895035624504
0.028,85,710582861,-0.042652808129787445,1.0,1.0,7.714385052560829,48.34342491813004
0.028,86,1463614337,-0.023308295756578445,1.0,1.0,7.158601690083742,48.08377381414175
0.028,87,1940152705,-0.042471759021282196,1.0,1.0,7.394672484602779,48.66687301546335
0.028,88,985452196,-0.030446866527199745,1.0,1.0,7.203036971623078,48.77507803030312
0.028,89,552062587,-0.2677764594554901,1.0,1.0,7.100134878070094,48.64112799987197
0.028,90,623566272,0.015247057192027569,0.0,0.0,7.331980803166516,47.87729517556727
0.028,91,729775797,-0.030938921496272087,1.0,1.0,7.2908681011758745,48.50958310998976
0.028,92,1352536665,-0.08569891005754471,1.0,1.0,6.927802254795097,47.863606130704284
0.028,93,555883440,-0.19833077490329742,1.0,1.0,7.778188205091283,47.83059610053897
0.028,94,1801800003,-0.07851428538560867,1.0,1.0,7.553858702303842,48.82559087127447
0.028,95,763315502,-0.09891334176063538,1.0,1.0,7.931886394624598,47.6183311548084
0.028,96,138897982,-0.26872333884239197,1.0,1.0,7.098995030508377,47.64380818232894
0.028,97,10785379,-0.09339051693677902,1.0,1.0,7.799896171549335,48.32811909727752
0.028,98,53923185,-0.09424886107444763,1.0,1.0,7.079649218474515,48.88818087056279
0.028,99,1349917978,-0.1701289862394333,1.0,1.0,7.747563534183428,47.988717909902334
0.029,0,1501552845,-0.1961819976568222,1.0,1.0,7.894887128495611,48.07105707004666
0.029,1,488200390,-0.028460359200835228,1.0,1.0,6.943748545018025,48.60394704155624
0.029,2,1693606510,-0.16368728876113892,1.0,1.0,7.853877836139873,48.93441405147314
0.029,3,680233354,-0.07821998000144958,1.0,1.0,7.223413106170483,47.812937991693616
0.029,4,438466540,-0.20647399127483368,1.0,1.0,7.672065527294762,47.840317944064736
0.029,5,1712329280,-0.138362854719162,1.0,1.0,7.0483216646825895,48.402400920167565
0.029,6,1380152455,0.11415258795022964,0.0,0.0,6.451728405547328,47.418633941560984
0.029,7,1452245846,-0.06108928844332695,1.0,1.0,7.639286677120253,48.12840395607054
0.029,8,2122694021,0.2035091072320938,0.0,0.0,6.336104032234289,47.98468202352524
0.029,9,839901363,-0.111350879073143,1.0,1.0,7.60907907562796,48.302108189091086
0.029,10,1802651552,0.013391926884651184,0.0,0.0,7.24415859405417,47.95411298982799
0.029,11,714712467,0.06851762533187866,0.0,0.0,7.738481804844923,49.19060505926609
0.029,12,1218704077,0.18122397363185883,0.0,0.0,6.594442783971317,48.822276992723346
0.029,13,1284858263,-0.009977305307984352,1.0,1.0,7.4043219139566645,48.37294016033411
0.029,14,457721135,-0.029730278998613358,1.0,1.0,7.180035015800968,48.15703886561096
0.029,15,401008609,-0.09641684591770172,1.0,1.0,7.858629897935316,47.458007000386715
0.029,16,492064534,-0.0030741600785404444,1.0,1.0,7.1822082720464095,48.12464700080454
0.029,17,1444732602,-0.04262998327612877,1.0,1.0,7.11510492186062,48.98753482848406
0.029,18,1317426686,-0.05040895938873291,1.0,1.0,8.49427658203058,48.638798063620925
0.029,19,2022506251,-0.06008385494351387,1.0,1.0,7.719996428466402,48.62173995934427
0.029,20,1516459118,-0.0932302474975586,1.0,1.0,7.89524336787872,48.21875202469528
0.029,21,533103612,-0.05868744105100632,1.0,1.0,7.334845912177116,47.895623138174415
0.029,22,1964759878,-0.10436297208070755,1.0,1.0,7.7759113954380155,48.78882598131895
0.029,23,2037706756,0.10812593251466751,0.0,0.0,6.814422979485244,48.88130002655089
0.029,24,1572889065,-0.07768096774816513,1.0,1.0,7.171188754611649,48.10738214291632
0.029,25,1432881518,-0.0302287470549345,1.0,1.0,7.734414352686144,48.438499215990305
0.029,26,280516901,-0.036172013729810715,1.0,1.0,7.802377943182364,47.418561996892095
0.029,27,205939248,-0.0984513983130455,1.0,1.0,7.024725999683142,47.605007188394666
0.029,28,571904914,-0.20185410976409912,1.0,1.0,7.79773735278286,47.37951583229005
0.029,29,948843457,-0.1236293762922287,1.0,1.0,7.724971938645467,47.13746905326843
0.029,30,155492488,0.0816793218255043,0.0,0.0,6.392064813175239,46.83067207224667
0.029,31,1903701130,-0.08277939260005951,1.0,1.0,7.554847956751473,50.70217000320554
0.029,32,1017961266,-0.0034198963548988104,1.0,1.0,7.375048812828027,49.91284804418683
0.029,33,1497769985,0.04777255654335022,0.0,0.0,8.234395315521397,47.60107584297657
0.029,34,456523489,-0.03759446740150452,1.0,1.0,8.598167265765369,46.890585916116834
0.029,35,701095136,-0.1061236634850502,1.0,1.0,7.866496887523681,47.46742406859994
0.029,36,249069576,-0.08299907296895981,1.0,1.0,7.275951959658414,48.69252420030534
0.029,37,1576098728,-0.10715369135141373,1.0,1.0,6.963115081423894,48.91759203746915
0.029,38,1662748500,-0.039345528930425644,1.0,1.0,7.118907536729239,49.747001146897674
0.029,39,472736216,0.1288573145866394,0.0,0.0,6.46409531054087,48.18156594410539
0.029,40,1535411295,-0.0793922021985054,1.0,1.0,7.8827935548033565,49.6600279584527
0.029,41,175223003,-0.21544525027275085,1.0,1.0,7.888747155549936,50.80915288999677
0.029,42,840936862,-0.25713858008384705,1.0,1.0,7.3229745994322,49.97551394626498
0.029,43,343373188,-0.17072506248950958,1.0,1.0,7.881825938355178,49.84876001253724
0.029,44,1597751082,-0.05770893394947052,1.0,1.0,7.788673683768138,50.77160894870758
0.029,45,730359585,0.05068330466747284,0.0,0.0,7.164839154924266,48.81048621609807
0.029,46,1016641002,-0.056796442717313766,1.0,1.0,7.180021129664965,49.18383387848735
0.029,47,998994690,-0.10881612449884415,1.0,1.0,7.211536010028794,49.88720500841737
0.029,48,1021240743,-0.02908332645893097,1.0,1.0,7.881540448404849,49.1138759534806
0.029,49,572134801,-0.04555536061525345,1.0,1.0,7.1052563895937055,48.79422695375979
0.029,50,1198399760,-0.17472223937511444,1.0,1.0,7.096342572127469,48.66564297117293
0.029,51,1751866485,-0.1516253501176834,1.0,1.0,7.753912857733667,48.30584698356688
0.029,52,1070889713,-0.1615956425666809,1.0,1.0,7.302218429162167,48.373099183663726
0.029,53,415096539,-0.07023043930530548,1.0,1.0,8.12837358203251,48.03961608558893
0.029,54,52416235,0.20209936797618866,0.0,0.0,6.5595552389277145,47.65331605449319
0.029,55,278032723,-0.003773605218157172,1.0,1.0,7.674620517180301,48.155987868085504
0.029,56,174946158,-0.09399595856666565,1.0,1.0,7.442214604699984,47.65635309740901
0.029,57,196848554,-0.11783696711063385,1.0,1.0,7.625366600230336,47.23221901804209
0.029,58,263030910,-0.20356974005699158,1.0,1.0,7.965249439585023,48.69688698090613
0.029,59,1285415020,-0.009901564568281174,1.0,1.0,7.666545510641299,47.93145088478923
0.029,60,1733223444,-0.13586793839931488,1.0,1.0,7.557972176116891,48.161986051127315
0.029,61,1835544261,-0.15661665797233582,1.0,1.0,7.507807356771082,48.21194801479578
0.029,62,1403186970,-0.01060235220938921,1.0,1.0,7.165160640259273,48.90128108672798
0.029,63,1291971777,0.04305287450551987,0.0,0.0,8.237137292395346,49.36021799221635
0.029,64,712292067,-0.041506633162498474,1.0,1.0,7.079349983483553,49.96109614148736
0.029,65,2001429764,-0.10345618426799774,1.0,1.0,7.777815796085633,49.80248911306262
0.029,66,1375664061,-0.023999739438295364,1.0,1.0,7.457004156429321,49.543952103704214
0.029,67,1556456120,0.1661919206380844,0.0,0.0,6.455803840653971,49.264885019510984
0.029,68,1576053187,-0.1286323070526123,1.0,1.0,7.3189495713450015,49.040154088288546
0.029,69,1848019881,-0.02327886037528515,1.0,1.0,7.091958061326295,47.702963929623365
0.029,70,1508652585,-0.05440904200077057,1.0,1.0,6.93749839044176,47.00447106733918
0.029,71,1995737731,0.20400062203407288,0.0,0.0,6.245995581848547,49.08077814616263
0.029,72,1162788447,-0.21497254073619843,1.0,1.0,7.18440228595864,48.35641314275563
0.029,73,1172925522,0.030094869434833527,0.0,0.0,7.201620456879027,47.7374151814729
0.029,74,539174575,-0.0012573146959766746,1.0,1.0,7.079754049307667,48.27858693897724
0.029,75,2013637345,-0.23434674739837646,1.0,1.0,7.162913233158179,48.43901703134179
0.029,76,1187468716,-0.22288130223751068,1.0,1.0,7.165616778889671,48.48125483840704
0.029,77,1062978506,0.14365410804748535,0.0,0.0,6.729292119736783,49.00782601907849
0.029,78,679326770,-0.049059927463531494,1.0,1.0,7.009075241396204,49.1659389808774
0.029,79,587923432,-0.09724675863981247,1.0,1.0,7.8545074567664415,49.280812963843346
0.029,80,1359889667,0.043223150074481964,0.0,0.0,8.583878334844485,48.37246495299041
0.029,81,970187386,-0.04544864594936371,1.0,1.0,7.278975198394619,47.181189991533756
0.029,82,1219839873,-0.05199400708079338,1.0,1.0,7.709664470865391,48.897414933890104
0.029,83,1428160212,0.1696832925081253,0.0,0.0,6.434678958612494,49.73963205702603
0.029,84,1930609499,0.03209542855620384,0.0,0.0,7.282082600868307,49.291281029582024
0.029,85,710582861,0.04155055806040764,0.0,0.0,7.36208454228472,48.894247971475124
0.029,86,1463614337,-0.10808894038200378,1.0,1.0,7.121121234144084,49.507026094943285
0.029,87,1940152705,-0.16727222502231598,1.0,1.0,7.6896244862582535,48.733981093391776
0.029,88,985452196,-0.04385146126151085,1.0,1.0,8.963759825914167,49.5185200124979
0.029,89,552062587,-0.2763602137565613,1.0,1.0,7.124539642944001,48.56517491862178
0.029,90,623566272,0.028159499168395996,0.0,0.0,7.764574619592167,47.881392063573
0.029,91,729775797,-0.12043586373329163,1.0,1.0,7.215962814865634,47.09671204909682
0.029,92,1352536665,-0.09679508954286575,1.0,1.0,7.321040275623091,47.10656497627497
0.029,93,555883440,0.010329853743314743,0.0,0.0,8.061716097174212,47.9572881013155
0.029,94,1801800003,-0.14292991161346436,1.0,1.0,7.7665128441294655,47.04465204849839
0.029,95,763315502,0.04647199064493179,0.0,0.0,7.280469001270831,47.74062614887953
0.029,96,138897982,-0.24134626984596252,1.0,1.0,6.92693257087376,47.771230107173324
0.029,97,10785379,-0.06815671920776367,1.0,1.0,7.1338550823275,47.885286156088114
0.029,98,53923185,-0.00930811371654272,1.0,1.0,7.114215287263505,47.7230369579047
0.029,99,1349917978,-0.08060824126005173,1.0,1.0,7.253849667613395,58.68142214603722
0.03,0,1501552845,-0.292768269777298,1.0,1.0,7.160602970630862,48.56892512179911
0.03,1,488200390,-0.11518225073814392,1.0,1.0,7.032965556369163,48.23583294637501
0.03,2,1693606510,-0.06821311265230179,1.0,1.0,7.200290295877494,48.01712813787162
0.03,3,680233354,-0.09224116057157516,1.0,1.0,7.839369880850427,48.41731791384518
0.03,4,438466540,-0.06221761927008629,1.0,1.0,7.770766630070284,48.58209704980254
0.03,5,1712329280,-0.1172170639038086,1.0,1.0,7.107706949929707,48.54838293977082
0.03,6,1380152455,0.12900373339653015,0.0,0.0,6.465856586000882,50.40343198925257
0.03,7,1452245846,-0.029643185436725616,1.0,1.0,6.959305352298543,47.7528958581388
0.03,8,2122694021,0.215696319937706,0.0,0.0,6.3274078506510705,46.99559090659022
0.03,9,839901363,-0.08108539879322052,1.0,1.0,7.613638912327588,46.34970799088478
0.03,10,1802651552,-0.10728850960731506,1.0,1.0,7.2370223820907995,48.01613790914416
0.03,11,714712467,-0.09798610210418701,1.0,1.0,7.804801040445454,47.206472139805555
0.03,12,1218704077,0.18232157826423645,0.0,0.0,6.556671590078622,47.48876811936498
0.03,13,1284858263,-0.13022568821907043,1.0,1.0,7.903227620059624,47.342043137177825
0.03,14,457721135,-0.031424809247255325,1.0,1.0,7.295092415763065,48.10559703037143
0.03,15,401008609,-0.22311975061893463,1.0,1.0,7.399083094554953,47.33949596993625
0.03,16,492064534,-0.07879583537578583,1.0,1.0,7.255303282523528,47.87295684218407
0.03,17,1444732602,-0.11749593168497086,1.0,1.0,7.096480254549533,47.38902999088168
0.03,18,1317426686,0.0197979174554348,0.0,0.0,7.241321606328711,46.41346610151231
0.03,19,2022506251,-0.04900515824556351,1.0,1.0,7.773647545254789,47.316940035670996
0.03,20,1516459118,-0.020840734243392944,1.0,1.0,7.540312670986168,47.90905490517616
0.03,21,533103612,-0.0832509845495224,1.0,1.0,7.090889356099069,47.18856397084892
0.03,22,1964759878,-0.11473342776298523,1.0,1.0,6.995944767259061,47.05687100067735
0.03,23,2037706756,0.10663978010416031,0.0,0.0,6.828462018514983,47.823566012084484
0.03,24,1572889065,-0.09613291919231415,1.0,1.0,7.134752698824741,47.484070993959904
0.03,25,1432881518,-0.07105104625225067,1.0,1.0,7.761751364101656,47.349028987810016
0.03,26,280516901,-0.13842391967773438,1.0,1.0,7.165651015122421,46.23456089757383
0.03,27,205939248,-0.15860959887504578,1.0,1.0,7.724913923069835,46.48597491905093
0.03,28,571904914,-0.014630756340920925,1.0,1.0,7.022131986333989,46.250972198322415
0.03,29,948843457,-0.1816069781780243,1.0,1.0,7.989524868433364,46.79853795096278
0.03,30,155492488,0.09736979752779007,0.0,0.0,6.3768876096000895,48.34695206955075
0.03,31,1903701130,-0.08353161066770554,1.0,1.0,6.836546639446169,47.18865384347737
0.03,32,1017961266,-0.11702433228492737,1.0,1.0,7.15383167413529,46.39738309197128
0.03,33,1497769985,-0.30000001192092896,1.0,1.0,7.87986662669573,47.18418302945793
0.03,34,456523489,-0.13458186388015747,1.0,1.0,7.2378658804809675,45.44484103098512
0.03,35,701095136,-0.12515418231487274,1.0,1.0,7.245821101590991,46.65433894842863
0.03,36,249069576,-0.0782875120639801,1.0,1.0,7.332016702974215,47.667959006503224
0.03,37,1576098728,-0.009813060984015465,1.0,1.0,7.461058994755149,47.81031981110573
0.03,38,1662748500,-0.15664438903331757,1.0,1.0,7.864857152919285,47.27586009539664
0.03,39,472736216,0.13554340600967407,0.0,0.0,6.450497641344555,48.58860885724425
0.03,40,1535411295,-0.03812733665108681,1.0,1.0,7.677667777403258,46.47508496418595
0.03,41,175223003,-0.08368244022130966,1.0,1.0,7.851463130209595,46.37244180776179
0.03,42,840936862,-0.26773664355278015,1.0,1.0,7.022687257849611,47.51087701879442
0.03,43,343373188,-0.18779002130031586,1.0,1.0,7.607886517886072,51.50263896211982
0.03,44,1597751082,0.014643006026744843,0.0,0.0,7.335079637588933,50.823701079934835
0.03,45,730359585,-0.08511155098676682,1.0,1.0,7.859484349261038,46.09082289971411
0.03,46,1016641002,-0.09702687710523605,1.0,1.0,7.289776544435881,46.23298114165664
0.03,47,998994690,-0.1402788758277893,1.0,1.0,7.074604062945582,45.85780296474695
0.03,48,1021240743,-0.12866723537445068,1.0,1.0,7.271362374769524,46.22314008884132
0.03,49,572134801,-0.16822177171707153,1.0,1.0,7.627842129091732,46.107636066153646
0.03,50,1198399760,-0.10950472950935364,1.0,1.0,7.697062723338604,45.99963687360287
0.03,51,1751866485,-0.10584522038698196,1.0,1.0,7.966405531158671,46.707232017070055
0.03,52,1070889713,-0.1723315268754959,1.0,1.0,7.7938148762332276,46.34605208411813
0.03,53,415096539,-0.11143234372138977,1.0,1.0,7.964097723248415,45.83996790461242
0.03,54,52416235,0.2018502652645111,0.0,0.0,6.61239528702572,45.213129138574004
0.03,55,278032723,0.036453571170568466,0.0,0.0,7.146961344406009,45.21560785360634
0.03,56,174946158,-0.06242680549621582,1.0,1.0,7.346052713342942,45.75074417516589
0.03,57,196848554,-0.05060966685414314,1.0,1.0,7.008830214035697,46.34298384189606
0.03,58,263030910,-0.040511660277843475,1.0,1.0,7.9631391547154635,46.254701213911176
0.03,59,1285415020,-0.05794067308306694,1.0,1.0,7.611234856420197,46.51251691393554
0.03,60,1733223444,-0.12431914359331131,1.0,1.0,7.288615619880147,47.91971715167165
0.03,61,1835544261,-0.13906079530715942,1.0,1.0,7.0491397781297565,50.15089293010533
0.03,62,1403186970,-0.17234672605991364,1.0,1.0,7.977045850129798,48.05081896483898
0.03,63,1291971777,-0.03557266667485237,1.0,1.0,7.217804574756883,49.90517906844616
0.03,64,712292067,-0.040411900728940964,1.0,1.0,7.546542896423489,50.20667100325227
0.03,65,2001429764,-0.1421830654144287,1.0,1.0,7.619507972733118,49.62702910415828
0.03,66,1375664061,-0.06304211169481277,1.0,1.0,7.1824158183299005,48.94298012368381
0.03,67,1556456120,0.16584311425685883,0.0,0.0,6.4995458364719525,49.352929927408695
0.03,68,1576053187,0.0365624837577343,0.0,0.0,8.380049636820331,47.04331699758768
0.03,69,1848019881,0.002306402660906315,0.0,0.0,7.325211628340185,47.305701998993754
0.03,70,1508652585,-0.06235252320766449,1.0,1.0,7.023428678279743,49.36128086410463
0.03,71,1995737731,0.20280444622039795,0.0,0.0,6.396427735337056,48.50050387904048
0.03,72,1162788447,0.030916452407836914,0.0,0.0,8.54233142558951,46.471351059153676
0.03,73,1172925522,0.02774159237742424,0.0,0.0,7.367160431109369,46.5041680727154
0.03,74,539174575,0.03499739244580269,0.0,0.0,8.359740442829207,47.544182976707816
0.03,75,2013637345,-0.12900082767009735,1.0,1.0,7.233613907243125,47.683196142315865
0.03,76,1187468716,-0.06819117814302444,1.0,1.0,7.241636153776199,47.519339015707374
0.03,77,1062978506,0.16784575581550598,0.0,0.0,6.7184642382198945,47.435961896553636
0.03,78,679326770,0.005162471439689398,0.0,0.0,7.683356884401292,47.25492699071765
0.03,79,587923432,-0.09331106394529343,1.0,1.0,7.968469060608186,47.14197805151343
0.03,80,1359889667,-0.05878118425607681,1.0,1.0,7.4489142063539475,47.28685994632542
0.03,81,970187386,-0.12571939826011658,1.0,1.0,7.774527136585675,47.86698194220662
0.03,82,1219839873,-0.022203778848052025,1.0,1.0,8.090990925906226,47.29995899833739
0.03,83,1428160212,0.19237558543682098,0.0,0.0,6.485298976302147,47.982139978557825
0.03,84,1930609499,-0.05741044133901596,1.0,1.0,8.114224975346588,46.047591138631105
0.03,85,710582861,-0.11918696761131287,1.0,1.0,7.126377363339998,46.59447609446943
0.03,86,1463614337,-0.026331432163715363,1.0,1.0,7.62385035736952,47.51733993180096
0.03,87,1940152705,-0.10651098936796188,1.0,1.0,7.911840818356723,48.16337092779577
0.03,88,985452196,-0.07464335858821869,1.0,1.0,6.9709039041772485,46.38754692859948
0.03,89,552062587,-0.23618091642856598,1.0,1.0,7.313286648364738,47.01529513113201
0.03,90,623566272,-0.12872757017612457,1.0,1.0,7.780249775154516,47.388085164129734
0.03,91,729775797,-0.04338334873318672,1.0,1.0,8.623814343824051,46.55114305205643
0.03,92,1352536665,-0.11504600197076797,1.0,1.0,7.1273211047519,45.73600389994681
0.03,93,555883440,0.0046736933290958405,0.0,0.0,8.206685942364857,47.44774103164673
0.03,94,1801800003,0.0027133540716022253,0.0,0.0,8.335489937919192,48.03807009011507
0.03,95,763315502,-0.0875292718410492,1.0,1.0,7.7544705112231895,47.2809390630573
0.03,96,138897982,-0.30000001192092896,1.0,1.0,8.477404848323204,46.06565413996577
0.03,97,10785379,-0.03726397082209587,1.0,1.0,7.8541311679873616,47.53534379415214
0.03,98,53923185,-0.0733049288392067,1.0,1.0,6.993768490967341,47.60220693424344
0.03,99,1349917978,-0.15184710919857025,1.0,1.0,7.881533439503983,47.63990198262036
0.031,0,1501552845,0.015886683017015457,0.0,0.0,7.619700332637876,48.05890400893986
0.031,1,488200390,-0.163727805018425,1.0,1.0,7.093028314760886,48.15420298837125
0.031,2,1693606510,-0.1579797863960266,1.0,1.0,7.627699538716115,47.262859996408224
0.031,3,680233354,-0.0712929219007492,1.0,1.0,7.4579962632851675,47.868433175608516
0.031,4,438466540,-0.06836220622062683,1.0,1.0,7.62496859068051,48.024585004895926
0.031,5,1712329280,-0.013840862549841404,1.0,1.0,7.846299724653363,47.97168308869004
0.031,6,1380152455,0.13491320610046387,0.0,0.0,6.458023557672277,61.97226908989251
0.031,7,1452245846,-0.17584112286567688,1.0,1.0,7.70031617465429,47.778842970728874
0.031,8,2122694021,0.22291085124015808,0.0,0.0,6.350093679036945,46.62519600242376
0.031,9,839901363,-0.13443604111671448,1.0,1.0,7.277745346305892,46.7785659711808
0.031,10,1802651552,-0.1508677899837494,1.0,1.0,7.3174719797680154,47.28174488991499
0.031,11,714712467,-0.04058516398072243,1.0,1.0,7.22188471769914,46.87922215089202
0.031,12,1218704077,0.19316940009593964,0.0,0.0,6.708465752541088,47.052005073055625
0.031,13,1284858263,-0.0962134450674057,1.0,1.0,7.7122717222664505,47.93868004344404
0.031,14,457721135,-0.07378008216619492,1.0,1.0,7.275153796072118,47.214341117069125
0.031,15,401008609,-0.05159589275717735,1.0,1.0,7.67128307314124,46.47632711566985
0.031,16,492064534,-0.013089360669255257,1.0,1.0,7.666803308413364,46.83633102104068
0.031,17,1444732602,-0.09488627314567566,1.0,1.0,6.952858908334747,46.36293416842818
0.031,18,1317426686,-0.0023369763512164354,1.0,1.0,7.143756701843813,45.838817954063416
0.031,19,2022506251,0.057100530713796616,0.0,0.0,7.959749521687627,46.70493211597204
0.031,20,1516459118,0.007944825105369091,0.0,0.0,7.045405121636577,46.84976814314723
0.031,21,533103612,0.04018961265683174,0.0,0.0,7.258014556951821,45.99534091539681
0.031,22,1964759878,-0.11690527200698853,1.0,1.0,7.715501137077808,46.005172887817025
0.031,23,2037706756,0.11880762875080109,0.0,0.0,6.825099443201907,46.11148405820131
0.031,24,1572889065,-0.11502653360366821,1.0,1.0,7.048754248069599,47.00431087985635
0.031,25,1432881518,-0.006343247834593058,1.0,1.0,8.382454913691618,45.967621030285954
0.031,26,280516901,-0.06648784875869751,1.0,1.0,7.536505659343675,45.275008073076606
0.031,27,205939248,-0.02794749289751053,1.0,1.0,7.430434249108657,45.23464199155569
0.031,28,571904914,-0.04324335232377052,1.0,1.0,7.05305855255574,45.72549392469227
0.031,29,948843457,-0.08120673894882202,1.0,1.0,7.075480434228666,47.86743293516338
0.031,30,155492488,0.1105116605758667,0.0,0.0,6.382492339937016,46.70832399278879
0.031,31,1903701130,-0.12171956896781921,1.0,1.0,7.711329445242882,47.04126808792353
0.031,32,1017961266,-0.01852988451719284,1.0,1.0,8.052393901511095,45.790562173351645
0.031,33,1497769985,0.11172031611204147,0.0,0.0,6.667445702361874,45.750624034553766
0.031,34,456523489,-0.04245894402265549,1.0,1.0,7.096443923539482,46.05253390036523
0.031,35,701095136,0.012010185047984123,0.0,0.0,7.7684482604963705,46.756119932979345
0.031,36,249069576,0.049024976789951324,0.0,0.0,7.044697378529236,47.24252410233021
0.031,37,1576098728,-0.06872241944074631,1.0,1.0,7.357182117062621,48.25302679091692
0.031,38,1662748500,-0.1354142129421234,1.0,1.0,7.8610999915981665,48.14689513295889
0.031,39,472736216,0.1386350393295288,0.0,0.0,6.515548730152659,46.521275071427226
0.031,40,1535411295,-0.05602360889315605,1.0,1.0,7.224241025862284,45.781165128573775
0.031,41,175223003,-0.05358056724071503,1.0,1.0,7.228571479092352,46.71627120114863
0.031,42,840936862,-0.25291210412979126,1.0,1.0,7.163857982493937,49.06141711398959
0.031,43,343373188,-0.19703620672225952,1.0,1.0,7.922858455567621,49.050953006371856
0.031,44,1597751082,-0.0602375864982605,1.0,1.0,8.00342301290948,46.22132400982082
0.031,45,730359585,-0.05045824870467186,1.0,1.0,9.157325197360478,45.639936812222004
0.031,46,1016641002,-0.02969045750796795,1.0,1.0,7.228432223666459,45.71792483329773
0.031,47,998994690,-0.18254528939723969,1.0,1.0,7.353264605277218,45.580571051687
0.031,48,1021240743,0.04592243209481239,0.0,0.0,7.116574301966466,45.79604393802583
0.031,49,572134801,-0.12888531386852264,1.0,1.0,7.506234560511075,48.16334811039269
0.031,50,1198399760,-0.06927455961704254,1.0,1.0,6.859935021377169,47.57007909938693
0.031,51,1751866485,-0.07893499732017517,1.0,1.0,7.635288171586581,46.81373480707407
0.031,52,1070889713,0.026043452322483063,0.0,0.0,8.403362461132929,46.163997147232294
0.031,53,415096539,-0.03717898577451706,1.0,1.0,7.30655591248069,45.673870015889406
0.031,54,52416235,0.20298515260219574,0.0,0.0,6.664802856743336,46.40923999249935
0.031,55,278032723,-0.1853487491607666,1.0,1.0,7.733986724866554,45.798117062076926
0.031,56,174946158,-0.11070121079683304,1.0,1.0,7.822191761573777,45.555453980341554
0.031,57,196848554,-0.12274332344532013,1.0,1.0,7.185789559734985,45.9889848716557
0.031,58,263030910,-0.08323971927165985,1.0,1.0,8.062317754607648,46.05356487445533
0.031,59,1285415020,-0.018320661038160324,1.0,1.0,7.091455040033907,47.37237887457013
0.031,60,1733223444,0.164303258061409,0.0,0.0,6.446577625465579,49.32678188197315
0.031,61,1835544261,-0.1567431092262268,1.0,1.0,7.981672623893246,48.775769071653485
0.031,62,1403186970,-0.09092426300048828,1.0,1.0,7.027596889180131,49.71202206797898
0.031,63,1291971777,0.027111094444990158,0.0,0.0,7.126547595486045,50.880645867437124
0.031,64,712292067,-0.11644511669874191,1.0,1.0,8.132827489753254,49.657068913802505
0.031,65,2001429764,-0.20818011462688446,1.0,1.0,7.881707411026582,49.00720715522766
0.031,66,1375664061,-0.0923464298248291,1.0,1.0,7.131228073616512,49.83895504847169
0.031,67,1556456120,0.1814993917942047,0.0,0.0,6.478225632570684,46.86412704177201
0.031,68,1576053187,0.0005990375066176057,0.0,0.0,8.24357818509452,46.54777003452182
0.031,69,1848019881,-0.08368221670389175,1.0,1.0,7.282659171032719,47.94036108069122
0.031,70,1508652585,-0.03724514693021774,1.0,1.0,7.040700500248931,48.684455920010805
0.031,71,1995737731,0.21485935151576996,0.0,0.0,6.388720192830078,46.200453070923686
0.031,72,1162788447,-0.1642981469631195,1.0,1.0,8.074676673626527,45.68887292407453
0.031,73,1172925522,0.02088579349219799,0.0,0.0,8.868409689399414,47.47647396288812
0.031,74,539174575,-0.016359439119696617,1.0,1.0,8.347898417734541,48.12484700232744
0.031,75,2013637345,-0.24444320797920227,1.0,1.0,7.239975474076346,48.23877802118659
0.031,76,1187468716,-0.0863708108663559,1.0,1.0,7.348508566967212,46.97280493564904
0.031,77,1062978506,-0.0013129196595400572,1.0,1.0,7.644628608133644,54.62953797541559
0.031,78,679326770,-0.027325229719281197,1.0,1.0,7.105875247041695,46.53449193574488
0.031,79,587923432,-0.07954073697328568,1.0,1.0,7.353137754602358,47.514206962659955
0.031,80,1359889667,-0.17358115315437317,1.0,1.0,7.640405428945087,47.231927048414946
0.031,81,970187386,-0.0118709122762084,1.0,1.0,6.9718295690836385,46.93168494850397
0.031,82,1219839873,0.06848061084747314,0.0,0.0,7.3355326927267015,46.36286501772702
0.031,83,1428160212,0.19216126203536987,0.0,0.0,6.50481283722911,46.18378193117678
0.031,84,1930609499,-0.09468311816453934,1.0,1.0,7.497883588075638,45.22227100096643
0.031,85,710582861,-0.12360577285289764,1.0,1.0,7.265457566129044,47.303898027166724
0.031,86,1463614337,-0.05755533650517464,1.0,1.0,7.807704966864549,46.781899873167276
0.031,87,1940152705,-0.28816941380500793,1.0,1.0,7.125492657767609,46.242106007412076
0.031,88,985452196,-0.14474309980869293,1.0,1.0,7.965476711164229,46.17336601950228
0.031,89,552062587,-0.2560725510120392,1.0,1.0,7.411134330672212,47.93999600224197
0.031,90,623566272,0.03790613263845444,0.0,0.0,7.625966465333477,46.54558398760855
0.031,91,729775797,0.006802947726100683,0.0,0.0,7.227782433270477,46.102583874017
0.031,92,1352536665,-0.06314925849437714,1.0,1.0,7.858681436395273,45.535871060565114
0.031,93,555883440,-0.06748086214065552,1.0,1.0,7.755287310690619,46.19330889545381
0.031,94,1801800003,-0.1301550716161728,1.0,1.0,7.069972731289454,46.63306684233248
0.031,95,763315502,-0.07162442803382874,1.0,1.0,7.522471286705695,45.95163487829268
0.031,96,138897982,-0.23764453828334808,1.0,1.0,7.09439983824268,45.22227612324059
0.031,97,10785379,-0.19740541279315948,1.0,1.0,7.957815019180998,46.696141827851534
0.031,98,53923185,-0.025459082797169685,1.0,1.0,7.13769257592503,46.43580294214189
0.031,99,1349917978,-0.11712124198675156,1.0,1.0,7.944363034446724,46.54438886791468
0.032,0,1501552845,-0.2484740912914276,1.0,1.0,7.351148721529171,47.961222007870674
0.032,1,488200390,-0.0918734148144722,1.0,1.0,7.074329975643195,47.26277804002166
0.032,2,1693606510,-0.10969394445419312,1.0,1.0,7.164999636937864,47.339582117274404
0.032,3,680233354,0.01753714308142662,0.0,0.0,7.705468985252082,47.59556404314935
0.032,4,438466540,-0.07047052681446075,1.0,1.0,7.790550379664637,47.52075206488371
0.032,5,1712329280,-0.10334409028291702,1.0,1.0,7.362006434355862,50.425159046426415
0.032,6,1380152455,0.13933640718460083,0.0,0.0,6.467041758471169,58.31173900514841
0.032,7,1452245846,-0.12524345517158508,1.0,1.0,8.063388568116352,45.89477204717696
0.032,8,2122694021,0.21844244003295898,0.0,0.0,6.4158587189158425,46.011255122721195
0.032,9,839901363,-0.11599356681108475,1.0,1.0,7.702079734299332,46.72202211804688
0.032,10,1802651552,0.030299177393317223,0.0,0.0,7.748190502519719,46.45315301604569
0.032,11,714712467,-0.05331886187195778,1.0,1.0,7.285100275767036,47.46510903351009
0.032,12,1218704077,0.18934878706932068,0.0,0.0,6.630241201375611,46.764116967096925
0.032,13,1284858263,-0.07979683578014374,1.0,1.0,8.51252508815378,46.631073812022805
0.032,14,457721135,0.0459970198571682,0.0,0.0,7.303725584875792,46.26690014265478
0.032,15,401008609,-0.1944301426410675,1.0,1.0,7.900976484059356,46.50421813130379
0.032,16,492064534,-0.11533278226852417,1.0,1.0,7.726688869879581,46.302502043545246
0.032,17,1444732602,-0.12134332954883575,1.0,1.0,6.954392001032829,45.95014313235879
0.032,18,1317426686,-0.07587709277868271,1.0,1.0,7.315809679450467,47.42095712572336
0.032,19,2022506251,0.06252680718898773,0.0,0.0,7.809880507644266,46.43191397190094
0.032,20,1516459118,-0.08583454042673111,1.0,1.0,7.710335704614408,46.37232795357704
0.032,21,533103612,-0.12575659155845642,1.0,1.0,7.275075369863771,45.84276513196528
0.032,22,1964759878,-0.079770028591156,1.0,1.0,7.571787981432863,46.26031685620546
0.032,23,2037706756,0.1317463219165802,0.0,0.0,6.822213453124277,46.48929089307785
0.032,24,1572889065,-0.12761470675468445,1.0,1.0,7.159559737192467,46.519580995664
0.032,25,1432881518,0.007420357316732407,0.0,0.0,7.791128939134069,46.09583108685911
0.032,26,280516901,-0.07551681250333786,1.0,1.0,7.723408348043449,46.022841008380055
0.032,27,205939248,-0.09978124499320984,1.0,1.0,7.1017440798459575,45.98440206609666
0.032,28,571904914,-0.1401662677526474,1.0,1.0,7.203771380125545,46.71494592912495
0.032,29,948843457,-0.03453586623072624,1.0,1.0,7.223073475528508,47.180232824757695
0.032,30,155492488,0.11594842374324799,0.0,0.0,6.407648533466272,45.84718309342861
0.032,31,1903701130,-0.10904137790203094,1.0,1.0,7.753145962487906,45.35509692505002
0.032,32,1017961266,-0.05915747955441475,1.0,1.0,7.359887171071023,46.3080198969692
0.032,33,1497769985,0.11056746542453766,0.0,0.0,6.63212011102587,46.233823988586664
0.032,34,456523489,-0.06154891476035118,1.0,1.0,7.779867350123823,47.46043495833874
0.032,35,701095136,-0.04833243042230606,1.0,1.0,7.840599362622015,47.2204671241343
0.032,36,249069576,-0.11853332072496414,1.0,1.0,7.089834531536326,47.724453965201974
0.032,37,1576098728,-0.08390892297029495,1.0,1.0,7.189572071074508,47.47964278794825
0.032,38,1662748500,-0.1285083144903183,1.0,1.0,7.23415809602011,46.82965110987425
0.032,39,472736216,0.15051688253879547,0.0,0.0,6.477041798643768,45.092028100043535
0.032,40,1535411295,-0.053153786808252335,1.0,1.0,7.092890861444175,46.5280469506979
0.032,41,175223003,0.01897227205336094,0.0,0.0,7.219402489834465,51.276556914672256
0.032,42,840936862,-0.29122787714004517,1.0,1.0,7.071241461322643,50.44234707020223
0.032,43,343373188,-0.04189493507146835,1.0,1.0,7.204342724871822,45.82522204145789
0.032,44,1597751082,-0.059560392051935196,1.0,1.0,7.786803335417062,45.78184080310166
0.032,45,730359585,0.04857660457491875,0.0,0.0,7.097931332769804,46.480885008350015
0.032,46,1016641002,-0.05209711939096451,1.0,1.0,7.193301588878967,46.57020000740886
0.032,47,998994690,-0.11234714090824127,1.0,1.0,7.183143536793068,46.550295082852244
0.032,48,1021240743,-0.05550077557563782,1.0,1.0,7.177941993693821,45.81962898373604
0.032,49,572134801,-0.15856687724590302,1.0,1.0,7.895764004671946,47.425212105736136
0.032,50,1198399760,-0.004277434200048447,1.0,1.0,7.2522878425661474,46.294615836814046
0.032,51,1751866485,-0.06134555861353874,1.0,1.0,8.103429229231551,45.49531312659383
0.032,52,1070889713,-0.09085827320814133,1.0,1.0,7.332525097299367,46.45255394279957
0.032,53,415096539,0.08759035915136337,0.0,0.0,8.658882308052853,46.35235108435154
0.032,54,52416235,0.20986828207969666,0.0,0.0,6.670823368709534,46.5313820168376
0.032,55,278032723,-0.06052431836724281,1.0,1.0,7.710020776372403,47.07100591622293
0.032,56,174946158,-0.12000159174203873,1.0,1.0,7.583606239990331,46.83940997347236
0.032,57,196848554,0.1509808599948883,0.0,0.0,6.663019969128072,47.02345305122435
0.032,58,263030910,0.04360516369342804,0.0,0.0,8.455865628318861,47.58590506389737
0.032,59,1285415020,-0.03967970237135887,1.0,1.0,7.229300165083259,49.23632205463946
0.032,60,1733223444,0.16997578740119934,0.0,0.0,6.4067220342112705,49.54014206305146
0.032,61,1835544261,-0.22491729259490967,1.0,1.0,8.037740997155197,51.073323003947735
0.032,62,1403186970,-0.10848602652549744,1.0,1.0,7.468167899060063,50.04567187279463
0.032,63,1291971777,-0.005511218681931496,1.0,1.0,7.137080771964975,49.41315785981715
0.032,64,712292067,-0.07124735414981842,1.0,1.0,7.154359953477979,48.99134999141097
0.032,65,2001429764,-0.21373970806598663,1.0,1.0,6.933063146891072,49.87907409667969
0.032,66,1375664061,-0.011699593625962734,1.0,1.0,7.308899122523144,47.331016045063734
0.032,67,1556456120,0.19477896392345428,0.0,0.0,6.493257385795005,48.068863805383444
0.032,68,1576053187,-0.12256617844104767,1.0,1.0,7.932864092988893,48.81860385648906
0.032,69,1848019881,-0.11264382302761078,1.0,1.0,6.978318937122822,48.84283198043704
0.032,70,1508652585,-0.1438894420862198,1.0,1.0,7.229143103584647,46.64293397217989
0.032,71,1995737731,0.21906234323978424,0.0,0.0,6.458918212214485,46.83157708495855
0.032,72,1162788447,-0.0018800359684973955,1.0,1.0,8.114890788914636,48.603247152641416
0.032,73,1172925522,-0.09091804176568985,1.0,1.0,7.935064119286835,48.687665024772286
0.032,74,539174575,-0.12304870784282684,1.0,1.0,7.083328480366617,48.337507992982864
0.032,75,2013637345,-0.0759335532784462,1.0,1.0,8.051428835256957,48.203630140051246
0.032,76,1187468716,-0.1361059695482254,1.0,1.0,7.148619024315849,48.139417078346014
0.032,77,1062978506,-0.09304873645305634,1.0,1.0,7.2488730303011835,47.30237810872495
0.032,78,679326770,0.0008357646293006837,0.0,0.0,8.193186117103323,47.735507134348154
0.032,79,587923432,-0.0781901553273201,1.0,1.0,7.76184796821326,47.96444298699498
0.032,80,1359889667,0.001834418042562902,0.0,0.0,8.48732269811444,47.909206012263894
0.032,81,970187386,0.01591164618730545,0.0,0.0,7.0067079620203,47.200567089021206
0.032,82,1219839873,0.0011999871348962188,0.0,0.0,7.278149217134342,45.98572803661227
0.032,83,1428160212,0.22215735912322998,0.0,0.0,6.558560676174238,45.80383305437863
0.032,84,1930609499,0.051949016749858856,0.0,0.0,8.184883374604397,46.754796989262104
0.032,85,710582861,-0.1276252716779709,1.0,1.0,7.801243967143819,47.28485690429807
0.032,86,1463614337,-0.040698204189538956,1.0,1.0,8.00712113478221,45.62042513862252
0.032,87,1940152705,-0.27356523275375366,1.0,1.0,7.67709220177494,47.188092954456806
0.032,88,985452196,-0.0368199422955513,1.0,1.0,8.636324325110763,47.44222108274698
0.032,89,552062587,-0.2594188451766968,1.0,1.0,7.028184753376991,46.3892740663141
0.032,90,623566272,0.04383296146988869,0.0,0.0,7.780129628255963,45.66854191944003
0.032,91,729775797,0.03909621760249138,0.0,0.0,7.2454330523032695,45.66349391825497
0.032,92,1352536665,-0.05636976659297943,1.0,1.0,7.121395933558233,46.7000890057534
0.032,93,555883440,0.04291457310318947,0.0,0.0,8.487660917337053,46.60334484651685
0.032,94,1801800003,-0.03625360131263733,1.0,1.0,8.572453511762433,46.447652857750654
0.032,95,763315502,-0.05974375456571579,1.0,1.0,7.07443058595527,46.56576714478433
0.032,96,138897982,-0.2442556619644165,1.0,1.0,7.115259955287911,47.41979483515024
0.032,97,10785379,-0.09945651143789291,1.0,1.0,7.145826144260354,47.17236012220383
0.032,98,53923185,-0.09631780534982681,1.0,1.0,7.037576142931357,47.17120691202581
0.032,99,1349917978,0.025556959211826324,0.0,0.0,8.737283645314164,47.53175494261086
0.033,0,1501552845,-0.27020561695098877,1.0,1.0,7.4749681579414755,48.60081197693944
0.033,1,488200390,-0.09875676780939102,1.0,1.0,7.06195360631682,48.15142112784088
0.033,2,1693606510,-0.05280459672212601,1.0,1.0,8.631173685891554,46.430288115516305
0.033,3,680233354,-0.08481767028570175,1.0,1.0,7.889603997464292,46.499124029651284
0.033,4,438466540,-0.06092871353030205,1.0,1.0,7.099086218280718,46.466978965327144
0.033,5,1712329280,-0.30000001192092896,1.0,1.0,7.54593428154476,46.52603599242866
0.033,6,1380152455,0.15182042121887207,0.0,0.0,6.525932592106983,46.79562896490097
0.033,7,1452245846,-0.1708311289548874,1.0,1.0,7.699658587924205,47.90909797884524
0.033,8,2122694021,0.22353152930736542,0.0,0.0,6.411842742585577,46.4880911167711
0.033,9,839901363,-0.1717843860387802,1.0,1.0,7.6652082309592515,47.67536697909236
0.033,10,1802651552,-0.19288772344589233,1.0,1.0,7.943519111489877,46.03557591326535
0.033,11,714712467,-0.056891851127147675,1.0,1.0,7.716710197972134,46.26922495663166
0.033,12,1218704077,0.2106865644454956,0.0,0.0,6.652254028827883,46.068199910223484
0.033,13,1284858263,-0.16610988974571228,1.0,1.0,7.575044318335131,47.96844907104969
0.033,14,457721135,-0.1447616070508957,1.0,1.0,8.113029594300315,46.20643891394138
0.033,15,401008609,-0.04774829000234604,1.0,1.0,7.203456711838953,46.77537898533046
0.033,16,492064534,0.07591370493173599,0.0,0.0,8.381597252562642,46.29247705452144
0.033,17,1444732602,-0.060655612498521805,1.0,1.0,7.707601945614442,46.56185815110803
0.033,18,1317426686,-0.1896146535873413,1.0,1.0,7.981396293500438,46.0163070820272
0.033,19,2022506251,0.03530044108629227,0.0,0.0,7.8314241983462125,46.994398115202785
0.033,20,1516459118,-0.12890848517417908,1.0,1.0,7.482606455334462,46.870669117197394
0.033,21,533103612,-0.10919732600450516,1.0,1.0,7.176317480509169,47.51067399047315
0.033,22,1964759878,0.025448990985751152,0.0,0.0,7.7463639768539,47.105384059250355
0.033,23,2037706756,0.1455940306186676,0.0,0.0,6.8341573879588395,47.13857010938227
0.033,24,1572889065,-0.13093234598636627,1.0,1.0,7.2292430095840245,48.633871134370565
0.033,25,1432881518,-0.07004997879266739,1.0,1.0,8.008662604028359,46.54753510840237
0.033,26,280516901,-0.1610877513885498,1.0,1.0,7.132839979254641,46.521526062861085
0.033,27,205939248,-0.1542959064245224,1.0,1.0,7.032144523109309,45.832076109945774
0.033,28,571904914,-0.05908261984586716,1.0,1.0,7.145356366643682,45.80899397842586
0.033,29,948843457,-0.10104800760746002,1.0,1.0,7.280421065166593,46.20228614658117
0.033,30,155492488,0.12366849184036255,0.0,0.0,6.513020442798734,46.21301405131817
0.033,31,1903701130,-0.11864534765481949,1.0,1.0,7.0358639667974785,46.0917828604579
0.033,32,1017961266,-0.09549812227487564,1.0,1.0,7.858249797718599,45.973928878083825
0.033,33,1497769985,0.12795361876487732,0.0,0.0,6.755996282910928,46.080098021775484
0.033,34,456523489,0.029158098623156548,0.0,0.0,8.416296793613583,46.66669201105833
0.033,35,701095136,-0.12894967198371887,1.0,1.0,7.379226249526255,45.94665300101042
0.033,36,249069576,-0.10000172257423401,1.0,1.0,7.601871525635943,46.401232946664095
0.033,37,1576098728,0.004582799505442381,0.0,0.0,7.107459977385588,45.702691189944744
0.033,38,1662748500,0.09070134907960892,0.0,0.0,8.497272511944175,46.49590398184955
0.033,39,472736216,0.14382344484329224,0.0,0.0,6.468475520028733,45.67942605353892
0.033,40,1535411295,-0.21311736106872559,1.0,1.0,7.830525507219136,45.744363917037845
0.033,41,175223003,-0.08784356713294983,1.0,1.0,7.043013314134441,45.316111063584685
0.033,42,840936862,-0.26738715171813965,1.0,1.0,7.049971533589996,45.75133789330721
0.033,43,343373188,-0.06920977681875229,1.0,1.0,6.990036564879119,46.30229901522398
0.033,44,1597751082,-0.13269831240177155,1.0,1.0,7.06297045852989,45.654826797544956
0.033,45,730359585,-0.21186700463294983,1.0,1.0,9.126647781347856,45.85255798883736
0.033,46,1016641002,-0.10024134814739227,1.0,1.0,7.187720101559535,45.05435307510197
0.033,47,998994690,-0.15763559937477112,1.0,1.0,6.9156840642681345,45.50615488551557
0.033,48,1021240743,-0.05326875299215317,1.0,1.0,7.441602245206013,45.94928887672722
0.033,49,572134801,-0.17676585912704468,1.0,1.0,7.65662998217158,46.27187503501773
0.033,50,1198399760,-0.037535592913627625,1.0,1.0,7.085610333131626,47.085918951779604
0.033,51,1751866485,-0.11910632997751236,1.0,1.0,7.772577918833122,46.96289193816483
0.033,52,1070889713,-0.1681252121925354,1.0,1.0,7.362093308707699,54.80082309804857
0.033,53,415096539,0.0445743203163147,0.0,0.0,7.984874371555634,51.921176025643945
0.033,54,52416235,0.21995404362678528,0.0,0.0,6.665287828654982,47.87475196644664
0.033,55,278032723,0.058560919016599655,0.0,0.0,7.288301475695334,49.26096019335091
0.033,56,174946158,-0.06740452349185944,1.0,1.0,7.204769104137085,48.110256902873516
0.033,57,196848554,0.1629340648651123,0.0,0.0,6.717685835901648,46.92627512849867
0.033,58,263030910,-0.04909038916230202,1.0,1.0,8.48278157110326,49.208217067644
0.033,59,1285415020,0.0058411406353116035,0.0,0.0,7.553002117085271,47.918039141222835
0.033,60,1733223444,0.1664939522743225,0.0,0.0,6.407047503977083,48.97979786619544
0.033,61,1835544261,-0.22676719725131989,1.0,1.0,8.24993708380498,48.88031096197665
0.033,62,1403186970,0.01702778786420822,0.0,0.0,7.862374538672157,48.60210185870528
0.033,63,1291971777,-0.15995606780052185,1.0,1.0,7.87392621813342,47.31728811748326
0.033,64,712292067,-0.059999559074640274,1.0,1.0,8.162800518330187,47.221889020875096
0.033,65,2001429764,-0.16503366827964783,1.0,1.0,7.731100284261629,46.348341973498464
0.033,66,1375664061,0.010042867623269558,0.0,0.0,7.788302041823044,45.303176855668426
0.033,67,1556456120,0.2063455432653427,0.0,0.0,6.438136717304587,45.24075984954834
0.033,68,1576053187,0.0986822247505188,0.0,0.0,8.330547858495265,46.21091717854142
0.033,69,1848019881,-0.018964678049087524,1.0,1.0,7.151962765841745,46.26506706699729
0.033,70,1508652585,0.02086261659860611,0.0,0.0,8.514876556233503,46.375126112252474
0.033,71,1995737731,0.22730989754199982,0.0,0.0,6.474808409344405,45.400800881907344
0.033,72,1162788447,0.06511212140321732,0.0,0.0,7.724124784232117,46.67861107736826
0.033,73,1172925522,-0.16886451840400696,1.0,1.0,8.064029701636173,46.74787190742791
0.033,74,539174575,-0.12374033778905869,1.0,1.0,7.804501073784195,45.202063862234354
0.033,75,2013637345,0.020581137388944626,0.0,0.0,8.136331777321175,45.70612288080156
0.033,76,1187468716,-0.07375650107860565,1.0,1.0,8.082393231918104,45.82862486131489
0.033,77,1062978506,0.19477200508117676,0.0,0.0,6.758605349110439,46.8282587826252
0.033,78,679326770,-0.30000001192092896,1.0,1.0,8.976080339634791,47.085528960451484
0.033,79,587923432,-0.041834525763988495,1.0,1.0,7.8662732866359875,47.95853281393647
0.033,80,1359889667,-0.30000001192092896,1.0,1.0,7.647231815150008,47.10819199681282
0.033,81,970187386,-0.1587468683719635,1.0,1.0,6.884539348073304,47.03721101395786
0.033,82,1219839873,-0.07373181730508804,1.0,1.0,7.501500075217336,46.298397006466985
0.033,83,1428160212,0.23172225058078766,0.0,0.0,6.5904415608383715,45.58694688603282
0.033,84,1930609499,-0.006177325267344713,1.0,1.0,7.434117636177689,45.362805016338825
0.033,85,710582861,0.028811318799853325,0.0,0.0,7.6713999370113015,46.885940013453364
0.033,86,1463614337,-0.11589191854000092,1.0,1.0,7.7876371163874865,46.59261112101376
0.033,87,1940152705,-0.2758355140686035,1.0,1.0,7.263874425785616,46.78800096735358
0.033,88,985452196,-0.080925352871418,1.0,1.0,7.27281900041271,45.886319829151034
0.033,89,552062587,0.16534526646137238,0.0,0.0,6.287302328972146,47.553165117278695
0.033,90,623566272,-0.03159070387482643,1.0,1.0,7.6488145479233935,53.57162491418421
0.033,91,729775797,0.04434110224246979,0.0,0.0,8.478314421372488,45.67133914679289
0.033,92,1352536665,-0.10202567279338837,1.0,1.0,7.470610202522948,46.712151961401105
0.033,93,555883440,-0.06182479485869408,1.0,1.0,7.109356704517268,46.354041900485754
0.033,94,1801800003,-0.03144872561097145,1.0,1.0,7.888914753799327,45.501932967454195
0.033,95,763315502,-0.10357673466205597,1.0,1.0,7.486517008510418,45.09658901952207
0.033,96,138897982,-0.2794475555419922,1.0,1.0,7.152071027900092,45.59093504212797
0.033,97,10785379,-0.13194149732589722,1.0,1.0,7.915685409214348,45.24862905964255
0.033,98,53923185,-0.10383332520723343,1.0,1.0,7.152035666047595,45.669079991057515
0.033,99,1349917978,-0.05723337456583977,1.0,1.0,7.7254366737324744,45.34941609017551
0.034,0,1501552845,0.21424584090709686,0.0,0.0,6.501351733342744,47.33359790407121
0.034,1,488200390,-0.07187089323997498,1.0,1.0,7.146387709770352,63.57646896503866
0.034,2,1693606510,-0.0652669295668602,1.0,1.0,7.109996503451839,46.42748995684087
0.034,3,680233354,-0.11323622614145279,1.0,1.0,7.751917597372085,45.306836953386664
0.034,4,438466540,0.14210756123065948,0.0,0.0,8.057991690700874,45.654687099158764
0.034,5,1712329280,-0.30000001192092896,1.0,1.0,7.187495065503754,46.69847502373159
0.034,6,1380152455,0.1612890213727951,0.0,0.0,6.506698558456264,46.223241137340665
0.034,7,1452245846,-0.13831424713134766,1.0,1.0,7.823982914327644,46.557742869481444
0.034,8,2122694021,0.24412745237350464,0.0,0.0,6.4015020412625745,45.979064889252186
0.034,9,839901363,-0.12617264688014984,1.0,1.0,7.86015258601401,46.826784033328295
0.034,10,1802651552,-0.11879963427782059,1.0,1.0,7.15756175480783,45.46736693009734
0.034,11,714712467,-0.05433795601129532,1.0,1.0,8.112398414406925,46.012284932658076
0.034,12,1218704077,0.22184254229068756,0.0,0.0,6.570582190877758,45.66708882339299
0.034,13,1284858263,-0.08878010511398315,1.0,1.0,7.604525719769299,46.949798008427024
0.034,14,457721135,0.00815023947507143,0.0,0.0,7.457504738820717,45.49896507523954
0.034,15,401008609,-0.011492866091430187,1.0,1.0,7.133466409868561,45.62480701133609
0.034,16,492064534,0.049793124198913574,0.0,0.0,8.002571211894974,46.50728520937264
0.034,17,1444732602,-0.10344768315553665,1.0,1.0,7.204565773368813,45.8109718747437
0.034,18,1317426686,-0.15140824019908905,1.0,1.0,7.757830104324967,45.49255408346653
0.034,19,2022506251,-0.06788378208875656,1.0,1.0,8.020078147063032,46.345180133357644
0.034,20,1516459118,-0.1398475170135498,1.0,1.0,7.828321917448193,46.44987196661532
0.034,21,533103612,-0.08581806719303131,1.0,1.0,7.449669650755823,47.60242812335491
0.034,22,1964759878,-0.025767942890524864,1.0,1.0,7.689627968822606,46.56274011358619
0.034,23,2037706756,0.1486368030309677,0.0,0.0,6.85114416689612,46.66176508180797
0.034,24,1572889065,-0.14958064258098602,1.0,1.0,7.323221747181378,55.601532803848386
0.034,25,1432881518,-0.05336214229464531,1.0,1.0,6.952800510684028,45.972219901159406
0.034,26,280516901,-0.13062182068824768,1.0,1.0,7.582950723241083,46.38060904107988
0.034,27,205939248,-0.07696876674890518,1.0,1.0,7.279863647767343,45.85734894499183
0.034,28,571904914,-0.07818415760993958,1.0,1.0,7.149057391448878,45.98362883552909
0.034,29,948843457,-0.12887822091579437,1.0,1.0,7.31915979553014,46.44869780167937
0.034,30,155492488,-0.13332729041576385,1.0,1.0,7.3807870374294,46.62754712626338
0.034,31,1903701130,-0.17345720529556274,1.0,1.0,7.817103214445524,46.010252088308334
0.034,32,1017961266,-0.037236373871564865,1.0,1.0,7.841024151188321,45.880744932219386
0.034,33,1497769985,0.12145527452230453,0.0,0.0,6.718330078176223,45.62904709018767
0.034,34,456523489,-0.1377371847629547,1.0,1.0,7.11548860790208,46.91030201502144
0.034,35,701095136,-0.09365734457969666,1.0,1.0,7.7698952776845545,45.57123710401356
0.034,36,249069576,-0.1441829800605774,1.0,1.0,7.026305524166673,46.97520402260125
0.034,37,1576098728,-0.06805477291345596,1.0,1.0,7.272360478062183,45.61843094415963
0.034,38,1662748500,-0.03876066952943802,1.0,1.0,7.453887346200645,44.88520999439061
0.034,39,472736216,0.1642337590456009,0.0,0.0,6.4728358190041035,45.021973084658384
0.034,40,1535411295,-0.08814197033643723,1.0,1.0,7.666854949435219,54.6819509472698
0.034,41,175223003,-0.10313429683446884,1.0,1.0,7.153889870736748,44.84204202890396
0.034,42,840936862,-0.2621830403804779,1.0,1.0,7.135106449248269,45.123182935640216
0.034,43,343373188,-0.18063385784626007,1.0,1.0,7.909133081091568,45.260371873155236
0.034,44,1597751082,-0.11972521990537643,1.0,1.0,7.76891681435518,45.909169828519225
0.034,45,730359585,-0.1823805868625641,1.0,1.0,7.722408643108793,45.106424018740654
0.034,46,1016641002,-0.1693667322397232,1.0,1.0,7.246470886748284,46.468141954392195
0.034,47,998994690,-0.023438535630702972,1.0,1.0,8.631118339370005,45.500250067561865
0.034,48,1021240743,-0.02549559623003006,1.0,1.0,7.252199627459049,46.832056948915124
0.034,49,572134801,-0.30000001192092896,1.0,1.0,9.423011036822572,46.36804782785475
0.034,50,1198399760,-0.0015333162155002356,1.0,1.0,7.741464047692716,47.44557593949139
0.034,51,1751866485,-0.05633784830570221,1.0,1.0,7.250911667360924,47.00294812209904
0.034,52,1070889713,-0.07460325956344604,1.0,1.0,7.707993151503615,54.686706978827715
0.034,53,415096539,-0.11426961421966553,1.0,1.0,7.824095960473642,52.11839103139937
0.034,54,52416235,0.22767795622348785,0.0,0.0,6.671519190422259,48.292451072484255
0.034,55,278032723,-0.14841212332248688,1.0,1.0,7.227811565040611,49.876851961016655
0.034,56,174946158,-0.1441774219274521,1.0,1.0,7.128385227755643,48.002484953030944
0.034,57,196848554,0.17712081968784332,0.0,0.0,6.713091564015485,47.160149086266756
0.034,58,263030910,-0.004748741630464792,1.0,1.0,8.864360991981812,49.42983598448336
0.034,59,1285415020,-0.27173614501953125,1.0,1.0,7.064554487820715,48.834944842383265
0.034,60,1733223444,0.1920839548110962,0.0,0.0,6.421363921253942,49.63512904942036
0.034,61,1835544261,-0.2081393003463745,1.0,1.0,7.686542482115328,49.33836287818849
0.034,62,1403186970,-0.09649734199047089,1.0,1.0,7.271474329987541,48.76631707884371
0.034,63,1291971777,0.0229848213493824,0.0,0.0,7.067913113394752,48.18427097052336
0.034,64,712292067,-0.12515760958194733,1.0,1.0,7.247246292768978,48.310402780771255
0.034,65,2001429764,-0.07655752450227737,1.0,1.0,7.053430006606504,46.79512791335583
0.034,66,1375664061,-0.06445912271738052,1.0,1.0,7.316420085844584,46.85679404065013
0.034,67,1556456120,0.2094152420759201,0.0,0.0,6.337785575073212,45.96535488963127
0.034,68,1576053187,0.027851691469550133,0.0,0.0,7.268697952968068,47.47752891853452
0.034,69,1848019881,0.015070668421685696,0.0,0.0,7.114127963548526,45.51349487155676
0.034,70,1508652585,-0.12242795526981354,1.0,1.0,7.763062873156741,46.32048006169498
0.034,71,1995737731,0.2521335184574127,0.0,0.0,6.30344631918706,46.00280406884849
0.034,72,1162788447,0.09785717725753784,0.0,0.0,7.720433975104243,48.0058949906379
0.034,73,1172925522,-0.05706992372870445,1.0,1.0,7.329213128890842,45.390276005491614
0.034,74,539174575,0.03191450983285904,0.0,0.0,8.731701413402334,47.28871490806341
0.034,75,2013637345,0.03093969263136387,0.0,0.0,7.345600838423707,46.487775165587664
0.034,76,1187468716,0.10979069769382477,0.0,0.0,7.5799755251500756,47.15616418980062
0.034,77,1062978506,0.004350132774561644,0.0,0.0,7.246452052844688,46.57861916348338
0.034,78,679326770,-0.048804279416799545,1.0,1.0,7.717689829994924,47.31354513205588
0.034,79,587923432,-0.16365766525268555,1.0,1.0,7.367769456584938,47.96499782241881
0.034,80,1359889667,-0.18378829956054688,1.0,1.0,7.590810633962974,48.256090143695474
0.034,81,970187386,0.029068121686577797,0.0,0.0,7.789041580632329,47.20714292488992
0.034,82,1219839873,0.0037682035472244024,0.0,0.0,8.03377490339335,47.20414290204644
0.034,83,1428160212,0.24513152241706848,0.0,0.0,6.593854960752651,46.42188781872392
0.034,84,1930609499,-0.0618169829249382,1.0,1.0,8.084004617878236,46.34800087660551
0.034,85,710582861,-0.11013243347406387,1.0,1.0,7.16890257911291,45.88321689516306
0.034,86,1463614337,-0.09858162701129913,1.0,1.0,7.84825081913732,47.33001301065087
0.034,87,1940152705,-0.07247459888458252,1.0,1.0,7.363748220494017,47.037855023518205
0.034,88,985452196,-0.15028108656406403,1.0,1.0,7.999905369710177,48.499851021915674
0.034,89,552062587,0.1710367351770401,0.0,0.0,6.3283897747751325,47.94463119469583
0.034,90,623566272,-0.0334172248840332,1.0,1.0,7.281993986689486,44.66084809973836
0.034,91,729775797,-0.0032282117754220963,1.0,1.0,8.607986615272239,46.325163915753365
0.034,92,1352536665,-0.1381007730960846,1.0,1.0,7.096461538574658,47.45526285842061
0.034,93,555883440,-0.12557238340377808,1.0,1.0,7.677957547362894,47.34402894973755
0.034,94,1801800003,0.2147061973810196,0.0,0.0,7.9588900009403005,47.9039300698787
0.034,95,763315502,-0.08944284915924072,1.0,1.0,7.686682389932685,47.25028993561864
0.034,96,138897982,-0.23901091516017914,1.0,1.0,7.291865158244036,47.20590612851083
0.034,97,10785379,-0.04328541085124016,1.0,1.0,7.985497102723457,47.54414199851453
0.034,98,53923185,-0.06961262971162796,1.0,1.0,7.069248017854989,46.09269089996815
0.034,99,1349917978,0.17256809771060944,0.0,0.0,6.51547272130847,46.40653682872653
0.035,0,1501552845,0.22880645096302032,0.0,0.0,6.396072861622088,47.70432086661458
0.035,1,488200390,-0.12459278106689453,1.0,1.0,7.078489243169315,45.53064610809088
0.035,2,1693606510,-0.11541672796010971,1.0,1.0,7.794223800417967,46.34018195793033
0.035,3,680233354,-0.04640651121735573,1.0,1.0,7.218962558545172,46.77826398983598
0.035,4,438466540,-0.11722830682992935,1.0,1.0,7.747874265071005,46.9910460524261
0.035,5,1712329280,-0.03803732618689537,1.0,1.0,7.934830575599335,46.22854897752404
0.035,6,1380152455,0.1807137280702591,0.0,0.0,6.574258177774027,47.101112082600594
0.035,7,1452245846,-0.16374990344047546,1.0,1.0,7.611492165713571,46.170101035386324
0.035,8,2122694021,0.249712273478508,0.0,0.0,6.409273483091965,47.11994412355125
0.035,9,839901363,-0.17035500705242157,1.0,1.0,7.664457755861804,45.96827388741076
0.035,10,1802651552,-0.10913687199354172,1.0,1.0,7.074032166972756,46.05458700098097
0.035,11,714712467,-0.06384960561990738,1.0,1.0,7.8515984958503395,46.32664821110666
0.035,12,1218704077,0.21952243149280548,0.0,0.0,6.670457141008228,47.16681409627199
0.035,13,1284858263,-0.23106198012828827,1.0,1.0,7.807347313850187,46.76784295588732
0.035,14,457721135,0.01653308793902397,0.0,0.0,7.239340085652657,46.638092026114464
0.035,15,401008609,0.012732061557471752,0.0,0.0,8.494296138407663,46.74358619377017
0.035,16,492064534,0.04064224287867546,0.0,0.0,7.222727985237725,50.86656799539924
0.035,17,1444732602,-0.14165055751800537,1.0,1.0,7.234549853717908,47.19097213819623
0.035,18,1317426686,-0.19786980748176575,1.0,1.0,7.243131405557506,45.99626315757632
0.035,19,2022506251,0.07837410271167755,0.0,0.0,7.881150832283311,48.613034188747406
0.035,20,1516459118,-0.09683188796043396,1.0,1.0,8.007924711331725,47.91602585464716
0.035,21,533103612,-0.085927315056324,1.0,1.0,7.259613530477509,47.53681807778776
0.035,22,1964759878,-0.1252492219209671,1.0,1.0,7.624859211500734,47.910925932228565
0.035,23,2037706756,0.16706985235214233,0.0,0.0,6.866699041100219,49.120568903163075
0.035,24,1572889065,-0.19523835182189941,1.0,1.0,8.130602136370726,47.70447895862162
0.035,25,1432881518,-0.08357320725917816,1.0,1.0,7.823032402782701,46.56923981383443
0.035,26,280516901,-0.0004960052901878953,1.0,1.0,8.561418867204338,47.067268984392285
0.035,27,205939248,-0.0542430616915226,1.0,1.0,7.722199968062341,47.315979143604636
0.035,28,571904914,-0.061427630484104156,1.0,1.0,7.109147776383907,47.59298893623054
0.035,29,948843457,-0.14118969440460205,1.0,1.0,8.0578866135329,47.037865966558456
0.035,30,155492488,-0.12141305953264236,1.0,1.0,7.225026066880673,46.798099065199494
0.035,31,1903701130,-0.10264930129051208,1.0,1.0,7.91749885387253,47.212542966008186
0.035,32,1017961266,-0.008394935168325901,1.0,1.0,7.183865716680884,45.94146413728595
0.035,33,1497769985,0.13194721937179565,0.0,0.0,6.680307279340923,47.62064991518855
0.035,34,456523489,-0.07940425723791122,1.0,1.0,7.011360709555447,45.75076000764966
0.035,35,701095136,-0.1550823301076889,1.0,1.0,7.85725252982229,46.19669378735125
0.035,36,249069576,-0.15728266537189484,1.0,1.0,7.6925864045042545,46.25198803842068
0.035,37,1576098728,-0.09653888642787933,1.0,1.0,8.028032612404786,45.681101037189364
0.035,38,1662748500,-0.14170299470424652,1.0,1.0,7.989166965475306,46.01309588178992
0.035,39,472736216,0.16692011058330536,0.0,0.0,6.480258946539834,46.56459391117096
0.035,40,1535411295,-0.20668527483940125,1.0,1.0,8.220377951627597,46.1089969612658
0.035,41,175223003,-0.07248447090387344,1.0,1.0,7.172924119862728,45.835499884560704
0.035,42,840936862,-0.20438919961452484,1.0,1.0,7.485992889734916,45.766786905005574
0.035,43,343373188,-0.12273874133825302,1.0,1.0,7.032422674354166,46.630938071757555
0.035,44,1597751082,-0.1070651113986969,1.0,1.0,6.950744434259832,44.613552978262305
0.035,45,730359585,-0.09349564462900162,1.0,1.0,7.955697816796601,46.238545095548034
0.035,46,1016641002,-0.1546204537153244,1.0,1.0,7.307686819229275,46.02642613463104
0.035,47,998994690,-0.045235030353069305,1.0,1.0,6.991106967208907,46.769971027970314
0.035,48,1021240743,0.007002655882388353,0.0,0.0,7.310812380514108,46.7478500213474
0.035,49,572134801,-0.2046017050743103,1.0,1.0,8.069865970988758,48.290812177583575
0.035,50,1198399760,-0.12564478814601898,1.0,1.0,6.934581557405181,47.94400418177247
0.035,51,1751866485,-0.05669073015451431,1.0,1.0,7.859920101123862,54.77621988393366
0.035,52,1070889713,0.053541187196969986,0.0,0.0,7.373112338362262,52.14836308732629
0.035,53,415096539,-0.06006361544132233,1.0,1.0,8.020550152752548,48.42671100050211
0.035,54,52416235,0.23698516190052032,0.0,0.0,6.682228953228332,49.85320894047618
0.035,55,278032723,0.14530883729457855,0.0,0.0,7.242497032391839,48.276607878506184
0.035,56,174946158,-0.13386961817741394,1.0,1.0,7.231415660469793,48.1425488833338
0.035,57,196848554,0.18364523351192474,0.0,0.0,6.729679140844382,49.44024980068207
0.035,58,263030910,-0.1597910076379776,1.0,1.0,8.076462540659122,48.84650884196162
0.035,59,1285415020,-0.1623225063085556,1.0,1.0,7.325819410965778,48.82305487990379
0.035,60,1733223444,0.2016633301973343,0.0,0.0,6.463164898916148,49.271032912656665
0.035,61,1835544261,-0.25224703550338745,1.0,1.0,8.204806240275502,48.62440889701247
0.035,62,1403186970,-0.049066800624132156,1.0,1.0,7.811341754510067,47.5642760284245
0.035,63,1291971777,0.06279856711626053,0.0,0.0,8.546015084371902,47.90956596843898
0.035,64,712292067,-0.06614657491445541,1.0,1.0,7.867555498844013,46.96425306610763
0.035,65,2001429764,0.007499454542994499,0.0,0.0,8.350154096377082,46.416631899774075
0.035,66,1375664061,-0.15806758403778076,1.0,1.0,8.1569914490683,44.9643291067332
0.035,67,1556456120,0.20831334590911865,0.0,0.0,6.378360860282555,46.697529964149
0.035,68,1576053187,-0.05207976698875427,1.0,1.0,7.895214929478243,45.87969998829067
0.035,69,1848019881,0.010249066166579723,0.0,0.0,7.1802301133284345,45.474893879145384
0.035,70,1508652585,-0.1664894074201584,1.0,1.0,7.050741263432428,46.428626868873835
0.035,71,1995737731,0.25564518570899963,0.0,0.0,6.367101343348622,46.71616805717349
0.035,72,1162788447,0.1491568386554718,0.0,0.0,7.677346685086377,45.44648784212768
0.035,73,1172925522,0.03296773508191109,0.0,0.0,7.128269089735113,45.7920110784471
0.035,74,539174575,-0.02374620921909809,1.0,1.0,8.069808408617973,46.46930797025561
0.035,75,2013637345,-0.08607259392738342,1.0,1.0,8.364661588682793,46.111291041597724
0.035,76,1187468716,-0.2251165807247162,1.0,1.0,7.279563131276518,46.72664497047663
0.035,77,1062978506,-0.2580276131629944,1.0,1.0,7.120488918735646,48.13839797861874
0.035,78,679326770,-0.024678442627191544,1.0,1.0,7.200771318515763,48.71899890713394
0.035,79,587923432,-0.15877652168273926,1.0,1.0,7.94843690271955,48.02618594840169
0.035,80,1359889667,-0.13291426002979279,1.0,1.0,7.552613566280343,47.89933701977134
0.035,81,970187386,0.006600382272154093,0.0,0.0,7.272694195155054,47.10230813361704
0.035,82,1219839873,0.04065131023526192,0.0,0.0,8.046289222314954,45.81739800050855
0.035,83,1428160212,0.2493135929107666,0.0,0.0,6.604518647422083,46.25788889825344
0.035,84,1930609499,-0.08010512590408325,1.0,1.0,7.238305040751584,47.70228103734553
0.035,85,710582861,-0.010655948892235756,1.0,1.0,7.857134342310019,47.034529969096184
0.035,86,1463614337,-0.09137731045484543,1.0,1.0,7.1887682700762525,47.64792905189097
0.035,87,1940152705,-0.06383849680423737,1.0,1.0,7.366064969217405,47.05844912678003
0.035,88,985452196,-0.24504703283309937,1.0,1.0,7.982293660752475,48.21433103643358
0.035,89,552062587,0.17122182250022888,0.0,0.0,6.382569117471576,46.78645497187972
0.035,90,623566272,0.08798427134752274,0.0,0.0,8.53973099857103,46.484159072861075
0.035,91,729775797,0.019978994503617287,0.0,0.0,7.227137560257688,47.60423791594803
0.035,92,1352536665,-0.04635640233755112,1.0,1.0,7.1525695632444695,47.54077410325408
0.035,93,555883440,-0.01545806135982275,1.0,1.0,7.715091243735515,46.46601504646242
0.035,94,1801800003,-0.18482628464698792,1.0,1.0,7.940511242602952,46.20458488352597
0.035,95,763315502,-0.026081930845975876,1.0,1.0,7.591336929704994,46.39721498824656
0.035,96,138897982,-0.2544853687286377,1.0,1.0,7.420058046467602,46.111277071759105
0.035,97,10785379,-0.11058610677719116,1.0,1.0,8.011840256978758,46.89220804721117
0.035,98,53923185,-0.12865383923053741,1.0,1.0,7.183218467864208,46.015070052817464
0.035,99,1349917978,0.1785430610179901,0.0,0.0,6.461423367029056,45.73532706126571
0.036,0,1501552845,0.23472008109092712,0.0,0.0,6.447663050726987,46.407988062128425
0.036,1,488200390,-0.1119019091129303,1.0,1.0,7.175661844899878,60.1936609018594
0.036,2,1693606510,-0.1772681623697281,1.0,1.0,7.887460821890272,46.418563928455114
0.036,3,680233354,-0.1701200008392334,1.0,1.0,7.821814752416685,46.657213009893894
0.036,4,438466540,-0.05026731640100479,1.0,1.0,7.190242264885455,46.51663592085242
0.036,5,1712329280,0.07647138088941574,0.0,0.0,7.598678166628815,47.19647811725736
0.036,6,1380152455,-0.27939504384994507,1.0,1.0,7.24135040177498,47.12120397016406
0.036,7,1452245846,-0.0920824334025383,1.0,1.0,7.987286639516242,47.22598101943731
0.036,8,2122694021,0.0014181324513629079,0.0,0.0,8.397004765458405,46.9708030577749
0.036,9,839901363,-0.17297209799289703,1.0,1.0,8.058152536978014,47.10708698257804
0.036,10,1802651552,-0.09801430255174637,1.0,1.0,7.051028109621257,46.81774298660457
0.036,11,714712467,-0.04721838980913162,1.0,1.0,7.995132926502265,46.418925980105996
0.036,12,1218704077,-0.09314367920160294,1.0,1.0,7.38990619010292,46.54823592863977
0.036,13,1284858263,-0.0432833656668663,1.0,1.0,6.883486313512549,46.90202604979277
0.036,14,457721135,-0.11047045141458511,1.0,1.0,7.295187416486442,46.01637693122029
0.036,15,401008609,-0.029611783102154732,1.0,1.0,7.2308092679595575,46.32419697009027
0.036,16,492064534,-0.15943707525730133,1.0,1.0,8.259360430412926,45.54874007590115
0.036,17,1444732602,-0.15511958301067352,1.0,1.0,7.132317850948311,48.92131593078375
0.036,18,1317426686,-0.1565125286579132,1.0,1.0,7.7764299812261015,46.50532198138535
0.036,19,2022506251,-0.09580302983522415,1.0,1.0,8.193482831702568,47.01716103591025
0.036,20,1516459118,-0.16850484907627106,1.0,1.0,7.702220633276738,46.77902301773429
0.036,21,533103612,-0.14935177564620972,1.0,1.0,7.2977730663260445,45.998197980225086
0.036,22,1964759878,-0.07889742404222488,1.0,1.0,7.610549429315142,47.99610609188676
0.036,23,2037706756,0.15763702988624573,0.0,0.0,6.8505410245852545,47.86898707970977
0.036,24,1572889065,-0.042345937341451645,1.0,1.0,7.30598615820054,46.23808292672038
0.036,25,1432881518,-0.09611992537975311,1.0,1.0,7.404921589884907,47.00076300650835
0.036,26,280516901,-0.04184173420071602,1.0,1.0,7.101413393160328,49.95561111718416
0.036,27,205939248,-0.06598169356584549,1.0,1.0,7.304223770624958,48.05199010297656
0.036,28,571904914,-0.11167480796575546,1.0,1.0,7.0682723498903215,46.44993809051812
0.036,29,948843457,-0.1362256109714508,1.0,1.0,7.468563669943251,48.208686988800764
0.036,30,155492488,-0.07688501477241516,1.0,1.0,7.409492687089369,48.607348930090666
0.036,31,1903701130,0.05578264966607094,0.0,0.0,7.7687452278332785,49.210654105991125
0.036,32,1017961266,-0.004171918146312237,1.0,1.0,7.686977872042917,48.027309123426676
0.036,33,1497769985,0.1455674022436142,0.0,0.0,6.706904561491683,47.44098405353725
0.036,34,456523489,-0.22447267174720764,1.0,1.0,7.688292528036982,47.055186005309224
0.036,35,701095136,-0.1942940354347229,1.0,1.0,8.241236265166663,48.25989995151758
0.036,36,249069576,-0.09172368049621582,1.0,1.0,7.391409844276495,47.603632090613246
0.036,37,1576098728,-0.07484368979930878,1.0,1.0,7.478707257891074,47.29482997208834
0.036,38,1662748500,-0.0849849060177803,1.0,1.0,8.009925298625603,47.499159118160605
0.036,39,472736216,0.18937170505523682,0.0,0.0,6.485050328774378,47.63880092650652
0.036,40,1535411295,0.042853448539972305,0.0,0.0,8.028193418867886,45.90071178972721
0.036,41,175223003,-0.11399093270301819,1.0,1.0,7.115156586980447,47.0835140440613
0.036,42,840936862,-0.29728037118911743,1.0,1.0,7.165473090484738,47.79509105719626
0.036,43,343373188,-0.050352055579423904,1.0,1.0,7.115601271390915,47.461070120334625
0.036,44,1597751082,0.03071044757962227,0.0,0.0,7.4160221891943365,48.45764394849539
0.036,45,730359585,-0.09659827500581741,1.0,1.0,7.083645801292732,47.2286029253155
0.036,46,1016641002,-0.0035613984800875187,1.0,1.0,7.377873846096918,48.97034610621631
0.036,47,998994690,-0.07055492699146271,1.0,1.0,7.025516754714772,48.544012010097504
0.036,48,1021240743,-0.05948808789253235,1.0,1.0,7.511557831661776,47.20581090077758
0.036,49,572134801,-0.21073751151561737,1.0,1.0,8.17859569331631,48.96024591289461
0.036,50,1198399760,-0.1947326362133026,1.0,1.0,6.893393597565591,48.48274099640548
0.036,51,1751866485,-0.038883764296770096,1.0,1.0,7.8079435335239395,48.805176047608256
0.036,52,1070889713,-0.20591121912002563,1.0,1.0,7.707633990095928,48.81756706163287
0.036,53,415096539,0.22488756477832794,0.0,0.0,6.567772673908621,47.515529207885265
0.036,54,52416235,0.22130152583122253,0.0,0.0,6.691916532465257,47.166632022708654
0.036,55,278032723,-0.23577336966991425,1.0,1.0,7.247653893893585,46.07689497061074
0.036,56,174946158,-0.1811903417110443,1.0,1.0,7.431929550599307,46.79356818087399
0.036,57,196848554,0.18744121491909027,0.0,0.0,6.735025706817396,48.06721908971667
0.036,58,263030910,-0.05278646945953369,1.0,1.0,7.741112485295162,46.21407180093229
0.036,59,1285415020,-0.19610626995563507,1.0,1.0,7.565960457548499,46.300827991217375
0.036,60,1733223444,0.20520898699760437,0.0,0.0,6.465105853625573,47.8786900639534
0.036,61,1835544261,-0.1324836164712906,1.0,1.0,7.218609346775338,50.58316304348409
0.036,62,1403186970,-0.18565183877944946,1.0,1.0,7.9391261513810605,47.86737891845405
0.036,63,1291971777,-0.0440407432615757,1.0,1.0,7.214363062172197,48.51714405231178
0.036,64,712292067,-0.1991189420223236,1.0,1.0,8.083288756781258,47.16701898723841
0.036,65,2001429764,-0.08078624308109283,1.0,1.0,8.047582009807229,47.91823192499578
0.036,66,1375664061,0.018525321036577225,0.0,0.0,7.4094740874134,46.431240160018206
0.036,67,1556456120,0.21771197021007538,0.0,0.0,6.408778034034185,45.64121621660888
0.036,68,1576053187,-0.13779088854789734,1.0,1.0,8.12826338072773,46.738130040466785
0.036,69,1848019881,-0.0506276935338974,1.0,1.0,7.361381942522712,48.49319998174906
0.036,70,1508652585,-0.30000001192092896,1.0,1.0,9.313503984711133,47.92275186628103
0.036,71,1995737731,0.2707986831665039,0.0,0.0,6.464227889897302,46.70161288231611
0.036,72,1162788447,-0.07993678748607635,1.0,1.0,8.07026001974009,46.077286126092076
0.036,73,1172925522,0.061936598271131516,0.0,0.0,7.341091709793545,46.89212911762297
0.036,74,539174575,-0.03528283163905144,1.0,1.0,7.279517037910409,47.22790606319904
0.036,75,2013637345,-0.23896896839141846,1.0,1.0,7.262392960721627,47.18097602017224
0.036,76,1187468716,0.1262783706188202,0.0,0.0,7.6423850554274395,47.218892024829984
0.036,77,1062978506,0.026948871091008186,0.0,0.0,7.044266329728998,46.79592396132648
0.036,78,679326770,-0.0673501119017601,1.0,1.0,7.71872236195486,47.35778598114848
0.036,79,587923432,-0.12397219985723495,1.0,1.0,8.053186680888757,47.59087017737329
0.036,80,1359889667,-0.08737669140100479,1.0,1.0,7.11185891693458,48.57692797668278
0.036,81,970187386,-0.0326661691069603,1.0,1.0,8.131528156925924,48.56573697179556
0.036,82,1219839873,-0.19962184131145477,1.0,1.0,7.614801167044789,49.02710998430848
0.036,83,1428160212,0.2675241529941559,0.0,0.0,6.591924746171571,47.973592998459935
0.036,84,1930609499,-0.0483756884932518,1.0,1.0,7.449287696625106,48.534061992540956
0.036,85,710582861,-0.028629207983613014,1.0,1.0,7.471221013693139,49.16176502592862
0.036,86,1463614337,-0.15663458406925201,1.0,1.0,7.997040115296841,46.165871899574995
0.036,87,1940152705,0.028131306171417236,0.0,0.0,7.313775824964978,46.871869126334786
0.036,88,985452196,0.02635660208761692,0.0,0.0,7.7394111311296,47.03341703861952
0.036,89,552062587,0.20774857699871063,0.0,0.0,6.430901466170326,47.8171119466424
0.036,90,623566272,-0.004359112121164799,1.0,1.0,7.935031743487343,46.9855519477278
0.036,91,729775797,-0.05951933562755585,1.0,1.0,8.020533489529043,49.35808293521404
0.036,92,1352536665,-0.05884350463747978,1.0,1.0,7.721144122770056,46.665689907968044
0.036,93,555883440,-0.22709141671657562,1.0,1.0,8.004092172835954,45.629960019141436
0.036,94,1801800003,-0.16607648134231567,1.0,1.0,7.409726099460386,45.80289195291698
0.036,95,763315502,-0.06981778889894485,1.0,1.0,7.738060052506626,46.37209605425596
0.036,96,138897982,-0.26489338278770447,1.0,1.0,7.438818378257565,46.57602682709694
0.036,97,10785379,-0.03253296762704849,1.0,1.0,8.536357522476465,46.91838403232396
0.036,98,53923185,-0.06400135159492493,1.0,1.0,7.730432247277349,46.517411014065146
0.036,99,1349917978,0.19899190962314606,0.0,0.0,6.464277040446177,47.183156944811344
0.037,0,1501552845,0.2178184688091278,0.0,0.0,6.53789722349029,46.383148059248924
0.037,1,488200390,0.019509630277752876,0.0,0.0,7.275279888999648,46.26126494258642
0.037,2,1693606510,-0.16584782302379608,1.0,1.0,7.799559307633899,45.90649902820587
0.037,3,680233354,-0.07490453124046326,1.0,1.0,7.21913796919398,45.87757308036089
0.037,4,438466540,-0.09378935396671295,1.0,1.0,7.154461981728673,46.20389617048204
0.037,5,1712329280,-0.2534891963005066,1.0,1.0,7.139769496279769,46.1642169393599
0.037,6,1380152455,-0.2882533669471741,1.0,1.0,6.9951533519197255,46.13384720869362
0.037,7,1452245846,-0.017023198306560516,1.0,1.0,7.83603419654537,46.11035785637796
0.037,8,2122694021,-0.09501409530639648,1.0,1.0,7.151243920321576,46.25159199349582
0.037,9,839901363,-0.12688446044921875,1.0,1.0,7.89512943290174,46.67756799608469
0.037,10,1802651552,-0.12889353930950165,1.0,1.0,7.460835931589827,45.71143095381558
0.037,11,714712467,-0.06816685199737549,1.0,1.0,7.31704408978112,45.80217902548611
0.037,12,1218704077,-0.09791706502437592,1.0,1.0,7.549256153637543,45.74636206962168
0.037,13,1284858263,-0.23166236281394958,1.0,1.0,8.08911736565642,45.90458399616182
0.037,14,457721135,-0.1394277960062027,1.0,1.0,8.074477346846834,45.11870094574988
0.037,15,401008609,-0.13481219112873077,1.0,1.0,7.22365233884193,45.52954901009798
0.037,16,492064534,-0.11626631021499634,1.0,1.0,8.040306799346581,45.525276102125645
0.037,17,1444732602,0.03279799968004227,0.0,0.0,7.919530374347232,46.01532593369484
0.037,18,1317426686,-0.03508470207452774,1.0,1.0,8.655728618614376,45.61160993762314
0.037,19,2022506251,-0.020665092393755913,1.0,1.0,7.929109448683448,46.56468401663005
0.037,20,1516459118,-0.16703243553638458,1.0,1.0,8.055872884811834,46.43120407126844
0.037,21,533103612,-0.006412766873836517,1.0,1.0,7.177926224539988,45.93861405737698
0.037,22,1964759878,-0.007310901768505573,1.0,1.0,8.036122551537119,46.08423402532935
0.037,23,2037706756,0.16826051473617554,0.0,0.0,6.88824424368795,46.42280307598412
0.037,24,1572889065,-0.20888754725456238,1.0,1.0,7.926849547075108,54.5557988807559
0.037,25,1432881518,-0.05128578096628189,1.0,1.0,7.245153869735077,51.08696292154491
0.037,26,280516901,-0.10337739437818527,1.0,1.0,7.3866169463144615,47.65288904309273
0.037,27,205939248,-0.039937615394592285,1.0,1.0,7.381199769908562,46.877840999513865
0.037,28,571904914,-0.08140181750059128,1.0,1.0,7.26083097292576,47.11291380226612
0.037,29,948843457,-0.06553927809000015,1.0,1.0,8.052940586116165,47.47412819415331
0.037,30,155492488,-0.14300793409347534,1.0,1.0,7.131093364092521,47.911982983350754
0.037,31,1903701130,-0.28827881813049316,1.0,1.0,7.332186387269758,47.65343712642789
0.037,32,1017961266,-0.13605637848377228,1.0,1.0,7.138492427417077,47.34070715494454
0.037,33,1497769985,0.1477009356021881,0.0,0.0,6.722962783416733,46.060062013566494
0.037,34,456523489,-0.0941634252667427,1.0,1.0,7.34170525718946,47.0001210924238
0.037,35,701095136,-0.10250067710876465,1.0,1.0,7.875577431055717,48.03801095113158
0.037,36,249069576,-0.09378112107515335,1.0,1.0,7.331497653271072,47.54899488762021
0.037,37,1576098728,-0.15007682144641876,1.0,1.0,8.109387125819921,47.947300132364035
0.037,38,1662748500,-0.18796314299106598,1.0,1.0,8.155740936752409,47.87405184470117
0.037,39,472736216,0.19099020957946777,0.0,0.0,6.4993033985374495,45.71779700927436
0.037,40,1535411295,-0.13315047323703766,1.0,1.0,7.237191138206981,46.444580890238285
0.037,41,175223003,-0.0716516450047493,1.0,1.0,7.191222397610545,47.69653384573758
0.037,42,840936862,-0.30000001192092896,1.0,1.0,7.903538301819935,47.259563114494085
0.037,43,343373188,-0.171036034822464,1.0,1.0,7.8954814448952675,47.66363091766834
0.037,44,1597751082,-0.17914798855781555,1.0,1.0,7.2372922415379435,47.86968301050365
0.037,45,730359585,-0.1039285883307457,1.0,1.0,7.222298428416252,49.071335000917315
0.037,46,1016641002,-0.06824962794780731,1.0,1.0,7.274135278654285,48.26655192300677
0.037,47,998994690,-0.14848577976226807,1.0,1.0,7.223800613661297,48.45749097876251
0.037,48,1021240743,-0.019711468368768692,1.0,1.0,7.614678560756147,48.845244105905294
0.037,49,572134801,-0.16968856751918793,1.0,1.0,7.8563590090489015,47.75430588051677
0.037,50,1198399760,-0.08114586025476456,1.0,1.0,7.045761303161271,48.001087037846446
0.037,51,1751866485,-0.07937739789485931,1.0,1.0,7.148896949132904,47.99529304727912
0.037,52,1070889713,-0.21498538553714752,1.0,1.0,7.682047081529163,47.60752199217677
0.037,53,415096539,0.21156863868236542,0.0,0.0,6.588931298581883,46.004898846149445
0.037,54,52416235,0.23553836345672607,0.0,0.0,6.695700029609725,46.0469420067966
0.037,55,278032723,-0.263458788394928,1.0,1.0,6.859440095024183,45.706278178840876
0.037,56,174946158,-0.08318234235048294,1.0,1.0,7.255837212782353,47.8576528839767
0.037,57,196848554,0.20363552868366241,0.0,0.0,6.716384754981846,45.66743317991495
0.037,58,263030910,-0.1913292109966278,1.0,1.0,8.222945346497,45.95587495714426
0.037,59,1285415020,-0.288729190826416,1.0,1.0,7.363106820732355,46.823694836348295
0.037,60,1733223444,0.20547036826610565,0.0,0.0,6.435565731255338,45.99116602912545
0.037,61,1835544261,-0.024396460503339767,1.0,1.0,7.769559764186852,49.867734080180526
0.037,62,1403186970,-0.040342651307582855,1.0,1.0,7.622253159759566,47.48443095013499
0.037,63,1291971777,-0.296705424785614,1.0,1.0,6.920275795971975,48.1302950065583
0.037,64,712292067,-0.1570252776145935,1.0,1.0,7.8423485670937225,48.61766821704805
0.037,65,2001429764,0.035425275564193726,0.0,0.0,7.511540381005034,47.60098899714649
0.037,66,1375664061,-0.12790650129318237,1.0,1.0,8.218957617296837,46.9063192140311
0.037,67,1556456120,0.23470698297023773,0.0,0.0,6.407714466680773,47.8030547965318
0.037,68,1576053187,-0.07519718259572983,1.0,1.0,7.8262671360280365,48.1435910332948
0.037,69,1848019881,-0.11744000017642975,1.0,1.0,7.345719399745576,48.437442164868116
0.037,70,1508652585,-0.05165029689669609,1.0,1.0,7.221141345566139,47.991101164370775
0.037,71,1995737731,0.283333420753479,0.0,0.0,6.454872012720443,46.02130991406739
0.037,72,1162788447,-0.03668509051203728,1.0,1.0,7.875403907499276,46.27361614257097
0.037,73,1172925522,-0.017823727801442146,1.0,1.0,7.467248643166386,48.00459207035601
0.037,74,539174575,-0.06399980187416077,1.0,1.0,7.768162513966672,47.926739091053605
0.037,75,2013637345,0.12601067125797272,0.0,0.0,7.40471698786132,47.40523896180093
0.037,76,1187468716,-0.006215691100805998,1.0,1.0,7.975782918394543,47.32718481682241
0.037,77,1062978506,0.252899706363678,0.0,0.0,6.832418100791983,47.687571961432695
0.037,78,679326770,-0.022464632987976074,1.0,1.0,7.802775862277485,48.48827701061964
0.037,79,587923432,0.007671887055039406,0.0,0.0,8.77380999212619,49.11633813753724
0.037,80,1359889667,-0.04970039427280426,1.0,1.0,7.1320273271994665,48.39946492575109
0.037,81,970187386,-0.04064273461699486,1.0,1.0,7.875947740511037,48.178191063925624
0.037,82,1219839873,0.041199471801519394,0.0,0.0,7.845983485691249,48.05003711953759
0.037,83,1428160212,0.2794867753982544,0.0,0.0,6.56446009024512,49.544387962669134
0.037,84,1930609499,-0.035296231508255005,1.0,1.0,7.892212238279171,49.284364096820354
0.037,85,710582861,-0.03091789409518242,1.0,1.0,7.728221528814174,46.13101086579263
0.037,86,1463614337,-0.08145422488451004,1.0,1.0,7.075942165683955,47.74362500756979
0.037,87,1940152705,-0.2851402163505554,1.0,1.0,7.42149804008659,47.762850066646934
0.037,88,985452196,-0.018716126680374146,1.0,1.0,7.830866328324191,48.38259192183614
0.037,89,552062587,0.21615536510944366,0.0,0.0,6.478289155289531,48.05470607243478
0.037,90,623566272,-0.026438048109412193,1.0,1.0,7.255882472381927,49.21764088794589
0.037,91,729775797,0.06243886053562164,0.0,0.0,7.400208451319486,46.59474198706448
0.037,92,1352536665,-0.1466425657272339,1.0,1.0,7.310844316729344,45.85977108217776
0.037,93,555883440,-0.03919236734509468,1.0,1.0,8.71225414890796,45.45595101080835
0.037,94,1801800003,-0.012485061772167683,1.0,1.0,7.892562655266374,46.059695072472095
0.037,95,763315502,-0.0036338414065539837,1.0,1.0,8.353792325011455,47.100376104936004
0.037,96,138897982,-0.30000001192092896,1.0,1.0,7.981634696829133,46.64026596583426
0.037,97,10785379,-0.20134076476097107,1.0,1.0,7.6955110939452425,46.92033492028713
0.037,98,53923185,0.004605266265571117,0.0,0.0,7.763219444197603,47.41477919742465
0.037,99,1349917978,0.2057449370622635,0.0,0.0,6.459657937753946,60.58931699953973
0.038,0,1501552845,0.23889364302158356,0.0,0.0,6.515252304030582,46.88148805871606
0.038,1,488200390,-0.11367872357368469,1.0,1.0,7.815662079374306,45.866025146096945
0.038,2,1693606510,-0.12605510652065277,1.0,1.0,7.5540500790812075,45.363918878138065
0.038,3,680233354,-0.16483299434185028,1.0,1.0,7.7827541885199025,45.361276948824525
0.038,4,438466540,-0.0012088812654837966,1.0,1.0,8.035066058742814,46.42215394414961
0.038,5,1712329280,-0.054985880851745605,1.0,1.0,8.154868835699745,46.269085025414824
0.038,6,1380152455,-0.24812953174114227,1.0,1.0,7.280567434150726,45.913328882306814
0.038,7,1452245846,-0.09628086537122726,1.0,1.0,7.228173826239072,46.137933852151036
0.038,8,2122694021,-0.03466588258743286,1.0,1.0,8.454362493241206,46.736499993130565
0.038,9,839901363,-0.13356982171535492,1.0,1.0,7.832789015723392,46.929663978517056
0.038,10,1802651552,-0.1589854210615158,1.0,1.0,7.0727329280925915,45.640177791938186
0.038,11,714712467,-0.25032302737236023,1.0,1.0,7.792827152763493,47.259436920285225
0.038,12,1218704077,-0.15973904728889465,1.0,1.0,7.769330111681484,46.048418851569295
0.038,13,1284858263,-0.21132943034172058,1.0,1.0,7.671949026058428,46.354512916877866
0.038,14,457721135,-0.1210591122508049,1.0,1.0,7.881367422873154,45.52197502925992
0.038,15,401008609,-0.16695751249790192,1.0,1.0,7.362378367455676,45.14716798439622
0.038,16,492064534,-0.1412532925605774,1.0,1.0,7.121140850358643,45.638559851795435
0.038,17,1444732602,-0.09286411106586456,1.0,1.0,7.237967607448809,46.417935052886605
0.038,18,1317426686,-0.2153269350528717,1.0,1.0,7.913999152020551,45.67841812968254
0.038,19,2022506251,-0.16267666220664978,1.0,1.0,7.904583213850856,45.91648303903639
0.038,20,1516459118,0.015379905700683594,0.0,0.0,7.733156363014132,46.51279700919986
0.038,21,533103612,-0.1422964185476303,1.0,1.0,7.1838527920190245,46.55778198502958
0.038,22,1964759878,0.002323421649634838,0.0,0.0,7.825276209623553,46.80261411704123
0.038,23,2037706756,0.1845582276582718,0.0,0.0,6.923145931796171,50.73214415460825
0.038,24,1572889065,-0.06951270997524261,1.0,1.0,7.1766302799806,51.502072950825095
0.038,25,1432881518,-0.0790313258767128,1.0,1.0,7.184687279979698,48.42617688700557
0.038,26,280516901,-0.25677207112312317,1.0,1.0,7.1118806906742975,47.31775284744799
0.038,27,205939248,-0.043987520039081573,1.0,1.0,7.957035623025149,47.33458301052451
0.038,28,571904914,-0.08979625999927521,1.0,1.0,7.323313312139362,50.65871891565621
0.038,29,948843457,-0.02245587855577469,1.0,1.0,7.484999429900199,48.61712199635804
0.038,30,155492488,0.1697794795036316,0.0,0.0,6.5610461719334126,48.65404893644154
0.038,31,1903701130,-0.1288982778787613,1.0,1.0,7.137159322039224,47.11224208585918
0.038,32,1017961266,-0.000939041143283248,1.0,1.0,7.8727929641027,46.48393299430609
0.038,33,1497769985,0.15585727989673615,0.0,0.0,6.659609124646522,47.28232603520155
0.038,34,456523489,-0.0525963120162487,1.0,1.0,7.266395354643464,46.34491400793195
0.038,35,701095136,-0.07471711188554764,1.0,1.0,7.438373739016242,47.0457561314106
0.038,36,249069576,-0.13329648971557617,1.0,1.0,7.670286767184734,47.237684950232506
0.038,37,1576098728,-0.06307410448789597,1.0,1.0,7.8537277148570865,47.1983440220356
0.038,38,1662748500,-0.046321626752614975,1.0,1.0,7.371800261316821,46.32684797979891
0.038,39,472736216,0.2033938616514206,0.0,0.0,6.513064322643913,46.81318695656955
0.038,40,1535411295,-0.1663288176059723,1.0,1.0,7.324665202992037,47.47725301422179
0.038,41,175223003,-0.033437877893447876,1.0,1.0,7.02861816668883,47.237351071089506
0.038,42,840936862,-0.26900988817214966,1.0,1.0,7.245624998118728,48.00758603960276
0.038,43,343373188,-0.16275563836097717,1.0,1.0,8.072121860692278,48.108326038345695
0.038,44,1597751082,0.011790911667048931,0.0,0.0,7.1832193325972185,49.31117594242096
0.038,45,730359585,-0.184190571308136,1.0,1.0,8.267791445599869,48.3534459490329
0.038,46,1016641002,-0.08985034376382828,1.0,1.0,7.207964116008952,47.619065968319774
0.038,47,998994690,-0.16399145126342773,1.0,1.0,7.143288149731234,48.48497803322971
0.038,48,1021240743,-0.194503515958786,1.0,1.0,7.808773218654096,47.696398105472326
0.038,49,572134801,-0.08657465875148773,1.0,1.0,7.288410891662352,48.06066979654133
0.038,50,1198399760,-0.09793351590633392,1.0,1.0,7.9000049096066505,48.22273412719369
0.038,51,1751866485,-0.16971589624881744,1.0,1.0,7.139728685724549,46.701244078576565
0.038,52,1070889713,-0.21956634521484375,1.0,1.0,7.928795419167727,46.40365415252745
0.038,53,415096539,0.2125321924686432,0.0,0.0,6.614785775076598,46.20573902502656
0.038,54,52416235,0.24223746359348297,0.0,0.0,6.697779182111844,46.2936379481107
0.038,55,278032723,-0.23232947289943695,1.0,1.0,7.346340617048554,47.12837003171444
0.038,56,174946158,0.05908134579658508,0.0,0.0,7.395883854595013,46.15099588409066
0.038,57,196848554,0.20894141495227814,0.0,0.0,6.729042481863871,46.05891299434006
0.038,58,263030910,-0.20063047111034393,1.0,1.0,8.15523404139094,46.642953995615244
0.038,59,1285415020,-0.24073955416679382,1.0,1.0,7.4748572667595,46.41851503401995
0.038,60,1733223444,0.19863276183605194,0.0,0.0,6.503138825763017,49.61057798936963
0.038,61,1835544261,0.22842620313167572,0.0,0.0,6.801300777704455,47.5746588781476
0.038,62,1403186970,0.25009068846702576,0.0,0.0,7.600843762978911,47.302420949563384
0.038,63,1291971777,0.21118317544460297,0.0,0.0,6.712848974973895,47.7441952098161
0.038,64,712292067,-0.0947207659482956,1.0,1.0,7.969711362151429,46.9364698510617
0.038,65,2001429764,-0.009194762445986271,1.0,1.0,7.192430816357955,46.890367986634374
0.038,66,1375664061,-0.09835268557071686,1.0,1.0,7.490853478433564,46.86075798235834
0.038,67,1556456120,0.24091865122318268,0.0,0.0,6.417096112854779,48.014537896960974
0.038,68,1576053187,-0.11395707726478577,1.0,1.0,8.083914369344711,48.18781721405685
0.038,69,1848019881,-0.015221919864416122,1.0,1.0,7.3701151623390615,46.815345995128155
0.038,70,1508652585,-0.12280025333166122,1.0,1.0,7.1316877187928185,45.84571719169617
0.038,71,1995737731,0.2902204692363739,0.0,0.0,6.481617449899204,45.552348950877786
0.038,72,1162788447,-0.11355028301477432,1.0,1.0,7.292863635229878,46.86587490141392
0.038,73,1172925522,-0.1271580010652542,1.0,1.0,8.10334554570727,47.22420498728752
0.038,74,539174575,-0.2764895260334015,1.0,1.0,7.361805186490528,46.38989712111652
0.038,75,2013637345,0.20917168259620667,0.0,0.0,6.64094554039184,46.58186808228493
0.038,76,1187468716,0.038212697952985764,0.0,0.0,7.798648611526005,47.312455950304866
0.038,77,1062978506,-0.23681996762752533,1.0,1.0,7.440824022633024,48.400674015283585
0.038,78,679326770,-0.08463204652070999,1.0,1.0,7.159866223460995,48.51872497238219
0.038,79,587923432,-0.10098492354154587,1.0,1.0,8.067890619393438,47.45920584537089
0.038,80,1359889667,-0.15350985527038574,1.0,1.0,7.612383246305399,48.640979919582605
0.038,81,970187386,-0.07642864435911179,1.0,1.0,7.310338762938045,48.77266590483487
0.038,82,1219839873,-0.0037160078063607216,1.0,1.0,8.287262089783326,48.945693066343665
0.038,83,1428160212,0.2903779149055481,0.0,0.0,6.527686905232258,49.98081014491618
0.038,84,1930609499,-0.23823413252830505,1.0,1.0,8.092751753865741,46.76452116109431
0.038,85,710582861,-0.20600681006908417,1.0,1.0,7.934683368774131,47.576311975717545
0.038,86,1463614337,-0.09552720189094543,1.0,1.0,7.2276462310692295,47.92557586915791
0.038,87,1940152705,-0.2916065752506256,1.0,1.0,7.127558003878221,49.58119289949536
0.038,88,985452196,-0.0040268367156386375,1.0,1.0,7.479410550324246,48.21691382676363
0.038,89,552062587,0.22353801131248474,0.0,0.0,6.540566996671259,49.90068497136235
0.038,90,623566272,0.05814783647656441,0.0,0.0,8.243846837431192,59.00070886127651
0.038,91,729775797,-0.16930150985717773,1.0,1.0,8.21861512272153,46.8255989253521
0.038,92,1352536665,-0.16191771626472473,1.0,1.0,7.169155555777252,46.491862973198295
0.038,93,555883440,-0.1861899346113205,1.0,1.0,8.043077327311039,46.513432171195745
0.038,94,1801800003,-0.0571298785507679,1.0,1.0,7.764168669236824,46.77080293186009
0.038,95,763315502,-0.0856206938624382,1.0,1.0,7.950076656998135,48.39434614405036
0.038,96,138897982,-0.2527610957622528,1.0,1.0,7.375895564444363,51.19444616138935
0.038,97,10785379,-0.19060592353343964,1.0,1.0,7.730543768964708,48.43355994671583
0.038,98,53923185,-0.09106583148241043,1.0,1.0,7.403946167556569,47.402260126546025
0.038,99,1349917978,0.21536731719970703,0.0,0.0,6.45876508729998,48.24001016095281
0.039,0,1501552845,0.27000051736831665,0.0,0.0,6.443578171310946,46.9113711733371
0.039,1,488200390,0.14430050551891327,0.0,0.0,6.7816657157382,48.32026408985257
0.039,2,1693606510,-0.10068352520465851,1.0,1.0,7.52505798288621,48.889914993196726
0.039,3,680233354,-0.07253473997116089,1.0,1.0,7.171238669427112,48.55538089759648
0.039,4,438466540,-0.08879456669092178,1.0,1.0,7.950591149856336,46.63202888332307
0.039,5,1712329280,0.030017944052815437,0.0,0.0,8.250255866209045,47.57299297489226
0.039,6,1380152455,-0.2811811864376068,1.0,1.0,7.1874919512774795,47.43245197460055
0.039,7,1452245846,-0.17505882680416107,1.0,1.0,7.359224931104109,47.65384690836072
0.039,8,2122694021,-0.017679588869214058,1.0,1.0,8.185232933610678,46.46272701211274
0.039,9,839901363,-0.24943098425865173,1.0,1.0,7.383433506125584,47.37455607391894
0.039,10,1802651552,-0.18691837787628174,1.0,1.0,8.010199291980825,47.48460091650486
0.039,11,714712467,-0.038247834891080856,1.0,1.0,8.003694426850416,46.41590896062553
0.039,12,1218704077,-0.10076072067022324,1.0,1.0,7.593577417777851,46.38681490905583
0.039,13,1284858263,0.09103289246559143,0.0,0.0,8.289216027827933,46.52125993743539
0.039,14,457721135,-0.08126621693372726,1.0,1.0,7.240075051784515,47.35949984751642
0.039,15,401008609,0.0700618326663971,0.0,0.0,8.305131557048298,46.30080587230623
0.039,16,492064534,-0.14153911173343658,1.0,1.0,7.867162356618792,46.90349311567843
0.039,17,1444732602,-0.16206300258636475,1.0,1.0,7.9283605380915105,47.09620797075331
0.039,18,1317426686,-0.07815244048833847,1.0,1.0,8.920129308360629,48.743318067863584
0.039,19,2022506251,0.00904131680727005,0.0,0.0,7.310807375819422,48.27633104287088
0.039,20,1516459118,-0.04326633736491203,1.0,1.0,7.685502544860356,48.49596880376339
0.039,21,533103612,-0.1833677738904953,1.0,1.0,7.280200887937099,48.56108617968857
0.039,22,1964759878,0.013799221254885197,0.0,0.0,7.719689523568377,47.7964801248163
0.039,23,2037706756,0.19542044401168823,0.0,0.0,6.878530770074576,47.76161792688072
0.039,24,1572889065,-0.02145661786198616,1.0,1.0,7.34657161438372,47.3897319752723
0.039,25,1432881518,-0.06494610756635666,1.0,1.0,7.273745233891532,48.41277515515685
0.039,26,280516901,-0.1052798330783844,1.0,1.0,8.136960431351326,53.10119083151221
0.039,27,205939248,-0.30000001192092896,1.0,1.0,9.288310330128297,46.881568152457476
0.039,28,571904914,-0.034876782447099686,1.0,1.0,7.199791737017222,47.84420388750732
0.039,29,948843457,-0.0073349629528820515,1.0,1.0,7.513733616215177,47.89638100191951
0.039,30,155492488,0.18251188099384308,0.0,0.0,6.462757142609917,47.351818066090345
0.039,31,1903701130,-0.14945583045482635,1.0,1.0,7.178895192453638,48.39149699546397
0.039,32,1017961266,-0.1815524846315384,1.0,1.0,8.13872074347455,50.8590629324317
0.039,33,1497769985,0.1649055927991867,0.0,0.0,6.737850327161141,48.584036994725466
0.039,34,456523489,0.029385030269622803,0.0,0.0,8.02290141407866,52.35910415649414
0.039,35,701095136,-0.23488597571849823,1.0,1.0,8.133291114587337,50.06534093990922
0.039,36,249069576,-0.08193821460008621,1.0,1.0,7.22826516837813,50.064048962667584
0.039,37,1576098728,-0.022809019312262535,1.0,1.0,7.287235877942294,47.686100006103516
0.039,38,1662748500,-0.04546983912587166,1.0,1.0,7.9804005936020985,46.7272880487144
0.039,39,472736216,0.20162276923656464,0.0,0.0,6.545546204666607,46.78918491117656
0.039,40,1535411295,-0.2268790602684021,1.0,1.0,7.284780409769155,47.95155697502196
0.039,41,175223003,-0.006758641917258501,1.0,1.0,7.792233124608174,48.28006285242736
0.039,42,840936862,-0.020237985998392105,1.0,1.0,8.451097192708403,47.48560395091772
0.039,43,343373188,-0.06234459951519966,1.0,1.0,7.8999328397912905,51.98465893045068
0.039,44,1597751082,-0.04783261567354202,1.0,1.0,7.360970692359842,53.56433801352978
0.039,45,730359585,-0.07238826155662537,1.0,1.0,7.089033223572187,46.90187401138246
0.039,46,1016641002,0.0027700902428478003,0.0,0.0,7.671593170147389,46.55174585059285
0.039,47,998994690,-0.2061946839094162,1.0,1.0,7.247374927857891,46.62521509453654
0.039,48,1021240743,-0.07388930022716522,1.0,1.0,7.3667508265934885,46.0724588483572
0.039,49,572134801,-0.19168639183044434,1.0,1.0,7.466713043511845,46.199521981179714
0.039,50,1198399760,0.24487818777561188,0.0,0.0,6.5946586325298995,46.415121061727405
0.039,51,1751866485,-0.1300167590379715,1.0,1.0,7.1417494209017605,47.324636951088905
0.039,52,1070889713,-0.2613712549209595,1.0,1.0,8.031745186890475,48.74550900422037
0.039,53,415096539,0.225090891122818,0.0,0.0,6.620098526123911,46.197846066206694
0.039,54,52416235,0.25446009635925293,0.0,0.0,6.698143865796737,46.761083183810115
0.039,55,278032723,0.02021006867289543,0.0,0.0,8.262043548282236,49.38917001709342
0.039,56,174946158,0.05291786789894104,0.0,0.0,7.719144486123696,48.93619380891323
0.039,57,196848554,0.21845440566539764,0.0,0.0,6.737247386132367,47.55617002956569
0.039,58,263030910,-0.014989187940955162,1.0,1.0,8.7034312968608,47.37150017172098
0.039,59,1285415020,-0.26758795976638794,1.0,1.0,7.348763146903366,49.05091295950115
0.039,60,1733223444,0.19678173959255219,0.0,0.0,6.607055585714988,47.389011131599545
0.039,61,1835544261,0.24444569647312164,0.0,0.0,6.750278947409242,48.74680214561522
0.039,62,1403186970,-0.03835891932249069,1.0,1.0,7.556606512283906,49.0183518268168
0.039,63,1291971777,0.21893121302127838,0.0,0.0,6.674729870050214,48.87751000933349
0.039,64,712292067,-0.0999637022614479,1.0,1.0,7.960716033237986,49.07786403782666
0.039,65,2001429764,-0.08063295483589172,1.0,1.0,7.891560275107622,49.84167986549437
0.039,66,1375664061,-0.044152241200208664,1.0,1.0,7.08149201143533,49.523697001859546
0.039,67,1556456120,0.24468488991260529,0.0,0.0,6.43090233055409,49.59083697758615
0.039,68,1576053187,-0.041610363870859146,1.0,1.0,7.455637245671824,48.95467986352742
0.039,69,1848019881,-0.13515521585941315,1.0,1.0,7.440668755094521,51.351262954995036
0.039,70,1508652585,-0.24585272371768951,1.0,1.0,7.882136679254472,51.84788885526359
0.039,71,1995737731,0.27419719099998474,0.0,0.0,6.460871609975584,48.94207185134292
0.039,72,1162788447,-0.23308351635932922,1.0,1.0,7.217374086030759,48.29298285767436
0.039,73,1172925522,-0.12508390843868256,1.0,1.0,7.095670490991324,49.317480996251106
0.039,74,539174575,-0.2445627897977829,1.0,1.0,7.277665638481267,48.37137018330395
0.039,75,2013637345,0.21673686802387238,0.0,0.0,6.675487959990278,47.80129692517221
0.039,76,1187468716,-0.26909443736076355,1.0,1.0,7.0890982549171895,48.75692701898515
0.039,77,1062978506,0.033038217574357986,0.0,0.0,8.310112906619906,49.43946492858231
0.039,78,679326770,-0.05976036563515663,1.0,1.0,7.764463023748249,48.619106877595186
0.039,79,587923432,0.00660126144066453,0.0,0.0,7.95727136626374,48.41204406693578
0.039,80,1359889667,-0.07448513060808182,1.0,1.0,7.093966706306674,52.571834065020084
0.039,81,970187386,-0.22926568984985352,1.0,1.0,7.420014470233582,48.38423687033355
0.039,82,1219839873,-0.019501013681292534,1.0,1.0,7.67975790577475,47.95299097895622
0.039,83,1428160212,0.2978235185146332,0.0,0.0,6.548067834111862,47.39253595471382
0.039,84,1930609499,-0.05950921028852463,1.0,1.0,7.2562706831377,49.15110394358635
0.039,85,710582861,-0.108442023396492,1.0,1.0,7.158278196351603,47.83366504125297
0.039,86,1463614337,0.21153128147125244,0.0,0.0,8.199489701073617,46.28340410999954
0.039,87,1940152705,-0.14933191239833832,1.0,1.0,7.588698946987279,45.98772316239774
0.039,88,985452196,-0.01724660024046898,1.0,1.0,7.774786186288111,50.963483983650804
0.039,89,552062587,0.24796323478221893,0.0,0.0,6.594465486239642,45.78405315987766
0.039,90,623566272,0.0290482509881258,0.0,0.0,7.776488564792089,46.434370102360845
0.039,91,729775797,-0.13895480334758759,1.0,1.0,7.2600573427043855,47.21438093110919
0.039,92,1352536665,-0.11811252683401108,1.0,1.0,7.456204780144617,45.814367942512035
0.039,93,555883440,-0.0008360582869499922,1.0,1.0,8.261625049170107,45.890572015196085
0.039,94,1801800003,-0.20237283408641815,1.0,1.0,7.965913042426109,45.22644099779427
0.039,95,763315502,-0.04415760189294815,1.0,1.0,8.083219262538478,45.94978899694979
0.039,96,138897982,-0.30000001192092896,1.0,1.0,7.92059289442841,45.533721102401614
0.039,97,10785379,-0.0016195180360227823,1.0,1.0,8.379249371122569,45.342447934672236
0.039,98,53923185,-0.14513076841831207,1.0,1.0,7.9455085947411135,45.761380111798644
0.039,99,1349917978,0.22385454177856445,0.0,0.0,6.449783708900213,45.75128806754947
0.04,0,1501552845,0.2520352602005005,0.0,0.0,6.542056970181875,51.91109282895923
0.04,1,488200390,0.17360758781433105,0.0,0.0,6.710773966740817,69.53653995878994
0.04,2,1693606510,-0.21442772448062897,1.0,1.0,8.304145050467923,48.751359106972814
0.04,3,680233354,-0.10898095369338989,1.0,1.0,8.007505468674935,46.86837503686547
0.04,4,438466540,-0.06737341731786728,1.0,1.0,7.249908935278654,46.98042804375291
0.04,5,1712329280,-0.20290575921535492,1.0,1.0,7.558479724568315,47.078548930585384
0.04,6,1380152455,-0.2931094169616699,1.0,1.0,7.288909017224796,48.178702127188444
0.04,7,1452245846,-0.1537870317697525,1.0,1.0,8.113283923827112,47.114048153162
0.04,8,2122694021,0.004553576931357384,0.0,0.0,8.31920733093284,46.64339986629784
0.04,9,839901363,-0.03515373170375824,1.0,1.0,7.727804887574166,46.86744813807309
0.04,10,1802651552,-0.06283266097307205,1.0,1.0,7.782985200290568,46.19351006112993
0.04,11,714712467,0.001199076883494854,0.0,0.0,8.071627712692134,46.473291935399175
0.04,12,1218704077,-0.1410682201385498,1.0,1.0,7.66337155806832,46.594674000516534
0.04,13,1284858263,-0.09813880175352097,1.0,1.0,7.229681299999356,47.34381102025509
0.04,14,457721135,-0.06289228796958923,1.0,1.0,7.859963939292356,46.05579003691673
0.04,15,401008609,-0.0872926414012909,1.0,1.0,7.262532270513475,47.40266897715628
0.04,16,492064534,0.2068944275379181,0.0,0.0,6.7550643080612645,47.45814483612776
0.04,17,1444732602,-0.16981282830238342,1.0,1.0,7.305377199198119,48.77083306200802
0.04,18,1317426686,-0.1666024923324585,1.0,1.0,8.483266340917908,48.86903311125934
0.04,19,2022506251,-0.013727436773478985,1.0,1.0,7.864067444577813,48.499805852770805
0.04,20,1516459118,-0.06725651770830154,1.0,1.0,7.325571247143671,48.42278198339045
0.04,21,533103612,-0.06691945344209671,1.0,1.0,7.240996661130339,47.684445045888424
0.04,22,1964759878,-0.007684928830713034,1.0,1.0,8.003656808985397,47.79792809858918
0.04,23,2037706756,0.20402079820632935,0.0,0.0,6.8234378304332495,48.48489607684314
0.04,24,1572889065,-0.15643632411956787,1.0,1.0,7.377862879424356,49.28835295140743
0.04,25,1432881518,-0.1581234633922577,1.0,1.0,7.1732856028247625,46.58995708450675
0.04,26,280516901,0.09231217205524445,0.0,0.0,7.503669274505228,47.48505889438093
0.04,27,205939248,0.07136163860559464,0.0,0.0,8.22957933798898,48.532122978940606
0.04,28,571904914,-0.1896146982908249,1.0,1.0,7.950437333667651,47.8869320359081
0.04,29,948843457,-0.23989473283290863,1.0,1.0,8.200753898709081,47.404679004102945
0.04,30,155492488,0.20671647787094116,0.0,0.0,6.572712196968496,48.30962186679244
0.04,31,1903701130,-0.24032500386238098,1.0,1.0,7.348513546749018,50.41654105298221
0.04,32,1017961266,-0.13073669373989105,1.0,1.0,7.230271619511768,48.771720146760345
0.04,33,1497769985,0.1780063658952713,0.0,0.0,6.793429914978333,51.567177986726165
0.04,34,456523489,0.234573096036911,0.0,0.0,6.714165971963666,49.68919907696545
0.04,35,701095136,-0.08328402042388916,1.0,1.0,7.3422969753155485,49.33981108479202
0.04,36,249069576,-0.11072653532028198,1.0,1.0,7.27687990211416,46.87240696512163
0.04,37,1576098728,-0.18533262610435486,1.0,1.0,7.97957804100588,47.146575059741735
0.04,38,1662748500,-0.1739693433046341,1.0,1.0,8.250912268646061,46.127224108204246
0.04,39,472736216,0.19634677469730377,0.0,0.0,6.585185617324896,47.73261793889105
0.04,40,1535411295,-0.16801230609416962,1.0,1.0,7.289625069126487,48.47907600924373
0.04,41,175223003,-0.19179657101631165,1.0,1.0,7.220678844023496,47.5738188251853
0.04,42,840936862,0.04648182541131973,0.0,0.0,8.087235667044297,51.631893031299114
0.04,43,343373188,-0.08269494026899338,1.0,1.0,7.409644353785552,53.768330020830035
0.04,44,1597751082,-0.16218449175357819,1.0,1.0,7.871011896640994,46.27476097084582
0.04,45,730359585,-0.019475240260362625,1.0,1.0,8.70340865792241,45.88784300722182
0.04,46,1016641002,-0.1270362287759781,1.0,1.0,7.232825885526836,45.47989717684686
0.04,47,998994690,-0.025397634133696556,1.0,1.0,7.333727324265055,45.7913710270077
0.04,48,1021240743,-0.14839138090610504,1.0,1.0,8.178260978427716,45.728025026619434
0.04,49,572134801,-0.10867305099964142,1.0,1.0,7.252975750598125,46.16177291609347
0.04,50,1198399760,0.2526779770851135,0.0,0.0,6.64489198254887,46.934284968301654
0.04,51,1751866485,-0.14662747085094452,1.0,1.0,8.019167187507264,47.1714090090245
0.04,52,1070889713,-0.07841956615447998,1.0,1.0,7.124769817921333,45.78986810520291
0.04,53,415096539,0.23140768706798553,0.0,0.0,6.616641780012287,47.18009592033923
0.04,54,52416235,0.266181617975235,0.0,0.0,6.689400846720673,49.1744140163064
0.04,55,278032723,0.039899591356515884,0.0,0.0,7.63768143823836,48.78109507262707
0.04,56,174946158,-0.15681229531764984,1.0,1.0,7.489190323743969,46.65261600166559
0.04,57,196848554,0.21961556375026703,0.0,0.0,6.744399338960648,48.599161207675934
0.04,58,263030910,-0.09698295593261719,1.0,1.0,7.844055294175632,48.601264134049416
0.04,59,1285415020,-0.07128626853227615,1.0,1.0,7.859838745323941,46.996189979836345
0.04,60,1733223444,0.20800599455833435,0.0,0.0,6.596964020514861,48.812707187607884
0.04,61,1835544261,0.2620587944984436,0.0,0.0,6.7764165924163535,48.95428498275578
0.04,62,1403186970,-0.14674226939678192,1.0,1.0,7.3973954358370975,48.30945795401931
0.04,63,1291971777,0.23972205817699432,0.0,0.0,6.585712527157739,48.96848602220416
0.04,64,712292067,-0.11115927249193192,1.0,1.0,7.343147980514914,49.85957103781402
0.04,65,2001429764,0.03066221997141838,0.0,0.0,8.046824982971884,49.40687492489815
0.04,66,1375664061,-0.1873641461133957,1.0,1.0,7.370268476544879,49.10334013402462
0.04,67,1556456120,0.2476634532213211,0.0,0.0,6.427416300284676,48.68960101157427
0.04,68,1576053187,-0.04407213628292084,1.0,1.0,7.311055255122483,49.2366561666131
0.04,69,1848019881,-0.14035700261592865,1.0,1.0,7.426996065303683,51.293777069076896
0.04,70,1508652585,0.09414581954479218,0.0,0.0,8.00220588746015,48.72652399353683
0.04,71,1995737731,0.27689647674560547,0.0,0.0,6.503808839945123,48.8675138913095
0.04,72,1162788447,-0.1931704729795456,1.0,1.0,7.599988567642868,48.908946104347706
0.04,73,1172925522,-0.20521824061870575,1.0,1.0,7.221415083273314,48.43006609007716
0.04,74,539174575,0.18334411084651947,0.0,0.0,7.42778496502433,47.72439692169428
0.04,75,2013637345,0.21876274049282074,0.0,0.0,6.711687011527829,49.10589987412095
0.04,76,1187468716,-0.30000001192092896,1.0,1.0,7.4320942759513855,49.081381876021624
0.04,77,1062978506,-0.26791173219680786,1.0,1.0,7.421169645618647,48.39826188981533
0.04,78,679326770,-0.12005610018968582,1.0,1.0,7.166746316826902,47.84177499823272
0.04,79,587923432,-0.1457553654909134,1.0,1.0,8.09445829805918,47.97150590457022
0.04,80,1359889667,-0.25407174229621887,1.0,1.0,7.844989137840457,47.8872898966074
0.04,81,970187386,-0.22325873374938965,1.0,1.0,7.603539937757887,47.859907848760486
0.04,82,1219839873,0.1731501817703247,0.0,0.0,6.574168869294226,47.66636295244098
0.04,83,1428160212,0.3098052740097046,0.0,0.0,6.514642512309365,48.95431292243302
0.04,84,1930609499,-0.07067298889160156,1.0,1.0,7.3881447745952755,47.197707928717136
0.04,85,710582861,-0.14121326804161072,1.0,1.0,7.362519085523672,45.80721096135676
0.04,86,1463614337,-0.0839974582195282,1.0,1.0,7.855409081093967,45.71229894645512
0.04,87,1940152705,0.018293946981430054,0.0,0.0,8.135440206853673,46.269827987998724
0.04,88,985452196,-0.16817811131477356,1.0,1.0,7.471683216630481,45.016145100817084
0.04,89,552062587,0.2536885738372803,0.0,0.0,6.611180047504604,45.52974202670157
0.04,90,623566272,-0.035442013293504715,1.0,1.0,7.850265804794617,45.97533191554248
0.04,91,729775797,-0.14768508076667786,1.0,1.0,7.846319184754975,45.57484504766762
0.04,92,1352536665,-0.14129219949245453,1.0,1.0,7.294774553272873,46.509322011843324
0.04,93,555883440,-0.13766060769557953,1.0,1.0,8.126141433720477,46.39430204406381
0.04,94,1801800003,-0.1516009271144867,1.0,1.0,8.434950218303129,47.14328912086785
0.04,95,763315502,-0.10876162350177765,1.0,1.0,8.345721619785763,46.34887399151921
0.04,96,138897982,-0.2998044490814209,1.0,1.0,7.3258169398177415,46.527698170393705
0.04,97,10785379,-0.015214214101433754,1.0,1.0,8.549575694953091,46.054462902247906
0.04,98,53923185,-0.15546460449695587,1.0,1.0,7.183568242122419,45.06041808053851
0.04,99,1349917978,0.22813475131988525,0.0,0.0,6.4100541392108425,45.51536892540753
0.041,0,1501552845,0.2595381736755371,0.0,0.0,6.563066940521821,48.53801615536213
0.041,1,488200390,0.1870388239622116,0.0,0.0,6.758196027483791,49.44864893332124
0.041,2,1693606510,-0.062242742627859116,1.0,1.0,7.226366112590767,47.87624813616276
0.041,3,680233354,-0.1372954100370407,1.0,1.0,7.738427374162711,47.95938287861645
0.041,4,438466540,-0.2227269411087036,1.0,1.0,7.170740063418634,47.98787506297231
0.041,5,1712329280,0.0352657213807106,0.0,0.0,7.7634618625743315,48.543116077780724
0.041,6,1380152455,-0.22794942557811737,1.0,1.0,7.180570449330844,47.9391620028764
0.041,7,1452245846,-0.10191584378480911,1.0,1.0,8.07914963515941,47.242483822628856
0.041,8,2122694021,0.08953239023685455,0.0,0.0,7.7213842428755015,48.84419799782336
0.041,9,839901363,-0.014333774335682392,1.0,1.0,7.747327667428181,47.10314096882939
0.041,10,1802651552,-0.21285608410835266,1.0,1.0,8.01901125034783,47.176745953038335
0.041,11,714712467,-0.03606315702199936,1.0,1.0,8.059688159963116,47.366271959617734
0.041,12,1218704077,-0.18880009651184082,1.0,1.0,7.688857419183478,48.50375698879361
0.041,13,1284858263,-0.11158426105976105,1.0,1.0,7.212893190328032,46.33323405869305
0.041,14,457721135,-0.10631157457828522,1.0,1.0,7.337442503194325,48.26957616023719
0.041,15,401008609,-0.13387267291545868,1.0,1.0,7.447881123167463,47.424860997125506
0.041,16,492064534,-0.13308289647102356,1.0,1.0,7.898817450623028,49.33183314278722
0.041,17,1444732602,-0.09574545174837112,1.0,1.0,7.970205464866012,48.56541892513633
0.041,18,1317426686,-0.044357627630233765,1.0,1.0,7.368230760330334,48.895435174927115
0.041,19,2022506251,-0.10203804075717926,1.0,1.0,8.171666050562635,48.762481193989515
0.041,20,1516459118,0.005489225499331951,0.0,0.0,7.935555266565643,48.14922483637929
0.041,21,533103612,-0.07451202720403671,1.0,1.0,7.300747719476931,48.398894956335425
0.041,22,1964759878,-0.036541346460580826,1.0,1.0,8.403884162311442,47.58978495374322
0.041,23,2037706756,0.2257872372865677,0.0,0.0,6.77585988282226,49.303611973300576
0.041,24,1572889065,-0.06589805334806442,1.0,1.0,7.247023592935875,47.96450701542199
0.041,25,1432881518,-0.090782530605793,1.0,1.0,7.139939435990527,47.51455900259316
0.041,26,280516901,-0.04147228226065636,1.0,1.0,8.330189814092591,47.69019200466573
0.041,27,205939248,-0.12694348394870758,1.0,1.0,7.9022410188335925,48.81503898650408
0.041,28,571904914,-0.14595186710357666,1.0,1.0,7.499738976708613,48.52878791280091
0.041,29,948843457,-0.09719674289226532,1.0,1.0,7.397643286734819,47.85255994647741
0.041,30,155492488,0.21734152734279633,0.0,0.0,6.605618356028572,50.37728510797024
0.041,31,1903701130,0.036827415227890015,0.0,0.0,7.284594180760905,49.30627206340432
0.041,32,1017961266,-0.01534044649451971,1.0,1.0,7.276354506378993,52.97123990021646
0.041,33,1497769985,0.18688270449638367,0.0,0.0,6.764224329497665,49.371084896847606
0.041,34,456523489,0.23874466121196747,0.0,0.0,6.689035977702588,48.68216882459819
0.041,35,701095136,-0.037973348051309586,1.0,1.0,8.001533018890768,47.68270393833518
0.041,36,249069576,-0.09356162697076797,1.0,1.0,7.8820100135635585,47.16359986923635
0.041,37,1576098728,-0.09861577302217484,1.0,1.0,7.086279198760167,47.24483215250075
0.041,38,1662748500,-0.01741531305015087,1.0,1.0,8.214224249939434,53.24764898978174
0.041,39,472736216,0.203573539853096,0.0,0.0,6.696643719333224,48.96821710281074
0.041,40,1535411295,-0.1766802966594696,1.0,1.0,7.967424701782875,47.28564899414778
0.041,41,175223003,-0.004020796623080969,1.0,1.0,7.89617034047842,55.083475075662136
0.041,42,840936862,0.09091102331876755,0.0,0.0,7.571377851185389,54.199433885514736
0.041,43,343373188,-0.16013993322849274,1.0,1.0,7.8648807380814105,46.68566701002419
0.041,44,1597751082,-0.1279444396495819,1.0,1.0,8.017604778404348,46.852540923282504
0.041,45,730359585,-0.17815518379211426,1.0,1.0,7.568688475294039,47.21863893792033
0.041,46,1016641002,-0.051982227712869644,1.0,1.0,7.258889104705304,46.3382201269269
0.041,47,998994690,-0.17983053624629974,1.0,1.0,8.18089584435802,46.47440812550485
0.041,48,1021240743,-0.028536345809698105,1.0,1.0,7.428782116621733,46.43987095914781
0.041,49,572134801,-0.13730013370513916,1.0,1.0,7.830478075775318,47.720870934426785
0.041,50,1198399760,0.26177728176116943,0.0,0.0,6.666238514240831,47.79412294737995
0.041,51,1751866485,-0.018382448703050613,1.0,1.0,7.50272882648278,46.726732049137354
0.041,52,1070889713,-0.13988026976585388,1.0,1.0,7.2004198170034215,47.9947729036212
0.041,53,415096539,0.2424885779619217,0.0,0.0,6.6836331124650314,49.182147020474076
0.041,54,52416235,0.2750093638896942,0.0,0.0,6.709440308972262,49.38097298145294
0.041,55,278032723,0.017717648297548294,0.0,0.0,8.06581331253983,47.53481689840555
0.041,56,174946158,0.029976289719343185,0.0,0.0,7.891411617514677,46.76655796356499
0.041,57,196848554,0.23029282689094543,0.0,0.0,6.753497339203022,49.05887902714312
0.041,58,263030910,-0.0482323057949543,1.0,1.0,7.437878868193366,48.07308595627546
0.041,59,1285415020,0.006803163792937994,0.0,0.0,8.435080822557211,48.91623603180051
0.041,60,1733223444,0.2212885320186615,0.0,0.0,6.600966161466204,49.129609018564224
0.041,61,1835544261,-0.05159016326069832,1.0,1.0,7.777699361438863,48.41908905655146
0.041,62,1403186970,0.002332184696570039,0.0,0.0,7.869534828467295,49.02070388197899
0.041,63,1291971777,0.25440362095832825,0.0,0.0,6.602046598796733,49.556906800717115
0.041,64,712292067,-0.19991610944271088,1.0,1.0,7.3397722522495314,49.865856068208814
0.041,65,2001429764,0.02680262178182602,0.0,0.0,7.9233119318960235,49.07759604975581
0.041,66,1375664061,-0.1315644085407257,1.0,1.0,7.304008158156648,48.99185197427869
0.041,67,1556456120,0.2654033601284027,0.0,0.0,6.401970256702043,51.30571383051574
0.041,68,1576053187,-0.15384936332702637,1.0,1.0,7.212722625234164,51.38635681942105
0.041,69,1848019881,-0.18174216151237488,1.0,1.0,7.424423124291934,48.928996082395315
0.041,70,1508652585,0.00336893810890615,0.0,0.0,8.443279233761132,49.802495865151286
0.041,71,1995737731,0.28629401326179504,0.0,0.0,6.507875418057665,48.80688292905688
0.041,72,1162788447,-0.08631844073534012,1.0,1.0,8.099276636959985,48.92929387278855
0.041,73,1172925522,-0.1342170536518097,1.0,1.0,7.3916975520551205,48.50563104264438
0.041,74,539174575,0.07794535905122757,0.0,0.0,7.748487492208369,49.04788895510137
0.041,75,2013637345,0.22882641851902008,0.0,0.0,6.7315111313946545,49.59658603183925
0.041,76,1187468716,-0.2991395592689514,1.0,1.0,7.473786996211857,49.22523791901767
0.041,77,1062978506,-0.25768640637397766,1.0,1.0,7.147788568516262,47.82923310995102
0.041,78,679326770,-0.23651252686977386,1.0,1.0,7.3292105426080525,48.98977605625987
0.041,79,587923432,-0.034739334136247635,1.0,1.0,8.04366436554119,48.3097149990499
0.041,80,1359889667,-0.03212016075849533,1.0,1.0,7.797871055663563,48.289419850334525
0.041,81,970187386,-0.2877739667892456,1.0,1.0,7.238745910581201,48.327257856726646
0.041,82,1219839873,0.1814577430486679,0.0,0.0,6.633708398672752,49.1130540613085
0.041,83,1428160212,0.3149451017379761,0.0,0.0,6.536171108717099,47.16292000375688
0.041,84,1930609499,-0.23185814917087555,1.0,1.0,8.243509477120824,46.415684977546334
0.041,85,710582861,0.014578595757484436,0.0,0.0,8.407689926563762,46.57094995491207
0.041,86,1463614337,-0.21332460641860962,1.0,1.0,7.768504694686271,46.641326043754816
0.041,87,1940152705,0.08896756172180176,0.0,0.0,7.8027593763545156,46.911270124837756
0.041,88,985452196,-0.1583234965801239,1.0,1.0,7.863407498574816,46.286222990602255
0.041,89,552062587,0.25932320952415466,0.0,0.0,6.622201276593842,46.59419902600348
0.041,90,623566272,0.07585405558347702,0.0,0.0,8.263995431130752,45.96013389527798
0.041,91,729775797,-0.011571834795176983,1.0,1.0,8.436020014691167,45.93581799417734
0.041,92,1352536665,-0.1489831954240799,1.0,1.0,7.313496979651973,46.892012003809214
0.041,93,555883440,-0.08269492536783218,1.0,1.0,7.920887601329014,46.32158484309912
0.041,94,1801800003,-0.09842333197593689,1.0,1.0,7.30894365219865,46.14187101833522
0.041,95,763315502,-0.13527357578277588,1.0,1.0,7.349039318738505,47.04434494487941
0.041,96,138897982,-0.2711218595504761,1.0,1.0,7.527184547740035,46.130533097311854
0.041,97,10785379,-0.1871364265680313,1.0,1.0,7.882397542707622,46.60236416384578
0.041,98,53923185,-0.09632110595703125,1.0,1.0,8.305826063267887,46.74646002240479
0.041,99,1349917978,0.24190416932106018,0.0,0.0,6.3687408389523625,48.35539101622999
0.042,0,1501552845,0.26750385761260986,0.0,0.0,6.565198824042454,46.189770102500916
0.042,1,488200390,0.20197798311710358,0.0,0.0,6.725690288469195,47.71791095845401
0.042,2,1693606510,-0.06392615288496017,1.0,1.0,7.216969306580722,47.63093707151711
0.042,3,680233354,-0.19684748351573944,1.0,1.0,7.895621813950129,46.89681809395552
0.042,4,438466540,-0.11479931324720383,1.0,1.0,7.782171602244489,45.60246388427913
0.042,5,1712329280,0.13010059297084808,0.0,0.0,7.4858992601512,50.881301052868366
0.042,6,1380152455,-0.21868102252483368,1.0,1.0,7.582140512764454,49.31082297116518
0.042,7,1452245846,-0.06817489117383957,1.0,1.0,7.2782745877048,45.757602201774716
0.042,8,2122694021,0.05234431475400925,0.0,0.0,7.638743837014772,45.85920413956046
0.042,9,839901363,-0.028176385909318924,1.0,1.0,8.137327077100053,45.304320054128766
0.042,10,1802651552,-0.04700269177556038,1.0,1.0,7.323309681029059,45.395081862807274
0.042,11,714712467,-0.20414415001869202,1.0,1.0,8.299681295175105,45.25234107859433
0.042,12,1218704077,-0.14776353538036346,1.0,1.0,7.569571055006236,46.516397036612034
0.042,13,1284858263,-0.04626455530524254,1.0,1.0,7.997832824243233,45.3612778801471
0.042,14,457721135,-0.03922662138938904,1.0,1.0,7.41484207904432,46.01720883511007
0.042,15,401008609,-0.1709212362766266,1.0,1.0,7.276292662485503,47.187404008582234
0.042,16,492064534,-0.16350486874580383,1.0,1.0,7.489880585926585,46.526012010872364
0.042,17,1444732602,-0.15000633895397186,1.0,1.0,7.802097837324254,46.81288404390216
0.042,18,1317426686,-0.013731829822063446,1.0,1.0,7.842825619038194,46.80016101337969
0.042,19,2022506251,-0.01485112588852644,1.0,1.0,7.98781175352633,46.648334013298154
0.042,20,1516459118,-0.1878194808959961,1.0,1.0,7.984678172157146,45.57665204629302
0.042,21,533103612,-0.1772502064704895,1.0,1.0,7.521448997431435,44.6537749376148
0.042,22,1964759878,-0.01727762632071972,1.0,1.0,8.37711127451621,46.011696103960276
0.042,23,2037706756,0.23048411309719086,0.0,0.0,6.75959622010123,56.33364082314074
0.042,24,1572889065,-0.21994498372077942,1.0,1.0,7.822134432964958,45.337575022131205
0.042,25,1432881518,-0.15561257302761078,1.0,1.0,7.245526039856486,44.88116316497326
0.042,26,280516901,-0.10597795248031616,1.0,1.0,8.410522492136806,47.43641894310713
0.042,27,205939248,-0.14892925322055817,1.0,1.0,7.342861698009074,45.48461292870343
0.042,28,571904914,-0.10166952013969421,1.0,1.0,7.08548691496253,45.670251129195094
0.042,29,948843457,-0.21427713334560394,1.0,1.0,7.513143722084351,46.00755893625319
0.042,30,155492488,0.21998615562915802,0.0,0.0,6.602355512441136,46.012741047888994
0.042,31,1903701130,0.07177368551492691,0.0,0.0,7.639356252737343,45.782918110489845
0.042,32,1017961266,-0.03596317768096924,1.0,1.0,7.197795964195393,45.249802991747856
0.042,33,1497769985,0.19661855697631836,0.0,0.0,6.7678829960059375,46.45117395557463
0.042,34,456523489,0.2448492795228958,0.0,0.0,6.704118165420368,45.86204490624368
0.042,35,701095136,-0.10031956434249878,1.0,1.0,7.166146111791022,45.88282690383494
0.042,36,249069576,-0.21727819740772247,1.0,1.0,8.071984892594628,45.84342008456588
0.042,37,1576098728,-0.2056053876876831,1.0,1.0,7.106714729801752,46.98751703836024
0.042,38,1662748500,0.011804827488958836,0.0,0.0,7.513400013325736,45.11493886820972
0.042,39,472736216,0.2084970921278,0.0,0.0,6.640710758045316,45.52784305997193
0.042,40,1535411295,-0.18922646343708038,1.0,1.0,7.516243871068582,47.558334888890386
0.042,41,175223003,0.10493800044059753,0.0,0.0,7.979332670336589,46.96406610310078
0.042,42,840936862,-0.06581616401672363,1.0,1.0,8.268052729545161,51.24019016511738
0.042,43,343373188,-0.13516786694526672,1.0,1.0,7.159836153034121,48.353402176871896
0.042,44,1597751082,-0.13176341354846954,1.0,1.0,7.338153665070422,46.03669000789523
0.042,45,730359585,-0.19382323324680328,1.0,1.0,7.998224772396497,46.37411399744451
0.042,46,1016641002,0.002679591765627265,0.0,0.0,7.171977436984889,48.013065941631794
0.042,47,998994690,-0.22749477624893188,1.0,1.0,7.338169651920907,47.268091002479196
0.042,48,1021240743,-0.039302974939346313,1.0,1.0,7.755688793491572,47.816238133236766
0.042,49,572134801,0.2557142376899719,0.0,0.0,6.618592787417583,47.65915311872959
0.042,50,1198399760,0.2756490111351013,0.0,0.0,6.6822905170265585,47.88021487183869
0.042,51,1751866485,-0.14289048314094543,1.0,1.0,8.444252716144547,47.32635896652937
0.042,52,1070889713,-0.05829469859600067,1.0,1.0,7.7564598856261,45.7643810659647
0.042,53,415096539,0.24282562732696533,0.0,0.0,6.727234202786349,48.88252797536552
0.042,54,52416235,0.2833764851093292,0.0,0.0,6.7105057537555695,52.28984309360385
0.042,55,278032723,0.12562140822410583,0.0,0.0,7.87131171755027,49.04382489621639
0.042,56,174946158,-0.2435624599456787,1.0,1.0,7.490687245503068,45.900719007477164
0.042,57,196848554,0.22471876442432404,0.0,0.0,6.78858509438578,45.28144095093012
0.042,58,263030910,-0.13988333940505981,1.0,1.0,8.317742835381068,48.1308929156512
0.042,59,1285415020,-0.2799700200557709,1.0,1.0,7.382368442020379,46.492219204083085
0.042,60,1733223444,0.2337060570716858,0.0,0.0,6.62071461987216,45.34124000929296
0.042,61,1835544261,-0.199398010969162,1.0,1.0,8.337447676574811,47.59641899727285
0.042,62,1403186970,-0.16635945439338684,1.0,1.0,7.526692423271015,46.24226805754006
0.042,63,1291971777,0.26045700907707214,0.0,0.0,6.618184545193799,46.20345891453326
0.042,64,712292067,-0.03262763470411301,1.0,1.0,7.243483085301705,48.893984174355865
0.042,65,2001429764,-0.20853841304779053,1.0,1.0,7.847338521503843,47.94013709761202
0.042,66,1375664061,-0.15955254435539246,1.0,1.0,7.450518665718846,48.184797167778015
0.042,67,1556456120,0.2846594750881195,0.0,0.0,6.436364059802145,47.80570906586945
0.042,68,1576053187,-0.18569648265838623,1.0,1.0,7.348816730664112,49.968190025538206
0.042,69,1848019881,-0.13019749522209167,1.0,1.0,7.0377011318923905,48.36553195491433
0.042,70,1508652585,0.01402253471314907,0.0,0.0,8.532793176593259,47.83678310923278
0.042,71,1995737731,0.29979363083839417,0.0,0.0,6.513108083046973,47.77726996690035
0.042,72,1162788447,0.12886127829551697,0.0,0.0,7.497284135199152,48.4748228918761
0.042,73,1172925522,-0.18480531871318817,1.0,1.0,8.00769832264632,48.89019299298525
0.042,74,539174575,-0.2836831212043762,1.0,1.0,7.586848640232347,46.904625138267875
0.042,75,2013637345,0.23518098890781403,0.0,0.0,6.755049577099271,46.45207314752042
0.042,76,1187468716,-0.27927160263061523,1.0,1.0,7.497070041485131,47.70265310071409
0.042,77,1062978506,-0.2956867516040802,1.0,1.0,7.314015283365734,48.00192220136523
0.042,78,679326770,-0.06931803375482559,1.0,1.0,7.429337273817509,51.51252984069288
0.042,79,587923432,-0.054092541337013245,1.0,1.0,8.077046842314303,47.322135884314775
0.042,80,1359889667,-0.10076619684696198,1.0,1.0,8.07419423875399,47.18611598946154
0.042,81,970187386,-0.2437923401594162,1.0,1.0,7.113562655635178,47.02496901154518
0.042,82,1219839873,0.19290228188037872,0.0,0.0,6.657418266637251,47.11106885224581
0.042,83,1428160212,0.32518255710601807,0.0,0.0,6.534897629288025,47.40152321755886
0.042,84,1930609499,-0.19579844176769257,1.0,1.0,8.050269497558475,49.060780089348555
0.042,85,710582861,-0.11470311880111694,1.0,1.0,7.579076110501774,49.20806200243533
0.042,86,1463614337,-0.04361015185713768,1.0,1.0,7.388748387224041,47.81819507479668
0.042,87,1940152705,0.007010337896645069,0.0,0.0,8.097273819497786,46.611223835498095
0.042,88,985452196,-0.15060867369174957,1.0,1.0,8.944230220397003,47.3830159753561
0.042,89,552062587,0.2599005699157715,0.0,0.0,6.646635335520841,48.286131815984845
0.042,90,623566272,-0.13273999094963074,1.0,1.0,7.203956146724522,48.76184999011457
0.042,91,729775797,-0.15241281688213348,1.0,1.0,7.167945793131366,49.716862849891186
0.042,92,1352536665,-0.21361911296844482,1.0,1.0,7.794389567221515,47.53845394589007
0.042,93,555883440,-0.08142230659723282,1.0,1.0,8.061239167815074,58.14787885174155
0.042,94,1801800003,-0.18862421810626984,1.0,1.0,7.441801249282435,46.48268804885447
0.042,95,763315502,-0.04467698931694031,1.0,1.0,7.223362977616489,45.53396184928715
0.042,96,138897982,0.058782726526260376,0.0,0.0,7.8709685447392985,45.66439404152334
0.042,97,10785379,-0.14677058160305023,1.0,1.0,7.927689040079713,45.47456791624427
0.042,98,53923185,0.0023282815236598253,0.0,0.0,7.530887913424522,45.63587810844183
0.042,99,1349917978,0.2533610165119171,0.0,0.0,6.3775969167472795,45.740543166175485
0.043,0,1501552845,0.2729800343513489,0.0,0.0,6.477925507351756,47.56475682370365
0.043,1,488200390,0.2025550901889801,0.0,0.0,6.774022735771723,47.833268996328115
0.043,2,1693606510,-0.22021466493606567,1.0,1.0,8.290715082664974,45.21949612535536
0.043,3,680233354,-0.1275157630443573,1.0,1.0,7.907401636126451,45.40122696198523
0.043,4,438466540,0.0492340549826622,0.0,0.0,7.748834821162745,49.25750894472003
0.043,5,1712329280,0.021693048998713493,0.0,0.0,8.266839253134094,49.47864613495767
0.043,6,1380152455,-0.2465726137161255,1.0,1.0,7.329657993395813,45.22170010022819
0.043,7,1452245846,-0.06781374663114548,1.0,1.0,7.437471491051838,45.20522686652839
0.043,8,2122694021,0.08157000690698624,0.0,0.0,7.580503933480941,45.341548044234514
0.043,9,839901363,0.07991143316030502,0.0,0.0,7.989483696059324,45.895068906247616
0.043,10,1802651552,-0.0733502134680748,1.0,1.0,8.110683518927544,46.417207922786474
0.043,11,714712467,-0.04907824844121933,1.0,1.0,7.917060705600306,45.45518499799073
0.043,12,1218704077,0.2831890881061554,0.0,0.0,6.694794339477085,45.80787802115083
0.043,13,1284858263,0.06574425846338272,0.0,0.0,7.816430184757337,46.46541806869209
0.043,14,457721135,-0.12899409234523773,1.0,1.0,7.990236699581146,47.365478007122874
0.043,15,401008609,-0.12806133925914764,1.0,1.0,7.908061872469261,47.80147597193718
0.043,16,492064534,-0.0651928186416626,1.0,1.0,7.255359723698348,47.79810202307999
0.043,17,1444732602,-0.2277345210313797,1.0,1.0,7.946142856613733,47.71439405158162
0.043,18,1317426686,-0.1456124484539032,1.0,1.0,8.409717320464551,47.00741497799754
0.043,19,2022506251,-0.07462950050830841,1.0,1.0,7.878929866827093,46.3016249705106
0.043,20,1516459118,-0.0446171760559082,1.0,1.0,7.805002634762786,47.39857604727149
0.043,21,533103612,-0.18175926804542542,1.0,1.0,7.429225955856964,45.714616077020764
0.043,22,1964759878,-0.24994589388370514,1.0,1.0,7.406362278503366,45.778397005051374
0.043,23,2037706756,0.23189502954483032,0.0,0.0,6.731754694133997,46.548607060685754
0.043,24,1572889065,-0.1642845720052719,1.0,1.0,7.354736107750796,46.60762194544077
0.043,25,1432881518,-0.11293325573205948,1.0,1.0,7.309470560867339,45.82469095475972
0.043,26,280516901,0.04778313636779785,0.0,0.0,7.4583227733382955,46.104117995128036
0.043,27,205939248,0.04109387844800949,0.0,0.0,7.320873951888643,45.99900310859084
0.043,28,571904914,-0.09166433662176132,1.0,1.0,7.415242060087621,46.42159608192742
0.043,29,948843457,-0.09428463131189346,1.0,1.0,7.9740951443091035,46.584228053689
0.043,30,155492488,0.23257191479206085,0.0,0.0,6.628545235027559,45.978407142683864
0.043,31,1903701130,0.00011939931573579088,0.0,0.0,7.696226385072805,45.96942896023393
0.043,32,1017961266,-0.05234101787209511,1.0,1.0,7.257939604809508,45.96635093912482
0.043,33,1497769985,0.19994275271892548,0.0,0.0,6.683620566269383,45.90491787530482
0.043,34,456523489,0.24888548254966736,0.0,0.0,6.69238383625634,45.13856116682291
0.043,35,701095136,-0.09231032431125641,1.0,1.0,7.236672495142557,46.52163200080395
0.043,36,249069576,-0.008678409270942211,1.0,1.0,7.592816848191433,46.201389050111175
0.043,37,1576098728,-0.0136659424751997,1.0,1.0,8.329811262898147,46.24345200136304
0.043,38,1662748500,-0.23322822153568268,1.0,1.0,7.433605134603567,46.28873895853758
0.043,39,472736216,0.2202373594045639,0.0,0.0,6.564675706787966,48.637370113283396
0.043,40,1535411295,-0.127797931432724,1.0,1.0,7.374897327390499,52.28326399810612
0.043,41,175223003,-0.2512805163860321,1.0,1.0,7.122838057694025,49.40349608659744
0.043,42,840936862,-0.27817073464393616,1.0,1.0,7.2030424632830545,47.74703201837838
0.043,43,343373188,-0.13285090029239655,1.0,1.0,7.362228946411051,46.17481306195259
0.043,44,1597751082,-0.14158399403095245,1.0,1.0,7.983931922586635,46.76168807782233
0.043,45,730359585,-0.2115696519613266,1.0,1.0,7.253787172609009,47.011384973302484
0.043,46,1016641002,-0.14360874891281128,1.0,1.0,7.299071046174504,47.12547501549125
0.043,47,998994690,-0.20832473039627075,1.0,1.0,7.306920354720205,46.72762705013156
0.043,48,1021240743,0.07332544028759003,0.0,0.0,8.048326481017284,46.664326917380095
0.043,49,572134801,0.2722208797931671,0.0,0.0,6.6037867636187,48.42851613648236
0.043,50,1198399760,0.2876286208629608,0.0,0.0,6.6300488751148805,53.75209613703191
0.043,51,1751866485,-0.07222867012023926,1.0,1.0,7.295109020196833,46.37316497974098
0.043,52,1070889713,-0.1168794333934784,1.0,1.0,7.394375454634428,48.18380088545382
0.043,53,415096539,0.2517991364002228,0.0,0.0,6.780346436542459,49.04313199222088
0.043,54,52416235,0.294334352016449,0.0,0.0,6.720409936038777,49.34497317299247
0.043,55,278032723,-0.010423809289932251,1.0,1.0,7.453070969204418,45.58142204768956
0.043,56,174946158,-0.08860315382480621,1.0,1.0,7.434289209311828,46.65047209709883
0.043,57,196848554,0.21625305712223053,0.0,0.0,6.814146181568503,47.48383886180818
0.043,58,263030910,-0.1204642578959465,1.0,1.0,7.514616750064306,46.39904503710568
0.043,59,1285415020,-0.23732499778270721,1.0,1.0,7.405249693663791,47.21802077256143
0.043,60,1733223444,0.24025265872478485,0.0,0.0,6.639432302326895,48.4082589391619
0.043,61,1835544261,0.05558566749095917,0.0,0.0,8.794981189188547,47.40053601562977
0.043,62,1403186970,-0.12300799041986465,1.0,1.0,7.47955304000061,47.08201391622424
0.043,63,1291971777,-0.2548169493675232,1.0,1.0,7.5787219167687,48.7306690774858
0.043,64,712292067,-0.10318274796009064,1.0,1.0,7.204319614218548,48.42614894732833
0.043,65,2001429764,-0.06771393865346909,1.0,1.0,7.60237329674419,48.66774915717542
0.043,66,1375664061,-0.16752180457115173,1.0,1.0,7.4069679491221905,47.56338195875287
0.043,67,1556456120,0.2846577763557434,0.0,0.0,6.469864622573368,49.372542882338166
0.043,68,1576053187,-0.015943175181746483,1.0,1.0,7.442178664263338,47.777128871530294
0.043,69,1848019881,-0.009689420461654663,1.0,1.0,7.492208122857846,46.990093076601624
0.043,70,1508652585,0.3193528354167938,0.0,0.0,6.810558065655641,47.27473808452487
0.043,71,1995737731,0.31336891651153564,0.0,0.0,6.4679512057919055,47.54261812195182
0.043,72,1162788447,-0.06535355746746063,1.0,1.0,8.262071994831786,47.89002984762192
0.043,73,1172925522,-0.2247278392314911,1.0,1.0,7.202617854112759,46.29182512871921
0.043,74,539174575,-0.25079309940338135,1.0,1.0,7.508692530798726,45.97995290532708
0.043,75,2013637345,0.2409130185842514,0.0,0.0,6.805281620938331,46.831826912239194
0.043,76,1187468716,-0.24840201437473297,1.0,1.0,7.419337060418911,46.904426999390125
0.043,77,1062978506,-0.027567239478230476,1.0,1.0,7.468177138478495,50.67068291828036
0.043,78,679326770,-0.07561445981264114,1.0,1.0,7.910474495147355,48.400373896583915
0.043,79,587923432,-0.1740606725215912,1.0,1.0,8.447496472508647,45.647609047591686
0.043,80,1359889667,-0.04715711623430252,1.0,1.0,8.014401267748326,46.02406290359795
0.043,81,970187386,-0.22362640500068665,1.0,1.0,7.484542226535268,45.91087205335498
0.043,82,1219839873,0.20112618803977966,0.0,0.0,6.671172817936167,48.75104199163616
0.043,83,1428160212,0.3403885066509247,0.0,0.0,6.5223006524611264,48.16845804452896
0.043,84,1930609499,-0.09477471560239792,1.0,1.0,7.3165536649758,47.35489399172366
0.043,85,710582861,-0.17993693053722382,1.0,1.0,7.27125825965777,46.88773606903851
0.043,86,1463614337,-0.10989335924386978,1.0,1.0,7.909648198634386,45.320237055420876
0.043,87,1940152705,-0.1489707976579666,1.0,1.0,7.647629427374341,45.679603004828095
0.043,88,985452196,0.059702981263399124,0.0,0.0,7.309389868518338,47.3400519695133
0.043,89,552062587,0.27904945611953735,0.0,0.0,6.702635744586587,49.53632387332618
0.043,90,623566272,0.0354224368929863,0.0,0.0,7.274255618918687,48.26701292768121
0.043,91,729775797,-0.18621774017810822,1.0,1.0,7.047198060434312,46.618368942290545
0.043,92,1352536665,-0.17609868943691254,1.0,1.0,7.416219760780223,46.28256498835981
0.043,93,555883440,-0.0712689682841301,1.0,1.0,7.938440182828344,46.25959601253271
0.043,94,1801800003,-0.18313464522361755,1.0,1.0,7.342098115594126,46.37523298151791
0.043,95,763315502,-0.14546161890029907,1.0,1.0,7.265381556586362,53.93217597156763
0.043,96,138897982,0.055150799453258514,0.0,0.0,7.643151680822484,45.602804981172085
0.043,97,10785379,-0.19877056777477264,1.0,1.0,7.192967860377394,46.31569515913725
0.043,98,53923185,-0.21518921852111816,1.0,1.0,7.1645605228841305,46.171163907274604
0.043,99,1349917978,0.2610749304294586,0.0,0.0,6.3531257949071005,47.92902711778879
0.044,0,1501552845,0.2965456545352936,0.0,0.0,6.535469540627673,48.545263009145856
0.044,1,488200390,0.18037274479866028,0.0,0.0,6.863978376612067,46.946829883381724
0.044,2,1693606510,-0.19790366291999817,1.0,1.0,7.9367620864650235,45.63619499094784
0.044,3,680233354,-0.10040901601314545,1.0,1.0,7.254400685778819,50.02242117188871
0.044,4,438466540,-0.14668779075145721,1.0,1.0,7.116305511910468,45.53578491322696
0.044,5,1712329280,-0.025577368214726448,1.0,1.0,7.941083888639696,45.92889500781894
0.044,6,1380152455,0.0466536283493042,0.0,0.0,8.049511988530867,45.46511289663613
0.044,7,1452245846,-0.2110883891582489,1.0,1.0,7.3527760218130425,47.48239694163203
0.044,8,2122694021,-0.06590628623962402,1.0,1.0,8.242200749344192,45.17329204827547
0.044,9,839901363,0.11903992295265198,0.0,0.0,7.752578504267149,46.07278294861317
0.044,10,1802651552,-0.07579535990953445,1.0,1.0,7.269083179649897,45.99260515533388
0.044,11,714712467,-0.040578074753284454,1.0,1.0,7.9621408191742375,45.049525098875165
0.044,12,1218704077,0.295600950717926,0.0,0.0,6.740132051054388,45.92283698730171
0.044,13,1284858263,-0.19057820737361908,1.0,1.0,8.27256550709717,46.477872878313065
0.044,14,457721135,-0.18341608345508575,1.0,1.0,7.916441303910688,46.64426180534065
0.044,15,401008609,-0.04220786318182945,1.0,1.0,7.354743198142387,46.69482703320682
0.044,16,492064534,0.2320067286491394,0.0,0.0,6.823298854986206,46.64787510409951
0.044,17,1444732602,-0.1621399074792862,1.0,1.0,8.181069253245369,46.14451201632619
0.044,18,1317426686,-0.1333421915769577,1.0,1.0,7.202719823806547,46.25376802869141
0.044,19,2022506251,-0.08580079674720764,1.0,1.0,7.491522601107135,46.48683895356953
0.044,20,1516459118,-0.10325794667005539,1.0,1.0,7.9891735658748075,50.39268592372537
0.044,21,533103612,-0.028442353010177612,1.0,1.0,7.412167022819631,45.95241113565862
0.044,22,1964759878,0.07463479042053223,0.0,0.0,7.5609988663345575,45.63362500630319
0.044,23,2037706756,0.24640598893165588,0.0,0.0,6.796811030828394,45.831482857465744
0.044,24,1572889065,-0.1097976490855217,1.0,1.0,7.176123691606335,45.63404992222786
0.044,25,1432881518,-0.046451542526483536,1.0,1.0,7.2956818918464705,45.717468950897455
0.044,26,280516901,-0.016921622678637505,1.0,1.0,7.332016253611073,46.06202011927962
0.044,27,205939248,0.05293184891343117,0.0,0.0,7.349042626912706,45.416285982355475
0.044,28,571904914,-0.08215035498142242,1.0,1.0,7.306185785681009,46.68910498730838
0.044,29,948843457,-0.09120349586009979,1.0,1.0,7.7171339120250195,45.01596908085048
0.044,30,155492488,0.24007855355739594,0.0,0.0,6.628084600088187,45.55196384899318
0.044,31,1903701130,0.10075091570615768,0.0,0.0,7.692602961556986,46.049781842157245
0.044,32,1017961266,-0.19085989892482758,1.0,1.0,8.192877618595958,45.25638581253588
0.044,33,1497769985,0.2119775414466858,0.0,0.0,6.755134200910106,46.38725984841585
0.044,34,456523489,0.2660490870475769,0.0,0.0,6.747194240335375,45.914771035313606
0.044,35,701095136,0.26968130469322205,0.0,0.0,6.684715783689171,45.48299987800419
0.044,36,249069576,-0.12723708152770996,1.0,1.0,7.553840015665628,45.59782100841403
0.044,37,1576098728,-0.21396459639072418,1.0,1.0,7.4109010237734765,47.53801389597356
0.044,38,1662748500,-0.11891558021306992,1.0,1.0,7.315421328064986,47.42718697525561
0.044,39,472736216,0.2395249605178833,0.0,0.0,6.705938477534801,50.89188297279179
0.044,40,1535411295,-0.11813998222351074,1.0,1.0,7.458812259254046,48.154788091778755
0.044,41,175223003,0.09837286174297333,0.0,0.0,7.703335646423511,46.515692956745625
0.044,42,840936862,0.03949001803994179,0.0,0.0,8.24365344189573,46.917609171941876
0.044,43,343373188,-0.09067381173372269,1.0,1.0,8.479242156841792,46.429348876699805
0.044,44,1597751082,-0.21382127702236176,1.0,1.0,7.986068499740213,46.640879940241575
0.044,45,730359585,-0.09799656271934509,1.0,1.0,7.31565247150138,46.966277062892914
0.044,46,1016641002,-0.07437849044799805,1.0,1.0,7.382069895858876,47.08407889120281
0.044,47,998994690,-0.1490829735994339,1.0,1.0,7.239819120615721,47.824704088270664
0.044,48,1021240743,-0.08135859668254852,1.0,1.0,7.3574282677145675,47.322653932496905
0.044,49,572134801,0.27393078804016113,0.0,0.0,6.651409856625833,45.40285584516823
0.044,50,1198399760,0.29517608880996704,0.0,0.0,6.629337245947681,49.06667396426201
0.044,51,1751866485,-0.147225022315979,1.0,1.0,7.46908819116652,48.82050585001707
0.044,52,1070889713,-0.12682390213012695,1.0,1.0,7.240770834265277,49.59096387028694
0.044,53,415096539,0.255685955286026,0.0,0.0,6.800372506259009,45.65582307986915
0.044,54,52416235,0.3004004657268524,0.0,0.0,6.756684563588351,46.23731505125761
0.044,55,278032723,0.024292966350913048,0.0,0.0,7.541319994139485,47.70099185407162
0.044,56,174946158,-0.19766059517860413,1.0,1.0,7.693287542206235,46.447369968518615
0.044,57,196848554,0.21625317633152008,0.0,0.0,6.8403393981279805,46.161169186234474
0.044,58,263030910,0.021933725103735924,0.0,0.0,8.62566914234776,47.74148506112397
0.044,59,1285415020,-0.06362102180719376,1.0,1.0,8.388510807533748,46.65097291581333
0.044,60,1733223444,0.265241414308548,0.0,0.0,6.667990550748073,46.16057011298835
0.044,61,1835544261,-0.1464267522096634,1.0,1.0,7.400137804099359,48.75036398880184
0.044,62,1403186970,-0.16772808134555817,1.0,1.0,7.696074909763411,48.03007701411843
0.044,63,1291971777,0.31795433163642883,0.0,0.0,6.8089743863092735,47.827129950746894
0.044,64,712292067,-0.174968883395195,1.0,1.0,7.967565725091845,47.33852716162801
0.044,65,2001429764,-0.0050510866567492485,1.0,1.0,8.50694466510322,49.88322895951569
0.044,66,1375664061,-0.009045842103660107,1.0,1.0,9.103266842663288,47.73258208297193
0.044,67,1556456120,0.29268041253089905,0.0,0.0,6.490627091494389,47.16265294700861
0.044,68,1576053187,-0.15518003702163696,1.0,1.0,8.030399464420043,47.86512395367026
0.044,69,1848019881,-0.1283370852470398,1.0,1.0,7.440444439067505,48.05780784226954
0.044,70,1508652585,0.3363391160964966,0.0,0.0,6.798964116256684,47.07854310981929
0.044,71,1995737731,0.31775152683258057,0.0,0.0,6.452940477058291,46.56156897544861
0.044,72,1162788447,-0.11217191815376282,1.0,1.0,7.485316728008911,45.644068159163
0.044,73,1172925522,-0.1972525715827942,1.0,1.0,7.227798049803823,47.2905810456723
0.044,74,539174575,-0.30000001192092896,1.0,1.0,7.4441718246089295,47.377165174111724
0.044,75,2013637345,0.2471795529127121,0.0,0.0,6.780961028533056,50.93021597713232
0.044,76,1187468716,-0.26388484239578247,1.0,1.0,7.368769456166774,49.117990070953965
0.044,77,1062978506,-0.30000001192092896,1.0,1.0,7.274702544207685,46.5204908978194
0.044,78,679326770,-0.17238758504390717,1.0,1.0,8.087824983755127,46.90534481778741
0.044,79,587923432,-0.11477962881326675,1.0,1.0,8.201611512806267,46.26546008512378
0.044,80,1359889667,-0.1568089723587036,1.0,1.0,7.155725465971045,48.6717380117625
0.044,81,970187386,0.12277103960514069,0.0,0.0,7.3374634514329955,48.81861782632768
0.044,82,1219839873,0.20845672488212585,0.0,0.0,6.682077829027548,47.13370301760733
0.044,83,1428160212,0.3474738895893097,0.0,0.0,6.521858666907065,47.231480944901705
0.044,84,1930609499,-0.07620443403720856,1.0,1.0,7.318386672646739,45.73845909908414
0.044,85,710582861,0.02792344056069851,0.0,0.0,7.2018531418871135,46.805488876998425
0.044,86,1463614337,-0.02198893576860428,1.0,1.0,7.354911944596097,47.80497611500323
0.044,87,1940152705,-0.053416088223457336,1.0,1.0,7.615769682684913,49.8559360858053
0.044,88,985452196,0.2195294350385666,0.0,0.0,6.706767333787866,48.450341913849115
0.044,89,552062587,0.2892928123474121,0.0,0.0,6.708825560985133,47.4449279718101
0.044,90,623566272,0.03834856301546097,0.0,0.0,7.742265894077718,47.58001514710486
0.044,91,729775797,-0.15814322233200073,1.0,1.0,7.258372614043765,47.27709386497736
0.044,92,1352536665,-0.15463225543498993,1.0,1.0,7.120435800869018,46.52978992089629
0.044,93,555883440,0.004836072213947773,0.0,0.0,7.89750374504365,46.24892584979534
0.044,94,1801800003,-0.06187957897782326,1.0,1.0,7.300859598559327,46.51508596725762
0.044,95,763315502,0.2633948028087616,0.0,0.0,6.65392218681518,47.246463829651475
0.044,96,138897982,0.025363491848111153,0.0,0.0,8.00168522959575,47.91479604318738
0.044,97,10785379,-0.13504771888256073,1.0,1.0,7.93662916123867,46.98337404988706
0.044,98,53923185,-0.08288712799549103,1.0,1.0,7.962379516102374,45.48825602978468
0.044,99,1349917978,0.27514830231666565,0.0,0.0,6.352363002602942,46.56330100260675
0.045,0,1501552845,0.29915404319763184,0.0,0.0,6.577171762357466,47.81971802003682
0.045,1,488200390,0.19622273743152618,0.0,0.0,6.922694311593659,46.59016500227153
0.045,2,1693606510,-0.08974429965019226,1.0,1.0,7.411860447726212,46.10668518580496
0.045,3,680233354,-0.18007414042949677,1.0,1.0,7.2049191512633115,47.132808016613126
0.045,4,438466540,-0.1648794710636139,1.0,1.0,7.203136540250853,47.706873156130314
0.045,5,1712329280,-0.20293380320072174,1.0,1.0,7.10951960622333,46.112229116261005
0.045,6,1380152455,-0.22170713543891907,1.0,1.0,7.473011168884113,47.24258999340236
0.045,7,1452245846,0.02936098910868168,0.0,0.0,7.932487905607559,46.762406127527356
0.045,8,2122694021,0.157083198428154,0.0,0.0,7.276812759926543,47.43116605095565
0.045,9,839901363,0.0025090507697314024,0.0,0.0,7.89499122579582,46.98827909305692
0.045,10,1802651552,-0.15119177103042603,1.0,1.0,7.590917579014786,46.86580994166434
0.045,11,714712467,-0.11894109100103378,1.0,1.0,7.986431078054011,47.80292580835521
0.045,12,1218704077,0.29795965552330017,0.0,0.0,6.74515320698265,46.30961501970887
0.045,13,1284858263,-0.09433579444885254,1.0,1.0,7.275336341350339,48.33633010275662
0.045,14,457721135,0.02523031458258629,0.0,0.0,7.829364935401827,47.02735901810229
0.045,15,401008609,-0.2600310444831848,1.0,1.0,8.554888640996069,46.56754597090185
0.045,16,492064534,0.25109589099884033,0.0,0.0,6.850523044355214,46.992735005915165
0.045,17,1444732602,-0.19714584946632385,1.0,1.0,7.140898087993264,48.38215000927448
0.045,18,1317426686,-0.16926980018615723,1.0,1.0,8.06156096199993,47.3703290335834
0.045,19,2022506251,-0.007022872567176819,1.0,1.0,7.202398192486726,46.36840499006212
0.045,20,1516459118,-0.16289152204990387,1.0,1.0,8.005161789944395,46.21535097248852
0.045,21,533103612,-0.1513756811618805,1.0,1.0,7.424230865784921,47.89626086130738
0.045,22,1964759878,-0.1460145115852356,1.0,1.0,7.324735152418725,48.09411498717964
0.045,23,2037706756,0.2458316534757614,0.0,0.0,6.816270585753955,47.86950186826289
0.045,24,1572889065,-0.15505576133728027,1.0,1.0,7.3791150111937895,46.50768404826522
0.045,25,1432881518,-0.034111931920051575,1.0,1.0,7.286743206437677,46.34596104733646
0.045,26,280516901,0.15127278864383698,0.0,0.0,7.8198243621736765,45.56917306035757
0.045,27,205939248,-0.04952431097626686,1.0,1.0,8.051663617952727,45.715109910815954
0.045,28,571904914,-0.16463136672973633,1.0,1.0,7.248739593545906,46.42070108093321
0.045,29,948843457,-0.12057207524776459,1.0,1.0,7.986280090175569,46.398162143304944
0.045,30,155492488,0.24704711139202118,0.0,0.0,6.6534263209905475,46.04325001128018
0.045,31,1903701130,-0.04122034087777138,1.0,1.0,8.286213343730196,52.691602846607566
0.045,32,1017961266,-0.12395104020833969,1.0,1.0,7.252862012945116,55.800973903387785
0.045,33,1497769985,0.22414809465408325,0.0,0.0,6.764986980007961,46.48282309062779
0.045,34,456523489,0.2754042446613312,0.0,0.0,6.756232033600099,45.412780018523335
0.045,35,701095136,0.28058168292045593,0.0,0.0,6.72170614823699,45.314402086660266
0.045,36,249069576,0.3240963816642761,0.0,0.0,6.880212319898419,48.01320913247764
0.045,37,1576098728,-0.19037576019763947,1.0,1.0,7.235787778394297,46.577353961765766
0.045,38,1662748500,-0.09128716588020325,1.0,1.0,8.072375094518065,45.233740005642176
0.045,39,472736216,0.18961584568023682,0.0,0.0,6.707032812410034,45.42407812550664
0.045,40,1535411295,-0.20383058488368988,1.0,1.0,7.262047410593368,46.29675089381635
0.045,41,175223003,0.04921751841902733,0.0,0.0,7.777240643976256,47.28101613000035
0.045,42,840936862,-0.257913738489151,1.0,1.0,7.215123833157122,46.173124108463526
0.045,43,343373188,-0.011192371137440205,1.0,1.0,7.884530078852549,45.21417687647045
0.045,44,1597751082,0.046946339309215546,0.0,0.0,8.166486213565804,46.99693410657346
0.045,45,730359585,-0.009162647649645805,1.0,1.0,7.829949895385653,45.80323491245508
0.045,46,1016641002,0.013131090439856052,0.0,0.0,7.008688045665622,46.03204503655434
0.045,47,998994690,-0.13358519971370697,1.0,1.0,7.357286067097448,46.615310944616795
0.045,48,1021240743,-0.17681914567947388,1.0,1.0,7.385279779788107,47.75043507106602
0.045,49,572134801,0.2860232889652252,0.0,0.0,6.678919482044876,50.37743900902569
0.045,50,1198399760,0.3028434216976166,0.0,0.0,6.575825103209354,51.44443898461759
0.045,51,1751866485,-0.16698110103607178,1.0,1.0,7.583200610824861,48.5003269277513
0.045,52,1070889713,-0.1533065140247345,1.0,1.0,7.45347898604814,46.171761117875576
0.045,53,415096539,0.26166123151779175,0.0,0.0,6.808042410411872,45.93535792082548
0.045,54,52416235,0.3120664358139038,0.0,0.0,6.8248314835364,47.231921926140785
0.045,55,278032723,-0.11781198531389236,1.0,1.0,7.974884488387033,47.23231284879148
0.045,56,174946158,-0.1119166910648346,1.0,1.0,8.500032990472391,46.06092907488346
0.045,57,196848554,0.2250954657793045,0.0,0.0,6.838575181667693,46.180692967027426
0.045,58,263030910,-0.09924840182065964,1.0,1.0,7.802742023952305,46.95659107528627
0.045,59,1285415020,-0.24680061638355255,1.0,1.0,7.605695855338126,47.53804602660239
0.045,60,1733223444,0.26539406180381775,0.0,0.0,6.66465341555886,47.45738208293915
0.045,61,1835544261,-0.20492105185985565,1.0,1.0,7.2671373669290915,47.07108484581113
0.045,62,1403186970,-0.006517699919641018,1.0,1.0,7.747832944733091,45.185356168076396
0.045,63,1291971777,0.32431331276893616,0.0,0.0,6.832594046019949,46.580789843574166
0.045,64,712292067,-0.16825610399246216,1.0,1.0,8.056060656555928,46.11187498085201
0.045,65,2001429764,-0.14859728515148163,1.0,1.0,7.742207888280973,47.430627048015594
0.045,66,1375664061,-0.1749131977558136,1.0,1.0,7.829957706155255,46.45846295170486
0.045,67,1556456120,0.2974831461906433,0.0,0.0,6.499296738184057,46.23638791963458
0.045,68,1576053187,0.012466836720705032,0.0,0.0,7.77720166312065,48.17729815840721
0.045,69,1848019881,0.10021204501390457,0.0,0.0,7.4001364497235045,47.60897299274802
0.045,70,1508652585,0.06491751223802567,0.0,0.0,7.981263148947619,47.07166599109769
0.045,71,1995737731,0.33045628666877747,0.0,0.0,6.434205360128544,47.6414009463042
0.045,72,1162788447,-0.29135236144065857,1.0,1.0,7.4762963517569005,49.01230591349304
0.045,73,1172925522,0.05007020756602287,0.0,0.0,7.276376585708931,47.39277297630906
0.045,74,539174575,-0.23566265404224396,1.0,1.0,7.586495439871214,46.24852305278182
0.045,75,2013637345,0.27168160676956177,0.0,0.0,6.735401283600368,46.62665817886591
0.045,76,1187468716,0.05018462985754013,0.0,0.0,7.439562260755338,47.62332420796156
0.045,77,1062978506,0.34170249104499817,0.0,0.0,6.794863192830235,45.896540163084865
0.045,78,679326770,0.0015839820262044668,0.0,0.0,7.208142502349801,45.19275319762528
0.045,79,587923432,-0.039092984050512314,1.0,1.0,7.974393603508361,45.16180185601115
0.045,80,1359889667,-0.11404934525489807,1.0,1.0,7.1561041253153235,47.559139085933566
0.045,81,970187386,0.16351868212223053,0.0,0.0,7.741710529197007,47.591248992830515
0.045,82,1219839873,0.21099381148815155,0.0,0.0,6.674851534888148,47.8880200535059
0.045,83,1428160212,0.35682809352874756,0.0,0.0,6.522085303789936,46.165553852915764
0.045,84,1930609499,0.09963419288396835,0.0,0.0,7.896274711354636,47.44674684479833
0.045,85,710582861,-0.08656741678714752,1.0,1.0,7.658254179172218,47.3699108697474
0.045,86,1463614337,-0.23838338255882263,1.0,1.0,8.119124980526976,46.0973649751395
0.045,87,1940152705,-0.11996869742870331,1.0,1.0,7.289338645758107,45.931864995509386
0.045,88,985452196,0.22556249797344208,0.0,0.0,6.741520661744289,46.72815022058785
0.045,89,552062587,0.30232587456703186,0.0,0.0,6.72554381005466,45.859863050282
0.045,90,623566272,-0.19943906366825104,1.0,1.0,7.760966741363518,45.733654173091054
0.045,91,729775797,-0.12949708104133606,1.0,1.0,7.179158255457878,45.659682946279645
0.045,92,1352536665,-0.10239934176206589,1.0,1.0,8.02280209492892,46.952267875894904
0.045,93,555883440,-0.03897492215037346,1.0,1.0,8.036954663926736,46.330131124705076
0.045,94,1801800003,-0.29344087839126587,1.0,1.0,7.45969548553694,45.806296868249774
0.045,95,763315502,0.29321956634521484,0.0,0.0,6.595447978703305,45.4512310680002
0.045,96,138897982,-0.30000001192092896,1.0,1.0,9.229740697774105,45.62267102301121
0.045,97,10785379,-0.14764121174812317,1.0,1.0,8.000490280217491,45.984216034412384
0.045,98,53923185,-0.0735362321138382,1.0,1.0,7.440129247261211,46.255017165094614
0.045,99,1349917978,0.29264703392982483,0.0,0.0,6.361160568310879,45.80613202415407
0.046,0,1501552845,0.3096385598182678,0.0,0.0,6.584498540614732,46.23280884698033
0.046,1,488200390,0.21728135645389557,0.0,0.0,7.007390893995762,48.83613693527877
0.046,2,1693606510,-0.03213505074381828,1.0,1.0,8.453383521875367,66.19876413606107
0.046,3,680233354,-0.14432856440544128,1.0,1.0,7.282153864623979,58.05587605573237
0.046,4,438466540,-0.07059354335069656,1.0,1.0,8.045858711819164,46.70257703401148
0.046,5,1712329280,0.12468253821134567,0.0,0.0,7.967423469410278,48.35314699448645
0.046,6,1380152455,-0.26938629150390625,1.0,1.0,7.383910097414628,47.8686299175024
0.046,7,1452245846,-0.19583046436309814,1.0,1.0,7.3674639301607385,47.92825086042285
0.046,8,2122694021,0.07408356666564941,0.0,0.0,7.912400267552584,47.91252501308918
0.046,9,839901363,0.013927622698247433,0.0,0.0,7.7489703932078555,47.71255888044834
0.046,10,1802651552,-0.11580989509820938,1.0,1.0,7.267334936303087,48.348050797358155
0.046,11,714712467,-0.1780066341161728,1.0,1.0,7.284374879905954,47.348849941045046
0.046,12,1218704077,0.3134673833847046,0.0,0.0,6.711413720506243,48.45210094936192
0.046,13,1284858263,-0.0172530859708786,1.0,1.0,7.586090377881192,47.91157296858728
0.046,14,457721135,0.09676406532526016,0.0,0.0,7.5941135657485574,47.32919600792229
0.046,15,401008609,-0.1866777092218399,1.0,1.0,7.473755776532926,47.46517911553383
0.046,16,492064534,0.25231075286865234,0.0,0.0,6.85787640651688,48.64062578417361
0.046,17,1444732602,-0.20059823989868164,1.0,1.0,8.30029944924172,47.503576846793294
0.046,18,1317426686,-0.22681836783885956,1.0,1.0,7.9927342276787385,47.45203396305442
0.046,19,2022506251,-0.06557157635688782,1.0,1.0,8.151297754375264,47.527991933748126
0.046,20,1516459118,-0.10025802999734879,1.0,1.0,7.4036519575165585,49.41582819446921
0.046,21,533103612,0.035082049667835236,0.0,0.0,7.543683309806511,48.38452208787203
0.046,22,1964759878,0.03010883741080761,0.0,0.0,8.384398192050867,48.36382204666734
0.046,23,2037706756,0.2523283362388611,0.0,0.0,6.858193783904426,48.31778188236058
0.046,24,1572889065,-0.08245296031236649,1.0,1.0,7.185815856442787,46.64666694588959
0.046,25,1432881518,0.03820256143808365,0.0,0.0,7.337261715554632,45.62295298092067
0.046,26,280516901,-0.08050970733165741,1.0,1.0,8.308031872613356,46.619902132079005
0.046,27,205939248,-0.18464642763137817,1.0,1.0,7.469289073604159,46.65841907262802
0.046,28,571904914,-0.1748906373977661,1.0,1.0,7.888486874406226,46.45331995561719
0.046,29,948843457,-0.21230313181877136,1.0,1.0,7.538085028761998,47.3008519038558
0.046,30,155492488,0.2584613561630249,0.0,0.0,6.674495980492793,48.78224106505513
0.046,31,1903701130,-0.16085480153560638,1.0,1.0,7.249686760362238,46.970844035968184
0.046,32,1017961266,-0.0033605170901864767,1.0,1.0,8.6721933176741,46.001804061234
0.046,33,1497769985,0.21101543307304382,0.0,0.0,6.801517582847737,45.687217032536864
0.046,34,456523489,0.2933417856693268,0.0,0.0,6.696230084053241,46.22484999708831
0.046,35,701095136,-0.09426818788051605,1.0,1.0,7.180882350541651,46.87279905192554
0.046,36,249069576,0.309303343296051,0.0,0.0,6.927636944223195,46.172756934538484
0.046,37,1576098728,-0.14677371084690094,1.0,1.0,8.108655440853909,46.02154879830778
0.046,38,1662748500,-0.18908509612083435,1.0,1.0,8.313663559150882,46.947909984737635
0.046,39,472736216,0.19401167333126068,0.0,0.0,6.67269616771955,47.03533789142966
0.046,40,1535411295,-0.14032767713069916,1.0,1.0,7.413044465705752,48.11839107424021
0.046,41,175223003,-0.03959840536117554,1.0,1.0,8.183984286151826,46.67707090266049
0.046,42,840936862,-0.24979522824287415,1.0,1.0,7.386868689558469,46.253985026851296
0.046,43,343373188,-0.30000001192092896,1.0,1.0,7.437534428318031,47.21704195253551
0.046,44,1597751082,-0.04968070983886719,1.0,1.0,7.766740731545724,46.776784816756845
0.046,45,730359585,-0.180486798286438,1.0,1.0,7.342633567517623,46.87633505091071
0.046,46,1016641002,-0.13967102766036987,1.0,1.0,7.252595521509647,46.60759097896516
0.046,47,998994690,-0.14898726344108582,1.0,1.0,8.129503654781729,48.86192409321666
0.046,48,1021240743,-0.16674000024795532,1.0,1.0,7.375523304566741,48.54388884268701
0.046,49,572134801,0.2956916391849518,0.0,0.0,6.718178524868563,51.68914911337197
0.046,50,1198399760,0.309722900390625,0.0,0.0,6.610448897816241,48.56239492073655
0.046,51,1751866485,-0.10264543443918228,1.0,1.0,7.653633825480938,47.28587483987212
0.046,52,1070889713,0.04383736476302147,0.0,0.0,7.574925309396349,46.864105155691504
0.046,53,415096539,0.3042096197605133,0.0,0.0,6.772408855962567,48.327993135899305
0.046,54,52416235,0.31464290618896484,0.0,0.0,6.826870949473232,48.28928713686764
0.046,55,278032723,0.11721496284008026,0.0,0.0,8.047715692431666,46.318399021402
0.046,56,174946158,-0.23678109049797058,1.0,1.0,7.503472770797089,46.6836029663682
0.046,57,196848554,0.23691117763519287,0.0,0.0,6.8459403270389885,46.96927894838154
0.046,58,263030910,-0.028120985254645348,1.0,1.0,8.340790174435824,48.15281415358186
0.046,59,1285415020,-0.06317387521266937,1.0,1.0,8.818818845553324,48.41286805458367
0.046,60,1733223444,0.31695687770843506,0.0,0.0,6.628472427022643,47.22403292544186
0.046,61,1835544261,-0.20444341003894806,1.0,1.0,7.466728187748231,45.62237113714218
0.046,62,1403186970,-0.09927850216627121,1.0,1.0,7.362012987141497,46.561277005821466
0.046,63,1291971777,0.34534138441085815,0.0,0.0,6.6170400705887005,46.247370075434446
0.046,64,712292067,0.018439002335071564,0.0,0.0,7.911983557161875,47.60378506034613
0.046,65,2001429764,0.03186970576643944,0.0,0.0,7.613247664645314,47.333284048363566
0.046,66,1375664061,-0.13868947327136993,1.0,1.0,7.20164531073533,45.56901892647147
0.046,67,1556456120,0.2872910499572754,0.0,0.0,6.533204421517439,48.40543516911566
0.046,68,1576053187,-0.14229226112365723,1.0,1.0,7.905170494108461,47.681301133707166
0.046,69,1848019881,-0.08039718121290207,1.0,1.0,7.3593935302924365,48.28875698149204
0.046,70,1508652585,0.13062137365341187,0.0,0.0,7.551421939511783,48.16602705977857
0.046,71,1995737731,0.3367593288421631,0.0,0.0,6.456916060531512,49.40874991007149
0.046,72,1162788447,-0.2744159698486328,1.0,1.0,7.447676532319747,47.6329808589071
0.046,73,1172925522,-0.055109404027462006,1.0,1.0,7.658591097104363,47.49016207642853
0.046,74,539174575,-0.30000001192092896,1.0,1.0,9.020584439160302,47.6445599924773
0.046,75,2013637345,0.28051015734672546,0.0,0.0,6.750733311171643,48.32362290471792
0.046,76,1187468716,-0.14339791238307953,1.0,1.0,7.875945899519138,48.16418909467757
0.046,77,1062978506,0.3497793674468994,0.0,0.0,6.85916614625603,45.670646941289306
0.046,78,679326770,-0.08156844228506088,1.0,1.0,7.4268693721387535,46.80844605900347
0.046,79,587923432,-0.2166099101305008,1.0,1.0,7.431571599445306,46.930348966270685
0.046,80,1359889667,-0.19569896161556244,1.0,1.0,7.457533289329149,48.4548679087311
0.046,81,970187386,0.30160629749298096,0.0,0.0,6.561504733865149,47.28136211633682
0.046,82,1219839873,0.22246120870113373,0.0,0.0,6.730569979175925,47.4948869086802
0.046,83,1428160212,0.36212271451950073,0.0,0.0,6.534637357108295,50.1435820478946
0.046,84,1930609499,-0.08305103331804276,1.0,1.0,7.551141046802513,47.57989221252501
0.046,85,710582861,-0.11318455636501312,1.0,1.0,7.639541464392096,46.64790187962353
0.046,86,1463614337,-0.10637366026639938,1.0,1.0,8.061750513967127,46.37513402849436
0.046,87,1940152705,0.02956988476216793,0.0,0.0,8.370470413938165,46.380922896787524
0.046,88,985452196,0.22272467613220215,0.0,0.0,6.796865283395164,47.09676606580615
0.046,89,552062587,0.30739420652389526,0.0,0.0,6.740017871838063,45.59528292156756
0.046,90,623566272,0.028150351718068123,0.0,0.0,7.922713441075757,47.56599711254239
0.046,91,729775797,-0.05253094434738159,1.0,1.0,7.427196196396835,47.68217587843537
0.046,92,1352536665,-0.22876565158367157,1.0,1.0,7.489276912296191,53.22608212009072
0.046,93,555883440,-0.041112884879112244,1.0,1.0,8.499493629788049,46.650822972878814
0.046,94,1801800003,0.1059267669916153,0.0,0.0,7.9794833259657025,48.91770798712969
0.046,95,763315502,0.30579689145088196,0.0,0.0,6.614176398376003,46.887475065886974
0.046,96,138897982,-0.1042097732424736,1.0,1.0,7.535038748057559,47.30608896352351
0.046,97,10785379,-0.19829323887825012,1.0,1.0,7.807413394097239,47.090644016861916
0.046,98,53923185,-0.03609752282500267,1.0,1.0,7.827088158694096,45.39743694476783
0.046,99,1349917978,0.30003541707992554,0.0,0.0,6.392541761393659,47.477935906499624
0.047,0,1501552845,0.32204312086105347,0.0,0.0,6.522999586188234,60.33426499925554
0.047,1,488200390,0.22140057384967804,0.0,0.0,7.052315473672934,58.623828925192356
0.047,2,1693606510,0.12974125146865845,0.0,0.0,8.554008752806112,47.994005028158426
0.047,3,680233354,-0.061348456889390945,1.0,1.0,7.253689385368489,47.29694104753435
0.047,4,438466540,-0.21281810104846954,1.0,1.0,6.902085663983598,47.8566640522331
0.047,5,1712329280,-0.1211174726486206,1.0,1.0,7.442071693716571,47.95518610626459
0.047,6,1380152455,-0.25510865449905396,1.0,1.0,7.276490357937291,48.27084485441446
0.047,7,1452245846,-0.03127250447869301,1.0,1.0,7.92631579877343,47.446331940591335
0.047,8,2122694021,0.33347612619400024,0.0,0.0,6.606971237692051,46.76958010531962
0.047,9,839901363,0.09490726888179779,0.0,0.0,7.677997043356299,48.82858996279538
0.047,10,1802651552,-0.20492440462112427,1.0,1.0,7.4420050458284095,46.88678798265755
0.047,11,714712467,-0.0293042603880167,1.0,1.0,7.370794644230045,46.68428795412183
0.047,12,1218704077,0.335339218378067,0.0,0.0,6.635709568625316,48.07208594866097
0.047,13,1284858263,-0.09838100522756577,1.0,1.0,7.809828144498169,49.13311079144478
0.047,14,457721135,-0.12259801477193832,1.0,1.0,8.054498513927683,47.912443056702614
0.047,15,401008609,0.004512712825089693,0.0,0.0,7.297621524776332,47.82238393090665
0.047,16,492064534,0.261824369430542,0.0,0.0,6.868848585174419,46.5762650128454
0.047,17,1444732602,-0.1966075301170349,1.0,1.0,7.998281159088947,47.338084084913135
0.047,18,1317426686,-0.05481429025530815,1.0,1.0,7.378006914281286,47.77665785513818
0.047,19,2022506251,-0.09378271549940109,1.0,1.0,7.357422796310857,47.06135392189026
0.047,20,1516459118,-0.12321469187736511,1.0,1.0,7.725189637509175,47.64880891889334
0.047,21,533103612,-0.12713322043418884,1.0,1.0,7.419803328928538,46.076221857219934
0.047,22,1964759878,-0.14883959293365479,1.0,1.0,7.998351205140352,45.24167091585696
0.047,23,2037706756,0.22480788826942444,0.0,0.0,6.933183461427689,46.87274107709527
0.047,24,1572889065,-0.07731576263904572,1.0,1.0,7.327596373390406,46.097803162410855
0.047,25,1432881518,-0.1294393688440323,1.0,1.0,7.405753009370528,46.388576971367
0.047,26,280516901,0.06122574955224991,0.0,0.0,8.437834305688739,46.07122112065554
0.047,27,205939248,-0.09995520114898682,1.0,1.0,7.650359132792801,48.257987946271896
0.047,28,571904914,-0.06388665735721588,1.0,1.0,7.447791177663021,46.82105896063149
0.047,29,948843457,-0.2169346809387207,1.0,1.0,7.567184247076511,45.52419995889068
0.047,30,155492488,0.2699849009513855,0.0,0.0,6.640838119899854,46.32375598885119
0.047,31,1903701130,0.13018162548542023,0.0,0.0,7.512406723690219,45.942600117996335
0.047,32,1017961266,-0.1605040729045868,1.0,1.0,7.415974258794449,45.10237998329103
0.047,33,1497769985,0.21799097955226898,0.0,0.0,6.8988460475811735,47.32917505316436
0.047,34,456523489,0.3532472252845764,0.0,0.0,6.591446179198101,47.81928099691868
0.047,35,701095136,0.30547577142715454,0.0,0.0,6.667637276696041,46.81232804432511
0.047,36,249069576,0.32516151666641235,0.0,0.0,6.863443341571838,47.36659489572048
0.047,37,1576098728,-0.19625744223594666,1.0,1.0,7.311469534295611,47.548878006637096
0.047,38,1662748500,-0.0975295752286911,1.0,1.0,7.429276172653772,47.8201131336391
0.047,39,472736216,0.2018403857946396,0.0,0.0,6.723332190420479,46.041053952649236
0.047,40,1535411295,-0.13981758058071136,1.0,1.0,7.477888103341684,47.797681065276265
0.047,41,175223003,0.03172311559319496,0.0,0.0,7.530742552131414,47.268352936953306
0.047,42,840936862,-0.30000001192092896,1.0,1.0,7.434264569426887,47.49577399343252
0.047,43,343373188,-0.013423388823866844,1.0,1.0,8.575674901832826,47.54124186001718
0.047,44,1597751082,-0.10528779029846191,1.0,1.0,8.115178863634355,48.16619004122913
0.047,45,730359585,0.06341820955276489,0.0,0.0,7.804282766301185,50.98034907132387
0.047,46,1016641002,0.2773517370223999,0.0,0.0,6.879493079497479,52.191758062690496
0.047,47,998994690,-0.20258373022079468,1.0,1.0,7.226775978924707,49.13923307321966
0.047,48,1021240743,-0.14721722900867462,1.0,1.0,7.380594311165623,47.27609199471772
0.047,49,572134801,0.2995077967643738,0.0,0.0,6.776711670216173,47.05848987214267
0.047,50,1198399760,0.325722873210907,0.0,0.0,6.640823675552383,48.48585510626435
0.047,51,1751866485,0.02732277847826481,0.0,0.0,7.646884931949899,48.871089005842805
0.047,52,1070889713,-0.13700243830680847,1.0,1.0,8.123039623256773,46.90698510967195
0.047,53,415096539,0.3184351921081543,0.0,0.0,6.785535122733563,47.57828405126929
0.047,54,52416235,0.3461620509624481,0.0,0.0,6.7541935802437365,47.624598955735564
0.047,55,278032723,0.04661114141345024,0.0,0.0,7.9785386874573305,48.469912027940154
0.047,56,174946158,-0.2484082728624344,1.0,1.0,7.558732830686495,48.27007604762912
0.047,57,196848554,-0.06538622081279755,1.0,1.0,7.229585174005479,47.74472094140947
0.047,58,263030910,-0.009774197824299335,1.0,1.0,8.538567516487092,45.55953014642
0.047,59,1285415020,-0.2927049398422241,1.0,1.0,7.311214733403176,46.04263696819544
0.047,60,1733223444,0.3188718855381012,0.0,0.0,6.6059877262450755,47.186634968966246
0.047,61,1835544261,-0.0137020917609334,1.0,1.0,8.40364779427182,48.668391071259975
0.047,62,1403186970,-0.10686045140028,1.0,1.0,7.772363700903952,46.76826111972332
0.047,63,1291971777,0.3503630757331848,0.0,0.0,6.659177317749709,46.40701808966696
0.047,64,712292067,0.047065723687410355,0.0,0.0,7.9866986747365445,48.93318400718272
0.047,65,2001429764,-0.21444524824619293,1.0,1.0,7.772015491267666,47.56527999415994
0.047,66,1375664061,-0.2154182642698288,1.0,1.0,7.410316321882419,47.67967201769352
0.047,67,1556456120,0.29580751061439514,0.0,0.0,6.549172717728652,47.850561095401645
0.047,68,1576053187,-0.23150435090065002,1.0,1.0,7.42093246220611,49.14157395251095
0.047,69,1848019881,-0.1979699432849884,1.0,1.0,7.337208039360121,48.290239879861474
0.047,70,1508652585,0.19605739414691925,0.0,0.0,7.65232010721229,46.89715011045337
0.047,71,1995737731,0.3298560082912445,0.0,0.0,6.5058767177397385,47.3268220666796
0.047,72,1162788447,-0.2431267499923706,1.0,1.0,7.41918893030379,47.8304720018059
0.047,73,1172925522,-0.1761079728603363,1.0,1.0,7.560095880646259,46.06689000502229
0.047,74,539174575,-0.2969191074371338,1.0,1.0,7.792318002437241,46.96704004891217
0.047,75,2013637345,0.2861942648887634,0.0,0.0,6.830002484610304,45.6480837892741
0.047,76,1187468716,0.06073995679616928,0.0,0.0,7.914691966027021,46.867957105860114
0.047,77,1062978506,0.3541639745235443,0.0,0.0,6.858157408074476,48.32961596548557
0.047,78,679326770,-0.20305830240249634,1.0,1.0,7.537923928233795,47.13311092928052
0.047,79,587923432,-0.11219916492700577,1.0,1.0,8.153417275403626,46.45464010536671
0.047,80,1359889667,-0.12057290971279144,1.0,1.0,7.221230115042999,45.45606509782374
0.047,81,970187386,0.3151228725910187,0.0,0.0,6.623148504411802,47.845177818089724
0.047,82,1219839873,-0.15187685191631317,1.0,1.0,7.807222829433158,45.68288382142782
0.047,83,1428160212,0.37150612473487854,0.0,0.0,6.553165622521192,46.24168295413256
0.047,84,1930609499,-0.09503690898418427,1.0,1.0,7.414045040728524,46.369957039132714
0.047,85,710582861,-0.17932939529418945,1.0,1.0,7.3083705035969615,46.751582995057106
0.047,86,1463614337,-0.21119463443756104,1.0,1.0,7.236872620880604,45.4860778991133
0.047,87,1940152705,0.027418585494160652,0.0,0.0,8.104611965478398,45.72732700034976
0.047,88,985452196,0.23651552200317383,0.0,0.0,6.778534087818116,46.597923850640655
0.047,89,552062587,0.32268455624580383,0.0,0.0,6.714814043720253,46.487561194226146
0.047,90,623566272,-0.06701889634132385,1.0,1.0,8.038125437335111,48.03100693970919
0.047,91,729775797,-0.15534548461437225,1.0,1.0,8.026612496585585,45.928955078125
0.047,92,1352536665,-0.14640013873577118,1.0,1.0,7.163028626004234,45.857287012040615
0.047,93,555883440,0.057997822761535645,0.0,0.0,8.441866093315184,45.87998008355498
0.047,94,1801800003,-0.2626122534275055,1.0,1.0,8.691818461404182,46.571455895900726
0.047,95,763315502,0.32223302125930786,0.0,0.0,6.641767123481259,46.283825067803264
0.047,96,138897982,-0.13194923102855682,1.0,1.0,7.665223045391031,49.73905300721526
0.047,97,10785379,-0.10181200504302979,1.0,1.0,8.702576109673828,46.768037835136056
0.047,98,53923185,-0.10146993398666382,1.0,1.0,7.847569417557679,47.38980601541698
0.047,99,1349917978,0.30560484528541565,0.0,0.0,6.400632987380959,45.39265180937946
0.048,0,1501552845,0.3120575249195099,0.0,0.0,6.666344817960635,46.67223314754665
0.048,1,488200390,0.2422938346862793,0.0,0.0,7.045334697468206,46.43300990574062
0.048,2,1693606510,0.014813356101512909,0.0,0.0,8.943959770374931,45.48935708589852
0.048,3,680233354,-0.20781929790973663,1.0,1.0,7.3667444315506145,45.965004013851285
0.048,4,438466540,-0.050939690321683884,1.0,1.0,7.770507578738034,46.52136703953147
0.048,5,1712329280,-0.07370349019765854,1.0,1.0,7.649682648596354,46.1047429125756
0.048,6,1380152455,-0.25313159823417664,1.0,1.0,7.014396938728169,45.93617212958634
0.048,7,1452245846,-0.20369479060173035,1.0,1.0,7.22657181811519,44.50886696577072
0.048,8,2122694021,0.35861897468566895,0.0,0.0,6.455491018248722,45.83517787978053
0.048,9,839901363,0.0855230838060379,0.0,0.0,7.809572252212092,46.25230003148317
0.048,10,1802651552,0.3124801218509674,0.0,0.0,6.657270371215418,46.05138604529202
0.048,11,714712467,-0.09038204699754715,1.0,1.0,7.906357699539512,47.00942407362163
0.048,12,1218704077,0.3396569490432739,0.0,0.0,6.656087335082702,45.57216796092689
0.048,13,1284858263,0.10192825645208359,0.0,0.0,7.699165822356008,47.055621864274144
0.048,14,457721135,0.07342317700386047,0.0,0.0,8.317089060787112,45.41152692399919
0.048,15,401008609,-0.1538880467414856,1.0,1.0,8.185139556997456,45.76522996649146
0.048,16,492064534,0.2733615040779114,0.0,0.0,6.814518792554736,46.087068039923906
0.048,17,1444732602,-0.2100304663181305,1.0,1.0,7.598280385951512,46.91152204759419
0.048,18,1317426686,-0.05050896480679512,1.0,1.0,7.789649644983001,45.87277700193226
0.048,19,2022506251,-0.14500415325164795,1.0,1.0,8.227749137789942,46.121180057525635
0.048,20,1516459118,-0.15354862809181213,1.0,1.0,8.046086660004221,51.69429490342736
0.048,21,533103612,-0.00893890205770731,1.0,1.0,7.393100771470927,46.3095991872251
0.048,22,1964759878,-0.11837772279977798,1.0,1.0,8.24712664121762,47.60007304139435
0.048,23,2037706756,0.22429843246936798,0.0,0.0,7.031210090732202,47.01735987327993
0.048,24,1572889065,-0.22585779428482056,1.0,1.0,7.501825509709306,45.354278990998864
0.048,25,1432881518,-0.11883603781461716,1.0,1.0,7.18913041066844,46.038253931328654
0.048,26,280516901,-0.0011960500851273537,1.0,1.0,8.442154830903746,45.97345809452236
0.048,27,205939248,-0.15120866894721985,1.0,1.0,7.588422498782165,46.01440206170082
0.048,28,571904914,0.00881947297602892,0.0,0.0,7.363302703946829,45.805272879078984
0.048,29,948843457,-0.18512950837612152,1.0,1.0,7.358387905289419,47.10146295838058
0.048,30,155492488,0.30053287744522095,0.0,0.0,6.545684501179494,48.29749511554837
0.048,31,1903701130,-0.0487956777215004,1.0,1.0,8.477816909784451,46.608970034867525
0.048,32,1017961266,-0.16644319891929626,1.0,1.0,7.2153450136538595,45.118137961253524
0.048,33,1497769985,0.2249750792980194,0.0,0.0,6.922955889254808,45.911107910797
0.048,34,456523489,0.32364851236343384,0.0,0.0,6.7952290253015235,54.466846864670515
0.048,35,701095136,0.29874029755592346,0.0,0.0,6.746761537040584,45.75518798083067
0.048,36,249069576,0.3329012095928192,0.0,0.0,6.911554250633344,47.29628702625632
0.048,37,1576098728,-0.10048233717679977,1.0,1.0,8.383340457687154,45.91431189328432
0.048,38,1662748500,-0.15823638439178467,1.0,1.0,8.243715142831206,46.355390921235085
0.048,39,472736216,0.21859772503376007,0.0,0.0,6.696154056931846,53.457161877304316
0.048,40,1535411295,-0.0905807614326477,1.0,1.0,8.040711570414715,46.186924213543534
0.048,41,175223003,-0.23369711637496948,1.0,1.0,7.762735977652483,47.0180360134691
0.048,42,840936862,-0.2487029880285263,1.0,1.0,7.350375321810134,46.30524106323719
0.048,43,343373188,0.056141048669815063,0.0,0.0,7.497235032147728,46.54769180342555
0.048,44,1597751082,-0.13092419505119324,1.0,1.0,7.9621206626761705,47.7341131772846
0.048,45,730359585,0.30895400047302246,0.0,0.0,6.882776833721437,46.45336582325399
0.048,46,1016641002,0.3093145787715912,0.0,0.0,6.797241490450688,47.63483884744346
0.048,47,998994690,-0.12345123291015625,1.0,1.0,8.26400373550132,47.00537188909948
0.048,48,1021240743,-0.16836316883563995,1.0,1.0,8.122659917920828,46.21261404827237
0.048,49,572134801,0.31347745656967163,0.0,0.0,6.7594379803631455,45.314019080251455
0.048,50,1198399760,0.3361780345439911,0.0,0.0,6.595887619419955,46.482701087370515
0.048,51,1751866485,-0.03994372487068176,1.0,1.0,8.251482345047407,48.86039299890399
0.048,52,1070889713,-0.12477760016918182,1.0,1.0,7.933929672813974,46.50692199356854
0.048,53,415096539,0.31618642807006836,0.0,0.0,6.827692808234133,45.982575975358486
0.048,54,52416235,0.3463396728038788,0.0,0.0,6.786702064331621,46.12248996272683
0.048,55,278032723,0.1885824352502823,0.0,0.0,7.673071067896672,45.481930021196604
0.048,56,174946158,0.05296746641397476,0.0,0.0,8.285893354332075,45.77783006243408
0.048,57,196848554,-0.1999550610780716,1.0,1.0,7.200856867595576,45.63279403373599
0.048,58,263030910,-0.14059992134571075,1.0,1.0,7.827151796780527,46.1138088721782
0.048,59,1285415020,0.0530305840075016,0.0,0.0,8.151860038749874,45.99604313261807
0.048,60,1733223444,0.2867982089519501,0.0,0.0,6.70312302315142,47.90846607647836
0.048,61,1835544261,0.3282974064350128,0.0,0.0,6.9362796631176025,46.283836010843515
0.048,62,1403186970,-0.00039909398765303195,1.0,1.0,8.019117566524073,45.10699794627726
0.048,63,1291971777,0.37696573138237,0.0,0.0,6.632071808213368,46.522743068635464
0.048,64,712292067,-0.2440594583749771,1.0,1.0,7.668969166930765,47.25684807635844
0.048,65,2001429764,-0.26440778374671936,1.0,1.0,7.375984273036011,46.680076979100704
0.048,66,1375664061,-0.0645427256822586,1.0,1.0,7.139580889139324,46.8775387853384
0.048,67,1556456120,0.2961641550064087,0.0,0.0,6.5748005588538945,46.835287008434534
0.048,68,1576053187,-0.21991707384586334,1.0,1.0,7.56816470681224,46.24249809421599
0.048,69,1848019881,-0.10322637110948563,1.0,1.0,7.3891421352745965,47.63342090882361
0.048,70,1508652585,0.043603379279375076,0.0,0.0,8.405153438681737,47.324522864073515
0.048,71,1995737731,0.3439379632472992,0.0,0.0,6.483885982888751,47.7512669749558
0.048,72,1162788447,0.32117122411727905,0.0,0.0,6.645614773733541,46.78099602460861
0.048,73,1172925522,-0.05256844684481621,1.0,1.0,7.39899707341101,47.29767795652151
0.048,74,539174575,0.08116251975297928,0.0,0.0,7.592795167351142,47.69580997526646
0.048,75,2013637345,-0.26673266291618347,1.0,1.0,7.628405470051803,47.23221599124372
0.048,76,1187468716,-0.009339822456240654,1.0,1.0,8.257086300873198,46.78116110153496
0.048,77,1062978506,0.3645601272583008,0.0,0.0,6.823055002721958,48.4940439928323
0.048,78,679326770,0.06266667693853378,0.0,0.0,8.372147234040312,49.73557684570551
0.048,79,587923432,0.10783649235963821,0.0,0.0,8.160787707776763,48.300262074917555
0.048,80,1359889667,-0.1721017062664032,1.0,1.0,7.294382351683453,47.78057103976607
0.048,81,970187386,0.33381903171539307,0.0,0.0,6.657094084075652,48.068285919725895
0.048,82,1219839873,-0.14660903811454773,1.0,1.0,7.687600034056231,48.07928600348532
0.048,83,1428160212,0.38174426555633545,0.0,0.0,6.49626237701159,47.00799006968737
0.048,84,1930609499,-0.1374177634716034,1.0,1.0,7.646365599124692,45.67502811551094
0.048,85,710582861,-0.22112534940242767,1.0,1.0,7.2898703082464635,46.215820126235485
0.048,86,1463614337,-0.18223534524440765,1.0,1.0,8.353155220742337,46.292708022519946
0.048,87,1940152705,0.016965258866548538,0.0,0.0,8.29110327817034,47.10691003128886
0.048,88,985452196,0.24233609437942505,0.0,0.0,6.792317915824242,47.32510098256171
0.048,89,552062587,0.3290468752384186,0.0,0.0,6.754726869869046,54.13958290591836
0.048,90,623566272,-0.044166188687086105,1.0,1.0,8.412643565097824,50.62914779409766
0.048,91,729775797,-0.16042453050613403,1.0,1.0,8.159303828142583,46.31626093760133
0.048,92,1352536665,-0.19754669070243835,1.0,1.0,7.324068749905564,45.81617913208902
0.048,93,555883440,-0.11388188600540161,1.0,1.0,7.241177083225921,46.01275804452598
0.048,94,1801800003,0.21930785477161407,0.0,0.0,6.674899838748388,48.4673110768199
0.048,95,763315502,0.3202846050262451,0.0,0.0,6.70670432690531,47.755568055436015
0.048,96,138897982,-0.0721638947725296,1.0,1.0,8.477488410193473,46.3104119990021
0.048,97,10785379,0.38736721873283386,0.0,0.0,6.570206891512498,45.59060907922685
0.048,98,53923185,-0.01590493693947792,1.0,1.0,7.690087610855699,45.77572294510901
0.048,99,1349917978,0.3135565221309662,0.0,0.0,6.393976308405399,53.45793114975095
0.049,0,1501552845,0.3065343201160431,0.0,0.0,6.695134877925739,49.36793283559382
0.049,1,488200390,0.2600387930870056,0.0,0.0,7.085018264246173,46.57787596806884
0.049,2,1693606510,-0.23338142037391663,1.0,1.0,8.225118064437993,47.865615924820304
0.049,3,680233354,-0.21493537724018097,1.0,1.0,7.342797516495921,47.069736989215016
0.049,4,438466540,-0.03704122453927994,1.0,1.0,7.955715655698441,46.0545951500535
0.049,5,1712329280,0.04087810963392258,0.0,0.0,8.298496830859222,45.85020197555423
0.049,6,1380152455,-0.10019565373659134,1.0,1.0,8.180042335181497,45.699883019551635
0.049,7,1452245846,-0.23597808182239532,1.0,1.0,8.069941331865266,47.44226299226284
0.049,8,2122694021,0.37068334221839905,0.0,0.0,6.445235933875665,47.18530806712806
0.049,9,839901363,-0.2113994061946869,1.0,1.0,7.482322657830082,47.098519979044795
0.049,10,1802651552,-0.032151177525520325,1.0,1.0,7.5703328280942515,47.13277705013752
0.049,11,714712467,-0.16005326807498932,1.0,1.0,7.395161879830994,46.2951990775764
0.049,12,1218704077,0.32841360569000244,0.0,0.0,6.86102426040452,47.94507520273328
0.049,13,1284858263,0.07250373810529709,0.0,0.0,8.802866082871333,47.02347004786134
0.049,14,457721135,-0.03863630071282387,1.0,1.0,8.093126821797341,47.1554531250149
0.049,15,401008609,-0.13281534612178802,1.0,1.0,8.059099191334099,45.795928221195936
0.049,16,492064534,0.27890464663505554,0.0,0.0,6.800575731671415,47.35524510033429
0.049,17,1444732602,-0.20303374528884888,1.0,1.0,8.237817035755143,44.54710707068443
0.049,18,1317426686,-0.19677689671516418,1.0,1.0,7.787735895370133,47.08924703299999
0.049,19,2022506251,-0.06871438771486282,1.0,1.0,8.367644965299405,47.89101704955101
0.049,20,1516459118,-0.30000001192092896,1.0,1.0,9.278353326953948,46.35796509683132
0.049,21,533103612,-0.20301951467990875,1.0,1.0,7.561979925492778,46.84631619602442
0.049,22,1964759878,0.03448053076863289,0.0,0.0,8.521399073651992,46.272480860352516
0.049,23,2037706756,0.24125637114048004,0.0,0.0,7.04719876893796,45.16242817044258
0.049,24,1572889065,-0.044516243040561676,1.0,1.0,7.22071104333736,45.893667032942176
0.049,25,1432881518,0.004546032287180424,0.0,0.0,7.2151964796939865,45.592708978801966
0.049,26,280516901,-0.05433649569749832,1.0,1.0,7.788578396430239,45.205803122371435
0.049,27,205939248,-0.07076945900917053,1.0,1.0,7.442191089619882,46.514302026480436
0.049,28,571904914,-0.1992587000131607,1.0,1.0,8.400361387874,47.86009481176734
0.049,29,948843457,-0.1803554892539978,1.0,1.0,7.449892455362715,45.08039285428822
0.049,30,155492488,0.30243855714797974,0.0,0.0,6.576783728320152,46.243820106610656
0.049,31,1903701130,0.03858152776956558,0.0,0.0,7.492578075733036,46.34614288806915
0.049,32,1017961266,-0.18401797115802765,1.0,1.0,7.476720036822371,46.836233930662274
0.049,33,1497769985,0.23885883390903473,0.0,0.0,6.9044946358771995,46.91876797005534
0.049,34,456523489,0.33067944645881653,0.0,0.0,6.736759361694567,47.97559790313244
0.049,35,701095136,0.3147962689399719,0.0,0.0,6.739792194450274,47.21476603299379
0.049,36,249069576,0.3444724678993225,0.0,0.0,6.851464692153968,47.49430692754686
0.049,37,1576098728,-0.04015958309173584,1.0,1.0,7.550839374656789,48.26003895141184
0.049,38,1662748500,-0.20344868302345276,1.0,1.0,7.3832164572086185,45.730462996289134
0.049,39,472736216,0.22604581713676453,0.0,0.0,6.6804678569315,47.132726991549134
0.049,40,1535411295,-0.17612430453300476,1.0,1.0,7.376114433747716,47.265073051676154
0.049,41,175223003,-0.2364637702703476,1.0,1.0,7.622226979699917,46.77581903524697
0.049,42,840936862,-0.30000001192092896,1.0,1.0,7.359330683248118,46.356298960745335
0.049,43,343373188,-0.2955062985420227,1.0,1.0,7.7375612071482465,46.686869114637375
0.049,44,1597751082,-0.12412769347429276,1.0,1.0,7.291060291347094,45.93662917613983
0.049,45,730359585,0.3139890730381012,0.0,0.0,6.8545991578139365,47.075961949303746
0.049,46,1016641002,0.32131049036979675,0.0,0.0,6.726391447824426,48.07506990619004
0.049,47,998994690,-0.13962595164775848,1.0,1.0,7.4742088210769,46.38882400467992
0.049,48,1021240743,0.3172610402107239,0.0,0.0,6.743453113012947,47.28729394264519
0.049,49,572134801,0.32092535495758057,0.0,0.0,6.770617378526367,47.29234892874956
0.049,50,1198399760,0.34326955676078796,0.0,0.0,6.544804434408434,47.62355098500848
0.049,51,1751866485,0.04332293942570686,0.0,0.0,7.861103008850478,46.61550302989781
0.049,52,1070889713,0.2762579619884491,0.0,0.0,6.824667946086265,46.7270219232887
0.049,53,415096539,0.2959166169166565,0.0,0.0,6.838601714465767,58.85197501629591
0.049,54,52416235,0.35265088081359863,0.0,0.0,6.799886631895788,52.54677892662585
0.049,55,278032723,-0.05675353854894638,1.0,1.0,7.3488832716830075,46.32469709031284
0.049,56,174946158,0.03651542589068413,0.0,0.0,8.05856888240669,47.00370505452156
0.049,57,196848554,0.25138407945632935,0.0,0.0,6.8258220233256,45.8392680156976
0.049,58,263030910,0.04183606058359146,0.0,0.0,8.21537845057901,59.3753750436008
0.049,59,1285415020,-0.13228999078273773,1.0,1.0,7.581854586722329,45.796750113368034
0.049,60,1733223444,0.32585105299949646,0.0,0.0,6.667636090773158,45.72426597587764
0.049,61,1835544261,0.34647542238235474,0.0,0.0,6.925467998255044,46.02322215214372
0.049,62,1403186970,-0.20634593069553375,1.0,1.0,8.404637444298714,49.096849048510194
0.049,63,1291971777,0.383751779794693,0.0,0.0,6.656076853396371,46.18052998557687
0.049,64,712292067,-0.1794244945049286,1.0,1.0,7.709136862657033,46.45866504870355
0.049,65,2001429764,-0.2540552616119385,1.0,1.0,7.388290328672156,47.180975088849664
0.049,66,1375664061,-0.1845296025276184,1.0,1.0,7.424258154933341,45.89280090294778
0.049,67,1556456120,0.2966972887516022,0.0,0.0,6.61100077140145,47.53659595735371
0.049,68,1576053187,-0.21053701639175415,1.0,1.0,7.301082860678434,47.64887993223965
0.049,69,1848019881,-0.2253156304359436,1.0,1.0,7.480823894497007,47.92834585532546
0.049,70,1508652585,0.13763105869293213,0.0,0.0,8.122945392038673,46.34352494031191
0.049,71,1995737731,0.34695959091186523,0.0,0.0,6.515679334290326,45.83907802589238
0.049,72,1162788447,0.3352185785770416,0.0,0.0,6.64607312483713,46.51837004348636
0.049,73,1172925522,0.03728033974766731,0.0,0.0,7.972675254102796,47.33723890967667
0.049,74,539174575,-0.2722052037715912,1.0,1.0,7.43920548656024,47.10203199647367
0.049,75,2013637345,-0.18527033925056458,1.0,1.0,7.582228009821847,48.5293990932405
0.049,76,1187468716,0.039165571331977844,0.0,0.0,8.046781348180957,48.87849511578679
0.049,77,1062978506,0.36725127696990967,0.0,0.0,6.861974613275379,47.25883295759559
0.049,78,679326770,-0.1297963708639145,1.0,1.0,7.4566473313607275,47.53837897442281
0.049,79,587923432,-0.19589164853096008,1.0,1.0,7.4852942493744195,48.10794605873525
0.049,80,1359889667,-0.14852510392665863,1.0,1.0,7.244023125967942,47.36218391917646
0.049,81,970187386,0.3420674204826355,0.0,0.0,6.723939862567931,45.80564494244754
0.049,82,1219839873,-0.09412025660276413,1.0,1.0,7.797106605721638,47.316314885392785
0.049,83,1428160212,0.387682169675827,0.0,0.0,6.551151313236915,45.080112060531974
0.049,84,1930609499,-0.062105804681777954,1.0,1.0,7.322415548260324,45.99806992337108
0.049,85,710582861,-0.05896718427538872,1.0,1.0,8.769123945501633,46.63205915130675
0.049,86,1463614337,-0.11527958512306213,1.0,1.0,7.517614588839933,46.83603602461517
0.049,87,1940152705,0.0846530869603157,0.0,0.0,7.9777271640487015,46.516128117218614
0.049,88,985452196,0.2548361122608185,0.0,0.0,6.801956605515443,52.90237697772682
0.049,89,552062587,0.34267914295196533,0.0,0.0,6.739781616954133,50.23372918367386
0.049,90,623566272,0.0024098544381558895,0.0,0.0,7.301640543737449,45.945487916469574
0.049,91,729775797,-0.1900615245103836,1.0,1.0,7.372905367286876,45.65872601233423
0.049,92,1352536665,-0.1884457767009735,1.0,1.0,7.449084618710913,46.85312998481095
0.049,93,555883440,-0.15374518930912018,1.0,1.0,7.278430146165192,47.281673876568675
0.049,94,1801800003,0.26315581798553467,0.0,0.0,6.852711781277321,45.81894096918404
0.049,95,763315502,0.32922041416168213,0.0,0.0,6.73908687045332,46.38050519861281
0.049,96,138897982,-0.2556501626968384,1.0,1.0,7.433350558509119,45.31090403907001
0.049,97,10785379,0.38919588923454285,0.0,0.0,6.576219868147746,46.488803811371326
0.049,98,53923185,-0.013985683210194111,1.0,1.0,7.390244168578647,64.10461384803057
0.049,99,1349917978,0.3246611952781677,0.0,0.0,6.415051583084278,46.341105131432414
0.05,0,1501552845,0.3101333677768707,0.0,0.0,6.716679492150433,46.98217986151576
0.05,1,488200390,0.2715562880039215,0.0,0.0,7.093390302499756,47.71863901987672
0.05,2,1693606510,0.026746338233351707,0.0,0.0,7.4602379645220935,45.21296010352671
0.05,3,680233354,-0.2109251171350479,1.0,1.0,7.268996246973984,45.61736108735204
0.05,4,438466540,-0.09853814542293549,1.0,1.0,8.144518193672411,46.26499186269939
0.05,5,1712329280,-0.2228900045156479,1.0,1.0,7.197632617200725,46.72262095846236
0.05,6,1380152455,0.34938377141952515,0.0,0.0,6.6398076206678525,46.41783703118563
0.05,7,1452245846,-0.020718440413475037,1.0,1.0,7.313535596593283,46.33828508667648
0.05,8,2122694021,0.36441323161125183,0.0,0.0,6.466235741856508,46.8564061447978
0.05,9,839901363,-0.039111312478780746,1.0,1.0,8.06922567076981,46.727473149076104
0.05,10,1802651552,-0.18198388814926147,1.0,1.0,7.364220396033488,45.87255697697401
0.05,11,714712467,-0.14723366498947144,1.0,1.0,7.451531638740562,46.619169879704714
0.05,12,1218704077,0.38088464736938477,0.0,0.0,6.755261346930638,46.20633996091783
0.05,13,1284858263,-0.1255502998828888,1.0,1.0,7.669924657442607,45.993362087756395
0.05,14,457721135,-0.30000001192092896,1.0,1.0,41.63294465630315,46.627228148281574
0.05,15,401008609,-0.19826465845108032,1.0,1.0,7.451989717432298,52.238326985388994
0.05,16,492064534,0.27708378434181213,0.0,0.0,6.843331553856842,49.83103182166815
0.05,17,1444732602,-0.17142392694950104,1.0,1.0,7.4135169993387535,46.71559319831431
0.05,18,1317426686,0.04520898684859276,0.0,0.0,7.365059938514605,47.57060203701258
0.05,19,2022506251,-0.09440251439809799,1.0,1.0,8.07557561865542,45.07243097759783
0.05,20,1516459118,-0.1256161481142044,1.0,1.0,7.301530366297811,46.21878592297435
0.05,21,533103612,-0.14795038104057312,1.0,1.0,7.438057950115763,46.015115920454264
0.05,22,1964759878,-0.26884782314300537,1.0,1.0,7.768095875973813,47.00687201693654
0.05,23,2037706756,0.2507955729961395,0.0,0.0,7.095498261041939,46.059153974056244
0.05,24,1572889065,0.06949621438980103,0.0,0.0,7.524913914618082,47.40583500824869
0.05,25,1432881518,-0.0462331548333168,1.0,1.0,7.889437014004216,47.64793603681028
0.05,26,280516901,-0.30000001192092896,1.0,1.0,7.602332929382101,45.951210893690586
0.05,27,205939248,-0.17835594713687897,1.0,1.0,7.46912541880738,46.71345395036042
0.05,28,571904914,-0.1672525852918625,1.0,1.0,7.5058094104751945,45.77206284739077
0.05,29,948843457,-0.123857781291008,1.0,1.0,8.213476430391893,46.00736289285123
0.05,30,155492488,0.31011027097702026,0.0,0.0,6.625983997597359,46.997416066005826
0.05,31,1903701130,-0.11809076368808746,1.0,1.0,7.7613168130628765,45.60766904614866
0.05,32,1017961266,-0.23182520270347595,1.0,1.0,7.305778737994842,47.12154297158122
0.05,33,1497769985,0.2529071271419525,0.0,0.0,6.8187329632928595,45.64225301146507
0.05,34,456523489,0.33320122957229614,0.0,0.0,6.727472093538381,46.01003718562424
0.05,35,701095136,0.32755085825920105,0.0,0.0,6.7454633170273155,47.243697103112936
0.05,36,249069576,0.3157998025417328,0.0,0.0,6.970946519984864,45.787806855514646
0.05,37,1576098728,-0.2389855831861496,1.0,1.0,8.169279639143497,45.730626909062266
0.05,38,1662748500,0.04177894815802574,0.0,0.0,8.078192885615863,53.865843918174505
0.05,39,472736216,0.24767853319644928,0.0,0.0,6.675278223585337,46.11597512848675
0.05,40,1535411295,-0.15096469223499298,1.0,1.0,7.510014478000812,46.20190616697073
0.05,41,175223003,0.0794379785656929,0.0,0.0,8.32809313526377,45.469810953363776
0.05,42,840936862,-0.30000001192092896,1.0,1.0,7.365637483191676,47.05841583199799
0.05,43,343373188,-0.12964381277561188,1.0,1.0,7.163957662764005,45.999885071069
0.05,44,1597751082,-0.09389927238225937,1.0,1.0,7.886032744077966,45.866870088502765
0.05,45,730359585,0.3183524012565613,0.0,0.0,6.794166328269057,45.847442001104355
0.05,46,1016641002,0.3313087522983551,0.0,0.0,6.72476371913217,45.73371005244553
0.05,47,998994690,-0.18807226419448853,1.0,1.0,7.994870880502276,46.480942983180285
0.05,48,1021240743,0.3561848998069763,0.0,0.0,6.671420083497651,46.28609004430473
0.05,49,572134801,0.3296421468257904,0.0,0.0,6.789304730365984,45.92181695625186
0.05,50,1198399760,0.35135841369628906,0.0,0.0,6.533302975469269,47.169830882921815
0.05,51,1751866485,-0.129068985581398,1.0,1.0,7.847168635111302,46.02915490977466
0.05,52,1070889713,0.25871509313583374,0.0,0.0,6.864947089925408,46.27355793491006
0.05,53,415096539,0.3129369914531708,0.0,0.0,6.881278399028815,46.865853015333414
0.05,54,52416235,0.36218902468681335,0.0,0.0,6.796443468425423,46.721345046535134
0.05,55,278032723,-0.10742685943841934,1.0,1.0,7.4493240809533745,47.42878116667271
0.05,56,174946158,0.11332625150680542,0.0,0.0,8.010830465704203,47.036708099767566
0.05,57,196848554,0.29051002860069275,0.0,0.0,6.888897364609875,46.0518728941679
0.05,58,263030910,-0.23470988869667053,1.0,1.0,7.484511398593895,47.302552964538336
0.05,59,1285415020,-0.046903010457754135,1.0,1.0,8.45697306690272,47.11921815760434
0.05,60,1733223444,0.33836129307746887,0.0,0.0,6.720655563985929,49.16276386938989
0.05,61,1835544261,0.35334622859954834,0.0,0.0,6.9359041538555175,47.859146958217025
0.05,62,1403186970,-0.02891063503921032,1.0,1.0,7.5152336792089045,48.00550593063235
0.05,63,1291971777,0.3930911421775818,0.0,0.0,6.698032129555941,47.05456201918423
0.05,64,712292067,-0.0002918009995482862,1.0,1.0,7.840587718179449,48.326265066862106
0.05,65,2001429764,0.12648707628250122,0.0,0.0,7.595466352417134,48.44567598775029
0.05,66,1375664061,-0.1872205287218094,1.0,1.0,7.280046186293475,48.75988606363535
0.05,67,1556456120,0.293526828289032,0.0,0.0,6.695866716094315,46.942837070673704
0.05,68,1576053187,-0.15671409666538239,1.0,1.0,8.29448991024401,47.57256107404828
0.05,69,1848019881,0.3171979486942291,0.0,0.0,6.738302762270905,47.69977508112788
0.05,70,1508652585,-0.11269088834524155,1.0,1.0,7.3182011399185285,47.948542051017284
0.05,71,1995737731,0.3515525758266449,0.0,0.0,6.537250716006383,47.70981683395803
0.05,72,1162788447,0.3436448872089386,0.0,0.0,6.652362261898816,49.01618813164532
0.05,73,1172925522,-0.1572868376970291,1.0,1.0,8.094899777439423,48.782756086438894
0.05,74,539174575,-0.2183130383491516,1.0,1.0,7.529278078349307,48.079449916258454
0.05,75,2013637345,-0.18112525343894958,1.0,1.0,7.564197389176115,48.331205965951085
0.05,76,1187468716,-0.30000001192092896,1.0,1.0,8.800734751741402,48.435793025419116
0.05,77,1062978506,-0.30000001192092896,1.0,1.0,7.193331805523485,47.14211309328675
0.05,78,679326770,-0.16413456201553345,1.0,1.0,7.537310903542675,46.88681708648801
0.05,79,587923432,-0.08909286558628082,1.0,1.0,8.174158811452799,45.822069980204105
0.05,80,1359889667,-0.13495491445064545,1.0,1.0,8.054798322962597,45.937899965792894
0.05,81,970187386,0.3434285521507263,0.0,0.0,6.69939553225413,47.29844885878265
0.05,82,1219839873,0.06980107724666595,0.0,0.0,7.936800816794857,48.42505697160959
0.05,83,1428160212,0.4047468304634094,0.0,0.0,6.5423528087558225,47.79457417316735
0.05,84,1930609499,-0.01727793924510479,1.0,1.0,7.662006256636232,46.92006600089371
0.05,85,710582861,0.04015842452645302,0.0,0.0,8.778774440754205,52.54529416561127
0.05,86,1463614337,-0.16181479394435883,1.0,1.0,7.2562913979636505,49.34947099536657
0.05,87,1940152705,-0.008853373117744923,1.0,1.0,7.954163317219354,46.37235193513334
0.05,88,985452196,0.27668318152427673,0.0,0.0,6.765125277452171,46.654973877593875
0.05,89,552062587,0.3481544256210327,0.0,0.0,6.765768444282003,48.00594598054886
0.05,90,623566272,-0.13580623269081116,1.0,1.0,7.305030837538652,46.896916115656495
0.05,91,729775797,0.044803835451602936,0.0,0.0,7.486765573383309,46.496219001710415
0.05,92,1352536665,-0.1244179978966713,1.0,1.0,8.195117462310009,45.62024283222854
0.05,93,555883440,-0.06519492715597153,1.0,1.0,7.246154780732468,45.016139978542924
0.05,94,1801800003,0.2730274796485901,0.0,0.0,6.8827306245220825,45.46861513517797
0.05,95,763315502,0.33501550555229187,0.0,0.0,6.722942260908894,46.09664506278932
0.05,96,138897982,-0.1522267609834671,1.0,1.0,7.324144394253381,46.08294810168445
0.05,97,10785379,0.3776513338088989,0.0,0.0,6.563761266530491,47.64294414781034
0.05,98,53923185,-0.07618658244609833,1.0,1.0,7.559074585442431,46.69063608162105
0.05,99,1349917978,0.3335499167442322,0.0,0.0,6.4649204219458625,46.2331420276314
0.051,0,1501552845,0.3095938563346863,0.0,0.0,6.853933766717091,53.05724893696606
0.051,1,488200390,0.27723366022109985,0.0,0.0,7.130997007130645,47.8736381046474
0.051,2,1693606510,-0.1992371380329132,1.0,1.0,8.308012824039906,47.65109298750758
0.051,3,680233354,-0.15881602466106415,1.0,1.0,7.498254673904739,45.541801024228334
0.051,4,438466540,-0.19186724722385406,1.0,1.0,7.542500641429797,45.837715966627
0.051,5,1712329280,-0.17249269783496857,1.0,1.0,7.718849431956187,45.783775160089135
0.051,6,1380152455,0.3594115674495697,0.0,0.0,6.633283615112305,48.349014949053526
0.051,7,1452245846,-0.16844244301319122,1.0,1.0,7.837759610149078,46.507202088832855
0.051,8,2122694021,0.36557647585868835,0.0,0.0,6.564866598928347,46.49588093161583
0.051,9,839901363,0.1166389063000679,0.0,0.0,8.051738330279477,47.13736497797072
0.051,10,1802651552,-0.14315152168273926,1.0,1.0,7.392750947386958,47.71291394717991
0.051,11,714712467,-0.17709596455097198,1.0,1.0,8.120179382385686,46.046447940170765
0.051,12,1218704077,0.3716221749782562,0.0,0.0,6.9140174724161625,47.50406392849982
0.051,13,1284858263,-0.29842084646224976,1.0,1.0,8.216801830334589,46.4499699883163
0.051,14,457721135,-0.1583251953125,1.0,1.0,7.758581672678702,46.97836306877434
0.051,15,401008609,-0.06976259499788284,1.0,1.0,7.351034851861186,48.21203998290002
0.051,16,492064534,0.2755582630634308,0.0,0.0,6.888144711614586,47.677363036200404
0.051,17,1444732602,-0.16196879744529724,1.0,1.0,8.024768233648501,46.65431100875139
0.051,18,1317426686,-0.032067034393548965,1.0,1.0,8.829062968841754,47.12836490944028
0.051,19,2022506251,-0.05868595466017723,1.0,1.0,8.149375883163884,46.45159700885415
0.051,20,1516459118,-0.14633697271347046,1.0,1.0,7.699642358580604,48.68179908953607
0.051,21,533103612,-0.1681574583053589,1.0,1.0,7.409040041384287,46.948862029239535
0.051,22,1964759878,-0.054579343646764755,1.0,1.0,8.625436136499047,48.39884489774704
0.051,23,2037706756,0.28512662649154663,0.0,0.0,6.981734730536118,48.28568990342319
0.051,24,1572889065,-0.05995095148682594,1.0,1.0,7.221600822987966,46.11078789457679
0.051,25,1432881518,0.026008259505033493,0.0,0.0,7.7397814460564405,52.705598063766956
0.051,26,280516901,0.05463540181517601,0.0,0.0,8.349304646370001,51.37255787849426
0.051,27,205939248,-0.18139147758483887,1.0,1.0,7.315322321257554,46.123163076117635
0.051,28,571904914,-0.1426256000995636,1.0,1.0,7.741062823450193,46.377209946513176
0.051,29,948843457,-0.2096039056777954,1.0,1.0,8.427671671262942,47.143510077148676
0.051,30,155492488,0.3170328736305237,0.0,0.0,6.642936441698112,49.59942796267569
0.051,31,1903701130,0.11622612178325653,0.0,0.0,7.973510516341776,47.31530719436705
0.051,32,1017961266,0.0073410761542618275,0.0,0.0,7.399280631681904,46.84993904083967
0.051,33,1497769985,0.25260940194129944,0.0,0.0,6.9221902379067615,46.55208089388907
0.051,34,456523489,0.3136892020702362,0.0,0.0,6.898107373039238,47.967477003112435
0.051,35,701095136,0.33457934856414795,0.0,0.0,6.781333876191638,47.80235607177019
0.051,36,249069576,0.30683380365371704,0.0,0.0,6.98562617006246,46.22108000330627
0.051,37,1576098728,-0.1182376891374588,1.0,1.0,7.297762485803105,46.26374691724777
0.051,38,1662748500,0.1371447592973709,0.0,0.0,8.009863432846032,45.94969702884555
0.051,39,472736216,0.25288039445877075,0.0,0.0,6.6886647490318865,45.24994012899697
0.051,40,1535411295,-0.19402995705604553,1.0,1.0,7.195489967125468,47.467168886214495
0.051,41,175223003,0.04655538871884346,0.0,0.0,7.915081851417199,46.23850993812084
0.051,42,840936862,-0.2708582878112793,1.0,1.0,7.424091845517978,46.631277073174715
0.051,43,343373188,0.004468279425054789,0.0,0.0,7.685125652700663,46.70736799016595
0.051,44,1597751082,-0.01741711050271988,1.0,1.0,7.910382479662076,45.49582791514695
0.051,45,730359585,0.3248913884162903,0.0,0.0,6.8463197582168505,46.78979003801942
0.051,46,1016641002,0.3446473479270935,0.0,0.0,6.623069281922653,45.40817392989993
0.051,47,998994690,-0.20471543073654175,1.0,1.0,7.491899017710239,45.66439986228943
0.051,48,1021240743,0.3813650608062744,0.0,0.0,6.789344250340946,45.847672037780285
0.051,49,572134801,0.3429577946662903,0.0,0.0,6.824513194267638,45.64095987007022
0.051,50,1198399760,0.36576610803604126,0.0,0.0,6.548951460747048,45.58944306336343
0.051,51,1751866485,-0.06478878855705261,1.0,1.0,7.518993475358002,46.455493196845055
0.051,52,1070889713,0.2557187080383301,0.0,0.0,6.896485017379746,45.71956489235163
0.051,53,415096539,0.2979382574558258,0.0,0.0,6.853975676582195,45.6907341722399
0.051,54,52416235,0.37023448944091797,0.0,0.0,6.810229495866224,45.556571101769805
0.051,55,278032723,0.19798648357391357,0.0,0.0,7.736292263492942,45.29704502783716
0.051,56,174946158,0.12261631339788437,0.0,0.0,7.775792355998419,45.40577088482678
0.051,57,196848554,0.2732636034488678,0.0,0.0,6.9260965953581035,46.30163498222828
0.051,58,263030910,0.10727933794260025,0.0,0.0,8.124911855207756,45.408381847664714
0.051,59,1285415020,0.02719484455883503,0.0,0.0,7.915451625478454,46.28570005297661
0.051,60,1733223444,0.3400035798549652,0.0,0.0,6.700701985741034,48.773620976135135
0.051,61,1835544261,0.35122910141944885,0.0,0.0,6.806440343265422,46.463989885523915
0.051,62,1403186970,-0.12581874430179596,1.0,1.0,7.52425497258082,45.30762508511543
0.051,63,1291971777,0.3966398537158966,0.0,0.0,6.704326320439577,46.90073011443019
0.051,64,712292067,-0.08667057007551193,1.0,1.0,7.424687004298903,49.896452110260725
0.051,65,2001429764,0.10624556988477707,0.0,0.0,8.026729424949735,46.26329685561359
0.051,66,1375664061,-0.12133906036615372,1.0,1.0,7.396967840963043,45.963481068611145
0.051,67,1556456120,0.30346304178237915,0.0,0.0,6.682324006804265,46.73370695672929
0.051,68,1576053187,-0.11624616384506226,1.0,1.0,7.23750790883787,46.89516895450652
0.051,69,1848019881,0.33152398467063904,0.0,0.0,6.7849267817800865,46.634264988824725
0.051,70,1508652585,0.07116904109716415,0.0,0.0,7.959074204438366,46.869358979165554
0.051,71,1995737731,0.364204078912735,0.0,0.0,6.545018071425147,45.013845898211
0.051,72,1162788447,0.3493305742740631,0.0,0.0,6.672029790701345,45.46068306080997
0.051,73,1172925522,-0.009660341776907444,1.0,1.0,7.78240712673869,45.43232312425971
0.051,74,539174575,-0.2637259066104889,1.0,1.0,7.689475927036256,46.05471692048013
0.051,75,2013637345,-0.26664528250694275,1.0,1.0,7.515780085581355,45.931634958833456
0.051,76,1187468716,-0.2134864181280136,1.0,1.0,7.665824026917107,45.99255183711648
0.051,77,1062978506,0.04832588508725166,0.0,0.0,7.968552427366376,47.714556101709604
0.051,78,679326770,-0.1971735954284668,1.0,1.0,7.687863608938642,46.07913992367685
0.051,79,587923432,0.06384517252445221,0.0,0.0,8.415748780127615,45.520203886553645
0.051,80,1359889667,-0.20417411625385284,1.0,1.0,7.427073957165703,46.095623169094324
0.051,81,970187386,0.34416985511779785,0.0,0.0,6.698354775202461,47.06557816825807
0.051,82,1219839873,-0.14661286771297455,1.0,1.0,7.9374071405036375,46.20117205195129
0.051,83,1428160212,0.4159146845340729,0.0,0.0,6.574655958800577,46.26997094601393
0.051,84,1930609499,-0.18449033796787262,1.0,1.0,7.449897388461977,46.35268519632518
0.051,85,710582861,0.20383614301681519,0.0,0.0,7.0020263568731025,45.933069894090295
0.051,86,1463614337,-0.052897386252880096,1.0,1.0,8.251866785227321,46.29105515778065
0.051,87,1940152705,0.3676556944847107,0.0,0.0,6.8425799092510715,45.52717483602464
0.051,88,985452196,0.2915361523628235,0.0,0.0,6.77041643881239,45.9754120092839
0.051,89,552062587,0.3619610071182251,0.0,0.0,6.732078391010873,46.431113965809345
0.051,90,623566272,-0.1800220012664795,1.0,1.0,7.35884948936291,45.86011893115938
0.051,91,729775797,-0.19847288727760315,1.0,1.0,8.262059732573107,45.58331985026598
0.051,92,1352536665,-0.16182413697242737,1.0,1.0,7.351023534545675,46.94479005411267
0.051,93,555883440,-0.03143588826060295,1.0,1.0,7.39336207206361,48.18481998518109
0.051,94,1801800003,0.29142940044403076,0.0,0.0,7.019739996409044,46.704919077456
0.051,95,763315502,0.3397752344608307,0.0,0.0,6.774717053631321,47.29005112312734
0.051,96,138897982,0.15632814168930054,0.0,0.0,7.78900033433456,45.97831703722477
0.051,97,10785379,0.3964264392852783,0.0,0.0,6.496579245664179,45.9819920361042
0.051,98,53923185,-0.14427627623081207,1.0,1.0,7.426775666070171,45.41855305433273
0.051,99,1349917978,0.3291350305080414,0.0,0.0,6.4957363872090355,46.868985053151846
0.052,0,1501552845,0.30651557445526123,0.0,0.0,6.936816303641535,49.288125010207295
0.052,1,488200390,0.273897647857666,0.0,0.0,7.215361825772561,64.80346899479628
0.052,2,1693606510,-0.1717984527349472,1.0,1.0,7.517165513243526,57.95139097608626
0.052,3,680233354,-0.0037474066484719515,1.0,1.0,8.061491493484937,45.306612038984895
0.052,4,438466540,-0.13074667751789093,1.0,1.0,7.930076674674638,45.80230708234012
0.052,5,1712329280,-0.05687892809510231,1.0,1.0,7.610035870224237,46.9672370236367
0.052,6,1380152455,0.36563244462013245,0.0,0.0,6.629153797868639,52.23905900493264
0.052,7,1452245846,0.0752941220998764,0.0,0.0,8.361546090454794,45.72798311710358
0.052,8,2122694021,0.37464141845703125,0.0,0.0,6.634036326082423,46.22799507342279
0.052,9,839901363,-0.09908344596624374,1.0,1.0,8.362525981268845,45.610078144818544
0.052,10,1802651552,-0.10456159710884094,1.0,1.0,7.517004234017804,46.79895821027458
0.052,11,714712467,-0.12097719311714172,1.0,1.0,8.123699968447909,46.60868085920811
0.052,12,1218704077,0.3908133804798126,0.0,0.0,6.830538987414911,46.07462999410927
0.052,13,1284858263,-0.11537213623523712,1.0,1.0,7.438447949127294,46.475965064018965
0.052,14,457721135,-0.0027828847523778677,1.0,1.0,8.418257740093395,46.34709004312754
0.052,15,401008609,-0.19213788211345673,1.0,1.0,7.502787027973682,46.120579121634364
0.052,16,492064534,0.27967411279678345,0.0,0.0,6.894085859181359,46.17905290797353
0.052,17,1444732602,-0.13415367901325226,1.0,1.0,7.66268218238838,45.38115719333291
0.052,18,1317426686,-0.007039986550807953,1.0,1.0,8.724360108957626,47.265282133594155
0.052,19,2022506251,0.1124504879117012,0.0,0.0,7.843250150792301,47.06099885515869
0.052,20,1516459118,-0.23996028304100037,1.0,1.0,8.239144287304953,47.86836612038314
0.052,21,533103612,-0.11354188621044159,1.0,1.0,7.33342746575363,47.3388540558517
0.052,22,1964759878,0.006337234750390053,0.0,0.0,7.531616237596609,46.925416914746165
0.052,23,2037706756,0.28506776690483093,0.0,0.0,7.0939862134400755,51.23288789764047
0.052,24,1572889065,-0.13145405054092407,1.0,1.0,7.21162595518399,51.27861304208636
0.052,25,1432881518,-0.060485076159238815,1.0,1.0,7.303568572388031,46.48851393721998
0.052,26,280516901,0.046969275921583176,0.0,0.0,8.315188087406568,46.2862579151988
0.052,27,205939248,-0.08696870505809784,1.0,1.0,7.780556260724552,46.582772862166166
0.052,28,571904914,0.00036068461486138403,0.0,0.0,7.428939214092679,48.66504902020097
0.052,29,948843457,-0.17573775351047516,1.0,1.0,7.413581893430091,46.30307201296091
0.052,30,155492488,0.3942515254020691,0.0,0.0,6.7049076749244705,46.290617901831865
0.052,31,1903701130,-0.04142972454428673,1.0,1.0,7.975673402310349,45.70813989266753
0.052,32,1017961266,-0.08154266327619553,1.0,1.0,7.330732729984447,45.48858082853258
0.052,33,1497769985,0.2534217834472656,0.0,0.0,6.8205213932087645,47.728393925353885
0.052,34,456523489,0.3523566722869873,0.0,0.0,6.817076749633998,47.1956271212548
0.052,35,701095136,0.33420827984809875,0.0,0.0,6.816081308177672,48.247752944007516
0.052,36,249069576,0.31885573267936707,0.0,0.0,6.951687891269103,47.03845898620784
0.052,37,1576098728,-0.1153487041592598,1.0,1.0,8.388747218064964,46.44365212880075
0.052,38,1662748500,0.14331232011318207,0.0,0.0,7.82170120801311,44.69364299438894
0.052,39,472736216,0.26788052916526794,0.0,0.0,6.659293435048312,48.24192193336785
0.052,40,1535411295,-0.18726137280464172,1.0,1.0,7.416384365991689,46.47693503648043
0.052,41,175223003,-0.004697559867054224,1.0,1.0,8.01481463573873,45.539774000644684
0.052,42,840936862,0.13969703018665314,0.0,0.0,7.869031173409894,46.13340715877712
0.052,43,343373188,0.020574115216732025,0.0,0.0,8.479535868857056,46.07750196009874
0.052,44,1597751082,0.3126467168331146,0.0,0.0,6.6406962014734745,45.75191577896476
0.052,45,730359585,0.34736549854278564,0.0,0.0,6.97305912419688,46.83812102302909
0.052,46,1016641002,0.35556238889694214,0.0,0.0,6.654678600374609,45.37240299396217
0.052,47,998994690,-0.17970553040504456,1.0,1.0,7.6627761971903965,45.93037301674485
0.052,48,1021240743,0.39190027117729187,0.0,0.0,6.8527099781204015,45.22048286162317
0.052,49,572134801,0.3395945131778717,0.0,0.0,6.889912567450665,45.268482994288206
0.052,50,1198399760,0.38368213176727295,0.0,0.0,6.6438753409311175,45.84701103158295
0.052,51,1751866485,-0.09543172270059586,1.0,1.0,8.19294314191211,45.694330940023065
0.052,52,1070889713,0.24748104810714722,0.0,0.0,6.936143676750362,46.700355131179094
0.052,53,415096539,0.30985045433044434,0.0,0.0,6.848172199330293,45.48968095332384
0.052,54,52416235,0.370114266872406,0.0,0.0,6.862437404692173,46.29547707736492
0.052,55,278032723,0.13324791193008423,0.0,0.0,7.9078519569011405,45.53530807606876
0.052,56,174946158,0.14647448062896729,0.0,0.0,8.12253390357364,45.36858084611595
0.052,57,196848554,0.27083802223205566,0.0,0.0,6.935775318648666,45.932602137327194
0.052,58,263030910,-0.14661958813667297,1.0,1.0,8.066285977140069,53.557267878204584
0.052,59,1285415020,-0.03500118851661682,1.0,1.0,8.582754537230358,45.975788962095976
0.052,60,1733223444,0.323646605014801,0.0,0.0,6.864637777674943,47.142603900283575
0.052,61,1835544261,0.37478798627853394,0.0,0.0,6.744109489256516,46.62240901961923
0.052,62,1403186970,-0.08980380743741989,1.0,1.0,7.3557213846361265,48.57677407562733
0.052,63,1291971777,0.40686696767807007,0.0,0.0,6.66871463181451,46.28413007594645
0.052,64,712292067,0.11506213247776031,0.0,0.0,7.845627068425529,46.16630100645125
0.052,65,2001429764,-0.008638819679617882,1.0,1.0,8.296841198578477,46.953411074355245
0.052,66,1375664061,-0.03030523471534252,1.0,1.0,8.758107356377877,46.478907112032175
0.052,67,1556456120,0.3117731213569641,0.0,0.0,6.628425944247283,46.94295604713261
0.052,68,1576053187,-0.054275449365377426,1.0,1.0,8.011540136416443,45.936651062220335
0.052,69,1848019881,0.3456854522228241,0.0,0.0,6.762794810929336,46.1776708252728
0.052,70,1508652585,-0.1275562345981598,1.0,1.0,7.277833802625537,46.69672483578324
0.052,71,1995737731,0.3755088150501251,0.0,0.0,6.529326139134355,45.24397384375334
0.052,72,1162788447,0.3712272346019745,0.0,0.0,6.720660323277116,45.59230408631265
0.052,73,1172925522,0.3059988021850586,0.0,0.0,6.860808233381249,45.68903404287994
0.052,74,539174575,-0.24998830258846283,1.0,1.0,7.319655390107073,45.75219703838229
0.052,75,2013637345,-0.28566616773605347,1.0,1.0,7.309477084083483,45.92975112609565
0.052,76,1187468716,-0.27057790756225586,1.0,1.0,7.591497153509408,46.8025179579854
0.052,77,1062978506,0.3939014673233032,0.0,0.0,6.936137196607888,47.37386619672179
0.052,78,679326770,-0.1480575054883957,1.0,1.0,7.937916406895965,48.019341891631484
0.052,79,587923432,-0.11835692077875137,1.0,1.0,8.397955000051297,46.94829601794481
0.052,80,1359889667,-0.08626670390367508,1.0,1.0,7.312481740373187,45.5127558670938
0.052,81,970187386,0.35645267367362976,0.0,0.0,6.740937543334439,47.530512092635036
0.052,82,1219839873,-0.11354413628578186,1.0,1.0,7.737575253122486,50.29946379363537
0.052,83,1428160212,0.4184889793395996,0.0,0.0,6.617547136964276,47.28645505383611
0.052,84,1930609499,-0.08944404870271683,1.0,1.0,7.139171053888276,46.52501083910465
0.052,85,710582861,0.2280469387769699,0.0,0.0,7.059326054528356,46.07477504760027
0.052,86,1463614337,-0.0718328133225441,1.0,1.0,8.163671049522236,46.63333506323397
0.052,87,1940152705,0.36315062642097473,0.0,0.0,7.026386501733214,47.83482919447124
0.052,88,985452196,0.3061096668243408,0.0,0.0,6.800147361471318,46.520226867869496
0.052,89,552062587,0.35734936594963074,0.0,0.0,6.829115884494968,45.99383915774524
0.052,90,623566272,0.029300538823008537,0.0,0.0,7.89234920067247,49.06685301102698
0.052,91,729775797,-0.12517139315605164,1.0,1.0,7.504586659837514,47.943796031177044
0.052,92,1352536665,-0.15273074805736542,1.0,1.0,7.3106574094854295,46.26477020792663
0.052,93,555883440,-0.17592713236808777,1.0,1.0,8.158761691534892,45.68903078325093
0.052,94,1801800003,0.2941867411136627,0.0,0.0,7.059667530469596,47.266775043681264
0.052,95,763315502,0.34017616510391235,0.0,0.0,6.772574757342227,45.31255294568837
0.052,96,138897982,-0.021122021600604057,1.0,1.0,8.53987075353507,46.496524941176176
0.052,97,10785379,0.40100252628326416,0.0,0.0,6.608169388025999,47.104295110329986
0.052,98,53923185,-0.12622258067131042,1.0,1.0,7.339737224276178,46.408941969275475
0.052,99,1349917978,0.3438267409801483,0.0,0.0,6.519783252151683,45.423771953210235
0.053,0,1501552845,0.3251020014286041,0.0,0.0,6.923715121229179,47.03713208436966
0.053,1,488200390,0.2835167646408081,0.0,0.0,7.2611014971043915,46.52622691355646
0.053,2,1693606510,-0.16272465884685516,1.0,1.0,7.267151175299659,47.30528709478676
0.053,3,680233354,-0.17185387015342712,1.0,1.0,8.056795454816893,45.87553907185793
0.053,4,438466540,0.3491884469985962,0.0,0.0,6.835382123827003,45.24029511958361
0.053,5,1712329280,-0.23606467247009277,1.0,1.0,7.434487481834367,46.86540691182017
0.053,6,1380152455,0.3785029649734497,0.0,0.0,6.636491622426547,47.12927807122469
0.053,7,1452245846,-0.10384154319763184,1.0,1.0,7.17000123905018,48.17935801111162
0.053,8,2122694021,0.39901164174079895,0.0,0.0,6.527640555985272,46.15622013807297
0.053,9,839901363,0.09425458312034607,0.0,0.0,8.052026555407792,45.895172050222754
0.053,10,1802651552,-0.1981506645679474,1.0,1.0,7.634648325736634,46.88182706013322
0.053,11,714712467,-0.21265602111816406,1.0,1.0,7.862015602760948,47.82593995332718
0.053,12,1218704077,0.37485557794570923,0.0,0.0,6.906813801149838,45.57315306738019
0.053,13,1284858263,-0.14456579089164734,1.0,1.0,7.486972920247354,46.26739607192576
0.053,14,457721135,-0.18597881495952606,1.0,1.0,8.026273722178303,46.69351386837661
0.053,15,401008609,-0.17780685424804688,1.0,1.0,8.18068426521495,47.01899504289031
0.053,16,492064534,0.29550740122795105,0.0,0.0,6.903044901788235,47.05852619372308
0.053,17,1444732602,-0.060524821281433105,1.0,1.0,8.341615978977643,48.012059181928635
0.053,18,1317426686,-0.13119326531887054,1.0,1.0,7.422933211317286,47.25138610228896
0.053,19,2022506251,-0.10647348314523697,1.0,1.0,8.234733063029125,46.453907852992415
0.053,20,1516459118,-0.16130776703357697,1.0,1.0,8.186826385557652,51.76441906951368
0.053,21,533103612,-0.17382575571537018,1.0,1.0,7.4587951303692535,50.83648697473109
0.053,22,1964759878,-0.08953364938497543,1.0,1.0,7.647367975092493,54.9955319147557
0.053,23,2037706756,0.29741308093070984,0.0,0.0,7.08670474588871,47.35774593427777
0.053,24,1572889065,-0.13397075235843658,1.0,1.0,7.478914585197344,47.32604091987014
0.053,25,1432881518,-0.08044958114624023,1.0,1.0,7.470462309662253,51.96495587006211
0.053,26,280516901,0.07575860619544983,0.0,0.0,8.184348642476834,46.36479099281132
0.053,27,205939248,-0.1746864914894104,1.0,1.0,7.549799885600805,46.18185991421342
0.053,28,571904914,0.03765873238444328,0.0,0.0,7.398028435651213,45.7200538367033
0.053,29,948843457,-0.12598927319049835,1.0,1.0,7.394617526209913,45.9406201262027
0.053,30,155492488,0.39216598868370056,0.0,0.0,6.770107825286686,47.03316907398403
0.053,31,1903701130,-0.09234598278999329,1.0,1.0,7.743149471702054,46.97354696691036
0.053,32,1017961266,-0.16838887333869934,1.0,1.0,8.030412157764658,46.426097862422466
0.053,33,1497769985,0.25532540678977966,0.0,0.0,7.0055497291032225,45.83488404750824
0.053,34,456523489,0.3294075131416321,0.0,0.0,6.8412312642904,46.20032990351319
0.053,35,701095136,0.3374493420124054,0.0,0.0,6.80842314788606,45.90770904906094
0.053,36,249069576,0.3226059377193451,0.0,0.0,6.91303008957766,46.60437419079244
0.053,37,1576098728,-0.19617852568626404,1.0,1.0,7.490366656915285,45.40749010629952
0.053,38,1662748500,0.07538952678442001,0.0,0.0,8.145863695186563,45.0646230019629
0.053,39,472736216,0.2727913558483124,0.0,0.0,6.705712095019408,46.23828991316259
0.053,40,1535411295,-0.09319224208593369,1.0,1.0,7.221876373281702,46.620914014056325
0.053,41,175223003,0.036593977361917496,0.0,0.0,8.189576025004499,45.02560803666711
0.053,42,840936862,-0.21128909289836884,1.0,1.0,7.4477719843853265,45.1038780156523
0.053,43,343373188,0.04267527908086777,0.0,0.0,8.753518616547808,46.61394888535142
0.053,44,1597751082,0.31595027446746826,0.0,0.0,6.717395220184699,46.5397359803319
0.053,45,730359585,0.29428163170814514,0.0,0.0,7.125456426292658,46.22926702722907
0.053,46,1016641002,0.38363203406333923,0.0,0.0,6.594142782501876,45.128142926841974
0.053,47,998994690,-0.18283390998840332,1.0,1.0,7.345788382808678,46.48288409225643
0.053,48,1021240743,0.3840445578098297,0.0,0.0,6.776897180476226,46.47547216154635
0.053,49,572134801,0.341481477022171,0.0,0.0,6.90538484393619,46.29374388605356
0.053,50,1198399760,0.401268869638443,0.0,0.0,6.6795691003790125,47.09032806567848
0.053,51,1751866485,-0.1374877691268921,1.0,1.0,7.375098038231954,44.6911808103323
0.053,52,1070889713,0.26295414566993713,0.0,0.0,6.85779466596432,47.40293719805777
0.053,53,415096539,0.3217773139476776,0.0,0.0,6.874053068342619,46.285060001537204
0.053,54,52416235,0.3894605040550232,0.0,0.0,6.867520055035129,46.525710029527545
0.053,55,278032723,0.05339314416050911,0.0,0.0,8.073752887663431,47.72474407218397
0.053,56,174946158,-0.005284745246171951,1.0,1.0,8.363644441473298,47.17460018582642
0.053,57,196848554,-0.1470300555229187,1.0,1.0,7.856311792973429,46.247993828728795
0.053,58,263030910,-0.18185202777385712,1.0,1.0,8.008809944381937,47.96182201243937
0.053,59,1285415020,-0.049063779413700104,1.0,1.0,8.163223976967856,46.1799749173224
0.053,60,1733223444,0.3506483733654022,0.0,0.0,6.878918738104403,48.18170494399965
0.053,61,1835544261,0.388219952583313,0.0,0.0,6.645354634034447,47.028206987306476
0.053,62,1403186970,-0.20678213238716125,1.0,1.0,7.386965302401222,48.70822397060692
0.053,63,1291971777,0.4062001705169678,0.0,0.0,6.6658480383921415,48.07647503912449
0.053,64,712292067,-0.03901661932468414,1.0,1.0,8.184233405510895,47.894760966300964
0.053,65,2001429764,-0.2695125341415405,1.0,1.0,7.833872270653956,47.01768700033426
0.053,66,1375664061,-0.2127171754837036,1.0,1.0,7.209829240688123,46.517133014276624
0.053,67,1556456120,0.32495054602622986,0.0,0.0,6.708702189382166,46.51058907620609
0.053,68,1576053187,0.007435312960296869,0.0,0.0,8.116241395124234,46.3124958332628
0.053,69,1848019881,0.3562290370464325,0.0,0.0,6.689909391803667,46.80288303643465
0.053,70,1508652585,-0.1774747520685196,1.0,1.0,7.3146554419072345,49.828564980998635
0.053,71,1995737731,0.1087120920419693,0.0,0.0,7.752906298963353,45.70595221593976
0.053,72,1162788447,0.359707772731781,0.0,0.0,6.720530117396265,45.20257911644876
0.053,73,1172925522,0.3248441815376282,0.0,0.0,6.9323315129149705,45.2336419839412
0.053,74,539174575,-0.2786826491355896,1.0,1.0,7.416212219628505,45.50442821346223
0.053,75,2013637345,-0.2726718485355377,1.0,1.0,7.59676871902775,46.1567600723356
0.053,76,1187468716,-0.06786194443702698,1.0,1.0,8.551752582774498,47.160418005660176
0.053,77,1062978506,0.39596012234687805,0.0,0.0,6.935904176090844,46.257135923951864
0.053,78,679326770,0.002392035676166415,0.0,0.0,8.855582130723633,46.22015682980418
0.053,79,587923432,0.02856486476957798,0.0,0.0,8.789122134097852,45.884303050115705
0.053,80,1359889667,0.01784413494169712,0.0,0.0,8.552571664680727,45.84966995753348
0.053,81,970187386,0.3632814288139343,0.0,0.0,6.701803174219094,45.96342006698251
0.053,82,1219839873,-0.18831588327884674,1.0,1.0,7.862351047573611,46.120835933834314
0.053,83,1428160212,0.4312494099140167,0.0,0.0,6.650602595298551,45.95342790707946
0.053,84,1930609499,-0.19982501864433289,1.0,1.0,7.467505160719156,47.233943128958344
0.053,85,710582861,-0.11377931386232376,1.0,1.0,7.276980911265127,46.172836096957326
0.053,86,1463614337,-0.14290054142475128,1.0,1.0,8.255788441048935,45.627722050994635
0.053,87,1940152705,0.3681797385215759,0.0,0.0,7.054102835711092,45.68010498769581
0.053,88,985452196,0.31263136863708496,0.0,0.0,6.807566214236431,47.737495973706245
0.053,89,552062587,0.36860108375549316,0.0,0.0,6.859543560422026,47.16925788670778
0.053,90,623566272,-0.08593811839818954,1.0,1.0,7.446683734771796,46.631558099761605
0.053,91,729775797,-0.1728261411190033,1.0,1.0,7.578777393675409,46.673839911818504
0.053,92,1352536665,-0.12645770609378815,1.0,1.0,8.315477372845635,45.88166601024568
0.053,93,555883440,-0.187704935669899,1.0,1.0,7.465925763593987,44.886261923238635
0.053,94,1801800003,0.2997930645942688,0.0,0.0,7.095310528180562,46.03292886167765
0.053,95,763315502,0.3651926517486572,0.0,0.0,6.803184458520263,47.430369071662426
0.053,96,138897982,-0.2639298439025879,1.0,1.0,7.543252966599539,48.63123781979084
0.053,97,10785379,0.4272967576980591,0.0,0.0,6.694299392285757,46.09498102217913
0.053,98,53923185,0.03534292057156563,0.0,0.0,8.40255617594812,45.6917870324105
0.053,99,1349917978,0.3833666145801544,0.0,0.0,6.495779936667532,45.847635017707944
0.054,0,1501552845,0.3282480239868164,0.0,0.0,6.984628264675848,48.40702307410538
0.054,1,488200390,0.29793688654899597,0.0,0.0,7.285277307615615,46.92174890078604
0.054,2,1693606510,-0.12649792432785034,1.0,1.0,8.308505522669293,45.42263085022569
0.054,3,680233354,-0.09387695789337158,1.0,1.0,8.222154253162444,46.39331717044115
0.054,4,438466540,0.3590922951698303,0.0,0.0,6.658230585977435,46.90315714105964
0.054,5,1712329280,-0.21353094279766083,1.0,1.0,7.3019644577289,47.10836801677942
0.054,6,1380152455,0.39344483613967896,0.0,0.0,6.6590651121223345,46.22616991400719
0.054,7,1452245846,0.02493460848927498,0.0,0.0,8.832242997945286,46.347866067662835
0.054,8,2122694021,0.40285149216651917,0.0,0.0,6.609335687942803,46.66254390031099
0.054,9,839901363,0.1147141233086586,0.0,0.0,7.685992782586254,45.20253394730389
0.054,10,1802651552,0.33719706535339355,0.0,0.0,6.782118721283041,54.43301098421216
0.054,11,714712467,-0.10847832262516022,1.0,1.0,7.393321881769225,45.49744795076549
0.054,12,1218704077,0.41903752088546753,0.0,0.0,6.961202810518444,47.83340496942401
0.054,13,1284858263,-0.19369401037693024,1.0,1.0,7.4928534692153335,45.09105905890465
0.054,14,457721135,-0.27600905299186707,1.0,1.0,7.694782417733222,47.93877899646759
0.054,15,401008609,-0.07776831835508347,1.0,1.0,6.994162613409571,49.54721010290086
0.054,16,492064534,0.30779021978378296,0.0,0.0,6.937552245566621,50.012855092063546
0.054,17,1444732602,-0.04183385893702507,1.0,1.0,8.879578521009535,46.202311059460044
0.054,18,1317426686,0.4155973494052887,0.0,0.0,6.8106574973789975,46.43401107750833
0.054,19,2022506251,-0.14803239703178406,1.0,1.0,8.164479795843363,46.40274099074304
0.054,20,1516459118,-0.14489684998989105,1.0,1.0,8.238566613872536,46.687605092301965
0.054,21,533103612,-0.05364931374788284,1.0,1.0,7.491530103725381,46.25819390639663
0.054,22,1964759878,-0.017112430185079575,1.0,1.0,8.882090179249644,46.35653202421963
0.054,23,2037706756,0.2695959806442261,0.0,0.0,7.012424992397428,45.88797106407583
0.054,24,1572889065,-0.14481493830680847,1.0,1.0,7.307748023653403,47.02413291670382
0.054,25,1432881518,-0.15541976690292358,1.0,1.0,7.275351024232805,46.21035396121442
0.054,26,280516901,0.033609263598918915,0.0,0.0,8.299851848976687,45.37506098859012
0.054,27,205939248,-0.1835157573223114,1.0,1.0,7.178022952168249,45.18416291102767
0.054,28,571904914,-0.16487230360507965,1.0,1.0,7.521543026901782,45.66248506307602
0.054,29,948843457,-0.1954854279756546,1.0,1.0,7.503684054827318,46.281103044748306
0.054,30,155492488,0.3956199586391449,0.0,0.0,6.705700297374278,50.43913400731981
0.054,31,1903701130,0.048821624368429184,0.0,0.0,8.607024320750497,47.28939291089773
0.054,32,1017961266,-0.14032459259033203,1.0,1.0,7.315595914493315,46.728316927328706
0.054,33,1497769985,0.26290902495384216,0.0,0.0,7.005095312953927,46.755922958254814
0.054,34,456523489,0.33255666494369507,0.0,0.0,6.857326973346062,45.199329033493996
0.054,35,701095136,0.3614562153816223,0.0,0.0,6.729586458648555,46.06808791868389
0.054,36,249069576,0.33860331773757935,0.0,0.0,7.038167944527231,45.812854077667
0.054,37,1576098728,-0.16000699996948242,1.0,1.0,7.259934074594639,46.288640005514026
0.054,38,1662748500,0.06657014042139053,0.0,0.0,8.39315148012247,46.174898045137525
0.054,39,472736216,0.29058772325515747,0.0,0.0,6.717597830342129,45.20807508379221
0.054,40,1535411295,-0.1605982482433319,1.0,1.0,7.252613058895804,46.41217994503677
0.054,41,175223003,0.08690385520458221,0.0,0.0,8.38251137570478,45.86741607636213
0.054,42,840936862,-0.2786833643913269,1.0,1.0,7.653615623246878,46.1086630821228
0.054,43,343373188,-0.01244380697607994,1.0,1.0,8.851127086440101,46.44807707518339
0.054,44,1597751082,0.3176320791244507,0.0,0.0,6.823828271357343,46.630920842289925
0.054,45,730359585,0.36044612526893616,0.0,0.0,6.953932578791864,47.602711943909526
0.054,46,1016641002,0.44211676716804504,0.0,0.0,6.552502237493172,46.86620878055692
0.054,47,998994690,-0.1866016387939453,1.0,1.0,7.338076306739822,46.014864929020405
0.054,48,1021240743,-0.13111840188503265,1.0,1.0,7.105084106558934,46.071280958130956
0.054,49,572134801,0.35650375485420227,0.0,0.0,6.837686094339006,45.39668303914368
0.054,50,1198399760,0.38874712586402893,0.0,0.0,6.7216583584668115,46.43662297166884
0.054,51,1751866485,-0.114859439432621,1.0,1.0,8.077394665684551,45.227105962112546
0.054,52,1070889713,0.2684382498264313,0.0,0.0,6.837481593247503,45.855476055294275
0.054,53,415096539,0.42255640029907227,0.0,0.0,6.7676966494182125,45.14286410994828
0.054,54,52416235,0.40434134006500244,0.0,0.0,6.880889319814742,46.15108901634812
0.054,55,278032723,0.11780110001564026,0.0,0.0,8.251099883229472,45.10947107337415
0.054,56,174946158,0.3524922728538513,0.0,0.0,7.005425758077763,45.38998706266284
0.054,57,196848554,0.34305039048194885,0.0,0.0,6.930458646966144,50.30210386030376
0.054,58,263030910,0.09236901253461838,0.0,0.0,8.50842950772494,46.26947292126715
0.054,59,1285415020,0.05479721352458,0.0,0.0,8.42701255402062,45.03397108055651
0.054,60,1733223444,0.36120742559432983,0.0,0.0,6.899599698954262,46.767921885475516
0.054,61,1835544261,0.3825736939907074,0.0,0.0,6.735170923173428,44.96044805273414
0.054,62,1403186970,-0.1738792210817337,1.0,1.0,7.441479074652307,45.784606132656336
0.054,63,1291971777,0.4190754294395447,0.0,0.0,6.75823415548075,50.84042111411691
0.054,64,712292067,0.12067209184169769,0.0,0.0,7.90043753082864,50.56685511954129
0.054,65,2001429764,-0.014486365020275116,1.0,1.0,8.14990998164285,46.420691069215536
0.054,66,1375664061,-0.20138351619243622,1.0,1.0,7.392148403916508,46.2222199421376
0.054,67,1556456120,0.3199142813682556,0.0,0.0,6.648138755583204,47.35980904661119
0.054,68,1576053187,-0.19232182204723358,1.0,1.0,7.437687830184586,48.115376150235534
0.054,69,1848019881,0.36159470677375793,0.0,0.0,6.663183335913345,48.22097485885024
0.054,70,1508652585,0.11605247855186462,0.0,0.0,8.174058741657063,49.34522905386984
0.054,71,1995737731,0.06785343587398529,0.0,0.0,7.8478159052319825,47.20329097472131
0.054,72,1162788447,0.4142700731754303,0.0,0.0,6.719116470660083,48.06414316408336
0.054,73,1172925522,0.3396512269973755,0.0,0.0,7.052815096802078,47.09358490072191
0.054,74,539174575,-0.2765088975429535,1.0,1.0,9.458697593887337,47.224084846675396
0.054,75,2013637345,-0.2542130947113037,1.0,1.0,7.329404076677747,53.289368050172925
0.054,76,1187468716,-0.23547539114952087,1.0,1.0,7.369107633945532,47.27542004548013
0.054,77,1062978506,0.4057232141494751,0.0,0.0,7.016619337256998,46.66413995437324
0.054,78,679326770,-0.1840207725763321,1.0,1.0,7.362457591574639,47.209331998601556
0.054,79,587923432,0.08329345285892487,0.0,0.0,8.707861421979032,48.705981811508536
0.054,80,1359889667,-0.2314966470003128,1.0,1.0,7.360453291097656,48.81040100008249
0.054,81,970187386,0.3567660450935364,0.0,0.0,6.706805764231831,49.28193707019091
0.054,82,1219839873,-0.1290176659822464,1.0,1.0,7.977198672480881,48.98373899050057
0.054,83,1428160212,0.44034242630004883,0.0,0.0,6.658413715776987,48.277853056788445
0.054,84,1930609499,-0.1412782073020935,1.0,1.0,8.371090909349732,47.88538790307939
0.054,85,710582861,0.35325297713279724,0.0,0.0,6.655402968171984,48.797257943078876
0.054,86,1463614337,-0.18778012692928314,1.0,1.0,7.555266191950068,47.304070089012384
0.054,87,1940152705,0.30164796113967896,0.0,0.0,7.176128041581251,48.48841787315905
0.054,88,985452196,0.31555041670799255,0.0,0.0,6.807793389889412,48.50490507669747
0.054,89,552062587,0.4014928340911865,0.0,0.0,6.781397345708683,47.630379907786846
0.054,90,623566272,-0.028787950053811073,1.0,1.0,7.30773218604736,47.74980619549751
0.054,91,729775797,-0.030254682525992393,1.0,1.0,8.770603395765647,47.830577939748764
0.054,92,1352536665,-0.17195886373519897,1.0,1.0,7.412648551049642,49.432351952418685
0.054,93,555883440,-0.12095724046230316,1.0,1.0,7.391470382572152,48.98621398024261
0.054,94,1801800003,0.3146626651287079,0.0,0.0,6.993956684251316,49.35923498123884
0.054,95,763315502,0.375303715467453,0.0,0.0,6.754470593761653,48.95891807973385
0.054,96,138897982,0.1273803412914276,0.0,0.0,7.824862923589535,47.95526806265116
0.054,97,10785379,0.4264260530471802,0.0,0.0,6.685359015013091,48.41320402920246
0.054,98,53923185,0.08341482281684875,0.0,0.0,8.315361965680495,48.624507151544094
0.054,99,1349917978,0.39327487349510193,0.0,0.0,6.510581568116322,47.400930896401405
0.055,0,1501552845,0.35379505157470703,0.0,0.0,6.8847448555752635,46.92446603439748
0.055,1,488200390,0.381965309381485,0.0,0.0,7.041579602169804,46.458135126158595
0.055,2,1693606510,-0.10007090121507645,1.0,1.0,7.9869347378844395,46.71134985983372
0.055,3,680233354,-0.1375373899936676,1.0,1.0,8.393699241569266,47.31074604205787
0.055,4,438466540,0.4059333801269531,0.0,0.0,6.631627307040617,47.14130307547748
0.055,5,1712329280,-0.27336910367012024,1.0,1.0,7.124838326941244,45.95124698244035
0.055,6,1380152455,0.39551839232444763,0.0,0.0,6.682131565758027,45.4753739759326
0.055,7,1452245846,-0.17852897942066193,1.0,1.0,8.013540066196583,47.0960580278188
0.055,8,2122694021,0.39497503638267517,0.0,0.0,6.631602470646612,44.96577498503029
0.055,9,839901363,-0.02995958924293518,1.0,1.0,7.700599075644277,47.34269087202847
0.055,10,1802651552,0.3541884124279022,0.0,0.0,6.828988212742843,46.409147093072534
0.055,11,714712467,0.35251569747924805,0.0,0.0,7.077796477475204,47.030260087922215
0.055,12,1218704077,0.44373881816864014,0.0,0.0,6.899346512160264,48.82750380784273
0.055,13,1284858263,-0.07911963015794754,1.0,1.0,7.490196391008794,50.23628892377019
0.055,14,457721135,-0.23773637413978577,1.0,1.0,7.916835311567411,47.524027060717344
0.055,15,401008609,-0.1956808716058731,1.0,1.0,7.510387654765509,47.615841031074524
0.055,16,492064534,0.328380823135376,0.0,0.0,6.988545071566477,47.539143823087215
0.055,17,1444732602,-0.05393071100115776,1.0,1.0,7.785387018346228,47.126393066719174
0.055,18,1317426686,-0.14322994649410248,1.0,1.0,8.242693333188072,47.446005046367645
0.055,19,2022506251,0.0015416622627526522,0.0,0.0,7.925152093870565,46.09168693423271
0.055,20,1516459118,-0.15268085896968842,1.0,1.0,7.345149782719091,45.51281314343214
0.055,21,533103612,-0.1973370611667633,1.0,1.0,7.178476870059967,45.612881891429424
0.055,22,1964759878,0.0873161181807518,0.0,0.0,8.625356468488462,46.67335981503129
0.055,23,2037706756,0.29586631059646606,0.0,0.0,6.936834437539801,46.68285301886499
0.055,24,1572889065,-0.05368662253022194,1.0,1.0,7.385819653281942,46.07646516524255
0.055,25,1432881518,-0.009864659048616886,1.0,1.0,8.015421600197442,45.23152997717261
0.055,26,280516901,0.07731767743825912,0.0,0.0,8.284031228395179,50.245590042322874
0.055,27,205939248,-0.18077239394187927,1.0,1.0,7.890242110006511,52.081901114434004
0.055,28,571904914,-0.12794578075408936,1.0,1.0,7.481352346600033,45.63959687948227
0.055,29,948843457,-0.17350880801677704,1.0,1.0,7.371925758663565,46.3425749912858
0.055,30,155492488,0.3712591528892517,0.0,0.0,6.850428300444037,47.22310905344784
0.055,31,1903701130,0.401494562625885,0.0,0.0,6.802375361323357,45.92458810657263
0.055,32,1017961266,-0.15470512211322784,1.0,1.0,7.5370455224765465,45.96487199887633
0.055,33,1497769985,0.28233522176742554,0.0,0.0,7.001820555771701,47.14726912789047
0.055,34,456523489,0.3416336476802826,0.0,0.0,7.086495513212867,46.954934019595385
0.055,35,701095136,0.3579895496368408,0.0,0.0,6.743328161886893,47.4073130171746
0.055,36,249069576,0.3422757089138031,0.0,0.0,7.0867925534257665,46.242483891546726
0.055,37,1576098728,-0.15036992728710175,1.0,1.0,7.54362340644002,46.254634857177734
0.055,38,1662748500,0.08720992505550385,0.0,0.0,7.739693200215697,45.50348687916994
0.055,39,472736216,0.3185870945453644,0.0,0.0,6.71615290385671,45.99887295626104
0.055,40,1535411295,-0.1325267255306244,1.0,1.0,7.419073793804273,46.147485030815005
0.055,41,175223003,-0.0059830439276993275,1.0,1.0,8.104509755852632,46.51998798362911
0.055,42,840936862,0.05544951185584068,0.0,0.0,8.100841918378137,46.89314099960029
0.055,43,343373188,-0.11925049126148224,1.0,1.0,8.679197851801291,46.70037794858217
0.055,44,1597751082,0.3257001042366028,0.0,0.0,6.8493599717039615,46.99324909597635
0.055,45,730359585,0.3764372766017914,0.0,0.0,6.980924204457551,47.36406588926911
0.055,46,1016641002,0.43506938219070435,0.0,0.0,6.5922303785337135,46.14260816015303
0.055,47,998994690,-0.03702733293175697,1.0,1.0,8.088698373641819,46.095193130895495
0.055,48,1021240743,0.3773205280303955,0.0,0.0,6.823841021978296,45.74790387414396
0.055,49,572134801,0.3739915192127228,0.0,0.0,6.7912634471431375,45.23116000927985
0.055,50,1198399760,0.3941994309425354,0.0,0.0,6.7810877352021635,45.805803034454584
0.055,51,1751866485,-0.14761143922805786,1.0,1.0,7.376083330484107,46.04892199859023
0.055,52,1070889713,0.2803798019886017,0.0,0.0,6.805666564381681,45.87421682663262
0.055,53,415096539,0.3534862697124481,0.0,0.0,6.833490935852751,44.970658142119646
0.055,54,52416235,0.40266695618629456,0.0,0.0,6.894256111350842,45.75816006399691
0.055,55,278032723,0.1253790706396103,0.0,0.0,8.428621248458512,45.9168991073966
0.055,56,174946158,0.365160197019577,0.0,0.0,6.9738131577614695,46.467662090435624
0.055,57,196848554,0.3800700902938843,0.0,0.0,6.905149287427776,45.79609981738031
0.055,58,263030910,0.10315839946269989,0.0,0.0,8.292915762169287,45.78658798709512
0.055,59,1285415020,-0.05602443218231201,1.0,1.0,8.433390339836478,45.840853126719594
0.055,60,1733223444,0.36694908142089844,0.0,0.0,6.917665743385442,50.372445955872536
0.055,61,1835544261,0.3884999752044678,0.0,0.0,6.880140448338352,48.69680409319699
0.055,62,1403186970,-0.18895389139652252,1.0,1.0,7.486293804831803,46.03369696997106
0.055,63,1291971777,0.3719218671321869,0.0,0.0,6.860885608824901,45.570192858576775
0.055,64,712292067,0.023015456274151802,0.0,0.0,8.436818666756153,47.33686405234039
0.055,65,2001429764,0.017773674800992012,0.0,0.0,8.322404311154969,47.33350081369281
0.055,66,1375664061,-0.19216345250606537,1.0,1.0,7.216996676987037,47.71041893400252
0.055,67,1556456120,0.2764940857887268,0.0,0.0,6.8106640371261165,48.830600921064615
0.055,68,1576053187,-0.19036518037319183,1.0,1.0,7.657906677573919,47.5153389852494
0.055,69,1848019881,0.3689561188220978,0.0,0.0,6.690238348674029,45.73993687517941
0.055,70,1508652585,0.1090315580368042,0.0,0.0,8.434101691585965,46.35499091818929
0.055,71,1995737731,0.4034014642238617,0.0,0.0,6.549802943482064,46.4618899859488
0.055,72,1162788447,0.4100492298603058,0.0,0.0,6.770175281446427,45.56124401278794
0.055,73,1172925522,0.35292133688926697,0.0,0.0,7.043669053353369,46.52908886782825
0.055,74,539174575,-0.26432737708091736,1.0,1.0,7.429497189819813,46.199420001357794
0.055,75,2013637345,-0.29185420274734497,1.0,1.0,7.7110421161632985,46.7691351659596
0.055,76,1187468716,-0.07951320707798004,1.0,1.0,7.497659467509948,48.56292996555567
0.055,77,1062978506,0.40876057744026184,0.0,0.0,7.053811957244761,48.468464985489845
0.055,78,679326770,-0.17335957288742065,1.0,1.0,7.328006269526668,49.202165100723505
0.055,79,587923432,-0.21284276247024536,1.0,1.0,7.51286940916907,47.912806970998645
0.055,80,1359889667,0.36937040090560913,0.0,0.0,6.8164855256909505,48.010875936597586
0.055,81,970187386,0.36033710837364197,0.0,0.0,6.735483327531256,47.31997102499008
0.055,82,1219839873,-0.047905802726745605,1.0,1.0,7.977007489535026,47.255821991711855
0.055,83,1428160212,0.42939645051956177,0.0,0.0,6.719640545430593,46.18987999856472
0.055,84,1930609499,-0.12406057119369507,1.0,1.0,7.307375735952519,48.38134814053774
0.055,85,710582861,0.37945830821990967,0.0,0.0,6.703751301858574,47.832848969846964
0.055,86,1463614337,-0.12850412726402283,1.0,1.0,7.327644229866564,47.12386382743716
0.055,87,1940152705,0.27762463688850403,0.0,0.0,7.28061437245924,47.74924414232373
0.055,88,985452196,0.3132057785987854,0.0,0.0,6.808003821992315,47.243400011211634
0.055,89,552062587,0.3885888457298279,0.0,0.0,6.964981368044391,48.406679881736636
0.055,90,623566272,-0.13779108226299286,1.0,1.0,7.244923579622991,48.86013315990567
0.055,91,729775797,0.03994184732437134,0.0,0.0,8.615060590789653,49.846804002299905
0.055,92,1352536665,-0.15708594024181366,1.0,1.0,7.462142922333442,48.77010313794017
0.055,93,555883440,-0.09036334604024887,1.0,1.0,8.172768395976163,47.995137982070446
0.055,94,1801800003,0.3243821859359741,0.0,0.0,6.883733582915738,48.88022504746914
0.055,95,763315502,0.37648317217826843,0.0,0.0,6.707526923390105,50.20482698455453
0.055,96,138897982,-0.1377091407775879,1.0,1.0,8.348082325304858,46.13280785270035
0.055,97,10785379,0.41925010085105896,0.0,0.0,6.761928024818189,46.528606908395886
0.055,98,53923185,-0.13196004927158356,1.0,1.0,7.464099840493873,47.071940964087844
0.055,99,1349917978,0.39196863770484924,0.0,0.0,6.5772838244447485,46.220069052651525
0.056,0,1501552845,0.3519757091999054,0.0,0.0,6.970686031971127,45.9481009747833
0.056,1,488200390,0.3264480233192444,0.0,0.0,7.319065357674845,45.77211197465658
0.056,2,1693606510,-0.07150506228208542,1.0,1.0,7.694185748230666,45.90974701568484
0.056,3,680233354,-0.21799427270889282,1.0,1.0,7.214444912155159,45.58656504377723
0.056,4,438466540,0.43995919823646545,0.0,0.0,6.64271295000799,45.752594945952296
0.056,5,1712329280,-0.22500719130039215,1.0,1.0,7.490421466995031,52.55978903733194
0.056,6,1380152455,0.4167844355106354,0.0,0.0,6.767877631937154,45.95061903819442
0.056,7,1452245846,-0.13693518936634064,1.0,1.0,7.471369748003781,46.960737090557814
0.056,8,2122694021,0.4165590703487396,0.0,0.0,6.590435856487602,46.71252192929387
0.056,9,839901363,-0.0662948340177536,1.0,1.0,7.766485775471665,45.88130791671574
0.056,10,1802651552,0.3488852381706238,0.0,0.0,6.872820883290842,48.599084140732884
0.056,11,714712467,0.3738679885864258,0.0,0.0,7.25168280757498,50.19696801900864
0.056,12,1218704077,0.4093654751777649,0.0,0.0,7.041638692608103,46.87751200981438
0.056,13,1284858263,0.07666287571191788,0.0,0.0,8.631162515492178,47.079961048439145
0.056,14,457721135,-0.0013422644697129726,1.0,1.0,8.485293034114875,46.0941509809345
0.056,15,401008609,-0.235914409160614,1.0,1.0,7.706006038351916,46.482831006869674
0.056,16,492064534,0.34661048650741577,0.0,0.0,7.013824966037646,46.53884912841022
0.056,17,1444732602,0.3556589186191559,0.0,0.0,6.894823869341053,46.17943405173719
0.056,18,1317426686,0.4248296022415161,0.0,0.0,6.917755030211993,45.20324291661382
0.056,19,2022506251,-0.21733051538467407,1.0,1.0,7.489370031980798,46.39591998420656
0.056,20,1516459118,-0.25822359323501587,1.0,1.0,7.416658210218884,46.71118897385895
0.056,21,533103612,-0.16511858999729156,1.0,1.0,7.7018201489700004,44.82693807221949
0.056,22,1964759878,0.013809405267238617,0.0,0.0,8.349821276264265,46.48758517578244
0.056,23,2037706756,0.2545512616634369,0.0,0.0,7.182200119481422,50.82517093978822
0.056,24,1572889065,-0.08890524506568909,1.0,1.0,8.191404272103682,62.91118590161204
0.056,25,1432881518,0.0847419798374176,0.0,0.0,7.82009592349641,45.999102061614394
0.056,26,280516901,0.08750946074724197,0.0,0.0,8.520827185246162,45.82032491452992
0.056,27,205939248,-0.15310794115066528,1.0,1.0,8.163833413971588,46.04582209140062
0.056,28,571904914,-0.18964125216007233,1.0,1.0,7.2854401604272425,45.20199098624289
0.056,29,948843457,-0.12571051716804504,1.0,1.0,8.09374813712202,45.0362169649452
0.056,30,155492488,0.3916567862033844,0.0,0.0,6.7846168669639155,46.22390796430409
0.056,31,1903701130,0.40473422408103943,0.0,0.0,6.816487613017671,46.28085088916123
0.056,32,1017961266,-0.17188726365566254,1.0,1.0,7.484989709802903,46.008293982595205
0.056,33,1497769985,0.3052802085876465,0.0,0.0,7.0876882744487375,46.62261880002916
0.056,34,456523489,0.3803851306438446,0.0,0.0,6.842221503145993,46.10265605151653
0.056,35,701095136,0.3799924850463867,0.0,0.0,6.703099903650582,45.8219600841403
0.056,36,249069576,0.34810569882392883,0.0,0.0,7.0663604818983,45.44516000896692
0.056,37,1576098728,-0.25816571712493896,1.0,1.0,8.226436769706197,46.99701606296003
0.056,38,1662748500,0.031735386699438095,0.0,0.0,7.630202409229241,45.507658040151
0.056,39,472736216,0.32414692640304565,0.0,0.0,6.751394730992615,45.19582586362958
0.056,40,1535411295,-0.18901319801807404,1.0,1.0,8.223288110340945,46.21912678703666
0.056,41,175223003,-0.23315486311912537,1.0,1.0,7.545420524082147,45.689377933740616
0.056,42,840936862,-0.28909966349601746,1.0,1.0,7.474585519172251,46.266719000414014
0.056,43,343373188,0.08816799521446228,0.0,0.0,8.52128453599289,46.555981040000916
0.056,44,1597751082,0.33839407563209534,0.0,0.0,6.789334894507192,46.287652105093
0.056,45,730359585,0.3729054033756256,0.0,0.0,6.998436531168409,46.25679785385728
0.056,46,1016641002,0.3970297873020172,0.0,0.0,6.686678866506554,45.90631299652159
0.056,47,998994690,0.047913555055856705,0.0,0.0,8.106489265919663,45.61510286293924
0.056,48,1021240743,0.38135451078414917,0.0,0.0,6.841997379204258,45.84757494740188
0.056,49,572134801,0.3781147003173828,0.0,0.0,6.868878913461231,46.02857888676226
0.056,50,1198399760,0.3999619781970978,0.0,0.0,6.806451446493156,47.32812801375985
0.056,51,1751866485,0.19500838220119476,0.0,0.0,8.610290798475035,45.38811487145722
0.056,52,1070889713,0.2938013970851898,0.0,0.0,6.967400005320087,45.349166030064225
0.056,53,415096539,0.3260170817375183,0.0,0.0,6.795573157374747,45.222194166854024
0.056,54,52416235,0.40518516302108765,0.0,0.0,6.949797412962653,47.06388502381742
0.056,55,278032723,0.1264488697052002,0.0,0.0,8.203920364496298,45.59875000268221
0.056,56,174946158,0.3713078200817108,0.0,0.0,6.934376537101343,45.16909294761717
0.056,57,196848554,0.31907209753990173,0.0,0.0,7.007906080340035,51.262053893879056
0.056,58,263030910,0.07719457894563675,0.0,0.0,8.374574885820039,50.51003908738494
0.056,59,1285415020,0.04961860552430153,0.0,0.0,8.354520221590064,45.881442027166486
0.056,60,1733223444,0.37046316266059875,0.0,0.0,6.898891194490716,46.73310904763639
0.056,61,1835544261,0.37913694977760315,0.0,0.0,6.87844585836865,47.92431998066604
0.056,62,1403186970,-0.19045616686344147,1.0,1.0,7.4038039416773245,47.72773012518883
0.056,63,1291971777,0.3701927065849304,0.0,0.0,7.0660239334683865,48.68872812949121
0.056,64,712292067,-0.2607756555080414,1.0,1.0,7.740411990438588,48.10124286450446
0.056,65,2001429764,-0.052433308213949203,1.0,1.0,8.020559407887049,48.02350094541907
0.056,66,1375664061,0.3683413863182068,0.0,0.0,6.952780891675502,46.50872200727463
0.056,67,1556456120,0.3037641644477844,0.0,0.0,6.798399362945929,46.76182195544243
0.056,68,1576053187,-0.17648057639598846,1.0,1.0,7.567289701662958,46.51692509651184
0.056,69,1848019881,0.3724067211151123,0.0,0.0,6.755052159889601,45.944744953885674
0.056,70,1508652585,0.03091931901872158,0.0,0.0,8.435589440283366,47.98696399666369
0.056,71,1995737731,0.3655269742012024,0.0,0.0,6.807954438612796,47.61223401874304
0.056,72,1162788447,0.4296974539756775,0.0,0.0,6.743345944560133,47.7410601451993
0.056,73,1172925522,0.3567732274532318,0.0,0.0,6.980948681477457,48.84453886188567
0.056,74,539174575,-0.2009103149175644,1.0,1.0,7.300673536141403,48.26335096731782
0.056,75,2013637345,-0.2662443518638611,1.0,1.0,7.314927876112051,49.127241829410195
0.056,76,1187468716,-0.036360643804073334,1.0,1.0,7.709301785682328,48.1429488863796
0.056,77,1062978506,0.4167151153087616,0.0,0.0,7.026503006345592,57.25351395085454
0.056,78,679326770,-0.05064089223742485,1.0,1.0,8.87574958091136,46.697821002453566
0.056,79,587923432,-0.12676450610160828,1.0,1.0,8.47100289852824,47.77214792557061
0.056,80,1359889667,0.38866615295410156,0.0,0.0,6.7880333182401955,46.747796004638076
0.056,81,970187386,0.3585885167121887,0.0,0.0,6.780307829962112,48.79648983478546
0.056,82,1219839873,-0.14737293124198914,1.0,1.0,8.260986410314217,47.68658499233425
0.056,83,1428160212,0.43129685521125793,0.0,0.0,6.717529158340767,47.22883109934628
0.056,84,1930609499,0.06758014112710953,0.0,0.0,8.330801900359802,46.98062012903392
0.056,85,710582861,0.3805200457572937,0.0,0.0,6.757399588939734,47.72105300799012
0.056,86,1463614337,-0.19105231761932373,1.0,1.0,8.16054552665446,48.68104797787964
0.056,87,1940152705,-0.026693742722272873,1.0,1.0,7.875842384528369,49.40072610042989
0.056,88,985452196,0.35921841859817505,0.0,0.0,6.801402251701802,49.900304060429335
0.056,89,552062587,0.4226141571998596,0.0,0.0,6.779484562575817,48.687815899029374
0.056,90,623566272,-0.12151782959699631,1.0,1.0,7.550635395105928,48.162030056118965
0.056,91,729775797,-0.13114692270755768,1.0,1.0,7.36434104910586,47.571109142154455
0.056,92,1352536665,-0.05402081087231636,1.0,1.0,7.4118344152811915,51.05529213324189
0.056,93,555883440,0.053340841084718704,0.0,0.0,8.21194286388345,47.92031506076455
0.056,94,1801800003,0.3487870395183563,0.0,0.0,6.963699664804153,47.33116296119988
0.056,95,763315502,0.37720009684562683,0.0,0.0,6.89459859742783,47.472567996010184
0.056,96,138897982,-0.16010001301765442,1.0,1.0,8.867562943021767,46.3356371037662
0.056,97,10785379,0.47161298990249634,0.0,0.0,6.65444084291812,47.14465909637511
0.056,98,53923185,-0.13403499126434326,1.0,1.0,7.39577645144891,46.619276981800795
0.056,99,1349917978,0.42829152941703796,0.0,0.0,6.551872204057872,45.64929706975818
0.057,0,1501552845,0.36959847807884216,0.0,0.0,7.002116380492225,48.74559585005045
0.057,1,488200390,0.38043078780174255,0.0,0.0,7.102975337766111,47.801729990169406
0.057,2,1693606510,-0.2036641538143158,1.0,1.0,7.263459834153764,45.17111415043473
0.057,3,680233354,0.3441823422908783,0.0,0.0,6.790648406604305,47.501801047474146
0.057,4,438466540,0.4372613728046417,0.0,0.0,6.639936040272005,47.28067689575255
0.057,5,1712329280,0.4261440336704254,0.0,0.0,6.61616361734923,46.925402944907546
0.057,6,1380152455,0.41521796584129333,0.0,0.0,6.797263043583371,47.332923859357834
0.057,7,1452245846,-0.11479301750659943,1.0,1.0,7.247733280644752,45.98967800848186
0.057,8,2122694021,0.4106583595275879,0.0,0.0,6.6292736671166494,46.97441798634827
0.057,9,839901363,-0.0779149979352951,1.0,1.0,7.687577705364674,44.19120494276285
0.057,10,1802651552,0.3654645085334778,0.0,0.0,6.933554043527693,47.86025104112923
0.057,11,714712467,0.38555487990379333,0.0,0.0,6.99615102307871,47.10346390493214
0.057,12,1218704077,0.3832504153251648,0.0,0.0,7.188835868029855,48.20456588640809
0.057,13,1284858263,0.010456612333655357,0.0,0.0,8.454243890824728,47.13794100098312
0.057,14,457721135,-0.30000001192092896,1.0,1.0,31.903330628061667,47.13953798636794
0.057,15,401008609,-0.20697839558124542,1.0,1.0,7.822669991059229,46.081139938905835
0.057,16,492064534,0.3445547819137573,0.0,0.0,6.946952233556658,47.15997981838882
0.057,17,1444732602,-0.15328484773635864,1.0,1.0,7.993216071743518,47.84149001352489
0.057,18,1317426686,0.4267265498638153,0.0,0.0,6.953521462273784,46.2438790127635
0.057,19,2022506251,-0.23284770548343658,1.0,1.0,8.398143273545429,47.83175187185407
0.057,20,1516459118,-0.15201549232006073,1.0,1.0,7.339812060352415,47.29154007509351
0.057,21,533103612,-0.21097488701343536,1.0,1.0,7.445649125496857,47.07464808598161
0.057,22,1964759878,-0.21517810225486755,1.0,1.0,7.5016549315769225,45.10510293766856
0.057,23,2037706756,0.2468053102493286,0.0,0.0,7.046249817707576,47.713059931993484
0.057,24,1572889065,-0.1669989824295044,1.0,1.0,7.202770741889253,47.07282595336437
0.057,25,1432881518,-0.20102182030677795,1.0,1.0,7.608368476154283,46.88580590300262
0.057,26,280516901,-0.2074069380760193,1.0,1.0,7.769324060063809,45.56949203833938
0.057,27,205939248,-0.13613024353981018,1.0,1.0,7.247719685547054,47.24072595126927
0.057,28,571904914,-0.1439991444349289,1.0,1.0,7.283171599730849,46.99809197336435
0.057,29,948843457,-0.07339224219322205,1.0,1.0,8.510209697065875,47.135087894275784
0.057,30,155492488,0.3851034939289093,0.0,0.0,6.827353365952149,46.84854787774384
0.057,31,1903701130,0.42132338881492615,0.0,0.0,6.931572696426883,45.94615614041686
0.057,32,1017961266,-0.137348473072052,1.0,1.0,7.506540395668708,47.83162288367748
0.057,33,1497769985,0.3100019693374634,0.0,0.0,7.067223449004814,45.76377407647669
0.057,34,456523489,0.38532552123069763,0.0,0.0,6.931149056297727,46.67796799913049
0.057,35,701095136,0.39073699712753296,0.0,0.0,6.657332276925445,48.40610781684518
0.057,36,249069576,0.3486410081386566,0.0,0.0,7.066071753506549,47.22900316119194
0.057,37,1576098728,-0.1978103369474411,1.0,1.0,7.556238143937662,47.38630494102836
0.057,38,1662748500,0.07736074179410934,0.0,0.0,8.119951573899016,47.43265616707504
0.057,39,472736216,0.3326156437397003,0.0,0.0,6.749677396728657,47.68412699922919
0.057,40,1535411295,-0.13216963410377502,1.0,1.0,7.518159396830015,46.50279995985329
0.057,41,175223003,-0.12222962826490402,1.0,1.0,7.215679621207528,45.92574597336352
0.057,42,840936862,-0.22827355563640594,1.0,1.0,7.967346188728698,47.175855142995715
0.057,43,343373188,0.018008679151535034,0.0,0.0,8.595549555728212,48.06375992484391
0.057,44,1597751082,0.3548959493637085,0.0,0.0,6.763664775295183,45.92987918294966
0.057,45,730359585,0.3293839395046234,0.0,0.0,6.951369589427486,45.83298694342375
0.057,46,1016641002,0.39412733912467957,0.0,0.0,6.747080842964351,46.941697830334306
0.057,47,998994690,-0.014954233542084694,1.0,1.0,8.498074209783226,45.80157087184489
0.057,48,1021240743,0.38142848014831543,0.0,0.0,6.891135633923113,46.636702958494425
0.057,49,572134801,0.38208484649658203,0.0,0.0,6.825215688790195,48.34312805905938
0.057,50,1198399760,0.40404850244522095,0.0,0.0,6.861296317423694,47.98523406498134
0.057,51,1751866485,-0.14463616907596588,1.0,1.0,8.257717046304606,48.06942795403302
0.057,52,1070889713,0.3014259338378906,0.0,0.0,6.918346550897695,46.38057993724942
0.057,53,415096539,0.34905558824539185,0.0,0.0,6.856510894023813,47.08858300000429
0.057,54,52416235,0.4109879732131958,0.0,0.0,6.962559435633011,46.59623792394996
0.057,55,278032723,0.12816128134727478,0.0,0.0,8.015235283761285,46.90700909122825
0.057,56,174946158,0.3893653154373169,0.0,0.0,6.885299143381417,46.14319512620568
0.057,57,196848554,-0.1795414537191391,1.0,1.0,7.933991601341404,47.48514201492071
0.057,58,263030910,0.041444770991802216,0.0,0.0,10.268873636843637,47.016589902341366
0.057,59,1285415020,0.06891804933547974,0.0,0.0,10.598161841626279,47.1723610535264
0.057,60,1733223444,0.389444500207901,0.0,0.0,6.904121575294994,47.35583392903209
0.057,61,1835544261,0.3771093785762787,0.0,0.0,6.904897765489295,46.63149197585881
0.057,62,1403186970,-0.25854143500328064,1.0,1.0,7.406263830838725,45.78715399838984
0.057,63,1291971777,0.3925710618495941,0.0,0.0,6.959687285707332,45.27788795530796
0.057,64,712292067,0.05011986568570137,0.0,0.0,8.367921485914849,44.661008985713124
0.057,65,2001429764,-0.23498152196407318,1.0,1.0,7.718690994312055,50.36017298698425
0.057,66,1375664061,0.38338127732276917,0.0,0.0,6.987511906889267,47.44116589426994
0.057,67,1556456120,0.321939080953598,0.0,0.0,6.761666374281049,46.43778898753226
0.057,68,1576053187,-0.20892855525016785,1.0,1.0,8.401072579668835,47.26744699291885
0.057,69,1848019881,0.3776625394821167,0.0,0.0,6.758131624897942,45.092110987752676
0.057,70,1508652585,-0.2251451313495636,1.0,1.0,7.712663184502162,46.191811095923185
0.057,71,1995737731,0.3683168292045593,0.0,0.0,6.899751688935794,45.8502930123359
0.057,72,1162788447,0.3533181846141815,0.0,0.0,6.937276325537823,45.4691001214087
0.057,73,1172925522,0.38837292790412903,0.0,0.0,7.078471188084222,46.417142963036895
0.057,74,539174575,-0.18762551248073578,1.0,1.0,7.987006185692735,45.80846079625189
0.057,75,2013637345,-0.2673109769821167,1.0,1.0,7.670798301231116,46.51102679781616
0.057,76,1187468716,0.04962373897433281,0.0,0.0,8.127057577832602,47.254595905542374
0.057,77,1062978506,0.4235396087169647,0.0,0.0,7.0415336195146665,47.288300935178995
0.057,78,679326770,0.3086777925491333,0.0,0.0,7.073316038586199,45.67839205265045
0.057,79,587923432,-0.162562295794487,1.0,1.0,7.378092983970419,45.33237195573747
0.057,80,1359889667,0.40524834394454956,0.0,0.0,6.629675877280533,46.56014288775623
0.057,81,970187386,0.3571416139602661,0.0,0.0,6.79619275033474,46.43931100144982
0.057,82,1219839873,0.015146938152611256,0.0,0.0,8.043055033194833,45.72975100018084
0.057,83,1428160212,0.41333338618278503,0.0,0.0,6.9983538939850405,46.060055028647184
0.057,84,1930609499,-0.2254485934972763,1.0,1.0,8.263420486240648,45.590010937303305
0.057,85,710582861,0.3846023380756378,0.0,0.0,6.767271101824008,46.520740957930684
0.057,86,1463614337,-0.18386049568653107,1.0,1.0,7.45093320752494,44.84930285252631
0.057,87,1940152705,0.3496874272823334,0.0,0.0,7.2266700087348,47.49351483769715
0.057,88,985452196,0.3429393470287323,0.0,0.0,6.906827883562073,45.27579294517636
0.057,89,552062587,0.427985817193985,0.0,0.0,6.819652771344408,45.26896099559963
0.057,90,623566272,-0.13619884848594666,1.0,1.0,7.514171835151501,46.14032804965973
0.057,91,729775797,-0.13191145658493042,1.0,1.0,7.478211592650041,45.66977499052882
0.057,92,1352536665,-0.13100168108940125,1.0,1.0,7.294156692107208,46.83006089180708
0.057,93,555883440,-0.21771179139614105,1.0,1.0,7.354491426260211,48.26904693618417
0.057,94,1801800003,0.30121487379074097,0.0,0.0,6.965040395502001,46.690599992871284
0.057,95,763315502,0.384615033864975,0.0,0.0,6.9064113409258425,45.136881060898304
0.057,96,138897982,-0.07718519866466522,1.0,1.0,8.641406227834523,47.963907942175865
0.057,97,10785379,0.43943729996681213,0.0,0.0,6.7708465094910935,45.757974963635206
0.057,98,53923185,-0.11348949372768402,1.0,1.0,8.226696781814098,45.06394010968506
0.057,99,1349917978,0.42995014786720276,0.0,0.0,6.591548788361251,52.17597004957497
0.058,0,1501552845,0.39089199900627136,0.0,0.0,6.9124319843249395,48.143811989575624
0.058,1,488200390,0.41122156381607056,0.0,0.0,7.065765329636633,45.66589696332812
0.058,2,1693606510,-0.21064987778663635,1.0,1.0,7.588301140232943,44.996697921305895
0.058,3,680233354,0.3704218864440918,0.0,0.0,6.979496086249128,46.16930615156889
0.058,4,438466540,0.38864365220069885,0.0,0.0,6.761490730801597,46.40547605231404
0.058,5,1712329280,0.4261692762374878,0.0,0.0,6.669811366708018,46.31763300858438
0.058,6,1380152455,0.4049552083015442,0.0,0.0,6.9227688343962654,45.223532943055034
0.058,7,1452245846,-0.16259433329105377,1.0,1.0,7.475107723963447,46.68600996956229
0.058,8,2122694021,0.38783755898475647,0.0,0.0,6.80901704961434,46.13439296372235
0.058,9,839901363,-0.06895286589860916,1.0,1.0,7.592523240484297,45.907960971817374
0.058,10,1802651552,0.37919342517852783,0.0,0.0,6.954701454960741,45.81876820884645
0.058,11,714712467,0.3950701355934143,0.0,0.0,6.976976237259805,46.325797913596034
0.058,12,1218704077,0.4203830659389496,0.0,0.0,7.181215080549009,46.446946915239096
0.058,13,1284858263,-0.14402258396148682,1.0,1.0,7.362339197774418,47.33434901572764
0.058,14,457721135,-0.23247955739498138,1.0,1.0,7.36435374233406,46.158508164808154
0.058,15,401008609,-0.09280703961849213,1.0,1.0,8.59526813949924,46.35811899788678
0.058,16,492064534,0.3544134199619293,0.0,0.0,6.964462002855726,45.4303789883852
0.058,17,1444732602,0.08735425770282745,0.0,0.0,7.612236036686227,46.85272299684584
0.058,18,1317426686,0.42775577306747437,0.0,0.0,6.940411925083026,46.142003033310175
0.058,19,2022506251,-0.1817493438720703,1.0,1.0,8.351977674523368,46.27657006494701
0.058,20,1516459118,-0.15600019693374634,1.0,1.0,7.593858958105557,46.755204908549786
0.058,21,533103612,-0.1471228301525116,1.0,1.0,7.468418724252842,45.89600791223347
0.058,22,1964759878,-0.08799643814563751,1.0,1.0,7.370934434933588,47.16791701503098
0.058,23,2037706756,0.28282344341278076,0.0,0.0,7.114511835970916,50.17736088484526
0.058,24,1572889065,-0.18948988616466522,1.0,1.0,7.285756193799898,47.40683897398412
0.058,25,1432881518,-0.17314627766609192,1.0,1.0,7.62728671496734,47.96627094037831
0.058,26,280516901,-0.10734066367149353,1.0,1.0,7.361141160596162,47.83638613298535
0.058,27,205939248,-0.1994064301252365,1.0,1.0,6.9873794603627175,47.064115991815925
0.058,28,571904914,-0.18328052759170532,1.0,1.0,7.281216988922097,45.24671891704202
0.058,29,948843457,-0.19720947742462158,1.0,1.0,7.455414506723173,46.06992704793811
0.058,30,155492488,0.3813604414463043,0.0,0.0,6.9435597875854,47.29864816181362
0.058,31,1903701130,0.399393230676651,0.0,0.0,6.875663012266159,46.80778784677386
0.058,32,1017961266,-0.20393714308738708,1.0,1.0,7.162333274609409,45.12534313835204
0.058,33,1497769985,0.3491264879703522,0.0,0.0,7.038121049758047,46.92293587140739
0.058,34,456523489,0.3895910084247589,0.0,0.0,6.969596375362016,46.77214613184333
0.058,35,701095136,0.4099753499031067,0.0,0.0,6.71689370193053,47.00270900502801
0.058,36,249069576,0.3709593713283539,0.0,0.0,7.081793445977382,46.26349080353975
0.058,37,1576098728,0.4356633722782135,0.0,0.0,6.570835139602423,46.79498798213899
0.058,38,1662748500,0.10218748450279236,0.0,0.0,8.025406508008018,45.15762417577207
0.058,39,472736216,0.34629935026168823,0.0,0.0,6.763296370278113,46.48864991031587
0.058,40,1535411295,-0.060890763998031616,1.0,1.0,7.320186837227084,48.31214202567935
0.058,41,175223003,-0.16830980777740479,1.0,1.0,7.3775073767174035,46.98735289275646
0.058,42,840936862,-0.26174396276474,1.0,1.0,7.651933332788758,46.05099395848811
0.058,43,343373188,-0.17514583468437195,1.0,1.0,7.851346006034873,46.20358091779053
0.058,44,1597751082,0.3608466386795044,0.0,0.0,6.717207372654229,47.898080898448825
0.058,45,730359585,0.3347078561782837,0.0,0.0,6.937723687500693,46.35117412544787
0.058,46,1016641002,0.4398045539855957,0.0,0.0,6.727285481872968,45.61718110926449
0.058,47,998994690,-0.1751563996076584,1.0,1.0,7.986113528022543,46.52779712341726
0.058,48,1021240743,0.3927824795246124,0.0,0.0,6.979369520791806,45.69292697124183
0.058,49,572134801,0.37945717573165894,0.0,0.0,6.949530963669531,47.256130957975984
0.058,50,1198399760,0.42484766244888306,0.0,0.0,6.857280902331695,47.06645500846207
0.058,51,1751866485,-0.18896923959255219,1.0,1.0,8.334732879302464,45.77479814179242
0.058,52,1070889713,0.31737419962882996,0.0,0.0,6.933885398320854,45.83659116178751
0.058,53,415096539,0.35404130816459656,0.0,0.0,7.09518660325557,47.49576491303742
0.058,54,52416235,0.44537732005119324,0.0,0.0,6.969197324942797,45.14979408122599
0.058,55,278032723,-0.0693407878279686,1.0,1.0,8.464362606173381,46.4595768135041
0.058,56,174946158,0.40443065762519836,0.0,0.0,6.893115888000466,45.57007900439203
0.058,57,196848554,0.36202532052993774,0.0,0.0,7.286941762780771,45.76525487937033
0.058,58,263030910,-0.22961528599262238,1.0,1.0,7.767169345868751,45.6946010235697
0.058,59,1285415020,0.048410750925540924,0.0,0.0,8.26426232024096,45.82896106876433
0.058,60,1733223444,0.36407336592674255,0.0,0.0,7.022734536905773,45.98006187006831
0.058,61,1835544261,0.3510684370994568,0.0,0.0,7.112908500712365,45.11423595249653
0.058,62,1403186970,-0.08734635263681412,1.0,1.0,7.679337884183042,45.30289489775896
0.058,63,1291971777,0.4362586736679077,0.0,0.0,6.913439374300651,49.41678303293884
0.058,64,712292067,-0.08603165298700333,1.0,1.0,7.6343702640151605,45.83561420440674
0.058,65,2001429764,-0.007549918722361326,1.0,1.0,8.724525018129498,46.728585148230195
0.058,66,1375664061,0.3625097870826721,0.0,0.0,7.08906459400896,46.93639883771539
0.058,67,1556456120,0.40218421816825867,0.0,0.0,6.697226379998028,46.435547061264515
0.058,68,1576053187,-0.17138484120368958,1.0,1.0,7.763232187717222,46.05378396809101
0.058,69,1848019881,0.39168864488601685,0.0,0.0,6.7880289210006595,45.95125489868224
0.058,70,1508652585,-0.23680268228054047,1.0,1.0,8.123696332913823,46.43735196441412
0.058,71,1995737731,0.3805873692035675,0.0,0.0,6.900182978599332,46.249855076894164
0.058,72,1162788447,0.35850054025650024,0.0,0.0,6.973147374694236,46.153518138453364
0.058,73,1172925522,0.4035916328430176,0.0,0.0,7.03648397536017,46.65507818572223
0.058,74,539174575,0.388467013835907,0.0,0.0,6.84198515326716,45.635730028152466
0.058,75,2013637345,0.07838433235883713,0.0,0.0,7.968318949686363,45.58998881839216
0.058,76,1187468716,0.11720280349254608,0.0,0.0,8.27127257711254,45.24510609917343
0.058,77,1062978506,0.4339067339897156,0.0,0.0,7.053518963395618,46.14114901050925
0.058,78,679326770,0.3301328420639038,0.0,0.0,7.075147032854147,45.595036121085286
0.058,79,587923432,-0.03145188093185425,1.0,1.0,7.7814656684640795,45.562706189230084
0.058,80,1359889667,0.39949744939804077,0.0,0.0,6.680686921463348,51.135684130713344
0.058,81,970187386,0.38046953082084656,0.0,0.0,6.843812660314143,45.086356811225414
0.058,82,1219839873,-0.09331061691045761,1.0,1.0,8.113271751324646,45.378107111901045
0.058,83,1428160212,0.40657100081443787,0.0,0.0,6.970369879971258,49.46991801261902
0.058,84,1930609499,-0.14641964435577393,1.0,1.0,7.400356583297253,46.931653982028365
0.058,85,710582861,0.402214914560318,0.0,0.0,6.793017822899856,45.795181998983026
0.058,86,1463614337,-0.17457571625709534,1.0,1.0,7.623489817022346,44.792786007747054
0.058,87,1940152705,0.34625521302223206,0.0,0.0,7.287313816836104,46.52670584619045
0.058,88,985452196,0.3536164164543152,0.0,0.0,7.033185155480169,46.14970600232482
0.058,89,552062587,0.4447013735771179,0.0,0.0,6.767420542775653,47.058474039658904
0.058,90,623566272,-0.1634056568145752,1.0,1.0,7.399970520287752,48.32715378142893
0.058,91,729775797,-0.1885068714618683,1.0,1.0,7.443167945719324,47.50703298486769
0.058,92,1352536665,0.05213452875614166,0.0,0.0,7.962513374630362,45.929707121104
0.058,93,555883440,-0.15363222360610962,1.0,1.0,7.2924035037867725,45.754649909213185
0.058,94,1801800003,0.3970310688018799,0.0,0.0,7.147755834856071,48.327954951673746
0.058,95,763315502,0.37838348746299744,0.0,0.0,6.93710206320975,46.82185617275536
0.058,96,138897982,-0.17768244445323944,1.0,1.0,7.74982503335923,52.70545091480017
0.058,97,10785379,0.4106036424636841,0.0,0.0,7.050319909583777,50.97652995027602
0.058,98,53923185,-0.13212989270687103,1.0,1.0,7.486620058771223,47.073615016415715
0.058,99,1349917978,0.45136386156082153,0.0,0.0,6.667918576742522,55.60608301311731
0.059,0,1501552845,0.39116424322128296,0.0,0.0,6.882230867166072,46.340650878846645
0.059,1,488200390,0.4272101819515228,0.0,0.0,6.918148446478881,46.17591015994549
0.059,2,1693606510,-0.15799987316131592,1.0,1.0,7.683733683777973,47.136361012235284
0.059,3,680233354,0.38932526111602783,0.0,0.0,6.915475779562257,45.73162202723324
0.059,4,438466540,0.42156627774238586,0.0,0.0,7.003258210723288,46.922781970351934
0.059,5,1712329280,0.3715488314628601,0.0,0.0,6.705243633477949,45.88466603308916
0.059,6,1380152455,0.41124314069747925,0.0,0.0,6.950901192147285,46.38546798378229
0.059,7,1452245846,-0.1716689169406891,1.0,1.0,7.979226510506123,46.23049101792276
0.059,8,2122694021,0.3906061351299286,0.0,0.0,6.832523971213959,45.85728608071804
0.059,9,839901363,0.06952912360429764,0.0,0.0,8.280076608643867,45.93626502901316
0.059,10,1802651552,0.3769310712814331,0.0,0.0,6.973059763316996,47.27760795503855
0.059,11,714712467,0.3983227014541626,0.0,0.0,7.029789872118272,45.79087486490607
0.059,12,1218704077,0.4580253064632416,0.0,0.0,7.238399047171697,46.938544139266014
0.059,13,1284858263,-0.17927655577659607,1.0,1.0,7.461992839467712,46.78596812300384
0.059,14,457721135,0.09393142908811569,0.0,0.0,8.308761979686096,47.219459898769855
0.059,15,401008609,-0.18150055408477783,1.0,1.0,7.345073352684267,46.562437200918794
0.059,16,492064534,0.3505252003669739,0.0,0.0,7.0752281449967995,45.83959607407451
0.059,17,1444732602,0.40731340646743774,0.0,0.0,6.875506844371557,46.76232300698757
0.059,18,1317426686,0.4288581609725952,0.0,0.0,7.0565388785908,46.46568396128714
0.059,19,2022506251,-0.20175984501838684,1.0,1.0,7.3844048113096505,45.77943403273821
0.059,20,1516459118,-0.14464206993579865,1.0,1.0,7.859367162804119,48.69713494554162
0.059,21,533103612,-0.0722179040312767,1.0,1.0,7.893662599264644,46.50417482480407
0.059,22,1964759878,-0.13889116048812866,1.0,1.0,7.360895416000858,46.4306918438524
0.059,23,2037706756,0.29002514481544495,0.0,0.0,7.0614691426744685,46.96056502871215
0.059,24,1572889065,-0.18803226947784424,1.0,1.0,7.465978153864853,46.39001516625285
0.059,25,1432881518,-0.10291239619255066,1.0,1.0,7.853138956939802,45.78074999153614
0.059,26,280516901,0.03292759135365486,0.0,0.0,8.57882753724698,48.343371134251356
0.059,27,205939248,-0.16815738379955292,1.0,1.0,8.145901346579194,45.64784187823534
0.059,28,571904914,-0.19332486391067505,1.0,1.0,7.464631797047332,44.96258404105902
0.059,29,948843457,-0.16749800741672516,1.0,1.0,7.497058406472206,45.82472494803369
0.059,30,155492488,0.3651280403137207,0.0,0.0,6.972953202552162,49.22698810696602
0.059,31,1903701130,0.47221940755844116,0.0,0.0,6.92857804778032,47.30787896551192
0.059,32,1017961266,-0.16858375072479248,1.0,1.0,7.187566587468609,48.39467001147568
0.059,33,1497769985,0.34764397144317627,0.0,0.0,7.039674187661149,46.456403099000454
0.059,34,456523489,0.3997310400009155,0.0,0.0,6.960381739889272,48.41470904648304
0.059,35,701095136,0.3633095622062683,0.0,0.0,6.871788808261044,45.89278297498822
0.059,36,249069576,0.37017810344696045,0.0,0.0,7.109537637443282,46.176623087376356
0.059,37,1576098728,0.44109246134757996,0.0,0.0,6.597795343957841,47.713635955005884
0.059,38,1662748500,0.02108096145093441,0.0,0.0,8.364960761857219,46.35853483341634
0.059,39,472736216,0.3610062301158905,0.0,0.0,6.781548535334878,46.89520294778049
0.059,40,1535411295,-0.16640357673168182,1.0,1.0,7.453207577695139,48.026615055277944
0.059,41,175223003,-0.20323053002357483,1.0,1.0,7.435195191181265,47.32881602831185
0.059,42,840936862,0.059364594519138336,0.0,0.0,7.7425242270110175,45.21998786367476
0.059,43,343373188,0.12332315742969513,0.0,0.0,8.119000710197724,46.89337289892137
0.059,44,1597751082,0.36488983035087585,0.0,0.0,6.668553787982091,46.9343198928982
0.059,45,730359585,0.39604002237319946,0.0,0.0,6.779930317308754,47.3747628275305
0.059,46,1016641002,0.4861081838607788,0.0,0.0,6.712062555598095,47.822616063058376
0.059,47,998994690,0.08793637901544571,0.0,0.0,8.28962481918279,46.40147485770285
0.059,48,1021240743,0.3906283974647522,0.0,0.0,7.013985516619869,46.087928116321564
0.059,49,572134801,0.37321385741233826,0.0,0.0,6.9862701238598675,46.33282800205052
0.059,50,1198399760,0.4253242611885071,0.0,0.0,6.872086672810838,47.92181891389191
0.059,51,1751866485,0.00773756206035614,0.0,0.0,7.8702322646277025,45.7639719825238
0.059,52,1070889713,0.3454027473926544,0.0,0.0,6.947567965835333,46.82028689421713
0.059,53,415096539,0.36090222001075745,0.0,0.0,7.0787064782343805,45.98375805653632
0.059,54,52416235,0.4543067216873169,0.0,0.0,7.051830508396961,46.111329924315214
0.059,55,278032723,0.41950324177742004,0.0,0.0,6.948868425795808,46.63175391033292
0.059,56,174946158,0.43013784289360046,0.0,0.0,6.903108769794926,47.193904872983694
0.059,57,196848554,0.41056299209594727,0.0,0.0,7.166325007448904,46.16755619645119
0.059,58,263030910,0.2287604659795761,0.0,0.0,7.3024696364300326,45.70543998852372
0.059,59,1285415020,-0.07283082604408264,1.0,1.0,8.553900262224488,48.106495058164
0.059,60,1733223444,0.35801881551742554,0.0,0.0,7.000923454063013,48.09569800272584
0.059,61,1835544261,0.36691150069236755,0.0,0.0,7.2881334443809465,47.243061009794474
0.059,62,1403186970,-0.02823958359658718,1.0,1.0,6.966960518388078,47.712865052744746
0.059,63,1291971777,0.35463547706604004,0.0,0.0,6.972925766021945,46.55603598803282
0.059,64,712292067,-0.24066269397735596,1.0,1.0,7.562952216016129,46.17674392648041
0.059,65,2001429764,0.06765719503164291,0.0,0.0,8.398976880474947,46.69317277148366
0.059,66,1375664061,0.424390971660614,0.0,0.0,6.889368097647093,47.59501083754003
0.059,67,1556456120,0.32007598876953125,0.0,0.0,6.937549555208534,47.3685369361192
0.059,68,1576053187,-0.20613594353199005,1.0,1.0,7.610804769909009,47.31224989518523
0.059,69,1848019881,-0.11665999889373779,1.0,1.0,7.632716164342128,45.32579309307039
0.059,70,1508652585,-0.09856010228395462,1.0,1.0,7.808900802745484,47.57420299574733
0.059,71,1995737731,0.3886944651603699,0.0,0.0,6.9191204701783136,46.130412025377154
0.059,72,1162788447,0.3672817051410675,0.0,0.0,7.07414127595257,46.3242509867996
0.059,73,1172925522,0.42020681500434875,0.0,0.0,6.9816221370128915,45.72540707886219
0.059,74,539174575,0.3959546983242035,0.0,0.0,6.872050573001616,45.956328976899385
0.059,75,2013637345,-0.30000001192092896,1.0,1.0,7.475292536546476,45.281030936166644
0.059,76,1187468716,0.013988628052175045,0.0,0.0,8.790974775562063,46.369733987376094
0.059,77,1062978506,0.4341851770877838,0.0,0.0,7.0861981101334095,45.88594287633896
0.059,78,679326770,0.3618282973766327,0.0,0.0,6.942376424907707,45.309050008654594
0.059,79,587923432,-0.043081171810626984,1.0,1.0,8.311997165088542,45.172664104029536
0.059,80,1359889667,0.41476720571517944,0.0,0.0,6.8689503078348935,46.14149988628924
0.059,81,970187386,0.35124459862709045,0.0,0.0,6.9216059216996655,45.42695893906057
0.059,82,1219839873,-0.10836939513683319,1.0,1.0,8.041866499581374,45.31688103452325
0.059,83,1428160212,0.44543811678886414,0.0,0.0,7.134989133453928,46.35845683515072
0.059,84,1930609499,-0.10828180611133575,1.0,1.0,8.089436269947328,46.733032912015915
0.059,85,710582861,0.3985747992992401,0.0,0.0,6.8299159705638885,46.23145214281976
0.059,86,1463614337,-0.1907670646905899,1.0,1.0,7.398171110660769,45.57265201583505
0.059,87,1940152705,0.3680109977722168,0.0,0.0,7.360017416300252,48.226359067484736
0.059,88,985452196,0.3730926215648651,0.0,0.0,6.953075164696202,46.59937904216349
0.059,89,552062587,0.45482563972473145,0.0,0.0,6.7752957491902635,45.260315062478185
0.059,90,623566272,-0.13888034224510193,1.0,1.0,7.675742488587275,47.82390291802585
0.059,91,729775797,-0.2133507877588272,1.0,1.0,7.241482870769687,46.10066185705364
0.059,92,1352536665,-0.04827077314257622,1.0,1.0,8.916315939510241,45.30497593805194
0.059,93,555883440,-0.22020018100738525,1.0,1.0,7.412668082746677,50.899629946798086
0.059,94,1801800003,0.3615554869174957,0.0,0.0,7.136479792417958,49.71235594712198
0.059,95,763315502,0.40819767117500305,0.0,0.0,6.949712249916047,62.2767792083323
0.059,96,138897982,-0.2535598576068878,1.0,1.0,7.515293552656658,52.16754204593599
0.059,97,10785379,0.44880059361457825,0.0,0.0,6.986487445305102,47.10478102788329
0.059,98,53923185,-0.20750440657138824,1.0,1.0,7.131722816382535,49.61659898981452
0.059,99,1349917978,0.43605783581733704,0.0,0.0,6.654704062151723,46.67639289982617
0.06,0,1501552845,0.4099123179912567,0.0,0.0,6.974363658693619,63.2120540831238
0.06,1,488200390,0.42487049102783203,0.0,0.0,6.998213708284311,46.53285793028772
0.06,2,1693606510,-0.20959466695785522,1.0,1.0,7.765201165922917,55.879120947793126
0.06,3,680233354,0.42161262035369873,0.0,0.0,6.748529128613882,45.36320501938462
0.06,4,438466540,0.36808598041534424,0.0,0.0,7.16986157768406,46.83903604745865
0.06,5,1712329280,0.32447510957717896,0.0,0.0,6.7888201251626015,48.17574401386082
0.06,6,1380152455,0.3103088438510895,0.0,0.0,7.391431440250017,47.512209974229336
0.06,7,1452245846,-0.22926844656467438,1.0,1.0,8.203814154025167,45.75059120543301
0.06,8,2122694021,0.4077723026275635,0.0,0.0,6.713564635603689,47.01542807742953
0.06,9,839901363,0.4762490391731262,0.0,0.0,7.045499502099119,47.53852100111544
0.06,10,1802651552,0.3973104655742645,0.0,0.0,7.021058903075755,46.070795971900225
0.06,11,714712467,0.39444467425346375,0.0,0.0,7.157073488109745,45.68201303482056
0.06,12,1218704077,0.4739145040512085,0.0,0.0,7.192263897857629,45.89920397847891
0.06,13,1284858263,0.07643972337245941,0.0,0.0,7.946576120215468,47.972916858270764
0.06,14,457721135,0.04379669576883316,0.0,0.0,8.478748855181038,46.771740075200796
0.06,15,401008609,-0.16623423993587494,1.0,1.0,8.283347456599586,46.67948302812874
0.06,16,492064534,0.26614710688591003,0.0,0.0,7.228408706840128,45.977266039699316
0.06,17,1444732602,0.12089115381240845,0.0,0.0,7.692906327894889,45.624824007973075
0.06,18,1317426686,0.4272574782371521,0.0,0.0,7.060097795794718,45.81519099883735
0.06,19,2022506251,-0.19238419830799103,1.0,1.0,8.155457095592283,45.71592598222196
0.06,20,1516459118,-0.11644420027732849,1.0,1.0,7.563514883397147,45.53122096695006
0.06,21,533103612,-0.13395942747592926,1.0,1.0,7.229755113599822,46.03396984748542
0.06,22,1964759878,-0.17577730119228363,1.0,1.0,7.367217778693885,46.801713993772864
0.06,23,2037706756,0.29369503259658813,0.0,0.0,7.075848581385799,46.06839711777866
0.06,24,1572889065,-0.03142372518777847,1.0,1.0,7.378663214971311,45.9091030061245
0.06,25,1432881518,-0.08160121738910675,1.0,1.0,7.39258190523833,46.206000028178096
0.06,26,280516901,-0.033816948533058167,1.0,1.0,8.818116134149022,45.776299899443984
0.06,27,205939248,-0.11310578137636185,1.0,1.0,7.217858239659108,45.717908069491386
0.06,28,571904914,-0.1547449678182602,1.0,1.0,7.369042295147665,45.55583302862942
0.06,29,948843457,-0.17512011528015137,1.0,1.0,8.32748737896327,45.484721194952726
0.06,30,155492488,0.30762815475463867,0.0,0.0,7.31459595146589,47.961849020794034
0.06,31,1903701130,0.4765843451023102,0.0,0.0,6.9542914007324725,47.25149692967534
0.06,32,1017961266,-0.18652555346488953,1.0,1.0,7.290753576322459,48.46117785200477
0.06,33,1497769985,0.35232242941856384,0.0,0.0,7.1754897753708065,52.070399979129434
0.06,34,456523489,0.4105200171470642,0.0,0.0,6.988511474919505,49.438306828960776
0.06,35,701095136,0.3660152554512024,0.0,0.0,6.888276849524118,46.88551998697221
0.06,36,249069576,0.397752970457077,0.0,0.0,7.113994688843377,45.2733039855957
0.06,37,1576098728,0.44089633226394653,0.0,0.0,6.647714846418239,45.282392064109445
0.06,38,1662748500,-0.04186256229877472,1.0,1.0,7.602763721952215,46.059596817940474
0.06,39,472736216,0.37805163860321045,0.0,0.0,6.844699018402025,45.272900024428964
0.06,40,1535411295,-0.20791958272457123,1.0,1.0,7.565968718845397,46.1606050375849
0.06,41,175223003,0.05937835946679115,0.0,0.0,7.9459382481873035,46.03272513486445
0.06,42,840936862,0.07130671292543411,0.0,0.0,8.413239992922172,46.03601712733507
0.06,43,343373188,-0.015778064727783203,1.0,1.0,8.62746078427881,45.24676105938852
0.06,44,1597751082,0.3686806261539459,0.0,0.0,6.702923645847477,46.06308601796627
0.06,45,730359585,0.32649916410446167,0.0,0.0,7.157768642297015,46.166716143488884
0.06,46,1016641002,0.4806559383869171,0.0,0.0,6.7537747382884845,46.133463038131595
0.06,47,998994690,-0.06474627554416656,1.0,1.0,8.13617030903697,45.99681100808084
0.06,48,1021240743,0.3824404776096344,0.0,0.0,6.992228210088797,45.808678958565
0.06,49,572134801,0.3911069929599762,0.0,0.0,7.162380217807367,45.732553116977215
0.06,50,1198399760,0.42482784390449524,0.0,0.0,6.901691739214584,46.169305918738246
0.06,51,1751866485,-0.05659547075629234,1.0,1.0,7.395210242364556,45.693510910496116
0.06,52,1070889713,0.3410423994064331,0.0,0.0,6.979300775099546,47.00164892710745
0.06,53,415096539,0.365112841129303,0.0,0.0,7.059904288267717,46.2117160204798
0.06,54,52416235,0.41983750462532043,0.0,0.0,6.927752307499759,45.587305910885334
0.06,55,278032723,0.43049171566963196,0.0,0.0,6.977974296780303,45.66048411652446
0.06,56,174946158,0.3904840648174286,0.0,0.0,7.152219392359257,45.76918389648199
0.06,57,196848554,0.4209030270576477,0.0,0.0,7.155508468160406,46.33779497817159
0.06,58,263030910,0.2567363679409027,0.0,0.0,7.344109128694981,46.375541016459465
0.06,59,1285415020,0.4195195734500885,0.0,0.0,7.3712716430891305,45.69291812367737
0.06,60,1733223444,0.40741726756095886,0.0,0.0,6.993161256890744,46.99734505265951
0.06,61,1835544261,0.3747122883796692,0.0,0.0,7.251888700178824,45.86367611773312
0.06,62,1403186970,-0.21431121230125427,1.0,1.0,7.332474701688625,46.465159161016345
0.06,63,1291971777,0.4187396466732025,0.0,0.0,6.923436958808452,46.626197872683406
0.06,64,712292067,-0.004451476503163576,1.0,1.0,8.361307290848345,45.71149707771838
0.06,65,2001429764,-0.058277230709791183,1.0,1.0,8.570389549131505,45.985826989635825
0.06,66,1375664061,0.4174860715866089,0.0,0.0,6.9219948393292725,46.68011306785047
0.06,67,1556456120,0.4188261330127716,0.0,0.0,6.837678897776641,47.019187826663256
0.06,68,1576053187,-0.2001626044511795,1.0,1.0,7.548057549982332,47.12388408370316
0.06,69,1848019881,-0.18167352676391602,1.0,1.0,7.764296553563327,45.5017639324069
0.06,70,1508652585,0.08061446994543076,0.0,0.0,8.821438312646933,46.32187495008111
0.06,71,1995737731,0.3906818926334381,0.0,0.0,6.937162986607291,46.30231694318354
0.06,72,1162788447,0.3820090591907501,0.0,0.0,7.154896343243308,47.10781085304916
0.06,73,1172925522,0.42760345339775085,0.0,0.0,6.997414775309153,47.663423931226134
0.06,74,539174575,0.37474098801612854,0.0,0.0,6.999883167562075,47.780548920854926
0.06,75,2013637345,0.015493194572627544,0.0,0.0,8.269231990212575,47.27969295345247
0.06,76,1187468716,-0.12696297466754913,1.0,1.0,7.839993335772306,45.47380795702338
0.06,77,1062978506,0.4219154417514801,0.0,0.0,7.175480731530115,46.177373034879565
0.06,78,679326770,0.3476181924343109,0.0,0.0,7.00155850907322,48.16239909268916
0.06,79,587923432,-0.1595933586359024,1.0,1.0,7.508067041984759,48.93572092987597
0.06,80,1359889667,0.4471844434738159,0.0,0.0,6.961615863721818,47.874263022094965
0.06,81,970187386,0.3603740930557251,0.0,0.0,6.970403376617469,46.69060884043574
0.06,82,1219839873,-0.1400095820426941,1.0,1.0,7.972595197032206,47.89240914396942
0.06,83,1428160212,0.44652625918388367,0.0,0.0,7.180649145855568,46.85015603899956
0.06,84,1930609499,-0.1829264611005783,1.0,1.0,7.67284492647741,49.35390502214432
0.06,85,710582861,0.40773245692253113,0.0,0.0,6.929559421027079,47.590980073437095
0.06,86,1463614337,-0.15917891263961792,1.0,1.0,7.578875888604671,46.53996299020946
0.06,87,1940152705,0.12452526390552521,0.0,0.0,8.310884522274137,46.54201678931713
0.06,88,985452196,0.429899662733078,0.0,0.0,6.914866305422038,46.5296539478004
0.06,89,552062587,0.4468337297439575,0.0,0.0,6.820984971593134,47.8237010538578
0.06,90,623566272,0.4486727714538574,0.0,0.0,6.667052808799781,48.78101102076471
0.06,91,729775797,-0.11160595715045929,1.0,1.0,7.2388422946678475,48.76136500388384
0.06,92,1352536665,0.15063278377056122,0.0,0.0,8.627209581783973,47.206314047798514
0.06,93,555883440,0.019512038677930832,0.0,0.0,8.827285179984756,45.44787388294935
0.06,94,1801800003,0.35881268978118896,0.0,0.0,7.220978465280496,47.10749816149473
0.06,95,763315502,0.40353965759277344,0.0,0.0,7.001246494939551,47.88395296782255
0.06,96,138897982,0.4527667462825775,0.0,0.0,7.040341101121157,48.333931947126985
0.06,97,10785379,0.45592692494392395,0.0,0.0,7.000773848965764,47.78537293896079
0.06,98,53923185,-0.18560203909873962,1.0,1.0,7.445558265317231,49.06540480442345
0.06,99,1349917978,0.44672688841819763,0.0,0.0,6.7083230438875034,47.876142896711826
0.061,0,1501552845,0.4373086392879486,0.0,0.0,6.855186533532105,52.787299966439605
0.061,1,488200390,0.3880191147327423,0.0,0.0,7.144320017658174,47.52592998556793
0.061,2,1693606510,-0.07858508080244064,1.0,1.0,8.300858055590652,45.62438395805657
0.061,3,680233354,0.4320163130760193,0.0,0.0,6.819175605196506,46.33301496505737
0.061,4,438466540,0.40396109223365784,0.0,0.0,7.178270189440809,47.20700182951987
0.061,5,1712329280,0.4536098837852478,0.0,0.0,6.8232760957907885,46.16076615639031
0.061,6,1380152455,0.4251140058040619,0.0,0.0,7.033031065715477,45.50329898484051
0.061,7,1452245846,-0.2319849729537964,1.0,1.0,7.395225893356837,46.1462140083313
0.061,8,2122694021,0.4123249650001526,0.0,0.0,6.789965572650544,46.42775794491172
0.061,9,839901363,0.45336899161338806,0.0,0.0,7.025153538095765,46.170861925929785
0.061,10,1802651552,0.406302273273468,0.0,0.0,7.138728533405811,46.034883009269834
0.061,11,714712467,0.3985796570777893,0.0,0.0,7.133701359038241,47.164008021354675
0.061,12,1218704077,0.4708214998245239,0.0,0.0,7.217586900573224,46.08594090677798
0.061,13,1284858263,-0.01946679875254631,1.0,1.0,8.132709641708061,45.759378001093864
0.061,14,457721135,0.025267468765378,0.0,0.0,8.389004734810442,44.803562108427286
0.061,15,401008609,-0.1902785748243332,1.0,1.0,7.259784510475583,45.41698796674609
0.061,16,492064534,0.27087119221687317,0.0,0.0,7.134521327796392,46.508912928402424
0.061,17,1444732602,0.4168274402618408,0.0,0.0,6.929416246013716,46.227751998230815
0.061,18,1317426686,0.4223331809043884,0.0,0.0,7.038470871048048,46.6008058283478
0.061,19,2022506251,-0.16933909058570862,1.0,1.0,8.137812948552892,48.23688487522304
0.061,20,1516459118,-0.19448432326316833,1.0,1.0,7.74940289685037,47.57528007030487
0.061,21,533103612,-0.14091569185256958,1.0,1.0,7.577818881138228,45.85212911479175
0.061,22,1964759878,0.06121585890650749,0.0,0.0,8.680451720720157,47.5398029666394
0.061,23,2037706756,0.3000216782093048,0.0,0.0,7.134072074783035,45.98073707893491
0.061,24,1572889065,-0.14629386365413666,1.0,1.0,7.535041714203544,44.859522953629494
0.061,25,1432881518,-0.2117326557636261,1.0,1.0,7.395351098966785,45.19584192894399
0.061,26,280516901,-0.135820671916008,1.0,1.0,7.344076506677084,44.949176954105496
0.061,27,205939248,-0.05669143795967102,1.0,1.0,7.238326134742238,47.22689697518945
0.061,28,571904914,-0.19545550644397736,1.0,1.0,7.609756068093702,46.5881631243974
0.061,29,948843457,-0.08368953317403793,1.0,1.0,7.492256621248089,46.18504294194281
0.061,30,155492488,0.316494345664978,0.0,0.0,7.361020586686209,47.9258440900594
0.061,31,1903701130,0.47167912125587463,0.0,0.0,6.99225736153312,52.536285016685724
0.061,32,1017961266,-0.1975739449262619,1.0,1.0,7.362579252338037,46.73962201923132
0.061,33,1497769985,0.37047630548477173,0.0,0.0,7.159794894279912,47.45632805861533
0.061,34,456523489,0.4144493043422699,0.0,0.0,7.083614848204888,46.21243383735418
0.061,35,701095136,0.3775216042995453,0.0,0.0,6.8804127894109115,45.5713530536741
0.061,36,249069576,0.38851773738861084,0.0,0.0,7.219662984600291,45.51235819235444
0.061,37,1576098728,0.4492124021053314,0.0,0.0,6.603513398207724,46.468856977298856
0.061,38,1662748500,0.07540400326251984,0.0,0.0,8.631275386433117,47.13085410185158
0.061,39,472736216,0.36896204948425293,0.0,0.0,7.0492664887569845,47.0373600255698
0.061,40,1535411295,-0.19617770612239838,1.0,1.0,7.461469624424353,46.31624813191593
0.061,41,175223003,-0.08390701562166214,1.0,1.0,8.555351978866383,47.047500032931566
0.061,42,840936862,0.3402929902076721,0.0,0.0,7.25343695061747,47.44647699408233
0.061,43,343373188,0.024958156049251556,0.0,0.0,8.478310708305798,46.12314607948065
0.061,44,1597751082,0.3666558563709259,0.0,0.0,6.786235305480659,47.43458912707865
0.061,45,730359585,0.42667335271835327,0.0,0.0,6.9855990406358615,46.64138797670603
0.061,46,1016641002,0.4767386317253113,0.0,0.0,6.788295639795251,46.47685796953738
0.061,47,998994690,0.0050229523330926895,0.0,0.0,8.290847460040823,52.268975879997015
0.061,48,1021240743,0.3800238370895386,0.0,0.0,6.995360972941853,45.40875204838812
0.061,49,572134801,0.4128718972206116,0.0,0.0,7.050498308381066,47.31990187428892
0.061,50,1198399760,0.42844724655151367,0.0,0.0,6.890479310764931,47.24899912253022
0.061,51,1751866485,-0.15530729293823242,1.0,1.0,7.7167989334557205,46.434928895905614
0.061,52,1070889713,0.3485428988933563,0.0,0.0,7.019185431301594,46.55241500586271
0.061,53,415096539,0.39370253682136536,0.0,0.0,7.121490895748138,46.48029897361994
0.061,54,52416235,0.4438726007938385,0.0,0.0,6.9576130771311,46.028356067836285
0.061,55,278032723,0.4353976547718048,0.0,0.0,7.028113601496443,46.09161987900734
0.061,56,174946158,0.4151219129562378,0.0,0.0,7.019035656121559,46.5014239307493
0.061,57,196848554,0.41455039381980896,0.0,0.0,7.113593707792461,46.782963909208775
0.061,58,263030910,0.27558189630508423,0.0,0.0,7.329041133983992,46.52394005097449
0.061,59,1285415020,0.4155622124671936,0.0,0.0,7.441719174850732,46.143204905092716
0.061,60,1733223444,0.4166109263896942,0.0,0.0,7.063311911653727,47.704857075586915
0.061,61,1835544261,0.37923699617385864,0.0,0.0,7.345973078161478,47.15119791217148
0.061,62,1403186970,-0.20352992415428162,1.0,1.0,7.444716388708912,53.2156559638679
0.061,63,1291971777,0.4063257575035095,0.0,0.0,7.050158251775429,47.862261068075895
0.061,64,712292067,-0.2153172343969345,1.0,1.0,7.432033231947571,45.6114059779793
0.061,65,2001429764,0.10687103122472763,0.0,0.0,8.408659054432064,47.90332284756005
0.061,66,1375664061,0.4019007682800293,0.0,0.0,7.016463667503558,47.019730089232326
0.061,67,1556456120,0.3150574266910553,0.0,0.0,7.129712559049949,45.89682910591364
0.061,68,1576053187,-0.17097064852714539,1.0,1.0,7.816428113845177,44.86489901319146
0.061,69,1848019881,-0.1844433695077896,1.0,1.0,7.316962600452825,46.90037085674703
0.061,70,1508652585,-0.020036902278661728,1.0,1.0,8.666985405492596,47.05770895816386
0.061,71,1995737731,0.39776411652565,0.0,0.0,7.01163699105382,46.44902213476598
0.061,72,1162788447,0.39600449800491333,0.0,0.0,7.239859177032486,46.62615293636918
0.061,73,1172925522,0.4332819879055023,0.0,0.0,7.032104619196616,47.49161098152399
0.061,74,539174575,-0.1260458528995514,1.0,1.0,8.069473764975555,46.0026771761477
0.061,75,2013637345,-0.24069233238697052,1.0,1.0,7.555057164514437,46.64798709563911
0.061,76,1187468716,0.08815557509660721,0.0,0.0,8.29321698937565,48.036625841632485
0.061,77,1062978506,0.4420278072357178,0.0,0.0,7.174003844032995,49.05651789158583
0.061,78,679326770,0.35358449816703796,0.0,0.0,7.017607326735742,46.82432604022324
0.061,79,587923432,-0.10820230841636658,1.0,1.0,7.611322957207449,47.19730606302619
0.061,80,1359889667,0.46034109592437744,0.0,0.0,7.045333756250329,48.61165303736925
0.061,81,970187386,0.3448958396911621,0.0,0.0,7.106867047958076,47.055538976565
0.061,82,1219839873,-0.05358714982867241,1.0,1.0,7.988866362255067,48.226899933069944
0.061,83,1428160212,0.45850300788879395,0.0,0.0,7.09660920756869,47.172958962619305
0.061,84,1930609499,-0.17555001378059387,1.0,1.0,8.304281440679915,46.7265909537673
0.061,85,710582861,0.4119064509868622,0.0,0.0,6.964384180842899,46.34719900786877
0.061,86,1463614337,-0.005351903382688761,1.0,1.0,7.6354078616714105,45.776259154081345
0.061,87,1940152705,0.09971199929714203,0.0,0.0,8.167590530239977,47.12502798065543
0.061,88,985452196,0.440381795167923,0.0,0.0,7.097695998847485,47.70761099644005
0.061,89,552062587,0.4493682384490967,0.0,0.0,6.874489317648113,48.38958499021828
0.061,90,623566272,0.43138858675956726,0.0,0.0,6.791634808527306,48.29455097205937
0.061,91,729775797,-0.18756914138793945,1.0,1.0,7.523597476654686,45.16720003448427
0.061,92,1352536665,-0.21337902545928955,1.0,1.0,7.810012694331817,46.699837082996964
0.061,93,555883440,-0.20415833592414856,1.0,1.0,7.2358074254589155,47.155614010989666
0.061,94,1801800003,0.3628561198711395,0.0,0.0,7.097902372479439,48.124081920832396
0.061,95,763315502,0.4054757058620453,0.0,0.0,7.044526579789817,47.69821302033961
0.061,96,138897982,0.45718851685523987,0.0,0.0,7.108627081033774,48.98155387490988
0.061,97,10785379,1.0759354829788208,0.0,0.0,6.81633289414458,47.90348978713155
0.061,98,53923185,-0.22197119891643524,1.0,1.0,7.288249179488048,47.29439504444599
0.061,99,1349917978,0.44064563512802124,0.0,0.0,6.80017890164163,48.632202902808785
0.062,0,1501552845,0.44490474462509155,0.0,0.0,6.953511056257412,48.39433613233268
0.062,1,488200390,0.41784512996673584,0.0,0.0,6.931860820972361,49.19584188610315
0.062,2,1693606510,-0.13276726007461548,1.0,1.0,7.612652232754044,46.089966082945466
0.062,3,680233354,0.4378926753997803,0.0,0.0,6.80764818249736,45.97821808420122
0.062,4,438466540,0.4072563052177429,0.0,0.0,7.211259704083204,47.19020705670118
0.062,5,1712329280,0.3533419072628021,0.0,0.0,6.989819100010209,47.13177517987788
0.062,6,1380152455,0.42089515924453735,0.0,0.0,7.041118375607766,47.320164972916245
0.062,7,1452245846,-0.16352629661560059,1.0,1.0,7.6202337990980595,46.3551830034703
0.062,8,2122694021,0.4137030839920044,0.0,0.0,6.780746643897146,47.57172497920692
0.062,9,839901363,0.46540218591690063,0.0,0.0,7.137315806816332,46.20866011828184
0.062,10,1802651552,0.3649751543998718,0.0,0.0,7.404000433976762,46.55773821286857
0.062,11,714712467,0.3913755714893341,0.0,0.0,7.190355329308659,46.212865971028805
0.062,12,1218704077,0.464985191822052,0.0,0.0,7.252433706191368,46.724722953513265
0.062,13,1284858263,-0.14061200618743896,1.0,1.0,7.515017899801023,46.430974965915084
0.062,14,457721135,0.3624400794506073,0.0,0.0,7.210345011088066,45.2782919164747
0.062,15,401008609,0.40264493227005005,0.0,0.0,7.111304027494043,45.37248704582453
0.062,16,492064534,0.277404248714447,0.0,0.0,7.21570069284644,47.149006044492126
0.062,17,1444732602,0.09858550876379013,0.0,0.0,7.825888194027357,45.61445000581443
0.062,18,1317426686,0.409039169549942,0.0,0.0,7.073206253699027,45.95913598313928
0.062,19,2022506251,-0.0458136685192585,1.0,1.0,8.060224713408388,46.131727984175086
0.062,20,1516459118,-0.13640010356903076,1.0,1.0,7.424659959855489,46.76259309053421
0.062,21,533103612,-0.15522390604019165,1.0,1.0,7.326524221454747,46.29688221029937
0.062,22,1964759878,0.12374873459339142,0.0,0.0,8.769641635939479,45.93495209701359
0.062,23,2037706756,0.31263214349746704,0.0,0.0,7.30285543773789,46.380135929211974
0.062,24,1572889065,-0.18250221014022827,1.0,1.0,7.700773606542498,45.93768808990717
0.062,25,1432881518,-0.1393425464630127,1.0,1.0,7.45229924924206,45.85493099875748
0.062,26,280516901,0.09623414278030396,0.0,0.0,8.468082218663767,48.0351229198277
0.062,27,205939248,-0.17823150753974915,1.0,1.0,7.226219087024219,52.34315386041999
0.062,28,571904914,-0.208726704120636,1.0,1.0,7.714353089686483,50.20776600576937
0.062,29,948843457,-0.18455302715301514,1.0,1.0,7.338510152185336,47.673096880316734
0.062,30,155492488,0.3659020662307739,0.0,0.0,7.056221194565296,46.599286841228604
0.062,31,1903701130,0.4368576407432556,0.0,0.0,6.995798863354139,46.55861994251609
0.062,32,1017961266,-0.24787397682666779,1.0,1.0,7.482331111328676,46.44651897251606
0.062,33,1497769985,0.4042816460132599,0.0,0.0,7.269056554418057,45.03857507370412
0.062,34,456523489,0.43004414439201355,0.0,0.0,6.959427930996753,45.55399599485099
0.062,35,701095136,0.3830621838569641,0.0,0.0,6.948687129071914,45.6999430898577
0.062,36,249069576,0.4034585654735565,0.0,0.0,7.264871659339406,46.29919119179249
0.062,37,1576098728,0.46002137660980225,0.0,0.0,6.612403333419934,45.52689311094582
0.062,38,1662748500,0.07463657855987549,0.0,0.0,8.701841413159855,45.991482213139534
0.062,39,472736216,0.3834306597709656,0.0,0.0,6.9194862032309175,46.71538504771888
0.062,40,1535411295,-0.1791084110736847,1.0,1.0,7.327772798016667,46.112331096082926
0.062,41,175223003,0.033850979059934616,0.0,0.0,8.416557937511243,45.6705701071769
0.062,42,840936862,0.37759271264076233,0.0,0.0,7.317568324622698,45.966981910169125
0.062,43,343373188,0.08777207881212234,0.0,0.0,8.035007879836485,45.55584490299225
0.062,44,1597751082,0.36995452642440796,0.0,0.0,6.836923252325505,53.473104955628514
0.062,45,730359585,0.39944928884506226,0.0,0.0,7.192423211876303,44.98816910199821
0.062,46,1016641002,0.4746469259262085,0.0,0.0,6.953998237964697,45.85208580829203
0.062,47,998994690,-0.044052161276340485,1.0,1.0,8.289012233959511,46.13202600739896
0.062,48,1021240743,0.35378795862197876,0.0,0.0,7.192642071051523,45.49861093983054
0.062,49,572134801,0.4191177189350128,0.0,0.0,7.084678260493092,45.178520027548075
0.062,50,1198399760,0.44385772943496704,0.0,0.0,6.954160847235471,45.56520003825426
0.062,51,1751866485,0.0919729694724083,0.0,0.0,11.123698508366942,45.02364690415561
0.062,52,1070889713,0.3313674032688141,0.0,0.0,6.980028984486125,45.108033111318946
0.062,53,415096539,0.4332931637763977,0.0,0.0,7.066306927008554,44.96358404867351
0.062,54,52416235,0.4405566453933716,0.0,0.0,6.913062684820034,45.399146154522896
0.062,55,278032723,0.4472425580024719,0.0,0.0,7.0464424170786515,45.02937197685242
0.062,56,174946158,0.41710710525512695,0.0,0.0,7.307377367513254,46.373679069802165
0.062,57,196848554,0.4190850257873535,0.0,0.0,7.172971734427847,46.3719149120152
0.062,58,263030910,0.28327885270118713,0.0,0.0,7.361253117443994,46.19791894219816
0.062,59,1285415020,0.41352930665016174,0.0,0.0,7.480949656688608,46.197574120014906
0.062,60,1733223444,0.4202375113964081,0.0,0.0,7.080172450048849,46.23402492143214
0.062,61,1835544261,0.39779484272003174,0.0,0.0,7.177387141389772,48.930377000942826
0.062,62,1403186970,0.007280152291059494,0.0,0.0,8.385469107888639,46.94943316280842
0.062,63,1291971777,0.4164091944694519,0.0,0.0,7.126583687611856,47.13285993784666
0.062,64,712292067,-0.045223403722047806,1.0,1.0,8.625657104304992,45.75016209855676
0.062,65,2001429764,0.07718339562416077,0.0,0.0,8.664973905310035,45.30406906269491
0.062,66,1375664061,0.3731568455696106,0.0,0.0,7.000344370724633,46.32593900896609
0.062,67,1556456120,0.30531010031700134,0.0,0.0,7.242346324841492,46.84948897920549
0.062,68,1576053187,-0.1770056188106537,1.0,1.0,7.390191163634881,46.54217581264675
0.062,69,1848019881,-0.010118945501744747,1.0,1.0,7.448454839759506,46.57753184437752
0.062,70,1508652585,-0.031565308570861816,1.0,1.0,8.682011795346625,46.294348081573844
0.062,71,1995737731,0.42929840087890625,0.0,0.0,6.945613730698824,45.7679929677397
0.062,72,1162788447,0.3981567919254303,0.0,0.0,7.199032907257788,47.63618018478155
0.062,73,1172925522,0.4308665096759796,0.0,0.0,7.135885983239859,48.86990087106824
0.062,74,539174575,-0.13501645624637604,1.0,1.0,7.880710110650398,46.40916106291115
0.062,75,2013637345,-0.15065999329090118,1.0,1.0,7.658609094331041,46.6327799949795
0.062,76,1187468716,0.1290276199579239,0.0,0.0,8.502947376691736,48.278139904141426
0.062,77,1062978506,0.4346197545528412,0.0,0.0,7.198005866026506,47.3407250829041
0.062,78,679326770,0.38808712363243103,0.0,0.0,6.997152840020135,47.66826191917062
0.062,79,587923432,-0.11781395971775055,1.0,1.0,8.258203699835576,46.65486584417522
0.062,80,1359889667,0.4601847529411316,0.0,0.0,6.956325725535862,46.267627039924264
0.062,81,970187386,0.4135986566543579,0.0,0.0,7.012556669302285,46.00399499759078
0.062,82,1219839873,0.43386605381965637,0.0,0.0,7.095428096363321,45.48920108936727
0.062,83,1428160212,0.46471673250198364,0.0,0.0,7.196209113812074,46.94164893589914
0.062,84,1930609499,0.047492630779743195,0.0,0.0,7.5777695728465915,48.0567910708487
0.062,85,710582861,0.4196135401725769,0.0,0.0,7.010027355398051,48.051012912765145
0.062,86,1463614337,-0.09866323322057724,1.0,1.0,7.706109016784467,47.76941705495119
0.062,87,1940152705,0.024479756131768227,0.0,0.0,8.55772462906316,45.77614599838853
0.062,88,985452196,0.42269688844680786,0.0,0.0,7.053884931025095,46.28898994997144
0.062,89,552062587,0.4505518972873688,0.0,0.0,6.8644595795776695,47.10217495448887
0.062,90,623566272,0.4329398572444916,0.0,0.0,6.8029289218829945,48.43219416216016
0.062,91,729775797,-0.18321345746517181,1.0,1.0,7.271633959724568,48.39769005775452
0.062,92,1352536665,-0.2165471613407135,1.0,1.0,7.922340146498755,49.85090089030564
0.062,93,555883440,0.07689601927995682,0.0,0.0,8.587980419630185,47.57002694532275
0.062,94,1801800003,0.26547354459762573,0.0,0.0,7.568506451672874,49.84213807620108
0.062,95,763315502,0.4134361147880554,0.0,0.0,7.068510907120071,59.83339808881283
0.062,96,138897982,0.4411572813987732,0.0,0.0,7.108050782582723,50.4879888612777
0.062,97,10785379,1.0855159759521484,0.0,0.0,6.828369515482336,56.33048410527408
0.062,98,53923185,-0.09501530230045319,1.0,1.0,8.171331885503605,46.28748493269086
0.062,99,1349917978,0.4338136911392212,0.0,0.0,6.8210982219316065,47.73828387260437
0.063,0,1501552845,0.3663475811481476,0.0,0.0,7.280326264793985,60.0832630880177
0.063,1,488200390,0.4431214928627014,0.0,0.0,7.1363650964340195,47.86371090449393
0.063,2,1693606510,-0.11999516934156418,1.0,1.0,7.835176175809465,47.99687396734953
0.063,3,680233354,0.4333276152610779,0.0,0.0,6.968179149203934,47.41162108257413
0.063,4,438466540,0.41140449047088623,0.0,0.0,7.210329002467915,47.30901913717389
0.063,5,1712329280,0.35636651515960693,0.0,0.0,7.121717665111646,48.612308921292424
0.063,6,1380152455,0.4401731789112091,0.0,0.0,6.999902895186096,48.91180689446628
0.063,7,1452245846,-0.18533430993556976,1.0,1.0,7.256129652494565,48.46307192929089
0.063,8,2122694021,0.4113435745239258,0.0,0.0,6.818120902054943,47.259289072826505
0.063,9,839901363,0.39078718423843384,0.0,0.0,7.25023882871028,46.558937057852745
0.063,10,1802651552,0.3764926791191101,0.0,0.0,7.329368561389856,48.902417067438364
0.063,11,714712467,0.3594822883605957,0.0,0.0,7.416701360722072,49.032025039196014
0.063,12,1218704077,0.46697482466697693,0.0,0.0,7.217337388196029,48.51539013907313
0.063,13,1284858263,-0.30000001192092896,1.0,1.0,9.349518472678028,49.980434123426676
0.063,14,457721135,0.36353594064712524,0.0,0.0,7.292830676189624,47.88709292188287
0.063,15,401008609,0.3598678410053253,0.0,0.0,7.345640046754852,46.89573193900287
0.063,16,492064534,0.2820888161659241,0.0,0.0,7.234129144111648,48.9454020280391
0.063,17,1444732602,0.024910811334848404,0.0,0.0,7.831870142952539,48.78025990910828
0.063,18,1317426686,0.4097704589366913,0.0,0.0,7.080291592050344,48.4870329964906
0.063,19,2022506251,-0.07897350937128067,1.0,1.0,7.822328852140345,48.459318932145834
0.063,20,1516459118,-0.1356315016746521,1.0,1.0,8.158736396231689,48.4288758598268
0.063,21,533103612,-0.18587647378444672,1.0,1.0,7.5708846579073,47.249143011868
0.063,22,1964759878,0.08392168581485748,0.0,0.0,8.934422930935398,48.6967449542135
0.063,23,2037706756,0.3347099721431732,0.0,0.0,7.31294798059389,46.27384291961789
0.063,24,1572889065,-0.20232722163200378,1.0,1.0,7.613649820559658,46.39073717407882
0.063,25,1432881518,-0.19174329936504364,1.0,1.0,7.489742284058593,45.548191061243415
0.063,26,280516901,-0.06056740880012512,1.0,1.0,8.614539575995877,48.103891080245376
0.063,27,205939248,-0.16444389522075653,1.0,1.0,7.47915957972873,45.52038013935089
0.063,28,571904914,-0.08401922881603241,1.0,1.0,7.415535342879593,46.18962202221155
0.063,29,948843457,0.39453792572021484,0.0,0.0,7.123417000402696,47.39243281073868
0.063,30,155492488,0.36604976654052734,0.0,0.0,7.119837649632245,48.33527002483606
0.063,31,1903701130,0.4357203245162964,0.0,0.0,6.9799190337071195,45.37116806022823
0.063,32,1017961266,-0.1424701064825058,1.0,1.0,7.366493522073142,47.78786120004952
0.063,33,1497769985,0.4454852044582367,0.0,0.0,7.267209968529642,51.114861853420734
0.063,34,456523489,0.43652230501174927,0.0,0.0,7.0093811836559325,50.53378501906991
0.063,35,701095136,0.41149449348449707,0.0,0.0,6.932482408010401,46.408225083723664
0.063,36,249069576,0.4283863306045532,0.0,0.0,7.230772542534396,47.285344917327166
0.063,37,1576098728,0.4645492434501648,0.0,0.0,6.623691345215775,46.03689815849066
0.063,38,1662748500,0.09825869649648666,0.0,0.0,8.491034419625066,46.94487387314439
0.063,39,472736216,0.39315974712371826,0.0,0.0,6.9717498837271705,48.09302091598511
0.063,40,1535411295,-0.21784859895706177,1.0,1.0,7.51110391668044,48.02427091635764
0.063,41,175223003,0.07138590514659882,0.0,0.0,8.233149501145817,46.16551008075476
0.063,42,840936862,0.3817555606365204,0.0,0.0,7.322513233404607,49.279298167675734
0.063,43,343373188,-0.10078787803649902,1.0,1.0,7.8117270421935245,47.09034692496061
0.063,44,1597751082,0.4718713164329529,0.0,0.0,6.8757795601850376,45.60766206122935
0.063,45,730359585,0.40842166543006897,0.0,0.0,7.268706648377702,45.003894018009305
0.063,46,1016641002,0.471996009349823,0.0,0.0,6.992661505006254,45.769151067361236
0.063,47,998994690,-0.029784899204969406,1.0,1.0,8.283776810392737,46.40175495296717
0.063,48,1021240743,0.35570386052131653,0.0,0.0,7.414203365216963,47.00817307457328
0.063,49,572134801,0.4147193133831024,0.0,0.0,7.293452783720568,47.704263124614954
0.063,50,1198399760,0.4373190701007843,0.0,0.0,6.950540313730016,57.81256314367056
0.063,51,1751866485,-0.20562933385372162,1.0,1.0,8.113645705627277,46.794862020760775
0.063,52,1070889713,0.3537544012069702,0.0,0.0,7.030249978532083,46.52854101732373
0.063,53,415096539,0.40927138924598694,0.0,0.0,7.1162415449507535,45.73143599554896
0.063,54,52416235,0.46520817279815674,0.0,0.0,6.910788210690953,46.463964972645044
0.063,55,278032723,0.4291655421257019,0.0,0.0,7.0341094536706805,46.17959610186517
0.063,56,174946158,0.43334391713142395,0.0,0.0,7.208942681434564,46.066689072176814
0.063,57,196848554,0.4196983277797699,0.0,0.0,7.198936722707003,46.07970407232642
0.063,58,263030910,0.28871163725852966,0.0,0.0,7.478883698116988,46.06087994761765
0.063,59,1285415020,0.4060429036617279,0.0,0.0,7.414591856650077,46.32614483125508
0.063,60,1733223444,0.42072680592536926,0.0,0.0,7.073824876686558,45.97312700934708
0.063,61,1835544261,0.3766101002693176,0.0,0.0,7.303528863354586,46.38439603149891
0.063,62,1403186970,-0.06795456260442734,1.0,1.0,7.823453048244119,45.92150798998773
0.063,63,1291971777,0.43495768308639526,0.0,0.0,7.1830192463239655,45.99156300537288
0.063,64,712292067,0.12923739850521088,0.0,0.0,8.449047790491022,45.55552406236529
0.063,65,2001429764,0.10136274248361588,0.0,0.0,8.412132515688427,46.85249994508922
0.063,66,1375664061,0.445160835981369,0.0,0.0,6.908712087548338,48.87084406800568
0.063,67,1556456120,0.3151170313358307,0.0,0.0,7.230203518061899,47.51630988903344
0.063,68,1576053187,-0.22108691930770874,1.0,1.0,7.426549139199778,46.32819490507245
0.063,69,1848019881,-0.12229805439710617,1.0,1.0,7.678542353212833,46.719067031517625
0.063,70,1508652585,0.03934556618332863,0.0,0.0,7.940409662784077,47.9794021230191
0.063,71,1995737731,0.4096088707447052,0.0,0.0,7.123194615822285,47.8956971783191
0.063,72,1162788447,0.40356573462486267,0.0,0.0,7.175222284160554,47.933501889929175
0.063,73,1172925522,0.4359467327594757,0.0,0.0,7.366319273249246,47.76285192929208
0.063,74,539174575,-0.23389087617397308,1.0,1.0,8.031724551343359,48.33200108259916
0.063,75,2013637345,-0.0042209625244140625,1.0,1.0,8.657399820280261,47.94392501935363
0.063,76,1187468716,-0.23396049439907074,1.0,1.0,7.652644750196487,45.447875978425145
0.063,77,1062978506,0.4282396137714386,0.0,0.0,7.322113937931135,46.52629396878183
0.063,78,679326770,0.39813685417175293,0.0,0.0,6.944125745561905,47.61558794416487
0.063,79,587923432,-0.17105072736740112,1.0,1.0,7.688684764667414,48.03282185457647
0.063,80,1359889667,0.4175204634666443,0.0,0.0,7.286568096955307,47.12001886218786
0.063,81,970187386,0.4392685890197754,0.0,0.0,7.010054581449367,47.276420053094625
0.063,82,1219839873,0.4192855954170227,0.0,0.0,7.011974934022874,48.97161107510328
0.063,83,1428160212,0.47208088636398315,0.0,0.0,7.044235034845769,48.08423714712262
0.063,84,1930609499,0.43586763739585876,0.0,0.0,7.136241617496125,46.433627139776945
0.063,85,710582861,0.4493008255958557,0.0,0.0,7.027737679309212,47.29278106242418
0.063,86,1463614337,-0.08102691918611526,1.0,1.0,8.250533429323696,47.462102957069874
0.063,87,1940152705,0.07999099045991898,0.0,0.0,8.288300348678604,46.536104986444116
0.063,88,985452196,0.41807451844215393,0.0,0.0,7.323309504659846,46.0290820337832
0.063,89,552062587,0.4730273187160492,0.0,0.0,6.779311675927602,48.526646103709936
0.063,90,623566272,0.42890995740890503,0.0,0.0,6.844053594046272,49.24074001610279
0.063,91,729775797,0.39845478534698486,0.0,0.0,7.0826381779043,49.63904898613691
0.063,92,1352536665,-0.10499362647533417,1.0,1.0,8.637298474553972,49.391505075618625
0.063,93,555883440,-0.16522923111915588,1.0,1.0,7.6317118145525455,49.0419480483979
0.063,94,1801800003,0.27905169129371643,0.0,0.0,7.695377981988713,47.718002926558256
0.063,95,763315502,0.42232954502105713,0.0,0.0,7.016677676234394,48.445967957377434
0.063,96,138897982,0.43876269459724426,0.0,0.0,7.076110417605378,48.66652097553015
0.063,97,10785379,1.0932378768920898,0.0,0.0,6.8420754668768495,49.22892106696963
0.063,98,53923185,-0.17037397623062134,1.0,1.0,7.294783846708015,48.35349810309708
0.063,99,1349917978,0.43002647161483765,0.0,0.0,6.852672693901695,48.70709404349327
0.064,0,1501552845,0.45488229393959045,0.0,0.0,6.943710770574398,48.878780798986554
0.064,1,488200390,0.4464482367038727,0.0,0.0,7.194448381429538,48.11613797210157
0.064,2,1693606510,-0.16036294400691986,1.0,1.0,7.866628650692292,46.20256507769227
0.064,3,680233354,0.4417983889579773,0.0,0.0,6.975639073527418,48.27335407026112
0.064,4,438466540,0.41705915331840515,0.0,0.0,7.141255764989182,48.034062841907144
0.064,5,1712329280,0.3575289845466614,0.0,0.0,7.205705594853498,48.31758886575699
0.064,6,1380152455,0.3285076916217804,0.0,0.0,7.369598974473774,46.226428123191
0.064,7,1452245846,-0.1683710366487503,1.0,1.0,8.251824742881581,46.74455616623163
0.064,8,2122694021,0.41402024030685425,0.0,0.0,6.832436385797337,48.15739206969738
0.064,9,839901363,0.41724637150764465,0.0,0.0,7.037512538721785,48.095033038407564
0.064,10,1802651552,0.4375150799751282,0.0,0.0,7.267981711192988,47.758487053215504
0.064,11,714712467,0.3584931194782257,0.0,0.0,7.4439163682982326,48.87790698558092
0.064,12,1218704077,0.45257166028022766,0.0,0.0,7.340823278645985,47.37184988334775
0.064,13,1284858263,0.03850382938981056,0.0,0.0,8.422082805423997,48.329159850254655
0.064,14,457721135,0.14274169504642487,0.0,0.0,8.029118873178959,48.10902592726052
0.064,15,401008609,0.4020865857601166,0.0,0.0,7.244121145224199,49.00360596366227
0.064,16,492064534,0.2939393222332001,0.0,0.0,7.231112026260234,48.40620490722358
0.064,17,1444732602,-0.07783036679029465,1.0,1.0,7.969615558278747,47.94909595511854
0.064,18,1317426686,0.3969689607620239,0.0,0.0,7.066240139189176,47.918397933244705
0.064,19,2022506251,-0.03960658982396126,1.0,1.0,7.984703356050886,46.74337315373123
0.064,20,1516459118,-0.18683938682079315,1.0,1.0,7.862637000973336,46.754762064665556
0.064,21,533103612,-0.09197429567575455,1.0,1.0,7.316008404945023,45.76277988962829
0.064,22,1964759878,-0.21137993037700653,1.0,1.0,7.610670781228691,45.44582590460777
0.064,23,2037706756,0.337493896484375,0.0,0.0,7.323106151656248,45.94519501551986
0.064,24,1572889065,-0.2135731279850006,1.0,1.0,8.542824898962863,46.20309988968074
0.064,25,1432881518,0.4298242926597595,0.0,0.0,7.134505901718512,46.690782997757196
0.064,26,280516901,0.19436661899089813,0.0,0.0,8.192447089822963,47.66911291517317
0.064,27,205939248,-0.14485125243663788,1.0,1.0,7.3878347822465,47.78459086082876
0.064,28,571904914,-0.16748271882534027,1.0,1.0,7.5520164837362245,44.51559390872717
0.064,29,948843457,0.3586418628692627,0.0,0.0,7.200060899602249,45.732962898910046
0.064,30,155492488,0.3678721785545349,0.0,0.0,7.100795655976981,48.029965022578835
0.064,31,1903701130,0.4343377947807312,0.0,0.0,7.240715550025925,51.16061610169709
0.064,32,1017961266,-0.15713338553905487,1.0,1.0,7.243791117798537,48.89946710318327
0.064,33,1497769985,0.4351285696029663,0.0,0.0,7.310959727619775,45.57782900519669
0.064,34,456523489,0.4461231827735901,0.0,0.0,7.094426000374369,47.165369149297476
0.064,35,701095136,0.39578768610954285,0.0,0.0,6.976661046617664,45.69684504531324
0.064,36,249069576,0.40776246786117554,0.0,0.0,7.142532072030008,45.64855596981943
0.064,37,1576098728,0.4552189111709595,0.0,0.0,6.71776947483886,46.93853296339512
0.064,38,1662748500,-0.2461867332458496,1.0,1.0,7.565407098853029,47.01333190314472
0.064,39,472736216,0.46405312418937683,0.0,0.0,6.905206919182092,45.54377589374781
0.064,40,1535411295,-0.07278429716825485,1.0,1.0,7.475664096069522,46.96194804273546
0.064,41,175223003,-0.02889592945575714,1.0,1.0,8.48306977644097,47.42363397963345
0.064,42,840936862,0.39310306310653687,0.0,0.0,7.361859258031473,45.7276189699769
0.064,43,343373188,0.046513937413692474,0.0,0.0,8.399692488601431,45.28540000319481
0.064,44,1597751082,0.47048109769821167,0.0,0.0,6.8786556660197675,46.02970206178725
0.064,45,730359585,0.40873482823371887,0.0,0.0,7.22420550766401,46.00114584900439
0.064,46,1016641002,0.47001397609710693,0.0,0.0,6.9888093925546855,46.40267393551767
0.064,47,998994690,-0.06930847465991974,1.0,1.0,8.208321475423872,46.06043896637857
0.064,48,1021240743,-0.14826235175132751,1.0,1.0,7.703618782106787,46.28238594159484
0.064,49,572134801,0.41190004348754883,0.0,0.0,7.317919912049547,46.29115480929613
0.064,50,1198399760,0.43086856603622437,0.0,0.0,7.1197858427185565,46.08221794478595
0.064,51,1751866485,-0.01876901276409626,1.0,1.0,7.402310654404573,46.02659004740417
0.064,52,1070889713,0.3587120473384857,0.0,0.0,7.107123017543927,45.98852898925543
0.064,53,415096539,0.41271641850471497,0.0,0.0,7.072710491949692,45.98255502060056
0.064,54,52416235,0.46228429675102234,0.0,0.0,6.93973521515727,46.98402201756835
0.064,55,278032723,0.47511225938796997,0.0,0.0,7.014578259084374,45.62038090080023
0.064,56,174946158,0.42042669653892517,0.0,0.0,7.426187906647101,47.29319293983281
0.064,57,196848554,0.42296329140663147,0.0,0.0,7.2115252608200535,47.59613797068596
0.064,58,263030910,0.29271048307418823,0.0,0.0,7.4940283505711704,47.339773969724774
0.064,59,1285415020,0.40473076701164246,0.0,0.0,7.532819724758156,46.87430500052869
0.064,60,1733223444,0.42630648612976074,0.0,0.0,7.03848651482258,46.58559896051884
0.064,61,1835544261,0.3811969757080078,0.0,0.0,7.448469306109473,45.98736995831132
0.064,62,1403186970,-0.22771888971328735,1.0,1.0,7.456045912695117,45.99606501869857
0.064,63,1291971777,0.42407622933387756,0.0,0.0,7.158707142574713,46.51958285830915
0.064,64,712292067,0.08844147622585297,0.0,0.0,8.313186926650815,48.761676996946335
0.064,65,2001429764,0.097212053835392,0.0,0.0,8.691137604531832,46.88942991197109
0.064,66,1375664061,0.4293458163738251,0.0,0.0,6.883037040592171,45.85150605998933
0.064,67,1556456120,-0.04196333512663841,1.0,1.0,8.254989741137251,47.19889000989497
0.064,68,1576053187,-0.2019256055355072,1.0,1.0,7.5492186908377334,46.43860994838178
0.064,69,1848019881,0.46412092447280884,0.0,0.0,6.955356296850368,47.82837792299688
0.064,70,1508652585,0.09329436719417572,0.0,0.0,8.756655430421233,48.15368400886655
0.064,71,1995737731,0.4322756826877594,0.0,0.0,7.039379696594551,48.088531009852886
0.064,72,1162788447,0.4067343771457672,0.0,0.0,7.20174296409823,47.924543963745236
0.064,73,1172925522,0.4312766194343567,0.0,0.0,7.428622194333002,48.32002683542669
0.064,74,539174575,0.05358562618494034,0.0,0.0,8.677112816716544,46.67785903438926
0.064,75,2013637345,0.08767358213663101,0.0,0.0,8.457964651752263,48.01552998833358
0.064,76,1187468716,0.07093154639005661,0.0,0.0,8.338668427313678,48.5087470151484
0.064,77,1062978506,0.4156569540500641,0.0,0.0,7.381272484431975,48.829135950654745
0.064,78,679326770,0.4038725793361664,0.0,0.0,7.095125878229737,48.04715281352401
0.064,79,587923432,-0.21351461112499237,1.0,1.0,7.505524263950065,47.47565998695791
0.064,80,1359889667,0.4285358786582947,0.0,0.0,7.317581448471174,58.8765621650964
0.064,81,970187386,0.4258727729320526,0.0,0.0,7.0414295863593,49.25794503651559
0.064,82,1219839873,-0.16152189671993256,1.0,1.0,8.203000034671277,47.79043281450868
0.064,83,1428160212,0.4975990355014801,0.0,0.0,7.203356253914535,47.97667101956904
0.064,84,1930609499,0.45201021432876587,0.0,0.0,7.042858928791247,48.52600605227053
0.064,85,710582861,0.4678989350795746,0.0,0.0,7.08699862821959,48.068182077258825
0.064,86,1463614337,-0.20932695269584656,1.0,1.0,7.855211214045994,47.22168785519898
0.064,87,1940152705,0.03420596197247505,0.0,0.0,7.845691313268617,49.03283203020692
0.064,88,985452196,0.41956833004951477,0.0,0.0,7.281651306548156,49.69762801192701
0.064,89,552062587,0.4750569462776184,0.0,0.0,6.834041597205214,50.095763988792896
0.064,90,623566272,0.43873271346092224,0.0,0.0,6.8174870166694745,49.747978802770376
0.064,91,729775797,0.4168446958065033,0.0,0.0,7.074470940511674,48.80739888176322
0.064,92,1352536665,-0.1955336034297943,1.0,1.0,8.018141193781048,47.41975502111018
0.064,93,555883440,-0.20741252601146698,1.0,1.0,7.317092522280291,48.90149482525885
0.064,94,1801800003,0.32464492321014404,0.0,0.0,7.5369749593082815,49.116370966657996
0.064,95,763315502,0.4304797649383545,0.0,0.0,6.998307022731751,49.93214085698128
0.064,96,138897982,0.43649476766586304,0.0,0.0,7.158880822826177,48.507827101275325
0.064,97,10785379,1.0894451141357422,0.0,0.0,6.900166371138766,50.04717386327684
0.064,98,53923185,-0.15426760911941528,1.0,1.0,7.586149626295082,48.89134783297777
0.064,99,1349917978,0.39197975397109985,0.0,0.0,6.924073555623181,50.04219617694616
0.065,0,1501552845,0.43635648488998413,0.0,0.0,6.9955595133360475,57.52507993020117
0.065,1,488200390,0.4136646091938019,0.0,0.0,7.225886995205656,48.38997218757868
0.065,2,1693606510,-0.13664762675762177,1.0,1.0,7.399461314314976,46.28128302283585
0.065,3,680233354,0.4506308138370514,0.0,0.0,6.993541753152385,45.80962285399437
0.065,4,438466540,0.42292723059654236,0.0,0.0,7.222758046584204,48.151602037250996
0.065,5,1712329280,0.3485214412212372,0.0,0.0,7.125816155108623,47.52430785447359
0.065,6,1380152455,0.43194708228111267,0.0,0.0,7.218817027751356,47.204496804624796
0.065,7,1452245846,-0.1431204229593277,1.0,1.0,8.140842083375901,49.438178073614836
0.065,8,2122694021,0.4045308530330658,0.0,0.0,6.852228011819534,47.009995905682445
0.065,9,839901363,0.43941012024879456,0.0,0.0,7.026108177495189,46.773668145760894
0.065,10,1802651552,0.37772080302238464,0.0,0.0,7.423908932716586,47.639553900808096
0.065,11,714712467,0.3580952286720276,0.0,0.0,7.470903956913389,48.93543105572462
0.065,12,1218704077,0.44594478607177734,0.0,0.0,7.360465261735953,47.89875214919448
0.065,13,1284858263,0.01756351627409458,0.0,0.0,8.69543286296539,47.91599698364735
0.065,14,457721135,0.10368797928094864,0.0,0.0,8.329865822335705,47.402241034433246
0.065,15,401008609,0.40379196405410767,0.0,0.0,7.295208551338874,46.32038902491331
0.065,16,492064534,0.30673182010650635,0.0,0.0,7.283476640586741,46.96577484719455
0.065,17,1444732602,-0.06367865204811096,1.0,1.0,7.8006204435369,45.647737104445696
0.065,18,1317426686,0.39905449748039246,0.0,0.0,7.078911086777225,46.67153488844633
0.065,19,2022506251,-0.01940957084298134,1.0,1.0,8.164777964935638,45.903051970526576
0.065,20,1516459118,0.06587988883256912,0.0,0.0,8.239156294963323,46.73558799549937
0.065,21,533103612,-0.16821758449077606,1.0,1.0,7.470219275332056,46.24329414218664
0.065,22,1964759878,-0.18960298597812653,1.0,1.0,7.798358014435507,46.37609585188329
0.065,23,2037706756,0.34334781765937805,0.0,0.0,7.32418325508479,47.16083197854459
0.065,24,1572889065,-0.15947459638118744,1.0,1.0,7.553212527302094,46.65305791422725
0.065,25,1432881518,0.4289923310279846,0.0,0.0,7.179200493148528,48.84495004080236
0.065,26,280516901,0.14884522557258606,0.0,0.0,8.483523729606532,46.024096896871924
0.065,27,205939248,0.4242747128009796,0.0,0.0,7.289307772764005,49.00222294963896
0.065,28,571904914,-0.11567210406064987,1.0,1.0,7.377599076600745,50.09010806679726
0.065,29,948843457,0.3731387257575989,0.0,0.0,7.252213735016994,46.41968011856079
0.065,30,155492488,0.36732351779937744,0.0,0.0,7.102859012666158,51.24066513963044
0.065,31,1903701130,0.4280855655670166,0.0,0.0,7.303022883366793,46.49297008290887
0.065,32,1017961266,-0.18993568420410156,1.0,1.0,7.419406054192223,46.58562387339771
0.065,33,1497769985,0.3813048005104065,0.0,0.0,7.460882091312669,47.16625902801752
0.065,34,456523489,0.43617233633995056,0.0,0.0,7.103012745035812,47.1839620731771
0.065,35,701095136,0.40546029806137085,0.0,0.0,7.055807471391745,46.812395099550486
0.065,36,249069576,0.42152658104896545,0.0,0.0,7.357448802096769,48.331320052966475
0.065,37,1576098728,0.45051875710487366,0.0,0.0,6.8690103985136375,46.153845032677054
0.065,38,1662748500,0.04873739182949066,0.0,0.0,8.451615201192908,46.515217050909996
0.065,39,472736216,0.4167596697807312,0.0,0.0,6.924592052120715,47.262127976864576
0.065,40,1535411295,-0.044301386922597885,1.0,1.0,7.411903813481331,45.714335050433874
0.065,41,175223003,-0.2241365611553192,1.0,1.0,7.944158054422587,47.29419411160052
0.065,42,840936862,0.3552531599998474,0.0,0.0,7.436016182880849,46.890418976545334
0.065,43,343373188,0.4172097146511078,0.0,0.0,7.440636226790957,46.73148412257433
0.065,44,1597751082,0.4044256806373596,0.0,0.0,6.961138159502298,47.73527290672064
0.065,45,730359585,0.41734352707862854,0.0,0.0,7.279242116492242,47.29196988046169
0.065,46,1016641002,0.463042289018631,0.0,0.0,6.966387961409055,47.30223584920168
0.065,47,998994690,0.03667811304330826,0.0,0.0,8.323911382467486,47.2766668535769
0.065,48,1021240743,0.3894703686237335,0.0,0.0,7.1046920561930165,47.22577380016446
0.065,49,572134801,0.4317840337753296,0.0,0.0,7.225494522019289,46.86202993616462
0.065,50,1198399760,0.431952565908432,0.0,0.0,7.0225605519954115,54.700901033356786
0.065,51,1751866485,-0.19872130453586578,1.0,1.0,7.4884656885406,45.310026966035366
0.065,52,1070889713,0.36634117364883423,0.0,0.0,7.123529456439428,47.49404499307275
0.065,53,415096539,0.34816232323646545,0.0,0.0,7.132993640494533,47.38648305647075
0.065,54,52416235,0.4562693238258362,0.0,0.0,6.984649550518952,47.31886903755367
0.065,55,278032723,0.4846350848674774,0.0,0.0,6.998680361895822,47.13345807977021
0.065,56,174946158,0.40884196758270264,0.0,0.0,7.549889322486706,47.15531901456416
0.065,57,196848554,0.4233802855014801,0.0,0.0,7.297715606633574,46.81017203256488
0.065,58,263030910,0.3046020269393921,0.0,0.0,7.5162979260785505,47.99849702976644
0.065,59,1285415020,0.39892786741256714,0.0,0.0,7.529817060567439,47.43158700875938
0.065,60,1733223444,0.4276571273803711,0.0,0.0,7.1424073074012995,47.64577420428395
0.065,61,1835544261,0.3845662772655487,0.0,0.0,7.373667461215518,47.12847014889121
0.065,62,1403186970,-0.17642438411712646,1.0,1.0,7.571683832095005,47.79946501366794
0.065,63,1291971777,0.42976298928260803,0.0,0.0,7.17471859708894,47.40621312521398
0.065,64,712292067,0.4142259955406189,0.0,0.0,7.3104170761071146,50.22552702575922
0.065,65,2001429764,0.11900921165943146,0.0,0.0,8.793945221696049,48.451270908117294
0.065,66,1375664061,0.4585392475128174,0.0,0.0,7.01046353939455,48.69697894901037
0.065,67,1556456120,0.3140296936035156,0.0,0.0,7.261573189054616,48.44880290329456
0.065,68,1576053187,-0.2013157159090042,1.0,1.0,7.749983096029609,48.17820293828845
0.065,69,1848019881,0.45390358567237854,0.0,0.0,7.134151795413345,46.493482077494264
0.065,70,1508652585,0.1058126837015152,0.0,0.0,8.475018588011153,46.95920296944678
0.065,71,1995737731,0.4651567041873932,0.0,0.0,6.9390289245639,47.35968401655555
0.065,72,1162788447,0.4213455617427826,0.0,0.0,7.20718634291552,48.020669957622886
0.065,73,1172925522,0.44511428475379944,0.0,0.0,7.223104976117611,46.53676296584308
0.065,74,539174575,0.39294248819351196,0.0,0.0,7.4986806908855215,46.589656034484506
0.065,75,2013637345,0.10442642867565155,0.0,0.0,8.031692513497546,48.32661710679531
0.065,76,1187468716,-0.03881916031241417,1.0,1.0,7.732165068155155,48.80556301213801
0.065,77,1062978506,0.43487876653671265,0.0,0.0,7.457825063262135,47.200767789036036
0.065,78,679326770,0.4073582887649536,0.0,0.0,7.079741090070456,48.175899079069495
0.065,79,587923432,0.048530008643865585,0.0,0.0,8.63855663582217,48.43212501145899
0.065,80,1359889667,0.4346226453781128,0.0,0.0,7.333854395430535,47.200510976836085
0.065,81,970187386,0.42562419176101685,0.0,0.0,7.110719416523352,46.86557408422232
0.065,82,1219839873,0.4317953586578369,0.0,0.0,7.101293911226094,48.61037200316787
0.065,83,1428160212,0.49134552478790283,0.0,0.0,7.102601691498421,49.38173620030284
0.065,84,1930609499,0.45761579275131226,0.0,0.0,7.152403215644881,49.864157801494
0.065,85,710582861,0.4628150463104248,0.0,0.0,7.105008599464782,49.46295288391411
0.065,86,1463614337,-0.21473731100559235,1.0,1.0,8.599878707900643,48.73936180956662
0.065,87,1940152705,0.4122682213783264,0.0,0.0,7.148310318123549,47.263004118576646
0.065,88,985452196,0.3978707194328308,0.0,0.0,7.101163264014758,48.57344692572951
0.065,89,552062587,0.4929259419441223,0.0,0.0,6.795758590102196,48.90086501836777
0.065,90,623566272,0.41451123356819153,0.0,0.0,6.776636511203833,49.757241969928145
0.065,91,729775797,0.4367966949939728,0.0,0.0,7.191775811021216,48.25073597021401
0.065,92,1352536665,0.3895053267478943,0.0,0.0,7.387669149902649,50.184719962999225
0.065,93,555883440,-0.2102893739938736,1.0,1.0,7.250978516996838,48.653115052729845
0.065,94,1801800003,0.29462558031082153,0.0,0.0,7.753242791746743,49.968817038461566
0.065,95,763315502,0.4379711151123047,0.0,0.0,7.033014428801835,50.242651952430606
0.065,96,138897982,0.43936485052108765,0.0,0.0,7.023653546348214,48.570202896371484
0.065,97,10785379,0.4995986223220825,0.0,0.0,7.499458276666701,47.67459793947637
0.065,98,53923185,-0.1335323452949524,1.0,1.0,7.456270089140162,48.71388082392514
0.065,99,1349917978,0.38730138540267944,0.0,0.0,6.901540654711425,49.26595184952021
0.066,0,1501552845,0.42682406306266785,0.0,0.0,7.071452422067523,49.582449020817876
0.066,1,488200390,0.42032432556152344,0.0,0.0,7.194904522970319,49.66624197550118
0.066,2,1693606510,-0.1696767657995224,1.0,1.0,7.597951237577945,55.29830697923899
0.066,3,680233354,-0.03464033082127571,1.0,1.0,8.286300527164713,48.77240210771561
0.066,4,438466540,0.4245431423187256,0.0,0.0,7.410742717212997,48.034192994236946
0.066,5,1712329280,0.4031164348125458,0.0,0.0,7.141037704655901,57.43077700026333
0.066,6,1380152455,0.4324648976325989,0.0,0.0,7.162183048669249,49.24338101409376
0.066,7,1452245846,-0.13231076300144196,1.0,1.0,8.053533904370852,49.22064091078937
0.066,8,2122694021,0.4211651384830475,0.0,0.0,7.017888015368953,48.953307094052434
0.066,9,839901363,0.43810978531837463,0.0,0.0,7.007259708712809,48.440656857565045
0.066,10,1802651552,0.37737518548965454,0.0,0.0,7.4509287072578445,49.335171934217215
0.066,11,714712467,0.35805362462997437,0.0,0.0,7.499580067698844,49.71581697463989
0.066,12,1218704077,0.44998180866241455,0.0,0.0,7.363730923272669,49.73766882903874
0.066,13,1284858263,0.02937343716621399,0.0,0.0,8.90850797703024,49.31327793747187
0.066,14,457721135,0.3959740996360779,0.0,0.0,7.546213377849199,50.09146314114332
0.066,15,401008609,0.43145638704299927,0.0,0.0,7.225895704119466,49.067463958635926
0.066,16,492064534,0.3165922462940216,0.0,0.0,7.3174853437813,49.034531926736236
0.066,17,1444732602,0.45597657561302185,0.0,0.0,7.025845736730844,49.16260507889092
0.066,18,1317426686,0.39818838238716125,0.0,0.0,7.200892198481597,49.1707450710237
0.066,19,2022506251,-0.05845659598708153,1.0,1.0,8.445227448013611,48.90658101066947
0.066,20,1516459118,-0.20704571902751923,1.0,1.0,7.56646312889643,50.19167787395418
0.066,21,533103612,-0.1487971991300583,1.0,1.0,7.679727533599362,49.24108413979411
0.066,22,1964759878,-0.2015342265367508,1.0,1.0,7.868176496354863,47.74316283874214
0.066,23,2037706756,0.3456283211708069,0.0,0.0,7.3371614968637004,46.9753120560199
0.066,24,1572889065,-0.1450773924589157,1.0,1.0,7.35838234773837,45.95957696437836
0.066,25,1432881518,0.4241769313812256,0.0,0.0,7.240360011113808,47.81959415413439
0.066,26,280516901,0.35948553681373596,0.0,0.0,7.372863878845237,45.788228046149015
0.066,27,205939248,0.3857313096523285,0.0,0.0,7.389595431974158,45.82946910522878
0.066,28,571904914,-0.13060088455677032,1.0,1.0,7.339615857694298,46.06284690089524
0.066,29,948843457,0.4067801237106323,0.0,0.0,7.249001512536779,47.58207802660763
0.066,30,155492488,0.36544644832611084,0.0,0.0,7.3419380573323,47.44927189312875
0.066,31,1903701130,0.4252501428127289,0.0,0.0,7.374580244068056,46.463587088510394
0.066,32,1017961266,-0.1605461835861206,1.0,1.0,7.3978713024407625,49.39965298399329
0.066,33,1497769985,0.3842669129371643,0.0,0.0,7.504209213657305,47.5718688685447
0.066,34,456523489,0.42973625659942627,0.0,0.0,7.060963411349803,47.59830003604293
0.066,35,701095136,0.4151369333267212,0.0,0.0,7.096033386653289,46.113210963085294
0.066,36,249069576,0.43889501690864563,0.0,0.0,7.32020571094472,48.76195010729134
0.066,37,1576098728,0.4397237300872803,0.0,0.0,6.927210706868209,48.29445411451161
0.066,38,1662748500,-0.17161454260349274,1.0,1.0,8.036895631928928,49.04257017187774
0.066,39,472736216,0.46670424938201904,0.0,0.0,6.923334812512621,48.113994067534804
0.066,40,1535411295,-0.12793220579624176,1.0,1.0,7.45068970520515,47.87611379288137
0.066,41,175223003,0.14886054396629333,0.0,0.0,8.63446864055004,46.85862502083182
0.066,42,840936862,0.3872430920600891,0.0,0.0,7.495859965565614,46.10451101325452
0.066,43,343373188,0.09445535391569138,0.0,0.0,8.745313041028567,46.6357609257102
0.066,44,1597751082,0.4649995267391205,0.0,0.0,6.946685491595417,46.368450159206986
0.066,45,730359585,0.41209280490875244,0.0,0.0,7.222195677575655,45.63077981583774
0.066,46,1016641002,0.49098873138427734,0.0,0.0,7.168329480104148,45.08705507032573
0.066,47,998994690,0.422516793012619,0.0,0.0,7.165425607236102,47.03938704915345
0.066,48,1021240743,0.4086851477622986,0.0,0.0,7.358765362063423,45.57337798178196
0.066,49,572134801,0.4353103041648865,0.0,0.0,7.315896536572836,46.3549189735204
0.066,50,1198399760,0.4467189311981201,0.0,0.0,7.190078918472864,46.087115071713924
0.066,51,1751866485,-0.12295197695493698,1.0,1.0,8.396403721999377,46.679678838700056
0.066,52,1070889713,0.36400482058525085,0.0,0.0,7.140735294786282,45.65956210717559
0.066,53,415096539,0.41955849528312683,0.0,0.0,7.0695978599833325,45.55031890049577
0.066,54,52416235,0.45184630155563354,0.0,0.0,7.025921130320057,45.87429203093052
0.066,55,278032723,0.49347156286239624,0.0,0.0,7.043438488501124,45.372509164735675
0.066,56,174946158,0.43547961115837097,0.0,0.0,7.576613265322521,45.89923587627709
0.066,57,196848554,0.41514888405799866,0.0,0.0,7.371320333564654,46.521865064278245
0.066,58,263030910,0.3086690306663513,0.0,0.0,7.546211554319598,45.450352830812335
0.066,59,1285415020,0.393420934677124,0.0,0.0,7.596248677233234,47.224801033735275
0.066,60,1733223444,0.4245896339416504,0.0,0.0,7.160412323428318,47.023148043081164
0.066,61,1835544261,0.4392881393432617,0.0,0.0,7.331366477767006,46.638251980766654
0.066,62,1403186970,-0.09195505827665329,1.0,1.0,7.188097845297307,46.72227404080331
0.066,63,1291971777,0.4226957857608795,0.0,0.0,7.2074896324193105,45.791192911565304
0.066,64,712292067,-0.18895642459392548,1.0,1.0,7.577114292187616,45.15314497984946
0.066,65,2001429764,-0.20398443937301636,1.0,1.0,7.982208723668009,45.400365022942424
0.066,66,1375664061,0.45187386870384216,0.0,0.0,7.01562154549174,51.35871493257582
0.066,67,1556456120,0.3242552876472473,0.0,0.0,7.2881669932976365,47.70706780254841
0.066,68,1576053187,-0.24480104446411133,1.0,1.0,8.448852452100255,45.57556798681617
0.066,69,1848019881,0.4329527020454407,0.0,0.0,7.218531852355227,46.069004107266665
0.066,70,1508652585,0.06613766402006149,0.0,0.0,8.534813248319551,45.944507932290435
0.066,71,1995737731,0.4691523611545563,0.0,0.0,7.0059093905147165,45.314328046515584
0.066,72,1162788447,0.4428558051586151,0.0,0.0,7.282668953528628,47.527956077829
0.066,73,1172925522,0.41020727157592773,0.0,0.0,7.2310326538281515,45.431512873619795
0.066,74,539174575,0.4073203206062317,0.0,0.0,7.577456539263949,45.23272509686649
0.066,75,2013637345,0.09307534992694855,0.0,0.0,8.349678123835474,45.42463691905141
0.066,76,1187468716,-0.2597653269767761,1.0,1.0,7.42459445737768,45.010766945779324
0.066,77,1062978506,0.43552064895629883,0.0,0.0,7.527127252193168,46.275680884718895
0.066,78,679326770,0.39778950810432434,0.0,0.0,7.090654863975942,44.79639604687691
0.066,79,587923432,-0.14308740198612213,1.0,1.0,8.267572134616785,45.899321092292666
0.066,80,1359889667,0.42509761452674866,0.0,0.0,7.267798466724344,46.259111957624555
0.066,81,970187386,0.4824536442756653,0.0,0.0,7.0549360607983544,45.212430879473686
0.066,82,1219839873,0.4288010895252228,0.0,0.0,7.124817517353222,47.15378885157406
0.066,83,1428160212,0.49171531200408936,0.0,0.0,7.336628389311954,46.645805006846786
0.066,84,1930609499,0.43459010124206543,0.0,0.0,7.243906302726828,45.28161301277578
0.066,85,710582861,0.4586346745491028,0.0,0.0,7.19517632224597,45.718831941485405
0.066,86,1463614337,-0.21556825935840607,1.0,1.0,7.4291980429552495,45.77935696579516
0.066,87,1940152705,0.4093935489654541,0.0,0.0,7.1934005349176005,47.202258836477995
0.066,88,985452196,0.4511992931365967,0.0,0.0,7.166347615537234,46.21620010584593
0.066,89,552062587,0.4866337180137634,0.0,0.0,6.87183553725481,45.7513767760247
0.066,90,623566272,0.39188116788864136,0.0,0.0,6.9609941189410165,45.7627191208303
0.066,91,729775797,0.4347530007362366,0.0,0.0,7.2317254026420414,45.997648034244776
0.066,92,1352536665,0.40598204731941223,0.0,0.0,7.523831211379729,45.76107603497803
0.066,93,555883440,-0.19786469638347626,1.0,1.0,7.224503518664278,45.74913391843438
0.066,94,1801800003,0.3030846118927002,0.0,0.0,7.7253861841745675,46.15089017897844
0.066,95,763315502,0.44247424602508545,0.0,0.0,7.247368871700019,45.77958886511624
0.066,96,138897982,0.4523240625858307,0.0,0.0,7.351105801411904,46.245943987742066
0.066,97,10785379,0.501335859298706,0.0,0.0,7.431280571385287,47.345062950626016
0.066,98,53923185,-0.16696064174175262,1.0,1.0,7.305871515185572,45.48239684663713
0.066,99,1349917978,0.4292491376399994,0.0,0.0,7.02889999456238,48.3787190169096
0.067,0,1501552845,0.4147545397281647,0.0,0.0,7.344642479903996,50.39946804754436
0.067,1,488200390,0.4177434742450714,0.0,0.0,7.220815036329441,48.454780131578445
0.067,2,1693606510,-0.20099546015262604,1.0,1.0,7.328923927270807,47.297327080741525
0.067,3,680233354,-0.018171610310673714,1.0,1.0,8.124661133391783,47.784881899133325
0.067,4,438466540,0.4314371943473816,0.0,0.0,7.461880684131756,49.17584313079715
0.067,5,1712329280,0.4041968882083893,0.0,0.0,7.091298331972212,57.19391000457108
0.067,6,1380152455,0.43387871980667114,0.0,0.0,7.08256110874936,48.50571998395026
0.067,7,1452245846,-0.20350073277950287,1.0,1.0,7.448285696678795,48.43690199777484
0.067,8,2122694021,0.41889283061027527,0.0,0.0,7.162282798090018,49.4501399807632
0.067,9,839901363,0.4526190757751465,0.0,0.0,7.036136848269962,49.90576021373272
0.067,10,1802651552,0.39114922285079956,0.0,0.0,7.515574259450659,49.8161599971354
0.067,11,714712467,0.3617205321788788,0.0,0.0,7.562816895660944,49.86606491729617
0.067,12,1218704077,0.5172939896583557,0.0,0.0,7.41326997987926,49.40094891935587
0.067,13,1284858263,-0.10650463402271271,1.0,1.0,8.108349284389988,48.960930900648236
0.067,14,457721135,0.39933136105537415,0.0,0.0,7.562699113623239,48.8865259103477
0.067,15,401008609,0.37729790806770325,0.0,0.0,7.4153474267804995,49.03566185384989
0.067,16,492064534,0.3271474242210388,0.0,0.0,7.3044316614978015,49.238719046115875
0.067,17,1444732602,0.45289281010627747,0.0,0.0,6.970433614565991,49.74239715375006
0.067,18,1317426686,0.4260176122188568,0.0,0.0,7.040733943344094,50.62545510008931
0.067,19,2022506251,-0.030594343319535255,1.0,1.0,8.13403416017536,49.24266110174358
0.067,20,1516459118,-0.17413978278636932,1.0,1.0,8.680104439146817,47.5328559987247
0.067,21,533103612,-0.11518382281064987,1.0,1.0,7.2260975141543895,46.17662797681987
0.067,22,1964759878,0.032554518431425095,0.0,0.0,8.682742626755498,46.325202099978924
0.067,23,2037706756,0.3550899028778076,0.0,0.0,7.336060741683468,45.4918819013983
0.067,24,1572889065,-0.1858992576599121,1.0,1.0,7.621888873400167,46.06273816898465
0.067,25,1432881518,0.4183436632156372,0.0,0.0,7.229725779383443,46.10022599808872
0.067,26,280516901,0.36748558282852173,0.0,0.0,7.525156277348287,45.7152568269521
0.067,27,205939248,0.38802075386047363,0.0,0.0,7.404280390474014,54.81035099364817
0.067,28,571904914,-0.11062340438365936,1.0,1.0,7.699637909303419,47.21661703661084
0.067,29,948843457,0.4032711386680603,0.0,0.0,7.32751867279876,46.37157800607383
0.067,30,155492488,0.3769892454147339,0.0,0.0,7.394875667523593,49.206507159397006
0.067,31,1903701130,0.42028534412384033,0.0,0.0,7.233941157581285,47.51783609390259
0.067,32,1017961266,-0.18285420536994934,1.0,1.0,7.493616842315532,46.81257996708155
0.067,33,1497769985,0.41769281029701233,0.0,0.0,7.362457252107561,46.40193399973214
0.067,34,456523489,0.42363542318344116,0.0,0.0,7.029965139692649,49.10158202983439
0.067,35,701095136,0.42907941341400146,0.0,0.0,7.228176468168385,48.9485920406878
0.067,36,249069576,0.4538412094116211,0.0,0.0,7.313905774266459,49.28042902611196
0.067,37,1576098728,0.4363024830818176,0.0,0.0,6.973318900214508,47.27883799932897
0.067,38,1662748500,0.02749374881386757,0.0,0.0,8.961699657025747,47.48741700313985
0.067,39,472736216,0.41976049542427063,0.0,0.0,7.021046927431598,45.71870691142976
0.067,40,1535411295,0.4368087351322174,0.0,0.0,7.673232207074761,47.45303490199149
0.067,41,175223003,0.007515391334891319,0.0,0.0,8.84316521754954,45.60185316950083
0.067,42,840936862,0.3609045445919037,0.0,0.0,7.4903345118509606,45.263475039973855
0.067,43,343373188,-0.15493017435073853,1.0,1.0,8.333001771126874,45.055289985612035
0.067,44,1597751082,0.4387657046318054,0.0,0.0,7.121284562512301,45.60511698946357
0.067,45,730359585,0.3854488730430603,0.0,0.0,7.263960017589852,46.66275717318058
0.067,46,1016641002,0.4750640094280243,0.0,0.0,7.144927076413296,45.4577028285712
0.067,47,998994690,0.4109301269054413,0.0,0.0,7.147422119625844,45.0620180927217
0.067,48,1021240743,0.4182748794555664,0.0,0.0,7.422550539835356,46.14983801729977
0.067,49,572134801,0.41720229387283325,0.0,0.0,7.364164680591784,45.17830000258982
0.067,50,1198399760,0.4411241412162781,0.0,0.0,7.238905248232186,46.55142896808684
0.067,51,1751866485,-0.17194074392318726,1.0,1.0,7.380770150339231,45.01913208514452
0.067,52,1070889713,0.36768001317977905,0.0,0.0,7.2050423310138285,45.57408601976931
0.067,53,415096539,0.374415785074234,0.0,0.0,7.216649562469684,45.89915880933404
0.067,54,52416235,0.45987945795059204,0.0,0.0,6.976636071573012,46.34150397032499
0.067,55,278032723,0.49642214179039,0.0,0.0,7.074817737098783,45.990657992661
0.067,56,174946158,0.45455202460289,0.0,0.0,7.4671390312723815,45.84088292904198
0.067,57,196848554,0.40438535809516907,0.0,0.0,7.329429127741605,46.61261197179556
0.067,58,263030910,0.3100074827671051,0.0,0.0,7.589579143910669,46.137427911162376
0.067,59,1285415020,0.3936173915863037,0.0,0.0,7.381038393941708,46.12585995346308
0.067,60,1733223444,0.42307981848716736,0.0,0.0,7.165233411709778,47.334899893030524
0.067,61,1835544261,0.4290207028388977,0.0,0.0,7.289775134297088,45.37696298211813
0.067,62,1403186970,-0.18234187364578247,1.0,1.0,7.441632963833399,45.05698895081878
0.067,63,1291971777,0.42849141359329224,0.0,0.0,7.163423574529588,51.98126193135977
0.067,64,712292067,0.06666918843984604,0.0,0.0,8.425017714849673,47.44538385421038
0.067,65,2001429764,-0.2094111144542694,1.0,1.0,8.251263037207536,45.44882592745125
0.067,66,1375664061,0.42263543605804443,0.0,0.0,7.21588639379479,47.16181894764304
0.067,67,1556456120,0.3279263973236084,0.0,0.0,7.360451328102499,47.00327687896788
0.067,68,1576053187,-0.15963789820671082,1.0,1.0,7.509266884997487,46.45498492754996
0.067,69,1848019881,0.40154731273651123,0.0,0.0,7.235443209880032,47.974787186831236
0.067,70,1508652585,0.10955262184143066,0.0,0.0,8.807928453199565,48.147309105843306
0.067,71,1995737731,0.4766072630882263,0.0,0.0,7.119709084159695,51.67525401338935
0.067,72,1162788447,0.4363190233707428,0.0,0.0,7.263307170709595,45.385401928797364
0.067,73,1172925522,0.42906004190444946,0.0,0.0,7.363901998847723,45.706798089668155
0.067,74,539174575,0.4082162380218506,0.0,0.0,7.564482020097785,47.730241902172565
0.067,75,2013637345,-0.067239910364151,1.0,1.0,7.692586846998893,45.48583482392132
0.067,76,1187468716,-0.24303291738033295,1.0,1.0,7.659006590838544,45.715410029515624
0.067,77,1062978506,0.4340824782848358,0.0,0.0,7.610307815368287,46.69201513752341
0.067,78,679326770,0.41056373715400696,0.0,0.0,7.086805910570547,45.91425787657499
0.067,79,587923432,-0.10913190245628357,1.0,1.0,7.632453479338437,45.6861371640116
0.067,80,1359889667,0.40626540780067444,0.0,0.0,7.232979934080504,47.412388026714325
0.067,81,970187386,0.4742460548877716,0.0,0.0,7.094209548085928,47.302923165261745
0.067,82,1219839873,0.41912344098091125,0.0,0.0,7.377382869366556,45.454311184585094
0.067,83,1428160212,0.4860900044441223,0.0,0.0,7.242577784811147,45.92889896593988
0.067,84,1930609499,0.45319312810897827,0.0,0.0,6.961468865047209,46.02326080203056
0.067,85,710582861,0.4393099844455719,0.0,0.0,7.13620507332962,47.0138939563185
0.067,86,1463614337,-0.15004964172840118,1.0,1.0,7.270520118647255,46.64804809726775
0.067,87,1940152705,0.4057895839214325,0.0,0.0,7.201124387094751,46.2016798555851
0.067,88,985452196,0.427653968334198,0.0,0.0,7.118731152149849,46.02971998974681
0.067,89,552062587,0.47400230169296265,0.0,0.0,7.005062381969765,45.958018861711025
0.067,90,623566272,0.3927409052848816,0.0,0.0,6.959882793249562,46.222205040976405
0.067,91,729775797,0.426729679107666,0.0,0.0,7.284437127644196,46.14894394762814
0.067,92,1352536665,0.4465285539627075,0.0,0.0,7.20971289742738,45.110733015462756
0.067,93,555883440,-0.18997323513031006,1.0,1.0,7.389248507446609,45.51339987665415
0.067,94,1801800003,0.4205893874168396,0.0,0.0,7.335850189207122,46.11519584432244
0.067,95,763315502,0.43743905425071716,0.0,0.0,7.298690470983274,46.099024126306176
0.067,96,138897982,0.4518168270587921,0.0,0.0,7.3364464095793664,46.389870112761855
0.067,97,10785379,0.45431604981422424,0.0,0.0,7.464027165435255,53.955981973558664
0.067,98,53923185,-0.20037324726581573,1.0,1.0,7.481613497133367,45.75292789377272
0.067,99,1349917978,0.3508143126964569,0.0,0.0,7.118498694035225,46.13020201213658
0.068,0,1501552845,0.4189716875553131,0.0,0.0,7.348449914716184,49.23745081759989
0.068,1,488200390,0.3912027180194855,0.0,0.0,7.051438550231978,48.90076001174748
0.068,2,1693606510,-0.1430111825466156,1.0,1.0,7.892066402593628,48.83684800006449
0.068,3,680233354,0.4179055690765381,0.0,0.0,7.273305454174988,49.385579070076346
0.068,4,438466540,0.42146313190460205,0.0,0.0,7.3322377217700705,49.789733020588756
0.068,5,1712329280,0.41512560844421387,0.0,0.0,7.110298485145904,49.47993205860257
0.068,6,1380152455,0.4251943826675415,0.0,0.0,7.184646064531989,49.649786204099655
0.068,7,1452245846,-0.2129378765821457,1.0,1.0,7.379925272543915,50.088620046153665
0.068,8,2122694021,0.41805392503738403,0.0,0.0,7.10063944500871,49.01207285001874
0.068,9,839901363,0.4549087584018707,0.0,0.0,7.059807293000631,49.27965998649597
0.068,10,1802651552,0.3989076316356659,0.0,0.0,7.569475973024964,49.181003123521805
0.068,11,714712467,0.3976729214191437,0.0,0.0,7.389469404355623,49.110274063423276
0.068,12,1218704077,0.523373544216156,0.0,0.0,7.429967863950878,48.997779143974185
0.068,13,1284858263,0.048497799783945084,0.0,0.0,8.603177280980162,49.89607981406152
0.068,14,457721135,0.39259085059165955,0.0,0.0,7.605621701455675,48.61710197292268
0.068,15,401008609,0.3702723979949951,0.0,0.0,7.316779830609448,47.67534998245537
0.068,16,492064534,0.34183213114738464,0.0,0.0,7.270553442183882,47.306339954957366
0.068,17,1444732602,0.47210240364074707,0.0,0.0,6.956458633649163,46.65712220594287
0.068,18,1317426686,0.38503265380859375,0.0,0.0,7.168511687545106,47.30772878974676
0.068,19,2022506251,-0.0947902649641037,1.0,1.0,8.132547019049525,47.17031493782997
0.068,20,1516459118,-0.1849742978811264,1.0,1.0,7.7293650057399645,46.01759905926883
0.068,21,533103612,-0.13199834525585175,1.0,1.0,7.528946094447747,46.606878051534295
0.068,22,1964759878,0.10570588707923889,0.0,0.0,8.988575965748169,47.17261693440378
0.068,23,2037706756,0.3584400415420532,0.0,0.0,7.319277298054658,47.83107107505202
0.068,24,1572889065,-0.1779923290014267,1.0,1.0,7.563023503986187,47.286693938076496
0.068,25,1432881518,0.44214749336242676,0.0,0.0,7.017980448552407,48.97951288148761
0.068,26,280516901,0.3306874930858612,0.0,0.0,7.601422770414501,47.84895898774266
0.068,27,205939248,0.39938750863075256,0.0,0.0,7.412303381366655,47.28394094854593
0.068,28,571904914,-0.1995132565498352,1.0,1.0,7.570246057235636,47.7473649661988
0.068,29,948843457,0.3820880651473999,0.0,0.0,7.473991946782917,49.14383799768984
0.068,30,155492488,0.3877238631248474,0.0,0.0,7.434885140974075,49.05908997170627
0.068,31,1903701130,0.40310138463974,0.0,0.0,7.369730420410633,49.11338398233056
0.068,32,1017961266,0.4263074994087219,0.0,0.0,7.108946615830064,48.38850093074143
0.068,33,1497769985,0.4021986424922943,0.0,0.0,7.4106274204095826,52.51145805232227
0.068,34,456523489,0.4243273437023163,0.0,0.0,7.141287638572976,46.72784800641239
0.068,35,701095136,0.416995644569397,0.0,0.0,7.295942485216074,45.774385100230575
0.068,36,249069576,0.4659746587276459,0.0,0.0,7.337920742458664,46.15100007504225
0.068,37,1576098728,0.43719765543937683,0.0,0.0,6.937776564620435,44.99029088765383
0.068,38,1662748500,0.09099561721086502,0.0,0.0,8.575589699787088,46.43763601779938
0.068,39,472736216,0.4299323558807373,0.0,0.0,7.042985446285456,45.88066600263119
0.068,40,1535411295,0.43452879786491394,0.0,0.0,7.733204973861575,46.968360897153616
0.068,41,175223003,0.11635135859251022,0.0,0.0,8.46537941659335,45.83606403321028
0.068,42,840936862,0.36929556727409363,0.0,0.0,7.458194929873571,46.03229998610914
0.068,43,343373188,0.41369950771331787,0.0,0.0,7.615940568502992,46.6413339599967
0.068,44,1597751082,0.4352036118507385,0.0,0.0,7.188627597526647,46.87230009585619
0.068,45,730359585,0.3966595232486725,0.0,0.0,7.337483411189169,45.84219795651734
0.068,46,1016641002,0.483947217464447,0.0,0.0,7.225802068714984,46.935421181842685
0.068,47,998994690,0.4147939682006836,0.0,0.0,7.208914831047878,47.06067102961242
0.068,48,1021240743,0.4544677734375,0.0,0.0,7.409777485532686,47.233098885044456
0.068,49,572134801,0.44965308904647827,0.0,0.0,7.481473853578791,47.24288312718272
0.068,50,1198399760,0.4338536560535431,0.0,0.0,7.338368240976706,46.68736201710999
0.068,51,1751866485,-0.20742344856262207,1.0,1.0,7.491694040247239,46.4257060084492
0.068,52,1070889713,0.3792905807495117,0.0,0.0,7.239833918982185,47.790765995159745
0.068,53,415096539,0.3873710036277771,0.0,0.0,7.1760632712394,47.393182991072536
0.068,54,52416235,0.44995248317718506,0.0,0.0,6.923374830395915,47.22178913652897
0.068,55,278032723,0.5148768424987793,0.0,0.0,7.227391438675113,46.950597083196044
0.068,56,174946158,0.4458342492580414,0.0,0.0,7.528250408591703,45.81050295382738
0.068,57,196848554,0.4170968532562256,0.0,0.0,7.37326694780495,45.5389351118356
0.068,58,263030910,0.3121742010116577,0.0,0.0,7.64704762713518,51.562078995630145
0.068,59,1285415020,0.3644695580005646,0.0,0.0,7.374847123166546,47.998970840126276
0.068,60,1733223444,0.41661420464515686,0.0,0.0,7.168174475431442,46.24045011587441
0.068,61,1835544261,0.40004658699035645,0.0,0.0,7.433166175731458,45.56709993630648
0.068,62,1403186970,-0.14242295920848846,1.0,1.0,7.597077668062411,45.63790396787226
0.068,63,1291971777,0.41504621505737305,0.0,0.0,7.253018464311026,46.34797596372664
0.068,64,712292067,-0.16377292573451996,1.0,1.0,7.959986801724881,47.19535098411143
0.068,65,2001429764,-0.011619580909609795,1.0,1.0,8.798120084917173,46.39505804516375
0.068,66,1375664061,0.43514469265937805,0.0,0.0,7.228977572871372,46.396132092922926
0.068,67,1556456120,0.4073460102081299,0.0,0.0,7.070491517428309,46.45003704354167
0.068,68,1576053187,-0.1998516023159027,1.0,1.0,7.653020694968291,45.54512817412615
0.068,69,1848019881,0.39930570125579834,0.0,0.0,7.2671411304036155,45.23322987370193
0.068,70,1508652585,0.03940925747156143,0.0,0.0,8.777341182110831,46.921188943088055
0.068,71,1995737731,0.4831061363220215,0.0,0.0,7.173506272025406,47.53836221061647
0.068,72,1162788447,0.4227551519870758,0.0,0.0,7.269499799003825,49.705366836860776
0.068,73,1172925522,0.4437233805656433,0.0,0.0,7.367420455790125,45.83820211701095
0.068,74,539174575,0.4327165484428406,0.0,0.0,7.5152070766780525,47.48624702915549
0.068,75,2013637345,-0.2026268094778061,1.0,1.0,7.520555610884912,48.012105049565434
0.068,76,1187468716,-0.07750348746776581,1.0,1.0,7.738730870420113,46.58303502947092
0.068,77,1062978506,0.4373771846294403,0.0,0.0,7.6284842705354095,46.76609416492283
0.068,78,679326770,0.4196450710296631,0.0,0.0,7.158371035591699,47.152034007012844
0.068,79,587923432,-0.1884675770998001,1.0,1.0,7.444979374646209,45.47890997491777
0.068,80,1359889667,0.4453461766242981,0.0,0.0,7.504669024492614,48.51412191055715
0.068,81,970187386,0.46535542607307434,0.0,0.0,7.1081299390643835,47.10187902674079
0.068,82,1219839873,0.40877678990364075,0.0,0.0,7.539781643892638,46.91134998574853
0.068,83,1428160212,0.482388973236084,0.0,0.0,7.395906284684315,47.067831037566066
0.068,84,1930609499,0.45640164613723755,0.0,0.0,7.01201697497163,47.20684792846441
0.068,85,710582861,0.43307942152023315,0.0,0.0,7.243875527754426,47.21425287425518
0.068,86,1463614337,-0.18496868014335632,1.0,1.0,7.34277073526755,45.562871964648366
0.068,87,1940152705,0.4025580585002899,0.0,0.0,7.241840566508472,46.65853199549019
0.068,88,985452196,0.4279504418373108,0.0,0.0,6.985245955991559,47.183399088680744
0.068,89,552062587,0.4539070427417755,0.0,0.0,6.92716728837695,46.4248419739306
0.068,90,623566272,0.40079906582832336,0.0,0.0,6.943314851727337,47.73855907842517
0.068,91,729775797,0.4527769982814789,0.0,0.0,7.267412364017218,49.843791173771024
0.068,92,1352536665,0.3512583076953888,0.0,0.0,7.561944856424816,48.34680003114045
0.068,93,555883440,-0.13122068345546722,1.0,1.0,7.238349867286161,46.54183192178607
0.068,94,1801800003,0.4045524299144745,0.0,0.0,7.588929173303768,47.027063090354204
0.068,95,763315502,0.4278556704521179,0.0,0.0,7.312231115647592,46.31732078269124
0.068,96,138897982,0.4498937726020813,0.0,0.0,7.438165628351271,46.51585686951876
0.068,97,10785379,1.054090142250061,0.0,0.0,7.159115080954507,47.698549227789044
0.068,98,53923185,-0.16719001531600952,1.0,1.0,7.266732973745093,48.450506990775466
0.068,99,1349917978,0.33939507603645325,0.0,0.0,7.067035011597909,48.224807949736714
0.069,0,1501552845,0.42092910408973694,0.0,0.0,7.390725307282992,49.31527399457991
0.069,1,488200390,0.36233726143836975,0.0,0.0,7.497601507930085,46.09827999956906
0.069,2,1693606510,-0.08803682029247284,1.0,1.0,7.694063130882569,46.07177502475679
0.069,3,680233354,0.455060213804245,0.0,0.0,7.256203195545822,46.06893681921065
0.069,4,438466540,0.39526206254959106,0.0,0.0,7.3953026625094935,45.21953500807285
0.069,5,1712329280,0.4225309193134308,0.0,0.0,7.128537786193192,46.72176716849208
0.069,6,1380152455,0.40989431738853455,0.0,0.0,7.329631016007625,47.27548803202808
0.069,7,1452245846,-0.135513037443161,1.0,1.0,7.298332777922042,46.76199797540903
0.069,8,2122694021,0.4188646376132965,0.0,0.0,7.119071007706225,45.75311508961022
0.069,9,839901363,0.4414265751838684,0.0,0.0,7.110323867644183,45.26862595230341
0.069,10,1802651552,0.43574029207229614,0.0,0.0,7.564356661750935,46.64803599007428
0.069,11,714712467,0.3951263427734375,0.0,0.0,7.464397207484581,46.20815813541412
0.069,12,1218704077,0.5190419554710388,0.0,0.0,7.412245122133754,46.446718042716384
0.069,13,1284858263,0.08483830094337463,0.0,0.0,8.539994698017836,46.664267778396606
0.069,14,457721135,0.38203954696655273,0.0,0.0,7.704560834332369,46.25856690108776
0.069,15,401008609,0.37484440207481384,0.0,0.0,7.430679548531771,45.71807407774031
0.069,16,492064534,0.35200226306915283,0.0,0.0,7.275117204291746,46.058762120082974
0.069,17,1444732602,0.45516374707221985,0.0,0.0,6.991912006982602,47.008186811581254
0.069,18,1317426686,0.375948965549469,0.0,0.0,7.155407534097321,46.41854204237461
0.069,19,2022506251,-0.03171570599079132,1.0,1.0,8.06725701072719,46.77804606035352
0.069,20,1516459118,-0.13592000305652618,1.0,1.0,7.7566130416234955,46.39136395417154
0.069,21,533103612,-0.21231748163700104,1.0,1.0,8.248238565283827,45.78450019471347
0.069,22,1964759878,-0.2412540465593338,1.0,1.0,7.89980638679117,45.4861200414598
0.069,23,2037706756,0.3536672294139862,0.0,0.0,7.338713682023808,45.816549099981785
0.069,24,1572889065,-0.16519896686077118,1.0,1.0,7.4417618084698915,46.34516197256744
0.069,25,1432881518,0.48803454637527466,0.0,0.0,7.071097770240158,47.62107809074223
0.069,26,280516901,0.3316354751586914,0.0,0.0,7.646727496874519,47.7821989916265
0.069,27,205939248,0.435127854347229,0.0,0.0,7.499228376662359,49.381908029317856
0.069,28,571904914,-0.16256514191627502,1.0,1.0,7.7047480180626735,47.58406709879637
0.069,29,948843457,0.44649627804756165,0.0,0.0,7.339708351413719,46.12238612025976
0.069,30,155492488,0.38628101348876953,0.0,0.0,7.451618856634013,46.91296583041549
0.069,31,1903701130,0.43194112181663513,0.0,0.0,7.360839950619265,45.876452000811696
0.069,32,1017961266,0.4186321198940277,0.0,0.0,7.181525604100898,49.04205701313913
0.069,33,1497769985,0.42479798197746277,0.0,0.0,7.3954124136362225,48.79989894106984
0.069,34,456523489,0.4243129789829254,0.0,0.0,7.147867689374834,45.645987847819924
0.069,35,701095136,0.42218032479286194,0.0,0.0,7.323923637857661,45.27452611364424
0.069,36,249069576,0.43050551414489746,0.0,0.0,7.370930580655113,45.322118094190955
0.069,37,1576098728,0.37696316838264465,0.0,0.0,7.243019340094179,47.36796603538096
0.069,38,1662748500,-0.12601229548454285,1.0,1.0,7.978718172875233,45.424153096973896
0.069,39,472736216,0.4430692493915558,0.0,0.0,7.048183404724114,44.970070011913776
0.069,40,1535411295,0.42962685227394104,0.0,0.0,7.812257061479613,55.52020785398781
0.069,41,175223003,-0.035450343042612076,1.0,1.0,8.641864121193066,45.423392904922366
0.069,42,840936862,0.3788115382194519,0.0,0.0,7.424566853325814,46.428164932876825
0.069,43,343373188,0.4239608347415924,0.0,0.0,7.607853034744039,46.076929895207286
0.069,44,1597751082,0.41070181131362915,0.0,0.0,7.14193044428248,49.75311201997101
0.069,45,730359585,0.39752835035324097,0.0,0.0,7.482567802187987,46.44672502763569
0.069,46,1016641002,0.47917935252189636,0.0,0.0,7.275986639782786,47.36891412176192
0.069,47,998994690,0.4085731506347656,0.0,0.0,7.394514329615049,46.905124792829156
0.069,48,1021240743,0.4472528398036957,0.0,0.0,7.44592236506287,46.5858590323478
0.069,49,572134801,0.4572213590145111,0.0,0.0,7.372512351954356,47.046560095623136
0.069,50,1198399760,0.4297029674053192,0.0,0.0,7.295724467257969,46.55313701368868
0.069,51,1751866485,-0.14227090775966644,1.0,1.0,7.229523086105473,47.076003858819604
0.069,52,1070889713,0.3770476281642914,0.0,0.0,7.254575087223202,45.418532099574804
0.069,53,415096539,0.39041829109191895,0.0,0.0,7.1596235986799,46.19999905116856
0.069,54,52416235,0.4439326524734497,0.0,0.0,7.0498426634585485,47.001120168715715
0.069,55,278032723,0.4493767023086548,0.0,0.0,7.3525806742254645,46.67256795801222
0.069,56,174946158,0.46323853731155396,0.0,0.0,7.263047661399469,45.831256080418825
0.069,57,196848554,0.4200824797153473,0.0,0.0,7.359014016459696,46.31162388250232
0.069,58,263030910,0.3209437429904938,0.0,0.0,7.686499793548137,46.02191993035376
0.069,59,1285415020,0.37506720423698425,0.0,0.0,7.364540842361748,46.0337339900434
0.069,60,1733223444,0.42011111974716187,0.0,0.0,7.282397854491137,46.29488103091717
0.069,61,1835544261,0.39962753653526306,0.0,0.0,7.561680513666943,46.11550294794142
0.069,62,1403186970,-0.1860392689704895,1.0,1.0,7.629637222038582,46.247097896412015
0.069,63,1291971777,0.4253007769584656,0.0,0.0,7.238312917645089,45.4480170737952
0.069,64,712292067,0.1442968249320984,0.0,0.0,8.44699072651565,45.7783539313823
0.069,65,2001429764,0.08268316835165024,0.0,0.0,7.9804343754658476,47.92058211751282
0.069,66,1375664061,0.4907514750957489,0.0,0.0,7.019255547900684,47.101272037252784
0.069,67,1556456120,0.39385920763015747,0.0,0.0,7.088041890994646,47.836865996941924
0.069,68,1576053187,0.36675503849983215,0.0,0.0,7.567973404075019,49.02478610165417
0.069,69,1848019881,0.4014952778816223,0.0,0.0,7.204377335263416,49.060618970543146
0.069,70,1508652585,-0.209498792886734,1.0,1.0,7.757840660051443,49.24118099734187
0.069,71,1995737731,0.48252153396606445,0.0,0.0,7.1801447595935315,48.612071899697185
0.069,72,1162788447,0.4345652759075165,0.0,0.0,7.440300177084282,48.80727408453822
0.069,73,1172925522,0.43628332018852234,0.0,0.0,7.310159387183376,48.63827000372112
0.069,74,539174575,0.46197566390037537,0.0,0.0,7.418022911064327,48.707307782024145
0.069,75,2013637345,-0.22544625401496887,1.0,1.0,7.589379959739745,48.57325088232756
0.069,76,1187468716,0.09501535445451736,0.0,0.0,8.20973479852546,47.607426065951586
0.069,77,1062978506,0.41929566860198975,0.0,0.0,7.727283569867723,47.305424930527806
0.069,78,679326770,0.429452508687973,0.0,0.0,7.191574680735357,48.18689008243382
0.069,79,587923432,-0.17515581846237183,1.0,1.0,8.371048335102387,49.13235898129642
0.069,80,1359889667,0.3961755931377411,0.0,0.0,7.513307692948729,47.489886870607734
0.069,81,970187386,0.4627959728240967,0.0,0.0,7.252901387750171,47.02659696340561
0.069,82,1219839873,0.40474870800971985,0.0,0.0,7.662246912368573,48.64219389855862
0.069,83,1428160212,0.4864327609539032,0.0,0.0,7.3614486794685945,48.87594003230333
0.069,84,1930609499,0.4710325300693512,0.0,0.0,7.02706572029274,48.748580971732736
0.069,85,710582861,0.4259147346019745,0.0,0.0,7.301545107271522,48.22941403836012
0.069,86,1463614337,-0.1680089235305786,1.0,1.0,7.542781989322975,48.76981698907912
0.069,87,1940152705,0.4141360819339752,0.0,0.0,7.2847045849775895,47.225884860381484
0.069,88,985452196,0.4205726087093353,0.0,0.0,7.143113113823347,48.431317089125514
0.069,89,552062587,0.44502758979797363,0.0,0.0,6.928901665261947,48.61209215596318
0.069,90,623566272,0.3937968313694,0.0,0.0,6.984231483889744,48.73336595483124
0.069,91,729775797,0.4513929784297943,0.0,0.0,7.220840858644806,48.672555945813656
0.069,92,1352536665,0.42287808656692505,0.0,0.0,7.569369820645079,48.642392037436366
0.069,93,555883440,-0.14558042585849762,1.0,1.0,7.555299433181062,48.61125396564603
0.069,94,1801800003,0.43224969506263733,0.0,0.0,7.697579094558023,47.12883406318724
0.069,95,763315502,0.43192267417907715,0.0,0.0,7.407792940735817,47.77390789240599
0.069,96,138897982,0.4413617253303528,0.0,0.0,7.440414888667874,48.531970009207726
0.069,97,10785379,1.06244695186615,0.0,0.0,7.200543586630374,48.61503699794412
0.069,98,53923185,-0.14249515533447266,1.0,1.0,7.580518173635937,52.84695397131145
0.069,99,1349917978,0.3385189473628998,0.0,0.0,7.024648159858771,48.356584971770644
0.07,0,1501552845,0.40542012453079224,0.0,0.0,7.433555067284033,46.58400104381144
0.07,1,488200390,0.41951221227645874,0.0,0.0,7.2439909228123724,47.4713749717921
0.07,2,1693606510,-0.139120414853096,1.0,1.0,7.548227229970507,45.56233109906316
0.07,3,680233354,0.42803052067756653,0.0,0.0,7.219382018200122,46.31320689804852
0.07,4,438466540,0.3930894732475281,0.0,0.0,7.239944007713348,47.24282515235245
0.07,5,1712329280,0.42376506328582764,0.0,0.0,7.16922521579545,46.608920907601714
0.07,6,1380152455,0.4023331105709076,0.0,0.0,7.228510386543348,46.54490691609681
0.07,7,1452245846,-0.18856655061244965,1.0,1.0,7.350537442252971,46.264184871688485
0.07,8,2122694021,0.37772053480148315,0.0,0.0,7.155888750567101,50.293559208512306
0.07,9,839901363,0.4463239908218384,0.0,0.0,7.2067077131941915,46.311069978401065
0.07,10,1802651552,0.42905351519584656,0.0,0.0,7.622707358445041,46.189049957320094
0.07,11,714712467,0.39368897676467896,0.0,0.0,7.52545539336279,46.900864923372865
0.07,12,1218704077,0.49330034852027893,0.0,0.0,7.507692845305428,46.618604101240635
0.07,13,1284858263,-0.029379429295659065,1.0,1.0,8.649178769555874,46.377857914194465
0.07,14,457721135,0.37375354766845703,0.0,0.0,7.724790679290891,46.320632100105286
0.07,15,401008609,0.38622337579727173,0.0,0.0,7.636237486847676,46.99740093201399
0.07,16,492064534,0.3380248546600342,0.0,0.0,7.36038636835292,46.744374092668295
0.07,17,1444732602,0.4545704126358032,0.0,0.0,7.11134597659111,47.08927497267723
0.07,18,1317426686,0.39773017168045044,0.0,0.0,7.152058015577495,45.97004479728639
0.07,19,2022506251,-0.085758276283741,1.0,1.0,8.14232201303821,45.42320501059294
0.07,20,1516459118,-0.16121138632297516,1.0,1.0,7.247697667567991,48.287243116647005
0.07,21,533103612,0.12065388262271881,0.0,0.0,8.527791179833002,46.610542107373476
0.07,22,1964759878,-0.26826366782188416,1.0,1.0,7.954907008912414,48.09742793440819
0.07,23,2037706756,0.35516610741615295,0.0,0.0,7.385474042501301,47.16861015185714
0.07,24,1572889065,-0.12470965087413788,1.0,1.0,7.475606165244244,48.2446348760277
0.07,25,1432881518,1.068743348121643,0.0,0.0,6.899532209383324,49.04783586971462
0.07,26,280516901,0.3289065957069397,0.0,0.0,7.6603323792805895,48.26614703051746
0.07,27,205939248,0.4314643144607544,0.0,0.0,7.4762787277577445,54.807242937386036
0.07,28,571904914,-0.18328633904457092,1.0,1.0,7.34741931699682,46.374613884836435
0.07,29,948843457,0.4241107404232025,0.0,0.0,7.3476212080568075,47.31758194975555
0.07,30,155492488,0.3964720368385315,0.0,0.0,7.462828407646157,49.02604618109763
0.07,31,1903701130,0.3984808325767517,0.0,0.0,7.370558361406438,49.261884996667504
0.07,32,1017961266,0.3596334755420685,0.0,0.0,7.04969836876262,46.51600494980812
0.07,33,1497769985,0.41182512044906616,0.0,0.0,7.474095496931113,46.08553019352257
0.07,34,456523489,0.41385921835899353,0.0,0.0,7.199175534304231,46.093791956081986
0.07,35,701095136,0.41302528977394104,0.0,0.0,7.2366271102800965,46.0922559723258
0.07,36,249069576,0.4212416112422943,0.0,0.0,7.384592293412425,45.4790850635618
0.07,37,1576098728,0.3672620952129364,0.0,0.0,7.248616675497033,46.103344997391105
0.07,38,1662748500,-0.25825241208076477,1.0,1.0,8.008184263599105,44.68875378370285
0.07,39,472736216,0.4520776569843292,0.0,0.0,7.031353419995867,45.82483903504908
0.07,40,1535411295,0.46917998790740967,0.0,0.0,8.20450526184868,49.02492603287101
0.07,41,175223003,-0.012791547924280167,1.0,1.0,8.53202837437857,46.880495036020875
0.07,42,840936862,-0.05239462852478027,1.0,1.0,8.34828884806484,46.61725903861225
0.07,43,343373188,-0.26045554876327515,1.0,1.0,7.767753415624611,46.98151000775397
0.07,44,1597751082,0.45071253180503845,0.0,0.0,7.201461858581752,47.40264196880162
0.07,45,730359585,0.4077812135219574,0.0,0.0,7.400454766815528,46.47440300323069
0.07,46,1016641002,0.475825697183609,0.0,0.0,7.306038395036012,46.923979884013534
0.07,47,998994690,0.4221165180206299,0.0,0.0,7.4484256255673245,46.88368597999215
0.07,48,1021240743,0.4410131275653839,0.0,0.0,7.437333782669157,46.825698809698224
0.07,49,572134801,0.4639289081096649,0.0,0.0,7.3653945666737854,46.690433053299785
0.07,50,1198399760,0.4028075039386749,0.0,0.0,7.264785662526265,45.7264359574765
0.07,51,1751866485,-0.23676720261573792,1.0,1.0,7.979744788608514,45.91241315938532
0.07,52,1070889713,0.39730304479599,0.0,0.0,7.362195651046932,46.46606696769595
0.07,53,415096539,0.4023284316062927,0.0,0.0,7.234621199546382,46.743042999878526
0.07,54,52416235,0.44609010219573975,0.0,0.0,7.114920382504351,46.22401809319854
0.07,55,278032723,0.4535583555698395,0.0,0.0,7.413734583184123,46.11434997059405
0.07,56,174946158,0.41527315974235535,0.0,0.0,7.281190947862342,46.42867692746222
0.07,57,196848554,0.40082070231437683,0.0,0.0,7.317527838633396,46.04076291434467
0.07,58,263030910,0.34087935090065,0.0,0.0,7.659999804920517,46.6234830673784
0.07,59,1285415020,0.36887887120246887,0.0,0.0,7.4435045211575925,45.97063711844385
0.07,60,1733223444,0.41092807054519653,0.0,0.0,7.340371589176357,46.224029967561364
0.07,61,1835544261,0.4165233075618744,0.0,0.0,7.460292057134211,47.30933904647827
0.07,62,1403186970,-0.1702924221754074,1.0,1.0,7.717987489537336,47.01681900769472
0.07,63,1291971777,0.41468381881713867,0.0,0.0,7.4163134606787935,48.44660102389753
0.07,64,712292067,0.07176919281482697,0.0,0.0,8.782363286125474,47.96162806451321
0.07,65,2001429764,0.06258983910083771,0.0,0.0,8.997201432706788,47.83156281337142
0.07,66,1375664061,0.47579121589660645,0.0,0.0,7.177121759043075,48.791282111778855
0.07,67,1556456120,0.3896218240261078,0.0,0.0,7.133333170204423,49.211897887289524
0.07,68,1576053187,0.36092326045036316,0.0,0.0,7.623666534433141,48.884849064052105
0.07,69,1848019881,0.3880143165588379,0.0,0.0,7.253103701514192,47.64184192754328
0.07,70,1508652585,-0.238103449344635,1.0,1.0,7.820786079275422,48.228742089122534
0.07,71,1995737731,0.4789368808269501,0.0,0.0,7.249003629316576,47.839339124038815
0.07,72,1162788447,0.42212802171707153,0.0,0.0,7.468472027685493,48.577920999377966
0.07,73,1172925522,0.4246504604816437,0.0,0.0,7.2645189967006445,48.54774987325072
0.07,74,539174575,0.47104981541633606,0.0,0.0,7.3190429038368165,47.00026591308415
0.07,75,2013637345,-0.20925253629684448,1.0,1.0,7.907745267730206,46.28246300853789
0.07,76,1187468716,0.34949615597724915,0.0,0.0,7.24923791072797,47.0214921515435
0.07,77,1062978506,0.4082176387310028,0.0,0.0,7.6425475891446695,47.767884097993374
0.07,78,679326770,0.4046507179737091,0.0,0.0,7.179643316892907,46.257237205281854
0.07,79,587923432,-0.17148809134960175,1.0,1.0,7.389388596871868,46.348832780495286
0.07,80,1359889667,0.4054437577724457,0.0,0.0,7.681625857832842,47.450900077819824
0.07,81,970187386,0.46223360300064087,0.0,0.0,7.279125522705726,47.14142601005733
0.07,82,1219839873,0.4008468687534332,0.0,0.0,7.69510892953258,48.13974816352129
0.07,83,1428160212,0.4773811399936676,0.0,0.0,7.41194435628131,48.01197396591306
0.07,84,1930609499,0.4905170798301697,0.0,0.0,6.9627786197233945,47.75943094864488
0.07,85,710582861,0.4199066162109375,0.0,0.0,7.25532122713048,45.79567303881049
0.07,86,1463614337,-0.14025180041790009,1.0,1.0,7.415429287822917,47.16658382676542
0.07,87,1940152705,0.42407333850860596,0.0,0.0,7.212960139382631,57.23244999535382
0.07,88,985452196,0.4253949224948883,0.0,0.0,7.191253844532184,48.16200793720782
0.07,89,552062587,0.4468899667263031,0.0,0.0,7.066620926721953,47.92907112278044
0.07,90,623566272,0.3872203528881073,0.0,0.0,7.031586272642016,47.76765592396259
0.07,91,729775797,0.4463959038257599,0.0,0.0,7.1641685967333615,48.01230505108833
0.07,92,1352536665,0.41843679547309875,0.0,0.0,7.516293427324854,46.20044701732695
0.07,93,555883440,-0.15971139073371887,1.0,1.0,7.387281705741771,47.244756016880274
0.07,94,1801800003,0.4166956841945648,0.0,0.0,7.613791368552484,47.97094105742872
0.07,95,763315502,0.42947065830230713,0.0,0.0,7.373342196689919,47.561289044097066
0.07,96,138897982,0.43680059909820557,0.0,0.0,7.472121373866685,55.950468173250556
0.07,97,10785379,1.0718389749526978,0.0,0.0,7.154781193472445,47.518549021333456
0.07,98,53923185,-0.14333203434944153,1.0,1.0,7.421595447813161,47.036100178956985
0.07,99,1349917978,0.34123867750167847,0.0,0.0,7.103641816531308,47.391992062330246
0.071,0,1501552845,0.44777965545654297,0.0,0.0,7.3560426405165344,47.00334393419325
0.071,1,488200390,0.4081074297428131,0.0,0.0,7.3719465878093615,47.1579369623214
0.071,2,1693606510,-0.20040160417556763,1.0,1.0,7.930489038350061,47.82781912945211
0.071,3,680233354,0.4444011449813843,0.0,0.0,7.135293302242644,47.31727298349142
0.071,4,438466540,0.386835515499115,0.0,0.0,7.4225985504454,47.16558498330414
0.071,5,1712329280,0.41794639825820923,0.0,0.0,7.195399244897999,48.016529995948076
0.071,6,1380152455,0.4114149212837219,0.0,0.0,7.410522614605725,47.28000797331333
0.071,7,1452245846,-0.19449083507061005,1.0,1.0,7.877460937015712,47.197256004437804
0.071,8,2122694021,0.41795989871025085,0.0,0.0,7.215834379545413,47.23776294849813
0.071,9,839901363,0.4258178174495697,0.0,0.0,7.304532376001589,47.85102582536638
0.071,10,1802651552,0.4498715102672577,0.0,0.0,7.597631504642777,47.718215035274625
0.071,11,714712467,0.4115240275859833,0.0,0.0,7.554170611081645,48.025661148130894
0.071,12,1218704077,0.48442140221595764,0.0,0.0,7.4485645877430215,47.54536901600659
0.071,13,1284858263,-0.25035884976387024,1.0,1.0,7.5575506665045395,45.89419509284198
0.071,14,457721135,0.36504697799682617,0.0,0.0,7.53482473094482,45.54937477223575
0.071,15,401008609,0.4411725699901581,0.0,0.0,7.537718907697126,46.81539605371654
0.071,16,492064534,0.3473369777202606,0.0,0.0,7.354448716156185,47.60878882370889
0.071,17,1444732602,0.44385576248168945,0.0,0.0,7.117955667898059,47.421969939023256
0.071,18,1317426686,0.3918784260749817,0.0,0.0,7.30967538326513,47.9850429110229
0.071,19,2022506251,-0.0691860094666481,1.0,1.0,8.107682374073192,49.194099847227335
0.071,20,1516459118,-0.11912241578102112,1.0,1.0,8.437475473270752,47.44820692576468
0.071,21,533103612,-0.2631300091743469,1.0,1.0,7.987765182740986,46.07603303156793
0.071,22,1964759878,-0.24235248565673828,1.0,1.0,8.050750524038449,46.05234507471323
0.071,23,2037706756,0.35790786147117615,0.0,0.0,7.396677108830772,46.354723162949085
0.071,24,1572889065,-0.12088527530431747,1.0,1.0,7.239287148346193,46.129483031108975
0.071,25,1432881518,1.0853040218353271,0.0,0.0,6.909562512300909,51.00953998044133
0.071,26,280516901,0.32386258244514465,0.0,0.0,7.588823527912609,46.21308296918869
0.071,27,205939248,0.4029303789138794,0.0,0.0,7.453685391228646,45.944026904180646
0.071,28,571904914,-0.14553320407867432,1.0,1.0,7.8957992129726335,46.544850105419755
0.071,29,948843457,0.45156431198120117,0.0,0.0,7.3742119128583,46.18052905425429
0.071,30,155492488,0.39544424414634705,0.0,0.0,7.565731850103475,46.70212115161121
0.071,31,1903701130,0.4076244831085205,0.0,0.0,7.485830622026697,45.74432806111872
0.071,32,1017961266,0.38208144903182983,0.0,0.0,7.410730920149945,54.54804003238678
0.071,33,1497769985,0.41903963685035706,0.0,0.0,7.41967111825943,45.73574010282755
0.071,34,456523489,0.4292900860309601,0.0,0.0,7.27056820015423,47.333831898868084
0.071,35,701095136,0.40289756655693054,0.0,0.0,7.348889142740518,45.19639816135168
0.071,36,249069576,0.48793405294418335,0.0,0.0,7.45264220261015,47.073923982679844
0.071,37,1576098728,0.36465615034103394,0.0,0.0,7.1632438726956025,48.02125599235296
0.071,38,1662748500,-0.1729186475276947,1.0,1.0,7.885769375716336,48.72631002217531
0.071,39,472736216,0.4216460883617401,0.0,0.0,7.103085531271063,47.88115108385682
0.071,40,1535411295,0.4703860282897949,0.0,0.0,8.57015449681785,48.0311771389097
0.071,41,175223003,-0.04280650243163109,1.0,1.0,8.282370177097619,47.906141029670835
0.071,42,840936862,0.01475608255714178,0.0,0.0,8.815166542655788,48.15628798678517
0.071,43,343373188,0.01280601043254137,0.0,0.0,8.475862242165022,46.393702970817685
0.071,44,1597751082,0.47866082191467285,0.0,0.0,7.180871229735203,47.874639043584466
0.071,45,730359585,0.40673691034317017,0.0,0.0,7.4747164426371455,46.962866093963385
0.071,46,1016641002,1.028774380683899,0.0,0.0,6.985400422476232,47.89587017148733
0.071,47,998994690,0.402188777923584,0.0,0.0,7.33062718086876,47.88064188323915
0.071,48,1021240743,0.43453505635261536,0.0,0.0,7.484448758303188,47.26456385105848
0.071,49,572134801,0.4662512242794037,0.0,0.0,7.528899007011205,47.45295597240329
0.071,50,1198399760,0.32376575469970703,0.0,0.0,7.202117645647377,47.75881604291499
0.071,51,1751866485,0.39348748326301575,0.0,0.0,7.312195613631047,46.93841305561364
0.071,52,1070889713,0.4201551377773285,0.0,0.0,7.272352161933668,47.22501593641937
0.071,53,415096539,0.4168861508369446,0.0,0.0,7.279275147942826,47.324904007837176
0.071,54,52416235,0.42490318417549133,0.0,0.0,7.130223585409112,47.26346582174301
0.071,55,278032723,0.4541611969470978,0.0,0.0,7.430597767117433,47.28957102634013
0.071,56,174946158,0.42441532015800476,0.0,0.0,7.308202818850987,46.84455902315676
0.071,57,196848554,0.4141371250152588,0.0,0.0,7.371533951140009,47.89331997744739
0.071,58,263030910,0.40322446823120117,0.0,0.0,7.35732566320803,46.74715595319867
0.071,59,1285415020,0.3762311637401581,0.0,0.0,7.5750497651752084,47.54223604686558
0.071,60,1733223444,0.3955497145652771,0.0,0.0,7.309341809363104,48.71641285717487
0.071,61,1835544261,0.4112616181373596,0.0,0.0,7.487473751069047,49.08957798033953
0.071,62,1403186970,0.37627026438713074,0.0,0.0,7.423152267932892,48.39487001299858
0.071,63,1291971777,0.4209084212779999,0.0,0.0,7.442007162957452,47.23747307434678
0.071,64,712292067,0.42288002371788025,0.0,0.0,7.089992181281559,48.45233494415879
0.071,65,2001429764,0.03086458332836628,0.0,0.0,8.593824331532232,48.18855598568916
0.071,66,1375664061,0.5003052353858948,0.0,0.0,7.216137574752793,48.195694806054235
0.071,67,1556456120,0.38930222392082214,0.0,0.0,7.103010351071134,52.42715100757778
0.071,68,1576053187,0.39514613151550293,0.0,0.0,7.638169147074223,47.22032998688519
0.071,69,1848019881,0.38335567712783813,0.0,0.0,7.272952556726523,46.358622843399644
0.071,70,1508652585,-0.12997734546661377,1.0,1.0,8.056098665692843,47.76198510080576
0.071,71,1995737731,0.47746309638023376,0.0,0.0,7.270530289039016,47.52032202668488
0.071,72,1162788447,0.41986870765686035,0.0,0.0,7.479901458253153,46.519933035597205
0.071,73,1172925522,0.4081493616104126,0.0,0.0,7.3452742483932525,46.460905112326145
0.071,74,539174575,0.46999111771583557,0.0,0.0,7.311828880687244,48.00243303179741
0.071,75,2013637345,-0.15123264491558075,1.0,1.0,8.218777544097975,47.53100802190602
0.071,76,1187468716,0.3641045391559601,0.0,0.0,7.2482276691589504,48.07451902888715
0.071,77,1062978506,0.39560195803642273,0.0,0.0,7.4243245924590155,48.13203401863575
0.071,78,679326770,0.41567549109458923,0.0,0.0,7.280741136870347,48.767991829663515
0.071,79,587923432,-0.16774754226207733,1.0,1.0,7.697000319021754,46.12540593370795
0.071,80,1359889667,0.3992527425289154,0.0,0.0,7.498436008580029,46.63598397746682
0.071,81,970187386,0.4621005654335022,0.0,0.0,7.292631965246983,48.061951994895935
0.071,82,1219839873,0.3973018229007721,0.0,0.0,7.722953971824609,48.52903378196061
0.071,83,1428160212,0.47841623425483704,0.0,0.0,7.324533353326842,48.04190690629184
0.071,84,1930609499,0.41933873295783997,0.0,0.0,7.330232931417413,48.280755057930946
0.071,85,710582861,0.4022175669670105,0.0,0.0,7.332514026784338,48.1955879367888
0.071,86,1463614337,-0.15362012386322021,1.0,1.0,7.540335905272514,46.46254004910588
0.071,87,1940152705,0.43029314279556274,0.0,0.0,7.289421260007657,46.517558163031936
0.071,88,985452196,0.42848721146583557,0.0,0.0,7.303439765819348,48.230787040665746
0.071,89,552062587,0.4364609718322754,0.0,0.0,7.057728605112061,48.19443006999791
0.071,90,623566272,0.3828197717666626,0.0,0.0,7.085190776037052,50.08487799204886
0.071,91,729775797,0.39955148100852966,0.0,0.0,7.28044422972016,47.85007215104997
0.071,92,1352536665,0.41261109709739685,0.0,0.0,7.606900317710824,46.81853693909943
0.071,93,555883440,-0.1308252513408661,1.0,1.0,7.193277190788649,47.780037857592106
0.071,94,1801800003,0.40912702679634094,0.0,0.0,7.669277905486524,55.43960491195321
0.071,95,763315502,0.4094168245792389,0.0,0.0,7.464399443357252,47.80907207168639
0.071,96,138897982,0.433243989944458,0.0,0.0,7.332390199764632,47.81252099201083
0.071,97,10785379,1.1036643981933594,0.0,0.0,7.088899063644931,48.62479609437287
0.071,98,53923185,-0.022015608847141266,1.0,1.0,8.11268553941045,48.15388494171202
0.071,99,1349917978,0.33224812150001526,0.0,0.0,7.0608253760728985,48.9124939776957
0.072,0,1501552845,0.44986122846603394,0.0,0.0,7.400878246524371,47.64918703585863
0.072,1,488200390,0.4053502678871155,0.0,0.0,7.46941834082827,48.40670502744615
0.072,2,1693606510,-0.1879103034734726,1.0,1.0,8.308213089243509,48.552111024037
0.072,3,680233354,0.41186919808387756,0.0,0.0,7.161819047876634,48.722019186243415
0.072,4,438466540,0.40308859944343567,0.0,0.0,7.548699092003517,48.9711060654372
0.072,5,1712329280,0.4163777828216553,0.0,0.0,7.196789397392422,48.703896813094616
0.072,6,1380152455,0.3909434974193573,0.0,0.0,7.1852278537116945,46.87694413587451
0.072,7,1452245846,-0.2076863944530487,1.0,1.0,7.819039257708937,48.604388954117894
0.072,8,2122694021,0.41888466477394104,0.0,0.0,7.266184762585908,47.63100389391184
0.072,9,839901363,0.4194244146347046,0.0,0.0,7.329638502327725,47.82225796952844
0.072,10,1802651552,0.4441651999950409,0.0,0.0,7.61710796400439,47.065390041098
0.072,11,714712467,0.41007158160209656,0.0,0.0,7.615272792056203,48.818050883710384
0.072,12,1218704077,0.47858232259750366,0.0,0.0,7.476579807000235,48.9342559594661
0.072,13,1284858263,-0.25466006994247437,1.0,1.0,7.821795703028329,48.85577317327261
0.072,14,457721135,0.3864203989505768,0.0,0.0,7.601214125170372,48.02334285341203
0.072,15,401008609,0.40419280529022217,0.0,0.0,7.722438246477395,48.14388300292194
0.072,16,492064534,0.3783333897590637,0.0,0.0,7.299741244176403,49.70251605845988
0.072,17,1444732602,0.43090733885765076,0.0,0.0,7.166982237598859,49.302615923807025
0.072,18,1317426686,0.354775607585907,0.0,0.0,7.510804734425619,49.07045606523752
0.072,19,2022506251,-0.040365688502788544,1.0,1.0,8.311612789868377,49.611211055889726
0.072,20,1516459118,0.4136413037776947,0.0,0.0,7.377250185585581,49.08900195732713
0.072,21,533103612,-0.2358274757862091,1.0,1.0,7.54353231494315,49.08850509673357
0.072,22,1964759878,-0.21471092104911804,1.0,1.0,7.870641079847701,48.88177616521716
0.072,23,2037706756,0.3560694754123688,0.0,0.0,7.419951548450626,45.798875857144594
0.072,24,1572889065,-0.16475558280944824,1.0,1.0,7.556536418036558,46.854833140969276
0.072,25,1432881518,1.0893903970718384,0.0,0.0,6.913547125644982,46.32241907529533
0.072,26,280516901,0.3182968199253082,0.0,0.0,7.551676416653208,47.35689680092037
0.072,27,205939248,0.4030827581882477,0.0,0.0,7.434093630523421,48.0680491309613
0.072,28,571904914,-0.046454641968011856,1.0,1.0,7.466352393850684,46.3814118411392
0.072,29,948843457,0.40541139245033264,0.0,0.0,7.458591933595017,45.723116025328636
0.072,30,155492488,0.33515986800193787,0.0,0.0,7.360312386648729,51.5972999855876
0.072,31,1903701130,0.3976832628250122,0.0,0.0,7.5018932989332825,48.74529503285885
0.072,32,1017961266,0.37598660588264465,0.0,0.0,7.3607314601540565,47.231826931238174
0.072,33,1497769985,0.38955292105674744,0.0,0.0,7.406807436607778,46.845330856740475
0.072,34,456523489,0.4293907880783081,0.0,0.0,7.291827886365354,47.18470713123679
0.072,35,701095136,0.4030033349990845,0.0,0.0,7.440524366567843,47.21241490915418
0.072,36,249069576,0.4148617088794708,0.0,0.0,7.415832513011992,47.069810098037124
0.072,37,1576098728,0.43977636098861694,0.0,0.0,7.061426959116943,46.63299396634102
0.072,38,1662748500,-0.1536732017993927,1.0,1.0,8.1764532844536,45.69832980632782
0.072,39,472736216,0.4111865758895874,0.0,0.0,7.014114016084932,45.38042191416025
0.072,40,1535411295,0.4750541150569916,0.0,0.0,8.375523408176377,45.84812605753541
0.072,41,175223003,0.43733617663383484,0.0,0.0,7.3309254966443405,47.252054093405604
0.072,42,840936862,-0.20757269859313965,1.0,1.0,8.331138798967004,47.04282386228442
0.072,43,343373188,0.4131919741630554,0.0,0.0,7.858591048279777,46.50688590481877
0.072,44,1597751082,0.4581605792045593,0.0,0.0,7.253364725736901,46.25715408474207
0.072,45,730359585,0.44366100430488586,0.0,0.0,7.283985933056101,47.13340103626251
0.072,46,1016641002,1.0345155000686646,0.0,0.0,6.938804618082941,47.10537986829877
0.072,47,998994690,0.3660091459751129,0.0,0.0,7.262090573902242,46.92875314503908
0.072,48,1021240743,0.4186501204967499,0.0,0.0,7.5247675710124895,47.48515714891255
0.072,49,572134801,0.46649518609046936,0.0,0.0,7.564748497097753,46.045436058193445
0.072,50,1198399760,0.3251875638961792,0.0,0.0,7.272205286542885,45.952555956318974
0.072,51,1751866485,0.3884611427783966,0.0,0.0,7.392337133642286,46.88143800012767
0.072,52,1070889713,0.400430291891098,0.0,0.0,7.178382197394967,46.61739198490977
0.072,53,415096539,0.42712581157684326,0.0,0.0,7.370582449948415,46.47198389284313
0.072,54,52416235,0.39029258489608765,0.0,0.0,7.152139976504259,46.58475099131465
0.072,55,278032723,0.42963388562202454,0.0,0.0,7.346442402922548,46.19318200275302
0.072,56,174946158,0.41461631655693054,0.0,0.0,7.353082838002592,45.807746006175876
0.072,57,196848554,0.4147316813468933,0.0,0.0,7.400959947961383,46.31019616499543
0.072,58,263030910,0.3870477080345154,0.0,0.0,7.421711676637642,45.837878016754985
0.072,59,1285415020,0.3651411235332489,0.0,0.0,7.583249471150339,46.255192020908
0.072,60,1733223444,0.39003539085388184,0.0,0.0,7.3983219363726676,45.77083978801966
0.072,61,1835544261,0.4386295676231384,0.0,0.0,7.561646295711398,46.19529587216675
0.072,62,1403186970,0.3841547667980194,0.0,0.0,7.354806066956371,50.07060710340738
0.072,63,1291971777,0.40572625398635864,0.0,0.0,7.477583235362545,51.44115607254207
0.072,64,712292067,0.41291543841362,0.0,0.0,7.206617498770356,46.08281492255628
0.072,65,2001429764,0.3925338089466095,0.0,0.0,7.5361889655468985,46.534824185073376
0.072,66,1375664061,0.4980355501174927,0.0,0.0,7.087263670167886,45.86118715815246
0.072,67,1556456120,0.37852799892425537,0.0,0.0,7.179137483704835,46.1931589525193
0.072,68,1576053187,0.39054474234580994,0.0,0.0,7.6408594734966755,45.76331586576998
0.072,69,1848019881,0.40113934874534607,0.0,0.0,7.33702690852806,46.772287925705314
0.072,70,1508652585,0.11067882925271988,0.0,0.0,8.435879589174874,45.51631584763527
0.072,71,1995737731,0.4724263548851013,0.0,0.0,7.264447629451752,45.34962214529514
0.072,72,1162788447,0.40858402848243713,0.0,0.0,7.516797145130113,47.63986193574965
0.072,73,1172925522,0.42292550206184387,0.0,0.0,7.658468357403763,45.773442136123776
0.072,74,539174575,0.46090659499168396,0.0,0.0,7.304684990900569,45.07130407728255
0.072,75,2013637345,0.01699993573129177,0.0,0.0,8.508559814537875,45.107631012797356
0.072,76,1187468716,0.3813139796257019,0.0,0.0,7.246833516168408,45.48738896846771
0.072,77,1062978506,0.3805960416793823,0.0,0.0,7.725612316397019,45.257454039528966
0.072,78,679326770,0.39759525656700134,0.0,0.0,7.287885092198849,46.32753296755254
0.072,79,587923432,-0.17505858838558197,1.0,1.0,7.461816310882568,46.214350033551455
0.072,80,1359889667,0.42382317781448364,0.0,0.0,7.592025228310376,47.26573592051864
0.072,81,970187386,0.47586673498153687,0.0,0.0,7.32587916450575,46.734030125662684
0.072,82,1219839873,0.39558184146881104,0.0,0.0,7.660523423459381,45.872787944972515
0.072,83,1428160212,0.45809221267700195,0.0,0.0,7.37876523041632,46.37578199617565
0.072,84,1930609499,0.3915884792804718,0.0,0.0,7.308128339820541,45.65560002811253
0.072,85,710582861,0.40567129850387573,0.0,0.0,7.464974939008243,45.66951794549823
0.072,86,1463614337,-0.16894732415676117,1.0,1.0,7.640429043560289,45.132537139579654
0.072,87,1940152705,0.43541163206100464,0.0,0.0,7.411706358892843,46.39517399482429
0.072,88,985452196,0.428917795419693,0.0,0.0,7.317120712250471,47.55837097764015
0.072,89,552062587,0.4485708177089691,0.0,0.0,7.059162545367144,47.43152600713074
0.072,90,623566272,0.3839581310749054,0.0,0.0,7.126967782853171,47.634278889745474
0.072,91,729775797,0.43503737449645996,0.0,0.0,7.144774847663939,47.13650420308113
0.072,92,1352536665,0.40741223096847534,0.0,0.0,7.632773758727126,47.06449992954731
0.072,93,555883440,-0.16604596376419067,1.0,1.0,7.452632429427467,46.65152006782591
0.072,94,1801800003,0.4121723473072052,0.0,0.0,7.627097161952406,46.73373606055975
0.072,95,763315502,0.4042886197566986,0.0,0.0,7.37032724218443,48.14842599444091
0.072,96,138897982,0.42640024423599243,0.0,0.0,7.3566214826423675,51.99399986304343
0.072,97,10785379,1.1308887004852295,0.0,0.0,7.0169459690805525,46.72096506692469
0.072,98,53923185,-0.05953298509120941,1.0,1.0,7.046800075331703,45.532077085226774
0.072,99,1349917978,0.3208502233028412,0.0,0.0,7.060484298039228,46.620485140010715
0.073,0,1501552845,0.44271618127822876,0.0,0.0,7.4637416895711794,48.53795492090285
0.073,1,488200390,0.4068204462528229,0.0,0.0,7.547840336454101,47.9187797755003
0.073,2,1693606510,-0.10125944018363953,1.0,1.0,7.569746922701597,48.073669197037816
0.073,3,680233354,0.4465904235839844,0.0,0.0,7.253413836588152,48.46952902153134
0.073,4,438466540,0.3960297107696533,0.0,0.0,7.507462456589565,46.46470304578543
0.073,5,1712329280,0.4042503535747528,0.0,0.0,7.1845502075739205,48.4346360899508
0.073,6,1380152455,0.3887225389480591,0.0,0.0,7.2569032915635034,47.341556986793876
0.073,7,1452245846,-0.22074131667613983,1.0,1.0,7.4732885451521724,47.08435316570103
0.073,8,2122694021,0.4185033440589905,0.0,0.0,7.361975140753202,46.22908495366573
0.073,9,839901363,0.4216494560241699,0.0,0.0,7.379770865663886,48.29393909312785
0.073,10,1802651552,0.4294595718383789,0.0,0.0,7.671214519999921,48.65442495793104
0.073,11,714712467,0.36912113428115845,0.0,0.0,7.616043577552773,49.01241906918585
0.073,12,1218704077,0.47734329104423523,0.0,0.0,7.5038396692834795,47.03680309467018
0.073,13,1284858263,-0.21612448990345,1.0,1.0,8.270074913627468,46.56854108907282
0.073,14,457721135,0.4442615509033203,0.0,0.0,7.725448130164295,49.34892407618463
0.073,15,401008609,0.40494585037231445,0.0,0.0,7.72016079176683,49.30300102569163
0.073,16,492064534,0.3956029415130615,0.0,0.0,7.3120288864010945,49.09598408266902
0.073,17,1444732602,0.38389694690704346,0.0,0.0,7.072402012418024,49.65012683533132
0.073,18,1317426686,0.353604257106781,0.0,0.0,7.517645935062319,48.62141888588667
0.073,19,2022506251,-0.06449313461780548,1.0,1.0,8.610265697003342,48.811736050993204
0.073,20,1516459118,0.9053893089294434,0.0,0.0,19.204598573269323,48.48047788254917
0.073,21,533103612,-0.20787641406059265,1.0,1.0,8.04176340403501,45.76749913394451
0.073,22,1964759878,0.35566914081573486,0.0,0.0,8.0032436120091,46.69119091704488
0.073,23,2037706756,0.41987472772598267,0.0,0.0,7.383453487302177,46.3994899764657
0.073,24,1572889065,-0.16067403554916382,1.0,1.0,7.455640175030567,47.276581171900034
0.073,25,1432881518,1.096116065979004,0.0,0.0,6.894315660232678,47.48666216619313
0.073,26,280516901,0.3091672956943512,0.0,0.0,7.576469251303934,47.26775595918298
0.073,27,205939248,0.3998014032840729,0.0,0.0,7.426197916152887,45.2505589928478
0.073,28,571904914,-0.190043643116951,1.0,1.0,7.479783435701393,50.90397107414901
0.073,29,948843457,0.36041513085365295,0.0,0.0,7.638346884283237,48.37367101572454
0.073,30,155492488,0.36090368032455444,0.0,0.0,7.405799580155872,46.394363045692444
0.073,31,1903701130,0.3977167010307312,0.0,0.0,7.529400246916339,46.95743904449046
0.073,32,1017961266,0.3718348443508148,0.0,0.0,7.417700400110334,46.25619784928858
0.073,33,1497769985,0.41347190737724304,0.0,0.0,7.446028335369192,46.25258012674749
0.073,34,456523489,0.3962847590446472,0.0,0.0,7.343233698629774,46.49425880052149
0.073,35,701095136,0.39265158772468567,0.0,0.0,7.452281334321015,47.348371939733624
0.073,36,249069576,0.40864336490631104,0.0,0.0,7.430271068471484,45.960942981764674
0.073,37,1576098728,0.3694073259830475,0.0,0.0,7.328225916600786,45.84304383024573
0.073,38,1662748500,-0.1815207153558731,1.0,1.0,7.753308084444143,45.655339024960995
0.073,39,472736216,0.3350107967853546,0.0,0.0,7.163215924287215,46.4924699626863
0.073,40,1535411295,0.4666801691055298,0.0,0.0,8.19103525497485,47.73262795060873
0.073,41,175223003,0.4303043782711029,0.0,0.0,7.353723013075069,45.802301028743386
0.073,42,840936862,-0.01918857730925083,1.0,1.0,8.685907948995009,46.43833404406905
0.073,43,343373188,0.3870876431465149,0.0,0.0,7.813692712690681,46.721510123461485
0.073,44,1597751082,0.44916820526123047,0.0,0.0,7.4603408626280725,46.39945109374821
0.073,45,730359585,0.42206528782844543,0.0,0.0,7.3404958905885,47.84583719447255
0.073,46,1016641002,1.0434659719467163,0.0,0.0,6.976033375831321,47.918230993673205
0.073,47,998994690,0.4775935411453247,0.0,0.0,7.562629811349325,47.110093059018254
0.073,48,1021240743,0.40512263774871826,0.0,0.0,7.534047931199893,47.952411929145455
0.073,49,572134801,0.4633971154689789,0.0,0.0,7.550368347554468,47.792589059099555
0.073,50,1198399760,0.4215366840362549,0.0,0.0,7.438152325921692,47.95619403012097
0.073,51,1751866485,0.3757386803627014,0.0,0.0,7.604372967616655,48.0519759003073
0.073,52,1070889713,0.41264018416404724,0.0,0.0,7.36859622632619,46.339902095496655
0.073,53,415096539,0.3964460492134094,0.0,0.0,7.452657067333348,47.00778191909194
0.073,54,52416235,0.3754178583621979,0.0,0.0,7.123451660154387,46.82246292941272
0.073,55,278032723,0.4453793168067932,0.0,0.0,7.2596883970545605,46.84965196065605
0.073,56,174946158,0.42913734912872314,0.0,0.0,7.367423699353822,47.16094699688256
0.073,57,196848554,0.39699360728263855,0.0,0.0,7.42850090470165,47.12954815477133
0.073,58,263030910,0.36308223009109497,0.0,0.0,7.675057609681971,47.13979898951948
0.073,59,1285415020,0.4700063467025757,0.0,0.0,7.314391885418445,47.15401609428227
0.073,60,1733223444,0.39605987071990967,0.0,0.0,7.432413075817749,48.247849103063345
0.073,61,1835544261,0.4472426474094391,0.0,0.0,7.541098173358478,51.91081599332392
0.073,62,1403186970,0.3808594346046448,0.0,0.0,7.373492273618467,46.708927024155855
0.073,63,1291971777,0.40124091506004333,0.0,0.0,7.52792354230769,45.91369396075606
0.073,64,712292067,0.38687318563461304,0.0,0.0,7.28734127630014,46.362968161702156
0.073,65,2001429764,0.3676651418209076,0.0,0.0,7.543217376340181,46.95523204281926
0.073,66,1375664061,0.44437113404273987,0.0,0.0,7.232460921513848,47.19703481532633
0.073,67,1556456120,0.37118521332740784,0.0,0.0,7.325092738959938,46.38276598416269
0.073,68,1576053187,0.38248398900032043,0.0,0.0,7.663799751549959,46.54629481956363
0.073,69,1848019881,0.39878058433532715,0.0,0.0,7.3586832826258615,46.42840684391558
0.073,70,1508652585,0.428758442401886,0.0,0.0,7.36092069838196,47.42019483819604
0.073,71,1995737731,0.4663408696651459,0.0,0.0,7.312918030191213,46.68115801177919
0.073,72,1162788447,0.4071560204029083,0.0,0.0,7.527047133888118,46.391820069402456
0.073,73,1172925522,0.3851422667503357,0.0,0.0,7.821927288896404,45.34661187790334
0.073,74,539174575,0.45707908272743225,0.0,0.0,7.348310190718621,45.50856282003224
0.073,75,2013637345,-0.2122669667005539,1.0,1.0,7.532949409796856,46.58662294968963
0.073,76,1187468716,0.3901013731956482,0.0,0.0,7.232540741562843,45.77442700974643
0.073,77,1062978506,0.3900635540485382,0.0,0.0,7.793858497170731,46.49899108335376
0.073,78,679326770,0.4030556082725525,0.0,0.0,7.421092174132355,45.906163984909654
0.073,79,587923432,0.39137914776802063,0.0,0.0,7.416576898423955,45.61662604101002
0.073,80,1359889667,0.3439573645591736,0.0,0.0,7.6072753495536745,46.563090989366174
0.073,81,970187386,0.4663078784942627,0.0,0.0,7.483605419634841,44.777450850233436
0.073,82,1219839873,0.38801318407058716,0.0,0.0,7.70978275348898,44.92616397328675
0.073,83,1428160212,0.4484272599220276,0.0,0.0,7.4516066901851445,45.07642099633813
0.073,84,1930609499,0.377329558134079,0.0,0.0,7.405836478807032,46.201267978176475
0.073,85,710582861,0.4262606203556061,0.0,0.0,7.424933696049266,45.87987205013633
0.073,86,1463614337,-0.07550399005413055,1.0,1.0,7.828027328592725,45.81521707586944
0.073,87,1940152705,0.4383851885795593,0.0,0.0,7.446928448509425,46.83578107506037
0.073,88,985452196,0.38408660888671875,0.0,0.0,7.241887093521655,46.58112581819296
0.073,89,552062587,0.4236545264720917,0.0,0.0,7.1769100377568975,46.226594131439924
0.073,90,623566272,0.3757847249507904,0.0,0.0,7.137154113966972,46.16318107582629
0.073,91,729775797,0.4324689209461212,0.0,0.0,7.387700804276392,47.102765180170536
0.073,92,1352536665,0.4006187617778778,0.0,0.0,7.7101883622817695,47.40694514475763
0.073,93,555883440,0.4355122447013855,0.0,0.0,7.594003197969869,51.660558907315135
0.073,94,1801800003,0.40675273537635803,0.0,0.0,7.675232226261869,46.30157398059964
0.073,95,763315502,0.4237056076526642,0.0,0.0,7.4738827757537365,45.813791919499636
0.073,96,138897982,0.4220932722091675,0.0,0.0,7.399688565987162,47.03689180314541
0.073,97,10785379,1.0833706855773926,0.0,0.0,7.229374072980136,48.7778780516237
0.073,98,53923185,-0.17390471696853638,1.0,1.0,7.823287848033942,46.46775801666081
0.073,99,1349917978,0.3263363242149353,0.0,0.0,7.106728262384422,46.76699708215892
0.074,0,1501552845,0.4353720545768738,0.0,0.0,7.472548049874604,47.87403717637062
0.074,1,488200390,0.38433530926704407,0.0,0.0,7.623154430650175,47.97881399281323
0.074,2,1693606510,-0.2062833160161972,1.0,1.0,7.4784423258388415,47.5965179502964
0.074,3,680233354,0.3570424020290375,0.0,0.0,7.773638366139494,48.59470413066447
0.074,4,438466540,0.41787290573120117,0.0,0.0,7.467976544401608,48.92481188289821
0.074,5,1712329280,0.44785213470458984,0.0,0.0,7.337027240777388,48.98691992275417
0.074,6,1380152455,0.3992867171764374,0.0,0.0,7.4712233279133216,47.16335516422987
0.074,7,1452245846,-0.07769936323165894,1.0,1.0,7.336189751978964,47.39643889479339
0.074,8,2122694021,0.4156365990638733,0.0,0.0,7.3007180485874414,49.21180591918528
0.074,9,839901363,0.41996362805366516,0.0,0.0,7.361374161206186,49.236820079386234
0.074,10,1802651552,0.41929197311401367,0.0,0.0,7.678025508881547,49.11157093010843
0.074,11,714712467,0.3630715012550354,0.0,0.0,7.671061292872764,49.61751098744571
0.074,12,1218704077,0.4716223180294037,0.0,0.0,7.52595443779137,48.621511086821556
0.074,13,1284858263,-0.26213908195495605,1.0,1.0,7.763578711776063,48.792722867801785
0.074,14,457721135,0.3519538938999176,0.0,0.0,7.852895106305368,48.05297893472016
0.074,15,401008609,0.43463826179504395,0.0,0.0,7.6704793815733865,45.407220954075456
0.074,16,492064534,0.36442384123802185,0.0,0.0,7.171216175309382,45.62762286514044
0.074,17,1444732602,0.36674964427948,0.0,0.0,7.177934008650482,45.51096702925861
0.074,18,1317426686,0.3463836908340454,0.0,0.0,7.524356296285987,46.002544928342104
0.074,19,2022506251,-0.011452523060142994,1.0,1.0,8.446882824413478,47.36553388647735
0.074,20,1516459118,0.4034603238105774,0.0,0.0,7.8732023587217554,46.160089084878564
0.074,21,533103612,0.08141762018203735,0.0,0.0,8.85607849585358,45.67388817667961
0.074,22,1964759878,0.4103698432445526,0.0,0.0,8.239948111819103,49.368981970474124
0.074,23,2037706756,0.3772258162498474,0.0,0.0,7.4800315571483225,47.35257802531123
0.074,24,1572889065,-0.17494407296180725,1.0,1.0,7.605232705944218,46.2471020873636
0.074,25,1432881518,1.0904145240783691,0.0,0.0,6.981839599786326,45.64024694263935
0.074,26,280516901,0.32294946908950806,0.0,0.0,7.5304169580340385,45.778193045407534
0.074,27,205939248,0.3869500160217285,0.0,0.0,7.461676434148103,46.06851190328598
0.074,28,571904914,-0.15433615446090698,1.0,1.0,7.583448733086698,45.67717993631959
0.074,29,948843457,0.432638555765152,0.0,0.0,7.777727615088224,45.68989807739854
0.074,30,155492488,0.34812289476394653,0.0,0.0,7.389246289036237,46.39633698388934
0.074,31,1903701130,0.39821577072143555,0.0,0.0,7.442979932762682,45.00349913723767
0.074,32,1017961266,0.3676740825176239,0.0,0.0,7.396590810385533,45.23116513155401
0.074,33,1497769985,0.38459211587905884,0.0,0.0,7.558986187330447,46.012337086722255
0.074,34,456523489,0.41884270310401917,0.0,0.0,7.215922250878066,46.47544817999005
0.074,35,701095136,0.43650391697883606,0.0,0.0,7.4843040951527655,45.911222929134965
0.074,36,249069576,0.40536022186279297,0.0,0.0,7.423556664958596,45.398169895634055
0.074,37,1576098728,0.42851921916007996,0.0,0.0,7.228311381535605,45.54699989967048
0.074,38,1662748500,-0.236053004860878,1.0,1.0,7.876942664617673,45.87386082857847
0.074,39,472736216,0.4349709749221802,0.0,0.0,7.078705103136599,47.06795886158943
0.074,40,1535411295,0.4633081555366516,0.0,0.0,8.20110129402019,47.12875885888934
0.074,41,175223003,0.4194284677505493,0.0,0.0,7.268756579607725,46.25190980732441
0.074,42,840936862,-0.026978308334946632,1.0,1.0,8.612690945970826,46.390305971726775
0.074,43,343373188,0.3912026286125183,0.0,0.0,7.922597276046872,46.41672992147505
0.074,44,1597751082,0.4592640995979309,0.0,0.0,7.35780308872927,46.58269719220698
0.074,45,730359585,0.41883328557014465,0.0,0.0,7.368994128075428,46.895497944206
0.074,46,1016641002,1.0536264181137085,0.0,0.0,7.012346309842542,46.96030402556062
0.074,47,998994690,0.4238196313381195,0.0,0.0,7.539370826096274,45.736271888017654
0.074,48,1021240743,0.4045797288417816,0.0,0.0,7.56387297436595,46.31390399299562
0.074,49,572134801,0.4342508018016815,0.0,0.0,7.6469267985085025,46.00922204554081
0.074,50,1198399760,0.42449742555618286,0.0,0.0,7.477401569951326,46.10906494781375
0.074,51,1751866485,0.379517138004303,0.0,0.0,7.602625334169716,46.47318203933537
0.074,52,1070889713,0.415926992893219,0.0,0.0,7.404044127208181,46.250015031546354
0.074,53,415096539,0.40004274249076843,0.0,0.0,7.5021510613150895,46.22279107570648
0.074,54,52416235,0.43946588039398193,0.0,0.0,7.247913135797717,50.11959606781602
0.074,55,278032723,0.40173885226249695,0.0,0.0,7.3894381548743695,50.816685892641544
0.074,56,174946158,0.3757260739803314,0.0,0.0,7.383356559206732,45.36995105445385
0.074,57,196848554,0.36027050018310547,0.0,0.0,7.518535863375291,45.94778502359986
0.074,58,263030910,0.37088340520858765,0.0,0.0,7.816045657615177,44.83840591274202
0.074,59,1285415020,0.43067580461502075,0.0,0.0,7.641422913293354,46.15471791476011
0.074,60,1733223444,0.3926433324813843,0.0,0.0,7.476461832528003,46.271329978480935
0.074,61,1835544261,0.4589635133743286,0.0,0.0,7.728078841581009,45.56507500819862
0.074,62,1403186970,0.3755555748939514,0.0,0.0,7.283811025321484,46.36013088747859
0.074,63,1291971777,0.3963041603565216,0.0,0.0,7.575280366931111,45.625323895365
0.074,64,712292067,0.38368260860443115,0.0,0.0,7.251010789885186,45.91506696306169
0.074,65,2001429764,0.3798145055770874,0.0,0.0,7.441164271323942,45.43906915932894
0.074,66,1375664061,0.44060012698173523,0.0,0.0,7.174864212749526,45.96253298223019
0.074,67,1556456120,0.36558786034584045,0.0,0.0,7.3623150802450255,45.95294711180031
0.074,68,1576053187,0.37624508142471313,0.0,0.0,7.737822023103945,45.338158030062914
0.074,69,1848019881,0.39009377360343933,0.0,0.0,7.377013688557781,44.884226052090526
0.074,70,1508652585,0.4136981964111328,0.0,0.0,7.368749181623571,46.55055492185056
0.074,71,1995737731,-0.30000001192092896,1.0,1.0,9.398139498196542,46.38043185696006
0.074,72,1162788447,0.4360291361808777,0.0,0.0,7.665135289542377,45.36066995933652
0.074,73,1172925522,0.3817048966884613,0.0,0.0,7.842317931121215,45.485510956496
0.074,74,539174575,0.4532129764556885,0.0,0.0,7.348777607199736,45.558843994513154
0.074,75,2013637345,0.13045547902584076,0.0,0.0,8.95024830615148,45.81257700920105
0.074,76,1187468716,0.40862932801246643,0.0,0.0,7.248452371219173,45.22364307194948
0.074,77,1062978506,0.37226951122283936,0.0,0.0,7.6351307856384665,45.21169187501073
0.074,78,679326770,0.39111167192459106,0.0,0.0,7.381776784663089,46.61987582221627
0.074,79,587923432,0.35562121868133545,0.0,0.0,7.717734152567573,46.899647917598486
0.074,80,1359889667,0.3735302686691284,0.0,0.0,7.383105755085126,47.14645794592798
0.074,81,970187386,0.44986486434936523,0.0,0.0,7.374955391394906,47.09682101383805
0.074,82,1219839873,0.382236123085022,0.0,0.0,7.760943809407763,46.17023002356291
0.074,83,1428160212,0.4558158814907074,0.0,0.0,7.433851116453297,46.161782927811146
0.074,84,1930609499,0.36127597093582153,0.0,0.0,7.47304604051169,46.00167600437999
0.074,85,710582861,0.38541537523269653,0.0,0.0,7.578419833560474,47.4040440749377
0.074,86,1463614337,-0.1964346468448639,1.0,1.0,8.309798413421959,61.12199486233294
0.074,87,1940152705,0.43363577127456665,0.0,0.0,7.294566981261596,52.91592003777623
0.074,88,985452196,0.37764471769332886,0.0,0.0,7.378545297659002,47.71258099935949
0.074,89,552062587,0.4393746256828308,0.0,0.0,7.244057032861747,45.33520620316267
0.074,90,623566272,0.3801751434803009,0.0,0.0,7.129405771382153,47.850222093984485
0.074,91,729775797,0.39824438095092773,0.0,0.0,7.457128333160654,47.42253804579377
0.074,92,1352536665,0.38711899518966675,0.0,0.0,8.00868050812278,48.54762484319508
0.074,93,555883440,0.3911643326282501,0.0,0.0,7.225579007761553,47.913233982399106
0.074,94,1801800003,0.3677700459957123,0.0,0.0,7.9511553378542885,48.3309798873961
0.074,95,763315502,0.42508742213249207,0.0,0.0,7.512601566151716,48.632754012942314
0.074,96,138897982,0.40193459391593933,0.0,0.0,7.581375406240113,48.32925088703632
0.074,97,10785379,0.4221517741680145,0.0,0.0,7.587667983258143,47.55663499236107
0.074,98,53923185,-0.024739019572734833,1.0,1.0,7.154877654043958,47.67504194751382
0.074,99,1349917978,0.3195456862449646,0.0,0.0,7.147020483738743,48.380699940025806
0.075,0,1501552845,0.42977264523506165,0.0,0.0,7.485296948463656,48.495871014893055
0.075,1,488200390,0.3848402500152588,0.0,0.0,7.659279840765521,46.86736688017845
0.075,2,1693606510,-0.1602795124053955,1.0,1.0,8.29290604754351,47.304229112342
0.075,3,680233354,0.4682520031929016,0.0,0.0,7.316013297531754,48.23847906664014
0.075,4,438466540,0.41789519786834717,0.0,0.0,7.543822347186506,48.4715960919857
0.075,5,1712329280,0.4315975308418274,0.0,0.0,7.234448530594818,48.36165392771363
0.075,6,1380152455,0.38844940066337585,0.0,0.0,7.458045652019791,48.599801026284695
0.075,7,1452245846,-0.1678234040737152,1.0,1.0,7.568965990329161,48.69477706961334
0.075,8,2122694021,0.40950894355773926,0.0,0.0,7.34867924451828,48.493798822164536
0.075,9,839901363,0.41580262780189514,0.0,0.0,7.4767224818933755,49.91165385581553
0.075,10,1802651552,0.3812217712402344,0.0,0.0,7.622493500355631,47.89156699553132
0.075,11,714712467,0.352296382188797,0.0,0.0,7.723011759924702,49.01406401768327
0.075,12,1218704077,0.4443983733654022,0.0,0.0,7.4886611378751695,47.139754984527826
0.075,13,1284858263,-0.2939465045928955,1.0,1.0,7.95431809569709,47.38977714441717
0.075,14,457721135,0.349060595035553,0.0,0.0,7.7464435315923765,46.55516589991748
0.075,15,401008609,0.37670958042144775,0.0,0.0,7.716592116514221,48.00155712291598
0.075,16,492064534,0.42627766728401184,0.0,0.0,7.390188804711215,47.886103857308626
0.075,17,1444732602,0.37738579511642456,0.0,0.0,7.279509421088733,47.06498887389898
0.075,18,1317426686,0.34270504117012024,0.0,0.0,7.512099881190807,47.833031974732876
0.075,19,2022506251,-0.07777003943920135,1.0,1.0,8.3867009076057,46.657098922878504
0.075,20,1516459118,0.437100887298584,0.0,0.0,7.8863973235711455,49.04520302079618
0.075,21,533103612,-0.2691923677921295,1.0,1.0,7.759359555318952,47.6212480571121
0.075,22,1964759878,0.4077242314815521,0.0,0.0,8.358469881932251,48.2277839910239
0.075,23,2037706756,0.37855756282806396,0.0,0.0,7.576879211002961,47.015177085995674
0.075,24,1572889065,-0.16012755036354065,1.0,1.0,7.708334665745497,47.23729006946087
0.075,25,1432881518,1.0944637060165405,0.0,0.0,6.949384329840541,48.481158912181854
0.075,26,280516901,0.30617472529411316,0.0,0.0,7.807023637928069,47.40747110918164
0.075,27,205939248,0.36663487553596497,0.0,0.0,7.5094787469133735,48.21277689188719
0.075,28,571904914,-0.1358356922864914,1.0,1.0,7.688323884387501,47.20577481202781
0.075,29,948843457,0.3627641797065735,0.0,0.0,7.820255335303955,49.192107981070876
0.075,30,155492488,0.4193759262561798,0.0,0.0,7.2773690689355135,49.97339891269803
0.075,31,1903701130,0.3594436049461365,0.0,0.0,7.553419986972585,49.1646199952811
0.075,32,1017961266,0.3623195290565491,0.0,0.0,7.2901153864804655,49.76177494972944
0.075,33,1497769985,0.3736553490161896,0.0,0.0,7.640075102215633,49.63358514942229
0.075,34,456523489,0.3990026116371155,0.0,0.0,7.371397509356029,47.52762196585536
0.075,35,701095136,0.3924134075641632,0.0,0.0,7.353212056681514,48.757647164165974
0.075,36,249069576,0.3914109766483307,0.0,0.0,7.428275546757504,48.37989201769233
0.075,37,1576098728,0.41331708431243896,0.0,0.0,7.183507812675089,48.604657873511314
0.075,38,1662748500,0.4017847180366516,0.0,0.0,7.537746984045953,47.407491132617
0.075,39,472736216,0.391215980052948,0.0,0.0,7.162499575410038,46.76157096400857
0.075,40,1535411295,0.451431542634964,0.0,0.0,8.171893480350263,48.18618902936578
0.075,41,175223003,0.4134567677974701,0.0,0.0,7.289856837247498,47.299052122980356
0.075,42,840936862,0.384708434343338,0.0,0.0,8.045286805834621,46.65189585648477
0.075,43,343373188,0.38443630933761597,0.0,0.0,7.8180645236279815,47.66460903920233
0.075,44,1597751082,0.4248591363430023,0.0,0.0,7.395411813398823,46.41892993822694
0.075,45,730359585,0.4124859869480133,0.0,0.0,7.36398675548844,46.384242130443454
0.075,46,1016641002,1.059992790222168,0.0,0.0,6.99967575375922,46.71522090211511
0.075,47,998994690,0.42842987179756165,0.0,0.0,7.561929852934554,46.311574056744576
0.075,48,1021240743,0.3823493719100952,0.0,0.0,7.492096385220066,46.80812289007008
0.075,49,572134801,0.38107624650001526,0.0,0.0,7.647604603902437,45.58729287236929
0.075,50,1198399760,0.4277956187725067,0.0,0.0,7.4581806876230985,46.93204117938876
0.075,51,1751866485,0.37432196736335754,0.0,0.0,7.592484256369062,45.53329898044467
0.075,52,1070889713,0.4184848368167877,0.0,0.0,7.449587150011212,46.86208488419652
0.075,53,415096539,0.3998458981513977,0.0,0.0,7.490253884345293,45.43355293571949
0.075,54,52416235,0.41617095470428467,0.0,0.0,7.338444662513211,45.21752009168267
0.075,55,278032723,0.39140382409095764,0.0,0.0,7.395605847472325,46.414396027103066
0.075,56,174946158,0.4001304805278778,0.0,0.0,7.4186936060432345,46.39623290859163
0.075,57,196848554,0.36662858724594116,0.0,0.0,7.56411987694446,46.40353890135884
0.075,58,263030910,0.3644746243953705,0.0,0.0,7.869607867556624,46.51482589542866
0.075,59,1285415020,0.41198334097862244,0.0,0.0,7.69761804677546,46.68213217519224
0.075,60,1733223444,0.3827058672904968,0.0,0.0,7.528029475943185,52.75609879754484
0.075,61,1835544261,0.4061287045478821,0.0,0.0,7.847722173319198,46.53916601091623
0.075,62,1403186970,0.3808092772960663,0.0,0.0,7.476389012066647,46.59643303602934
0.075,63,1291971777,0.3917366564273834,0.0,0.0,7.549236958031543,46.505951788276434
0.075,64,712292067,0.3838635981082916,0.0,0.0,7.489838211913593,46.90355807542801
0.075,65,2001429764,0.40452805161476135,0.0,0.0,7.496429744060151,47.09976282902062
0.075,66,1375664061,0.4406457841396332,0.0,0.0,7.351490759290755,47.15915909036994
0.075,67,1556456120,0.36563095450401306,0.0,0.0,7.344090766971931,47.09944478236139
0.075,68,1576053187,0.3397497832775116,0.0,0.0,7.779167871922255,46.589547069743276
0.075,69,1848019881,0.36891627311706543,0.0,0.0,7.437405929085799,46.877551125362515
0.075,70,1508652585,0.4038216173648834,0.0,0.0,7.378847150364891,47.29499318636954
0.075,71,1995737731,0.4557475447654724,0.0,0.0,7.415030208765529,46.40549095347524
0.075,72,1162788447,0.41398361325263977,0.0,0.0,7.689295126707293,46.775739174336195
0.075,73,1172925522,0.3893117606639862,0.0,0.0,7.704438432701863,46.54747899621725
0.075,74,539174575,0.4453100264072418,0.0,0.0,7.390894249547273,47.15540609322488
0.075,75,2013637345,0.07697873562574387,0.0,0.0,8.89213546004612,46.519413124769926
0.075,76,1187468716,0.40680623054504395,0.0,0.0,7.144099357072264,46.79135815240443
0.075,77,1062978506,0.3649519979953766,0.0,0.0,7.657740202266723,46.53905308805406
0.075,78,679326770,0.3823980391025543,0.0,0.0,7.580216708825901,47.320582903921604
0.075,79,587923432,0.4073360562324524,0.0,0.0,7.606745345052332,47.12216020561755
0.075,80,1359889667,0.37104713916778564,0.0,0.0,7.400923424400389,58.85034799575806
0.075,81,970187386,0.4436631500720978,0.0,0.0,7.646264614071697,47.25105292163789
0.075,82,1219839873,0.37918519973754883,0.0,0.0,7.773679603822529,47.523265006020665
0.075,83,1428160212,0.46169424057006836,0.0,0.0,7.768527104752138,47.472680918872356
0.075,84,1930609499,0.3546789288520813,0.0,0.0,7.464638263336383,46.737508149817586
0.075,85,710582861,0.3494813144207001,0.0,0.0,7.436591216363013,46.530494932085276
0.075,86,1463614337,0.3975687325000763,0.0,0.0,7.308355038054287,46.24342895112932
0.075,87,1940152705,0.42706629633903503,0.0,0.0,7.301477698376402,46.52960994280875
0.075,88,985452196,0.3841194808483124,0.0,0.0,7.381722414167598,46.62935994565487
0.075,89,552062587,0.44532862305641174,0.0,0.0,7.2580920027103275,46.68512707576156
0.075,90,623566272,0.36913344264030457,0.0,0.0,7.218705759034492,46.50148400105536
0.075,91,729775797,0.4008151590824127,0.0,0.0,7.398576388834044,46.893793158233166
0.075,92,1352536665,0.39745786786079407,0.0,0.0,8.029045357136056,52.0541628357023
0.075,93,555883440,0.39526763558387756,0.0,0.0,7.437138883280568,46.6299899853766
0.075,94,1801800003,0.3611966073513031,0.0,0.0,7.906736871926114,46.42930207774043
0.075,95,763315502,0.3957578241825104,0.0,0.0,7.600879413890652,46.34525394067168
0.075,96,138897982,0.40470030903816223,0.0,0.0,7.56789467157796,46.70005803927779
0.075,97,10785379,1.08262300491333,0.0,0.0,7.269562921486795,46.50485119782388
0.075,98,53923185,0.3922936022281647,0.0,0.0,7.275178381009027,46.83092888444662
0.075,99,1349917978,0.33248910307884216,0.0,0.0,7.186721942387521,47.832829877734184
0.076,0,1501552845,0.4210067689418793,0.0,0.0,7.453821265255101,48.129895934835076
0.076,1,488200390,0.386843740940094,0.0,0.0,7.551140027004294,48.10833209194243
0.076,2,1693606510,-0.1723693162202835,1.0,1.0,7.643548452295363,48.486110055819154
0.076,3,680233354,0.46825161576271057,0.0,0.0,7.32694452337455,47.97240998595953
0.076,4,438466540,0.4160250425338745,0.0,0.0,7.6040718029253185,47.26441600359976
0.076,5,1712329280,0.43223807215690613,0.0,0.0,7.225387097685598,47.758547123521566
0.076,6,1380152455,0.3646743893623352,0.0,0.0,7.311793593573384,47.63622093014419
0.076,7,1452245846,-0.18784275650978088,1.0,1.0,7.300362890237011,47.63008491136134
0.076,8,2122694021,0.3889869451522827,0.0,0.0,7.480603695032187,47.88557509891689
0.076,9,839901363,0.41132277250289917,0.0,0.0,7.461484150378965,45.61778996139765
0.076,10,1802651552,0.41434022784233093,0.0,0.0,7.742483507608995,45.95097596757114
0.076,11,714712467,0.3826005756855011,0.0,0.0,7.8890902935527265,47.264986904338
0.076,12,1218704077,0.47210124135017395,0.0,0.0,7.379309353767894,47.785617876797915
0.076,13,1284858263,-0.22732236981391907,1.0,1.0,7.889750440372154,47.96692589297891
0.076,14,457721135,0.43625175952911377,0.0,0.0,7.934803299489431,47.619062941521406
0.076,15,401008609,0.37504109740257263,0.0,0.0,7.761672939406708,45.68248498253524
0.076,16,492064534,0.42917272448539734,0.0,0.0,7.427836093469523,45.598166063427925
0.076,17,1444732602,0.3991013467311859,0.0,0.0,7.214240696281195,48.5172460321337
0.076,18,1317426686,0.3383457660675049,0.0,0.0,7.51713722164277,46.38165910728276
0.076,19,2022506251,0.3739912807941437,0.0,0.0,7.705746411695145,48.02987119182944
0.076,20,1516459118,0.41225308179855347,0.0,0.0,7.692216501338407,47.25770000368357
0.076,21,533103612,-0.26102644205093384,1.0,1.0,8.227321330574341,46.993479831144214
0.076,22,1964759878,0.14349161088466644,0.0,0.0,8.848068826715462,48.52024302817881
0.076,23,2037706756,0.38745859265327454,0.0,0.0,7.48094150191173,47.155297826975584
0.076,24,1572889065,-0.18706265091896057,1.0,1.0,7.34568733535707,47.481285175308585
0.076,25,1432881518,1.117853045463562,0.0,0.0,6.872613852377981,46.89448606222868
0.076,26,280516901,0.3181447982788086,0.0,0.0,7.674501056200825,49.7033279389143
0.076,27,205939248,0.3611849546432495,0.0,0.0,7.470227680401877,49.83749287202954
0.076,28,571904914,-0.1828528493642807,1.0,1.0,7.94552256166935,49.60183799266815
0.076,29,948843457,0.3956943154335022,0.0,0.0,7.662746748072095,48.55573293752968
0.076,30,155492488,0.353274941444397,0.0,0.0,7.699250184581615,48.88713895343244
0.076,31,1903701130,0.3620624840259552,0.0,0.0,7.536611266201362,46.8452840577811
0.076,32,1017961266,0.3565067946910858,0.0,0.0,7.335314194206148,48.57424111105502
0.076,33,1497769985,0.3809720277786255,0.0,0.0,7.677667636075057,47.72570286877453
0.076,34,456523489,0.3843657374382019,0.0,0.0,7.358793258201331,47.587314853444695
0.076,35,701095136,0.40089544653892517,0.0,0.0,7.42729949078057,45.716830994933844
0.076,36,249069576,0.3959329426288605,0.0,0.0,7.4544028281234205,45.850965892896056
0.076,37,1576098728,0.40582752227783203,0.0,0.0,7.387235576170497,47.26649494841695
0.076,38,1662748500,0.4082759618759155,0.0,0.0,7.545685811084695,45.73356616310775
0.076,39,472736216,0.3996084928512573,0.0,0.0,7.054213164024986,45.51668302156031
0.076,40,1535411295,0.4458772838115692,0.0,0.0,8.187991870683618,46.11533717252314
0.076,41,175223003,0.4087880253791809,0.0,0.0,7.302908313577063,45.9819589741528
0.076,42,840936862,0.38438552618026733,0.0,0.0,7.83704929810483,45.70071306079626
0.076,43,343373188,-0.1391666829586029,1.0,1.0,8.682305957190692,45.03505700267851
0.076,44,1597751082,0.3972434997558594,0.0,0.0,7.54783309774939,45.46968708746135
0.076,45,730359585,0.39815643429756165,0.0,0.0,7.446602014824748,46.2836311198771
0.076,46,1016641002,1.0653915405273438,0.0,0.0,7.015034773387015,46.02022306062281
0.076,47,998994690,0.40519586205482483,0.0,0.0,7.580149431480095,45.0987599324435
0.076,48,1021240743,0.3855929374694824,0.0,0.0,7.502212612540461,44.98643195256591
0.076,49,572134801,0.4508211612701416,0.0,0.0,7.653374895569868,45.289825182408094
0.076,50,1198399760,0.41610202193260193,0.0,0.0,7.463384309434332,46.76694003865123
0.076,51,1751866485,0.3660183846950531,0.0,0.0,7.586107686860487,45.77700817026198
0.076,52,1070889713,0.4301331341266632,0.0,0.0,7.452598276198842,44.51311309821904
0.076,53,415096539,0.39543676376342773,0.0,0.0,7.455349941505119,45.851708855479956
0.076,54,52416235,0.42850548028945923,0.0,0.0,7.272337444359437,45.735629042610526
0.076,55,278032723,0.3902299106121063,0.0,0.0,7.417899747262709,45.704802963882685
0.076,56,174946158,0.37107592821121216,0.0,0.0,7.4237927114591,45.275520067662
0.076,57,196848554,0.35111671686172485,0.0,0.0,7.652087993454188,45.87890510447323
0.076,58,263030910,0.36075007915496826,0.0,0.0,7.94006730359979,51.799059845507145
0.076,59,1285415020,0.33898577094078064,0.0,0.0,7.6656782465288416,45.646516839042306
0.076,60,1733223444,0.3781113624572754,0.0,0.0,7.582844645483419,47.40877798758447
0.076,61,1835544261,0.39474132657051086,0.0,0.0,7.883123482926749,45.5996070522815
0.076,62,1403186970,0.4074138402938843,0.0,0.0,7.472183172823861,45.42725789360702
0.076,63,1291971777,0.3891644775867462,0.0,0.0,7.580394875258207,46.19060084223747
0.076,64,712292067,0.38631582260131836,0.0,0.0,7.505762693588622,46.12288996577263
0.076,65,2001429764,0.39790448546409607,0.0,0.0,7.462491931510158,46.21847113594413
0.076,66,1375664061,0.4436114728450775,0.0,0.0,7.140138000831939,45.462751062586904
0.076,67,1556456120,0.3602738082408905,0.0,0.0,7.312214293750003,46.64817498996854
0.076,68,1576053187,0.32220253348350525,0.0,0.0,8.198040268034674,45.765046030282974
0.076,69,1848019881,0.3773665726184845,0.0,0.0,7.318013970274478,45.604468090459704
0.076,70,1508652585,0.40524375438690186,0.0,0.0,7.388418373884633,45.657169073820114
0.076,71,1995737731,0.45089852809906006,0.0,0.0,7.488753245561384,45.26043590158224
0.076,72,1162788447,0.4344174563884735,0.0,0.0,7.887278794078156,45.93186709098518
0.076,73,1172925522,0.40015774965286255,0.0,0.0,7.7166622437071055,45.93718610703945
0.076,74,539174575,0.44512641429901123,0.0,0.0,7.433660450158641,45.57577706873417
0.076,75,2013637345,-0.2688649892807007,1.0,1.0,8.182658197241835,45.730863930657506
0.076,76,1187468716,0.37641456723213196,0.0,0.0,7.302675926475786,46.21771001257002
0.076,77,1062978506,0.349742591381073,0.0,0.0,7.912818101467565,46.55980481766164
0.076,78,679326770,0.4065372049808502,0.0,0.0,7.637763678561896,46.70157306827605
0.076,79,587923432,0.3965449929237366,0.0,0.0,7.4962514555081725,46.329809818416834
0.076,80,1359889667,0.44932401180267334,0.0,0.0,7.6948836338706315,46.57450597733259
0.076,81,970187386,0.4312954843044281,0.0,0.0,7.601639628410339,46.72440490685403
0.076,82,1219839873,0.377301961183548,0.0,0.0,7.801080324454233,45.777769992128015
0.076,83,1428160212,0.4284115433692932,0.0,0.0,7.601423350744881,45.816728845238686
0.076,84,1930609499,0.3488950729370117,0.0,0.0,7.448099716450088,45.279864920303226
0.076,85,710582861,0.4062960743904114,0.0,0.0,7.447076869779266,45.88610399514437
0.076,86,1463614337,0.40363267064094543,0.0,0.0,7.193065545288846,46.0293791256845
0.076,87,1940152705,0.4129642844200134,0.0,0.0,7.586275374400429,45.72865297086537
0.076,88,985452196,0.3088211119174957,0.0,0.0,7.942295283894055,45.70268699899316
0.076,89,552062587,0.428777277469635,0.0,0.0,7.255726287257858,50.83351000212133
0.076,90,623566272,0.3593844175338745,0.0,0.0,7.308991131954826,50.52705807611346
0.076,91,729775797,0.38817185163497925,0.0,0.0,7.4342400406021625,45.257881982252
0.076,92,1352536665,0.3561704754829407,0.0,0.0,8.0482183144195,45.89961911551654
0.076,93,555883440,0.3841075003147125,0.0,0.0,7.318753743194975,45.733767095953226
0.076,94,1801800003,0.35528647899627686,0.0,0.0,7.923832840286195,45.992286875844
0.076,95,763315502,0.40770766139030457,0.0,0.0,7.567684491747059,45.88259290903807
0.076,96,138897982,0.39859738945961,0.0,0.0,7.569179887068458,46.49249790236354
0.076,97,10785379,0.4095146954059601,0.0,0.0,7.665319152758457,46.573617961257696
0.076,98,53923185,0.390733003616333,0.0,0.0,7.286776675493456,46.70861503109336
0.076,99,1349917978,0.3235645592212677,0.0,0.0,7.179821014404297,47.2447918727994
0.077,0,1501552845,0.3750493824481964,0.0,0.0,7.547266977257095,50.83485785871744
0.077,1,488200390,0.382250040769577,0.0,0.0,7.622265404323116,48.43169986270368
0.077,2,1693606510,-0.18588541448116302,1.0,1.0,7.59161240584217,47.63171705417335
0.077,3,680233354,0.4713643789291382,0.0,0.0,7.359524633735418,46.4683030731976
0.077,4,438466540,0.408253937959671,0.0,0.0,7.565198840224184,46.64519103243947
0.077,5,1712329280,0.4268231689929962,0.0,0.0,7.26291141693946,47.97977698035538
0.077,6,1380152455,0.3552488386631012,0.0,0.0,7.361404222319834,48.56784897856414
0.077,7,1452245846,-0.13361002504825592,1.0,1.0,8.434353537741117,48.157609067857265
0.077,8,2122694021,0.42582061886787415,0.0,0.0,7.350954216555692,47.061187913641334
0.077,9,839901363,0.41337549686431885,0.0,0.0,7.399607087834738,47.11008979938924
0.077,10,1802651552,0.3621828556060791,0.0,0.0,7.711588274105452,46.52646905742586
0.077,11,714712467,0.35880017280578613,0.0,0.0,7.9611849976936355,47.664177138358355
0.077,12,1218704077,0.45502984523773193,0.0,0.0,7.379690040950663,47.41573496721685
0.077,13,1284858263,-0.23933377861976624,1.0,1.0,7.957790264626965,48.71223191730678
0.077,14,457721135,0.35338976979255676,0.0,0.0,7.909255313454196,48.03682304918766
0.077,15,401008609,0.3699744939804077,0.0,0.0,7.897675316897221,47.78461391106248
0.077,16,492064534,0.42225030064582825,0.0,0.0,7.495964226429351,48.87065594084561
0.077,17,1444732602,0.38037022948265076,0.0,0.0,7.4560416978783906,47.793915029615164
0.077,18,1317426686,0.3370645344257355,0.0,0.0,7.515758185414597,47.88443190045655
0.077,19,2022506251,0.38439521193504333,0.0,0.0,7.697073271148838,46.63058998994529
0.077,20,1516459118,0.38692888617515564,0.0,0.0,7.889677216298878,49.937485018745065
0.077,21,533103612,0.4255490005016327,0.0,0.0,7.1808509540278465,50.13896687887609
0.077,22,1964759878,-0.08069340884685516,1.0,1.0,8.59930037567392,49.40154496580362
0.077,23,2037706756,0.38805484771728516,0.0,0.0,7.582348120748065,48.56991395354271
0.077,24,1572889065,-0.10070701688528061,1.0,1.0,7.527854098705575,48.6833481118083
0.077,25,1432881518,1.1250629425048828,0.0,0.0,6.842316365800798,48.428765963763
0.077,26,280516901,0.31438153982162476,0.0,0.0,7.718476500478573,48.593523912131786
0.077,27,205939248,0.3618212044239044,0.0,0.0,7.596731276833452,48.01004217006266
0.077,28,571904914,-0.15912148356437683,1.0,1.0,7.856117410003208,47.69308911636472
0.077,29,948843457,0.4038754999637604,0.0,0.0,7.455422668717802,46.47933319211006
0.077,30,155492488,0.3525576889514923,0.0,0.0,7.745906186057255,46.34344088844955
0.077,31,1903701130,0.35719630122184753,0.0,0.0,7.535426102345809,47.49644501134753
0.077,32,1017961266,0.3517521321773529,0.0,0.0,7.332749351509847,46.22644209302962
0.077,33,1497769985,0.3827679753303528,0.0,0.0,7.6137342939618975,46.77841207012534
0.077,34,456523489,0.3788185119628906,0.0,0.0,7.361496614525095,46.350502874702215
0.077,35,701095136,0.39267149567604065,0.0,0.0,7.447110022883862,46.41853692010045
0.077,36,249069576,0.40065690875053406,0.0,0.0,7.424723414937034,45.96620984375477
0.077,37,1576098728,0.39246273040771484,0.0,0.0,7.302349890465848,45.88930192403495
0.077,38,1662748500,0.39490073919296265,0.0,0.0,7.528647004859522,45.94933008775115
0.077,39,472736216,0.41970816254615784,0.0,0.0,7.167761576944031,45.6425161100924
0.077,40,1535411295,0.397483229637146,0.0,0.0,8.211670230026357,46.35279392823577
0.077,41,175223003,0.4031241536140442,0.0,0.0,7.287036072462797,47.04128112643957
0.077,42,840936862,0.3906114995479584,0.0,0.0,8.12635379389394,45.028720051050186
0.077,43,343373188,-0.12345452606678009,1.0,1.0,8.768076984561048,45.05347996018827
0.077,44,1597751082,0.3949051797389984,0.0,0.0,7.588788966648281,45.04938516765833
0.077,45,730359585,0.3755895793437958,0.0,0.0,7.642985509359278,45.60491512529552
0.077,46,1016641002,1.0745128393173218,0.0,0.0,6.88622612808831,45.117547968402505
0.077,47,998994690,0.4135381281375885,0.0,0.0,7.539896555128507,45.86087306961417
0.077,48,1021240743,0.3920289874076843,0.0,0.0,7.436555445776321,45.590669848024845
0.077,49,572134801,0.4282735586166382,0.0,0.0,7.487283457885496,45.16695300117135
0.077,50,1198399760,0.4113893210887909,0.0,0.0,7.468309960560873,45.407247031107545
0.077,51,1751866485,0.368386447429657,0.0,0.0,7.636030102730729,54.14094892330468
0.077,52,1070889713,0.4391581416130066,0.0,0.0,7.439585907151923,51.3404281809926
0.077,53,415096539,0.38408800959587097,0.0,0.0,7.514427473768592,46.02086986415088
0.077,54,52416235,0.4332585632801056,0.0,0.0,7.265420448384248,45.50483915954828
0.077,55,278032723,0.44543519616127014,0.0,0.0,7.4531066245399415,46.0327141918242
0.077,56,174946158,0.36138126254081726,0.0,0.0,7.571625676238909,45.99532997235656
0.077,57,196848554,0.34173476696014404,0.0,0.0,7.57390615332406,45.686474069952965
0.077,58,263030910,0.3572455048561096,0.0,0.0,8.006815871573053,45.652920147404075
0.077,59,1285415020,0.34196117520332336,0.0,0.0,7.706190638360567,45.71557603776455
0.077,60,1733223444,0.3544228971004486,0.0,0.0,7.5827501331223175,47.020004130899906
0.077,61,1835544261,0.3992038667201996,0.0,0.0,7.974665993009694,47.62456682510674
0.077,62,1403186970,0.4058414101600647,0.0,0.0,7.329565056483261,45.318389078602195
0.077,63,1291971777,0.39033663272857666,0.0,0.0,7.576549814082682,46.581999864429235
0.077,64,712292067,0.38903048634529114,0.0,0.0,7.496926834690385,46.03809700347483
0.077,65,2001429764,0.3861563503742218,0.0,0.0,7.555293406127021,45.99350201897323
0.077,66,1375664061,0.4411337673664093,0.0,0.0,7.189918912481517,46.169135021045804
0.077,67,1556456120,0.34998252987861633,0.0,0.0,7.277586565352976,46.50752292945981
0.077,68,1576053187,0.32417625188827515,0.0,0.0,7.778787191025913,46.35521303862333
0.077,69,1848019881,0.37777453660964966,0.0,0.0,7.30080403177999,46.731964917853475
0.077,70,1508652585,0.396490216255188,0.0,0.0,7.392028809175827,45.73650285601616
0.077,71,1995737731,0.44821614027023315,0.0,0.0,7.541237354744226,46.72700702212751
0.077,72,1162788447,0.413006454706192,0.0,0.0,7.881056779413484,46.020987909287214
0.077,73,1172925522,0.39648547768592834,0.0,0.0,7.685476889018901,45.99622683599591
0.077,74,539174575,0.43314990401268005,0.0,0.0,7.482995875296183,53.67916217073798
0.077,75,2013637345,-0.26086533069610596,1.0,1.0,7.898111805669032,46.22897086665034
0.077,76,1187468716,0.40264710783958435,0.0,0.0,7.1902954305987805,45.857620891183615
0.077,77,1062978506,0.3382900655269623,0.0,0.0,7.761875307187438,45.64416618086398
0.077,78,679326770,0.4090164303779602,0.0,0.0,7.640411000465974,45.67101807333529
0.077,79,587923432,0.38072460889816284,0.0,0.0,7.879713726928458,45.78733094967902
0.077,80,1359889667,0.48814645409584045,0.0,0.0,7.37619221850764,45.82517989911139
0.077,81,970187386,0.415229469537735,0.0,0.0,7.458903588238172,46.100627863779664
0.077,82,1219839873,0.4021078050136566,0.0,0.0,7.810442324029282,45.6978150177747
0.077,83,1428160212,0.42531630396842957,0.0,0.0,7.622056545107625,49.703703029081225
0.077,84,1930609499,0.3441911041736603,0.0,0.0,7.505658629117534,50.84029817953706
0.077,85,710582861,0.41317278146743774,0.0,0.0,7.471606535837054,45.94979388639331
0.077,86,1463614337,0.4140435457229614,0.0,0.0,7.369677992654033,45.49496597610414
0.077,87,1940152705,0.41457295417785645,0.0,0.0,7.465653011458926,45.680148992687464
0.077,88,985452196,0.36119142174720764,0.0,0.0,7.33937255339697,45.873499009758234
0.077,89,552062587,0.4336948096752167,0.0,0.0,7.492520121042617,45.828902861103415
0.077,90,623566272,0.36756670475006104,0.0,0.0,7.3774474408710375,45.6064878962934
0.077,91,729775797,0.3896581530570984,0.0,0.0,7.358711237902753,46.13160202279687
0.077,92,1352536665,0.3526872992515564,0.0,0.0,7.940401342581026,45.73070700280368
0.077,93,555883440,0.3692969083786011,0.0,0.0,7.386574916774407,45.813926961272955
0.077,94,1801800003,0.3597736954689026,0.0,0.0,7.913172464468516,63.62382206134498
0.077,95,763315502,0.4099426865577698,0.0,0.0,7.601932248100638,45.88342388160527
0.077,96,138897982,0.39483073353767395,0.0,0.0,7.46676687092986,45.52154312841594
0.077,97,10785379,0.4045296311378479,0.0,0.0,7.63513925857842,46.31016310304403
0.077,98,53923185,0.3383549749851227,0.0,0.0,7.396295667393133,46.312785940244794
0.077,99,1349917978,0.32259097695350647,0.0,0.0,7.195298774284311,46.57234298065305
0.078,0,1501552845,0.38445207476615906,0.0,0.0,7.5184892867691815,46.9525340013206
0.078,1,488200390,0.36083388328552246,0.0,0.0,7.563129062531516,46.877193031832576
0.078,2,1693606510,-0.17225700616836548,1.0,1.0,8.400648995302618,46.57428804785013
0.078,3,680233354,0.4752831757068634,0.0,0.0,7.423546380130574,46.75029288046062
0.078,4,438466540,0.39430350065231323,0.0,0.0,7.558406293508597,46.74847680144012
0.078,5,1712329280,0.3877906799316406,0.0,0.0,7.254746230901219,47.54133312962949
0.078,6,1380152455,0.3579171597957611,0.0,0.0,7.449436237919144,47.429156955331564
0.078,7,1452245846,-0.19118554890155792,1.0,1.0,7.727835256722756,47.86774888634682
0.078,8,2122694021,0.41100621223449707,0.0,0.0,7.505015138187446,47.8331979829818
0.078,9,839901363,0.40639907121658325,0.0,0.0,7.46119589114096,47.94327216222882
0.078,10,1802651552,0.39109814167022705,0.0,0.0,7.954495021258481,47.68738802522421
0.078,11,714712467,0.35477355122566223,0.0,0.0,7.900743231875822,46.24315397813916
0.078,12,1218704077,0.4563131332397461,0.0,0.0,7.671121425693855,46.41796718351543
0.078,13,1284858263,0.42042431235313416,0.0,0.0,7.9259953836444765,46.555225970223546
0.078,14,457721135,0.3266477882862091,0.0,0.0,7.764101561857387,46.20773997157812
0.078,15,401008609,0.37140482664108276,0.0,0.0,7.8928849580697715,46.510042855516076
0.078,16,492064534,0.41144806146621704,0.0,0.0,7.513888385728933,46.481413999572396
0.078,17,1444732602,0.3777773678302765,0.0,0.0,7.421199822099879,46.46051488816738
0.078,18,1317426686,0.334067165851593,0.0,0.0,7.445017169578932,46.402416890487075
0.078,19,2022506251,0.38468310236930847,0.0,0.0,7.702640013187192,46.40269395895302
0.078,20,1516459118,0.3830985128879547,0.0,0.0,7.913903283071704,46.51174787431955
0.078,21,533103612,0.41040006279945374,0.0,0.0,7.358992841676809,46.34166997857392
0.078,22,1964759878,-0.30000001192092896,1.0,1.0,28.442495867377147,46.676344936713576
0.078,23,2037706756,0.39768269658088684,0.0,0.0,7.546150737209246,47.435231041163206
0.078,24,1572889065,0.4019918441772461,0.0,0.0,7.482078107423149,47.83230205066502
0.078,25,1432881518,1.1331180334091187,0.0,0.0,6.831105791265145,47.33915301039815
0.078,26,280516901,0.30566906929016113,0.0,0.0,7.545692405197769,48.049265053123236
0.078,27,205939248,0.35795411467552185,0.0,0.0,7.73906771664042,47.60184301994741
0.078,28,571904914,-0.16894720494747162,1.0,1.0,7.788506517536007,46.17759212851524
0.078,29,948843457,0.42460811138153076,0.0,0.0,7.527173942420632,45.899350894615054
0.078,30,155492488,0.34137317538261414,0.0,0.0,7.7503330798354,46.13981815055013
0.078,31,1903701130,0.3798293471336365,0.0,0.0,7.5981115160975605,47.178179025650024
0.078,32,1017961266,0.34775668382644653,0.0,0.0,7.276641493663192,47.54072497598827
0.078,33,1497769985,0.3632468581199646,0.0,0.0,7.716030957177281,47.37050388939679
0.078,34,456523489,0.3631243407726288,0.0,0.0,7.355410690535791,47.81839204952121
0.078,35,701095136,0.3880060613155365,0.0,0.0,7.620508788037114,47.65507997944951
0.078,36,249069576,0.3900255560874939,0.0,0.0,7.513520588749088,47.207759926095605
0.078,37,1576098728,0.38211482763290405,0.0,0.0,7.388126339414157,47.54044208675623
0.078,38,1662748500,0.38535675406455994,0.0,0.0,7.700918709975667,47.62655310332775
0.078,39,472736216,0.4098609387874603,0.0,0.0,7.183636027271859,47.510232077911496
0.078,40,1535411295,0.45676809549331665,0.0,0.0,8.497138018836267,46.39381286688149
0.078,41,175223003,0.406082421541214,0.0,0.0,7.223544532665983,47.60516993701458
0.078,42,840936862,0.40184563398361206,0.0,0.0,8.015588035341352,47.73447010666132
0.078,43,343373188,-0.0654362142086029,1.0,1.0,8.57918545010034,47.24158998578787
0.078,44,1597751082,0.3852514326572418,0.0,0.0,7.645580116310157,47.10058984346688
0.078,45,730359585,0.3551329970359802,0.0,0.0,7.554334527812898,47.50514798797667
0.078,46,1016641002,1.077474594116211,0.0,0.0,7.0387924876995385,46.82788182981312
0.078,47,998994690,0.4000033438205719,0.0,0.0,7.538355229538865,47.94432898052037
0.078,48,1021240743,0.3801482915878296,0.0,0.0,7.48618892673403,47.40034695714712
0.078,49,572134801,0.4246584177017212,0.0,0.0,7.612724872189574,46.75581818446517
0.078,50,1198399760,0.3922187387943268,0.0,0.0,7.481947681051679,45.34426890313625
0.078,51,1751866485,0.34810876846313477,0.0,0.0,7.723037422867492,46.52718687430024
0.078,52,1070889713,0.4184481203556061,0.0,0.0,7.442928641685285,47.21685592085123
0.078,53,415096539,0.38252946734428406,0.0,0.0,7.56842916214373,45.97759386524558
0.078,54,52416235,0.43943992257118225,0.0,0.0,7.14108018623665,46.063683927059174
0.078,55,278032723,0.4440760314464569,0.0,0.0,7.516997911501676,49.23459189012647
0.078,56,174946158,0.3840123116970062,0.0,0.0,7.526485752663575,46.56930500641465
0.078,57,196848554,0.34062454104423523,0.0,0.0,7.55842384765856,46.22574592940509
0.078,58,263030910,0.3501914441585541,0.0,0.0,7.99326201074291,46.257785987108946
0.078,59,1285415020,0.3200094699859619,0.0,0.0,7.870082771638408,48.471166053786874
0.078,60,1733223444,0.3668525218963623,0.0,0.0,7.591025147819892,46.03233397938311
0.078,61,1835544261,0.37755027413368225,0.0,0.0,7.9403563082451,49.72133808769286
0.078,62,1403186970,0.39563748240470886,0.0,0.0,7.460949704516679,61.099150916561484
0.078,63,1291971777,0.35762158036231995,0.0,0.0,7.733550147502683,51.45776900462806
0.078,64,712292067,0.3808113634586334,0.0,0.0,7.5543307575862855,51.387389888986945
0.078,65,2001429764,0.38206803798675537,0.0,0.0,7.559373606345616,46.250431099906564
0.078,66,1375664061,0.43222713470458984,0.0,0.0,7.172477977583185,46.813989989459515
0.078,67,1556456120,0.3724643588066101,0.0,0.0,7.2890892018331215,46.59619089215994
0.078,68,1576053187,0.33939528465270996,0.0,0.0,7.811698193661869,46.707780100405216
0.078,69,1848019881,0.3772784471511841,0.0,0.0,7.249086826806888,46.20252386666834
0.078,70,1508652585,0.3898552358150482,0.0,0.0,7.315138696809299,46.551266917958856
0.078,71,1995737731,0.4433734118938446,0.0,0.0,7.5587700243340805,45.947276055812836
0.078,72,1162788447,0.41754624247550964,0.0,0.0,8.018905931618065,45.8027389831841
0.078,73,1172925522,0.39448240399360657,0.0,0.0,7.743740793666802,45.86567496880889
0.078,74,539174575,0.41948825120925903,0.0,0.0,7.516910588601604,45.733329840004444
0.078,75,2013637345,0.37995854020118713,0.0,0.0,7.478721695486456,45.5788888502866
0.078,76,1187468716,0.374843567609787,0.0,0.0,7.373920567915775,45.75106501579285
0.078,77,1062978506,0.34026312828063965,0.0,0.0,8.013334169168957,45.7636050414294
0.078,78,679326770,0.39653101563453674,0.0,0.0,7.54937253810931,45.74689781293273
0.078,79,587923432,0.329768568277359,0.0,0.0,7.9050827079918236,45.83944194018841
0.078,80,1359889667,0.47868531942367554,0.0,0.0,7.391802548081614,45.68188590928912
0.078,81,970187386,0.4126400351524353,0.0,0.0,7.658623889321461,45.53400678560138
0.078,82,1219839873,0.36819884181022644,0.0,0.0,7.77820076898206,45.460483990609646
0.078,83,1428160212,0.4227507710456848,0.0,0.0,7.634777115657926,45.16221606172621
0.078,84,1930609499,0.34329140186309814,0.0,0.0,7.284760569687933,45.50570109859109
0.078,85,710582861,0.4013814926147461,0.0,0.0,7.531240166979842,45.40621186606586
0.078,86,1463614337,0.419280469417572,0.0,0.0,7.331828725175001,48.76792198047042
0.078,87,1940152705,0.43292874097824097,0.0,0.0,7.612485132762231,52.77807195670903
0.078,88,985452196,0.35222581028938293,0.0,0.0,7.400283730705269,50.55051180534065
0.078,89,552062587,0.41947993636131287,0.0,0.0,7.421193335787393,45.15136010013521
0.078,90,623566272,0.3561454117298126,0.0,0.0,7.4006295199505985,45.13608803972602
0.078,91,729775797,0.39555004239082336,0.0,0.0,7.383675457444042,45.623385813087225
0.078,92,1352536665,0.34809228777885437,0.0,0.0,7.875850066775456,47.03027103096247
0.078,93,555883440,0.36339011788368225,0.0,0.0,7.436465942184441,45.58526095934212
0.078,94,1801800003,0.3433268070220947,0.0,0.0,7.764441751292907,45.56534090079367
0.078,95,763315502,0.4119616746902466,0.0,0.0,7.630650264210999,51.89125402830541
0.078,96,138897982,0.3725404441356659,0.0,0.0,7.655736028566025,45.398169197142124
0.078,97,10785379,0.40203142166137695,0.0,0.0,7.77412110788282,81.12038904801011
0.078,98,53923185,0.37505656480789185,0.0,0.0,7.4888776276493445,60.620991978794336
0.078,99,1349917978,0.31851157546043396,0.0,0.0,7.253902365686372,52.9863559640944
0.079,0,1501552845,0.36789900064468384,0.0,0.0,7.571179278427735,47.56499291397631
0.079,1,488200390,0.33382701873779297,0.0,0.0,7.631424267310649,47.04487510025501
0.079,2,1693606510,-0.21655206382274628,1.0,1.0,7.705727646825835,46.31693894043565
0.079,3,680233354,0.47084367275238037,0.0,0.0,7.530983036267571,46.68881115503609
0.079,4,438466540,0.3801546096801758,0.0,0.0,7.438252799445763,46.64612398482859
0.079,5,1712329280,0.34200456738471985,0.0,0.0,7.221345050842501,47.07646695896983
0.079,6,1380152455,0.3506656289100647,0.0,0.0,7.347424256731756,46.39401496388018
0.079,7,1452245846,0.36708441376686096,0.0,0.0,7.57860363915097,47.03817190602422
0.079,8,2122694021,0.32893678545951843,0.0,0.0,7.362536946078762,46.15703318268061
0.079,9,839901363,0.39805224537849426,0.0,0.0,7.520090617821552,45.6362150143832
0.079,10,1802651552,0.3877067267894745,0.0,0.0,7.970444465754554,48.40695112943649
0.079,11,714712467,0.3539606034755707,0.0,0.0,7.875771229388192,45.923223020508885
0.079,12,1218704077,0.4582478106021881,0.0,0.0,7.680886544170789,45.68963102065027
0.079,13,1284858263,0.45457199215888977,0.0,0.0,7.637069546151906,45.7871260587126
0.079,14,457721135,0.38573160767555237,0.0,0.0,7.85591036232654,45.79538805410266
0.079,15,401008609,0.3810810148715973,0.0,0.0,7.802505724714138,46.91814607940614
0.079,16,492064534,0.41204971075057983,0.0,0.0,7.499394394573756,45.8302809856832
0.079,17,1444732602,0.37962621450424194,0.0,0.0,7.4891215859679505,46.332936035469174
0.079,18,1317426686,0.34347477555274963,0.0,0.0,7.46660331916064,45.69853888824582
0.079,19,2022506251,0.36792561411857605,0.0,0.0,7.78595060238149,45.31167401000857
0.079,20,1516459118,0.4060046076774597,0.0,0.0,7.834219139767811,47.62048600241542
0.079,21,533103612,0.4078389108181,0.0,0.0,7.394157576258294,47.499248990789056
0.079,22,1964759878,0.4179467558860779,0.0,0.0,8.929898396832868,47.990360064432025
0.079,23,2037706756,0.3941977620124817,0.0,0.0,7.441186772077344,47.981734154745936
0.079,24,1572889065,0.3969854712486267,0.0,0.0,7.486955788219348,48.38843713514507
0.079,25,1432881518,1.1399805545806885,0.0,0.0,6.812891103560105,48.41795703396201
0.079,26,280516901,0.3327559232711792,0.0,0.0,7.571326476638205,47.23469913005829
0.079,27,205939248,0.3802773058414459,0.0,0.0,7.811497992253862,46.93662095814943
0.079,28,571904914,-0.14378811419010162,1.0,1.0,7.770899290684611,45.32428388483822
0.079,29,948843457,0.34220826625823975,0.0,0.0,7.907547484152019,47.1401778049767
0.079,30,155492488,0.336097776889801,0.0,0.0,7.768491457100026,48.87936683371663
0.079,31,1903701130,0.3421308696269989,0.0,0.0,7.581195787061006,47.41623718291521
0.079,32,1017961266,0.34688594937324524,0.0,0.0,7.349365840549581,46.90794297493994
0.079,33,1497769985,0.3564494550228119,0.0,0.0,7.627538169967011,46.66853789240122
0.079,34,456523489,0.41596683859825134,0.0,0.0,7.427535779890604,46.51556094177067
0.079,35,701095136,0.40360817313194275,0.0,0.0,7.511841822764836,48.42333705164492
0.079,36,249069576,0.3788308799266815,0.0,0.0,7.439031741349027,47.216759994626045
0.079,37,1576098728,0.3827953636646271,0.0,0.0,7.444804726052098,47.334047965705395
0.079,38,1662748500,0.3809056878089905,0.0,0.0,7.502193904714659,47.46326012536883
0.079,39,472736216,0.39486148953437805,0.0,0.0,7.277448982698843,47.74949816055596
0.079,40,1535411295,0.3952089548110962,0.0,0.0,8.089026222471148,49.204789102077484
0.079,41,175223003,0.40024662017822266,0.0,0.0,7.292403302970342,47.23361902870238
0.079,42,840936862,0.39003515243530273,0.0,0.0,8.181526859407313,47.063264064490795
0.079,43,343373188,0.40182486176490784,0.0,0.0,7.92544859892223,47.151732025668025
0.079,44,1597751082,0.3812960088253021,0.0,0.0,7.535041095688939,47.028983011841774
0.079,45,730359585,0.35344696044921875,0.0,0.0,7.656917049316689,48.471408896148205
0.079,46,1016641002,1.0847409963607788,0.0,0.0,7.047416165471077,48.260977026075125
0.079,47,998994690,0.3673352003097534,0.0,0.0,7.342169406940229,46.449470799416304
0.079,48,1021240743,0.3777755796909332,0.0,0.0,7.288654577918351,47.832509968429804
0.079,49,572134801,0.4309145212173462,0.0,0.0,7.638530866592191,48.14824694767594
0.079,50,1198399760,0.31584063172340393,0.0,0.0,7.388252137461677,48.88694710098207
0.079,51,1751866485,0.4006529152393341,0.0,0.0,7.698448874638416,47.43492999114096
0.079,52,1070889713,0.4033110737800598,0.0,0.0,7.429736733902246,46.575468964874744
0.079,53,415096539,0.3840108811855316,0.0,0.0,7.617573542636819,53.34886396303773
0.079,54,52416235,0.45646581053733826,0.0,0.0,7.245308607351035,47.11820604279637
0.079,55,278032723,0.4278520345687866,0.0,0.0,7.2011186585295945,46.77651799283922
0.079,56,174946158,0.3953489363193512,0.0,0.0,7.555765857454389,47.26986587047577
0.079,57,196848554,0.3523624539375305,0.0,0.0,7.7240902478806674,47.41160222329199
0.079,58,263030910,0.3377879559993744,0.0,0.0,7.983761867159046,49.44966407492757
0.079,59,1285415020,0.34362244606018066,0.0,0.0,7.718011845485307,52.361025009304285
0.079,60,1733223444,0.3463019132614136,0.0,0.0,7.533892867504619,52.977446001023054
0.079,61,1835544261,0.38079702854156494,0.0,0.0,7.853060289518908,54.51175989583135
0.079,62,1403186970,0.39186468720436096,0.0,0.0,7.501208877074532,50.78421602956951
0.079,63,1291971777,0.3626396059989929,0.0,0.0,7.75415366247762,46.15648207254708
0.079,64,712292067,0.3340315520763397,0.0,0.0,7.724642943125218,47.030344838276505
0.079,65,2001429764,0.38115599751472473,0.0,0.0,7.433762080152519,46.08453996479511
0.079,66,1375664061,0.42591965198516846,0.0,0.0,7.3236374439438805,46.834164997562766
0.079,67,1556456120,0.36604973673820496,0.0,0.0,7.482931111357175,47.119586961343884
0.079,68,1576053187,1.1179641485214233,0.0,0.0,7.066674661822617,47.169503988698125
0.079,69,1848019881,0.3686172068119049,0.0,0.0,7.276178277214058,47.241816064342856
0.079,70,1508652585,0.38599061965942383,0.0,0.0,7.386611501104198,46.814290108159184
0.079,71,1995737731,0.44938892126083374,0.0,0.0,7.623303248663433,47.01253795064986
0.079,72,1162788447,0.4136671721935272,0.0,0.0,7.976150057744235,46.823337906971574
0.079,73,1172925522,0.39074891805648804,0.0,0.0,7.806795663200319,47.18037415295839
0.079,74,539174575,0.4246837794780731,0.0,0.0,7.469279145589098,45.25098786689341
0.079,75,2013637345,0.3573395013809204,0.0,0.0,7.280222718953155,45.28219089843333
0.079,76,1187468716,0.38596925139427185,0.0,0.0,7.216412897920236,45.35270994529128
0.079,77,1062978506,0.35158807039260864,0.0,0.0,7.88580680557061,45.448912773281336
0.079,78,679326770,0.3964732587337494,0.0,0.0,7.632478990824893,45.45591399073601
0.079,79,587923432,0.31313854455947876,0.0,0.0,7.768020536401309,45.55826890282333
0.079,80,1359889667,0.4424828588962555,0.0,0.0,7.752968302345835,45.71601585485041
0.079,81,970187386,0.40570569038391113,0.0,0.0,7.392950725625269,45.93569110147655
0.079,82,1219839873,0.3685479760169983,0.0,0.0,7.677375019760802,45.450638979673386
0.079,83,1428160212,0.4224410057067871,0.0,0.0,7.662007953156717,45.59606686234474
0.079,84,1930609499,0.3391670286655426,0.0,0.0,7.5267408872023225,48.57052583247423
0.079,85,710582861,0.388503760099411,0.0,0.0,7.561773298308253,52.61353706009686
0.079,86,1463614337,0.4168170690536499,0.0,0.0,7.358680155011825,48.26053883880377
0.079,87,1940152705,0.43046802282333374,0.0,0.0,7.68825413484592,45.821943087503314
0.079,88,985452196,0.3506881892681122,0.0,0.0,7.460020951926708,45.818163780495524
0.079,89,552062587,0.42786064743995667,0.0,0.0,7.129104085499421,46.138311037793756
0.079,90,623566272,0.35087519884109497,0.0,0.0,7.410256721195765,45.82731588743627
0.079,91,729775797,0.3711482584476471,0.0,0.0,7.4481035192729905,45.80263700336218
0.079,92,1352536665,0.34520307183265686,0.0,0.0,8.093642712803558,48.374271020293236
0.079,93,555883440,0.35821205377578735,0.0,0.0,7.395425052731298,47.02863493002951
0.079,94,1801800003,0.3303353786468506,0.0,0.0,7.78800226317253,58.46811109222472
0.079,95,763315502,0.3880523145198822,0.0,0.0,7.733440623618662,62.29477492161095
0.079,96,138897982,0.3551912009716034,0.0,0.0,7.5209896366577595,46.906127128750086
0.079,97,10785379,0.3626348674297333,0.0,0.0,7.6869465470081195,46.89127579331398
0.079,98,53923185,0.35884326696395874,0.0,0.0,7.372784602455795,45.7091610878706
0.079,99,1349917978,0.3147816061973572,0.0,0.0,7.264932909165509,47.168147983029485
0.08,0,1501552845,0.4123501479625702,0.0,0.0,7.450357700698078,47.25912306457758
0.08,1,488200390,0.370479941368103,0.0,0.0,7.577573818038218,46.588644152507186
0.08,2,1693606510,-0.12829768657684326,1.0,1.0,7.420931966626085,46.524064149707556
0.08,3,680233354,0.4822148084640503,0.0,0.0,7.581372922519222,45.422178925946355
0.08,4,438466540,0.3706754446029663,0.0,0.0,7.385467368527316,46.436449978500605
0.08,5,1712329280,0.3811050057411194,0.0,0.0,7.426400467171334,45.55349098518491
0.08,6,1380152455,0.33730795979499817,0.0,0.0,7.331409992650151,45.64866703003645
0.08,7,1452245846,0.38490691781044006,0.0,0.0,7.5378515218617395,45.64869706518948
0.08,8,2122694021,0.3246952295303345,0.0,0.0,7.391498469049111,45.72137608192861
0.08,9,839901363,0.3917137384414673,0.0,0.0,7.530743632931262,45.81567202694714
0.08,10,1802651552,0.38561761379241943,0.0,0.0,7.969923150609247,46.74634407274425
0.08,11,714712467,0.3611908555030823,0.0,0.0,7.870350528974086,45.85414892062545
0.08,12,1218704077,0.4527125656604767,0.0,0.0,7.726051451056264,45.43784586712718
0.08,13,1284858263,0.44374439120292664,0.0,0.0,7.6918694210471585,45.814929995685816
0.08,14,457721135,0.3167552649974823,0.0,0.0,7.966806432697922,46.427658991888165
0.08,15,401008609,0.3726225197315216,0.0,0.0,7.826891807024367,47.110560117289424
0.08,16,492064534,0.41290807723999023,0.0,0.0,7.512945445021614,47.79317183420062
0.08,17,1444732602,0.38763242959976196,0.0,0.0,7.43942580872681,46.5565409976989
0.08,18,1317426686,0.3775531053543091,0.0,0.0,7.253864901023917,48.181751975789666
0.08,19,2022506251,0.36790648102760315,0.0,0.0,7.847632357501425,48.040519934147596
0.08,20,1516459118,0.4457111656665802,0.0,0.0,8.352002797881141,46.99111310765147
0.08,21,533103612,0.4006735384464264,0.0,0.0,7.4735437161289155,46.134639997035265
0.08,22,1964759878,0.31453439593315125,0.0,0.0,8.275560947018676,46.11795209348202
0.08,23,2037706756,0.4161617159843445,0.0,0.0,7.337308204150759,46.969136921688914
0.08,24,1572889065,0.3991739749908447,0.0,0.0,7.518051077146083,47.69432591274381
0.08,25,1432881518,1.144440770149231,0.0,0.0,6.792343550361693,47.18149499967694
0.08,26,280516901,0.328019380569458,0.0,0.0,7.163475448731333,46.996566001325846
0.08,27,205939248,0.25855281949043274,0.0,0.0,7.752708955551498,46.59322905354202
0.08,28,571904914,-0.1901695430278778,1.0,1.0,7.876010434119962,46.252393163740635
0.08,29,948843457,0.27863839268684387,0.0,0.0,8.013533469405957,47.2874129191041
0.08,30,155492488,0.3443739712238312,0.0,0.0,7.664003576966934,47.0220900606364
0.08,31,1903701130,0.3376506268978119,0.0,0.0,7.555778777226806,47.03050805255771
0.08,32,1017961266,0.34162071347236633,0.0,0.0,7.402260481729172,46.18435981683433
0.08,33,1497769985,0.34089672565460205,0.0,0.0,7.655165893374942,52.321688970550895
0.08,34,456523489,0.4267035722732544,0.0,0.0,7.486117408028804,48.05327905341983
0.08,35,701095136,0.3870026469230652,0.0,0.0,7.656061543035321,46.591345220804214
0.08,36,249069576,0.3825121521949768,0.0,0.0,7.4447596387472,46.12446599639952
0.08,37,1576098728,0.37683942914009094,0.0,0.0,7.347378187812865,46.749518951401114
0.08,38,1662748500,0.37285178899765015,0.0,0.0,7.497088565840386,46.4946439024061
0.08,39,472736216,0.3607947528362274,0.0,0.0,7.415031326934695,47.952980967238545
0.08,40,1535411295,0.40248173475265503,0.0,0.0,7.9674388859421015,47.06024285405874
0.08,41,175223003,0.3950568735599518,0.0,0.0,7.178629973554052,47.140711918473244
0.08,42,840936862,0.39439794421195984,0.0,0.0,8.347411489114165,46.13375384360552
0.08,43,343373188,0.3380533754825592,0.0,0.0,7.904347004950978,46.39687784947455
0.08,44,1597751082,0.37538665533065796,0.0,0.0,7.5766131554264575,46.790697146207094
0.08,45,730359585,0.3492008447647095,0.0,0.0,7.65291270124726,45.75164197012782
0.08,46,1016641002,1.0889875888824463,0.0,0.0,7.038125557592139,45.60007806867361
0.08,47,998994690,0.339823454618454,0.0,0.0,7.323227318818681,49.10925100557506
0.08,48,1021240743,0.3662322163581848,0.0,0.0,7.320760931819677,46.11615394242108
0.08,49,572134801,0.44913196563720703,0.0,0.0,7.826135650626384,46.10089212656021
0.08,50,1198399760,0.4010557234287262,0.0,0.0,7.605709540541284,45.94043712131679
0.08,51,1751866485,0.41261008381843567,0.0,0.0,7.660360440611839,48.53127198293805
0.08,52,1070889713,0.4050453007221222,0.0,0.0,7.412150910124183,46.82210204191506
0.08,53,415096539,0.36584851145744324,0.0,0.0,7.672802244196646,49.474043771624565
0.08,54,52416235,0.4366869628429413,0.0,0.0,7.299713879008777,53.00009483471513
0.08,55,278032723,0.41559723019599915,0.0,0.0,7.257598099298775,51.411948166787624
0.08,56,174946158,0.3677549660205841,0.0,0.0,7.65654639096465,53.92605601809919
0.08,57,196848554,0.4038460850715637,0.0,0.0,7.593495725770481,45.814661076292396
0.08,58,263030910,0.33370497822761536,0.0,0.0,7.9602187015116215,45.91185017488897
0.08,59,1285415020,0.3441125750541687,0.0,0.0,8.004671197733842,45.88164412416518
0.08,60,1733223444,0.35597744584083557,0.0,0.0,7.44413837173488,46.95133795030415
0.08,61,1835544261,0.3637988865375519,0.0,0.0,7.734820239478722,45.85489793680608
0.08,62,1403186970,0.4008216857910156,0.0,0.0,7.519736011279747,46.028809854760766
0.08,63,1291971777,0.3594028353691101,0.0,0.0,7.8252042746171355,46.46002105437219
0.08,64,712292067,0.3250352740287781,0.0,0.0,7.782107910141349,46.319309156388044
0.08,65,2001429764,0.383606880903244,0.0,0.0,7.749075761646964,46.03830794803798
0.08,66,1375664061,0.4329274296760559,0.0,0.0,7.324337588623166,45.9016568493098
0.08,67,1556456120,0.3454623818397522,0.0,0.0,7.471369339036755,46.07557295821607
0.08,68,1576053187,1.117136001586914,0.0,0.0,6.98554208362475,46.265321085229516
0.08,69,1848019881,0.36606287956237793,0.0,0.0,7.293992095277645,45.38255510851741
0.08,70,1508652585,0.3791167438030243,0.0,0.0,7.46792455308605,45.977344969287515
0.08,71,1995737731,0.44705823063850403,0.0,0.0,7.648665032233112,44.921875
0.08,72,1162788447,0.42775648832321167,0.0,0.0,8.004053436452523,44.92420679889619
0.08,73,1172925522,0.4164135158061981,0.0,0.0,7.786818553810008,45.29636795632541
0.08,74,539174575,0.3964339792728424,0.0,0.0,7.590541171259247,44.80118816718459
0.08,75,2013637345,0.3721277415752411,0.0,0.0,7.137457900797017,44.7795579675585
0.08,76,1187468716,0.3419538140296936,0.0,0.0,7.431776711368002,45.099115930497646
0.08,77,1062978506,0.3200155794620514,0.0,0.0,8.06247298954986,44.8159200605005
0.08,78,679326770,0.3772020936012268,0.0,0.0,7.577996632782742,47.790447948500514
0.08,79,587923432,0.3152899742126465,0.0,0.0,7.599771213950589,51.12827708944678
0.08,80,1359889667,0.5058292746543884,0.0,0.0,7.432199314702302,49.96580886654556
0.08,81,970187386,0.4121535122394562,0.0,0.0,7.379318208317272,45.37409800104797
0.08,82,1219839873,0.3856627941131592,0.0,0.0,7.642744877142832,45.28511012904346
0.08,83,1428160212,0.413893461227417,0.0,0.0,7.634061656077392,45.21352588199079
0.08,84,1930609499,0.32626330852508545,0.0,0.0,7.493107394664548,45.345985097810626
0.08,85,710582861,0.38078367710113525,0.0,0.0,7.428825000999495,44.976470060646534
0.08,86,1463614337,0.4193311929702759,0.0,0.0,7.384939615847543,45.31015199609101
0.08,87,1940152705,0.37763336300849915,0.0,0.0,7.399899763986468,47.973938984796405
0.08,88,985452196,0.33099427819252014,0.0,0.0,7.602625010418706,59.264061972498894
0.08,89,552062587,0.44801992177963257,0.0,0.0,7.057594988844357,66.71305280178785
0.08,90,623566272,0.34519162774086,0.0,0.0,7.415315983933397,49.183683935552835
0.08,91,729775797,0.36607056856155396,0.0,0.0,7.484351378981955,51.44027015194297
0.08,92,1352536665,0.37248939275741577,0.0,0.0,7.669734496157616,46.09544202685356
0.08,93,555883440,0.35287395119667053,0.0,0.0,7.430393116781488,45.327448984608054
0.08,94,1801800003,0.31283795833587646,0.0,0.0,7.8351736983750015,48.68249502032995
0.08,95,763315502,0.41873759031295776,0.0,0.0,7.743388274218887,45.99908902309835
0.08,96,138897982,0.3453165292739868,0.0,0.0,7.615078515256755,45.78431695699692
0.08,97,10785379,0.38022685050964355,0.0,0.0,7.790530463913456,45.240047154948115
0.08,98,53923185,0.3454943895339966,0.0,0.0,7.388991825981066,45.47190107405186
0.08,99,1349917978,0.30719611048698425,0.0,0.0,7.264989170827903,45.35439680330455
0.081,0,1501552845,0.371287077665329,0.0,0.0,7.491590284393169,51.10165406949818
0.081,1,488200390,0.34849104285240173,0.0,0.0,7.831139891408384,45.15262600034475
0.081,2,1693606510,-0.14660270512104034,1.0,1.0,7.59946445573587,55.26623618789017
0.081,3,680233354,0.46928682923316956,0.0,0.0,7.440137148252688,45.320251025259495
0.081,4,438466540,0.36010774970054626,0.0,0.0,7.5257974290288985,46.285300981253386
0.081,5,1712329280,0.34682828187942505,0.0,0.0,7.324351884657517,46.621349873021245
0.081,6,1380152455,0.3269333243370056,0.0,0.0,7.383490146370605,46.52831400744617
0.081,7,1452245846,0.38258543610572815,0.0,0.0,7.526066957740113,46.36249295435846
0.081,8,2122694021,0.3211298882961273,0.0,0.0,7.384103871532716,44.496626826003194
0.081,9,839901363,0.3913298547267914,0.0,0.0,7.547585481777787,45.65552808344364
0.081,10,1802651552,0.37930187582969666,0.0,0.0,7.884699959075078,46.06430698186159
0.081,11,714712467,0.38111603260040283,0.0,0.0,7.8682622036430985,45.72567483410239
0.081,12,1218704077,0.45330217480659485,0.0,0.0,7.727556748199277,45.553300995379686
0.081,13,1284858263,0.4296480715274811,0.0,0.0,7.774785194429569,45.97226111218333
0.081,14,457721135,0.34908953309059143,0.0,0.0,7.8470855166669935,46.463917940855026
0.081,15,401008609,0.3671402037143707,0.0,0.0,7.814508170704357,45.647700084373355
0.081,16,492064534,0.4005163609981537,0.0,0.0,7.565836006426252,46.0059680044651
0.081,17,1444732602,0.40155860781669617,0.0,0.0,7.362616365775466,47.40870022214949
0.081,18,1317426686,0.3758704960346222,0.0,0.0,7.295914875227027,46.33163311518729
0.081,19,2022506251,0.3773941099643707,0.0,0.0,7.866520902258344,46.4657349511981
0.081,20,1516459118,0.38112881779670715,0.0,0.0,8.008570924052037,49.57503895275295
0.081,21,533103612,0.38385313749313354,0.0,0.0,7.5321250763954595,46.396896010264754
0.081,22,1964759878,0.336544930934906,0.0,0.0,8.611432286794297,46.42245406284928
0.081,23,2037706756,0.3722671568393707,0.0,0.0,7.568118244642392,45.68750597536564
0.081,24,1572889065,0.37885966897010803,0.0,0.0,7.510755043942481,45.23153696209192
0.081,25,1432881518,1.1524020433425903,0.0,0.0,6.795811841264367,48.17361896857619
0.081,26,280516901,0.3260107934474945,0.0,0.0,7.205955617479049,45.29837518930435
0.081,27,205939248,0.3337882459163666,0.0,0.0,7.704315024544485,45.12014891952276
0.081,28,571904914,-0.12780655920505524,1.0,1.0,7.377412829082459,49.77083904668689
0.081,29,948843457,0.3345481753349304,0.0,0.0,7.944704194902442,46.30074114538729
0.081,30,155492488,0.2914007008075714,0.0,0.0,7.728913557366468,46.376908197999
0.081,31,1903701130,0.33178478479385376,0.0,0.0,7.4697339062113315,46.28850007429719
0.081,32,1017961266,0.3420217037200928,0.0,0.0,7.449624030617997,46.721248887479305
0.081,33,1497769985,0.34147825837135315,0.0,0.0,7.638515306985937,46.65208701044321
0.081,34,456523489,0.4243852496147156,0.0,0.0,7.529067391646095,46.24506481923163
0.081,35,701095136,0.35836970806121826,0.0,0.0,7.47613315237686,48.14694495871663
0.081,36,249069576,0.3727613687515259,0.0,0.0,7.377188719110563,47.9858098551631
0.081,37,1576098728,0.3701995015144348,0.0,0.0,7.331280201207846,47.83810302615166
0.081,38,1662748500,0.3844010829925537,0.0,0.0,7.541595556307584,48.43208799138665
0.081,39,472736216,0.3912241756916046,0.0,0.0,7.22814396827016,47.43563197553158
0.081,40,1535411295,0.39845648407936096,0.0,0.0,8.151835975120775,48.088531009852886
0.081,41,175223003,0.38862040638923645,0.0,0.0,7.328876000829041,49.940650817006826
0.081,42,840936862,0.37850722670555115,0.0,0.0,7.801704055746086,49.87762379460037
0.081,43,343373188,0.355099081993103,0.0,0.0,7.796195577713661,50.188225926831365
0.081,44,1597751082,0.37093356251716614,0.0,0.0,7.613637504749931,49.3873271625489
0.081,45,730359585,0.3659818172454834,0.0,0.0,7.508331963792443,49.21615310013294
0.081,46,1016641002,1.0993515253067017,0.0,0.0,7.003460989100859,49.03058800846338
0.081,47,998994690,0.4277198612689972,0.0,0.0,7.628119098488241,47.50521294772625
0.081,48,1021240743,0.3644872307777405,0.0,0.0,7.287197118625045,46.730970963835716
0.081,49,572134801,0.4209549129009247,0.0,0.0,7.7868903775233775,47.501669032499194
0.081,50,1198399760,0.4130604863166809,0.0,0.0,7.666350492043421,47.32379619963467
0.081,51,1751866485,0.41083666682243347,0.0,0.0,7.659688776126131,48.030644888058305
0.081,52,1070889713,0.40048322081565857,0.0,0.0,7.2927073107566684,47.87814593873918
0.081,53,415096539,0.3376389145851135,0.0,0.0,7.6633591171121225,47.83304501324892
0.081,54,52416235,0.4358671307563782,0.0,0.0,7.3590363037073985,46.312048798426986
0.081,55,278032723,1.1754255294799805,0.0,0.0,6.784732618369162,47.97254502773285
0.081,56,174946158,0.36390769481658936,0.0,0.0,7.445532511919737,47.84206906333566
0.081,57,196848554,0.34692251682281494,0.0,0.0,7.820748699596152,72.21731194294989
0.081,58,263030910,0.33149096369743347,0.0,0.0,7.9756010577548295,49.60931418463588
0.081,59,1285415020,0.3264193534851074,0.0,0.0,7.921769651002251,48.534409841522574
0.081,60,1733223444,0.3577739894390106,0.0,0.0,7.547720176517032,48.85078105144203
0.081,61,1835544261,0.3727075457572937,0.0,0.0,7.851772855152376,49.261020962148905
0.081,62,1403186970,0.4204852283000946,0.0,0.0,7.558419023756869,48.25584008358419
0.081,63,1291971777,0.3138386607170105,0.0,0.0,7.825714615639299,48.44091203995049
0.081,64,712292067,0.3579603433609009,0.0,0.0,7.727018057135865,48.39859786443412
0.081,65,2001429764,0.38221290707588196,0.0,0.0,7.787939206347801,46.55610700137913
0.081,66,1375664061,0.4395730197429657,0.0,0.0,7.212611490744166,46.644974034279585
0.081,67,1556456120,0.3413349986076355,0.0,0.0,7.319720554165542,46.190307941287756
0.081,68,1576053187,1.1281405687332153,0.0,0.0,7.046565516851842,46.47857416421175
0.081,69,1848019881,0.37462887167930603,0.0,0.0,7.240211847471073,46.31551797501743
0.081,70,1508652585,0.3881874978542328,0.0,0.0,7.474339813925326,47.836181009188294
0.081,71,1995737731,0.45987340807914734,0.0,0.0,7.553538263658993,47.937914030626416
0.081,72,1162788447,0.3337284028530121,0.0,0.0,8.189236248843372,49.06962183304131
0.081,73,1172925522,0.38748401403427124,0.0,0.0,7.787144551984966,49.63403893634677
0.081,74,539174575,0.40234288573265076,0.0,0.0,7.436784619349055,49.37094310298562
0.081,75,2013637345,0.33073875308036804,0.0,0.0,7.394632100476883,49.409180879592896
0.081,76,1187468716,0.38028568029403687,0.0,0.0,7.27977894723881,47.7378258947283
0.081,77,1062978506,0.3125573992729187,0.0,0.0,8.12616979680024,47.8645998518914
0.081,78,679326770,0.36386430263519287,0.0,0.0,7.6120219306321815,46.371767995879054
0.081,79,587923432,0.3517519235610962,0.0,0.0,7.733434457448311,46.83782905340195
0.081,80,1359889667,0.41745010018348694,0.0,0.0,7.451463037985377,45.86988082155585
0.081,81,970187386,0.39395618438720703,0.0,0.0,7.4068113449029624,45.939326053485274
0.081,82,1219839873,0.3960781395435333,0.0,0.0,7.637837548390962,46.3630969170481
0.081,83,1428160212,0.34873467683792114,0.0,0.0,7.7015502254944295,46.2080049328506
0.081,84,1930609499,0.3200913369655609,0.0,0.0,7.579139759298414,46.00573913194239
0.081,85,710582861,0.3707624077796936,0.0,0.0,7.5750783836701885,46.046888921409845
0.081,86,1463614337,0.4172796308994293,0.0,0.0,7.441502002533525,46.22596316039562
0.081,87,1940152705,0.3851819634437561,0.0,0.0,7.3427069269819185,46.103402972221375
0.081,88,985452196,0.3373129069805145,0.0,0.0,7.434481448144652,46.30096396431327
0.081,89,552062587,0.45286476612091064,0.0,0.0,7.158264720579609,46.558106085285544
0.081,90,623566272,0.34338265657424927,0.0,0.0,7.426039267913438,45.782842906191945
0.081,91,729775797,0.3744162917137146,0.0,0.0,7.756754933157936,46.117136953398585
0.081,92,1352536665,0.33247068524360657,0.0,0.0,7.95014783705119,45.94673193059862
0.081,93,555883440,0.3533455729484558,0.0,0.0,7.381066064233892,45.94562598504126
0.081,94,1801800003,0.31165286898612976,0.0,0.0,8.018620598362759,45.7814319524914
0.081,95,763315502,0.3582034707069397,0.0,0.0,7.9095725934021175,50.16826116479933
0.081,96,138897982,0.35342660546302795,0.0,0.0,7.519189274869859,46.01774108596146
0.081,97,10785379,1.1066384315490723,0.0,0.0,7.533318799221888,45.79682392068207
0.081,98,53923185,0.35287922620773315,0.0,0.0,7.673897177097388,46.052107121795416
0.081,99,1349917978,0.3032284080982208,0.0,0.0,7.270238605211489,46.13771801814437
0.082,0,1501552845,0.37353330850601196,0.0,0.0,7.698577920324169,46.84201302006841
0.082,1,488200390,0.3435835838317871,0.0,0.0,7.869791092001833,45.00109422951937
0.082,2,1693606510,-0.14814671874046326,1.0,1.0,8.510152587667108,44.96315401047468
0.082,3,680233354,0.43641841411590576,0.0,0.0,7.493706382228993,45.81205011345446
0.082,4,438466540,0.3513018488883972,0.0,0.0,7.567221323028207,45.73754989542067
0.082,5,1712329280,1.1545963287353516,0.0,0.0,6.772499816957861,45.60401989147067
0.082,6,1380152455,0.32144680619239807,0.0,0.0,7.371615915442817,45.48001219518483
0.082,7,1452245846,0.39305803179740906,0.0,0.0,7.568715536384843,45.47918890602887
0.082,8,2122694021,0.3231910467147827,0.0,0.0,7.380058339680545,45.37185491062701
0.082,9,839901363,0.3917444050312042,0.0,0.0,7.579819013131782,45.33583088777959
0.082,10,1802651552,0.3364759087562561,0.0,0.0,7.585270211333409,45.180802000686526
0.082,11,714712467,0.3586016595363617,0.0,0.0,7.849240274983458,45.41158000938594
0.082,12,1218704077,0.4572962522506714,0.0,0.0,7.644707422121428,45.926972059533
0.082,13,1284858263,0.10882532596588135,0.0,0.0,8.760861173272133,46.02518095634878
0.082,14,457721135,0.3231160044670105,0.0,0.0,7.975693724467419,46.243904856964946
0.082,15,401008609,0.3456043303012848,0.0,0.0,7.80214617762249,45.33091397024691
0.082,16,492064534,0.3757545053958893,0.0,0.0,7.440905768307857,45.64354009926319
0.082,17,1444732602,0.39767563343048096,0.0,0.0,7.542870724806562,49.61021593771875
0.082,18,1317426686,0.3785712420940399,0.0,0.0,7.297786716255359,49.121559131890535
0.082,19,2022506251,0.3728575110435486,0.0,0.0,7.75546556035988,45.161952963098884
0.082,20,1516459118,0.3996027708053589,0.0,0.0,7.973482620087452,44.80407107621431
0.082,21,533103612,0.38405826687812805,0.0,0.0,7.633708671084605,45.09449005126953
0.082,22,1964759878,0.34887245297431946,0.0,0.0,7.904925343347713,45.31783098354936
0.082,23,2037706756,0.40332016348838806,0.0,0.0,7.439237243263051,46.28788307309151
0.082,24,1572889065,0.3647952079772949,0.0,0.0,7.456449877587147,46.57087498344481
0.082,25,1432881518,1.1589854955673218,0.0,0.0,6.792594306869432,46.369152842089534
0.082,26,280516901,0.31940957903862,0.0,0.0,7.243057674146257,45.93443498015404
0.082,27,205939248,0.3122903108596802,0.0,0.0,7.763424743548967,45.872123911976814
0.082,28,571904914,0.3576374650001526,0.0,0.0,7.685606713872403,45.78074277378619
0.082,29,948843457,0.2746049165725708,0.0,0.0,8.035419983207248,46.351460041478276
0.082,30,155492488,0.2847476899623871,0.0,0.0,7.704706176416948,46.537281945347786
0.082,31,1903701130,0.3362359404563904,0.0,0.0,7.437895730836317,45.93690298497677
0.082,32,1017961266,0.3321950435638428,0.0,0.0,7.414591621956788,47.946450067684054
0.082,33,1497769985,0.3104221224784851,0.0,0.0,7.702081064810045,47.26112191565335
0.082,34,456523489,0.41933488845825195,0.0,0.0,7.592574243550189,47.505006892606616
0.082,35,701095136,0.3359062075614929,0.0,0.0,7.587612153845839,47.769963974133134
0.082,36,249069576,0.3716799318790436,0.0,0.0,7.411305083660409,47.35182621516287
0.082,37,1576098728,0.3671376705169678,0.0,0.0,7.282694169669412,47.23706003278494
0.082,38,1662748500,0.3452702760696411,0.0,0.0,7.569849242689088,49.29506196640432
0.082,39,472736216,0.4053848087787628,0.0,0.0,7.196010178653523,49.613835057243705
0.082,40,1535411295,0.39852046966552734,0.0,0.0,8.234311825130135,49.72745478153229
0.082,41,175223003,0.38637489080429077,0.0,0.0,7.390224292874336,49.243461107835174
0.082,42,840936862,0.35690104961395264,0.0,0.0,7.839343957602978,49.15715986862779
0.082,43,343373188,0.3568233251571655,0.0,0.0,8.070779320201837,48.594735097140074
0.082,44,1597751082,0.3710160553455353,0.0,0.0,7.623861730797216,46.53606400825083
0.082,45,730359585,0.3344227969646454,0.0,0.0,7.677564272424206,46.60409805364907
0.082,46,1016641002,1.1074100732803345,0.0,0.0,7.007538132136688,46.241338131949306
0.082,47,998994690,0.4147448241710663,0.0,0.0,7.75509640132077,46.48024193011224
0.082,48,1021240743,0.3586236238479614,0.0,0.0,7.298408517381176,47.35691798850894
0.082,49,572134801,0.4192964732646942,0.0,0.0,7.780482225702144,47.82099090516567
0.082,50,1198399760,0.40849652886390686,0.0,0.0,7.619502052431926,47.7450299076736
0.082,51,1751866485,0.38395482301712036,0.0,0.0,7.632230697548948,46.95969191379845
0.082,52,1070889713,1.0952105522155762,0.0,0.0,6.764546176651493,47.246354864910245
0.082,53,415096539,0.3207915127277374,0.0,0.0,7.593049349728972,47.75829496793449
0.082,54,52416235,0.44653254747390747,0.0,0.0,7.45717577135656,49.580033868551254
0.082,55,278032723,0.44341734051704407,0.0,0.0,7.391124712652527,49.41080790013075
0.082,56,174946158,0.36314857006073,0.0,0.0,7.695478426059708,48.75607881695032
0.082,57,196848554,0.33837392926216125,0.0,0.0,7.853645654395223,48.61341114155948
0.082,58,263030910,0.3265502452850342,0.0,0.0,7.995691902237013,48.383297165855765
0.082,59,1285415020,0.45367875695228577,0.0,0.0,7.886202928726561,48.62219700589776
0.082,60,1733223444,0.3624195158481598,0.0,0.0,7.582579837646335,48.560623079538345
0.082,61,1835544261,0.3753572404384613,0.0,0.0,7.936287087970413,48.70019108057022
0.082,62,1403186970,0.3970628082752228,0.0,0.0,7.593574475380592,46.9912129919976
0.082,63,1291971777,0.4172994792461395,0.0,0.0,7.687213319703005,47.644782112911344
0.082,64,712292067,0.323027104139328,0.0,0.0,7.9181384823750705,47.532907919958234
0.082,65,2001429764,0.3514934182167053,0.0,0.0,7.758135924930684,46.20328405871987
0.082,66,1375664061,1.1494725942611694,0.0,0.0,6.845947987167165,46.997614903375506
0.082,67,1556456120,0.32537224888801575,0.0,0.0,7.450881536467932,48.344908049330115
0.082,68,1576053187,1.1409488916397095,0.0,0.0,7.025087328162044,48.64491894841194
0.082,69,1848019881,0.39187103509902954,0.0,0.0,7.457910118391737,49.13257691077888
0.082,70,1508652585,0.38272804021835327,0.0,0.0,7.490516466321424,49.239820102229714
0.082,71,1995737731,0.3896807134151459,0.0,0.0,7.60116822400596,49.36978314071894
0.082,72,1162788447,0.4322429299354553,0.0,0.0,8.006255215615965,49.48951490223408
0.082,73,1172925522,0.40961724519729614,0.0,0.0,7.824222064693458,47.739672008901834
0.082,74,539174575,0.3918082118034363,0.0,0.0,7.454381781513803,47.44011489674449
0.082,75,2013637345,0.3231324851512909,0.0,0.0,7.4152561402879655,46.15597799420357
0.082,76,1187468716,0.37592366337776184,0.0,0.0,7.253457929589786,46.19181901216507
0.082,77,1062978506,0.31475844979286194,0.0,0.0,8.047218769905157,45.989889884367585
0.082,78,679326770,0.36730971932411194,0.0,0.0,7.548438340774737,46.01386399008334
0.082,79,587923432,0.35517850518226624,0.0,0.0,7.558816879987717,45.90752604417503
0.082,80,1359889667,0.41471731662750244,0.0,0.0,7.520555989583954,46.253118896856904
0.082,81,970187386,0.37828823924064636,0.0,0.0,7.4037354964530095,48.573130974546075
0.082,82,1219839873,0.39379778504371643,0.0,0.0,7.645866855047643,45.763208996504545
0.082,83,1428160212,0.36522841453552246,0.0,0.0,7.646777009009384,45.91496801003814
0.082,84,1930609499,0.3999192714691162,0.0,0.0,7.338162549189292,46.37169186025858
0.082,85,710582861,0.36212149262428284,0.0,0.0,7.435316999792121,45.77750898897648
0.082,86,1463614337,0.4161304533481598,0.0,0.0,7.496395552181639,46.072252094745636
0.082,87,1940152705,0.37319523096084595,0.0,0.0,7.532331279711798,46.4307009242475
0.082,88,985452196,0.32545799016952515,0.0,0.0,7.573752945521846,46.06527299620211
0.082,89,552062587,0.3722882866859436,0.0,0.0,7.3219949713675305,46.30004498176277
0.082,90,623566272,0.3531501889228821,0.0,0.0,7.396421829937026,46.27439007163048
0.082,91,729775797,0.3456399142742157,0.0,0.0,7.429861237178557,46.16851592436433
0.082,92,1352536665,0.32999905943870544,0.0,0.0,7.958672386594117,46.742646023631096
0.082,93,555883440,0.3561580181121826,0.0,0.0,7.434644261724316,46.60558421164751
0.082,94,1801800003,0.31721386313438416,0.0,0.0,7.979032031958923,45.957240043208
0.082,95,763315502,0.3536583185195923,0.0,0.0,8.284767023171298,45.75930000282824
0.082,96,138897982,0.34545865654945374,0.0,0.0,7.925876843975857,45.954840956255794
0.082,97,10785379,1.140170931816101,0.0,0.0,7.4530458389781415,45.81541009247303
0.082,98,53923185,0.33355188369750977,0.0,0.0,7.494651101878844,46.35002790018916
0.082,99,1349917978,0.29901641607284546,0.0,0.0,7.329702748684213,45.85734708234668
0.083,0,1501552845,0.37439948320388794,0.0,0.0,7.601238643517718,46.66283819824457
0.083,1,488200390,0.34551647305488586,0.0,0.0,7.704946905840188,46.81925196200609
0.083,2,1693606510,-0.19330915808677673,1.0,1.0,8.593938103760593,46.49942205287516
0.083,3,680233354,0.4411807656288147,0.0,0.0,7.577160032000393,46.311062993481755
0.083,4,438466540,0.34674951434135437,0.0,0.0,7.596478940919042,46.482312958687544
0.083,5,1712329280,1.156233549118042,0.0,0.0,6.732280105585232,46.3085500523448
0.083,6,1380152455,0.32309406995773315,0.0,0.0,7.390942180179991,46.704865992069244
0.083,7,1452245846,0.3617289066314697,0.0,0.0,7.505957011249848,46.63966898806393
0.083,8,2122694021,0.3487422466278076,0.0,0.0,7.417915238183923,47.28585411794484
0.083,9,839901363,0.3817580044269562,0.0,0.0,7.638104800134897,46.13793594762683
0.083,10,1802651552,0.34272247552871704,0.0,0.0,7.844270767876878,46.46895290352404
0.083,11,714712467,0.36907869577407837,0.0,0.0,7.952005268423818,46.935846796259284
0.083,12,1218704077,0.44628143310546875,0.0,0.0,7.613163678557612,47.67380701377988
0.083,13,1284858263,-0.27986428141593933,1.0,1.0,7.777889654855244,46.41198995523155
0.083,14,457721135,0.3274935781955719,0.0,0.0,7.9548455541953444,46.151447808369994
0.083,15,401008609,0.33846551179885864,0.0,0.0,7.782765239011496,45.72200099937618
0.083,16,492064534,0.384451687335968,0.0,0.0,7.4121984645025805,46.27531813457608
0.083,17,1444732602,0.3921237289905548,0.0,0.0,7.432735936250538,45.24467489682138
0.083,18,1317426686,0.38156935572624207,0.0,0.0,7.302322845323943,45.462175039574504
0.083,19,2022506251,0.36476224660873413,0.0,0.0,7.7882298870244995,45.83527101203799
0.083,20,1516459118,0.9403406977653503,0.0,0.0,18.424510386539623,47.19108599238098
0.083,21,533103612,0.36807724833488464,0.0,0.0,7.428659297409467,47.34563012607396
0.083,22,1964759878,0.3838774263858795,0.0,0.0,8.502620698534884,47.08634107373655
0.083,23,2037706756,0.4211522042751312,0.0,0.0,7.262456280295737,47.359087970107794
0.083,24,1572889065,0.37212398648262024,0.0,0.0,7.56178774847649,47.375215915963054
0.083,25,1432881518,1.1683073043823242,0.0,0.0,6.86393355182372,47.075873939320445
0.083,26,280516901,0.3067461848258972,0.0,0.0,7.3173510930500925,48.42373402789235
0.083,27,205939248,0.31532081961631775,0.0,0.0,7.829680784838274,48.87577285990119
0.083,28,571904914,0.3550150990486145,0.0,0.0,8.109115172061138,48.25814301148057
0.083,29,948843457,0.36858779191970825,0.0,0.0,7.958518665051088,48.775271978229284
0.083,30,155492488,0.2680954337120056,0.0,0.0,7.823669572360814,48.279274022206664
0.083,31,1903701130,1.1572790145874023,0.0,0.0,6.9458517611492425,48.63316612318158
0.083,32,1017961266,0.3360557556152344,0.0,0.0,7.3938289465149865,49.62851922027767
0.083,33,1497769985,0.3090556263923645,0.0,0.0,7.493208408355713,49.36456400901079
0.083,34,456523489,0.42566704750061035,0.0,0.0,7.5882079027360305,49.823849927634
0.083,35,701095136,0.3047671914100647,0.0,0.0,7.731573852826841,49.90445799194276
0.083,36,249069576,0.38085296750068665,0.0,0.0,7.457323702168651,48.86674112640321
0.083,37,1576098728,0.367607057094574,0.0,0.0,7.2397969788871706,49.2436159402132
0.083,38,1662748500,0.3426992893218994,0.0,0.0,7.614192178123631,47.19018400646746
0.083,39,472736216,0.3949127197265625,0.0,0.0,7.292548442957923,47.03334392979741
0.083,40,1535411295,0.38872936367988586,0.0,0.0,8.125843085465021,47.37663199193776
0.083,41,175223003,0.38743820786476135,0.0,0.0,7.4343449687585235,47.96440084464848
0.083,42,840936862,0.37991461157798767,0.0,0.0,7.932447415078059,48.42994990758598
0.083,43,343373188,0.312203973531723,0.0,0.0,8.137014963664114,48.3678849413991
0.083,44,1597751082,0.37786248326301575,0.0,0.0,7.529210830805823,48.48626279272139
0.083,45,730359585,0.32263511419296265,0.0,0.0,7.743461912963539,48.13620983622968
0.083,46,1016641002,1.1116230487823486,0.0,0.0,7.072230029851198,48.68944198824465
0.083,47,998994690,1.1222164630889893,0.0,0.0,7.015407039085403,48.202421981841326
0.083,48,1021240743,0.3288322687149048,0.0,0.0,7.486783426487818,49.653697991743684
0.083,49,572134801,0.3742506504058838,0.0,0.0,7.775879564927891,49.92403322830796
0.083,50,1198399760,0.2609724700450897,0.0,0.0,7.597144618513994,48.92310290597379
0.083,51,1751866485,0.39147481322288513,0.0,0.0,7.513069483567961,48.83609199896455
0.083,52,1070889713,1.1012686491012573,0.0,0.0,6.7643337494228035,48.75595401972532
0.083,53,415096539,0.32322266697883606,0.0,0.0,7.564274769742042,49.168925965204835
0.083,54,52416235,0.42826852202415466,0.0,0.0,7.369406049721874,48.875930020585656
0.083,55,278032723,1.1763426065444946,0.0,0.0,6.9359817143995315,48.60859806649387
0.083,56,174946158,0.3594457805156708,0.0,0.0,7.744608087232336,47.55366710014641
0.083,57,196848554,0.3405357897281647,0.0,0.0,7.987533772480674,46.89770890399814
0.083,58,263030910,0.3134863078594208,0.0,0.0,7.9962826212868094,46.8940909486264
0.083,59,1285415020,0.3762228488922119,0.0,0.0,8.032380349934101,46.89021990634501
0.083,60,1733223444,0.36529985070228577,0.0,0.0,7.569273822242394,50.09844806045294
0.083,61,1835544261,0.3607618808746338,0.0,0.0,7.759732256876305,48.06678695604205
0.083,62,1403186970,0.3970330059528351,0.0,0.0,7.542008307180367,47.86548810079694
0.083,63,1291971777,0.3707053065299988,0.0,0.0,7.929606625577435,49.00372680276632
0.083,64,712292067,0.3280429542064667,0.0,0.0,7.80107352451887,49.80520997196436
0.083,65,2001429764,0.33295345306396484,0.0,0.0,7.661773425410502,49.64202386327088
0.083,66,1375664061,1.1318994760513306,0.0,0.0,6.867665228899568,49.98615710064769
0.083,67,1556456120,0.31154105067253113,0.0,0.0,7.372107979375869,48.4809388872236
0.083,68,1576053187,1.1505365371704102,0.0,0.0,6.878996457438916,48.72838594019413
0.083,69,1848019881,0.38920220732688904,0.0,0.0,7.410369704244658,47.181472880765796
0.083,70,1508652585,0.36945509910583496,0.0,0.0,7.682533754501492,47.288242960348725
0.083,71,1995737731,0.3851216435432434,0.0,0.0,7.680012853583321,47.00274905189872
0.083,72,1162788447,0.4186170995235443,0.0,0.0,8.346670370083302,47.22112719900906
0.083,73,1172925522,0.39132454991340637,0.0,0.0,7.72746178728994,47.22704901359975
0.083,74,539174575,0.4013734757900238,0.0,0.0,7.470165019854903,57.511418825015426
0.083,75,2013637345,0.3185860514640808,0.0,0.0,7.4640676628332585,46.97977611795068
0.083,76,1187468716,0.4089813828468323,0.0,0.0,7.48036928800866,47.146568074822426
0.083,77,1062978506,0.32524803280830383,0.0,0.0,8.024695980595425,47.26096102967858
0.083,78,679326770,0.37160858511924744,0.0,0.0,7.586297115776688,47.10949514992535
0.083,79,587923432,0.3967037498950958,0.0,0.0,7.678141963202506,47.515779035165906
0.083,80,1359889667,0.4144352078437805,0.0,0.0,7.469395119114779,47.41053003817797
0.083,81,970187386,0.36836522817611694,0.0,0.0,7.366058618063107,47.04113700427115
0.083,82,1219839873,0.38692009449005127,0.0,0.0,7.605153739335947,47.71380196325481
0.083,83,1428160212,0.360217809677124,0.0,0.0,7.625030014663935,47.44437406770885
0.083,84,1930609499,0.32910430431365967,0.0,0.0,7.270047417609021,47.2058339510113
0.083,85,710582861,0.3670167028903961,0.0,0.0,7.608976833871566,47.71633190102875
0.083,86,1463614337,0.40848061442375183,0.0,0.0,7.501044067321345,47.408500919118524
0.083,87,1940152705,0.37409231066703796,0.0,0.0,7.571277969982475,47.050477005541325
0.083,88,985452196,0.3993884325027466,0.0,0.0,7.823903108248487,46.951466938480735
0.083,89,552062587,0.3951631784439087,0.0,0.0,7.301050019799732,47.08722489885986
0.083,90,623566272,0.3337551951408386,0.0,0.0,7.6070243522990495,52.80136503279209
0.083,91,729775797,0.3756852149963379,0.0,0.0,7.690756719792262,46.17639188654721
0.083,92,1352536665,0.3232477307319641,0.0,0.0,8.208131710183807,46.71197710558772
0.083,93,555883440,0.35594311356544495,0.0,0.0,7.560479337582365,47.72084509022534
0.083,94,1801800003,0.3192828595638275,0.0,0.0,8.033874698565342,60.01215591095388
0.083,95,763315502,0.4166266620159149,0.0,0.0,7.976033887942322,47.83709300681949
0.083,96,138897982,0.3438033163547516,0.0,0.0,7.712502930662595,48.25175413861871
0.083,97,10785379,1.121260404586792,0.0,0.0,7.5258683348074555,47.31660685501993
0.083,98,53923185,0.33254897594451904,0.0,0.0,7.37410765059758,47.03059303574264
0.083,99,1349917978,0.2954135239124298,0.0,0.0,7.251083687064238,46.201707096770406
0.084,0,1501552845,0.3865850865840912,0.0,0.0,7.597931514494121,46.45319585688412
0.084,1,488200390,0.3320555090904236,0.0,0.0,7.928216599859297,46.36033298447728
0.084,2,1693606510,0.3965739905834198,0.0,0.0,7.97954152233433,46.49549396708608
0.084,3,680233354,0.42731595039367676,0.0,0.0,7.550779239973053,46.151637099683285
0.084,4,438466540,0.3377608060836792,0.0,0.0,7.6208135288907215,45.96916493028402
0.084,5,1712329280,1.1671233177185059,0.0,0.0,6.691402685828507,45.79905793070793
0.084,6,1380152455,0.31877538561820984,0.0,0.0,7.339566699345596,46.65626911446452
0.084,7,1452245846,0.30100545287132263,0.0,0.0,7.5716441221302375,46.1282329633832
0.084,8,2122694021,0.3157351016998291,0.0,0.0,7.337238484644331,46.09747207723558
0.084,9,839901363,0.3822081685066223,0.0,0.0,7.686727407039143,47.444299794733524
0.084,10,1802651552,0.32493194937705994,0.0,0.0,8.089763060910627,47.15686314739287
0.084,11,714712467,0.3561657965183258,0.0,0.0,7.909799809800461,46.31652683019638
0.084,12,1218704077,0.44940242171287537,0.0,0.0,7.6596459484426305,46.329117845743895
0.084,13,1284858263,0.37656155228614807,0.0,0.0,7.6207759050885215,46.61828000098467
0.084,14,457721135,0.3246835172176361,0.0,0.0,8.10506521188654,46.42817797139287
0.084,15,401008609,0.3553611636161804,0.0,0.0,7.817272033425979,51.88628612086177
0.084,16,492064534,0.38336649537086487,0.0,0.0,7.513893314870074,49.269306007772684
0.084,17,1444732602,0.38257768750190735,0.0,0.0,7.509529915638268,45.90461193583906
0.084,18,1317426686,0.38391080498695374,0.0,0.0,7.26561062107794,46.19356500916183
0.084,19,2022506251,0.3478408753871918,0.0,0.0,7.830853299587034,46.6774539090693
0.084,20,1516459118,0.7689735889434814,0.0,0.0,9.213732446311042,45.91990704648197
0.084,21,533103612,0.3658667504787445,0.0,0.0,7.44920292601455,46.169325010851026
0.084,22,1964759878,0.3136932849884033,0.0,0.0,8.084255110938102,46.28294496797025
0.084,23,2037706756,0.31704768538475037,0.0,0.0,7.568947773776017,46.0871250834316
0.084,24,1572889065,0.37249523401260376,0.0,0.0,7.58357118233107,46.47509101778269
0.084,25,1432881518,1.178226113319397,0.0,0.0,6.812689943239093,46.46456800401211
0.084,26,280516901,0.30940088629722595,0.0,0.0,7.381737136049196,45.37577205337584
0.084,27,205939248,0.2799384593963623,0.0,0.0,7.803093784721568,46.69496603310108
0.084,28,571904914,0.34589558839797974,0.0,0.0,8.48775942705106,46.20597301982343
0.084,29,948843457,0.3484915494918823,0.0,0.0,7.83253287919797,47.65534517355263
0.084,30,155492488,0.2747160792350769,0.0,0.0,7.712713547400199,47.97382093966007
0.084,31,1903701130,1.168637752532959,0.0,0.0,6.876997104147449,48.3135839458555
0.084,32,1017961266,0.34011125564575195,0.0,0.0,7.481331803021021,47.88217903114855
0.084,33,1497769985,0.2997731566429138,0.0,0.0,7.779414968797937,46.22565000317991
0.084,34,456523489,0.42274537682533264,0.0,0.0,7.664912579697557,45.89243093505502
0.084,35,701095136,0.30988189578056335,0.0,0.0,7.502913978067227,46.31144809536636
0.084,36,249069576,0.40488919615745544,0.0,0.0,7.444935902603902,46.344131929799914
0.084,37,1576098728,0.3575335443019867,0.0,0.0,7.219617966213264,46.196694020181894
0.084,38,1662748500,0.32780465483665466,0.0,0.0,7.440642674104311,46.28873593173921
0.084,39,472736216,0.32052847743034363,0.0,0.0,7.418305933475494,46.08338396064937
0.084,40,1535411295,0.40029826760292053,0.0,0.0,8.37310089415405,46.24294606037438
0.084,41,175223003,0.34971925616264343,0.0,0.0,7.565056984429248,46.20681400410831
0.084,42,840936862,0.3784727454185486,0.0,0.0,7.909009755006991,46.0410350933671
0.084,43,343373188,0.0548720620572567,0.0,0.0,8.862071799812838,46.40739900059998
0.084,44,1597751082,0.3753419816493988,0.0,0.0,7.594502852647565,46.422458020970225
0.084,45,730359585,0.3513278067111969,0.0,0.0,7.442747471854091,46.36046593077481
0.084,46,1016641002,1.1191884279251099,0.0,0.0,6.991512332577258,46.64760106243193
0.084,47,998994690,1.1343685388565063,0.0,0.0,6.943059338955209,48.59460215084255
0.084,48,1021240743,0.34361323714256287,0.0,0.0,7.599842718336731,45.72304687462747
0.084,49,572134801,0.34754422307014465,0.0,0.0,7.651499743224122,44.91579602472484
0.084,50,1198399760,0.4281759560108185,0.0,0.0,7.541467878734693,46.08899401500821
0.084,51,1751866485,0.3822624087333679,0.0,0.0,7.503376119071618,46.28393519669771
0.084,52,1070889713,1.1074676513671875,0.0,0.0,6.762006854405627,46.13300389610231
0.084,53,415096539,0.336134672164917,0.0,0.0,7.622534053050913,45.0380330439657
0.084,54,52416235,0.39796215295791626,0.0,0.0,7.524438194464892,45.06712616421282
0.084,55,278032723,1.1773436069488525,0.0,0.0,6.908906744327396,45.42223201133311
0.084,56,174946158,0.3404301404953003,0.0,0.0,7.764661849942058,45.76677409932017
0.084,57,196848554,0.34182408452033997,0.0,0.0,8.075139569118619,46.06101312674582
0.084,58,263030910,0.3066904842853546,0.0,0.0,8.06055252358783,46.63388314656913
0.084,59,1285415020,0.3286559283733368,0.0,0.0,7.9744245102629066,46.24418099410832
0.084,60,1733223444,0.3349895477294922,0.0,0.0,7.404602097696625,45.608880929648876
0.084,61,1835544261,0.3714880347251892,0.0,0.0,7.790496830479242,46.35288706049323
0.084,62,1403186970,0.3990018665790558,0.0,0.0,7.546737216413021,46.77576501853764
0.084,63,1291971777,0.3702358603477478,0.0,0.0,8.013945998740382,46.70512909069657
0.084,64,712292067,0.32341280579566956,0.0,0.0,7.766917711007409,48.60223503783345
0.084,65,2001429764,0.32903674244880676,0.0,0.0,7.72731621353887,48.5061991494149
0.084,66,1375664061,1.1383005380630493,0.0,0.0,6.712864565197378,49.77810080163181
0.084,67,1556456120,0.3345521092414856,0.0,0.0,7.506995850009844,48.29461802728474
0.084,68,1576053187,1.1574127674102783,0.0,0.0,6.877714718459174,48.64471987821162
0.084,69,1848019881,0.3933308720588684,0.0,0.0,7.331802921136841,46.95082805119455
0.084,70,1508652585,0.3555673658847809,0.0,0.0,7.73310960480012,47.19277401454747
0.084,71,1995737731,0.3903026580810547,0.0,0.0,7.589299586135894,47.1149489749223
0.084,72,1162788447,0.43427810072898865,0.0,0.0,8.068548801005818,46.54720006510615
0.084,73,1172925522,0.3860757350921631,0.0,0.0,7.656001283437945,46.39785806648433
0.084,74,539174575,0.3830513060092926,0.0,0.0,7.437877099611796,45.888107968494296
0.084,75,2013637345,0.33526670932769775,0.0,0.0,7.723062803503126,46.346510061994195
0.084,76,1187468716,1.1392320394515991,0.0,0.0,6.8429649425670505,46.412490075454116
0.084,77,1062978506,0.29214999079704285,0.0,0.0,7.891113919438794,47.42395109497011
0.084,78,679326770,0.36342477798461914,0.0,0.0,7.4719536086777225,47.047002939507365
0.084,79,587923432,0.365759015083313,0.0,0.0,7.744538346887566,48.56863198801875
0.084,80,1359889667,0.39476436376571655,0.0,0.0,7.482588064391166,48.701988998800516
0.084,81,970187386,0.3598899245262146,0.0,0.0,7.376942565548234,48.342117108404636
0.084,82,1219839873,0.3893675208091736,0.0,0.0,7.6966355461627245,48.853285145014524
0.084,83,1428160212,0.2621815800666809,0.0,0.0,7.54601448145695,48.74753998592496
0.084,84,1930609499,0.4337504506111145,0.0,0.0,7.247729821479879,48.96070598624647
0.084,85,710582861,0.37450501322746277,0.0,0.0,7.659244251670316,49.67321106232703
0.084,86,1463614337,0.393166184425354,0.0,0.0,7.553959432756528,49.03004411607981
0.084,87,1940152705,1.1583906412124634,0.0,0.0,6.864934996934608,49.3992508854717
0.084,88,985452196,0.3923233449459076,0.0,0.0,7.728845920064487,48.611212987452745
0.084,89,552062587,0.435512900352478,0.0,0.0,7.347922433167696,49.07079599797726
0.084,90,623566272,0.3647591173648834,0.0,0.0,7.44027204066515,48.714617965742946
0.084,91,729775797,0.3583873510360718,0.0,0.0,7.63416225113906,49.2391858715564
0.084,92,1352536665,0.3510316014289856,0.0,0.0,7.954749645432457,49.0775709040463
0.084,93,555883440,0.3535153865814209,0.0,0.0,7.675983424647711,49.355912022292614
0.084,94,1801800003,0.3115306496620178,0.0,0.0,7.975906583131291,49.07471896149218
0.084,95,763315502,0.39144366979599,0.0,0.0,7.876501765451394,49.21230091713369
0.084,96,138897982,0.3011488914489746,0.0,0.0,7.56512785947416,49.158408073708415
0.084,97,10785379,1.225197672843933,0.0,0.0,7.240097623551264,48.98821306414902
0.084,98,53923185,1.1543906927108765,0.0,0.0,6.767143622040749,47.83216491341591
0.084,99,1349917978,0.28314095735549927,0.0,0.0,7.233331625815481,47.25577495992184
0.085,0,1501552845,0.33178964257240295,0.0,0.0,7.517675378243439,45.66892306320369
0.085,1,488200390,0.3238576352596283,0.0,0.0,8.178016144316643,46.512309927493334
0.085,2,1693606510,0.39366087317466736,0.0,0.0,7.985450132749975,46.35306401178241
0.085,3,680233354,0.44565796852111816,0.0,0.0,7.4816619959892705,46.227553859353065
0.085,4,438466540,0.34442922472953796,0.0,0.0,7.57417282811366,45.792944030836225
0.085,5,1712329280,1.1823123693466187,0.0,0.0,6.765722358832136,45.54175306111574
0.085,6,1380152455,0.32051774859428406,0.0,0.0,7.41813013330102,47.01661900617182
0.085,7,1452245846,0.3087078332901001,0.0,0.0,7.6246016272343695,47.07964998669922
0.085,8,2122694021,0.3133113384246826,0.0,0.0,7.28950768255163,45.92270101420581
0.085,9,839901363,0.37056300044059753,0.0,0.0,7.669968301313929,45.72979896329343
0.085,10,1802651552,0.3193998634815216,0.0,0.0,7.9560277129057795,46.10752104781568
0.085,11,714712467,0.35024338960647583,0.0,0.0,7.8845854048850015,45.986498007550836
0.085,12,1218704077,0.44104573130607605,0.0,0.0,7.787045622710139,52.15579993091524
0.085,13,1284858263,0.41836464405059814,0.0,0.0,7.932211271952838,50.25637592189014
0.085,14,457721135,0.2935447692871094,0.0,0.0,8.158794455463067,46.293561113998294
0.085,15,401008609,0.34832125902175903,0.0,0.0,7.763026375789195,46.078773913905025
0.085,16,492064534,0.34658822417259216,0.0,0.0,7.508447035797872,46.19457805529237
0.085,17,1444732602,0.3520715832710266,0.0,0.0,7.452983683208004,46.380490995943546
0.085,18,1317426686,0.38288918137550354,0.0,0.0,7.310175856226124,45.73266603983939
0.085,19,2022506251,0.34816858172416687,0.0,0.0,7.74444911594037,45.95630383118987
0.085,20,1516459118,0.37806186079978943,0.0,0.0,7.873405575752258,45.794516103342175
0.085,21,533103612,0.34174859523773193,0.0,0.0,7.423733824049123,44.91532105021179
0.085,22,1964759878,0.3426094353199005,0.0,0.0,8.024260048405267,45.97211512736976
0.085,23,2037706756,1.1072994470596313,0.0,0.0,6.738809643546119,46.39528994448483
0.085,24,1572889065,0.3607664704322815,0.0,0.0,7.56399854819756,46.9617519993335
0.085,25,1432881518,1.182554006576538,0.0,0.0,6.830837734974921,46.71871289610863
0.085,26,280516901,0.34276509284973145,0.0,0.0,7.424197657266632,47.50837804749608
0.085,27,205939248,0.31420567631721497,0.0,0.0,7.853963799425401,47.402657102793455
0.085,28,571904914,0.3570186197757721,0.0,0.0,8.317306497017853,48.128604888916016
0.085,29,948843457,0.3553694188594818,0.0,0.0,7.6885468867840245,48.36386116221547
0.085,30,155492488,0.25087836384773254,0.0,0.0,7.43933706311509,47.32945607975125
0.085,31,1903701130,0.32580721378326416,0.0,0.0,7.418484822846949,47.13122290559113
0.085,32,1017961266,0.34324222803115845,0.0,0.0,7.5396447570528835,45.827247900888324
0.085,33,1497769985,0.2955041527748108,0.0,0.0,7.774771952885203,45.817199163138866
0.085,34,456523489,0.4105444848537445,0.0,0.0,7.49565355735831,45.56688200682402
0.085,35,701095136,0.3115605413913727,0.0,0.0,7.570826038485393,45.86945800110698
0.085,36,249069576,0.41869330406188965,0.0,0.0,7.518825087347068,45.59191409498453
0.085,37,1576098728,0.3507717549800873,0.0,0.0,7.35265295766294,45.73537199757993
0.085,38,1662748500,0.3519316613674164,0.0,0.0,7.494992448017001,45.69595702923834
0.085,39,472736216,0.3582932651042938,0.0,0.0,7.404871689155698,45.555209973827004
0.085,40,1535411295,0.3906514048576355,0.0,0.0,8.244672612287104,45.71706801652908
0.085,41,175223003,0.35140711069107056,0.0,0.0,7.5521116176387295,49.33999897912145
0.085,42,840936862,0.38531258702278137,0.0,0.0,7.7208244445500895,46.667253132909536
0.085,43,343373188,0.4395028352737427,0.0,0.0,7.7947354541393,46.11320607364178
0.085,44,1597751082,0.37270835041999817,0.0,0.0,7.584595284773968,45.785440830513835
0.085,45,730359585,0.32690364122390747,0.0,0.0,7.563777203205973,45.51838897168636
0.085,46,1016641002,1.130099892616272,0.0,0.0,7.018505563028157,45.89980188757181
0.085,47,998994690,1.145739197731018,0.0,0.0,7.083084842888638,45.08968908339739
0.085,48,1021240743,0.3518576920032501,0.0,0.0,7.648301601991989,45.80312385223806
0.085,49,572134801,0.35486355423927307,0.0,0.0,7.611023343983106,46.23553087003529
0.085,50,1198399760,0.3946435749530792,0.0,0.0,7.583075837930664,45.126067008823156
0.085,51,1751866485,0.36965885758399963,0.0,0.0,7.528605729690753,45.36650190129876
0.085,52,1070889713,1.1020108461380005,0.0,0.0,6.893590727355331,45.94826512038708
0.085,53,415096539,0.33146193623542786,0.0,0.0,7.625769324717112,45.9865250159055
0.085,54,52416235,0.4295089840888977,0.0,0.0,7.538771509309299,45.02371000126004
0.085,55,278032723,1.1799176931381226,0.0,0.0,6.912496603792533,45.86991900578141
0.085,56,174946158,0.3468397855758667,0.0,0.0,7.717582902405411,46.91887507215142
0.085,57,196848554,0.34333938360214233,0.0,0.0,7.946210115333088,46.156703028827906
0.085,58,263030910,0.3087162375450134,0.0,0.0,8.074001067318022,45.95097387209535
0.085,59,1285415020,0.30284005403518677,0.0,0.0,8.057754063163884,46.37145693413913
0.085,60,1733223444,0.3149788975715637,0.0,0.0,7.47106347233057,46.48885386995971
0.085,61,1835544261,0.3721576929092407,0.0,0.0,7.7542369198054075,48.17936499603093
0.085,62,1403186970,0.4677896499633789,0.0,0.0,7.69556986913085,48.11601992696524
0.085,63,1291971777,0.3920975923538208,0.0,0.0,8.02846346073784,49.972637090831995
0.085,64,712292067,0.3280435800552368,0.0,0.0,7.836142339743674,47.697003930807114
0.085,65,2001429764,0.37896493077278137,0.0,0.0,7.871222966001369,48.164281994104385
0.085,66,1375664061,1.1774977445602417,0.0,0.0,6.6329176656436175,45.75470904819667
0.085,67,1556456120,0.3212907612323761,0.0,0.0,7.395143265137449,48.170910915359855
0.085,68,1576053187,1.168921709060669,0.0,0.0,6.932208769256249,46.60520190373063
0.085,69,1848019881,0.36970245838165283,0.0,0.0,7.3303796604741365,46.372553100809455
0.085,70,1508652585,0.3392828106880188,0.0,0.0,7.739969438640401,46.705326065421104
0.085,71,1995737731,0.37869155406951904,0.0,0.0,7.5481496542925015,46.12951399758458
0.085,72,1162788447,0.4201051890850067,0.0,0.0,8.049850720562972,46.31860600784421
0.085,73,1172925522,0.40311166644096375,0.0,0.0,7.624181829742156,46.22249701060355
0.085,74,539174575,0.4400172233581543,0.0,0.0,7.347977829398587,45.7771010696888
0.085,75,2013637345,0.35222476720809937,0.0,0.0,7.615269010304473,46.38195806182921
0.085,76,1187468716,1.1438393592834473,0.0,0.0,6.863204655703157,47.83283406868577
0.085,77,1062978506,0.32066357135772705,0.0,0.0,8.043625476653688,48.252818174660206
0.085,78,679326770,0.3617068827152252,0.0,0.0,7.531677874736488,48.56347991153598
0.085,79,587923432,0.38887548446655273,0.0,0.0,7.847793416585773,48.62484708428383
0.085,80,1359889667,0.46382027864456177,0.0,0.0,7.409371294081211,49.109276151284575
0.085,81,970187386,0.35483506321907043,0.0,0.0,7.322971119196154,48.666171031072736
0.085,82,1219839873,0.3656235933303833,0.0,0.0,8.011899276636541,48.539706971496344
0.085,83,1428160212,0.2496645599603653,0.0,0.0,7.574502727016807,48.79489983431995
0.085,84,1930609499,0.3203861117362976,0.0,0.0,7.268878042232245,49.35860517434776
0.085,85,710582861,0.3804885745048523,0.0,0.0,7.644303080742247,48.472634982317686
0.085,86,1463614337,0.3822595775127411,0.0,0.0,7.605084489216097,49.47508289478719
0.085,87,1940152705,1.1626477241516113,0.0,0.0,6.87210531020537,48.76911989413202
0.085,88,985452196,0.37393543124198914,0.0,0.0,7.587824023445137,49.23395602963865
0.085,89,552062587,0.4167698919773102,0.0,0.0,7.240417422843166,49.47385401464999
0.085,90,623566272,0.39588654041290283,0.0,0.0,7.4159951055189595,49.15713891386986
0.085,91,729775797,0.3563188910484314,0.0,0.0,7.661255457671359,49.01038995012641
0.085,92,1352536665,0.36214274168014526,0.0,0.0,7.702000730088912,49.28790405392647
0.085,93,555883440,0.3492145836353302,0.0,0.0,7.606296272133477,49.329285975545645
0.085,94,1801800003,0.26890987157821655,0.0,0.0,7.970010654069483,48.924447037279606
0.085,95,763315502,0.3678581118583679,0.0,0.0,7.9895684802904725,48.66689792834222
0.085,96,138897982,0.336303174495697,0.0,0.0,7.980693254270591,47.72275499999523
0.085,97,10785379,1.2290139198303223,0.0,0.0,7.1819747250992805,72.2799520008266
0.085,98,53923185,1.169951319694519,0.0,0.0,6.755959260975942,48.62909996882081
0.085,99,1349917978,0.28080466389656067,0.0,0.0,7.288462712895125,49.22957601957023
0.086,0,1501552845,0.3580456078052521,0.0,0.0,7.490889619337395,46.560389921069145
0.086,1,488200390,0.3127848505973816,0.0,0.0,8.02914800401777,61.87842111103237
0.086,2,1693606510,0.3655160963535309,0.0,0.0,7.795059264404699,46.66005400940776
0.086,3,680233354,0.40721404552459717,0.0,0.0,7.522059360286221,47.11369099095464
0.086,4,438466540,0.3412013649940491,0.0,0.0,7.52804603765253,47.38621204160154
0.086,5,1712329280,1.1907035112380981,0.0,0.0,6.785010078456253,52.91729001328349
0.086,6,1380152455,0.33863285183906555,0.0,0.0,7.415931887924671,50.53398502059281
0.086,7,1452245846,0.2921030521392822,0.0,0.0,7.548021809663624,48.05730492807925
0.086,8,2122694021,0.32849910855293274,0.0,0.0,7.277532916050404,47.49188991263509
0.086,9,839901363,0.37442073225975037,0.0,0.0,7.70870228507556,47.58268897421658
0.086,10,1802651552,0.32091024518013,0.0,0.0,7.9511510379379615,47.17761487700045
0.086,11,714712467,0.34101811051368713,0.0,0.0,7.747189047629945,47.13415913283825
0.086,12,1218704077,0.4582636058330536,0.0,0.0,7.816634400747716,47.34839894808829
0.086,13,1284858263,0.36250048875808716,0.0,0.0,8.052323163021356,47.08691104315221
0.086,14,457721135,0.27364420890808105,0.0,0.0,8.086287255515344,46.539233066141605
0.086,15,401008609,0.34301966428756714,0.0,0.0,7.688397720223293,47.40600404329598
0.086,16,492064534,0.3575166165828705,0.0,0.0,7.543212339398451,46.47549404762685
0.086,17,1444732602,0.3252955675125122,0.0,0.0,7.5614350027171895,45.85400805808604
0.086,18,1317426686,0.3905161917209625,0.0,0.0,7.391111552482471,46.786949038505554
0.086,19,2022506251,0.32625338435173035,0.0,0.0,7.636648612213321,48.05532190948725
0.086,20,1516459118,0.3747785985469818,0.0,0.0,7.612733632675372,48.42992383055389
0.086,21,533103612,0.3220260441303253,0.0,0.0,7.4529288043268025,48.395940102636814
0.086,22,1964759878,0.3243245482444763,0.0,0.0,7.996950902044773,48.4692039899528
0.086,23,2037706756,1.1088813543319702,0.0,0.0,6.770368943689391,48.31428197212517
0.086,24,1572889065,0.31395119428634644,0.0,0.0,7.612626184243709,47.54835506901145
0.086,25,1432881518,1.1894246339797974,0.0,0.0,6.7412231345660985,47.53558593802154
0.086,26,280516901,0.32951125502586365,0.0,0.0,7.288455536472611,47.29518806561828
0.086,27,205939248,0.3073125183582306,0.0,0.0,7.996500819106586,46.91815306432545
0.086,28,571904914,0.35063445568084717,0.0,0.0,8.597308162017725,47.111096093431115
0.086,29,948843457,0.3395554721355438,0.0,0.0,7.7178795345826074,46.94738890975714
0.086,30,155492488,0.2718185782432556,0.0,0.0,7.648664154694416,47.01138287782669
0.086,31,1903701130,1.1889158487319946,0.0,0.0,6.881687114015222,46.98184714652598
0.086,32,1017961266,0.30920958518981934,0.0,0.0,7.518835780909285,46.81495204567909
0.086,33,1497769985,0.2948482930660248,0.0,0.0,7.6430279954802245,47.31486504897475
0.086,34,456523489,0.39721718430519104,0.0,0.0,7.265992751927115,47.14947193861008
0.086,35,701095136,0.35451680421829224,0.0,0.0,7.852118286653422,47.374165151268244
0.086,36,249069576,0.4255891740322113,0.0,0.0,7.584274296183139,47.22624411806464
0.086,37,1576098728,0.35494673252105713,0.0,0.0,7.377169045852497,45.72266689501703
0.086,38,1662748500,0.34797215461730957,0.0,0.0,7.522114591789432,45.865155989304185
0.086,39,472736216,1.1694104671478271,0.0,0.0,6.608135532122105,45.55393592454493
0.086,40,1535411295,0.3848119378089905,0.0,0.0,8.16662477736827,45.86896998807788
0.086,41,175223003,0.38195332884788513,0.0,0.0,7.463775095413439,47.15398605912924
0.086,42,840936862,0.38473960757255554,0.0,0.0,7.506377842510119,47.41127300076187
0.086,43,343373188,0.2765803933143616,0.0,0.0,7.957780300988816,46.210794942453504
0.086,44,1597751082,0.36071792244911194,0.0,0.0,7.561565320240334,45.84648390300572
0.086,45,730359585,0.2910217344760895,0.0,0.0,7.607777582597919,46.908431220799685
0.086,46,1016641002,1.1434848308563232,0.0,0.0,6.925227698637173,45.698398957028985
0.086,47,998994690,1.1549097299575806,0.0,0.0,6.935172006022185,52.760071121156216
0.086,48,1021240743,0.3154873847961426,0.0,0.0,7.441683681099676,45.82790983840823
0.086,49,572134801,0.34196826815605164,0.0,0.0,7.604480072972365,47.164662973955274
0.086,50,1198399760,0.391957551240921,0.0,0.0,7.488013572641648,53.5246308427304
0.086,51,1751866485,0.3941494822502136,0.0,0.0,7.459933148580603,47.27468220517039
0.086,52,1070889713,1.140809416770935,0.0,0.0,6.447668082546443,47.84310213290155
0.086,53,415096539,1.1680933237075806,0.0,0.0,6.750861014705151,47.03167802654207
0.086,54,52416235,0.3958951234817505,0.0,0.0,7.554614378488623,48.54246601462364
0.086,55,278032723,1.2000184059143066,0.0,0.0,6.794840742368251,48.875726060941815
0.086,56,174946158,0.3415219485759735,0.0,0.0,7.610826680320315,49.44267007522285
0.086,57,196848554,0.34245166182518005,0.0,0.0,7.980866353958845,47.531985910609365
0.086,58,263030910,0.2986809015274048,0.0,0.0,8.068243881454691,47.939290991052985
0.086,59,1285415020,0.321283757686615,0.0,0.0,8.142325166845694,46.23175598680973
0.086,60,1733223444,0.33358141779899597,0.0,0.0,7.49157104792539,47.07206995226443
0.086,61,1835544261,0.38484176993370056,0.0,0.0,7.802872119587846,46.337859937921166
0.086,62,1403186970,0.4674304127693176,0.0,0.0,7.592953596496955,47.45447705499828
0.086,63,1291971777,0.38303425908088684,0.0,0.0,7.593354905722663,47.35390981659293
0.086,64,712292067,0.332581490278244,0.0,0.0,7.5182146654697135,46.998499194160104
0.086,65,2001429764,0.34030434489250183,0.0,0.0,7.877342079067603,47.35655011609197
0.086,66,1375664061,1.1820414066314697,0.0,0.0,6.610662282444537,47.34158515930176
0.086,67,1556456120,0.3618350327014923,0.0,0.0,7.363756216829643,46.991475159302354
0.086,68,1576053187,1.1778086423873901,0.0,0.0,6.929235792253166,46.92873591557145
0.086,69,1848019881,0.373122900724411,0.0,0.0,7.331679466413334,47.87153587676585
0.086,70,1508652585,0.34611502289772034,0.0,0.0,7.787088856450282,48.925342969596386
0.086,71,1995737731,0.4223187267780304,0.0,0.0,7.688790926942602,49.138066824525595
0.086,72,1162788447,0.4184432029724121,0.0,0.0,8.079035680857487,48.32504689693451
0.086,73,1172925522,0.38478535413742065,0.0,0.0,7.671757451025769,49.141268944367766
0.086,74,539174575,0.43995627760887146,0.0,0.0,7.434052057215013,48.9804339595139
0.086,75,2013637345,0.35732129216194153,0.0,0.0,7.639484288403764,48.92851994372904
0.086,76,1187468716,1.135210394859314,0.0,0.0,7.02673320658505,49.28010189905763
0.086,77,1062978506,0.2856229543685913,0.0,0.0,7.797487239586189,49.55215589143336
0.086,78,679326770,0.35997122526168823,0.0,0.0,7.626501869992353,47.95881500467658
0.086,79,587923432,0.30065345764160156,0.0,0.0,7.6708340622717515,48.36995992809534
0.086,80,1359889667,0.4143460988998413,0.0,0.0,7.480267988983542,48.24467608705163
0.086,81,970187386,1.2006919384002686,0.0,0.0,6.710368927801028,48.867153003811836
0.086,82,1219839873,0.3622884154319763,0.0,0.0,7.837629507295787,49.101330107077956
0.086,83,1428160212,0.33792489767074585,0.0,0.0,7.726874289568514,49.11934398114681
0.086,84,1930609499,0.32016587257385254,0.0,0.0,7.2511457953369245,49.16006792336702
0.086,85,710582861,0.39385345578193665,0.0,0.0,7.58322522661183,48.99069084785879
0.086,86,1463614337,0.3951517343521118,0.0,0.0,7.639322150615044,49.0939780138433
0.086,87,1940152705,1.1726493835449219,0.0,0.0,6.850328260101378,49.26979192532599
0.086,88,985452196,0.36939212679862976,0.0,0.0,7.708479155902751,48.17126994021237
0.086,89,552062587,0.3628888726234436,0.0,0.0,7.528112567495555,46.7986729927361
0.086,90,623566272,0.35613569617271423,0.0,0.0,7.436452764784917,51.53443897143006
0.086,91,729775797,0.3685966432094574,0.0,0.0,7.799202009453438,48.30381297506392
0.086,92,1352536665,0.3567363917827606,0.0,0.0,8.18530894559808,49.427925143390894
0.086,93,555883440,0.34824562072753906,0.0,0.0,7.693157786154188,49.85093395225704
0.086,94,1801800003,1.142265796661377,0.0,0.0,7.191076206276193,49.887778935953975
0.086,95,763315502,0.3869185149669647,0.0,0.0,7.756212366861291,50.798804964870214
0.086,96,138897982,0.3287995159626007,0.0,0.0,7.92894141562283,49.04243303462863
0.086,97,10785379,1.1998517513275146,0.0,0.0,6.97545166942291,48.098519910126925
0.086,98,53923185,1.1775792837142944,0.0,0.0,6.741216280497611,47.86637891083956
0.086,99,1349917978,0.28617462515830994,0.0,0.0,7.339648298919201,53.81925008259714
0.087,0,1501552845,0.3192184567451477,0.0,0.0,7.547564684529789,47.108839033171535
0.087,1,488200390,0.30535075068473816,0.0,0.0,8.087448185076937,48.810763051733375
0.087,2,1693606510,0.3950573801994324,0.0,0.0,8.029732461785898,49.23925898037851
0.087,3,680233354,0.4087368845939636,0.0,0.0,7.547855808399618,49.34362997300923
0.087,4,438466540,0.33329489827156067,0.0,0.0,7.658348105615005,49.32133201509714
0.087,5,1712329280,1.1978522539138794,0.0,0.0,6.752133109839633,50.74173305183649
0.087,6,1380152455,0.3099695146083832,0.0,0.0,7.47612188057974,48.23134816251695
0.087,7,1452245846,0.2870142161846161,0.0,0.0,7.665960184764117,47.64303797855973
0.087,8,2122694021,0.32119739055633545,0.0,0.0,7.43365362926852,47.46609507128596
0.087,9,839901363,0.3833538889884949,0.0,0.0,7.6985398980323225,54.324880009517074
0.087,10,1802651552,0.33172619342803955,0.0,0.0,7.94019221898634,49.51251717284322
0.087,11,714712467,0.33279719948768616,0.0,0.0,7.7714910748181865,48.17351303063333
0.087,12,1218704077,0.4565151333808899,0.0,0.0,7.825477158068679,48.28165518119931
0.087,13,1284858263,0.36340075731277466,0.0,0.0,8.016632963088341,61.118924990296364
0.087,14,457721135,1.137568712234497,0.0,0.0,7.40323107666336,47.67502308823168
0.087,15,401008609,0.31709253787994385,0.0,0.0,7.725236168247648,48.47292904742062
0.087,16,492064534,0.3725183606147766,0.0,0.0,7.434685058891773,46.68605397455394
0.087,17,1444732602,0.32980799674987793,0.0,0.0,7.619731368264183,47.106248093768954
0.087,18,1317426686,0.38439056277275085,0.0,0.0,7.243714817566797,47.57985286414623
0.087,19,2022506251,0.32011187076568604,0.0,0.0,7.552032091189176,60.03582780249417
0.087,20,1516459118,0.38943949341773987,0.0,0.0,7.273632608586922,58.45437408424914
0.087,21,533103612,0.3324360251426697,0.0,0.0,7.54016857012175,49.64404087513685
0.087,22,1964759878,0.3544869124889374,0.0,0.0,8.475191418780014,61.963444110006094
0.087,23,2037706756,1.1400104761123657,0.0,0.0,6.8035958462860435,52.01220395974815
0.087,24,1572889065,0.3626423180103302,0.0,0.0,7.517510217614472,59.19873295351863
0.087,25,1432881518,1.1980335712432861,0.0,0.0,6.763961273245513,63.7797589879483
0.087,26,280516901,0.3223660886287689,0.0,0.0,7.313513837987557,67.29484186507761
0.087,27,205939248,0.30840179324150085,0.0,0.0,8.003003159887157,48.04618493653834
0.087,28,571904914,0.33530303835868835,0.0,0.0,7.76828340801876,47.99299803562462
0.087,29,948843457,0.33721473813056946,0.0,0.0,7.666179020772688,58.538190089166164
0.087,30,155492488,0.26394790410995483,0.0,0.0,7.428082268452272,57.13901878334582
0.087,31,1903701130,1.1944690942764282,0.0,0.0,6.895753523334861,58.840946992859244
0.087,32,1017961266,0.3020389676094055,0.0,0.0,7.5064146493095905,47.37288295291364
0.087,33,1497769985,0.34777483344078064,0.0,0.0,7.657758806832135,47.117813024669886
0.087,34,456523489,0.347737580537796,0.0,0.0,7.387324358569458,62.01783986762166
0.087,35,701095136,0.2803276479244232,0.0,0.0,7.39430553780403,47.11094405502081
0.087,36,249069576,0.4082719385623932,0.0,0.0,7.543272699927911,61.444210819900036
0.087,37,1576098728,0.35064777731895447,0.0,0.0,7.423892552265897,63.438701909035444
0.087,38,1662748500,0.3382715582847595,0.0,0.0,7.584991334122606,53.610596107319
0.087,39,472736216,1.1735761165618896,0.0,0.0,6.576085788197815,47.203907975926995
0.087,40,1535411295,0.3899833559989929,0.0,0.0,8.792554318672046,49.34919695369899
0.087,41,175223003,0.3971902132034302,0.0,0.0,7.511207258561626,47.73941612802446
0.087,42,840936862,0.3791969120502472,0.0,0.0,7.706909760832787,48.563949996605515
0.087,43,343373188,0.33770808577537537,0.0,0.0,8.18153621267993,47.12125100195408
0.087,44,1597751082,0.3543524444103241,0.0,0.0,7.502387878252193,51.3283119071275
0.087,45,730359585,0.30195552110671997,0.0,0.0,7.6831180062144995,52.916364977136254
0.087,46,1016641002,1.148863673210144,0.0,0.0,6.924775151070207,61.57037685625255
0.087,47,998994690,1.1573879718780518,0.0,0.0,7.029690891271457,47.48059599660337
0.087,48,1021240743,0.3146216571331024,0.0,0.0,7.714754501357675,48.293891130015254
0.087,49,572134801,0.33629360795021057,0.0,0.0,7.615266864420846,50.896720960736275
0.087,50,1198399760,0.25654399394989014,0.0,0.0,7.587238976615481,58.344129007309675
0.087,51,1751866485,0.3720315992832184,0.0,0.0,7.389303435338661,58.00529499538243
0.087,52,1070889713,1.1489132642745972,0.0,0.0,6.625467980047688,51.72033095732331
0.087,53,415096539,1.207916259765625,0.0,0.0,6.742058502975851,47.07096004858613
0.087,54,52416235,0.3950061798095703,0.0,0.0,7.6629159294534475,47.79924894683063
0.087,55,278032723,1.206263780593872,0.0,0.0,6.8076740831602365,48.17192396149039
0.087,56,174946158,0.3266066610813141,0.0,0.0,7.612603638437577,49.80594106018543
0.087,57,196848554,0.3856729567050934,0.0,0.0,7.904036078834906,66.03494891896844
0.087,58,263030910,0.31210505962371826,0.0,0.0,8.077121232636273,54.97251497581601
0.087,59,1285415020,0.23321948945522308,0.0,0.0,8.207695171004161,53.697515046224
0.087,60,1733223444,0.3408261835575104,0.0,0.0,7.419103305088356,47.5579840131104
0.087,61,1835544261,0.4004574418067932,0.0,0.0,7.616463033831678,54.283269913867116
0.087,62,1403186970,0.4060285985469818,0.0,0.0,7.640699691022746,51.96068505756557
0.087,63,1291971777,0.3458886444568634,0.0,0.0,7.93555072369054,59.600370936095715
0.087,64,712292067,0.3296261131763458,0.0,0.0,7.430232716491446,47.01148881576955
0.087,65,2001429764,0.31692764163017273,0.0,0.0,7.831294005620293,54.80772512964904
0.087,66,1375664061,1.2017794847488403,0.0,0.0,6.605728186434135,47.76145610958338
0.087,67,1556456120,0.38057926297187805,0.0,0.0,7.273127951310016,63.02643893286586
0.087,68,1576053187,1.1830878257751465,0.0,0.0,6.929543082835153,61.2837600056082
0.087,69,1848019881,0.37942931056022644,0.0,0.0,7.427572685992345,49.67923113144934
0.087,70,1508652585,0.33706504106521606,0.0,0.0,7.637778672273271,50.223147962242365
0.087,71,1995737731,0.41571030020713806,0.0,0.0,7.6070421828189865,68.95967200398445
0.087,72,1162788447,0.41368433833122253,0.0,0.0,8.055037145735696,55.61709986068308
0.087,73,1172925522,0.31782039999961853,0.0,0.0,7.964681334327906,58.74750483781099
0.087,74,539174575,0.43976858258247375,0.0,0.0,7.66622676840052,61.7206241004169
0.087,75,2013637345,0.32862046360969543,0.0,0.0,7.634830050054006,55.90102891437709
0.087,76,1187468716,1.1476166248321533,0.0,0.0,7.018204941647127,49.79477706365287
0.087,77,1062978506,0.2827628552913666,0.0,0.0,7.8847749585984275,53.09254303574562
0.087,78,679326770,0.3632166385650635,0.0,0.0,7.626049452926964,46.635715989395976
0.087,79,587923432,0.3110356628894806,0.0,0.0,7.806047982419841,47.733229119330645
0.087,80,1359889667,0.37310436367988586,0.0,0.0,7.6371118212118745,47.088513849303126
0.087,81,970187386,1.2107439041137695,0.0,0.0,6.702218096703291,55.400427896529436
0.087,82,1219839873,0.3703975975513458,0.0,0.0,8.030829549883492,54.25218609161675
0.087,83,1428160212,0.32135918736457825,0.0,0.0,7.628837762400508,47.70301119424403
0.087,84,1930609499,0.3142952620983124,0.0,0.0,7.442361256922595,64.12944197654724
0.087,85,710582861,0.3788270354270935,0.0,0.0,7.596359519986436,59.57910907454789
0.087,86,1463614337,0.4017878472805023,0.0,0.0,7.623189001809806,72.77375808916986
0.087,87,1940152705,1.1784073114395142,0.0,0.0,6.858316697413102,61.30977999418974
0.087,88,985452196,0.36566102504730225,0.0,0.0,7.689190668868832,47.014618990942836
0.087,89,552062587,0.3617837429046631,0.0,0.0,7.521544705261476,48.21955785155296
0.087,90,623566272,0.35025373101234436,0.0,0.0,7.470431704306975,48.90622105449438
0.087,91,729775797,0.3636537194252014,0.0,0.0,7.589592517353594,47.31209599412978
0.087,92,1352536665,0.3785965144634247,0.0,0.0,8.195914615760557,55.70740299299359
0.087,93,555883440,0.3529078960418701,0.0,0.0,7.642239003791474,53.73205593787134
0.087,94,1801800003,1.141492247581482,0.0,0.0,7.186538281152025,65.53580588661134
0.087,95,763315502,0.37354210019111633,0.0,0.0,7.7431938427034765,70.34166087396443
0.087,96,138897982,0.3295874297618866,0.0,0.0,7.632732247933745,66.00832007825375
0.087,97,10785379,1.207266092300415,0.0,0.0,6.830256060231477,53.95817803218961
0.087,98,53923185,1.1853245496749878,0.0,0.0,6.548548299120739,58.88142087496817
0.087,99,1349917978,0.3316272795200348,0.0,0.0,7.591866458300501,49.09499594941735
0.088,0,1501552845,0.3160043954849243,0.0,0.0,7.483108251588419,49.1280120331794
0.088,1,488200390,0.3024213910102844,0.0,0.0,8.006729201064445,49.041474936529994
0.088,2,1693606510,0.3358534872531891,0.0,0.0,7.815545481164008,50.54531083442271
0.088,3,680233354,0.38622263073921204,0.0,0.0,7.551611131289974,49.67986582778394
0.088,4,438466540,0.32648128271102905,0.0,0.0,7.621190331410617,48.76061202958226
0.088,5,1712329280,1.2042125463485718,0.0,0.0,6.816357943695039,48.56197512708604
0.088,6,1380152455,0.3225037753582001,0.0,0.0,7.583061050856486,54.46848296560347
0.088,7,1452245846,0.3944016098976135,0.0,0.0,7.4867632613750175,49.74976601079106
0.088,8,2122694021,0.37600719928741455,0.0,0.0,7.531922576483339,47.91458393447101
0.088,9,839901363,0.3801423907279968,0.0,0.0,7.75005933851935,48.2587160076946
0.088,10,1802651552,0.32883262634277344,0.0,0.0,7.948169474839233,55.45928003266454
0.088,11,714712467,0.3455165922641754,0.0,0.0,7.88574133394286,48.67921001277864
0.088,12,1218704077,0.4527551829814911,0.0,0.0,7.889637711923569,55.94317289069295
0.088,13,1284858263,0.34637385606765747,0.0,0.0,7.939718271838501,46.76480498164892
0.088,14,457721135,1.1224905252456665,0.0,0.0,7.480630631791428,46.42664408311248
0.088,15,401008609,1.1621848344802856,0.0,0.0,7.169235815294087,48.15563792362809
0.088,16,492064534,0.36609363555908203,0.0,0.0,7.564785470371135,70.35308191552758
0.088,17,1444732602,0.31870824098587036,0.0,0.0,7.372748133610003,49.06910308636725
0.088,18,1317426686,0.3754514753818512,0.0,0.0,7.218129567918368,49.012737814337015
0.088,19,2022506251,0.31897830963134766,0.0,0.0,7.646935572498478,48.666574992239475
0.088,20,1516459118,0.377250611782074,0.0,0.0,7.26760936062783,51.61296995356679
0.088,21,533103612,0.3239516615867615,0.0,0.0,7.502726440317929,74.51542397029698
0.088,22,1964759878,0.3251720070838928,0.0,0.0,7.977441458962858,59.247395023703575
0.088,23,2037706756,1.0779980421066284,0.0,0.0,7.087713197572157,57.0001311134547
0.088,24,1572889065,0.3798407316207886,0.0,0.0,7.55963243660517,48.11483295634389
0.088,25,1432881518,1.2046843767166138,0.0,0.0,6.797145047225058,48.45157195813954
0.088,26,280516901,0.30781570076942444,0.0,0.0,7.30580559594091,47.49658703804016
0.088,27,205939248,0.338767409324646,0.0,0.0,7.899292406393215,63.70964599773288
0.088,28,571904914,0.34586748480796814,0.0,0.0,8.297685636789538,46.97114205919206
0.088,29,948843457,0.3352357745170593,0.0,0.0,7.525865338742733,47.76519793085754
0.088,30,155492488,0.2675003707408905,0.0,0.0,7.5028008002555,47.7991490624845
0.088,31,1903701130,1.1965560913085938,0.0,0.0,6.843322277301922,63.95023502409458
0.088,32,1017961266,0.293612539768219,0.0,0.0,7.5375021998770535,54.71686599776149
0.088,33,1497769985,0.3720378875732422,0.0,0.0,7.692448138608597,56.53264792636037
0.088,34,456523489,0.3392534554004669,0.0,0.0,7.427642096881755,55.89719885028899
0.088,35,701095136,0.2781861126422882,0.0,0.0,7.583609979483299,47.18384286388755
0.088,36,249069576,0.3681870996952057,0.0,0.0,7.572614120901562,47.60939488187432
0.088,37,1576098728,0.35060957074165344,0.0,0.0,7.322260161745362,49.68231706880033
0.088,38,1662748500,0.33767303824424744,0.0,0.0,7.59267790033482,53.87323582544923
0.088,39,472736216,1.180801272392273,0.0,0.0,6.605879305163398,53.94055787473917
0.088,40,1535411295,0.389338880777359,0.0,0.0,8.208596921293065,56.71504489146173
0.088,41,175223003,0.4095377027988434,0.0,0.0,7.542453502654098,47.28901293128729
0.088,42,840936862,0.3700445294380188,0.0,0.0,8.037852482870221,60.030648950487375
0.088,43,343373188,0.3487306237220764,0.0,0.0,7.998091360903345,56.92012910731137
0.088,44,1597751082,0.34331363439559937,0.0,0.0,7.565121840802021,47.94833390042186
0.088,45,730359585,0.2942937910556793,0.0,0.0,7.603061447967775,46.83453985489905
0.088,46,1016641002,1.1563427448272705,0.0,0.0,6.934642820153385,51.825032802298665
0.088,47,998994690,1.1711740493774414,0.0,0.0,7.088528823805973,54.96352608315647
0.088,48,1021240743,1.2088249921798706,0.0,0.0,6.959632328944281,57.259718887507915
0.088,49,572134801,0.37319180369377136,0.0,0.0,7.882773074321449,45.670915860682726
0.088,50,1198399760,0.28967520594596863,0.0,0.0,7.394360402249731,46.94626107811928
0.088,51,1751866485,0.41998201608657837,0.0,0.0,7.482064699404873,47.715843887999654
0.088,52,1070889713,1.1552881002426147,0.0,0.0,6.598083746386692,48.03289216943085
0.088,53,415096539,1.218048334121704,0.0,0.0,6.740282851736993,50.046466989442706
0.088,54,52416235,0.3897067904472351,0.0,0.0,7.514471479924396,51.5516169834882
0.088,55,278032723,1.1383792161941528,0.0,0.0,7.236225693719462,51.607933128252625
0.088,56,174946158,0.34034380316734314,0.0,0.0,7.730783224338666,54.09886804409325
0.088,57,196848554,0.3765046298503876,0.0,0.0,7.8730183456791565,53.07247187010944
0.088,58,263030910,0.2947255074977875,0.0,0.0,8.089468920254149,47.1519420389086
0.088,59,1285415020,0.23075343668460846,0.0,0.0,8.10907126206439,46.4303120970726
0.088,60,1733223444,0.3361356556415558,0.0,0.0,7.616512462263927,47.681469935923815
0.088,61,1835544261,0.4065495431423187,0.0,0.0,7.886180124361999,47.544728964567184
0.088,62,1403186970,0.44516313076019287,0.0,0.0,7.623360185651109,56.56795692630112
0.088,63,1291971777,0.36017176508903503,0.0,0.0,7.926887012203224,49.664014019072056
0.088,64,712292067,0.32860472798347473,0.0,0.0,7.422004114487208,52.05499799922109
0.088,65,2001429764,0.3152335286140442,0.0,0.0,7.98735693783965,73.02675908431411
0.088,66,1375664061,1.208876371383667,0.0,0.0,6.660126410890371,52.185239968821406
0.088,67,1556456120,0.2605259418487549,0.0,0.0,7.37599869875703,72.4711308721453
0.088,68,1576053187,1.1916695833206177,0.0,0.0,6.94777302374132,59.73128415644169
0.088,69,1848019881,0.38453608751296997,0.0,0.0,7.457555643981323,48.680324805900455
0.088,70,1508652585,0.328197717666626,0.0,0.0,7.845085829496384,50.123976077884436
0.088,71,1995737731,0.41225630044937134,0.0,0.0,7.607393652899191,58.889392064884305
0.088,72,1162788447,0.4172082841396332,0.0,0.0,8.209983993088827,59.782588854432106
0.088,73,1172925522,1.1994084119796753,0.0,0.0,7.033352177590132,63.40076890774071
0.088,74,539174575,0.4188324213027954,0.0,0.0,7.755144825903699,52.36796010285616
0.088,75,2013637345,0.32650819420814514,0.0,0.0,7.594067750382237,49.05483312904835
0.088,76,1187468716,1.1605745553970337,0.0,0.0,6.9752061914186925,47.899960074573755
0.088,77,1062978506,0.276499480009079,0.0,0.0,8.079407256795093,47.961343079805374
0.088,78,679326770,0.3615352511405945,0.0,0.0,7.65007533156313,47.752908896654844
0.088,79,587923432,0.29150858521461487,0.0,0.0,7.8908834035974,47.816022066399455
0.088,80,1359889667,0.4037347733974457,0.0,0.0,7.532259515835904,47.769182128831744
0.088,81,970187386,1.202566146850586,0.0,0.0,6.924731632228941,53.020304068923
0.088,82,1219839873,0.36594370007514954,0.0,0.0,7.934441706864163,58.75614588148892
0.088,83,1428160212,0.3502212166786194,0.0,0.0,7.8532998650334775,63.48872394300997
0.088,84,1930609499,0.3262242078781128,0.0,0.0,7.231347882421687,59.114414965733886
0.088,85,710582861,0.3193855881690979,0.0,0.0,7.675143821397796,57.667179964482784
0.088,86,1463614337,0.3902032971382141,0.0,0.0,7.604544542264193,52.68185096792877
0.088,87,1940152705,1.1849054098129272,0.0,0.0,6.882232107454911,66.1324830725789
0.088,88,985452196,0.35409367084503174,0.0,0.0,7.725563159910962,66.8371410574764
0.088,89,552062587,0.4025212228298187,0.0,0.0,7.351374371093698,61.950630974024534
0.088,90,623566272,0.39873579144477844,0.0,0.0,7.531654038117267,47.230995958670974
0.088,91,729775797,0.3652622699737549,0.0,0.0,7.671527681173757,72.13379512540996
0.088,92,1352536665,0.3467641770839691,0.0,0.0,7.973690959857777,57.6650460716337
0.088,93,555883440,0.3484426736831665,0.0,0.0,7.756818410940468,76.96935394778848
0.088,94,1801800003,1.158109426498413,0.0,0.0,7.21129184612073,59.25229098647833
0.088,95,763315502,0.36190932989120483,0.0,0.0,7.622708728071302,54.69008511863649
0.088,96,138897982,0.34112748503685,0.0,0.0,7.792868004529737,56.423411006107926
0.088,97,10785379,1.2167426347732544,0.0,0.0,6.855758161749691,63.942259876057506
0.088,98,53923185,1.1949005126953125,0.0,0.0,6.498022032435983,60.59141014702618
0.088,99,1349917978,1.186066746711731,0.0,0.0,6.8706367902923375,62.74727499112487
0.089,0,1501552845,0.35451769828796387,0.0,0.0,7.507784575573169,50.04176311194897
0.089,1,488200390,0.31068477034568787,0.0,0.0,7.947349034715444,51.276417914777994
0.089,2,1693606510,0.3616617023944855,0.0,0.0,8.206135525135323,58.775692945346236
0.089,3,680233354,0.3779587745666504,0.0,0.0,7.502493153209798,48.55104396119714
0.089,4,438466540,0.31825345754623413,0.0,0.0,7.677705575129949,48.88001992367208
0.089,5,1712329280,1.2134085893630981,0.0,0.0,6.758348961826414,49.37922698445618
0.089,6,1380152455,0.30076101422309875,0.0,0.0,7.633706821361557,47.70456813275814
0.089,7,1452245846,0.3804682791233063,0.0,0.0,7.542557097738609,47.48202511109412
0.089,8,2122694021,0.28965476155281067,0.0,0.0,7.400582526810467,49.678824143484235
0.089,9,839901363,0.3641648292541504,0.0,0.0,7.651743523776531,62.744694063439965
0.089,10,1802651552,0.3273961544036865,0.0,0.0,7.938361938227899,58.47680103033781
0.089,11,714712467,0.3383961021900177,0.0,0.0,7.891355114406906,50.785536877810955
0.089,12,1218704077,0.4409946799278259,0.0,0.0,7.699135807924904,49.132884945720434
0.089,13,1284858263,0.36090171337127686,0.0,0.0,7.731867192895152,53.761344868689775
0.089,14,457721135,1.1352403163909912,0.0,0.0,7.447872431017458,66.85339310206473
0.089,15,401008609,1.1700042486190796,0.0,0.0,7.120730348397046,67.39100604318082
0.089,16,492064534,1.1773393154144287,0.0,0.0,6.8632069462910295,60.75908988714218
0.089,17,1444732602,0.3660244941711426,0.0,0.0,7.583821220207028,58.38834214955568
0.089,18,1317426686,0.38283538818359375,0.0,0.0,7.336566977668554,48.29794797115028
0.089,19,2022506251,0.32731398940086365,0.0,0.0,7.5350976245244965,57.171206222847104
0.089,20,1516459118,0.3772972822189331,0.0,0.0,7.392925333348103,63.217757968232036
0.089,21,533103612,0.32296180725097656,0.0,0.0,7.566176313092001,53.22520714253187
0.089,22,1964759878,0.32332396507263184,0.0,0.0,8.922962816315703,58.286555111408234
0.089,23,2037706756,1.10257887840271,0.0,0.0,7.200253493851051,51.464387914165854
0.089,24,1572889065,0.32928112149238586,0.0,0.0,7.603032504557632,47.94516903348267
0.089,25,1432881518,1.2153234481811523,0.0,0.0,6.765031447866932,53.30915004014969
0.089,26,280516901,0.3012467324733734,0.0,0.0,7.33934209740255,67.78120785020292
0.089,27,205939248,0.32957059144973755,0.0,0.0,8.126061432994902,55.51690794527531
0.089,28,571904914,0.33330047130584717,0.0,0.0,8.371251027914695,61.616976046934724
0.089,29,948843457,0.3321617543697357,0.0,0.0,7.599139808211476,52.09331982769072
0.089,30,155492488,0.3563741445541382,0.0,0.0,7.6936772561166435,49.59382489323616
0.089,31,1903701130,1.219619631767273,0.0,0.0,6.8328542716335505,59.933583019301295
0.089,32,1017961266,0.29599979519844055,0.0,0.0,7.47578631399665,47.86648298613727
0.089,33,1497769985,0.3791399598121643,0.0,0.0,7.674958078190684,54.7364610247314
0.089,34,456523489,0.33509936928749084,0.0,0.0,7.457239696756005,48.000512178987265
0.089,35,701095136,0.2869734466075897,0.0,0.0,7.683871044195257,48.04171808063984
0.089,36,249069576,0.36646661162376404,0.0,0.0,7.529255622299388,48.70872385799885
0.089,37,1576098728,0.3319369852542877,0.0,0.0,7.306175148463808,49.52239687554538
0.089,38,1662748500,1.2111687660217285,0.0,0.0,6.943217110587284,53.44438808970153
0.089,39,472736216,1.179567813873291,0.0,0.0,6.727092747809365,56.688700104132295
0.089,40,1535411295,0.38599029183387756,0.0,0.0,7.770781947299838,58.0810469109565
0.089,41,175223003,0.35767796635627747,0.0,0.0,7.665714920964092,54.78898389264941
0.089,42,840936862,0.3506038784980774,0.0,0.0,7.9529436498414725,62.130501959472895
0.089,43,343373188,0.3163999021053314,0.0,0.0,7.877801656140946,56.96852784603834
0.089,44,1597751082,0.34275710582733154,0.0,0.0,7.650692917290144,47.8939819149673
0.089,45,730359585,0.31686490774154663,0.0,0.0,7.685393869294785,49.101830925792456
0.089,46,1016641002,1.1698311567306519,0.0,0.0,6.879588955547661,55.61436107382178
0.089,47,998994690,1.1767551898956299,0.0,0.0,6.984428720548749,58.14058007672429
0.089,48,1021240743,0.33893516659736633,0.0,0.0,7.671873812447302,46.405889093875885
0.089,49,572134801,0.35880792140960693,0.0,0.0,7.683886581915431,55.285603972151875
0.089,50,1198399760,1.145194411277771,0.0,0.0,6.938928689574823,55.25607313029468
0.089,51,1751866485,0.42238593101501465,0.0,0.0,7.514012353611179,52.61998018249869
0.089,52,1070889713,1.1611731052398682,0.0,0.0,6.534609620459378,59.29592694155872
0.089,53,415096539,1.223205327987671,0.0,0.0,6.740017445757985,50.28599011711776
0.089,54,52416235,0.4046804904937744,0.0,0.0,7.532441634335555,56.72478792257607
0.089,55,278032723,1.1441491842269897,0.0,0.0,7.294464109931141,54.06282399781048
0.089,56,174946158,0.3358505666255951,0.0,0.0,7.718487701728009,57.682309998199344
0.089,57,196848554,0.34005266427993774,0.0,0.0,7.76749759959057,58.974988060072064
0.089,58,263030910,0.28599002957344055,0.0,0.0,8.151888525113463,59.47495996952057
0.089,59,1285415020,0.28220701217651367,0.0,0.0,8.08351393288467,53.77400596626103
0.089,60,1733223444,0.33147016167640686,0.0,0.0,7.644466107129119,67.49695120379329
0.089,61,1835544261,0.36023348569869995,0.0,0.0,7.96506398380734,58.688837103545666
0.089,62,1403186970,0.4412631392478943,0.0,0.0,7.60381468012929,54.46239607408643
0.089,63,1291971777,1.1604912281036377,0.0,0.0,7.174525833921507,47.283814987167716
0.089,64,712292067,0.291096955537796,0.0,0.0,7.510043201269582,56.31152982823551
0.089,65,2001429764,0.3089657127857208,0.0,0.0,7.835285675013438,59.40336408093572
0.089,66,1375664061,1.2189645767211914,0.0,0.0,6.759493545163423,54.40660798922181
0.089,67,1556456120,0.27848049998283386,0.0,0.0,7.412865620921366,48.03872900083661
0.089,68,1576053187,1.1974587440490723,0.0,0.0,6.936943592969328,65.97871519625187
0.089,69,1848019881,0.3346385061740875,0.0,0.0,7.417939595645294,51.17244482971728
0.089,70,1508652585,0.33705198764801025,0.0,0.0,7.7788012974197045,60.323999961838126
0.089,71,1995737731,0.3980560600757599,0.0,0.0,7.689806052134372,47.07702994346619
0.089,72,1162788447,0.383362740278244,0.0,0.0,8.380069943726994,47.128344886004925
0.089,73,1172925522,1.2122856378555298,0.0,0.0,7.062683172523975,60.07524603046477
0.089,74,539174575,0.42417439818382263,0.0,0.0,7.849012182094157,59.33511117473245
0.089,75,2013637345,0.3092149794101715,0.0,0.0,7.433395990752615,47.38396592438221
0.089,76,1187468716,1.1658762693405151,0.0,0.0,7.06329176062718,52.38817888312042
0.089,77,1062978506,0.3040005564689636,0.0,0.0,7.8296600403264165,57.905506109818816
0.089,78,679326770,1.1990031003952026,0.0,0.0,6.908859180519357,56.772304931655526
0.089,79,587923432,0.29809513688087463,0.0,0.0,7.789927257341333,54.83006499707699
0.089,80,1359889667,0.3892523944377899,0.0,0.0,7.46733932569623,47.08751803264022
0.089,81,970187386,1.208630919456482,0.0,0.0,6.9316419889219105,55.588903836905956
0.089,82,1219839873,0.3660662770271301,0.0,0.0,7.921774767222814,68.646056111902
0.089,83,1428160212,0.3436723053455353,0.0,0.0,7.652124347863719,59.11768181249499
0.089,84,1930609499,0.36938968300819397,0.0,0.0,7.545040094293654,65.83648105151951
0.089,85,710582861,0.3222073018550873,0.0,0.0,7.669826698489487,56.695756036788225
0.089,86,1463614337,0.3992375135421753,0.0,0.0,7.793521457235329,55.62935001216829
0.089,87,1940152705,1.191112756729126,0.0,0.0,6.83464422612451,49.44331990554929
0.089,88,985452196,0.3594188392162323,0.0,0.0,7.7015814176993445,57.40515189245343
0.089,89,552062587,0.49217769503593445,0.0,0.0,7.4140070483554155,59.18569606728852
0.089,90,623566272,0.3968502879142761,0.0,0.0,7.479856547550298,64.8031048476696
0.089,91,729775797,0.3073846399784088,0.0,0.0,7.936655077850446,47.44165297597647
0.089,92,1352536665,0.3984958529472351,0.0,0.0,8.126914989785291,60.739350970834494
0.089,93,555883440,0.34653881192207336,0.0,0.0,7.671721565769985,48.33707120269537
0.089,94,1801800003,1.1577658653259277,0.0,0.0,7.188661999301985,48.04253205657005
0.089,95,763315502,0.315346360206604,0.0,0.0,7.979189177043736,52.635567961260676
0.089,96,138897982,0.3035988509654999,0.0,0.0,7.805866362992674,52.815156057477
0.089,97,10785379,1.2227590084075928,0.0,0.0,6.851917750667781,58.771164156496525
0.089,98,53923185,1.2044141292572021,0.0,0.0,6.475550658768043,59.67450304888189
0.089,99,1349917978,1.1950467824935913,0.0,0.0,6.763027026783675,60.93422695994377
0.09,0,1501552845,0.34149420261383057,0.0,0.0,7.489061091677286,50.886505050584674
0.09,1,488200390,0.34448736906051636,0.0,0.0,7.854570304043591,56.10765516757965
0.09,2,1693606510,0.3379952311515808,0.0,0.0,7.801097585936077,52.2107370197773
0.09,3,680233354,0.37314915657043457,0.0,0.0,7.386590189184062,48.08106389828026
0.09,4,438466540,0.3197014033794403,0.0,0.0,7.715711192693561,57.080678176134825
0.09,5,1712329280,1.2232093811035156,0.0,0.0,6.749424492241815,52.85380105488002
0.09,6,1380152455,0.3211006820201874,0.0,0.0,7.4888291988754645,46.9602569937706
0.09,7,1452245846,0.29948562383651733,0.0,0.0,7.567200975259766,53.923354018479586
0.09,8,2122694021,0.36607787013053894,0.0,0.0,7.5511420865077525,55.88774103671312
0.09,9,839901363,0.3658469021320343,0.0,0.0,7.682297590305097,45.91390211135149
0.09,10,1802651552,0.3113710582256317,0.0,0.0,7.915723611833528,55.29444897547364
0.09,11,714712467,0.3232603073120117,0.0,0.0,7.935173596604727,48.28593088313937
0.09,12,1218704077,0.4443337619304657,0.0,0.0,7.83323460095562,54.40059397369623
0.09,13,1284858263,0.34550702571868896,0.0,0.0,8.091150867403485,48.92673413269222
0.09,14,457721135,1.1463462114334106,0.0,0.0,7.313835968030617,49.154844135046005
0.09,15,401008609,1.1799266338348389,0.0,0.0,7.013069218257442,48.032721038907766
0.09,16,492064534,1.1601450443267822,0.0,0.0,6.9278065650723875,47.96454100869596
0.09,17,1444732602,0.3171430826187134,0.0,0.0,7.534899218357168,49.34303415939212
0.09,18,1317426686,0.39107227325439453,0.0,0.0,7.303634754382074,47.92773607186973
0.09,19,2022506251,0.4155706763267517,0.0,0.0,7.558646945981309,47.2786130849272
0.09,20,1516459118,0.3908255100250244,0.0,0.0,7.7558765665162355,47.78639110736549
0.09,21,533103612,0.31594276428222656,0.0,0.0,7.505975431064144,47.29287908412516
0.09,22,1964759878,0.30274632573127747,0.0,0.0,8.431360938819125,55.08567695505917
0.09,23,2037706756,1.102104663848877,0.0,0.0,6.88882046029903,64.11213707178831
0.09,24,1572889065,0.2735825181007385,0.0,0.0,7.690047548385337,58.67148796096444
0.09,25,1432881518,1.2222506999969482,0.0,0.0,6.777905646013096,46.34419013746083
0.09,26,280516901,0.3045874834060669,0.0,0.0,7.26066516735591,47.43452090770006
0.09,27,205939248,0.30643442273139954,0.0,0.0,7.7399281011894345,54.92906994186342
0.09,28,571904914,0.33872535824775696,0.0,0.0,7.914352652733214,54.47120312601328
0.09,29,948843457,0.3263201117515564,0.0,0.0,7.7975665321573615,48.77258115448058
0.09,30,155492488,1.1871538162231445,0.0,0.0,6.880646646255627,52.8689029160887
0.09,31,1903701130,1.1995383501052856,0.0,0.0,7.046178426127881,55.762872099876404
0.09,32,1017961266,0.2964737117290497,0.0,0.0,7.532224598224275,48.39545697905123
0.09,33,1497769985,0.35932213068008423,0.0,0.0,7.65128369408194,54.58027287386358
0.09,34,456523489,0.32881754636764526,0.0,0.0,7.4519864924950525,47.790953889489174
0.09,35,701095136,0.31498822569847107,0.0,0.0,7.498686993843876,49.8241379391402
0.09,36,249069576,0.35005873441696167,0.0,0.0,7.613329271436669,53.53860114701092
0.09,37,1576098728,0.34589144587516785,0.0,0.0,7.28916941198986,50.844645127654076
0.09,38,1662748500,1.22047758102417,0.0,0.0,6.895171648124233,49.90466288290918
0.09,39,472736216,1.1910228729248047,0.0,0.0,6.721405272372067,49.633646849542856
0.09,40,1535411295,0.3802048861980438,0.0,0.0,8.223467802396044,51.54023296199739
0.09,41,175223003,0.36223772168159485,0.0,0.0,7.598530468530953,62.61670496314764
0.09,42,840936862,0.3623752295970917,0.0,0.0,7.934990799520165,56.962747825309634
0.09,43,343373188,0.35100939869880676,0.0,0.0,8.213998785358854,58.322392869740725
0.09,44,1597751082,0.35153308510780334,0.0,0.0,7.562468716525473,69.36813704669476
0.09,45,730359585,0.3021044433116913,0.0,0.0,7.792188518680632,50.43098493479192
0.09,46,1016641002,1.1795326471328735,0.0,0.0,6.862291743746027,49.895347096025944
0.09,47,998994690,1.194673776626587,0.0,0.0,6.879586667753756,49.54220703803003
0.09,48,1021240743,1.2238222360610962,0.0,0.0,6.878627903060988,48.23095188476145
0.09,49,572134801,0.38472118973731995,0.0,0.0,8.003152389661409,48.369525000452995
0.09,50,1198399760,1.1518648862838745,0.0,0.0,7.00703670270741,48.50071598775685
0.09,51,1751866485,0.37672868371009827,0.0,0.0,7.139207672211342,46.63124890066683
0.09,52,1070889713,1.166896104812622,0.0,0.0,6.552126944996417,48.28345309942961
0.09,53,415096539,1.226053237915039,0.0,0.0,6.7460272358730435,49.2371239233762
0.09,54,52416235,0.4146267771720886,0.0,0.0,7.355974825681187,57.646181900054216
0.09,55,278032723,1.1558533906936646,0.0,0.0,7.234531210968271,55.751862935721874
0.09,56,174946158,0.3404025733470917,0.0,0.0,7.793536752578802,46.949873212724924
0.09,57,196848554,0.3578903377056122,0.0,0.0,7.92047506722156,55.84796308539808
0.09,58,263030910,0.2723090350627899,0.0,0.0,8.189583279076032,52.74438811466098
0.09,59,1285415020,0.2892831265926361,0.0,0.0,8.0375357454177,58.18220996297896
0.09,60,1733223444,0.34721943736076355,0.0,0.0,7.573918726993725,60.528784058988094
0.09,61,1835544261,1.165426254272461,0.0,0.0,7.034494317602366,55.9217119589448
0.09,62,1403186970,0.44791045784950256,0.0,0.0,7.714221283211373,49.4864999782294
0.09,63,1291971777,1.1708507537841797,0.0,0.0,7.091741650132462,49.63506106287241
0.09,64,712292067,0.31576207280158997,0.0,0.0,7.350218564039096,48.9273420535028
0.09,65,2001429764,0.2987762689590454,0.0,0.0,7.976351830293424,48.00693108700216
0.09,66,1375664061,1.2245495319366455,0.0,0.0,6.718604526715353,66.9001720380038
0.09,67,1556456120,0.2755303978919983,0.0,0.0,7.424289772985503,56.43068393692374
0.09,68,1576053187,1.2035332918167114,0.0,0.0,6.9172417894005775,49.116167007014155
0.09,69,1848019881,0.3195350170135498,0.0,0.0,7.346326871425845,54.81022107414901
0.09,70,1508652585,0.3282640278339386,0.0,0.0,7.730398940155283,58.82157012820244
0.09,71,1995737731,1.2085926532745361,0.0,0.0,6.869972493266687,54.16345503181219
0.09,72,1162788447,0.41402843594551086,0.0,0.0,8.500945921521634,54.277047980576754
0.09,73,1172925522,1.2164735794067383,0.0,0.0,7.080815645400435,53.56073402799666
0.09,74,539174575,0.39367204904556274,0.0,0.0,7.842768132453784,49.54702081158757
0.09,75,2013637345,0.29639479517936707,0.0,0.0,7.738853280432522,55.74834393337369
0.09,76,1187468716,1.1765408515930176,0.0,0.0,6.907751388847828,55.937131866812706
0.09,77,1062978506,0.2777497172355652,0.0,0.0,7.887206082581542,49.78142096661031
0.09,78,679326770,0.3452552258968353,0.0,0.0,7.660416659084149,50.758755998685956
0.09,79,587923432,0.3009865880012512,0.0,0.0,7.870139244012535,50.689582945778966
0.09,80,1359889667,0.3693135380744934,0.0,0.0,7.580930959666148,55.037615820765495
0.09,81,970187386,1.2083922624588013,0.0,0.0,6.940946537768468,52.810771856456995
0.09,82,1219839873,0.37738385796546936,0.0,0.0,7.896580373053439,56.462172884494066
0.09,83,1428160212,1.1715035438537598,0.0,0.0,7.028845865745097,55.63577706925571
0.09,84,1930609499,1.1644798517227173,0.0,0.0,6.754750742344186,47.56096797063947
0.09,85,710582861,0.3248211443424225,0.0,0.0,7.66569483850617,47.948004212230444
0.09,86,1463614337,1.151563286781311,0.0,0.0,7.059434172231704,49.03442203067243
0.09,87,1940152705,1.2114660739898682,0.0,0.0,6.991494448389858,47.329684952273965
0.09,88,985452196,0.35001203417778015,0.0,0.0,7.935986330732703,50.12645595706999
0.09,89,552062587,0.42172691226005554,0.0,0.0,7.43346471618861,62.97393795102835
0.09,90,623566272,0.33618199825286865,0.0,0.0,7.484749499242753,48.72565786354244
0.09,91,729775797,0.30292394757270813,0.0,0.0,7.829845299827866,53.45234205015004
0.09,92,1352536665,0.43151775002479553,0.0,0.0,8.283348972909153,53.04616200737655
0.09,93,555883440,0.32849812507629395,0.0,0.0,7.618466098792851,48.84669394232333
0.09,94,1801800003,1.1502084732055664,0.0,0.0,7.207531996769831,46.883412869647145
0.09,95,763315502,0.38570335507392883,0.0,0.0,7.890012961695902,48.08666883036494
0.09,96,138897982,0.36123672127723694,0.0,0.0,7.78612552350387,46.79281520657241
0.09,97,10785379,1.2390145063400269,0.0,0.0,6.881959951017052,47.85072314552963
0.09,98,53923185,1.2166473865509033,0.0,0.0,6.516682541463524,47.56157100200653
0.09,99,1349917978,1.2043156623840332,0.0,0.0,6.81490036402829,47.166342847049236
0.091,0,1501552845,0.32873964309692383,0.0,0.0,7.522580315126106,67.48354318551719
0.091,1,488200390,0.33144834637641907,0.0,0.0,7.849453232483938,47.96051513403654
0.091,2,1693606510,0.41203415393829346,0.0,0.0,8.069160348270088,47.17669705860317
0.091,3,680233354,0.3753637671470642,0.0,0.0,7.409869494615123,47.64067893847823
0.091,4,438466540,0.3088635504245758,0.0,0.0,7.757242316263728,48.47577586770058
0.091,5,1712329280,1.2312003374099731,0.0,0.0,6.778857528232038,55.41074788197875
0.091,6,1380152455,0.32255759835243225,0.0,0.0,7.496914327261038,63.713544979691505
0.091,7,1452245846,1.221411943435669,0.0,0.0,6.570694265654311,47.49391507357359
0.091,8,2122694021,0.35576316714286804,0.0,0.0,7.564661433687434,51.21143814176321
0.091,9,839901363,0.3656044602394104,0.0,0.0,7.706834712065756,48.82878600619733
0.091,10,1802651552,0.3074539601802826,0.0,0.0,7.936509958934039,48.919108929112554
0.091,11,714712467,0.30863502621650696,0.0,0.0,7.731553013785742,65.59889204800129
0.091,12,1218704077,0.3980790972709656,0.0,0.0,7.877542049391195,60.692616971209645
0.091,13,1284858263,0.36078765988349915,0.0,0.0,7.570017928839661,59.6568260807544
0.091,14,457721135,1.1589841842651367,0.0,0.0,7.486809405963868,56.65798392146826
0.091,15,401008609,1.189787745475769,0.0,0.0,6.941979498369619,47.4156029522419
0.091,16,492064534,1.1521501541137695,0.0,0.0,6.911507395096123,64.77143103256822
0.091,17,1444732602,0.25906315445899963,0.0,0.0,7.763191565871239,58.66122292354703
0.091,18,1317426686,0.39435234665870667,0.0,0.0,7.3041614044923335,57.33098019845784
0.091,19,2022506251,0.3417210578918457,0.0,0.0,7.399072412285022,47.33634600415826
0.091,20,1516459118,0.38212743401527405,0.0,0.0,7.443960983073339,46.28053214401007
0.091,21,533103612,0.3122640550136566,0.0,0.0,7.464338236954063,46.305536990985274
0.091,22,1964759878,0.3525853455066681,0.0,0.0,8.114390907692723,46.98451398871839
0.091,23,2037706756,1.1157431602478027,0.0,0.0,6.984200574457645,47.15869505889714
0.091,24,1572889065,0.2746950685977936,0.0,0.0,7.532384647638537,58.83397092111409
0.091,25,1432881518,1.2223777770996094,0.0,0.0,6.7349489198531955,48.04065194912255
0.091,26,280516901,0.32378244400024414,0.0,0.0,7.687012364855036,50.45873811468482
0.091,27,205939248,0.30566760897636414,0.0,0.0,7.729555773665197,58.82187490351498
0.091,28,571904914,0.3364674746990204,0.0,0.0,7.687171996687539,60.68282714113593
0.091,29,948843457,0.2566101849079132,0.0,0.0,7.591650801710784,59.661426814273
0.091,30,155492488,1.2013884782791138,0.0,0.0,6.87506540841423,47.8866349440068
0.091,31,1903701130,1.209668517112732,0.0,0.0,6.9531289369333535,49.03480503708124
0.091,32,1017961266,0.3408656418323517,0.0,0.0,7.390055216383189,54.148321971297264
0.091,33,1497769985,0.3654167652130127,0.0,0.0,7.5039637794252485,50.63317599706352
0.091,34,456523489,0.3281913101673126,0.0,0.0,7.433219029684551,49.975834088400006
0.091,35,701095136,0.2846958041191101,0.0,0.0,7.927683512563817,54.07851189374924
0.091,36,249069576,0.3834618031978607,0.0,0.0,7.578626299276948,58.25915094465017
0.091,37,1576098728,0.33290010690689087,0.0,0.0,7.342180684441701,55.28149497695267
0.091,38,1662748500,1.2264710664749146,0.0,0.0,6.843395168427378,49.909632885828614
0.091,39,472736216,1.195266842842102,0.0,0.0,6.761615277500823,49.33159099891782
0.091,40,1535411295,0.3897157907485962,0.0,0.0,8.383327806252055,52.2978319786489
0.091,41,175223003,0.3827335238456726,0.0,0.0,7.529436854179949,50.25409092195332
0.091,42,840936862,0.3505418598651886,0.0,0.0,7.944715022109449,50.03198701888323
0.091,43,343373188,0.3490883409976959,0.0,0.0,8.271633818745613,60.64453301951289
0.091,44,1597751082,0.34532424807548523,0.0,0.0,7.6607519834069535,61.58552598208189
0.091,45,730359585,0.30228501558303833,0.0,0.0,7.5588498034048826,58.26476588845253
0.091,46,1016641002,1.186577320098877,0.0,0.0,6.864581021014601,52.691755117848516
0.091,47,998994690,1.2021931409835815,0.0,0.0,6.77390821557492,65.4936300124973
0.091,48,1021240743,1.2364754676818848,0.0,0.0,6.897000529337674,57.051321025937796
0.091,49,572134801,0.36491280794143677,0.0,0.0,8.04567187326029,47.296717995777726
0.091,50,1198399760,1.150692105293274,0.0,0.0,6.9540984206832945,47.66479320824146
0.091,51,1751866485,0.3930548131465912,0.0,0.0,7.120474391733296,47.133097890764475
0.091,52,1070889713,1.1762782335281372,0.0,0.0,6.563655128469691,47.31599101796746
0.091,53,415096539,1.2292883396148682,0.0,0.0,6.774400049354881,45.84183287806809
0.091,54,52416235,0.4083121716976166,0.0,0.0,7.494419341557659,60.77860598452389
0.091,55,278032723,1.198362112045288,0.0,0.0,7.075845495099202,57.4156220536679
0.091,56,174946158,0.3497128486633301,0.0,0.0,7.703526427852921,54.88688591867685
0.091,57,196848554,0.40802711248397827,0.0,0.0,7.971586713916622,62.095327069982886
0.091,58,263030910,0.2677501440048218,0.0,0.0,8.221402845694683,48.751017078757286
0.091,59,1285415020,0.29668939113616943,0.0,0.0,8.178662259480916,56.221074191853404
0.091,60,1733223444,0.3450227677822113,0.0,0.0,7.757567353430204,53.991784108802676
0.091,61,1835544261,1.1864666938781738,0.0,0.0,6.946558000519872,58.6591400206089
0.091,62,1403186970,0.4191720187664032,0.0,0.0,7.662223914288916,57.60071915574372
0.091,63,1291971777,1.1787588596343994,0.0,0.0,7.11610968480818,52.21318895928562
0.091,64,712292067,0.2903692424297333,0.0,0.0,7.554067186661996,56.971861980855465
0.091,65,2001429764,0.31919431686401367,0.0,0.0,8.289915443630889,51.43639910966158
0.091,66,1375664061,1.2308907508850098,0.0,0.0,6.636241330998018,59.01800096035004
0.091,67,1556456120,1.1803324222564697,0.0,0.0,6.941381507785991,55.44823803938925
0.091,68,1576053187,1.2017744779586792,0.0,0.0,6.970933358883485,57.22574098035693
0.091,69,1848019881,0.3116922378540039,0.0,0.0,7.2895860384451225,49.51478494331241
0.091,70,1508652585,0.3559463620185852,0.0,0.0,7.792291679885238,48.96261193789542
0.091,71,1995737731,1.2177729606628418,0.0,0.0,6.848026968538761,52.016819128766656
0.091,72,1162788447,0.40785691142082214,0.0,0.0,8.275179874966852,51.94242508150637
0.091,73,1172925522,1.2259442806243896,0.0,0.0,7.047914926195517,54.20679599046707
0.091,74,539174575,0.4002431333065033,0.0,0.0,7.744996747467667,50.95407599583268
0.091,75,2013637345,0.3631688952445984,0.0,0.0,7.554687865194865,50.641763024032116
0.091,76,1187468716,1.1851109266281128,0.0,0.0,7.0026740522589535,54.173219949007034
0.091,77,1062978506,0.28281378746032715,0.0,0.0,7.713064128300175,46.89910192973912
0.091,78,679326770,0.3256917893886566,0.0,0.0,7.707901195855811,48.42543485574424
0.091,79,587923432,0.2888006865978241,0.0,0.0,7.818078287760727,57.1345710195601
0.091,80,1359889667,0.36198145151138306,0.0,0.0,7.623088402557187,46.80093191564083
0.091,81,970187386,1.2177233695983887,0.0,0.0,6.996486462419853,51.89027590677142
0.091,82,1219839873,0.3738851249217987,0.0,0.0,7.911102796671912,50.32265395857394
0.091,83,1428160212,1.181081771850586,0.0,0.0,7.003741875989363,57.92357795871794
0.091,84,1930609499,1.1680941581726074,0.0,0.0,6.720690910937265,48.959159990772605
0.091,85,710582861,0.2902681231498718,0.0,0.0,7.8472620729589835,49.85125898383558
0.091,86,1463614337,1.1942671537399292,0.0,0.0,6.999394113197923,49.08197815530002
0.091,87,1940152705,1.226514458656311,0.0,0.0,6.584546914091334,56.93739908747375
0.091,88,985452196,0.36937516927719116,0.0,0.0,7.962413486326113,50.08327285759151
0.091,89,552062587,0.4209374487400055,0.0,0.0,7.297921298653819,48.007109900936484
0.091,90,623566272,0.3344918489456177,0.0,0.0,7.5795887833228335,50.60343211516738
0.091,91,729775797,0.28359130024909973,0.0,0.0,7.98088009073399,49.23227895051241
0.091,92,1352536665,0.29559552669525146,0.0,0.0,8.289342557196505,55.922719184309244
0.091,93,555883440,0.33243921399116516,0.0,0.0,7.564655726891942,48.57728397473693
0.091,94,1801800003,1.1745269298553467,0.0,0.0,7.1512009932193905,46.96696205064654
0.091,95,763315502,0.3575860857963562,0.0,0.0,7.810812080744654,47.527188900858164
0.091,96,138897982,1.2237509489059448,0.0,0.0,7.1735345856286585,46.500420896336436
0.091,97,10785379,1.2541435956954956,0.0,0.0,6.793611196335405,49.59152196533978
0.091,98,53923185,1.2211834192276,0.0,0.0,6.593672735849395,53.56773198582232
0.091,99,1349917978,1.206268310546875,0.0,0.0,6.777694574324414,55.907320929691195
0.092,0,1501552845,0.32641667127609253,0.0,0.0,7.581235910882242,58.2771219778806
0.092,1,488200390,0.3381747901439667,0.0,0.0,7.8409485324518755,55.54351303726435
0.092,2,1693606510,0.3554174304008484,0.0,0.0,7.9109101087087765,51.064922008663416
0.092,3,680233354,0.41453590989112854,0.0,0.0,7.570010538911447,60.80531282350421
0.092,4,438466540,0.31362199783325195,0.0,0.0,7.740364653989673,47.12043912149966
0.092,5,1712329280,1.2426025867462158,0.0,0.0,6.760972367133945,54.11300319246948
0.092,6,1380152455,0.3294960856437683,0.0,0.0,7.571746050030924,47.957991948351264
0.092,7,1452245846,1.239963412284851,0.0,0.0,6.495041746646166,47.0882230438292
0.092,8,2122694021,0.2795349359512329,0.0,0.0,7.436554744490422,47.851232113316655
0.092,9,839901363,0.35641077160835266,0.0,0.0,7.648298507090658,48.53654210455716
0.092,10,1802651552,0.2924152612686157,0.0,0.0,8.013058713288046,48.367799958214164
0.092,11,714712467,0.2818155288696289,0.0,0.0,7.770852729328908,48.19893394596875
0.092,12,1218704077,0.3919837176799774,0.0,0.0,8.030146446311846,63.00205201841891
0.092,13,1284858263,0.29644301533699036,0.0,0.0,7.780907220439985,47.16072417795658
0.092,14,457721135,1.1789802312850952,0.0,0.0,7.333461663220078,45.990824000909925
0.092,15,401008609,1.175157904624939,0.0,0.0,7.47803511749953,46.64434283040464
0.092,16,492064534,1.1674801111221313,0.0,0.0,6.84154426981695,51.98121699504554
0.092,17,1444732602,1.159440517425537,0.0,0.0,7.087194063002244,48.3549521304667
0.092,18,1317426686,1.1999304294586182,0.0,0.0,6.691015631658956,50.76076788827777
0.092,19,2022506251,0.3002847135066986,0.0,0.0,7.3960367270046845,57.18917609192431
0.092,20,1516459118,0.35618796944618225,0.0,0.0,7.315946023329161,59.62295504286885
0.092,21,533103612,0.38436779379844666,0.0,0.0,7.811471746419556,47.53747908398509
0.092,22,1964759878,0.3174239695072174,0.0,0.0,8.107046241872013,47.25461010821164
0.092,23,2037706756,1.1292089223861694,0.0,0.0,6.847653028555214,54.89981593564153
0.092,24,1572889065,0.35129719972610474,0.0,0.0,7.717027180944569,50.51997094415128
0.092,25,1432881518,1.2293232679367065,0.0,0.0,6.713810857618228,50.19421596080065
0.092,26,280516901,0.3219786584377289,0.0,0.0,7.665747312712483,50.44848611578345
0.092,27,205939248,0.28646183013916016,0.0,0.0,7.825387249467894,49.170078011229634
0.092,28,571904914,0.37049031257629395,0.0,0.0,7.7285669825505465,61.630676966160536
0.092,29,948843457,0.3525029420852661,0.0,0.0,7.795680286944844,47.20883700065315
0.092,30,155492488,1.2089147567749023,0.0,0.0,6.796550526749343,56.6684661898762
0.092,31,1903701130,1.2224196195602417,0.0,0.0,6.869719540933147,59.92475291714072
0.092,32,1017961266,0.35724979639053345,0.0,0.0,7.350657619070262,50.1235700212419
0.092,33,1497769985,0.35563698410987854,0.0,0.0,7.49832365475595,50.23813992738724
0.092,34,456523489,0.296770840883255,0.0,0.0,7.374309165286832,49.96476089581847
0.092,35,701095136,0.29240140318870544,0.0,0.0,7.767339380225167,56.903935968875885
0.092,36,249069576,0.36245283484458923,0.0,0.0,7.789520295569673,54.91766496561468
0.092,37,1576098728,0.31877458095550537,0.0,0.0,7.397320655407384,55.31003582291305
0.092,38,1662748500,1.2324855327606201,0.0,0.0,6.850098047638312,57.62895313091576
0.092,39,472736216,1.205216884613037,0.0,0.0,6.7136935133021325,58.95125796087086
0.092,40,1535411295,0.3912510275840759,0.0,0.0,8.230759408208542,63.32047679461539
0.092,41,175223003,0.3565596342086792,0.0,0.0,7.604074529488571,53.80667489953339
0.092,42,840936862,0.36973899602890015,0.0,0.0,7.813233169144951,48.04319399408996
0.092,43,343373188,1.208121418952942,0.0,0.0,7.3409278630279005,46.79404082708061
0.092,44,1597751082,0.34637919068336487,0.0,0.0,7.613841881859116,47.34321590512991
0.092,45,730359585,0.3041401207447052,0.0,0.0,7.6255397332133725,46.314618084579706
0.092,46,1016641002,1.1967891454696655,0.0,0.0,6.838667870732024,58.761568972840905
0.092,47,998994690,1.2110369205474854,0.0,0.0,6.807387640699744,55.30065903440118
0.092,48,1021240743,1.243630051612854,0.0,0.0,6.915087370201945,62.01867596246302
0.092,49,572134801,0.3605397641658783,0.0,0.0,7.882533367606811,57.837908854708076
0.092,50,1198399760,1.1842575073242188,0.0,0.0,6.915823235874996,48.807698069140315
0.092,51,1751866485,0.3509124517440796,0.0,0.0,7.318618042510934,49.356709932908416
0.092,52,1070889713,1.1865761280059814,0.0,0.0,6.521874914411455,52.24783904850483
0.092,53,415096539,1.2274649143218994,0.0,0.0,6.795786234783009,55.24044996127486
0.092,54,52416235,0.41366636753082275,0.0,0.0,7.485931929782964,47.58808691985905
0.092,55,278032723,1.1896255016326904,0.0,0.0,7.146618815837428,57.93978017754853
0.092,56,174946158,0.3466012477874756,0.0,0.0,7.679071665043011,60.097870184108615
0.092,57,196848554,0.40065205097198486,0.0,0.0,7.709338414249942,66.53944705612957
0.092,58,263030910,0.30353063344955444,0.0,0.0,8.127265898161568,62.68501398153603
0.092,59,1285415020,0.2777969539165497,0.0,0.0,8.145535322022624,55.899713886901736
0.092,60,1733223444,0.3249679505825043,0.0,0.0,7.56522073992528,48.65607479587197
0.092,61,1835544261,1.1886858940124512,0.0,0.0,6.925586317200214,56.75644497387111
0.092,62,1403186970,1.212719440460205,0.0,0.0,7.444556926377118,62.4542071018368
0.092,63,1291971777,1.1910603046417236,0.0,0.0,7.1053896641824394,55.02080102451146
0.092,64,712292067,0.3134849965572357,0.0,0.0,7.660488919937052,59.41732693463564
0.092,65,2001429764,0.30216652154922485,0.0,0.0,8.18370764167048,59.64727094396949
0.092,66,1375664061,1.2379658222198486,0.0,0.0,6.5557404975406826,59.501578100025654
0.092,67,1556456120,1.2219902276992798,0.0,0.0,6.776901260018349,50.84352195262909
0.092,68,1576053187,1.215952754020691,0.0,0.0,6.956669877283275,56.31617992185056
0.092,69,1848019881,0.2856035530567169,0.0,0.0,7.469752398319542,47.229056945070624
0.092,70,1508652585,0.32401424646377563,0.0,0.0,7.834147815825418,57.7903869561851
0.092,71,1995737731,1.225102186203003,0.0,0.0,6.79796645604074,52.41062608547509
0.092,72,1162788447,0.3382110893726349,0.0,0.0,8.016234489972703,46.433135168626904
0.092,73,1172925522,1.2332509756088257,0.0,0.0,7.118822124786675,54.83760708011687
0.092,74,539174575,0.39452388882637024,0.0,0.0,7.693853013799526,56.14026891998947
0.092,75,2013637345,0.3196570575237274,0.0,0.0,7.56309138413053,47.46512905694544
0.092,76,1187468716,1.1918576955795288,0.0,0.0,6.986933845560998,47.70574392750859
0.092,77,1062978506,0.26789698004722595,0.0,0.0,7.792057814775035,61.52562680654228
0.092,78,679326770,1.2061247825622559,0.0,0.0,6.983655135612935,57.62015306390822
0.092,79,587923432,0.35409078001976013,0.0,0.0,7.714225543779321,58.73397784307599
0.092,80,1359889667,0.3603152930736542,0.0,0.0,7.527477222494781,50.37846486084163
0.092,81,970187386,1.223382592201233,0.0,0.0,6.997221152996644,61.0018540173769
0.092,82,1219839873,0.3823966085910797,0.0,0.0,7.637421419261955,58.76876716502011
0.092,83,1428160212,1.1893815994262695,0.0,0.0,6.982084693852812,55.46300718560815
0.092,84,1930609499,1.173144817352295,0.0,0.0,6.660053768195212,68.26119008474052
0.092,85,710582861,0.2802492380142212,0.0,0.0,7.691852811956778,53.74663113616407
0.092,86,1463614337,1.2006049156188965,0.0,0.0,6.9433521730825305,51.39113520272076
0.092,87,1940152705,1.2333754301071167,0.0,0.0,6.602443071780726,50.83453003317118
0.092,88,985452196,0.3379662334918976,0.0,0.0,7.827593747060746,59.232976054772735
0.092,89,552062587,0.4193754494190216,0.0,0.0,7.330100104212761,47.16938594356179
0.092,90,623566272,0.37968558073043823,0.0,0.0,7.520711399498396,57.573908008635044
0.092,91,729775797,0.41869938373565674,0.0,0.0,7.858098951168358,53.204030031338334
0.092,92,1352536665,0.42780399322509766,0.0,0.0,8.357176247867756,48.450378933921456
0.092,93,555883440,0.3258105516433716,0.0,0.0,7.549473384744488,47.948252875357866
0.092,94,1801800003,1.1775195598602295,0.0,0.0,7.034910232760012,49.279795959591866
0.092,95,763315502,0.33883535861968994,0.0,0.0,7.826201199553907,48.150913091376424
0.092,96,138897982,1.255944013595581,0.0,0.0,7.075466250069439,50.30505801551044
0.092,97,10785379,1.2616498470306396,0.0,0.0,6.858429972780868,53.50844212807715
0.092,98,53923185,1.2248756885528564,0.0,0.0,6.651858050376177,56.735981022939086
0.092,99,1349917978,1.2250276803970337,0.0,0.0,6.6102457121014595,56.36048410087824
0.093,0,1501552845,1.2346519231796265,0.0,0.0,6.865249916445464,52.50292387790978
0.093,1,488200390,0.3175841271877289,0.0,0.0,7.653606290346943,54.85059297643602
0.093,2,1693606510,0.3886740803718567,0.0,0.0,7.9781348910182714,60.69550896063447
0.093,3,680233354,0.4362486004829407,0.0,0.0,7.4150473434710875,47.18916583806276
0.093,4,438466540,0.3139781057834625,0.0,0.0,7.7525573403108865,48.589820973575115
0.093,5,1712329280,1.250770092010498,0.0,0.0,6.76106784818694,48.98263490758836
0.093,6,1380152455,0.32862088084220886,0.0,0.0,7.583372332970612,49.65707496739924
0.093,7,1452245846,1.2371772527694702,0.0,0.0,6.5199445362668484,48.19178581237793
0.093,8,2122694021,0.3056684136390686,0.0,0.0,7.556810806039721,58.080852031707764
0.093,9,839901363,0.37015077471733093,0.0,0.0,7.8534561288543046,48.104767920449376
0.093,10,1802651552,0.31741514801979065,0.0,0.0,7.6940190138993785,47.50568699091673
0.093,11,714712467,0.2783951759338379,0.0,0.0,7.844404664589092,46.32761003449559
0.093,12,1218704077,0.3840513825416565,0.0,0.0,7.87601852521766,73.05557001382113
0.093,13,1284858263,0.29293879866600037,0.0,0.0,7.836829071165994,47.61363798752427
0.093,14,457721135,1.1927106380462646,0.0,0.0,7.124221394537017,48.3670390676707
0.093,15,401008609,1.186789631843567,0.0,0.0,6.895637485198677,48.559339018538594
0.093,16,492064534,1.1802607774734497,0.0,0.0,6.941355191636831,49.2824399843812
0.093,17,1444732602,1.166446328163147,0.0,0.0,7.068683653371409,48.43671713024378
0.093,18,1317426686,1.1930437088012695,0.0,0.0,6.688950885552913,59.66117396019399
0.093,19,2022506251,0.29337310791015625,0.0,0.0,7.3556187119102105,49.49035285972059
0.093,20,1516459118,0.3658003807067871,0.0,0.0,7.440069559961557,59.55838807858527
0.093,21,533103612,0.3537282943725586,0.0,0.0,7.681254384340718,54.82413596473634
0.093,22,1964759878,0.29155582189559937,0.0,0.0,8.09979156544432,57.672909926623106
0.093,23,2037706756,1.1446937322616577,0.0,0.0,7.036293271230534,60.10035099461675
0.093,24,1572889065,0.29699742794036865,0.0,0.0,7.955165210179985,48.37601515464485
0.093,25,1432881518,1.234879970550537,0.0,0.0,6.712269764626399,46.6388869099319
0.093,26,280516901,0.32501813769340515,0.0,0.0,7.641105207498185,47.91553202085197
0.093,27,205939248,0.3115074932575226,0.0,0.0,7.7249027382349595,47.41430887952447
0.093,28,571904914,0.3771422803401947,0.0,0.0,7.889108959003352,57.780538918450475
0.093,29,948843457,0.34775546193122864,0.0,0.0,7.689535548561253,60.98223710432649
0.093,30,155492488,1.2245609760284424,0.0,0.0,6.767389813438058,48.48070698790252
0.093,31,1903701130,1.212195873260498,0.0,0.0,6.713337549008429,50.05473899655044
0.093,32,1017961266,1.2017210721969604,0.0,0.0,6.556532808812335,64.19124407693744
0.093,33,1497769985,0.2969430387020111,0.0,0.0,7.570870808442123,50.005642930045724
0.093,34,456523489,1.1817089319229126,0.0,0.0,6.736782946856692,49.5699739549309
0.093,35,701095136,1.2159581184387207,0.0,0.0,6.954647742444649,65.74249709956348
0.093,36,249069576,0.35864517092704773,0.0,0.0,7.646849885233678,53.05284098722041
0.093,37,1576098728,0.3195796012878418,0.0,0.0,7.1976343841524795,59.39579801633954
0.093,38,1662748500,1.2456731796264648,0.0,0.0,6.770957530243322,48.85803489014506
0.093,39,472736216,1.2127606868743896,0.0,0.0,6.721616453258321,73.91138188540936
0.093,40,1535411295,0.37073346972465515,0.0,0.0,7.87440049694851,55.2726520691067
0.093,41,175223003,0.35943669080734253,0.0,0.0,7.841887930640951,59.88147296011448
0.093,42,840936862,0.40200117230415344,0.0,0.0,7.777329511591233,47.41690098308027
0.093,43,343373188,1.2158081531524658,0.0,0.0,7.359038867987692,52.086705807596445
0.093,44,1597751082,0.3503430187702179,0.0,0.0,7.51224519230891,47.10584715940058
0.093,45,730359585,0.30075785517692566,0.0,0.0,7.665071580791846,59.14844712242484
0.093,46,1016641002,1.1936429738998413,0.0,0.0,6.8784121186472476,64.39669616520405
0.093,47,998994690,1.2178230285644531,0.0,0.0,6.806498303776607,50.37156608887017
0.093,48,1021240743,1.2491445541381836,0.0,0.0,6.918018774827942,50.61871907673776
0.093,49,572134801,0.35366755723953247,0.0,0.0,7.647288589854725,50.59380689635873
0.093,50,1198399760,1.229810118675232,0.0,0.0,6.872911360813305,60.46714005060494
0.093,51,1751866485,1.216590166091919,0.0,0.0,6.563929407624528,57.42219905368984
0.093,52,1070889713,1.1808583736419678,0.0,0.0,6.505071574822068,49.10362488590181
0.093,53,415096539,1.231568694114685,0.0,0.0,6.788535307860002,61.62780290469527
0.093,54,52416235,0.42363259196281433,0.0,0.0,7.41444191429764,52.528008818626404
0.093,55,278032723,1.1830418109893799,0.0,0.0,7.348942504031584,48.79302019253373
0.093,56,174946158,0.2943255305290222,0.0,0.0,7.748696987167932,54.10635913722217
0.093,57,196848554,0.4037315249443054,0.0,0.0,7.789550132933073,55.58730592019856
0.093,58,263030910,0.2780100703239441,0.0,0.0,8.051646360079758,46.97045194916427
0.093,59,1285415020,0.2817050516605377,0.0,0.0,8.133170262910426,56.96878395974636
0.093,60,1733223444,0.3044983148574829,0.0,0.0,7.49230007478036,54.84773498028517
0.093,61,1835544261,1.1936674118041992,0.0,0.0,7.051600270206109,53.14657208509743
0.093,62,1403186970,1.2079840898513794,0.0,0.0,7.272313957335427,57.17804818414152
0.093,63,1291971777,1.198632836341858,0.0,0.0,7.107151139527559,57.120622834190726
0.093,64,712292067,0.3362656235694885,0.0,0.0,7.4225833570817485,48.90977987088263
0.093,65,2001429764,1.1511725187301636,0.0,0.0,7.334793672664091,61.10719800926745
0.093,66,1375664061,1.2439321279525757,0.0,0.0,6.591701697558165,50.13696011155844
0.093,67,1556456120,1.21517813205719,0.0,0.0,6.746567300986499,50.1290219835937
0.093,68,1576053187,1.2193399667739868,0.0,0.0,7.013227802468464,49.42795494571328
0.093,69,1848019881,0.294185996055603,0.0,0.0,7.42461399117019,48.517409013584256
0.093,70,1508652585,0.3113905191421509,0.0,0.0,7.706426622346044,48.49669197574258
0.093,71,1995737731,1.23399817943573,0.0,0.0,6.751127442577854,47.70856979303062
0.093,72,1162788447,0.35034874081611633,0.0,0.0,7.980576522881165,51.936144940555096
0.093,73,1172925522,1.2393258810043335,0.0,0.0,7.14329898962751,48.608046025037766
0.093,74,539174575,0.32925811409950256,0.0,0.0,7.193002358078957,51.96055583655834
0.093,75,2013637345,0.3077528178691864,0.0,0.0,7.657862530439161,51.195868058130145
0.093,76,1187468716,1.2073073387145996,0.0,0.0,6.851648527663201,47.21442190930247
0.093,77,1062978506,0.27160805463790894,0.0,0.0,8.063689474249259,59.55547606572509
0.093,78,679326770,1.2274936437606812,0.0,0.0,7.001275532180443,46.35316296480596
0.093,79,587923432,1.1985441446304321,0.0,0.0,6.911237839842215,51.87494307756424
0.093,80,1359889667,0.3868154287338257,0.0,0.0,7.554725309601054,48.6101268325001
0.093,81,970187386,1.2370822429656982,0.0,0.0,6.926707305479795,55.3713240660727
0.093,82,1219839873,0.3727758228778839,0.0,0.0,7.613455790444277,58.881862089037895
0.093,83,1428160212,1.1978068351745605,0.0,0.0,6.809167158557102,58.91281203366816
0.093,84,1930609499,1.1796644926071167,0.0,0.0,6.844699372071773,47.62202291749418
0.093,85,710582861,0.2996812164783478,0.0,0.0,7.678035500342958,49.111407017335296
0.093,86,1463614337,1.2082637548446655,0.0,0.0,6.987715099239722,49.65927801094949
0.093,87,1940152705,1.2392828464508057,0.0,0.0,6.600994120584801,55.60865392908454
0.093,88,985452196,0.347080260515213,0.0,0.0,7.7830982896266505,48.007108038291335
0.093,89,552062587,0.31660374999046326,0.0,0.0,7.165898929233663,49.06803881749511
0.093,90,623566272,0.3567872941493988,0.0,0.0,7.664252234506421,53.299487102776766
0.093,91,729775797,0.266467422246933,0.0,0.0,8.02261685335543,48.126995796337724
0.093,92,1352536665,0.4315095543861389,0.0,0.0,8.224587063770741,47.23465396091342
0.093,93,555883440,0.28372472524642944,0.0,0.0,7.657527889125049,52.119655068963766
0.093,94,1801800003,1.1764006614685059,0.0,0.0,7.075618175324053,53.575094090774655
0.093,95,763315502,0.34967726469039917,0.0,0.0,7.9168034717440605,53.98976500146091
0.093,96,138897982,1.2661042213439941,0.0,0.0,7.010005957912654,55.70174497552216
0.093,97,10785379,1.2720752954483032,0.0,0.0,6.745016960427165,48.50378795526922
0.093,98,53923185,1.23582124710083,0.0,0.0,6.660687418887392,49.22613687813282
0.093,99,1349917978,1.2342654466629028,0.0,0.0,6.500899490201846,61.056945007294416
0.094,0,1501552845,1.2593450546264648,0.0,0.0,6.857441801112145,47.104361932724714
0.094,1,488200390,0.29361119866371155,0.0,0.0,7.6817409676732495,47.60712990537286
0.094,2,1693606510,0.3873699903488159,0.0,0.0,7.909331160015427,49.29263284429908
0.094,3,680233354,0.3765554130077362,0.0,0.0,7.54317012289539,47.09771298803389
0.094,4,438466540,0.3090968132019043,0.0,0.0,7.700613175984472,55.12006301432848
0.094,5,1712329280,1.2547358274459839,0.0,0.0,6.711425076238811,53.20795997977257
0.094,6,1380152455,0.3068802058696747,0.0,0.0,7.46553277305793,46.807522885501385
0.094,7,1452245846,1.2422080039978027,0.0,0.0,6.609725014306605,69.89651592448354
0.094,8,2122694021,0.24538205564022064,0.0,0.0,7.367071395856328,49.07779209315777
0.094,9,839901363,0.31011661887168884,0.0,0.0,7.7178716697962955,47.272359021008015
0.094,10,1802651552,0.2976028025150299,0.0,0.0,7.6955985518870875,48.68066287599504
0.094,11,714712467,0.27688834071159363,0.0,0.0,7.841132850619033,50.13211187906563
0.094,12,1218704077,0.38459447026252747,0.0,0.0,7.92705018306151,49.45424688048661
0.094,13,1284858263,0.298595666885376,0.0,0.0,7.481233064318076,52.4564350489527
0.094,14,457721135,1.1811782121658325,0.0,0.0,7.454203431261703,53.11434296891093
0.094,15,401008609,1.1927993297576904,0.0,0.0,6.884722648886964,53.40118007734418
0.094,16,492064534,1.2424083948135376,0.0,0.0,6.881506509613246,56.41112802550197
0.094,17,1444732602,1.1800838708877563,0.0,0.0,6.944173927884549,59.01342094875872
0.094,18,1317426686,1.1964622735977173,0.0,0.0,6.688105752458796,48.356904881075025
0.094,19,2022506251,0.28199827671051025,0.0,0.0,7.41365081933327,47.5218859501183
0.094,20,1516459118,0.36531105637550354,0.0,0.0,7.537234629620798,48.11688279733062
0.094,21,533103612,0.3539162278175354,0.0,0.0,7.75062539614737,47.84349608235061
0.094,22,1964759878,0.29060623049736023,0.0,0.0,8.20836908405181,47.66510101035237
0.094,23,2037706756,1.1479476690292358,0.0,0.0,6.943853127537295,47.97247308306396
0.094,24,1572889065,0.2778739035129547,0.0,0.0,7.921585000236519,48.118076054379344
0.094,25,1432881518,1.2408298254013062,0.0,0.0,6.699606538750231,50.94129405915737
0.094,26,280516901,0.3191695213317871,0.0,0.0,7.650604415452108,48.238712130114436
0.094,27,205939248,0.22689393162727356,0.0,0.0,7.838234790717252,58.0821770709008
0.094,28,571904914,0.3709135353565216,0.0,0.0,8.010596841922961,51.498120883479714
0.094,29,948843457,0.3503209054470062,0.0,0.0,7.549869859358296,49.60823804140091
0.094,30,155492488,1.2308951616287231,0.0,0.0,6.787403299706057,49.428367987275124
0.094,31,1903701130,1.2115546464920044,0.0,0.0,6.7685271229129285,53.62121504731476
0.094,32,1017961266,1.2111685276031494,0.0,0.0,6.515648059779778,54.67526498250663
0.094,33,1497769985,0.36497998237609863,0.0,0.0,7.628520681755617,55.06231402978301
0.094,34,456523489,1.1925864219665527,0.0,0.0,6.734169268980622,49.205525079742074
0.094,35,701095136,1.2223368883132935,0.0,0.0,6.953334404854104,53.22520015761256
0.094,36,249069576,0.37597957253456116,0.0,0.0,7.695369730237871,49.918497912585735
0.094,37,1576098728,0.3061380982398987,0.0,0.0,7.259264020831324,53.09413489885628
0.094,38,1662748500,1.2172216176986694,0.0,0.0,6.779485963284969,60.984067153185606
0.094,39,472736216,1.2240140438079834,0.0,0.0,6.693000014638528,58.81293001584709
0.094,40,1535411295,0.3365255892276764,0.0,0.0,7.972521690418944,47.33294411562383
0.094,41,175223003,0.28779375553131104,0.0,0.0,7.835517136263661,49.5988258626312
0.094,42,840936862,0.37975654006004333,0.0,0.0,7.800906140590087,61.57846003770828
0.094,43,343373188,1.2257263660430908,0.0,0.0,7.193483747076243,59.91445388644934
0.094,44,1597751082,0.34377163648605347,0.0,0.0,7.4471084559336305,62.7282049972564
0.094,45,730359585,0.26544827222824097,0.0,0.0,7.573824726394378,50.882773008197546
0.094,46,1016641002,1.214724063873291,0.0,0.0,6.769031820585951,50.415173871442676
0.094,47,998994690,1.2228200435638428,0.0,0.0,6.899296286981553,62.83139809966087
0.094,48,1021240743,1.2590057849884033,0.0,0.0,6.854798394721001,56.07132497243583
0.094,49,572134801,0.325516015291214,0.0,0.0,7.752797604072839,60.235284036025405
0.094,50,1198399760,1.2360042333602905,0.0,0.0,7.062013054033741,57.76183493435383
0.094,51,1751866485,1.236620306968689,0.0,0.0,6.552307832054794,46.862935181707144
0.094,52,1070889713,1.1849119663238525,0.0,0.0,6.492346476297826,60.157019877806306
0.094,53,415096539,1.2295293807983398,0.0,0.0,6.753506242996082,54.448761977255344
0.094,54,52416235,0.42462581396102905,0.0,0.0,7.363607757142745,46.83763883076608
0.094,55,278032723,1.1798909902572632,0.0,0.0,7.226558856200427,47.13625693693757
0.094,56,174946158,0.30616745352745056,0.0,0.0,7.906920169829391,60.37922389805317
0.094,57,196848554,0.3804599344730377,0.0,0.0,7.8881873494246975,55.92086282558739
0.094,58,263030910,0.3124193251132965,0.0,0.0,7.957098357495852,58.48110094666481
0.094,59,1285415020,0.28446754813194275,0.0,0.0,8.120554953697138,54.99242292717099
0.094,60,1733223444,0.300513356924057,0.0,0.0,7.469883863348514,48.08588000014424
0.094,61,1835544261,1.1980128288269043,0.0,0.0,7.013952826149762,63.006014097481966
0.094,62,1403186970,1.2212138175964355,0.0,0.0,7.2373015431221575,63.0904259160161
0.094,63,1291971777,1.2060480117797852,0.0,0.0,7.112141164951026,68.43127310276031
0.094,64,712292067,0.3362521827220917,0.0,0.0,7.2416495240759104,72.57008901797235
0.094,65,2001429764,1.2235900163650513,0.0,0.0,7.115981080336496,47.648727893829346
0.094,66,1375664061,1.2541402578353882,0.0,0.0,6.670070899883285,48.27465699054301
0.094,67,1556456120,1.2292841672897339,0.0,0.0,6.744317995849997,48.178754979744554
0.094,68,1576053187,1.230050802230835,0.0,0.0,6.91914345510304,60.41584303602576
0.094,69,1848019881,0.2933017611503601,0.0,0.0,7.4575381563045084,58.70411009527743
0.094,70,1508652585,0.28092294931411743,0.0,0.0,7.730278622126207,53.70303289964795
0.094,71,1995737731,1.2422714233398438,0.0,0.0,6.776482724118978,61.03728781454265
0.094,72,1162788447,0.3349077105522156,0.0,0.0,8.322574610821903,53.25885210186243
0.094,73,1172925522,1.2505731582641602,0.0,0.0,7.096384923206642,47.632208094000816
0.094,74,539174575,0.3512592315673828,0.0,0.0,7.483949677203782,55.544534930959344
0.094,75,2013637345,0.32132866978645325,0.0,0.0,7.5993024576455355,48.67834807373583
0.094,76,1187468716,1.2206186056137085,0.0,0.0,6.680387512315065,56.53209798038006
0.094,77,1062978506,0.28823795914649963,0.0,0.0,7.691831180942245,49.67892006970942
0.094,78,679326770,1.2214241027832031,0.0,0.0,7.042725055245683,50.664569018408656
0.094,79,587923432,1.205073356628418,0.0,0.0,6.91352779045701,56.137003004550934
0.094,80,1359889667,0.3522585928440094,0.0,0.0,7.468539819237776,48.20505785755813
0.094,81,970187386,1.2194020748138428,0.0,0.0,7.036495164968073,58.45395615324378
0.094,82,1219839873,0.3812052309513092,0.0,0.0,7.520791447954252,50.18177512101829
0.094,83,1428160212,1.2080472707748413,0.0,0.0,6.811311584431678,50.347676035016775
0.094,84,1930609499,1.2034991979599,0.0,0.0,6.617141544818878,49.31669100187719
0.094,85,710582861,0.19517526030540466,0.0,0.0,7.669676575227641,57.695691008120775
0.094,86,1463614337,1.221286654472351,0.0,0.0,6.899033598368987,49.57389994524419
0.094,87,1940152705,1.241884708404541,0.0,0.0,6.567888946970925,49.08119491301477
0.094,88,985452196,0.3516635000705719,0.0,0.0,7.911138871102594,47.62017005123198
0.094,89,552062587,0.29510176181793213,0.0,0.0,7.346213978016749,48.08775009587407
0.094,90,623566272,0.36910149455070496,0.0,0.0,7.632254023803398,49.93965500034392
0.094,91,729775797,0.40184855461120605,0.0,0.0,8.289756416226737,48.44134300947189
0.094,92,1352536665,0.3141929805278778,0.0,0.0,8.482745354180224,48.541010823100805
0.094,93,555883440,1.188615083694458,0.0,0.0,6.887397528393194,54.08011702820659
0.094,94,1801800003,1.1940113306045532,0.0,0.0,7.096677081193775,48.66849584504962
0.094,95,763315502,0.37232574820518494,0.0,0.0,7.817878036526963,50.793776055797935
0.094,96,138897982,1.2729148864746094,0.0,0.0,7.023669252404943,59.38771413639188
0.094,97,10785379,1.2782096862792969,0.0,0.0,6.673588555306196,53.84640581905842
0.094,98,53923185,1.2381337881088257,0.0,0.0,6.663066460518166,59.11836610175669
0.094,99,1349917978,1.2431402206420898,0.0,0.0,6.499512141570449,50.686428090557456
0.095,0,1501552845,1.2403210401535034,0.0,0.0,6.910207838751376,47.88010683842003
0.095,1,488200390,0.3596929609775543,0.0,0.0,7.8551478867884725,49.66824688017368
0.095,2,1693606510,0.35216113924980164,0.0,0.0,7.7978922300972044,62.45584995485842
0.095,3,680233354,0.398188978433609,0.0,0.0,7.533605973236263,51.47722293622792
0.095,4,438466540,1.2605444192886353,0.0,0.0,6.923181045567617,48.61825914122164
0.095,5,1712329280,1.2606666088104248,0.0,0.0,6.505075773224235,48.23161102831364
0.095,6,1380152455,0.28857555985450745,0.0,0.0,7.503313117544167,54.912463994696736
0.095,7,1452245846,1.2485506534576416,0.0,0.0,6.5851697872858495,51.03079881519079
0.095,8,2122694021,0.31185001134872437,0.0,0.0,7.312574280309491,57.95697099529207
0.095,9,839901363,1.2110459804534912,0.0,0.0,6.833258741535246,48.755183815956116
0.095,10,1802651552,0.32071995735168457,0.0,0.0,7.740950673003681,48.88059012591839
0.095,11,714712467,0.2909987270832062,0.0,0.0,7.581132466671988,47.91771899908781
0.095,12,1218704077,0.3684094250202179,0.0,0.0,8.114163006073795,60.92932284809649
0.095,13,1284858263,0.28535810112953186,0.0,0.0,7.6918933698907495,49.023644998669624
0.095,14,457721135,1.1867070198059082,0.0,0.0,7.289388464763761,52.55064810626209
0.095,15,401008609,1.1969671249389648,0.0,0.0,6.918391809100285,57.160658994689584
0.095,16,492064534,1.254408836364746,0.0,0.0,6.8220945943612605,53.9142400957644
0.095,17,1444732602,1.187757968902588,0.0,0.0,6.986961044371128,47.656283946707845
0.095,18,1317426686,1.205678105354309,0.0,0.0,6.497601539595053,49.31854899041355
0.095,19,2022506251,0.2822144329547882,0.0,0.0,7.379627304384485,50.711665069684386
0.095,20,1516459118,0.3344753086566925,0.0,0.0,7.360529147321358,56.045118952170014
0.095,21,533103612,0.340883731842041,0.0,0.0,7.750254000886343,54.25576097331941
0.095,22,1964759878,0.295284628868103,0.0,0.0,8.327718779211864,56.25716713257134
0.095,23,2037706756,1.1582332849502563,0.0,0.0,7.019084804458544,56.42383708618581
0.095,24,1572889065,0.2717992961406708,0.0,0.0,7.983161672367714,50.028313184157014
0.095,25,1432881518,1.2464951276779175,0.0,0.0,6.715003732824698,54.16885018348694
0.095,26,280516901,0.30104756355285645,0.0,0.0,7.535219362704083,58.321401942521334
0.095,27,205939248,0.27114906907081604,0.0,0.0,7.853508949861862,70.05541399121284
0.095,28,571904914,0.38036710023880005,0.0,0.0,7.9949255955871195,51.481693983078
0.095,29,948843457,1.2233097553253174,0.0,0.0,6.911700352793559,48.397847916930914
0.095,30,155492488,1.2400671243667603,0.0,0.0,6.793418856570497,52.4213679600507
0.095,31,1903701130,1.2312216758728027,0.0,0.0,6.741059440886602,47.6901070214808
0.095,32,1017961266,1.21869695186615,0.0,0.0,6.475639692274854,48.91987587325275
0.095,33,1497769985,0.27755218744277954,0.0,0.0,7.613617585855536,67.93947494588792
0.095,34,456523489,1.1623378992080688,0.0,0.0,6.897027414757758,50.654105143621564
0.095,35,701095136,1.231798529624939,0.0,0.0,6.935613797279075,50.255472073331475
0.095,36,249069576,0.35568559169769287,0.0,0.0,7.686717871576548,50.12179701589048
0.095,37,1576098728,0.3193730413913727,0.0,0.0,7.258339810767211,50.07787700742483
0.095,38,1662748500,1.2239127159118652,0.0,0.0,6.744288364890963,49.4813839904964
0.095,39,472736216,1.229481816291809,0.0,0.0,6.673608079086989,48.85046207346022
0.095,40,1535411295,0.3484567105770111,0.0,0.0,7.919528147787787,49.1463381331414
0.095,41,175223003,0.2915269136428833,0.0,0.0,7.741549908882007,50.55849510245025
0.095,42,840936862,0.3739403486251831,0.0,0.0,7.774399692076258,47.24394506774843
0.095,43,343373188,1.2317649126052856,0.0,0.0,7.191201048670337,48.16422495059669
0.095,44,1597751082,0.3489740788936615,0.0,0.0,7.476436225348152,48.60129300504923
0.095,45,730359585,0.26126861572265625,0.0,0.0,7.723918889649212,47.680689021945
0.095,46,1016641002,1.2128379344940186,0.0,0.0,6.918400814989582,47.830556984990835
0.095,47,998994690,1.2356680631637573,0.0,0.0,6.717031483305618,46.17054807022214
0.095,48,1021240743,1.2707760334014893,0.0,0.0,6.762199844932184,46.84738186188042
0.095,49,572134801,0.30325907468795776,0.0,0.0,7.941074406960979,48.7735781352967
0.095,50,1198399760,1.2505658864974976,0.0,0.0,6.995006235316396,51.28025799058378
0.095,51,1751866485,1.2530009746551514,0.0,0.0,6.529663140885532,57.11177899502218
0.095,52,1070889713,1.1971343755722046,0.0,0.0,6.4512001916300505,49.800866981968284
0.095,53,415096539,1.230546474456787,0.0,0.0,6.694593625841662,66.61034119315445
0.095,54,52416235,0.4321202039718628,0.0,0.0,7.295068712788634,52.568999119102955
0.095,55,278032723,1.1922416687011719,0.0,0.0,7.033034644788131,56.80728401057422
0.095,56,174946158,0.2723388671875,0.0,0.0,7.801013943972066,56.988416938111186
0.095,57,196848554,0.30756676197052,0.0,0.0,7.727577974321321,52.23865807056427
0.095,58,263030910,0.3156375288963318,0.0,0.0,7.963621752220206,60.534016927704215
0.095,59,1285415020,0.2710215449333191,0.0,0.0,7.985072443843819,57.34641803428531
0.095,60,1733223444,0.28283023834228516,0.0,0.0,7.612589514232241,47.62901505455375
0.095,61,1835544261,1.2079020738601685,0.0,0.0,6.982179710641503,58.19087103009224
0.095,62,1403186970,1.2541096210479736,0.0,0.0,7.377823061076924,57.325826957821846
0.095,63,1291971777,1.2114709615707397,0.0,0.0,7.094467908376828,60.77368906699121
0.095,64,712292067,0.3009350895881653,0.0,0.0,7.280801018467173,48.53041493333876
0.095,65,2001429764,1.2821681499481201,0.0,0.0,7.109949823003262,53.38363000191748
0.095,66,1375664061,1.2602355480194092,0.0,0.0,6.666571711190045,51.495847990736365
0.095,67,1556456120,1.235938549041748,0.0,0.0,6.749765050364658,56.60261306911707
0.095,68,1576053187,1.2418475151062012,0.0,0.0,6.879939334467053,54.5207760296762
0.095,69,1848019881,0.2988487482070923,0.0,0.0,7.39700846222695,50.86295213550329
0.095,70,1508652585,0.26920610666275024,0.0,0.0,7.898355689249001,51.20091186836362
0.095,71,1995737731,1.241077184677124,0.0,0.0,6.840127697912976,48.55400184169412
0.095,72,1162788447,1.2422016859054565,0.0,0.0,7.188994222087786,49.601244973018765
0.095,73,1172925522,1.255998969078064,0.0,0.0,7.06435190490447,49.98046299442649
0.095,74,539174575,0.3896273374557495,0.0,0.0,7.364851859747432,50.170972011983395
0.095,75,2013637345,0.3124905228614807,0.0,0.0,7.76561554602813,48.87983901426196
0.095,76,1187468716,1.2310831546783447,0.0,0.0,6.647981789661571,57.71702085621655
0.095,77,1062978506,0.288580060005188,0.0,0.0,7.79187721083872,59.412803035229445
0.095,78,679326770,1.231971025466919,0.0,0.0,7.027603937545791,48.32864785566926
0.095,79,587923432,1.213905692100525,0.0,0.0,6.879200074123219,47.745385905727744
0.095,80,1359889667,0.33583661913871765,0.0,0.0,7.435940331663005,46.94907111115754
0.095,81,970187386,1.2313274145126343,0.0,0.0,6.936373486416414,58.7736030574888
0.095,82,1219839873,0.3765829801559448,0.0,0.0,7.468088205205277,51.22213205322623
0.095,83,1428160212,1.2153856754302979,0.0,0.0,6.819226884050295,49.62296294979751
0.095,84,1930609499,1.203991174697876,0.0,0.0,7.039079909678549,49.6619010809809
0.095,85,710582861,0.3014857769012451,0.0,0.0,7.667429568944499,49.23202912323177
0.095,86,1463614337,1.239027500152588,0.0,0.0,6.8073577443137765,50.61916704289615
0.095,87,1940152705,1.2402894496917725,0.0,0.0,6.5759450735058635,49.3799289688468
0.095,88,985452196,0.2802964448928833,0.0,0.0,7.654042690643109,49.40169304609299
0.095,89,552062587,0.26212790608406067,0.0,0.0,7.308346028323285,49.804511945694685
0.095,90,623566272,0.356689453125,0.0,0.0,7.619197266176343,50.675516948103905
0.095,91,729775797,0.403457909822464,0.0,0.0,8.229581436142325,59.47539699263871
0.095,92,1352536665,0.2486843317747116,0.0,0.0,8.063000622671098,47.72970313206315
0.095,93,555883440,1.1965361833572388,0.0,0.0,6.744853009702638,57.81142716296017
0.095,94,1801800003,1.2350327968597412,0.0,0.0,6.950164705980569,51.20200803503394
0.095,95,763315502,1.2455298900604248,0.0,0.0,7.040013252291828,52.3483301512897
0.095,96,138897982,1.2788784503936768,0.0,0.0,7.0475271521136165,49.94903993792832
0.095,97,10785379,1.2863821983337402,0.0,0.0,6.805227795615792,49.030583119019866
0.095,98,53923185,1.2452888488769531,0.0,0.0,6.654902454698458,50.246361177414656
0.095,99,1349917978,1.2528579235076904,0.0,0.0,6.475559854647145,47.980028903111815
0.096,0,1501552845,1.246471881866455,0.0,0.0,6.902793624671176,60.053347144275904
0.096,1,488200390,1.2494583129882812,0.0,0.0,7.024582511279732,50.96363602206111
0.096,2,1693606510,0.3502386212348938,0.0,0.0,8.034329116344452,65.32998685725033
0.096,3,680233354,0.40951743721961975,0.0,0.0,7.599374388693832,56.909528095275164
0.096,4,438466540,1.261971116065979,0.0,0.0,6.8535204427316785,76.30120404064655
0.096,5,1712329280,1.2724790573120117,0.0,0.0,6.72009911830537,47.26851312443614
0.096,6,1380152455,0.309824138879776,0.0,0.0,7.500533375190571,58.72164317406714
0.096,7,1452245846,1.255782127380371,0.0,0.0,6.587545885704458,54.6879880130291
0.096,8,2122694021,0.2574992775917053,0.0,0.0,7.391914091655053,51.31355510093272
0.096,9,839901363,1.2186367511749268,0.0,0.0,6.836150854593143,48.672901932150126
0.096,10,1802651552,0.3054618835449219,0.0,0.0,7.638317313278094,48.21621300652623
0.096,11,714712467,0.2870807349681854,0.0,0.0,7.6244573859730735,53.03615005686879
0.096,12,1218704077,1.2105841636657715,0.0,0.0,7.0206505947280675,54.6126130502671
0.096,13,1284858263,0.3495806157588959,0.0,0.0,7.716307140071876,62.90026777423918
0.096,14,457721135,1.2060234546661377,0.0,0.0,7.13374340091832,48.97136613726616
0.096,15,401008609,1.2110174894332886,0.0,0.0,6.7965078798588365,47.63934900984168
0.096,16,492064534,1.2601759433746338,0.0,0.0,6.835262367036194,51.24455690383911
0.096,17,1444732602,1.1920874118804932,0.0,0.0,6.947936882963404,57.90786980651319
0.096,18,1317426686,1.212727665901184,0.0,0.0,6.567072734935209,67.26983212865889
0.096,19,2022506251,0.30148956179618835,0.0,0.0,7.295707648969255,55.09050004184246
0.096,20,1516459118,0.35178902745246887,0.0,0.0,7.578554600127973,50.37553305737674
0.096,21,533103612,0.36457541584968567,0.0,0.0,7.727197291562334,49.56391383893788
0.096,22,1964759878,0.2797142267227173,0.0,0.0,8.283776713069528,47.685523983091116
0.096,23,2037706756,1.1611882448196411,0.0,0.0,7.1434171218425035,56.082422845065594
0.096,24,1572889065,0.29864370822906494,0.0,0.0,7.8645721728680655,47.83664899878204
0.096,25,1432881518,1.2549324035644531,0.0,0.0,6.896243907511234,53.165417863056064
0.096,26,280516901,1.2366327047348022,0.0,0.0,6.870267120189965,51.02165695279837
0.096,27,205939248,0.2834049165248871,0.0,0.0,7.713448216556571,66.5342858992517
0.096,28,571904914,0.3879816234111786,0.0,0.0,8.007568784523755,50.104593858122826
0.096,29,948843457,1.2316834926605225,0.0,0.0,6.9054763440508395,65.83127402700484
0.096,30,155492488,1.259944200515747,0.0,0.0,6.76874228939414,54.27508009597659
0.096,31,1903701130,1.2320046424865723,0.0,0.0,6.763381932629272,60.4947148822248
0.096,32,1017961266,1.226569652557373,0.0,0.0,6.484582669800147,49.75538793951273
0.096,33,1497769985,0.28823068737983704,0.0,0.0,7.639085293980315,59.906514128670096
0.096,34,456523489,1.1701409816741943,0.0,0.0,6.85778127796948,48.01265592686832
0.096,35,701095136,1.2373114824295044,0.0,0.0,6.975297118071467,48.77614788711071
0.096,36,249069576,0.35125094652175903,0.0,0.0,7.72224775434006,50.3104911185801
0.096,37,1576098728,0.2769676744937897,0.0,0.0,7.706297553959303,49.5109420735389
0.096,38,1662748500,1.2297521829605103,0.0,0.0,6.661877217236906,51.013329066336155
0.096,39,472736216,1.2425092458724976,0.0,0.0,6.5447106920182705,61.09729316085577
0.096,40,1535411295,0.3529067933559418,0.0,0.0,8.018300039926544,49.938305048272014
0.096,41,175223003,0.32858195900917053,0.0,0.0,7.7858711706940085,52.43253614753485
0.096,42,840936862,0.3901406228542328,0.0,0.0,7.808343789423816,50.47175707295537
0.096,43,343373188,1.2412644624710083,0.0,0.0,7.181332600302994,48.16022189334035
0.096,44,1597751082,0.350454717874527,0.0,0.0,7.46796445583459,62.88188393227756
0.096,45,730359585,0.2526203989982605,0.0,0.0,7.700932276202366,57.236362947151065
0.096,46,1016641002,1.2218050956726074,0.0,0.0,6.8205725743900985,53.99268609471619
0.096,47,998994690,1.251898169517517,0.0,0.0,6.6479325029067695,55.89233408682048
0.096,48,1021240743,1.2839573621749878,0.0,0.0,6.734059344511479,64.5681421738118
0.096,49,572134801,0.3405630588531494,0.0,0.0,7.971157533931546,47.93896107003093
0.096,50,1198399760,1.2581005096435547,0.0,0.0,6.971601106924936,47.88989992812276
0.096,51,1751866485,1.2627766132354736,0.0,0.0,6.499575731344521,47.25200007669628
0.096,52,1070889713,1.2226366996765137,0.0,0.0,6.284248923417181,54.0914349257946
0.096,53,415096539,1.241552472114563,0.0,0.0,6.713130212388933,53.69821097701788
0.096,54,52416235,0.4374549090862274,0.0,0.0,7.280917285592295,70.34014398232102
0.096,55,278032723,1.2904833555221558,0.0,0.0,6.551170775899664,58.99674003012478
0.096,56,174946158,0.29948315024375916,0.0,0.0,7.798867134843022,58.5657199844718
0.096,57,196848554,1.2447737455368042,0.0,0.0,6.614749204134569,50.9029901586473
0.096,58,263030910,0.32971566915512085,0.0,0.0,7.963568331790157,50.09579611942172
0.096,59,1285415020,0.3292364776134491,0.0,0.0,7.81762129755225,56.81969481520355
0.096,60,1733223444,1.2243216037750244,0.0,0.0,6.789143436588347,53.18135698325932
0.096,61,1835544261,1.2076448202133179,0.0,0.0,6.95496494253166,53.31181501969695
0.096,62,1403186970,1.2377910614013672,0.0,0.0,7.260853832354769,66.93451595492661
0.096,63,1291971777,1.2280781269073486,0.0,0.0,7.095665644155815,61.927215894684196
0.096,64,712292067,0.2569652795791626,0.0,0.0,7.335385147598572,62.02010787092149
0.096,65,2001429764,1.2647889852523804,0.0,0.0,7.08361230394803,61.215552035719156
0.096,66,1375664061,1.2656749486923218,0.0,0.0,6.6224408380221575,61.41422409564257
0.096,67,1556456120,1.2416691780090332,0.0,0.0,6.749656936619431,50.27343495748937
0.096,68,1576053187,1.2541486024856567,0.0,0.0,6.689888571156189,50.743615021929145
0.096,69,1848019881,0.2753751873970032,0.0,0.0,7.328215787769295,49.73516101017594
0.096,70,1508652585,0.2702111601829529,0.0,0.0,7.8573196126380935,51.15987197495997
0.096,71,1995737731,1.251656413078308,0.0,0.0,6.873983998084441,50.64634303562343
0.096,72,1162788447,1.24135160446167,0.0,0.0,7.084883311996236,51.570260897278786
0.096,73,1172925522,1.268002986907959,0.0,0.0,7.00060645560734,60.63847104087472
0.096,74,539174575,0.3989175856113434,0.0,0.0,7.341539360815659,52.24266997538507
0.096,75,2013637345,0.29893073439598083,0.0,0.0,7.6647598495474085,56.480912026017904
0.096,76,1187468716,1.239051103591919,0.0,0.0,6.644620785489678,57.49650881625712
0.096,77,1062978506,0.26470696926116943,0.0,0.0,7.9059852245263755,50.58315698988736
0.096,78,679326770,1.2272555828094482,0.0,0.0,7.148369087604806,51.157350186258554
0.096,79,587923432,1.2180899381637573,0.0,0.0,6.901808079332113,50.361352041363716
0.096,80,1359889667,0.33721616864204407,0.0,0.0,7.462140885996632,49.39942993223667
0.096,81,970187386,1.2398494482040405,0.0,0.0,6.86002373485826,48.87284501455724
0.096,82,1219839873,1.2091915607452393,0.0,0.0,7.1838149568066,60.060356045141816
0.096,83,1428160212,1.2224398851394653,0.0,0.0,6.817473586183041,60.97507197409868
0.096,84,1930609499,1.217460036277771,0.0,0.0,6.958703538635746,62.21871287561953
0.096,85,710582861,0.3048818111419678,0.0,0.0,7.80055340169929,57.563493959605694
0.096,86,1463614337,1.2169861793518066,0.0,0.0,7.106062271632254,49.43601810373366
0.096,87,1940152705,1.2491036653518677,0.0,0.0,6.608889179769903,49.09567185677588
0.096,88,985452196,0.2857562005519867,0.0,0.0,7.648902319255285,54.14630798622966
0.096,89,552062587,0.2661556899547577,0.0,0.0,7.320983254001476,49.87164703197777
0.096,90,623566272,0.3530806303024292,0.0,0.0,7.369569844682701,49.844789085909724
0.096,91,729775797,0.40317240357398987,0.0,0.0,8.240561773069203,56.34339991956949
0.096,92,1352536665,0.34055501222610474,0.0,0.0,8.18331164738629,47.86804411560297
0.096,93,555883440,0.2944842278957367,0.0,0.0,7.708331619622186,48.93444385379553
0.096,94,1801800003,1.2484827041625977,0.0,0.0,6.894205101765692,49.183448776602745
0.096,95,763315502,1.2461466789245605,0.0,0.0,7.066112112021074,47.653930028900504
0.096,96,138897982,1.2934653759002686,0.0,0.0,7.239967752946541,46.987279085442424
0.096,97,10785379,1.3029017448425293,0.0,0.0,6.797903384780511,47.17658297158778
0.096,98,53923185,1.2562767267227173,0.0,0.0,6.621140040457249,52.17458517290652
0.096,99,1349917978,1.2741693258285522,0.0,0.0,6.374415887054056,54.79958397336304
0.097,0,1501552845,1.2544211149215698,0.0,0.0,6.908907270990312,72.21285509876907
0.097,1,488200390,1.2234703302383423,0.0,0.0,7.009935130132362,55.5153121240437
0.097,2,1693606510,0.35773977637290955,0.0,0.0,7.860059635830112,47.67368989996612
0.097,3,680233354,0.42729321122169495,0.0,0.0,7.630820058868267,60.72167307138443
0.097,4,438466540,1.273702621459961,0.0,0.0,6.71466532186605,54.016551934182644
0.097,5,1712329280,1.2758129835128784,0.0,0.0,6.8461936980020255,49.00699108839035
0.097,6,1380152455,0.29209548234939575,0.0,0.0,7.501465665525757,48.46242000348866
0.097,7,1452245846,1.2655636072158813,0.0,0.0,6.561501841060817,50.44635199010372
0.097,8,2122694021,0.2638149857521057,0.0,0.0,7.394331652205437,49.310477916151285
0.097,9,839901363,1.241809368133545,0.0,0.0,6.886569559108466,52.31163511052728
0.097,10,1802651552,0.3037271201610565,0.0,0.0,7.556941395858303,47.275715973228216
0.097,11,714712467,0.2772170305252075,0.0,0.0,7.89350828435272,46.94774211384356
0.097,12,1218704077,1.185939908027649,0.0,0.0,7.096382429590449,57.47470911592245
0.097,13,1284858263,0.2801010012626648,0.0,0.0,7.5892465764191,57.31367599219084
0.097,14,457721135,1.180450677871704,0.0,0.0,7.66790377930738,49.967487808316946
0.097,15,401008609,1.2090359926223755,0.0,0.0,6.8801429162267596,54.2417629621923
0.097,16,492064534,1.2665953636169434,0.0,0.0,6.843083797255531,52.453919081017375
0.097,17,1444732602,1.236159086227417,0.0,0.0,6.656395636731759,56.52983789332211
0.097,18,1317426686,1.220869779586792,0.0,0.0,6.57671116059646,48.75875194557011
0.097,19,2022506251,0.34942924976348877,0.0,0.0,7.329813851392828,47.04844392836094
0.097,20,1516459118,0.33065587282180786,0.0,0.0,7.522629036335275,48.253582092002034
0.097,21,533103612,0.36301276087760925,0.0,0.0,7.801924291416071,64.10368415527046
0.097,22,1964759878,0.2973618805408478,0.0,0.0,7.88700654101558,50.485217012465
0.097,23,2037706756,1.1611547470092773,0.0,0.0,7.049832624383271,49.84737699851394
0.097,24,1572889065,0.29899129271507263,0.0,0.0,7.679132662131451,58.54439386166632
0.097,25,1432881518,1.2618070840835571,0.0,0.0,6.898281140252948,52.27891495451331
0.097,26,280516901,1.2305881977081299,0.0,0.0,6.8519821770023555,57.11035802960396
0.097,27,205939248,0.29397711157798767,0.0,0.0,7.75968487537466,53.09495097026229
0.097,28,571904914,0.3516216576099396,0.0,0.0,8.073603354510851,54.50399010442197
0.097,29,948843457,1.2475849390029907,0.0,0.0,6.868582372553647,47.62531304731965
0.097,30,155492488,1.2692621946334839,0.0,0.0,6.7623073873110116,55.462866090238094
0.097,31,1903701130,1.2337661981582642,0.0,0.0,6.844066397054121,48.588354140520096
0.097,32,1017961266,1.2322216033935547,0.0,0.0,6.4851649617776275,50.660263979807496
0.097,33,1497769985,0.41128531098365784,0.0,0.0,7.388821983127855,49.557993886992335
0.097,34,456523489,1.1946015357971191,0.0,0.0,6.8592377447057515,55.810460122302175
0.097,35,701095136,1.2409013509750366,0.0,0.0,6.957180977333337,54.521627025678754
0.097,36,249069576,0.3386944830417633,0.0,0.0,7.461932344012894,64.00714302435517
0.097,37,1576098728,0.2661387324333191,0.0,0.0,7.584331390331499,51.5348541084677
0.097,38,1662748500,1.237411379814148,0.0,0.0,6.684397239936516,49.703350057825446
0.097,39,472736216,1.249767780303955,0.0,0.0,6.497393226716667,60.79746410250664
0.097,40,1535411295,0.36014845967292786,0.0,0.0,8.146626385161653,65.01448014751077
0.097,41,175223003,0.37422674894332886,0.0,0.0,7.6551410923711956,52.82164900563657
0.097,42,840936862,0.2927996516227722,0.0,0.0,7.566298831021413,58.084503980353475
0.097,43,343373188,1.249515175819397,0.0,0.0,7.003184838453308,57.222859002649784
0.097,44,1597751082,0.3717445135116577,0.0,0.0,7.492424075608142,59.10720303654671
0.097,45,730359585,0.2543022334575653,0.0,0.0,7.586681448621675,47.617810079827905
0.097,46,1016641002,1.2330913543701172,0.0,0.0,6.918227928224951,47.66164580360055
0.097,47,998994690,1.2546443939208984,0.0,0.0,6.66555259632878,46.951131196692586
0.097,48,1021240743,1.296072244644165,0.0,0.0,6.616785745834932,47.593853902071714
0.097,49,572134801,0.3109816610813141,0.0,0.0,7.902083403780125,48.044104827567935
0.097,50,1198399760,1.2278887033462524,0.0,0.0,6.943159448448569,52.51172813586891
0.097,51,1751866485,1.2679426670074463,0.0,0.0,6.471917347284034,68.4379970189184
0.097,52,1070889713,1.2274404764175415,0.0,0.0,6.235154743073508,54.39593712799251
0.097,53,415096539,1.2478046417236328,0.0,0.0,6.580912507837638,49.52958086505532
0.097,54,52416235,0.43384405970573425,0.0,0.0,7.308323940378614,50.40829908102751
0.097,55,278032723,1.2915055751800537,0.0,0.0,6.6270909199956805,50.742469960823655
0.097,56,174946158,0.35016289353370667,0.0,0.0,7.695097715128213,50.88285799138248
0.097,57,196848554,1.2471778392791748,0.0,0.0,6.620280721923336,55.23618496954441
0.097,58,263030910,0.2820240259170532,0.0,0.0,8.060653371852823,50.39653484709561
0.097,59,1285415020,0.30372950434684753,0.0,0.0,7.912905063130893,51.138947950676084
0.097,60,1733223444,1.2063207626342773,0.0,0.0,6.9473520463798195,50.426611909642816
0.097,61,1835544261,1.2220358848571777,0.0,0.0,6.829784603090957,54.22675097361207
0.097,62,1403186970,1.2431573867797852,0.0,0.0,7.186149961780757,70.05795394070446
0.097,63,1291971777,1.221977710723877,0.0,0.0,7.1402254262939095,59.12431888282299
0.097,64,712292067,0.2892441749572754,0.0,0.0,7.4197591273114085,59.73659409210086
0.097,65,2001429764,1.3245396614074707,0.0,0.0,6.56205526785925,49.03485509566963
0.097,66,1375664061,1.2718582153320312,0.0,0.0,6.611783097265288,51.65921803563833
0.097,67,1556456120,1.2470557689666748,0.0,0.0,6.7476041035261005,64.78971801698208
0.097,68,1576053187,1.2640013694763184,0.0,0.0,6.748751285485923,50.23873597383499
0.097,69,1848019881,0.2996056377887726,0.0,0.0,7.318202197202481,50.925672985613346
0.097,70,1508652585,0.2945944368839264,0.0,0.0,7.891807450330816,49.577102065086365
0.097,71,1995737731,1.2631452083587646,0.0,0.0,6.8479707629885525,51.983562065288424
0.097,72,1162788447,1.2481968402862549,0.0,0.0,7.012172176036984,50.44859601184726
0.097,73,1172925522,1.2735217809677124,0.0,0.0,7.0235884129069746,59.977072989568114
0.097,74,539174575,0.4005245268344879,0.0,0.0,7.444953037658706,53.31517499871552
0.097,75,2013637345,0.3052127957344055,0.0,0.0,7.797260807012208,49.802165012806654
0.097,76,1187468716,1.2420016527175903,0.0,0.0,6.650439336663112,56.127802934497595
0.097,77,1062978506,0.27575212717056274,0.0,0.0,8.06795848312322,55.97562715411186
0.097,78,679326770,1.2285215854644775,0.0,0.0,7.141328366007656,49.66513090766966
0.097,79,587923432,1.221678614616394,0.0,0.0,6.953180362936109,55.39792007766664
0.097,80,1359889667,0.33842960000038147,0.0,0.0,7.495540237287059,66.08323520049453
0.097,81,970187386,1.248508334159851,0.0,0.0,6.891801211517304,61.79212988354266
0.097,82,1219839873,1.2171944379806519,0.0,0.0,7.113404649076983,59.40576200373471
0.097,83,1428160212,1.2292603254318237,0.0,0.0,6.80794069962576,57.065224973484874
0.097,84,1930609499,1.208048701286316,0.0,0.0,6.807948295492679,61.71299307607114
0.097,85,710582861,0.2439970076084137,0.0,0.0,7.945891404757276,53.48661099560559
0.097,86,1463614337,1.2559796571731567,0.0,0.0,7.1718495627865195,49.14230201393366
0.097,87,1940152705,1.2582647800445557,0.0,0.0,6.595832898514345,48.832378117367625
0.097,88,985452196,0.3329312205314636,0.0,0.0,7.70781412650831,47.15187498368323
0.097,89,552062587,0.3013681471347809,0.0,0.0,7.353729230468161,59.19546610675752
0.097,90,623566272,0.3436010777950287,0.0,0.0,7.720377043937333,48.06386004202068
0.097,91,729775797,0.3944355845451355,0.0,0.0,8.045050142449327,50.354059087112546
0.097,92,1352536665,0.3303080201148987,0.0,0.0,8.014087692950852,50.55316491052508
0.097,93,555883440,1.2078834772109985,0.0,0.0,6.933659972622991,47.396792098879814
0.097,94,1801800003,1.258372187614441,0.0,0.0,7.1997145395725965,52.2493498865515
0.097,95,763315502,1.2498540878295898,0.0,0.0,7.070277116494253,53.9405201561749
0.097,96,138897982,1.3013499975204468,0.0,0.0,7.261620832374319,52.803864935413
0.097,97,10785379,1.2996160984039307,0.0,0.0,6.7650767038576305,53.35053498856723
0.097,98,53923185,1.2606217861175537,0.0,0.0,6.613219581078738,57.34989792108536
0.097,99,1349917978,1.257550597190857,0.0,0.0,6.388257961953059,62.07149010151625
0.098,0,1501552845,1.258206844329834,0.0,0.0,6.823005815036595,54.13225688971579
0.098,1,488200390,1.2704828977584839,0.0,0.0,6.829576848773286,52.837030962109566
0.098,2,1693606510,0.4310189187526703,0.0,0.0,7.772082080249675,55.386224994435906
0.098,3,680233354,0.4265085458755493,0.0,0.0,7.78982749779243,58.339067036285996
0.098,4,438466540,1.2858067750930786,0.0,0.0,6.756396676879376,59.49582997709513
0.098,5,1712329280,1.2829875946044922,0.0,0.0,6.866300177760422,60.950067127123475
0.098,6,1380152455,0.2935640513896942,0.0,0.0,7.503569706925191,49.28760416805744
0.098,7,1452245846,0.28223857283592224,0.0,0.0,7.561274430016056,51.21358600445092
0.098,8,2122694021,0.2606550455093384,0.0,0.0,7.481393140158616,49.46986213326454
0.098,9,839901363,1.2608468532562256,0.0,0.0,7.042170271743089,47.45177389122546
0.098,10,1802651552,0.2912135124206543,0.0,0.0,7.595805159537122,46.49694496765733
0.098,11,714712467,0.25501734018325806,0.0,0.0,7.866843348369002,47.88399604149163
0.098,12,1218704077,1.2188440561294556,0.0,0.0,7.0009778630919755,53.64500707946718
0.098,13,1284858263,0.28498217463493347,0.0,0.0,7.709094412159175,53.40813798829913
0.098,14,457721135,1.1758900880813599,0.0,0.0,7.708494478370994,55.50637491978705
0.098,15,401008609,1.2305818796157837,0.0,0.0,6.882516429293901,53.657358046621084
0.098,16,492064534,1.2775105237960815,0.0,0.0,6.8420104591641575,68.42739507555962
0.098,17,1444732602,1.1974875926971436,0.0,0.0,7.08127663936466,54.58696489222348
0.098,18,1317426686,1.2277621030807495,0.0,0.0,6.526917563285679,59.023626847192645
0.098,19,2022506251,1.2615958452224731,0.0,0.0,6.746217452920973,49.63177302852273
0.098,20,1516459118,1.2516354322433472,0.0,0.0,6.662133115110919,59.84570807777345
0.098,21,533103612,0.36091241240501404,0.0,0.0,7.739939086837694,46.87850293703377
0.098,22,1964759878,0.28859421610832214,0.0,0.0,7.76625179941766,50.09248782880604
0.098,23,2037706756,1.1765410900115967,0.0,0.0,7.016358820255846,50.49572908319533
0.098,24,1572889065,0.285624623298645,0.0,0.0,8.04307354753837,48.84166899137199
0.098,25,1432881518,1.2683194875717163,0.0,0.0,6.883092517498881,48.97073796018958
0.098,26,280516901,1.2512542009353638,0.0,0.0,6.821844841353595,49.16378599591553
0.098,27,205939248,0.3017731308937073,0.0,0.0,7.8015375105896965,69.4670130033046
0.098,28,571904914,0.37173569202423096,0.0,0.0,7.9822882959851995,53.13011701218784
0.098,29,948843457,1.254847526550293,0.0,0.0,6.912513823946938,49.7498270124197
0.098,30,155492488,1.27703857421875,0.0,0.0,6.7610063527245075,47.38539690151811
0.098,31,1903701130,1.244072675704956,0.0,0.0,6.818105794489384,53.55323920957744
0.098,32,1017961266,1.2370399236679077,0.0,0.0,6.474834326189011,56.78336089476943
0.098,33,1497769985,0.36917081475257874,0.0,0.0,7.498712721746415,48.21847099810839
0.098,34,456523489,1.2151176929473877,0.0,0.0,6.882707017706707,47.8469708468765
0.098,35,701095136,1.2482366561889648,0.0,0.0,7.125131265958771,48.990843119099736
0.098,36,249069576,0.38737577199935913,0.0,0.0,7.457868515746668,49.0965829230845
0.098,37,1576098728,0.3412363529205322,0.0,0.0,7.437459090957418,47.55069897510111
0.098,38,1662748500,1.2367438077926636,0.0,0.0,6.6551061710342765,49.07597997225821
0.098,39,472736216,1.2541801929473877,0.0,0.0,6.463508154032752,55.66816893406212
0.098,40,1535411295,0.3619379699230194,0.0,0.0,8.059739870368503,49.77913782931864
0.098,41,175223003,0.3546162545681,0.0,0.0,7.60424121026881,57.755396934226155
0.098,42,840936862,0.32961389422416687,0.0,0.0,7.733533996390179,66.5741590783
0.098,43,343373188,1.2547450065612793,0.0,0.0,7.053259832551703,58.934749104082584
0.098,44,1597751082,0.3630709946155548,0.0,0.0,7.593762285890989,49.90630177780986
0.098,45,730359585,0.31463322043418884,0.0,0.0,7.6574030625633895,49.75480888970196
0.098,46,1016641002,1.2396005392074585,0.0,0.0,6.785672783618793,50.579728092998266
0.098,47,998994690,1.2644559144973755,0.0,0.0,6.705351357581094,52.9916959349066
0.098,48,1021240743,1.3046468496322632,0.0,0.0,6.616180100478232,60.120560927316546
0.098,49,572134801,0.3326912522315979,0.0,0.0,7.996489590383135,50.31237890943885
0.098,50,1198399760,1.2546864748001099,0.0,0.0,6.883099404163659,51.10079003497958
0.098,51,1751866485,1.2765533924102783,0.0,0.0,6.448952259030193,49.20753394253552
0.098,52,1070889713,1.2341811656951904,0.0,0.0,6.218234777217731,50.56043993681669
0.098,53,415096539,1.2583216428756714,0.0,0.0,6.571777905570343,52.760296035557985
0.098,54,52416235,0.43520304560661316,0.0,0.0,7.2831014627590775,56.13976391032338
0.098,55,278032723,1.3052904605865479,0.0,0.0,6.578951254487038,53.079584147781134
0.098,56,174946158,0.3057318925857544,0.0,0.0,7.666517986333929,58.323427103459835
0.098,57,196848554,1.2164056301116943,0.0,0.0,6.7204322756733745,52.05982504412532
0.098,58,263030910,0.29888153076171875,0.0,0.0,7.994032642571256,50.20216596312821
0.098,59,1285415020,0.30433863401412964,0.0,0.0,7.994874521973543,49.555153120309114
0.098,60,1733223444,1.211667776107788,0.0,0.0,6.97320500924252,59.437853982672095
0.098,61,1835544261,1.2288974523544312,0.0,0.0,6.9060697592794895,56.02784105576575
0.098,62,1403186970,1.2507622241973877,0.0,0.0,7.148477202979848,51.4537061098963
0.098,63,1291971777,1.2070095539093018,0.0,0.0,7.1588009090628475,59.34384814463556
0.098,64,712292067,0.29850760102272034,0.0,0.0,7.383611987926997,60.164876049384475
0.098,65,2001429764,1.3392891883850098,0.0,0.0,6.61221683700569,55.338744074106216
0.098,66,1375664061,1.2777533531188965,0.0,0.0,6.614909013733268,49.632471054792404
0.098,67,1556456120,1.2534401416778564,0.0,0.0,6.729811776895076,60.852259863168
0.098,68,1576053187,1.2694588899612427,0.0,0.0,6.785572839900851,59.084816137328744
0.098,69,1848019881,0.32666051387786865,0.0,0.0,7.2556497633922845,64.58700494840741
0.098,70,1508652585,0.29705438017845154,0.0,0.0,7.9006064920686185,49.462707014754415
0.098,71,1995737731,1.2712830305099487,0.0,0.0,6.78030019835569,51.71844782307744
0.098,72,1162788447,1.258784294128418,0.0,0.0,6.71605149214156,48.8409751560539
0.098,73,1172925522,1.2819644212722778,0.0,0.0,7.054561322787777,49.95148698799312
0.098,74,539174575,0.3426523506641388,0.0,0.0,7.251717873848975,49.76514889858663
0.098,75,2013637345,0.3047623634338379,0.0,0.0,7.762095863348804,59.86668402329087
0.098,76,1187468716,1.2478421926498413,0.0,0.0,6.618239113129675,53.50618506781757
0.098,77,1062978506,0.26424503326416016,0.0,0.0,7.6573701032903045,50.43432489037514
0.098,78,679326770,1.2416609525680542,0.0,0.0,7.144973814021796,63.795039895921946
0.098,79,587923432,1.2278897762298584,0.0,0.0,6.95099485036917,46.99360113590956
0.098,80,1359889667,0.39562925696372986,0.0,0.0,7.641803364735097,47.44181293062866
0.098,81,970187386,1.2526301145553589,0.0,0.0,6.967352940933779,48.15108608454466
0.098,82,1219839873,1.2402329444885254,0.0,0.0,7.012067507021129,47.65747021883726
0.098,83,1428160212,1.2370820045471191,0.0,0.0,6.81178300245665,63.13745095394552
0.098,84,1930609499,1.2149758338928223,0.0,0.0,6.837941398145631,48.62722801044583
0.098,85,710582861,1.2445570230484009,0.0,0.0,6.915426216088235,56.60717701539397
0.098,86,1463614337,1.2663495540618896,0.0,0.0,7.176666899584234,49.79557287879288
0.098,87,1940152705,1.2648663520812988,0.0,0.0,6.515256970888004,48.88301016762853
0.098,88,985452196,0.3531089723110199,0.0,0.0,7.688424771069549,47.57263301871717
0.098,89,552062587,1.2450112104415894,0.0,0.0,6.522797293262556,47.81850799918175
0.098,90,623566272,0.37012776732444763,0.0,0.0,7.61212938290555,50.888397032395005
0.098,91,729775797,1.1109249591827393,0.0,0.0,8.548831730615348,53.59489796683192
0.098,92,1352536665,0.37162452936172485,0.0,0.0,8.031865950440988,47.68969304859638
0.098,93,555883440,1.2163528203964233,0.0,0.0,6.900204605888575,48.405709909275174
0.098,94,1801800003,1.2593705654144287,0.0,0.0,7.170654866844416,47.10132395848632
0.098,95,763315502,1.2557979822158813,0.0,0.0,7.052297253394499,46.13867006264627
0.098,96,138897982,1.3047254085540771,0.0,0.0,6.907312833238393,45.98825890570879
0.098,97,10785379,1.3111603260040283,0.0,0.0,6.729058291064575,58.510462986305356
0.098,98,53923185,1.2643353939056396,0.0,0.0,6.6810138202272356,58.95162187516689
0.098,99,1349917978,1.2752588987350464,0.0,0.0,6.299120729090646,59.95509517379105
0.099,0,1501552845,1.266713261604309,0.0,0.0,6.853102619992569,49.402091884985566
0.099,1,488200390,1.2298502922058105,0.0,0.0,7.056311376858503,58.04895586334169
0.099,2,1693606510,0.3731435239315033,0.0,0.0,7.742751116165891,56.37803999707103
0.099,3,680233354,0.3508588671684265,0.0,0.0,7.446901180665009,53.700994001701474
0.099,4,438466540,1.2921247482299805,0.0,0.0,6.782243800815195,51.456422079354525
0.099,5,1712329280,1.293555498123169,0.0,0.0,6.687805569730699,61.699619982391596
0.099,6,1380152455,0.2600025236606598,0.0,0.0,7.663666093721986,53.72975883074105
0.099,7,1452245846,0.3270612061023712,0.0,0.0,7.686593902762979,65.14309020712972
0.099,8,2122694021,0.32669150829315186,0.0,0.0,7.480280494317412,69.66768205165863
0.099,9,839901363,1.2489511966705322,0.0,0.0,7.144496267661452,59.78902615606785
0.099,10,1802651552,0.3167891502380371,0.0,0.0,7.5381799263413996,55.15858298167586
0.099,11,714712467,0.2551899254322052,0.0,0.0,7.841497627552599,53.618706995621324
0.099,12,1218704077,1.2700574398040771,0.0,0.0,6.967532830545679,55.74987083673477
0.099,13,1284858263,0.3005499243736267,0.0,0.0,7.7029961390653625,53.648663917556405
0.099,14,457721135,1.1899094581604004,0.0,0.0,7.669199765659869,63.50549100898206
0.099,15,401008609,1.2352182865142822,0.0,0.0,6.701096623437479,34.699569921940565
0.099,16,492064534,1.2842795848846436,0.0,0.0,6.835992227774113,34.408296924084425
0.099,17,1444732602,1.2516454458236694,0.0,0.0,6.519448623526841,34.431159030646086
0.099,18,1317426686,1.2352241277694702,0.0,0.0,6.508991934824735,40.055366000160575
0.099,19,2022506251,1.226629614830017,0.0,0.0,6.838640897767618,48.94240479916334
0.099,20,1516459118,1.2491471767425537,0.0,0.0,6.608708925079554,35.64251819625497
0.099,21,533103612,0.3570677936077118,0.0,0.0,7.78235109813977,35.30107997357845
0.099,22,1964759878,0.29459789395332336,0.0,0.0,7.850641849567182,33.732900861650705
0.099,23,2037706756,1.1910525560379028,0.0,0.0,6.9947861498221755,34.271924989297986
0.099,24,1572889065,0.27353382110595703,0.0,0.0,7.9684090139344335,33.696492901071906
0.099,25,1432881518,1.2758060693740845,0.0,0.0,6.867096743779257,58.93199797719717
0.099,26,280516901,1.2820156812667847,0.0,0.0,6.848847247892991,36.86657617799938
0.099,27,205939248,0.27931737899780273,0.0,0.0,7.924612139817327,42.90687199681997
0.099,28,571904914,0.30830779671669006,0.0,0.0,7.9059524782933295,34.04186712577939
0.099,29,948843457,1.2649928331375122,0.0,0.0,7.116454317001626,34.023899119347334
0.099,30,155492488,1.2806380987167358,0.0,0.0,6.7358765543904155,33.88353786431253
0.099,31,1903701130,1.2491910457611084,0.0,0.0,6.875477300258353,34.12673994898796
0.099,32,1017961266,1.2479227781295776,0.0,0.0,6.465800825506449,46.56184487976134
0.099,33,1497769985,0.3081148564815521,0.0,0.0,7.469986441079527,37.18570014461875
0.099,34,456523489,1.2260795831680298,0.0,0.0,6.867737912107259,36.46897501312196
0.099,35,701095136,1.2634714841842651,0.0,0.0,7.098414225503802,46.38598207384348
0.099,36,249069576,0.38406479358673096,0.0,0.0,7.508887519012205,43.39143284596503
0.099,37,1576098728,0.2582261860370636,0.0,0.0,7.555217758868821,41.6229700203985
0.099,38,1662748500,1.2502464056015015,0.0,0.0,6.626699969172478,33.842217177152634
0.099,39,472736216,1.2630462646484375,0.0,0.0,6.4705142674501985,34.457070054486394
0.099,40,1535411295,0.35767677426338196,0.0,0.0,8.041930923820473,41.70127213001251
0.099,41,175223003,0.278896689414978,0.0,0.0,7.625702639226802,34.779836889356375
0.099,42,840936862,0.3748803734779358,0.0,0.0,7.73194757651072,48.316804924979806
0.099,43,343373188,1.2599294185638428,0.0,0.0,7.0120710749179125,43.60560793429613
0.099,44,1597751082,0.3600466251373291,0.0,0.0,7.598808721872047,43.7085940502584
0.099,45,730359585,0.2600099742412567,0.0,0.0,7.637709906906821,36.42852301709354
0.099,46,1016641002,1.2468135356903076,0.0,0.0,6.720465894322842,35.679040011018515
0.099,47,998994690,1.2728022336959839,0.0,0.0,6.6815642735455185,42.18801809474826
0.099,48,1021240743,1.3115894794464111,0.0,0.0,6.606307014590129,34.76959699764848
0.099,49,572134801,1.2530409097671509,0.0,0.0,7.337344405241311,53.428234066814184
0.099,50,1198399760,1.2723685503005981,0.0,0.0,6.872267939615995,43.49595797248185
0.099,51,1751866485,1.281735897064209,0.0,0.0,6.4187968717888,41.16821102797985
0.099,52,1070889713,1.2426947355270386,0.0,0.0,6.16531617520377,43.87361998669803
0.099,53,415096539,1.2843265533447266,0.0,0.0,6.5110464273020625,34.41783785820007
0.099,54,52416235,0.3865772783756256,0.0,0.0,7.259740787092596,34.709193976596
0.099,55,278032723,1.311072826385498,0.0,0.0,6.577155971899629,45.96274485811591
0.099,56,174946158,0.3149265646934509,0.0,0.0,7.702300236211158,33.56924490071833
0.099,57,196848554,1.1705399751663208,0.0,0.0,6.893807963002473,36.32837790064514
0.099,58,263030910,0.23609371483325958,0.0,0.0,8.144335920806043,34.375024028122425
0.099,59,1285415020,0.3092351257801056,0.0,0.0,7.898167246952653,40.713347028940916
0.099,60,1733223444,1.2180408239364624,0.0,0.0,6.92350284056738,50.72718905285001
0.099,61,1835544261,1.2334952354431152,0.0,0.0,6.9374647790100425,42.48519707471132
0.099,62,1403186970,1.2600551843643188,0.0,0.0,7.100379237905145,33.631870057433844
0.099,63,1291971777,1.171871542930603,0.0,0.0,7.189232984557748,41.83462890796363
0.099,64,712292067,0.410562127828598,0.0,0.0,7.539452485041693,42.468516854569316
0.099,65,2001429764,1.3462235927581787,0.0,0.0,6.696201853454113,34.78152700699866
0.099,66,1375664061,1.2850083112716675,0.0,0.0,6.680996508570388,53.07456594891846
0.099,67,1556456120,1.2609909772872925,0.0,0.0,6.633043841226026,40.5212661717087
0.099,68,1576053187,1.2760437726974487,0.0,0.0,6.781720084603876,39.69790996052325
0.099,69,1848019881,0.32786616683006287,0.0,0.0,7.448546926956624,40.36638489924371
0.099,70,1508652585,1.2028781175613403,0.0,0.0,7.129152612295002,45.09970708750188
0.099,71,1995737731,1.279173731803894,0.0,0.0,6.7406905754469335,50.92430301010609
0.099,72,1162788447,1.2817059755325317,0.0,0.0,6.707573207793757,34.254943020641804
0.099,73,1172925522,1.2923768758773804,0.0,0.0,6.719510728958994,34.151394153013825
0.099,74,539174575,0.35287413001060486,0.0,0.0,7.38654676778242,33.8328299112618
0.099,75,2013637345,0.33242374658584595,0.0,0.0,7.81659392954316,48.46783517859876
0.099,76,1187468716,1.2568905353546143,0.0,0.0,6.5481965988874435,34.341145073994994
0.099,77,1062978506,0.279634028673172,0.0,0.0,7.639358747866936,34.21667288057506
0.099,78,679326770,1.1577619314193726,0.0,0.0,7.648818994406611,37.31542802415788
0.099,79,587923432,1.2342000007629395,0.0,0.0,6.929425260517746,35.77907709404826
0.099,80,1359889667,0.3467726707458496,0.0,0.0,7.610691652284004,36.944991908967495
0.099,81,970187386,1.2900848388671875,0.0,0.0,6.749391817254946,37.083100993186235
0.099,82,1219839873,1.2226611375808716,0.0,0.0,6.969174537807703,38.52732386440039
0.099,83,1428160212,1.245862603187561,0.0,0.0,6.831950902706012,35.73347697965801
0.099,84,1930609499,1.2212873697280884,0.0,0.0,6.807351866737008,36.608963971957564
0.099,85,710582861,1.2518612146377563,0.0,0.0,6.863574532326311,51.09272408299148
0.099,86,1463614337,1.2759376764297485,0.0,0.0,7.1299405242316425,34.073312068358064
0.099,87,1940152705,1.2766504287719727,0.0,0.0,6.407650964800268,49.4082341901958
0.099,88,985452196,0.34808340668678284,0.0,0.0,7.395789076457731,44.09384820610285
0.099,89,552062587,0.2682005763053894,0.0,0.0,7.453121055616066,42.460788041353226
0.099,90,623566272,0.3988838791847229,0.0,0.0,7.386157553293742,39.50072103179991
0.099,91,729775797,1.130590796470642,0.0,0.0,8.032572791911662,39.09529489465058
0.099,92,1352536665,0.3873198330402374,0.0,0.0,7.914318201830611,39.59941607899964
0.099,93,555883440,1.2236601114273071,0.0,0.0,6.911669286200777,47.87130281329155
0.099,94,1801800003,1.297416090965271,0.0,0.0,7.079027655767277,36.07023088261485
0.099,95,763315502,1.2649317979812622,0.0,0.0,6.996513484045863,38.3144139777869
0.099,96,138897982,1.3172539472579956,0.0,0.0,6.708903739461675,37.18515601940453
0.099,97,10785379,1.3050167560577393,0.0,0.0,6.829031150555238,37.10861783474684
0.099,98,53923185,1.270963430404663,0.0,0.0,6.7081789234653115,34.41638499498367
0.099,99,1349917978,1.2860265970230103,0.0,0.0,6.360500776907429,34.351398004218936
0.1,0,1501552845,1.15310537815094,0.0,0.0,7.211351494072005,46.859819907695055
0.1,1,488200390,1.2322202920913696,0.0,0.0,7.078822494717315,59.55760809592903
0.1,2,1693606510,0.39278045296669006,0.0,0.0,7.680118396994658,47.78758902102709
0.1,3,680233354,0.3690885603427887,0.0,0.0,7.546244064345956,56.42863316461444
0.1,4,438466540,1.2943865060806274,0.0,0.0,6.7672199052758515,56.3880018889904
0.1,5,1712329280,1.3002002239227295,0.0,0.0,6.702064608223736,49.20123191550374
0.1,6,1380152455,0.28235891461372375,0.0,0.0,7.6608993511181325,49.49124297127128
0.1,7,1452245846,1.277234673500061,0.0,0.0,6.590515470830724,49.1496289614588
0.1,8,2122694021,0.27156463265419006,0.0,0.0,7.386725918506272,48.15364209935069
0.1,9,839901363,1.260568380355835,0.0,0.0,7.147809176472947,56.96160206571221
0.1,10,1802651552,0.29636600613594055,0.0,0.0,7.5687634982168674,41.68034088797867
0.1,11,714712467,0.30623090267181396,0.0,0.0,7.696155210840516,34.7332670353353
0.1,12,1218704077,1.273952603340149,0.0,0.0,6.993079136125743,38.381729973480105
0.1,13,1284858263,0.3604585826396942,0.0,0.0,7.693508831434883,53.781004156917334
0.1,14,457721135,1.210564374923706,0.0,0.0,7.6185368748847395,46.201837016269565
0.1,15,401008609,1.2345143556594849,0.0,0.0,6.929746778449044,36.21685691177845
0.1,16,492064534,1.2880356311798096,0.0,0.0,6.835184729658067,45.98212195560336
0.1,17,1444732602,1.2547380924224854,0.0,0.0,6.600022149272263,35.60274303890765
0.1,18,1317426686,1.2426053285598755,0.0,0.0,6.491295562824234,34.28272204473615
0.1,19,2022506251,1.2552675008773804,0.0,0.0,6.76431075646542,34.371078945696354
0.1,20,1516459118,1.2679252624511719,0.0,0.0,6.583628254942596,40.327586932107806
0.1,21,533103612,0.3407805562019348,0.0,0.0,7.758685806533322,33.88498700223863
0.1,22,1964759878,0.29680854082107544,0.0,0.0,7.745827271719463,33.138443948701024
0.1,23,2037706756,1.1889578104019165,0.0,0.0,6.840242701116949,34.38271512277424
0.1,24,1572889065,0.31178346276283264,0.0,0.0,7.97285213007126,34.34873279184103
0.1,25,1432881518,1.2751911878585815,0.0,0.0,6.846920367795974,34.011275973170996
0.1,26,280516901,1.3034878969192505,0.0,0.0,6.489275896688923,34.13961990736425
0.1,27,205939248,0.29531368613243103,0.0,0.0,7.942782998317853,33.73203915543854
0.1,28,571904914,0.33010637760162354,0.0,0.0,7.821594033855945,34.882382955402136
0.1,29,948843457,1.2710959911346436,0.0,0.0,7.052520711207762,48.45864698290825
0.1,30,155492488,1.29190993309021,0.0,0.0,6.699438409181312,44.10232207737863
0.1,31,1903701130,1.209931492805481,0.0,0.0,6.87138708261773,40.66710383631289
0.1,32,1017961266,1.276418685913086,0.0,0.0,6.446962471585721,34.28622800856829
0.1,33,1497769985,1.1388100385665894,0.0,0.0,7.2492865768726915,33.97486894391477
0.1,34,456523489,1.2117195129394531,0.0,0.0,6.854520210530609,41.63519386202097
0.1,35,701095136,1.2984517812728882,0.0,0.0,6.847463005455211,34.45510705932975
0.1,36,249069576,0.39319056272506714,0.0,0.0,7.513560459367,42.85066598095
0.1,37,1576098728,1.2549794912338257,0.0,0.0,6.926444683689624,34.588523209095
0.1,38,1662748500,1.2384463548660278,0.0,0.0,6.765513894148171,46.35505308397114
0.1,39,472736216,1.2709341049194336,0.0,0.0,6.46273655234836,45.224683824926615
0.1,40,1535411295,0.34768831729888916,0.0,0.0,8.137451293179765,37.126217037439346
0.1,41,175223003,0.31350067257881165,0.0,0.0,7.4628223676700145,35.70407908409834
0.1,42,840936862,0.34511491656303406,0.0,0.0,7.765219381079078,38.26785204000771
0.1,43,343373188,1.2663273811340332,0.0,0.0,6.9498701395932585,35.476958844810724
0.1,44,1597751082,0.308815598487854,0.0,0.0,7.622424856061116,55.252773920074105
0.1,45,730359585,0.27659279108047485,0.0,0.0,7.475782646448351,38.16374600864947
0.1,46,1016641002,1.2538337707519531,0.0,0.0,6.738834157353267,40.773528860881925
0.1,47,998994690,1.2788262367248535,0.0,0.0,6.66665372159332,46.46327090449631
0.1,48,1021240743,1.237797498703003,0.0,0.0,6.755293826805428,40.17431405372918
0.1,49,572134801,1.2567251920700073,0.0,0.0,7.158595714718103,35.01664404757321
0.1,50,1198399760,1.2940144538879395,0.0,0.0,6.890973563306034,34.15838489308953
0.1,51,1751866485,1.2908235788345337,0.0,0.0,6.418024179758504,34.558739978820086
0.1,52,1070889713,1.2535991668701172,0.0,0.0,6.151711709564552,33.88758492656052
0.1,53,415096539,1.2820963859558105,0.0,0.0,6.756762427743524,36.55729489400983
0.1,54,52416235,0.39168158173561096,0.0,0.0,7.287085410440341,35.78580799512565
0.1,55,278032723,1.3165861368179321,0.0,0.0,6.5953776522073895,35.69561894983053
0.1,56,174946158,0.3383820354938507,0.0,0.0,7.686889699427411,43.934555957093835
0.1,57,196848554,1.1724271774291992,0.0,0.0,7.003811429254711,45.049326959997416
0.1,58,263030910,0.33841216564178467,0.0,0.0,8.047556490404531,39.82577193528414
0.1,59,1285415020,0.2905611991882324,0.0,0.0,7.758346204529516,46.22293100692332
0.1,60,1733223444,1.2177321910858154,0.0,0.0,7.000477981520817,34.61451083421707
0.1,61,1835544261,1.2393356561660767,0.0,0.0,6.923091987613589,34.697093069553375
0.1,62,1403186970,1.275120735168457,0.0,0.0,7.028373803477734,49.82838314026594
0.1,63,1291971777,1.1743568181991577,0.0,0.0,7.213246895931661,48.5730511136353
0.1,64,712292067,0.322546124458313,0.0,0.0,7.395699233864434,35.76679085381329
0.1,65,2001429764,1.3514655828475952,0.0,0.0,6.699744118144736,42.98975085839629
0.1,66,1375664061,1.291604995727539,0.0,0.0,6.599211747059599,56.54331506229937
0.1,67,1556456120,1.2691932916641235,0.0,0.0,6.627089882502332,34.29812006652355
0.1,68,1576053187,1.281083106994629,0.0,0.0,6.788081310223788,34.12589686922729
0.1,69,1848019881,0.3431795537471771,0.0,0.0,7.525950516341254,34.57054006867111
0.1,70,1508652585,1.2073101997375488,0.0,0.0,7.025839189300314,44.787134043872356
0.1,71,1995737731,1.2846922874450684,0.0,0.0,6.712492703460157,48.000840935856104
0.1,72,1162788447,1.2867028713226318,0.0,0.0,6.725722723407671,56.67670490220189
0.1,73,1172925522,1.2762972116470337,0.0,0.0,6.489727554377168,36.568003008142114
0.1,74,539174575,1.3255692720413208,0.0,0.0,6.52098612813279,35.52383300848305
0.1,75,2013637345,0.32269027829170227,0.0,0.0,7.851666680071503,36.09724389389157
0.1,76,1187468716,1.2638684511184692,0.0,0.0,6.483999023213983,36.757386988028884
0.1,77,1062978506,0.3134491741657257,0.0,0.0,7.639634463121183,35.882612923160195
0.1,78,679326770,1.140620470046997,0.0,0.0,7.726742801256478,35.268926061689854
0.1,79,587923432,1.2400985956192017,0.0,0.0,6.930153921479359,39.55779713578522
0.1,80,1359889667,0.3577916920185089,0.0,0.0,7.649970131576993,39.3538570497185
0.1,81,970187386,1.3205771446228027,0.0,0.0,6.69938166369684,51.79521278478205
0.1,82,1219839873,1.2282673120498657,0.0,0.0,6.975695669418201,34.06950901262462
0.1,83,1428160212,1.3235507011413574,0.0,0.0,6.717437277780846,47.06055484712124
0.1,84,1930609499,1.2279547452926636,0.0,0.0,6.826494942652062,44.81325694359839
0.1,85,710582861,0.30437153577804565,0.0,0.0,7.798577849753201,48.771055880934
0.1,86,1463614337,1.2852765321731567,0.0,0.0,6.854835289996117,48.549455823376775
0.1,87,1940152705,1.2862406969070435,0.0,0.0,6.3439331201370806,43.407710967585444
0.1,88,985452196,0.32607176899909973,0.0,0.0,7.657291247975081,43.56861603446305
0.1,89,552062587,0.2850089371204376,0.0,0.0,7.300346633186564,35.65181698650122
0.1,90,623566272,0.3349924385547638,0.0,0.0,7.63001714379061,38.53128291666508
0.1,91,729775797,1.2526211738586426,0.0,0.0,7.191114427288994,38.43401884660125
0.1,92,1352536665,0.345825731754303,0.0,0.0,7.867573831928894,34.61007191799581
0.1,93,555883440,1.2350739240646362,0.0,0.0,6.856544952839613,34.336863085627556
0.1,94,1801800003,1.3070068359375,0.0,0.0,6.970673087518662,34.782835049554706
0.1,95,763315502,1.273197889328003,0.0,0.0,7.030996534740552,33.08928501792252
0.1,96,138897982,1.31978440284729,0.0,0.0,6.785104918759316,22.374816006049514
0.1,97,10785379,1.3165680170059204,0.0,0.0,6.871542336186394,19.4876529276371
0.1,98,53923185,1.2794512510299683,0.0,0.0,6.6868130676448345,19.886157009750605
0.1,99,1349917978,1.2878957986831665,0.0,0.0,6.387224432779476,23.236973909661174
