Algorithm,RunMinDistance_Min,RunMinDistance_Mean,RunMinDistance_Std,SafetyViolation_Prob,Collision_Prob,TotalQSigmaInvStageCost_Mean,TotalQSigmaInvStageCost_Std,RunMaxComputeTimeMs_Max,RunMaxComputeTimeMs_Mean,RunMaxComputeTimeMs_Std
MPPI,0.016080977395176888,0.06790088061243296,0.04117412270294266,1.0,1.0,220.20951528847218,10.204641039480627,7.1644309973635245,2.9927987332484918,1.4186648382251459
RAMPPI,0.05803452804684639,0.4829743475963672,0.15505967116723215,1.0,0.36666666666666664,472.5573495417833,96.46915295254085,23.600082997290883,7.292293533222012,4.997990580702752
DRMPPI,0.06988846510648727,0.6640299903849761,0.1431948812143576,0.9333333333333333,0.06666666666666667,513.2705500076214,82.79677476764655,29.533900000387803,6.249558299653775,5.864943620334848
DRAMPPI,0.022923989221453667,0.42711709483216204,0.20404535708332086,1.0,0.5333333333333333,445.9836038162311,74.5488442278175,20.567571998981293,12.753001366945682,4.219097094636552
