epsilon,Run,Seed,RunMinDistance,SafetyViolation,Collision,RunMaxComputeTimeMs
0.001,0,1501552845,0.0798971326271299,1.0,1.0,250.4218550020596
0.001,1,488200390,0.08105479938270425,0.0,0.0,107.70775499986485
0.001,2,1693606510,0.08748961904066604,0.0,0.0,108.4345329873031
0.001,3,680233354,0.08113202857124581,0.0,0.0,114.25162000523414
0.001,4,438466540,0.07638653779079692,1.0,1.0,138.85971999843605
0.001,5,1712329280,0.08545259485285098,0.0,0.0,130.63194901042152
0.001,6,1380152455,0.08193125887341121,0.0,0.0,129.9819019914139
0.001,7,1452245846,0.08050266309211848,0.0,0.0,127.46262300061062
0.001,8,2122694021,0.08375709850285785,0.0,0.0,121.66001499281265
0.001,9,839901363,0.07740787888909753,1.0,1.0,127.29935100651346
0.001,10,1802651552,0.07545033248068928,1.0,1.0,130.0057219923474
0.001,11,714712467,0.08807398853455702,0.0,0.0,122.63217799772974
0.001,12,1218704077,0.08667641576774608,0.0,0.0,130.0913149898406
0.001,13,1284858263,0.08101364993207116,0.0,0.0,110.4150859900983
0.001,14,457721135,0.0712188571162396,1.0,1.0,125.69583900040016
0.001,15,401008609,0.07866915307970541,1.0,1.0,150.206022997736
0.001,16,492064534,0.08230988129572037,0.0,0.0,132.74166100018192
0.001,17,1444732602,0.0879662661940973,0.0,0.0,134.7846610005945
0.001,18,1317426686,0.07499154733128827,1.0,1.0,123.93404101021588
0.001,19,2022506251,0.08562878465691115,0.0,0.0,122.82976199639961
0.001,20,1516459118,0.08322451742502576,0.0,0.0,131.02080300450325
0.001,21,533103612,0.07910772461813904,1.0,1.0,119.76394501107279
0.001,22,1964759878,0.08041295092665185,0.0,0.0,131.20088599680457
0.001,23,2037706756,0.08210644189786802,0.0,0.0,123.66003298666328
0.001,24,1572889065,0.08723282889615235,0.0,0.0,117.00652999570593
0.001,25,1432881518,0.08239691741660003,0.0,0.0,134.61014100175817
0.001,26,280516901,0.0831104593586564,0.0,0.0,124.88083400239702
0.001,27,205939248,0.0835650017812494,0.0,0.0,117.14174000371713
0.001,28,571904914,0.08427797597520119,0.0,0.0,132.05808099883143
0.001,29,948843457,0.07836776969390583,1.0,1.0,128.28098500904161
0.001,30,155492488,0.08395256072377331,0.0,0.0,127.88499800080899
0.001,31,1903701130,0.07474324743447897,1.0,1.0,131.1210440035211
0.001,32,1017961266,0.0845197410813525,0.0,0.0,131.7847019963665
0.001,33,1497769985,0.08216697043818494,0.0,0.0,129.89239700254984
0.001,34,456523489,0.08114039050668828,0.0,0.0,126.63953800802119
0.001,35,701095136,0.08482968131692599,0.0,0.0,130.73782599531114
0.001,36,249069576,0.08258641122789122,0.0,0.0,131.70144900504965
0.001,37,1576098728,0.07976228327904947,1.0,1.0,124.79982699733227
0.001,38,1662748500,0.08088856986093657,0.0,0.0,120.53294600627851
0.001,39,472736216,0.08188826200798184,0.0,0.0,129.2621379980119
0.001,40,1535411295,0.08100643256235068,0.0,0.0,109.12870700121857
0.001,41,175223003,0.07832456899677682,1.0,1.0,128.9689170080237
0.001,42,840936862,0.07982230442951257,1.0,1.0,118.56139099108987
0.001,43,343373188,0.08319096282183112,0.0,0.0,132.43163500737865
0.001,44,1597751082,0.08414998645653399,0.0,0.0,123.65070800296962
0.001,45,730359585,0.0804657918923056,0.0,0.0,128.98930700612254
0.001,46,1016641002,0.08381330752847871,0.0,0.0,128.87337899883278
0.001,47,998994690,0.08803594613965428,0.0,0.0,140.9309649898205
0.001,48,1021240743,0.08188319363851237,0.0,0.0,119.74240800191183
0.001,49,572134801,0.08597476480216036,0.0,0.0,121.27701898862142
0.001,50,1198399760,0.08305484810604866,0.0,0.0,119.84939700050745
0.001,51,1751866485,0.07254708547904994,1.0,1.0,139.48825999977998
0.001,52,1070889713,0.07563177570433466,1.0,1.0,125.97001400718
0.001,53,415096539,0.07892535415196435,1.0,1.0,128.3929579949472
0.001,54,52416235,0.0786848364143887,1.0,1.0,128.82587300555315
0.001,55,278032723,0.08137536836822203,0.0,0.0,133.58997700561304
0.001,56,174946158,0.07939911922774073,1.0,1.0,126.27575299120508
0.001,57,196848554,0.08205738419832094,0.0,0.0,121.9944199983729
0.001,58,263030910,0.08437009721316859,0.0,0.0,127.25673899694812
0.001,59,1285415020,0.08043560790255824,0.0,0.0,126.09196300036274
0.001,60,1733223444,0.08174998144815206,0.0,0.0,128.4232960024383
0.001,61,1835544261,0.07957869680134674,1.0,1.0,130.95001100737136
0.001,62,1403186970,0.07908459865241771,1.0,1.0,127.24469800014049
0.001,63,1291971777,0.07599930056162434,1.0,1.0,131.1523229960585
0.001,64,712292067,0.08153981296836663,0.0,0.0,127.99651599198114
0.001,65,2001429764,0.08002117018867212,0.0,0.0,128.22326600144152
0.001,66,1375664061,0.08104900528748771,0.0,0.0,126.3870419934392
0.001,67,1556456120,0.0842301605348005,0.0,0.0,117.86607299291063
0.001,68,1576053187,0.08294772752231666,0.0,0.0,129.598622006597
0.001,69,1848019881,0.07999056452869355,1.0,1.0,122.52306500158738
0.001,70,1508652585,0.08319990994251955,0.0,0.0,131.58802699763328
0.001,71,1995737731,0.08271510765739014,0.0,0.0,127.7066820039181
0.001,72,1162788447,0.07798724255357224,1.0,1.0,122.86300999403466
0.001,73,1172925522,0.08238637815047344,0.0,0.0,128.2216670078924
0.001,74,539174575,0.08105941625625371,0.0,0.0,130.73577400064096
0.001,75,2013637345,0.08213357976153232,0.0,0.0,130.72206199285574
0.001,76,1187468716,0.0825547773603808,0.0,0.0,125.31142000807449
0.001,77,1062978506,0.08098619348181134,0.0,0.0,120.1929380040383
0.001,78,679326770,0.07558660295045734,1.0,1.0,132.26409199705813
0.001,79,587923432,0.07693163756211535,1.0,1.0,127.3627289920114
0.001,80,1359889667,0.0828516934615642,0.0,0.0,129.6800560085103
0.001,81,970187386,0.08375463214992294,0.0,0.0,127.67865900241304
0.001,82,1219839873,0.08065682459577568,0.0,0.0,131.94616699183825
0.001,83,1428160212,0.08366328790838627,0.0,0.0,130.63695401069708
0.001,84,1930609499,0.07985447042507449,1.0,1.0,130.61186899722088
0.001,85,710582861,0.08590203711665967,0.0,0.0,126.99271801102441
0.001,86,1463614337,0.0847467899442475,0.0,0.0,125.49262700485997
0.001,87,1940152705,0.07984008994751532,1.0,1.0,132.04394599597435
0.001,88,985452196,0.08356730838733893,0.0,0.0,123.81215200002771
0.001,89,552062587,0.07845043272307521,1.0,1.0,127.27848200302105
0.001,90,623566272,0.08819653750895257,0.0,0.0,134.63718800630886
0.001,91,729775797,0.0834704047650354,0.0,0.0,128.4680050011957
0.001,92,1352536665,0.0821343806073325,0.0,0.0,129.98455099295825
0.001,93,555883440,0.07457167040609022,1.0,1.0,131.23704999452457
0.001,94,1801800003,0.07940649722693657,1.0,1.0,128.64089000504464
0.001,95,763315502,0.08856939775827434,0.0,0.0,120.2237820107257
0.001,96,138897982,0.08116762830898756,0.0,0.0,127.56954900396522
0.001,97,10785379,0.07792187021408392,1.0,1.0,129.89893699705135
0.001,98,53923185,0.07251167271830632,1.0,1.0,122.13773900293745
0.001,99,1349917978,0.07747185698648745,1.0,1.0,116.34576199867297
0.002,0,1501552845,0.08963357505496551,0.0,0.0,217.5151370029198
0.002,1,488200390,0.07936772094330526,1.0,1.0,107.86369300330989
0.002,2,1693606510,0.08415549644764077,0.0,0.0,108.34187699947506
0.002,3,680233354,0.08801151871534933,0.0,0.0,133.30980400496628
0.002,4,438466540,0.0795646812930368,1.0,1.0,128.88023399864323
0.002,5,1712329280,0.07882586679537534,1.0,1.0,130.9547620039666
0.002,6,1380152455,0.08153068869536513,0.0,0.0,128.138094994938
0.002,7,1452245846,0.08833868005061499,0.0,0.0,126.47970799298491
0.002,8,2122694021,0.0847064091520471,0.0,0.0,126.57507300900761
0.002,9,839901363,0.08700011751206248,0.0,0.0,128.5451110015856
0.002,10,1802651552,0.07453936245790939,1.0,1.0,124.38867299351841
0.002,11,714712467,0.08793608480427113,0.0,0.0,121.47847199230455
0.002,12,1218704077,0.08375578748267663,0.0,0.0,127.70207099674735
0.002,13,1284858263,0.08387944438196032,0.0,0.0,122.35726899234578
0.002,14,457721135,0.08732776855919168,0.0,0.0,124.46261500008404
0.002,15,401008609,0.08372500604620942,0.0,0.0,123.5321220010519
0.002,16,492064534,0.08647442135102434,0.0,0.0,126.63514899031725
0.002,17,1444732602,0.08268875100826119,0.0,0.0,135.97992999712005
0.002,18,1317426686,0.08362564271385592,0.0,0.0,120.3064510045806
0.002,19,2022506251,0.08638575478700829,0.0,0.0,140.39954599866178
0.002,20,1516459118,0.0796595195241183,1.0,1.0,127.7188300009584
0.002,21,533103612,0.08658403388554144,0.0,0.0,117.63609299669042
0.002,22,1964759878,0.0814720479250019,0.0,0.0,127.24595099280123
0.002,23,2037706756,0.08565061415420493,0.0,0.0,128.50113400781993
0.002,24,1572889065,0.08282408460911328,0.0,0.0,121.31797800248023
0.002,25,1432881518,0.08531249120870475,0.0,0.0,127.78570399677847
0.002,26,280516901,0.07528419214941398,1.0,1.0,126.8112569960067
0.002,27,205939248,0.07808558603783432,1.0,1.0,133.95451501128264
0.002,28,571904914,0.08107282314968614,0.0,0.0,139.00129099783953
0.002,29,948843457,0.0834273116666343,0.0,0.0,129.96475599356927
0.002,30,155492488,0.08078665996866355,0.0,0.0,116.4376130036544
0.002,31,1903701130,0.07950744808092423,1.0,1.0,126.12808299309108
0.002,32,1017961266,0.08036457683636741,0.0,0.0,137.5430519983638
0.002,33,1497769985,0.08364053509770726,0.0,0.0,128.89261000964325
0.002,34,456523489,0.09584418404770366,0.0,0.0,129.49660400045104
0.002,35,701095136,0.07452197661905546,1.0,1.0,126.79493500036187
0.002,36,249069576,0.08559158350843253,0.0,0.0,126.0320700093871
0.002,37,1576098728,0.08871848774952773,0.0,0.0,127.19087000004947
0.002,38,1662748500,0.07871945924349297,1.0,1.0,138.2038570009172
0.002,39,472736216,0.08399286532526094,0.0,0.0,132.48183600080665
0.002,40,1535411295,0.07949205225179114,1.0,1.0,128.45134499366395
0.002,41,175223003,0.08458860538614509,0.0,0.0,132.32359298854135
0.002,42,840936862,0.08663806479375376,0.0,0.0,126.3018710014876
0.002,43,343373188,0.08372256193594424,0.0,0.0,126.66172601166181
0.002,44,1597751082,0.08065751356484673,0.0,0.0,126.81690198951401
0.002,45,730359585,0.07593157961656981,1.0,1.0,127.92546200216748
0.002,46,1016641002,0.08334784035647831,0.0,0.0,129.36097200145014
0.002,47,998994690,0.07245319410929257,1.0,1.0,133.29936200170778
0.002,48,1021240743,0.08615014090669204,0.0,0.0,125.48409300507046
0.002,49,572134801,0.08598163307026283,0.0,0.0,134.4415490020765
0.002,50,1198399760,0.08372721676749789,0.0,0.0,114.23546100559179
0.002,51,1751866485,0.08377939645809303,0.0,0.0,129.09070700698067
0.002,52,1070889713,0.08187627362124343,0.0,0.0,123.05406900122762
0.002,53,415096539,0.08359914770903441,0.0,0.0,128.1552639993606
0.002,54,52416235,0.09096545122185305,0.0,0.0,128.21951099613216
0.002,55,278032723,0.07476503170724819,1.0,1.0,131.47366799239535
0.002,56,174946158,0.08108384113718183,0.0,0.0,122.94914500671439
0.002,57,196848554,0.0844344417389098,0.0,0.0,127.51121399924159
0.002,58,263030910,0.08161538647873277,0.0,0.0,121.5536579984473
0.002,59,1285415020,0.07846193838392745,1.0,1.0,118.82795300334692
0.002,60,1733223444,0.08282920365663927,0.0,0.0,128.91590100480244
0.002,61,1835544261,0.07602980600711656,1.0,1.0,127.09791900124401
0.002,62,1403186970,0.08147485514738083,0.0,0.0,132.94518300972413
0.002,63,1291971777,0.0865807710121449,0.0,0.0,137.8808180015767
0.002,64,712292067,0.08457757656287704,0.0,0.0,131.20549800805748
0.002,65,2001429764,0.08042743845276824,0.0,0.0,128.37365300219972
0.002,66,1375664061,0.0822430493428702,0.0,0.0,128.92612301220652
0.002,67,1556456120,0.08363727251825948,0.0,0.0,126.25448599283118
0.002,68,1576053187,0.08021983697162095,0.0,0.0,127.60303598770406
0.002,69,1848019881,0.08226005711352367,0.0,0.0,137.84752000356093
0.002,70,1508652585,0.08333430320902577,0.0,0.0,125.18643800285645
0.002,71,1995737731,0.0918231791919948,0.0,0.0,133.0950510018738
0.002,72,1162788447,0.08421918727886397,0.0,0.0,130.95360300212633
0.002,73,1172925522,0.08553656313236625,0.0,0.0,133.3712839987129
0.002,74,539174575,0.06868389070143648,1.0,1.0,133.41896000201814
0.002,75,2013637345,0.08864654514808365,0.0,0.0,137.06145400647074
0.002,76,1187468716,0.08256920117004465,0.0,0.0,124.80362399946898
0.002,77,1062978506,0.08480523393445082,0.0,0.0,132.1220399986487
0.002,78,679326770,0.08656279230763435,0.0,0.0,133.96854500751942
0.002,79,587923432,0.08280479484582112,0.0,0.0,134.20283599407412
0.002,80,1359889667,0.08221833636185281,0.0,0.0,115.7986790058203
0.002,81,970187386,0.08495540068947993,0.0,0.0,145.17871898715384
0.002,82,1219839873,0.07630553569056477,1.0,1.0,131.61778799258173
0.002,83,1428160212,0.09121811234139544,0.0,0.0,131.42638800491113
0.002,84,1930609499,0.08467654425936985,0.0,0.0,124.52746099734213
0.002,85,710582861,0.08565987969314544,0.0,0.0,127.9297800065251
0.002,86,1463614337,0.08654605254191335,0.0,0.0,120.43975900451187
0.002,87,1940152705,0.08626953679386717,0.0,0.0,125.07760900189169
0.002,88,985452196,0.08202645632000169,0.0,0.0,130.54573199769948
0.002,89,552062587,0.08507996606566784,0.0,0.0,121.82456901064143
0.002,90,623566272,0.07325806812272975,1.0,1.0,127.73357400146779
0.002,91,729775797,0.08022970081607615,0.0,0.0,127.58759000280406
0.002,92,1352536665,0.08550046014924198,0.0,0.0,128.21002599957865
0.002,93,555883440,0.08201853228851722,0.0,0.0,120.76905900903512
0.002,94,1801800003,0.08376564531090963,0.0,0.0,133.93544100108556
0.002,95,763315502,0.08044966927173673,0.0,0.0,122.83265200676396
0.002,96,138897982,0.08110651722454933,0.0,0.0,125.57931800256483
0.002,97,10785379,0.08720883058757474,0.0,0.0,129.62701499054674
0.002,98,53923185,0.07388221224047,1.0,1.0,127.64472900016699
0.002,99,1349917978,0.0846692228605567,0.0,0.0,134.62772499769926
0.0,0,1501552845,0.07685226979113766,1.0,1.0,346.91091599233914
0.0,1,488200390,0.06846981312898308,1.0,1.0,107.21055899921339
0.0,2,1693606510,0.07126811328846461,1.0,1.0,119.15671100723557
0.0,3,680233354,0.07156534126562797,1.0,1.0,133.24520199967083
0.0,4,438466540,0.07517309467018102,1.0,1.0,107.65477501263376
0.0,5,1712329280,0.06995960182853019,1.0,1.0,131.9524969876511
0.0,6,1380152455,0.06831228995813086,1.0,1.0,129.31647199729923
0.0,7,1452245846,0.08207237228649589,0.0,0.0,160.7096299994737
0.0,8,2122694021,0.0744180592340561,1.0,1.0,152.41624201007653
0.0,9,839901363,0.06986122018563605,1.0,1.0,150.53902300132904
0.0,10,1802651552,0.07155840201750888,1.0,1.0,157.97417701105587
0.0,11,714712467,0.08365092110298272,0.0,0.0,128.75210399215575
0.0,12,1218704077,0.07197666584360893,1.0,1.0,117.68967600073665
0.0,13,1284858263,0.0703296476049134,1.0,1.0,124.68179299321491
0.0,14,457721135,0.07392184398024458,1.0,1.0,117.2332629939774
0.0,15,401008609,0.07309553891952818,1.0,1.0,131.25339400721714
0.0,16,492064534,0.07730494867912449,1.0,1.0,128.69086499267723
0.0,17,1444732602,0.07218942182316793,1.0,1.0,125.55565900402144
0.0,18,1317426686,0.07400598226226374,1.0,1.0,131.59975901362486
0.0,19,2022506251,0.0722336900974166,1.0,1.0,128.19395000406075
0.0,20,1516459118,0.07072606516896585,1.0,1.0,120.6202530011069
0.0,21,533103612,0.07395139162646729,1.0,1.0,119.85527898650616
0.0,22,1964759878,0.08063221596237664,0.0,0.0,128.58249701093882
0.0,23,2037706756,0.07195228435115168,1.0,1.0,133.60933600051794
0.0,24,1572889065,0.0701085629279928,1.0,1.0,126.50932400720194
0.0,25,1432881518,0.07207108135664421,1.0,1.0,117.99848699592985
0.0,26,280516901,0.07603053569762837,1.0,1.0,127.56472500041127
0.0,27,205939248,0.07269892085285261,1.0,1.0,128.8744639896322
0.0,28,571904914,0.07224773263088481,1.0,1.0,134.8340590047883
0.0,29,948843457,0.0686648673289383,1.0,1.0,130.15781600552145
0.0,30,155492488,0.07162373250308154,1.0,1.0,125.92446300550364
0.0,31,1903701130,0.07373445417792573,1.0,1.0,128.2354499999201
0.0,32,1017961266,0.07219729659624577,1.0,1.0,130.74024899106007
0.0,33,1497769985,0.07666977046386507,1.0,1.0,122.23811500007287
0.0,34,456523489,0.07434756668311332,1.0,1.0,134.0628390025813
0.0,35,701095136,0.07092186303902875,1.0,1.0,119.74273400846869
0.0,36,249069576,0.06816329359653085,1.0,1.0,121.299332997296
0.0,37,1576098728,0.07767323146547397,1.0,1.0,120.73296400194522
0.0,38,1662748500,0.06893789723419295,1.0,1.0,123.03348600107711
0.0,39,472736216,0.07834072857848759,1.0,1.0,133.91417199454736
0.0,40,1535411295,0.07479686052864701,1.0,1.0,121.67234500520863
0.0,41,175223003,0.07523286008941174,1.0,1.0,128.9861269906396
0.0,42,840936862,0.07264913147580142,1.0,1.0,130.0079530046787
0.0,43,343373188,0.07483390723191642,1.0,1.0,122.21597599273082
0.0,44,1597751082,0.07809686432480252,1.0,1.0,116.5272430080222
0.0,45,730359585,0.07688586947222346,1.0,1.0,121.53436199878342
0.0,46,1016641002,0.07457476287914495,1.0,1.0,127.6450260047568
0.0,47,998994690,0.07421599981116138,1.0,1.0,118.55653500242624
0.0,48,1021240743,0.07018911626870057,1.0,1.0,128.0535219993908
0.0,49,572134801,0.07563694305460114,1.0,1.0,125.07667699537706
0.0,50,1198399760,0.06928084744046643,1.0,1.0,133.1754030106822
0.0,51,1751866485,0.07547558549714055,1.0,1.0,134.8179639899172
0.0,52,1070889713,0.07132870115756722,1.0,1.0,129.750015999889
0.0,53,415096539,0.07304565056330699,1.0,1.0,127.27131499559619
0.0,54,52416235,0.07147465265069178,1.0,1.0,134.56144099473022
0.0,55,278032723,0.07393768507866323,1.0,1.0,125.1195600052597
0.0,56,174946158,0.07031801418148446,1.0,1.0,129.7045329993125
0.0,57,196848554,0.0728242103795039,1.0,1.0,117.46502900496125
0.0,58,263030910,0.07323011928372335,1.0,1.0,131.4466129988432
0.0,59,1285415020,0.07405056345784058,1.0,1.0,130.21401398873422
0.0,60,1733223444,0.07045795033965617,1.0,1.0,131.24203200277407
0.0,61,1835544261,0.07367261293713907,1.0,1.0,131.34428999910597
0.0,62,1403186970,0.07442995822385952,1.0,1.0,123.72523201338481
0.0,63,1291971777,0.07725139671257938,1.0,1.0,125.84775399591308
0.0,64,712292067,0.07199777102142495,1.0,1.0,124.4215450133197
0.0,65,2001429764,0.07448902449847446,1.0,1.0,128.19275799847674
0.0,66,1375664061,0.08187163379954106,0.0,0.0,128.50678800896276
0.0,67,1556456120,0.06352122732266186,1.0,1.0,118.67011300637387
0.0,68,1576053187,0.07381861995194328,1.0,1.0,120.96990799182095
0.0,69,1848019881,0.0745502294785129,1.0,1.0,119.47355901065748
0.0,70,1508652585,0.07195815014704322,1.0,1.0,120.2695300016785
0.0,71,1995737731,0.07135957064009746,1.0,1.0,131.52962399180979
0.0,72,1162788447,0.07437010290631123,1.0,1.0,120.2180190011859
0.0,73,1172925522,0.0765269391722832,1.0,1.0,130.70074599818327
0.0,74,539174575,0.07318894491819701,1.0,1.0,126.07033200038131
0.0,75,2013637345,0.06910514421397637,1.0,1.0,130.2978010062361
0.0,76,1187468716,0.07330755349149297,1.0,1.0,126.58647900389042
0.0,77,1062978506,0.07462212215249153,1.0,1.0,120.02072698669508
0.0,78,679326770,0.07581071597620528,1.0,1.0,126.2984140048502
0.0,79,587923432,0.07602678461891006,1.0,1.0,131.36794499587268
0.0,80,1359889667,0.07088609282122678,1.0,1.0,126.58785599342082
0.0,81,970187386,0.0746151178079555,1.0,1.0,128.4189700090792
0.0,82,1219839873,0.07380729759282087,1.0,1.0,126.77910500497092
0.0,83,1428160212,0.07425335979451742,1.0,1.0,123.36293199041393
0.0,84,1930609499,0.080042107000897,0.0,0.0,127.61289300397038
0.0,85,710582861,0.07683946653753213,1.0,1.0,134.54955400084145
0.0,86,1463614337,0.07049477801946036,1.0,1.0,129.70393300929572
0.0,87,1940152705,0.07593217225699782,1.0,1.0,124.6376649942249
0.0,88,985452196,0.08389474787566921,0.0,0.0,123.91437399492133
0.0,89,552062587,0.07646170251569821,1.0,1.0,128.94904000859242
0.0,90,623566272,0.07310957581108786,1.0,1.0,114.08933000348043
0.0,91,729775797,0.07202538162113463,1.0,1.0,125.20489600137807
0.0,92,1352536665,0.07244837532958069,1.0,1.0,134.6552610048093
0.0,93,555883440,0.0705158895772195,1.0,1.0,130.01454299956094
0.0,94,1801800003,0.07140735806910381,1.0,1.0,117.0850700000301
0.0,95,763315502,0.06763389556192823,1.0,1.0,122.82662000507116
0.0,96,138897982,0.07117421964599195,1.0,1.0,130.60782999673393
0.0,97,10785379,0.07216267838085683,1.0,1.0,126.44288799492642
0.0,98,53923185,0.08134615495103693,0.0,0.0,125.39664100040682
0.0,99,1349917978,0.08069569260148023,0.0,0.0,122.3457839951152
0.004,0,1501552845,0.07987868896745749,1.0,1.0,263.65135399100836
0.004,1,488200390,0.08949141930416125,0.0,0.0,108.4181769983843
0.004,2,1693606510,0.07605987738121069,1.0,1.0,108.34557499038056
0.004,3,680233354,0.07612971753835647,1.0,1.0,117.93653400673065
0.004,4,438466540,0.08264101289676705,0.0,0.0,133.84088000748307
0.004,5,1712329280,0.08990127182634385,0.0,0.0,129.43380999786314
0.004,6,1380152455,0.09115953963007364,0.0,0.0,109.35066400270443
0.004,7,1452245846,0.07265542917909809,1.0,1.0,124.45695800124668
0.004,8,2122694021,0.09068949043053577,0.0,0.0,145.15063699218445
0.004,9,839901363,0.09069226586524322,0.0,0.0,135.88601199444383
0.004,10,1802651552,0.08534812663611921,0.0,0.0,129.22213700949214
0.004,11,714712467,0.07855483740304152,1.0,1.0,131.57885200052988
0.004,12,1218704077,0.09641065347554253,0.0,0.0,125.42856200889219
0.004,13,1284858263,0.0903244888124277,0.0,0.0,135.06660499842837
0.004,14,457721135,0.07346369283455834,1.0,1.0,131.13339900155552
0.004,15,401008609,0.08851837671620462,0.0,0.0,132.60238399379887
0.004,16,492064534,0.09205609355947565,0.0,0.0,132.42908100073691
0.004,17,1444732602,0.08552787156113432,0.0,0.0,127.21624500409234
0.004,18,1317426686,0.07314340338335186,1.0,1.0,126.86912099889014
0.004,19,2022506251,0.07212326415840446,1.0,1.0,122.60616400453728
0.004,20,1516459118,0.09078991361369668,0.0,0.0,130.96009199216496
0.004,21,533103612,0.08521914822857025,0.0,0.0,118.72277800284792
0.004,22,1964759878,0.08507604224527032,0.0,0.0,124.36358400736935
0.004,23,2037706756,0.08644792434436674,0.0,0.0,130.70623399107717
0.004,24,1572889065,0.07325898148794623,1.0,1.0,125.68535200261977
0.004,25,1432881518,0.09021435390671971,0.0,0.0,130.6131109886337
0.004,26,280516901,0.08278390299333506,0.0,0.0,126.97057001059875
0.004,27,205939248,0.08511764947390901,0.0,0.0,131.59977400209755
0.004,28,571904914,0.08695685649187439,0.0,0.0,130.42262100498192
0.004,29,948843457,0.08692937834038979,0.0,0.0,134.61950300552417
0.004,30,155492488,0.08770728000954102,0.0,0.0,120.6075609952677
0.004,31,1903701130,0.08639156447048038,0.0,0.0,126.68216800375376
0.004,32,1017961266,0.08842349766331796,0.0,0.0,125.64705399563536
0.004,33,1497769985,0.08792725142668914,0.0,0.0,127.88452800305095
0.004,34,456523489,0.0849402354298121,0.0,0.0,128.2996729860315
0.004,35,701095136,0.0717357207269371,1.0,1.0,126.41272800101433
0.004,36,249069576,0.08927153188131279,0.0,0.0,121.2123139994219
0.004,37,1576098728,0.08406560357569905,0.0,0.0,121.5327739919303
0.004,38,1662748500,0.07216227967540664,1.0,1.0,124.85855899285525
0.004,39,472736216,0.09509879699540583,0.0,0.0,132.15882499935105
0.004,40,1535411295,0.08113573222910479,0.0,0.0,134.7633769910317
0.004,41,175223003,0.09190302879871608,0.0,0.0,132.17564500519074
0.004,42,840936862,0.09459366330406453,0.0,0.0,127.97408299229573
0.004,43,343373188,0.09067311605764163,0.0,0.0,133.7371409899788
0.004,44,1597751082,0.06604084153245403,1.0,1.0,133.50923199323006
0.004,45,730359585,0.09046497585255474,0.0,0.0,130.25829900288954
0.004,46,1016641002,0.09250549678029968,0.0,0.0,123.91877100162674
0.004,47,998994690,0.08811963957541291,0.0,0.0,119.57358299696352
0.004,48,1021240743,0.09198480146031217,0.0,0.0,125.16387499636039
0.004,49,572134801,0.08655847194036519,0.0,0.0,125.53389900131151
0.004,50,1198399760,0.06823589069539691,1.0,1.0,130.47322699276265
0.004,51,1751866485,0.08540422404673315,0.0,0.0,128.8838150067022
0.004,52,1070889713,0.08648888711094127,0.0,0.0,120.82182199810632
0.004,53,415096539,0.09163026788776034,0.0,0.0,136.35324999631848
0.004,54,52416235,0.08896271876367902,0.0,0.0,130.35563699668273
0.004,55,278032723,0.09974977402090705,0.0,0.0,129.2466259910725
0.004,56,174946158,0.08699810797420562,0.0,0.0,114.19470100372564
0.004,57,196848554,0.09041627704662733,0.0,0.0,131.43112600664608
0.004,58,263030910,0.09188742175463858,0.0,0.0,140.58534801006317
0.004,59,1285415020,0.0856701021054475,0.0,0.0,134.23717800469603
0.004,60,1733223444,0.07934105498610713,1.0,1.0,130.44182398880366
0.004,61,1835544261,0.09470096071528887,0.0,0.0,124.66804099676665
0.004,62,1403186970,0.07247184421545985,1.0,1.0,126.9630269962363
0.004,63,1291971777,0.07450384876862637,1.0,1.0,131.1002830043435
0.004,64,712292067,0.0858783158817309,0.0,0.0,126.5820839907974
0.004,65,2001429764,0.07968302475347096,1.0,1.0,132.17291099135764
0.004,66,1375664061,0.0870431551955267,0.0,0.0,130.64650299202185
0.004,67,1556456120,0.08747640981957867,0.0,0.0,129.4238380069146
0.004,68,1576053187,0.09102846927523732,0.0,0.0,133.0081270134542
0.004,69,1848019881,0.08477300184626078,0.0,0.0,128.91199199657422
0.004,70,1508652585,0.0955054596641459,0.0,0.0,135.88317199901212
0.004,71,1995737731,0.07741613665360354,1.0,1.0,125.34566299291328
0.004,72,1162788447,0.08932436529742768,0.0,0.0,125.7229430048028
0.004,73,1172925522,0.09372406896606672,0.0,0.0,131.08223800372798
0.004,74,539174575,0.08675563974474527,0.0,0.0,126.12640000588726
0.004,75,2013637345,0.08865982469327174,0.0,0.0,133.4445760003291
0.004,76,1187468716,0.08446578223354746,0.0,0.0,127.43155300267972
0.004,77,1062978506,0.06651869908593108,1.0,1.0,133.59475499601103
0.004,78,679326770,0.09571167229264925,0.0,0.0,134.32253499922808
0.004,79,587923432,0.0885847106400412,0.0,0.0,125.95546100055799
0.004,80,1359889667,0.08999919692058954,0.0,0.0,130.08290700963698
0.004,81,970187386,0.09364263178624263,0.0,0.0,126.04262300010305
0.004,82,1219839873,0.07044760555079417,1.0,1.0,120.0608320068568
0.004,83,1428160212,0.0830815860871404,0.0,0.0,127.40460800705478
0.004,84,1930609499,0.08744508897492524,0.0,0.0,133.69699000031687
0.004,85,710582861,0.08990881988938237,0.0,0.0,128.24775399349164
0.004,86,1463614337,0.0876617624231216,0.0,0.0,115.15091299952473
0.004,87,1940152705,0.06500301605333587,1.0,1.0,132.5986650044797
0.004,88,985452196,0.0863814696729205,0.0,0.0,123.2951270067133
0.004,89,552062587,0.09285465885980039,0.0,0.0,132.32359099492896
0.004,90,623566272,0.09181646567444096,0.0,0.0,134.27402800880373
0.004,91,729775797,0.07606852761715666,1.0,1.0,123.89936900581233
0.004,92,1352536665,0.08461667920504791,0.0,0.0,129.99911099905148
0.004,93,555883440,0.08863200501876355,0.0,0.0,132.026646999293
0.004,94,1801800003,0.08793948971077728,0.0,0.0,132.01054399542045
0.004,95,763315502,0.08448700266681455,0.0,0.0,122.62231699423864
0.004,96,138897982,0.08785247723153534,0.0,0.0,118.24927398993168
0.004,97,10785379,0.09138201135110263,0.0,0.0,129.13812100305222
0.004,98,53923185,0.09181892735237569,0.0,0.0,122.17810499714687
0.004,99,1349917978,0.08863408717378302,0.0,0.0,124.8485889955191
0.007,0,1501552845,0.07528293202265547,1.0,1.0,259.8962619958911
0.007,1,488200390,0.08486154588777364,0.0,0.0,108.38679800508544
0.007,2,1693606510,0.08275083852056028,0.0,0.0,108.63827899447642
0.007,3,680233354,0.08510772021316089,0.0,0.0,108.67850200156681
0.007,4,438466540,0.08080645543756572,0.0,0.0,116.09393201069906
0.007,5,1712329280,0.08614732021977342,0.0,0.0,131.50560700159986
0.007,6,1380152455,0.08200396468195766,0.0,0.0,114.95033299433999
0.007,7,1452245846,0.09374354264234852,0.0,0.0,131.37944199843332
0.007,8,2122694021,0.07103503858558019,1.0,1.0,128.46693300525658
0.007,9,839901363,0.08465443846494988,0.0,0.0,120.72331500530709
0.007,10,1802651552,0.0764817443103816,1.0,1.0,129.16512800438795
0.007,11,714712467,0.07551431279539281,1.0,1.0,132.14723000419326
0.007,12,1218704077,0.07683440336340422,1.0,1.0,128.6576519923983
0.007,13,1284858263,0.07491341932299396,1.0,1.0,134.66406500083394
0.007,14,457721135,0.07274880309368206,1.0,1.0,131.22069599921815
0.007,15,401008609,0.09873872443069225,0.0,0.0,128.74290900072083
0.007,16,492064534,0.06951105755255105,1.0,1.0,122.62935600301716
0.007,17,1444732602,0.08880742939537271,0.0,0.0,132.61448699631728
0.007,18,1317426686,0.07573759684908991,1.0,1.0,117.60301199683454
0.007,19,2022506251,0.08032361906629089,0.0,0.0,118.88005099899601
0.007,20,1516459118,0.08582459518597885,0.0,0.0,129.5683719945373
0.007,21,533103612,0.0867117486083413,0.0,0.0,128.4567840048112
0.007,22,1964759878,0.05943960531114144,1.0,1.0,126.23327200708445
0.007,23,2037706756,0.05068437818474358,1.0,1.0,128.46923500183038
0.007,24,1572889065,0.07762759178711912,1.0,1.0,124.26660099299625
0.007,25,1432881518,0.0820069796716753,0.0,0.0,128.07574300677516
0.007,26,280516901,0.07949177977430032,1.0,1.0,134.128564997809
0.007,27,205939248,0.07663646988895209,1.0,1.0,132.38960299349856
0.007,28,571904914,0.08025288562934815,0.0,0.0,131.17732398677617
0.007,29,948843457,0.07167540697567339,1.0,1.0,129.73296699055936
0.007,30,155492488,0.07553555789301664,1.0,1.0,135.6126220052829
0.007,31,1903701130,0.07386820310571982,1.0,1.0,125.19016599981114
0.007,32,1017961266,0.07392234005792919,1.0,1.0,124.75392600754276
0.007,33,1497769985,0.09856735787021213,0.0,0.0,127.4195639998652
0.007,34,456523489,0.08717209904614509,0.0,0.0,120.90773700037971
0.007,35,701095136,0.07343111527927383,1.0,1.0,129.40652699035127
0.007,36,249069576,0.08708052570697228,0.0,0.0,122.95236199861392
0.007,37,1576098728,0.0730671423424334,1.0,1.0,128.65258401143365
0.007,38,1662748500,0.0781388220845305,1.0,1.0,122.52475500281435
0.007,39,472736216,0.07831554920650975,1.0,1.0,121.68297199241351
0.007,40,1535411295,0.06887043968820353,1.0,1.0,116.14834501233418
0.007,41,175223003,0.0897105874356464,0.0,0.0,126.93830599891953
0.007,42,840936862,0.08731748564143846,0.0,0.0,124.29714899917599
0.007,43,343373188,0.05972765886652542,1.0,1.0,126.91438500769436
0.007,44,1597751082,0.08122199102741505,0.0,0.0,127.89320599404164
0.007,45,730359585,0.08412910012283233,0.0,0.0,122.8115799895022
0.007,46,1016641002,0.08207062588767132,0.0,0.0,120.0991819932824
0.007,47,998994690,0.07807728297269081,1.0,1.0,116.10776299494319
0.007,48,1021240743,0.0833757763826268,0.0,0.0,127.04371400468517
0.007,49,572134801,0.07754406310280379,1.0,1.0,122.20796399924438
0.007,50,1198399760,0.07814682127936144,1.0,1.0,124.2560999962734
0.007,51,1751866485,0.0927191089592567,0.0,0.0,121.80842099769507
0.007,52,1070889713,0.0690017074889005,1.0,1.0,131.64506599423476
0.007,53,415096539,0.08145929169729495,0.0,0.0,123.48077300703153
0.007,54,52416235,0.07521368141793396,1.0,1.0,127.74115799402352
0.007,55,278032723,0.07457677884666136,1.0,1.0,124.13177199778147
0.007,56,174946158,0.08193461163995246,0.0,0.0,124.84677000611555
0.007,57,196848554,0.04446367580733408,1.0,1.0,133.93393899605144
0.007,58,263030910,0.0836513678186151,0.0,0.0,131.67811400489882
0.007,59,1285415020,0.08057794239838317,0.0,0.0,134.40122100291774
0.007,60,1733223444,0.08381141140476629,0.0,0.0,124.05149301048368
0.007,61,1835544261,0.07737014538694828,1.0,1.0,126.14493399451021
0.007,62,1403186970,0.07291158521639404,1.0,1.0,130.60656300513074
0.007,63,1291971777,0.05403555731307129,1.0,1.0,124.55055199097842
0.007,64,712292067,0.08078281978692348,0.0,0.0,130.69474199437536
0.007,65,2001429764,0.08594823954741931,0.0,0.0,123.81796099361964
0.007,66,1375664061,0.08038285476968207,0.0,0.0,130.70438399154227
0.007,67,1556456120,0.08101468597399747,0.0,0.0,127.57655899622478
0.007,68,1576053187,0.0698562627417153,1.0,1.0,120.36377799813636
0.007,69,1848019881,0.07210557286185364,1.0,1.0,138.09457801107783
0.007,70,1508652585,0.07619164556549854,1.0,1.0,126.93658498756122
0.007,71,1995737731,0.07622063704652751,1.0,1.0,128.0085509933997
0.007,72,1162788447,0.08238917601005095,0.0,0.0,123.4470780036645
0.007,73,1172925522,0.06501171524316271,1.0,1.0,128.62483500794042
0.007,74,539174575,0.08116573358939454,0.0,0.0,121.81888399936724
0.007,75,2013637345,0.07369536003290507,1.0,1.0,129.28721299977042
0.007,76,1187468716,0.08242181289622628,0.0,0.0,118.92447200079914
0.007,77,1062978506,0.07976578396377729,1.0,1.0,125.2519349945942
0.007,78,679326770,0.07469681318462892,1.0,1.0,123.83831800252665
0.007,79,587923432,0.0761573861539173,1.0,1.0,130.05914600216784
0.007,80,1359889667,0.07276445567136035,1.0,1.0,128.09524199110456
0.007,81,970187386,0.07189412048610391,1.0,1.0,127.93522200081497
0.007,82,1219839873,0.08261019765150984,0.0,0.0,135.94182400265709
0.007,83,1428160212,0.07952196624354342,1.0,1.0,120.52256599417888
0.007,84,1930609499,0.08855010169945148,0.0,0.0,129.27459200727753
0.007,85,710582861,0.06590947063105997,1.0,1.0,129.13557000865694
0.007,86,1463614337,0.07901699815790598,1.0,1.0,127.83417000900954
0.007,87,1940152705,0.07136974048067374,1.0,1.0,115.70971400942653
0.007,88,985452196,0.08242195585889016,0.0,0.0,127.66695499885827
0.007,89,552062587,0.08550949531548084,0.0,0.0,125.05391299782787
0.007,90,623566272,0.07892130177147962,1.0,1.0,122.85639900073875
0.007,91,729775797,0.0632619436511988,1.0,1.0,122.62528200517409
0.007,92,1352536665,0.07813615337738691,1.0,1.0,133.0266810109606
0.007,93,555883440,0.08136334988230616,0.0,0.0,128.6714599991683
0.007,94,1801800003,0.08308746524576792,0.0,0.0,133.22478500776924
0.007,95,763315502,0.08571522955872185,0.0,0.0,124.15789000806399
0.007,96,138897982,0.07565974945368664,1.0,1.0,127.99448800797109
0.007,97,10785379,0.07548443111454788,1.0,1.0,117.69799300236627
0.007,98,53923185,0.08297606075489596,0.0,0.0,118.10069900820963
0.007,99,1349917978,0.06879331164503094,1.0,1.0,128.96758299029898
0.005,0,1501552845,0.08734606846222576,0.0,0.0,246.19569900096394
0.005,1,488200390,0.06828152350857712,1.0,1.0,121.19905899453443
0.005,2,1693606510,0.0749775036683404,1.0,1.0,119.1409560124157
0.005,3,680233354,0.09309780460323301,0.0,0.0,108.56499499641359
0.005,4,438466540,0.08760357329647118,0.0,0.0,119.94089400104713
0.005,5,1712329280,0.07854603565266266,1.0,1.0,127.46072599838953
0.005,6,1380152455,0.08087891370180697,0.0,0.0,119.23508800100535
0.005,7,1452245846,0.09711618643028758,0.0,0.0,118.98506099532824
0.005,8,2122694021,0.09625538772122931,0.0,0.0,114.0163539967034
0.005,9,839901363,0.092239710966678,0.0,0.0,123.94151400076225
0.005,10,1802651552,0.08313244133480734,0.0,0.0,131.10999400669243
0.005,11,714712467,0.0931947928712838,0.0,0.0,119.88570498942863
0.005,12,1218704077,0.09044938687804167,0.0,0.0,133.81896099599544
0.005,13,1284858263,0.08040461790011409,0.0,0.0,126.45539399818517
0.005,14,457721135,0.09010994083281189,0.0,0.0,125.20107200543862
0.005,15,401008609,0.0939018506920312,0.0,0.0,127.66659000772052
0.005,16,492064534,0.07942923495081497,1.0,1.0,126.95720000192523
0.005,17,1444732602,0.08260241432117858,0.0,0.0,129.07128701044712
0.005,18,1317426686,0.09294513770584266,0.0,0.0,136.4269140030956
0.005,19,2022506251,0.0740678888691581,1.0,1.0,129.27347600634675
0.005,20,1516459118,0.07217901144351244,1.0,1.0,126.53897599375341
0.005,21,533103612,0.07743096104861678,1.0,1.0,130.29331600409932
0.005,22,1964759878,0.059443644112703885,1.0,1.0,126.24550900363829
0.005,23,2037706756,0.07389603327571387,1.0,1.0,125.81090099411085
0.005,24,1572889065,0.08362912418802974,0.0,0.0,130.46556699555367
0.005,25,1432881518,0.09085306129492494,0.0,0.0,129.08204799168743
0.005,26,280516901,0.09699779590145786,0.0,0.0,123.24745800287928
0.005,27,205939248,0.07876016133235203,1.0,1.0,132.0612319977954
0.005,28,571904914,0.07337732767245679,1.0,1.0,120.11645900201984
0.005,29,948843457,0.07104639697575872,1.0,1.0,130.85209400742315
0.005,30,155492488,0.09078627807445634,0.0,0.0,120.61106700275559
0.005,31,1903701130,0.0939984320976947,0.0,0.0,127.7930380019825
0.005,32,1017961266,0.07277942402774953,1.0,1.0,121.09219399280846
0.005,33,1497769985,0.06030676012287407,1.0,1.0,127.8419739974197
0.005,34,456523489,0.08237678214298132,0.0,0.0,129.12885801051743
0.005,35,701095136,0.06616934401268669,1.0,1.0,139.25670100434218
0.005,36,249069576,0.0997455133323491,0.0,0.0,122.2892029909417
0.005,37,1576098728,0.09074460763763516,0.0,0.0,129.8278040048899
0.005,38,1662748500,0.06866715611462311,1.0,1.0,132.39323000016157
0.005,39,472736216,0.08809211983747785,0.0,0.0,128.85116699908394
0.005,40,1535411295,0.06885617463089073,1.0,1.0,121.31692799448501
0.005,41,175223003,0.07687691023829445,1.0,1.0,130.73137198807672
0.005,42,840936862,0.07016358069011183,1.0,1.0,128.93017000169493
0.005,43,343373188,0.07488961355543405,1.0,1.0,124.4411080115242
0.005,44,1597751082,0.06970685315101732,1.0,1.0,127.0819439960178
0.005,45,730359585,0.07056989657534785,1.0,1.0,141.61169099679682
0.005,46,1016641002,0.0915731329235436,0.0,0.0,134.43270699644927
0.005,47,998994690,0.07937339249786628,1.0,1.0,132.59587399079464
0.005,48,1021240743,0.08943133156695789,0.0,0.0,137.0127970003523
0.005,49,572134801,0.07518591990855165,1.0,1.0,119.03273200732656
0.005,50,1198399760,0.07685836052328768,1.0,1.0,122.85655799496453
0.005,51,1751866485,0.08050983342733053,0.0,0.0,123.92998499854002
0.005,52,1070889713,0.08017642695082497,0.0,0.0,122.9358189884806
0.005,53,415096539,0.09188986781463446,0.0,0.0,130.79569599358365
0.005,54,52416235,0.07983622971530702,1.0,1.0,137.25520600564778
0.005,55,278032723,0.0890030951821263,0.0,0.0,127.40713800303638
0.005,56,174946158,0.07414511247474853,1.0,1.0,127.29717399633955
0.005,57,196848554,0.07648429880945525,1.0,1.0,135.4901259910548
0.005,58,263030910,0.07096583143612689,1.0,1.0,127.60941899614409
0.005,59,1285415020,0.10040093752648901,0.0,0.0,137.5747869897168
0.005,60,1733223444,0.09288999130399904,0.0,0.0,131.5241039992543
0.005,61,1835544261,0.09731724696847162,0.0,0.0,121.46169600600842
0.005,62,1403186970,0.08119783564083542,0.0,0.0,122.69978500262368
0.005,63,1291971777,0.07790662016389036,1.0,1.0,119.52206400746945
0.005,64,712292067,0.0817487483756989,0.0,0.0,118.72182200022507
0.005,65,2001429764,0.07942516327195107,1.0,1.0,131.367052992573
0.005,66,1375664061,0.09644409486021502,0.0,0.0,115.20689999451861
0.005,67,1556456120,0.07424361694274585,1.0,1.0,132.8318950108951
0.005,68,1576053187,0.07239121839233707,1.0,1.0,125.24933599343058
0.005,69,1848019881,0.08583806301612713,0.0,0.0,126.7987820028793
0.005,70,1508652585,0.09713004176350463,0.0,0.0,128.90873999276664
0.005,71,1995737731,0.07881784246427789,1.0,1.0,126.99744600104168
0.005,72,1162788447,0.07792221445198387,1.0,1.0,120.88668999786023
0.005,73,1172925522,0.07550587000784728,1.0,1.0,130.36164799996186
0.005,74,539174575,0.08733301504760776,0.0,0.0,136.36821598629467
0.005,75,2013637345,0.09318545773135042,0.0,0.0,116.0198129946366
0.005,76,1187468716,0.09184667619019299,0.0,0.0,120.84555400360841
0.005,77,1062978506,0.0882105505384761,0.0,0.0,131.68097200104967
0.005,78,679326770,0.07605861730108215,1.0,1.0,133.69512801000383
0.005,79,587923432,0.08335270778019484,0.0,0.0,131.44835899583995
0.005,80,1359889667,0.07695565691662856,1.0,1.0,132.31380900833756
0.005,81,970187386,0.08515715102536249,0.0,0.0,117.77489900123328
0.005,82,1219839873,0.08443530682775438,0.0,0.0,126.74595799762756
0.005,83,1428160212,0.07542421028481221,1.0,1.0,123.61047399463132
0.005,84,1930609499,0.0966525428642328,0.0,0.0,127.07262500771321
0.005,85,710582861,0.07329762725791288,1.0,1.0,129.55379400227685
0.005,86,1463614337,0.08339235295593357,0.0,0.0,129.67851200664882
0.005,87,1940152705,0.09110390488613952,0.0,0.0,126.76726099743973
0.005,88,985452196,0.08921967717568638,0.0,0.0,124.0518679987872
0.005,89,552062587,0.07993732516285124,1.0,1.0,130.2688220021082
0.005,90,623566272,0.08117492135587054,0.0,0.0,133.16820000181906
0.005,91,729775797,0.09450478984437964,0.0,0.0,123.39979800162837
0.005,92,1352536665,0.08144985627337219,0.0,0.0,135.78003500879277
0.005,93,555883440,0.07690953330348078,1.0,1.0,129.8357760097133
0.005,94,1801800003,0.09295151756688844,0.0,0.0,130.16223500017077
0.005,95,763315502,0.086188659250719,0.0,0.0,130.61779699637555
0.005,96,138897982,0.08116232912508815,0.0,0.0,125.3049840015592
0.005,97,10785379,0.09212956416849545,0.0,0.0,134.21670199022628
0.005,98,53923185,0.07977316729663612,1.0,1.0,116.65648400958162
0.005,99,1349917978,0.08092791634027778,0.0,0.0,129.7853819996817
0.006,0,1501552845,0.079240650934127,1.0,1.0,266.37287699850276
0.006,1,488200390,0.057742081274143195,1.0,1.0,108.78907699952833
0.006,2,1693606510,0.07134967347539471,1.0,1.0,108.63453599449713
0.006,3,680233354,0.07318927873164922,1.0,1.0,108.65784699853975
0.006,4,438466540,0.07798273064077547,1.0,1.0,108.63438200613018
0.006,5,1712329280,0.07726666461129718,1.0,1.0,117.72469501011074
0.006,6,1380152455,0.061861938081337164,1.0,1.0,112.70512700139079
0.006,7,1452245846,0.0839918803209914,0.0,0.0,129.6636940096505
0.006,8,2122694021,0.08083781765887758,0.0,0.0,130.88852100190707
0.006,9,839901363,0.07622134275032687,1.0,1.0,123.97729000076652
0.006,10,1802651552,0.07421009971020555,1.0,1.0,162.623028998496
0.006,11,714712467,0.07773036160437365,1.0,1.0,151.0935210098978
0.006,12,1218704077,0.06313083743072427,1.0,1.0,150.9848820132902
0.006,13,1284858263,0.07789814686308778,1.0,1.0,156.78882999054622
0.006,14,457721135,0.07799239984831874,1.0,1.0,151.9353850017069
0.006,15,401008609,0.0792763895132592,1.0,1.0,124.19299999601208
0.006,16,492064534,0.0808673972263007,0.0,0.0,127.43214500369504
0.006,17,1444732602,0.06548748631313697,1.0,1.0,127.79556898749433
0.006,18,1317426686,0.07308273222708472,1.0,1.0,132.481957989512
0.006,19,2022506251,0.07496410138197464,1.0,1.0,128.98350099567324
0.006,20,1516459118,0.08053831057194871,0.0,0.0,133.03464600176085
0.006,21,533103612,0.079580295929398,1.0,1.0,136.97351000155322
0.006,22,1964759878,0.0738990569065446,1.0,1.0,124.6901909908047
0.006,23,2037706756,0.06925898148599681,1.0,1.0,134.6360640018247
0.006,24,1572889065,0.09227884773719926,0.0,0.0,137.898008004413
0.006,25,1432881518,0.10207126585801675,0.0,0.0,130.66820600943174
0.006,26,280516901,0.07124489195692496,1.0,1.0,132.19050400948618
0.006,27,205939248,0.0754839214861149,1.0,1.0,125.69910699676257
0.006,28,571904914,0.06936914899695844,1.0,1.0,134.46912400831934
0.006,29,948843457,0.07931319009507615,1.0,1.0,126.0835830034921
0.006,30,155492488,0.08761397223586109,0.0,0.0,128.66082400432788
0.006,31,1903701130,0.07582978062545917,1.0,1.0,118.18788999516983
0.006,32,1017961266,0.08249861953479742,0.0,0.0,125.57841300440487
0.006,33,1497769985,0.07726970211856347,1.0,1.0,129.91677099489607
0.006,34,456523489,0.0780769688653968,1.0,1.0,130.52695299847983
0.006,35,701095136,0.07616290246713926,1.0,1.0,136.0759200033499
0.006,36,249069576,0.07387886705925958,1.0,1.0,149.7546680038795
0.006,37,1576098728,0.07677226931493272,1.0,1.0,149.48762499261647
0.006,38,1662748500,0.10188359845014834,0.0,0.0,138.25976800580975
0.006,39,472736216,0.09135158466087451,0.0,0.0,134.52358600625303
0.006,40,1535411295,0.0841888639630511,0.0,0.0,128.31749199540354
0.006,41,175223003,0.07330949759147576,1.0,1.0,129.8435810022056
0.006,42,840936862,0.09584686876922435,0.0,0.0,126.41956700826995
0.006,43,343373188,0.08657977893580314,0.0,0.0,133.99791800475214
0.006,44,1597751082,0.07212564104762077,1.0,1.0,118.3333910012152
0.006,45,730359585,0.07699762476054116,1.0,1.0,131.67831700411625
0.006,46,1016641002,0.07824897792820779,1.0,1.0,130.9150180022698
0.006,47,998994690,0.07289343347935612,1.0,1.0,128.1918839958962
0.006,48,1021240743,0.10087050491392512,0.0,0.0,125.32984900462907
0.006,49,572134801,0.0659096613242685,1.0,1.0,122.74955099564977
0.006,50,1198399760,0.07473304521654586,1.0,1.0,118.59197799640242
0.006,51,1751866485,0.07632474414147372,1.0,1.0,128.72812800924294
0.006,52,1070889713,0.06468471060243733,1.0,1.0,121.40755100699607
0.006,53,415096539,0.09616594293365822,0.0,0.0,130.6214659998659
0.006,54,52416235,0.07611709578478242,1.0,1.0,127.60806900041644
0.006,55,278032723,0.0836401135623669,0.0,0.0,135.41956100380048
0.006,56,174946158,0.0634299371193041,1.0,1.0,122.8348320000805
0.006,57,196848554,0.08088395832807961,0.0,0.0,136.3372430059826
0.006,58,263030910,0.08230544813605993,0.0,0.0,131.15662000200246
0.006,59,1285415020,0.08252680928284714,0.0,0.0,133.26634900295176
0.006,60,1733223444,0.08085125260312995,0.0,0.0,119.8431810043985
0.006,61,1835544261,0.09988393605673787,0.0,0.0,121.13551500078756
0.006,62,1403186970,0.08287284089270808,0.0,0.0,134.79617598932236
0.006,63,1291971777,0.070760555678536,1.0,1.0,124.18479900225066
0.006,64,712292067,0.06655321179939207,1.0,1.0,121.14574399311095
0.006,65,2001429764,0.06771597669883482,1.0,1.0,129.52812100411393
0.006,66,1375664061,0.07885629468478879,1.0,1.0,131.646334004472
0.006,67,1556456120,0.08520519127922219,0.0,0.0,130.74054699973203
0.006,68,1576053187,0.08063026298873327,0.0,0.0,131.00138699519448
0.006,69,1848019881,0.0657637188788363,1.0,1.0,139.53175100323278
0.006,70,1508652585,0.07323894494664245,1.0,1.0,125.66993100335822
0.006,71,1995737731,0.09818937648989919,0.0,0.0,136.66053499036934
0.006,72,1162788447,0.07787945264474358,1.0,1.0,128.86364199221134
0.006,73,1172925522,0.06167501438077884,1.0,1.0,123.62959800520912
0.006,74,539174575,0.0732833928540396,1.0,1.0,121.6622550127795
0.006,75,2013637345,0.07711455146922504,1.0,1.0,125.01848400279414
0.006,76,1187468716,0.09337010236917237,0.0,0.0,131.98350700258743
0.006,77,1062978506,0.07016601155267159,1.0,1.0,125.48084199079312
0.006,78,679326770,0.07609201953189093,1.0,1.0,131.74248200084548
0.006,79,587923432,0.07471518226878887,1.0,1.0,129.86003000696655
0.006,80,1359889667,0.07128605049187561,1.0,1.0,136.7439169989666
0.006,81,970187386,0.07810508972003326,1.0,1.0,132.05664299312048
0.006,82,1219839873,0.08363610372464837,0.0,0.0,121.8670639937045
0.006,83,1428160212,0.08231783041471004,0.0,0.0,125.73588600207586
0.006,84,1930609499,0.07542116398093479,1.0,1.0,126.59643699589651
0.006,85,710582861,0.07558432129422943,1.0,1.0,133.68861400522292
0.006,86,1463614337,0.08133161757697571,0.0,0.0,126.9644530111691
0.006,87,1940152705,0.08736962425327416,0.0,0.0,143.2840459892759
0.006,88,985452196,0.07579650885232987,1.0,1.0,127.7062300068792
0.006,89,552062587,0.07138421929619082,1.0,1.0,132.73610500618815
0.006,90,623566272,0.07779192677377644,1.0,1.0,124.93297200126108
0.006,91,729775797,0.09091259541484534,0.0,0.0,129.2681380000431
0.006,92,1352536665,0.07457131855893742,1.0,1.0,140.77561399608385
0.006,93,555883440,0.08662228338514863,0.0,0.0,117.51044899574481
0.006,94,1801800003,0.07803512588794072,1.0,1.0,130.13816199963912
0.006,95,763315502,0.09132131499176302,0.0,0.0,128.1909870012896
0.006,96,138897982,0.07129967061226443,1.0,1.0,132.78229799470864
0.006,97,10785379,0.06936272161445858,1.0,1.0,128.99165600538254
0.006,98,53923185,0.07216349262528955,1.0,1.0,150.09559500322212
0.006,99,1349917978,0.08777505832246375,0.0,0.0,159.88753701094538
0.003,0,1501552845,0.08613078701840797,0.0,0.0,221.01388000010047
0.003,1,488200390,0.09173219824717006,0.0,0.0,108.49143800442107
0.003,2,1693606510,0.0884706328136492,0.0,0.0,122.87719300366007
0.003,3,680233354,0.07355388130782778,1.0,1.0,147.07154800998978
0.003,4,438466540,0.08461606456818893,0.0,0.0,157.4742639932083
0.003,5,1712329280,0.08471224059232865,0.0,0.0,138.04581099248026
0.003,6,1380152455,0.08290904487521782,0.0,0.0,156.09525599575136
0.003,7,1452245846,0.08580514795058741,0.0,0.0,128.31645699043293
0.003,8,2122694021,0.08032302838908036,0.0,0.0,133.80544500250835
0.003,9,839901363,0.08916340799687003,0.0,0.0,120.30778299958911
0.003,10,1802651552,0.09239236342881361,0.0,0.0,131.12954900134355
0.003,11,714712467,0.08377166480860972,0.0,0.0,130.28242900327314
0.003,12,1218704077,0.08913501860974121,0.0,0.0,117.85574800160248
0.003,13,1284858263,0.08575810627685397,0.0,0.0,124.71130999620073
0.003,14,457721135,0.08612473675314267,0.0,0.0,132.85229400207754
0.003,15,401008609,0.09125215510617803,0.0,0.0,156.1369040136924
0.003,16,492064534,0.08753742811914264,0.0,0.0,152.49576800852083
0.003,17,1444732602,0.07233032128118819,1.0,1.0,156.9877649890259
0.003,18,1317426686,0.08696115706072968,0.0,0.0,156.76223799528088
0.003,19,2022506251,0.08365674733287315,0.0,0.0,155.10418399935588
0.003,20,1516459118,0.08008721324785836,0.0,0.0,159.5142610021867
0.003,21,533103612,0.07980939050090839,1.0,1.0,156.87822399195284
0.003,22,1964759878,0.08167215708772418,0.0,0.0,142.95100700110197
0.003,23,2037706756,0.08698240473893891,0.0,0.0,153.40222300437745
0.003,24,1572889065,0.07673053622775347,1.0,1.0,145.41366101184394
0.003,25,1432881518,0.08221233258070942,0.0,0.0,161.58071100653615
0.003,26,280516901,0.08510598385192794,0.0,0.0,147.44478001375683
0.003,27,205939248,0.08966423822644508,0.0,0.0,152.05029300705064
0.003,28,571904914,0.09088207878237474,0.0,0.0,149.79837099963333
0.003,29,948843457,0.08718645448196874,0.0,0.0,151.64392298902385
0.003,30,155492488,0.08335089340294165,0.0,0.0,149.9351059901528
0.003,31,1903701130,0.08963171876240429,0.0,0.0,149.61615299398545
0.003,32,1017961266,0.09002613599399338,0.0,0.0,157.73195099609438
0.003,33,1497769985,0.08815959019309899,0.0,0.0,149.91369198833127
0.003,34,456523489,0.08951542667660035,0.0,0.0,155.21312899363693
0.003,35,701095136,0.08093240570118271,0.0,0.0,148.6261719983304
0.003,36,249069576,0.09156848311060385,0.0,0.0,131.94131100317463
0.003,37,1576098728,0.08054461406096944,0.0,0.0,157.81858400441706
0.003,38,1662748500,0.09027869952922685,0.0,0.0,156.9593730091583
0.003,39,472736216,0.09027913301977805,0.0,0.0,153.6549359880155
0.003,40,1535411295,0.08865518725882492,0.0,0.0,155.57784799602814
0.003,41,175223003,0.06986828684048184,1.0,1.0,147.27950100495946
0.003,42,840936862,0.08699756240801736,0.0,0.0,146.10002299014013
0.003,43,343373188,0.08265384552410435,0.0,0.0,145.95608400122728
0.003,44,1597751082,0.09278966852838634,0.0,0.0,158.08930899947882
0.003,45,730359585,0.08877603517761878,0.0,0.0,149.88628700666595
0.003,46,1016641002,0.09238864567520183,0.0,0.0,153.32174900686368
0.003,47,998994690,0.0871873157461348,0.0,0.0,158.00144999229815
0.003,48,1021240743,0.08596323341590613,0.0,0.0,153.36696700251196
0.003,49,572134801,0.08236717872589645,0.0,0.0,152.74166800372768
0.003,50,1198399760,0.08452592564412172,0.0,0.0,149.60800200060476
0.003,51,1751866485,0.08038098210533727,0.0,0.0,159.04741499980446
0.003,52,1070889713,0.08600516712861295,0.0,0.0,156.31946299981792
0.003,53,415096539,0.0848813508325846,0.0,0.0,156.68226599518675
0.003,54,52416235,0.07025538392024214,1.0,1.0,160.9794350079028
0.003,55,278032723,0.08066072378405588,0.0,0.0,153.0703759926837
0.003,56,174946158,0.08227876239827776,0.0,0.0,161.58827900653705
0.003,57,196848554,0.09027003276059527,0.0,0.0,153.18513300735503
0.003,58,263030910,0.08189863837297083,0.0,0.0,143.2141010009218
0.003,59,1285415020,0.08725726006879912,0.0,0.0,158.87445799307898
0.003,60,1733223444,0.08746298895630801,0.0,0.0,153.54146000754554
0.003,61,1835544261,0.08589491102375528,0.0,0.0,147.10099098738283
0.003,62,1403186970,0.08681998001921755,0.0,0.0,154.1758800012758
0.003,63,1291971777,0.0839591568186234,0.0,0.0,157.83294099674094
0.003,64,712292067,0.09123378740610091,0.0,0.0,149.61548001156189
0.003,65,2001429764,0.08754617961641127,0.0,0.0,149.0384690114297
0.003,66,1375664061,0.085154064835791,0.0,0.0,156.55391199106816
0.003,67,1556456120,0.07629146823669682,1.0,1.0,160.1032509934157
0.003,68,1576053187,0.0884537750534953,0.0,0.0,165.50312300387304
0.003,69,1848019881,0.08856353846459594,0.0,0.0,159.35399300360586
0.003,70,1508652585,0.08787073739306271,0.0,0.0,155.56257498974446
0.003,71,1995737731,0.08571760615833435,0.0,0.0,145.34937498683576
0.003,72,1162788447,0.08629440112958645,0.0,0.0,151.76807800889947
0.003,73,1172925522,0.08387945702810978,0.0,0.0,150.69843399396632
0.003,74,539174575,0.0877290717426169,0.0,0.0,151.3457590044709
0.003,75,2013637345,0.08288043739872865,0.0,0.0,146.9815460004611
0.003,76,1187468716,0.0869954022357628,0.0,0.0,159.04102599597536
0.003,77,1062978506,0.09017848179530058,0.0,0.0,151.7484899959527
0.003,78,679326770,0.09026672758364193,0.0,0.0,153.47085600660648
0.003,79,587923432,0.08071122691249141,0.0,0.0,144.59836100286338
0.003,80,1359889667,0.08888308959059298,0.0,0.0,151.16030399804004
0.003,81,970187386,0.07169821076031199,1.0,1.0,152.32241300691385
0.003,82,1219839873,0.081689463345203,0.0,0.0,160.2846710011363
0.003,83,1428160212,0.08102435150807352,0.0,0.0,157.4711190041853
0.003,84,1930609499,0.08711625217693171,0.0,0.0,148.898362996988
0.003,85,710582861,0.08449420402555595,0.0,0.0,146.5848429943435
0.003,86,1463614337,0.09189926443108394,0.0,0.0,148.79991099587642
0.003,87,1940152705,0.07549161559253713,1.0,1.0,142.59472000412643
0.003,88,985452196,0.08324268578202147,0.0,0.0,164.29136400984135
0.003,89,552062587,0.09174901122205006,0.0,0.0,148.10584299266338
0.003,90,623566272,0.08174287079415621,0.0,0.0,152.86382100021
0.003,91,729775797,0.08636872828274521,0.0,0.0,150.57654200063553
0.003,92,1352536665,0.07685683525293226,1.0,1.0,146.41592299449258
0.003,93,555883440,0.0844815410174626,0.0,0.0,148.8397209905088
0.003,94,1801800003,0.08604849415574208,0.0,0.0,150.23310099786613
0.003,95,763315502,0.08453964069329893,0.0,0.0,132.27300599101
0.003,96,138897982,0.08901708447946882,0.0,0.0,129.070918992511
0.003,97,10785379,0.07723467902729728,1.0,1.0,119.88019400450867
0.003,98,53923185,0.08801959296586753,0.0,0.0,122.02809000154957
0.003,99,1349917978,0.08278094491531987,0.0,0.0,130.2152240095893
0.008,0,1501552845,0.08314350100214349,0.0,0.0,130.67688599403482
0.008,1,488200390,0.07846253860803899,1.0,1.0,120.92815199866891
0.008,2,1693606510,0.08605700928672876,0.0,0.0,131.98019600531552
0.008,3,680233354,0.07859720024568999,1.0,1.0,130.3474360029213
0.008,4,438466540,0.07870741090151125,1.0,1.0,128.34698001097422
0.008,5,1712329280,0.08174585930731888,0.0,0.0,130.65246099722572
0.008,6,1380152455,0.08734940253685161,0.0,0.0,128.8548250013264
0.008,7,1452245846,0.06825236143496768,1.0,1.0,124.42706699948758
0.008,8,2122694021,0.08881750648938481,0.0,0.0,132.02587500563823
0.008,9,839901363,0.08929108774053356,0.0,0.0,133.87445200351067
0.008,10,1802651552,0.08892897029772663,0.0,0.0,131.30898399685975
0.008,11,714712467,0.05832831983396078,1.0,1.0,132.73480901261792
0.008,12,1218704077,0.08309525909531529,0.0,0.0,127.4010269989958
0.008,13,1284858263,0.08558841491267272,0.0,0.0,133.18407800397836
0.008,14,457721135,0.07643036290738114,1.0,1.0,135.5243059952045
0.008,15,401008609,0.08277154941771513,0.0,0.0,125.36674800503533
0.008,16,492064534,0.08445824532679173,0.0,0.0,140.46150499780197
0.008,17,1444732602,0.07515886951595808,1.0,1.0,131.74128500395454
0.008,18,1317426686,0.05159613613860392,1.0,1.0,128.55162500636652
0.008,19,2022506251,0.08448339771258341,0.0,0.0,129.71273899893276
0.008,20,1516459118,0.08606302668212679,0.0,0.0,126.40259000181686
0.008,21,533103612,0.09485945787370044,0.0,0.0,130.3007999958936
0.008,22,1964759878,0.07924394496686943,1.0,1.0,109.47676400246564
0.008,23,2037706756,0.07585267737967857,1.0,1.0,108.82280700025149
0.008,24,1572889065,0.08155488105343033,0.0,0.0,108.60173100081738
0.008,25,1432881518,0.07127876318671755,1.0,1.0,108.79792900232133
0.008,26,280516901,0.05545282522158388,1.0,1.0,108.69461699621752
0.008,27,205939248,0.07775553054619071,1.0,1.0,109.1305790032493
0.008,28,571904914,0.07381359314872038,1.0,1.0,108.64368100010324
0.008,29,948843457,0.07315155903974618,1.0,1.0,108.28895399754401
0.008,30,155492488,0.09041305402522533,0.0,0.0,108.56851299467962
0.008,31,1903701130,0.07809163349250907,1.0,1.0,108.60511599457823
0.008,32,1017961266,0.07668651148483376,1.0,1.0,108.6520180106163
0.008,33,1497769985,0.08224897438710416,0.0,0.0,109.2226360051427
0.008,34,456523489,0.08573191882331965,0.0,0.0,108.79860998829827
0.008,35,701095136,0.06949165558511228,1.0,1.0,108.40159500367008
0.008,36,249069576,0.07891928372509664,1.0,1.0,108.55103700305335
0.008,37,1576098728,0.07190735592703883,1.0,1.0,108.38494599738624
0.008,38,1662748500,0.06297147204293017,1.0,1.0,108.97506801120471
0.008,39,472736216,0.0787097022777571,1.0,1.0,108.84221000014804
0.008,40,1535411295,0.08849112504292624,0.0,0.0,108.83051800192334
0.008,41,175223003,0.08604834260723578,0.0,0.0,108.79925699555315
0.008,42,840936862,0.06430360282338199,1.0,1.0,109.83730100269895
0.008,43,343373188,0.08731743807099514,0.0,0.0,108.74084700481035
0.008,44,1597751082,0.07416489887404945,1.0,1.0,108.64255699561909
0.008,45,730359585,0.08530174535736479,0.0,0.0,108.67449101351667
0.008,46,1016641002,0.06857539896870361,1.0,1.0,108.6798590113176
0.008,47,998994690,0.07855113725231087,1.0,1.0,108.50248001224827
0.008,48,1021240743,0.07656674750115565,1.0,1.0,108.38911699829623
0.008,49,572134801,0.07248194812372145,1.0,1.0,108.96145799779333
0.008,50,1198399760,0.07942829864306167,1.0,1.0,108.92596599296667
0.008,51,1751866485,0.08841516902704379,0.0,0.0,108.70441199222114
0.008,52,1070889713,0.058949210030673355,1.0,1.0,108.81925300054718
0.008,53,415096539,0.08483463503883786,0.0,0.0,119.37417100125458
0.008,54,52416235,0.07408638576335617,1.0,1.0,108.34671699558385
0.008,55,278032723,0.07004236427004075,1.0,1.0,108.27329200401437
0.008,56,174946158,0.08293867054994342,0.0,0.0,108.44726199866273
0.008,57,196848554,0.07515274027777984,1.0,1.0,108.30388699832838
0.008,58,263030910,0.0791115350453856,1.0,1.0,108.70657001214568
0.008,59,1285415020,0.08380092570421319,0.0,0.0,108.33370499312878
0.008,60,1733223444,0.07209166044451995,1.0,1.0,108.34853800770361
0.008,61,1835544261,0.08386347562389027,0.0,0.0,108.68427700188477
0.008,62,1403186970,0.07509123324014785,1.0,1.0,108.64231799496338
0.008,63,1291971777,0.08194796015167927,0.0,0.0,108.76078800356481
0.008,64,712292067,0.04944623350508506,1.0,1.0,108.26119300327264
0.008,65,2001429764,0.06661571811092337,1.0,1.0,108.24248899007216
0.008,66,1375664061,0.08720528546419946,0.0,0.0,108.71516600309405
0.008,67,1556456120,0.08135520915717037,0.0,0.0,108.54471400671173
0.008,68,1576053187,0.08833119841419512,0.0,0.0,108.19859600451309
0.008,69,1848019881,0.0858985195197306,0.0,0.0,108.13638700346928
0.008,70,1508652585,0.056959932372022466,1.0,1.0,108.67280499951448
0.008,71,1995737731,0.08915983589679641,0.0,0.0,108.34320499270689
0.008,72,1162788447,0.0915341170735147,0.0,0.0,108.5690740001155
0.008,73,1172925522,0.08276975911687176,0.0,0.0,108.643346989993
0.008,74,539174575,0.07727526041730352,1.0,1.0,108.2928450050531
0.008,75,2013637345,0.08417081277936504,0.0,0.0,108.28318599669728
0.008,76,1187468716,0.06860439800172316,1.0,1.0,108.53374798898585
0.008,77,1062978506,0.08488161215107229,0.0,0.0,108.37781400186941
0.008,78,679326770,0.07791585808690187,1.0,1.0,108.2094599987613
0.008,79,587923432,0.08627572199078774,0.0,0.0,107.93359899253119
0.008,80,1359889667,0.0798843648041824,1.0,1.0,108.28650899929926
0.008,81,970187386,0.08454402229420926,0.0,0.0,108.55176900804508
0.008,82,1219839873,0.08179112071981234,0.0,0.0,108.02438900282141
0.008,83,1428160212,0.060686311435924595,1.0,1.0,108.33742299291771
0.008,84,1930609499,0.08753614054830315,0.0,0.0,108.46280099940486
0.008,85,710582861,0.09410311881029088,0.0,0.0,108.37218000961002
0.008,86,1463614337,0.08207323009335771,0.0,0.0,108.93443399982061
0.008,87,1940152705,0.09010452602197822,0.0,0.0,108.33981999894604
0.008,88,985452196,0.08930233393257782,0.0,0.0,108.39183299685828
0.008,89,552062587,0.07414534135476503,1.0,1.0,108.33645799721126
0.008,90,623566272,0.06274468268650064,1.0,1.0,108.33603900391608
0.008,91,729775797,0.07879021366187579,1.0,1.0,108.39977499563247
0.008,92,1352536665,0.06571300835647,1.0,1.0,108.13204899022821
0.008,93,555883440,0.07439936360027677,1.0,1.0,108.592194999801
0.008,94,1801800003,0.06737928722250515,1.0,1.0,108.80151900346391
0.008,95,763315502,0.06361368037765018,1.0,1.0,108.7062439910369
0.008,96,138897982,0.08372512691183237,0.0,0.0,108.12605000683106
0.008,97,10785379,0.08104419539632504,0.0,0.0,108.29678799200337
0.008,98,53923185,0.05586259955731576,1.0,1.0,108.70315200008918
0.008,99,1349917978,0.0813622413338944,0.0,0.0,108.15335401275661
0.009,0,1501552845,0.0816794613582562,0.0,0.0,130.75858900265303
0.009,1,488200390,0.08498486230534623,0.0,0.0,127.32902400603052
0.009,2,1693606510,0.07527691059542778,1.0,1.0,131.95850599731784
0.009,3,680233354,0.07812622457125114,1.0,1.0,130.39726800343487
0.009,4,438466540,0.08279152688237726,0.0,0.0,131.61822699476033
0.009,5,1712329280,0.06786096788733217,1.0,1.0,133.52440900052898
0.009,6,1380152455,0.06890183657985267,1.0,1.0,128.9626460056752
0.009,7,1452245846,0.07828080730318589,1.0,1.0,125.80138200428337
0.009,8,2122694021,0.041882941435464616,1.0,1.0,132.86002600216307
0.009,9,839901363,0.08146038829111696,0.0,0.0,127.11522499739658
0.009,10,1802651552,0.07312123141851337,1.0,1.0,131.45710599201266
0.009,11,714712467,0.08488557186603492,0.0,0.0,130.19774500571657
0.009,12,1218704077,0.08530147314954055,0.0,0.0,118.49494899797719
0.009,13,1284858263,0.0845162319575422,0.0,0.0,122.54225400101859
0.009,14,457721135,0.0789848109682897,1.0,1.0,136.11523699364625
0.009,15,401008609,0.07918366663570083,1.0,1.0,121.32858300174121
0.009,16,492064534,0.08393772349608945,0.0,0.0,126.4668090007035
0.009,17,1444732602,0.072143574303526,1.0,1.0,131.0812960000476
0.009,18,1317426686,0.07689213017522373,1.0,1.0,135.28668199433014
0.009,19,2022506251,0.08633855157237898,0.0,0.0,133.85246699908748
0.009,20,1516459118,0.08660235216493929,0.0,0.0,128.78874300804455
0.009,21,533103612,0.08318625683777861,0.0,0.0,126.6057600005297
0.009,22,1964759878,0.07842764324277346,1.0,1.0,118.47438100085128
0.009,23,2037706756,0.08617377530550456,0.0,0.0,109.22000301070511
0.009,24,1572889065,0.06445955756558476,1.0,1.0,108.94644100335427
0.009,25,1432881518,0.058418721103635246,1.0,1.0,108.5465979995206
0.009,26,280516901,0.07694479797246702,1.0,1.0,108.95574399910402
0.009,27,205939248,0.09289329418198698,0.0,0.0,108.77991799497977
0.009,28,571904914,0.08562149127924912,0.0,0.0,108.70229399006348
0.009,29,948843457,0.05359718904133801,1.0,1.0,108.95990200515371
0.009,30,155492488,0.08576116001347224,0.0,0.0,108.69361399090849
0.009,31,1903701130,0.07470889096067446,1.0,1.0,108.9609539922094
0.009,32,1017961266,0.06561860930706756,1.0,1.0,108.75514100189321
0.009,33,1497769985,0.07598579498067133,1.0,1.0,108.5085389931919
0.009,34,456523489,0.06405294031799325,1.0,1.0,108.50920299708378
0.009,35,701095136,0.08419676929407924,0.0,0.0,109.42241699376609
0.009,36,249069576,0.06492995962416993,1.0,1.0,109.15129000204615
0.009,37,1576098728,0.08401591010711612,0.0,0.0,109.1125929960981
0.009,38,1662748500,0.07816888791673962,1.0,1.0,109.24948498723097
0.009,39,472736216,0.05908072557621856,1.0,1.0,108.59746899222955
0.009,40,1535411295,0.08911373270834988,0.0,0.0,109.09974400419742
0.009,41,175223003,0.0666460295870668,1.0,1.0,108.82880199642386
0.009,42,840936862,0.07464224063844677,1.0,1.0,108.7041379942093
0.009,43,343373188,0.0722835544531228,1.0,1.0,109.5370919938432
0.009,44,1597751082,0.08136090449722186,0.0,0.0,108.82701800437644
0.009,45,730359585,0.09169499018780318,0.0,0.0,109.28927300847135
0.009,46,1016641002,0.06174090720610607,1.0,1.0,108.74882400094066
0.009,47,998994690,0.07454184790842107,1.0,1.0,108.62129900488071
0.009,48,1021240743,0.07149233019276675,1.0,1.0,108.73439999704715
0.009,49,572134801,0.08220781522131984,0.0,0.0,108.6664290050976
0.009,50,1198399760,0.07791224076781021,1.0,1.0,108.83074298908468
0.009,51,1751866485,0.08630541828086705,0.0,0.0,108.9130399923306
0.009,52,1070889713,0.0842568730419151,0.0,0.0,109.07410400977824
0.009,53,415096539,0.058596862586949836,1.0,1.0,109.50566799147055
0.009,54,52416235,0.08384078646801453,0.0,0.0,108.53326400683727
0.009,55,278032723,0.0821654904472874,0.0,0.0,108.57252099958714
0.009,56,174946158,0.08652109717375048,0.0,0.0,109.36363300425
0.009,57,196848554,0.08377015387265564,0.0,0.0,108.54701399512123
0.009,58,263030910,0.08447824742721577,0.0,0.0,108.95183899265248
0.009,59,1285415020,0.08093671113938535,0.0,0.0,108.45954799151514
0.009,60,1733223444,0.07174655101981613,1.0,1.0,108.80250000627711
0.009,61,1835544261,0.08351646748295807,0.0,0.0,109.00922300061211
0.009,62,1403186970,0.07929174437486898,1.0,1.0,109.20319698925596
0.009,63,1291971777,0.08351105217325328,0.0,0.0,108.5084740043385
0.009,64,712292067,0.09172810643769398,0.0,0.0,108.64217800553888
0.009,65,2001429764,0.07154749760742879,1.0,1.0,110.12996299541555
0.009,66,1375664061,0.0794045379424973,1.0,1.0,108.36920099973213
0.009,67,1556456120,0.07841387685345477,1.0,1.0,109.00075899553485
0.009,68,1576053187,0.047149820233064,1.0,1.0,108.65772199758794
0.009,69,1848019881,0.06978153823991236,1.0,1.0,108.82861699792556
0.009,70,1508652585,0.08505458119516303,0.0,0.0,108.49226100253873
0.009,71,1995737731,0.08885990794187947,0.0,0.0,108.70569899270777
0.009,72,1162788447,0.0862003382374127,0.0,0.0,108.45592999248765
0.009,73,1172925522,0.07503787381149547,1.0,1.0,108.95714799698908
0.009,74,539174575,0.08832567948194456,0.0,0.0,108.31722899456508
0.009,75,2013637345,0.0844175405647932,0.0,0.0,108.47162899153773
0.009,76,1187468716,0.0730674637250318,1.0,1.0,108.53692900855094
0.009,77,1062978506,0.06427951342422199,1.0,1.0,108.64405799657106
0.009,78,679326770,0.07885986077426389,1.0,1.0,108.16940400400199
0.009,79,587923432,0.0844708249080741,0.0,0.0,108.23461999825668
0.009,80,1359889667,0.08561312026679174,0.0,0.0,108.51997099234723
0.009,81,970187386,0.08696930317410252,0.0,0.0,108.35831800068263
0.009,82,1219839873,0.0867143392864787,0.0,0.0,108.9381319907261
0.009,83,1428160212,0.04979362330025032,1.0,1.0,108.34354200051166
0.009,84,1930609499,0.08855385970922965,0.0,0.0,108.36826400191057
0.009,85,710582861,0.08575591911255274,0.0,0.0,108.24349299946334
0.009,86,1463614337,0.08433758889198796,0.0,0.0,108.68735999974888
0.009,87,1940152705,0.08741100927817827,0.0,0.0,108.34895900916308
0.009,88,985452196,0.08467337110460782,0.0,0.0,108.34770899964496
0.009,89,552062587,0.0867859850095853,0.0,0.0,107.98368300311267
0.009,90,623566272,0.08152089359104236,0.0,0.0,108.28827899240423
0.009,91,729775797,0.07536301644491149,1.0,1.0,108.28103800304234
0.009,92,1352536665,0.07665307224859058,1.0,1.0,108.63589600194246
0.009,93,555883440,0.08779661813427549,0.0,0.0,108.59775099379476
0.009,94,1801800003,0.07256635943792127,1.0,1.0,108.47291299432982
0.009,95,763315502,0.051325324505281954,1.0,1.0,108.11267599638086
0.009,96,138897982,0.07367850355419694,1.0,1.0,109.1997470066417
0.009,97,10785379,0.06910063120924977,1.0,1.0,108.33621000347193
0.009,98,53923185,0.0869194090171851,0.0,0.0,108.0471550085349
0.009,99,1349917978,0.08194947810905422,0.0,0.0,108.21404001035262
0.011,0,1501552845,0.07969108140386501,1.0,1.0,124.82494401047006
0.011,1,488200390,0.0820618832380743,0.0,0.0,127.73140099307057
0.011,2,1693606510,0.08376670443146349,0.0,0.0,132.11378500272986
0.011,3,680233354,0.08732800837953908,0.0,0.0,127.70894600544125
0.011,4,438466540,0.07366518000648183,1.0,1.0,122.19102898961864
0.011,5,1712329280,0.07797351874954365,1.0,1.0,131.72631101042498
0.011,6,1380152455,0.07795059724886419,1.0,1.0,125.74138400668744
0.011,7,1452245846,0.07260015347824983,1.0,1.0,127.79078999301419
0.011,8,2122694021,0.0755602661332294,1.0,1.0,132.2724229976302
0.011,9,839901363,0.07946815673616471,1.0,1.0,132.44829799805302
0.011,10,1802651552,0.08021785495498669,0.0,0.0,129.19355800841004
0.011,11,714712467,0.07137174210674055,1.0,1.0,131.94015200133435
0.011,12,1218704077,0.08781494712818612,0.0,0.0,138.56989300984424
0.011,13,1284858263,0.08249013769644707,0.0,0.0,125.95501300529577
0.011,14,457721135,0.07506640261828522,1.0,1.0,129.67401200148743
0.011,15,401008609,0.07999670269680555,1.0,1.0,125.03782700514421
0.011,16,492064534,0.08890411675703035,0.0,0.0,130.8680399961304
0.011,17,1444732602,0.06656336777065534,1.0,1.0,122.21997999586165
0.011,18,1317426686,0.08496231028238228,0.0,0.0,132.37578599364497
0.011,19,2022506251,0.07828568911587412,1.0,1.0,133.17003900010604
0.011,20,1516459118,0.07863103363352998,1.0,1.0,127.47715300065465
0.011,21,533103612,0.08864438313141668,0.0,0.0,120.61713200819213
0.011,22,1964759878,0.0896752159251341,0.0,0.0,108.99294100818224
0.011,23,2037706756,0.06995340435942689,1.0,1.0,108.53964000125416
0.011,24,1572889065,0.08094067639540288,0.0,0.0,108.45119100122247
0.011,25,1432881518,0.08096112749966156,0.0,0.0,108.66177300340496
0.011,26,280516901,0.08477144390677843,0.0,0.0,108.64492699329276
0.011,27,205939248,0.07706154920199147,1.0,1.0,109.16763699788135
0.011,28,571904914,0.08493987131191436,0.0,0.0,108.6653880047379
0.011,29,948843457,0.07963885899729797,1.0,1.0,109.089204997872
0.011,30,155492488,0.07846527762893599,1.0,1.0,108.49393201351631
0.011,31,1903701130,0.08640363468280582,0.0,0.0,109.10578900075052
0.011,32,1017961266,0.07511939107915153,1.0,1.0,108.66579099092633
0.011,33,1497769985,0.07746997893435707,1.0,1.0,109.07148801197764
0.011,34,456523489,0.08490184478972808,0.0,0.0,108.26992100919597
0.011,35,701095136,0.08008338010161979,0.0,0.0,109.50318799586967
0.011,36,249069576,0.0827971503579679,0.0,0.0,109.19787599414121
0.011,37,1576098728,0.07977260425454387,1.0,1.0,108.47481699602213
0.011,38,1662748500,0.075465210206293,1.0,1.0,109.08612799539696
0.011,39,472736216,0.08698306918775772,0.0,0.0,109.04951099655591
0.011,40,1535411295,0.08702849118070184,0.0,0.0,108.65703600575216
0.011,41,175223003,0.07226164513892831,1.0,1.0,108.72657599975355
0.011,42,840936862,0.07575424440520669,1.0,1.0,109.03569801303092
0.011,43,343373188,0.08169131709715652,0.0,0.0,109.0284930105554
0.011,44,1597751082,0.08099049354135437,0.0,0.0,108.47491200547665
0.011,45,730359585,0.07591695563435615,1.0,1.0,109.69780800223816
0.011,46,1016641002,0.08031838969959636,0.0,0.0,108.705350998207
0.011,47,998994690,0.08136982997636351,0.0,0.0,108.58821799047291
0.011,48,1021240743,0.0804057836053543,0.0,0.0,108.60089900961611
0.011,49,572134801,0.07785969242879567,1.0,1.0,108.68328400829341
0.011,50,1198399760,0.07150904625396365,1.0,1.0,108.94464601005893
0.011,51,1751866485,0.07646032979110783,1.0,1.0,109.11153399501927
0.011,52,1070889713,0.07913323804444722,1.0,1.0,108.94856699451338
0.011,53,415096539,0.07728916225245194,1.0,1.0,109.33812899747863
0.011,54,52416235,0.06797697799314817,1.0,1.0,108.56622300343588
0.011,55,278032723,0.08189233935090322,0.0,0.0,108.77351899398491
0.011,56,174946158,0.0901912721324999,0.0,0.0,109.58187500364147
0.011,57,196848554,0.079187397422242,1.0,1.0,108.88218900072388
0.011,58,263030910,0.08456660793012533,0.0,0.0,108.72844701225404
0.011,59,1285415020,0.08122141260018215,0.0,0.0,108.44190599163994
0.011,60,1733223444,0.08095516094185884,0.0,0.0,108.94653599825688
0.011,61,1835544261,0.08612225487767688,0.0,0.0,108.90753800049424
0.011,62,1403186970,0.0784328463467245,1.0,1.0,108.58975099108648
0.011,63,1291971777,0.08690856711397835,0.0,0.0,109.09219399036374
0.011,64,712292067,0.08364564833214486,0.0,0.0,108.67857000266667
0.011,65,2001429764,0.07673263340533809,1.0,1.0,109.38325700408313
0.011,66,1375664061,0.07416688854841226,1.0,1.0,108.63307800900657
0.011,67,1556456120,0.08059406011066929,0.0,0.0,108.87481199461035
0.011,68,1576053187,0.08278050979422027,0.0,0.0,109.0798170043854
0.011,69,1848019881,0.08254109793551301,0.0,0.0,108.63635400892235
0.011,70,1508652585,0.07209562018862359,1.0,1.0,108.9815129962517
0.011,71,1995737731,0.07715511149557731,1.0,1.0,109.50509901158512
0.011,72,1162788447,0.0743528345126269,1.0,1.0,108.61939100141171
0.011,73,1172925522,0.08215354130527046,0.0,0.0,109.07635198964272
0.011,74,539174575,0.07426077146321564,1.0,1.0,109.40234300505836
0.011,75,2013637345,0.08300768903237714,0.0,0.0,109.0599699964514
0.011,76,1187468716,0.08606879868123851,0.0,0.0,108.6198080010945
0.011,77,1062978506,0.06917163603354093,1.0,1.0,108.72222100442741
0.011,78,679326770,0.0715908081653019,1.0,1.0,108.47454900795128
0.011,79,587923432,0.08799143017765446,0.0,0.0,108.57983501045965
0.011,80,1359889667,0.08021252662832076,0.0,0.0,108.80203200213145
0.011,81,970187386,0.07878547425001806,1.0,1.0,108.50556498917285
0.011,82,1219839873,0.07818986707938558,1.0,1.0,109.11259200656787
0.011,83,1428160212,0.0698480750372698,1.0,1.0,108.64702000981197
0.011,84,1930609499,0.08041099817873144,0.0,0.0,108.65633300272748
0.011,85,710582861,0.074764609577452,1.0,1.0,108.56916999910027
0.011,86,1463614337,0.07702627018494565,1.0,1.0,108.80777399870567
0.011,87,1940152705,0.07915109267887557,1.0,1.0,109.10309098835569
0.011,88,985452196,0.08050176767105809,0.0,0.0,108.56582901033107
0.011,89,552062587,0.0800378142394159,0.0,0.0,108.63375700137112
0.011,90,623566272,0.08387329824407556,0.0,0.0,108.49583700473886
0.011,91,729775797,0.07654860985684334,1.0,1.0,108.82555900025181
0.011,92,1352536665,0.07739768071454502,1.0,1.0,108.5910830006469
0.011,93,555883440,0.08576129611423777,0.0,0.0,108.94847300369292
0.011,94,1801800003,0.08877210363827047,0.0,0.0,108.94208900572266
0.011,95,763315502,0.08551408369427016,0.0,0.0,108.7055019888794
0.011,96,138897982,0.07852837872960229,1.0,1.0,108.8122039946029
0.011,97,10785379,0.08203425081035282,0.0,0.0,109.18099898844957
0.011,98,53923185,0.07066858914838449,1.0,1.0,109.32215600041673
0.011,99,1349917978,0.07545056994831975,1.0,1.0,108.65503500099294
0.012,0,1501552845,0.07090199831263233,1.0,1.0,127.84683000063524
0.012,1,488200390,0.07925211795882896,1.0,1.0,125.64368300081696
0.012,2,1693606510,0.07837137456841145,1.0,1.0,129.0713080088608
0.012,3,680233354,0.0725454096189323,1.0,1.0,127.75643399800174
0.012,4,438466540,0.07822665239264306,1.0,1.0,121.67423899518326
0.012,5,1712329280,0.08086316841295664,0.0,0.0,126.0924719972536
0.012,6,1380152455,0.07271995903172597,1.0,1.0,128.2265359914163
0.012,7,1452245846,0.07214146083838763,1.0,1.0,119.0580270049395
0.012,8,2122694021,0.07671078493609128,1.0,1.0,119.17949200142175
0.012,9,839901363,0.06889435704129557,1.0,1.0,133.18632399023045
0.012,10,1802651552,0.07735124564772546,1.0,1.0,122.87393299629912
0.012,11,714712467,0.07026724074995887,1.0,1.0,130.04263299808372
0.012,12,1218704077,0.07140606916107776,1.0,1.0,124.33592000161298
0.012,13,1284858263,0.08154895378106734,0.0,0.0,125.38925799890421
0.012,14,457721135,0.07554348105405738,1.0,1.0,128.35522399109323
0.012,15,401008609,0.07707812301500952,1.0,1.0,124.85045999346767
0.012,16,492064534,0.07469686374730646,1.0,1.0,126.16070000512991
0.012,17,1444732602,0.07452236877904349,1.0,1.0,122.55062800250016
0.012,18,1317426686,0.08209008601854437,0.0,0.0,122.81106499722227
0.012,19,2022506251,0.07452989862420197,1.0,1.0,128.40863699966576
0.012,20,1516459118,0.07642636144830779,1.0,1.0,127.40372600092087
0.012,21,533103612,0.07445433486045072,1.0,1.0,110.01800298981834
0.012,22,1964759878,0.0721357005031369,1.0,1.0,108.53114099882077
0.012,23,2037706756,0.07974539642565547,1.0,1.0,108.56777700246312
0.012,24,1572889065,0.07178423737771666,1.0,1.0,108.69914400973357
0.012,25,1432881518,0.07891798917313161,1.0,1.0,108.64913699333556
0.012,26,280516901,0.08062359578100142,0.0,0.0,108.86070600827225
0.012,27,205939248,0.07652335058429226,1.0,1.0,108.99956700450275
0.012,28,571904914,0.071703691851743,1.0,1.0,108.54611000104342
0.012,29,948843457,0.07115147295685123,1.0,1.0,108.85999799938872
0.012,30,155492488,0.07533115277752937,1.0,1.0,108.7649699911708
0.012,31,1903701130,0.07580550974224134,1.0,1.0,109.89284499373753
0.012,32,1017961266,0.07603600022387001,1.0,1.0,108.4778689983068
0.012,33,1497769985,0.07088681472218696,1.0,1.0,109.21987499750685
0.012,34,456523489,0.07964786696891023,1.0,1.0,108.6024090036517
0.012,35,701095136,0.07483502958012096,1.0,1.0,108.5131959989667
0.012,36,249069576,0.075834672813677,1.0,1.0,108.87056500359904
0.012,37,1576098728,0.09282214436815843,0.0,0.0,108.45031798817217
0.012,38,1662748500,0.07620143004483357,1.0,1.0,108.70823399454821
0.012,39,472736216,0.06885267039423372,1.0,1.0,108.8286070007598
0.012,40,1535411295,0.07045681914965417,1.0,1.0,108.65295700205024
0.012,41,175223003,0.07203818002649935,1.0,1.0,109.01123599614948
0.012,42,840936862,0.06963119350478128,1.0,1.0,108.76796400407329
0.012,43,343373188,0.0776859198758077,1.0,1.0,109.7461250028573
0.012,44,1597751082,0.08070395412918574,0.0,0.0,108.99677401175722
0.012,45,730359585,0.08348091562543543,0.0,0.0,108.59731399978045
0.012,46,1016641002,0.08071649530672731,0.0,0.0,108.52425399934873
0.012,47,998994690,0.08598538800693711,0.0,0.0,108.50691399537027
0.012,48,1021240743,0.06638111953142183,1.0,1.0,108.6982929991791
0.012,49,572134801,0.07045513904268169,1.0,1.0,108.96362100902479
0.012,50,1198399760,0.07338765878911539,1.0,1.0,108.46132400911301
0.012,51,1751866485,0.0788364419160618,1.0,1.0,108.85999399761204
0.012,52,1070889713,0.0700105537007584,1.0,1.0,109.24499199609272
0.012,53,415096539,0.0768939216808225,1.0,1.0,108.26895099307876
0.012,54,52416235,0.0848051837287426,0.0,0.0,108.53780299657956
0.012,55,278032723,0.07737040342659929,1.0,1.0,108.39563999616075
0.012,56,174946158,0.07940633050403317,1.0,1.0,108.97261899663135
0.012,57,196848554,0.07364585959264093,1.0,1.0,108.82517001300585
0.012,58,263030910,0.07605232728975796,1.0,1.0,108.57974200916942
0.012,59,1285415020,0.0767351561906376,1.0,1.0,108.52666100254282
0.012,60,1733223444,0.07540132049965587,1.0,1.0,109.30024400295224
0.012,61,1835544261,0.07700464980057778,1.0,1.0,109.05243500019424
0.012,62,1403186970,0.07356234470196668,1.0,1.0,109.06111799704377
0.012,63,1291971777,0.07312191837576874,1.0,1.0,108.69789600837976
0.012,64,712292067,0.08057694146362987,0.0,0.0,108.75187200144865
0.012,65,2001429764,0.0805491727048337,0.0,0.0,108.61878999276087
0.012,66,1375664061,0.07158133187130132,1.0,1.0,108.88127400539815
0.012,67,1556456120,0.07939335664075316,1.0,1.0,108.82930799562018
0.012,68,1576053187,0.07577266743824089,1.0,1.0,108.48154699488077
0.012,69,1848019881,0.08702720221366517,0.0,0.0,108.94490999635309
0.012,70,1508652585,0.08039815535186673,0.0,0.0,108.69578500569332
0.012,71,1995737731,0.07262444788743025,1.0,1.0,108.76000400457997
0.012,72,1162788447,0.07271931506038304,1.0,1.0,108.30224699748214
0.012,73,1172925522,0.0763437659718823,1.0,1.0,108.86963400116656
0.012,74,539174575,0.08190849691705993,0.0,0.0,108.88081700250041
0.012,75,2013637345,0.06725078816350233,1.0,1.0,108.58850099612027
0.012,76,1187468716,0.08319639266483088,0.0,0.0,108.51957600971218
0.012,77,1062978506,0.08183348977647727,0.0,0.0,108.66677400190383
0.012,78,679326770,0.08212480710502239,0.0,0.0,108.72599300637376
0.012,79,587923432,0.06936086616937165,1.0,1.0,108.85810099716764
0.012,80,1359889667,0.07171318133548106,1.0,1.0,108.22043599910103
0.012,81,970187386,0.07045372083448556,1.0,1.0,108.42056699038949
0.012,82,1219839873,0.07360730820009355,1.0,1.0,108.65205999289174
0.012,83,1428160212,0.07481839081332305,1.0,1.0,108.35026700806338
0.012,84,1930609499,0.08060881791430351,0.0,0.0,108.88592099945527
0.012,85,710582861,0.07806564514396766,1.0,1.0,108.77279500709847
0.012,86,1463614337,0.07614212178075434,1.0,1.0,108.5258560051443
0.012,87,1940152705,0.0823282839181024,0.0,0.0,108.5094939917326
0.012,88,985452196,0.07508101627229938,1.0,1.0,108.31878900353331
0.012,89,552062587,0.07238320229706653,1.0,1.0,108.3044250117382
0.012,90,623566272,0.08059502638413546,0.0,0.0,108.67914999835193
0.012,91,729775797,0.07892827196520469,1.0,1.0,108.49192198656965
0.012,92,1352536665,0.07786831462184236,1.0,1.0,108.90947000007145
0.012,93,555883440,0.0758217395509236,1.0,1.0,108.55106500093825
0.012,94,1801800003,0.07681620937710192,1.0,1.0,108.96779999893624
0.012,95,763315502,0.06687681479510055,1.0,1.0,108.51344600087032
0.012,96,138897982,0.07064290756451096,1.0,1.0,108.46633599430788
0.012,97,10785379,0.07468601266373583,1.0,1.0,109.14024499652442
0.012,98,53923185,0.07648210969855947,1.0,1.0,108.46405700431205
0.012,99,1349917978,0.07592388286659943,1.0,1.0,108.46446300274692
0.013,0,1501552845,0.07555123702783172,1.0,1.0,119.15203199896496
0.013,1,488200390,0.07416355253654992,1.0,1.0,128.7441000022227
0.013,2,1693606510,0.07561832227441363,1.0,1.0,127.91925399505999
0.013,3,680233354,0.0706890225518217,1.0,1.0,136.8600269925082
0.013,4,438466540,0.07220886413556726,1.0,1.0,131.2796230049571
0.013,5,1712329280,0.0806329444978032,0.0,0.0,123.24864999391139
0.013,6,1380152455,0.07458760299733048,1.0,1.0,130.3030909912195
0.013,7,1452245846,0.07276689957738869,1.0,1.0,136.07276999391615
0.013,8,2122694021,0.08883135680970153,0.0,0.0,121.33199301024433
0.013,9,839901363,0.07527583951348349,1.0,1.0,121.23712699394673
0.013,10,1802651552,0.07851582196360211,1.0,1.0,131.68906800274272
0.013,11,714712467,0.07564244218698785,1.0,1.0,126.3454589934554
0.013,12,1218704077,0.0732730768259164,1.0,1.0,133.7172529892996
0.013,13,1284858263,0.07122467861252661,1.0,1.0,129.08518699987326
0.013,14,457721135,0.07496970777486488,1.0,1.0,133.7573619966861
0.013,15,401008609,0.07592936612934642,1.0,1.0,133.27116500295233
0.013,16,492064534,0.07151498828231244,1.0,1.0,128.81266299518757
0.013,17,1444732602,0.08124459900576433,0.0,0.0,131.60671200603247
0.013,18,1317426686,0.07658931564420537,1.0,1.0,117.17665400647093
0.013,19,2022506251,0.07380145594308066,1.0,1.0,136.36112200038042
0.013,20,1516459118,0.07945386243996881,1.0,1.0,124.7097840096103
0.013,21,533103612,0.0779951809244034,1.0,1.0,137.44065498758573
0.013,22,1964759878,0.07721887185144308,1.0,1.0,108.53715099801775
0.013,23,2037706756,0.07840655823908416,1.0,1.0,108.47461599041708
0.013,24,1572889065,0.07892761020793923,1.0,1.0,108.65915899921674
0.013,25,1432881518,0.07129705332921274,1.0,1.0,108.53363000205718
0.013,26,280516901,0.07729057857805147,1.0,1.0,108.53732899704482
0.013,27,205939248,0.08490697245753523,0.0,0.0,109.13987399544567
0.013,28,571904914,0.07273374489647343,1.0,1.0,109.24328501278069
0.013,29,948843457,0.07905627708668758,1.0,1.0,108.45343698747456
0.013,30,155492488,0.07320525243950475,1.0,1.0,108.61170499993023
0.013,31,1903701130,0.07869751820711611,1.0,1.0,109.26306499459315
0.013,32,1017961266,0.07297081328911935,1.0,1.0,108.52302100101952
0.013,33,1497769985,0.07937479283624542,1.0,1.0,109.06102700391784
0.013,34,456523489,0.07309970556858089,1.0,1.0,108.42623400094453
0.013,35,701095136,0.07414100247286753,1.0,1.0,108.4791379980743
0.013,36,249069576,0.07741034288007792,1.0,1.0,108.85309700097423
0.013,37,1576098728,0.07972694692263228,1.0,1.0,108.32909500459209
0.013,38,1662748500,0.07588943559196173,1.0,1.0,118.8641189946793
0.013,39,472736216,0.07684883644791071,1.0,1.0,116.10657200799324
0.013,40,1535411295,0.08131152922790752,0.0,0.0,108.63908600003924
0.013,41,175223003,0.07344297735024373,1.0,1.0,108.61098999157548
0.013,42,840936862,0.07344397285661272,1.0,1.0,108.45967500063125
0.013,43,343373188,0.07213349700994107,1.0,1.0,109.06873100611847
0.013,44,1597751082,0.0812258000849445,0.0,0.0,108.89137600315735
0.013,45,730359585,0.07449712858292622,1.0,1.0,108.56715099362191
0.013,46,1016641002,0.07911483817011221,1.0,1.0,108.56658600096125
0.013,47,998994690,0.07706329093781021,1.0,1.0,108.61241399834398
0.013,48,1021240743,0.07046210482057769,1.0,1.0,108.67507799412124
0.013,49,572134801,0.0734767888954379,1.0,1.0,108.8079079927411
0.013,50,1198399760,0.07601798401247623,1.0,1.0,108.62710200308356
0.013,51,1751866485,0.08143062475335514,0.0,0.0,108.46924700308591
0.013,52,1070889713,0.07936682673418807,1.0,1.0,108.8452230032999
0.013,53,415096539,0.08101621613586842,0.0,0.0,108.65386699151713
0.013,54,52416235,0.07143298946637365,1.0,1.0,108.601643005386
0.013,55,278032723,0.07331460548185534,1.0,1.0,108.42055299144704
0.013,56,174946158,0.07236947562390482,1.0,1.0,108.86859899619594
0.013,57,196848554,0.07238100967068788,1.0,1.0,109.01064198696986
0.013,58,263030910,0.08216243535663818,0.0,0.0,108.43665500578936
0.013,59,1285415020,0.07822848664746222,1.0,1.0,108.87395999452565
0.013,60,1733223444,0.08050378879957057,0.0,0.0,109.05821499181911
0.013,61,1835544261,0.07566326951657007,1.0,1.0,108.64612700243015
0.013,62,1403186970,0.07541970719835393,1.0,1.0,108.6934529885184
0.013,63,1291971777,0.08337678678472517,0.0,0.0,108.55133598670363
0.013,64,712292067,0.07945683126059726,1.0,1.0,108.68431199924089
0.013,65,2001429764,0.07538929554564734,1.0,1.0,109.18718000175431
0.013,66,1375664061,0.07212130090208725,1.0,1.0,108.59156600781716
0.013,67,1556456120,0.07382368321293355,1.0,1.0,108.50003900122829
0.013,68,1576053187,0.07466771653481667,1.0,1.0,108.90971600019839
0.013,69,1848019881,0.07861548003903447,1.0,1.0,108.19335399719421
0.013,70,1508652585,0.0754083800663757,1.0,1.0,108.75394300092012
0.013,71,1995737731,0.07724244941509581,1.0,1.0,108.3675999980187
0.013,72,1162788447,0.07330195164224364,1.0,1.0,109.08140099490993
0.013,73,1172925522,0.07117769282496196,1.0,1.0,108.60904899891466
0.013,74,539174575,0.0792755987800505,1.0,1.0,108.76527499931399
0.013,75,2013637345,0.07700993210635076,1.0,1.0,108.76082099275663
0.013,76,1187468716,0.07225513054101924,1.0,1.0,108.30808999889996
0.013,77,1062978506,0.07369464305961754,1.0,1.0,108.40985699906014
0.013,78,679326770,0.07973639226301041,1.0,1.0,108.21308300364763
0.013,79,587923432,0.0784507873180866,1.0,1.0,108.27517700090539
0.013,80,1359889667,0.07822510218277812,1.0,1.0,108.46404499898199
0.013,81,970187386,0.07602742434425096,1.0,1.0,108.4861080016708
0.013,82,1219839873,0.07804172169705895,1.0,1.0,108.61986799864098
0.013,83,1428160212,0.07817101100010114,1.0,1.0,108.36107400245965
0.013,84,1930609499,0.07328337902146254,1.0,1.0,108.37763200106565
0.013,85,710582861,0.07091146281137876,1.0,1.0,108.58237399952486
0.013,86,1463614337,0.07511250565913899,1.0,1.0,109.30473099870142
0.013,87,1940152705,0.07416492694446385,1.0,1.0,108.4916389954742
0.013,88,985452196,0.07299505612365961,1.0,1.0,108.49683599371929
0.013,89,552062587,0.07481608146839687,1.0,1.0,108.53755600692239
0.013,90,623566272,0.0754575075332245,1.0,1.0,108.23901000549085
0.013,91,729775797,0.07344610915743913,1.0,1.0,109.04473801201675
0.013,92,1352536665,0.07627078020227254,1.0,1.0,108.56941298698075
0.013,93,555883440,0.07574408264020539,1.0,1.0,108.38512399641331
0.013,94,1801800003,0.0690906970523793,1.0,1.0,108.52074500871822
0.013,95,763315502,0.07777866014079628,1.0,1.0,109.10191400034819
0.013,96,138897982,0.0730543470213624,1.0,1.0,108.1911509972997
0.013,97,10785379,0.07931516130696473,1.0,1.0,108.29602999729104
0.013,98,53923185,0.07210794597852682,1.0,1.0,108.11218799790367
0.013,99,1349917978,0.07727788666446801,1.0,1.0,108.23714699654374
0.014,0,1501552845,0.0659632153398212,1.0,1.0,152.30005400371738
0.014,1,488200390,0.07319444845727771,1.0,1.0,138.16857599886134
0.014,2,1693606510,0.0727052078306649,1.0,1.0,155.0609730038559
0.014,3,680233354,0.07807950135079714,1.0,1.0,128.84411099366844
0.014,4,438466540,0.0701067102975224,1.0,1.0,123.25417700049002
0.014,5,1712329280,0.07473172078227593,1.0,1.0,132.92851200094447
0.014,6,1380152455,0.06698834484455524,1.0,1.0,120.78550299338531
0.014,7,1452245846,0.07606046536631696,1.0,1.0,116.74885101092514
0.014,8,2122694021,0.07361927982731792,1.0,1.0,134.8191559955012
0.014,9,839901363,0.07447821217826736,1.0,1.0,130.714295009966
0.014,10,1802651552,0.07583248981305762,1.0,1.0,119.71811301191337
0.014,11,714712467,0.07935177637997722,1.0,1.0,124.81512299564201
0.014,12,1218704077,0.07907853249074251,1.0,1.0,128.08544299332425
0.014,13,1284858263,0.0836892262097451,0.0,0.0,123.81893199926708
0.014,14,457721135,0.06677656301988587,1.0,1.0,134.58497800456826
0.014,15,401008609,0.07796197281882634,1.0,1.0,129.17647798894905
0.014,16,492064534,0.07017268699707008,1.0,1.0,132.06492699100636
0.014,17,1444732602,0.06313562798879609,1.0,1.0,131.9719569873996
0.014,18,1317426686,0.07628010041741627,1.0,1.0,128.65951600542758
0.014,19,2022506251,0.07101817800744152,1.0,1.0,133.0091420095414
0.014,20,1516459118,0.07720549487831999,1.0,1.0,118.0714529909892
0.014,21,533103612,0.07145412340673157,1.0,1.0,124.30676999792922
0.014,22,1964759878,0.08200864347871469,0.0,0.0,108.407152001746
0.014,23,2037706756,0.07545867985469713,1.0,1.0,108.67619200143963
0.014,24,1572889065,0.07304416152496958,1.0,1.0,108.60008400049992
0.014,25,1432881518,0.07026730656355747,1.0,1.0,108.98000300221611
0.014,26,280516901,0.07165706276846315,1.0,1.0,108.43800401198678
0.014,27,205939248,0.07344166623672681,1.0,1.0,110.4335020063445
0.014,28,571904914,0.07636255754555102,1.0,1.0,109.17902000073809
0.014,29,948843457,0.07501543817803617,1.0,1.0,108.95700099354144
0.014,30,155492488,0.07487264365722189,1.0,1.0,108.93457700149156
0.014,31,1903701130,0.07403516983303007,1.0,1.0,108.8344110030448
0.014,32,1017961266,0.07907160112417294,1.0,1.0,108.77829798846506
0.014,33,1497769985,0.07749124428152093,1.0,1.0,109.06409999006428
0.014,34,456523489,0.07529681946922712,1.0,1.0,108.95909299142659
0.014,35,701095136,0.06653105997668604,1.0,1.0,108.92431999673136
0.014,36,249069576,0.0780502173040636,1.0,1.0,108.76914999971632
0.014,37,1576098728,0.07876893613900741,1.0,1.0,108.95748500479385
0.014,38,1662748500,0.0738365023935875,1.0,1.0,108.54286499670707
0.014,39,472736216,0.07660875809328124,1.0,1.0,108.58086000371259
0.014,40,1535411295,0.07071883465655304,1.0,1.0,108.57767400739249
0.014,41,175223003,0.0803703422605759,0.0,0.0,108.48778299987316
0.014,42,840936862,0.07555379432348504,1.0,1.0,108.530879006139
0.014,43,343373188,0.06874441714178285,1.0,1.0,108.89752500224859
0.014,44,1597751082,0.0778355967501716,1.0,1.0,108.98777100373991
0.014,45,730359585,0.07733134260614022,1.0,1.0,108.92962600337341
0.014,46,1016641002,0.07601466114332589,1.0,1.0,108.69729000842199
0.014,47,998994690,0.0694719309109329,1.0,1.0,108.54608300724067
0.014,48,1021240743,0.07564947579676318,1.0,1.0,108.51957299746573
0.014,49,572134801,0.07315244239480449,1.0,1.0,109.03330499422736
0.014,50,1198399760,0.07130001178563582,1.0,1.0,108.36799300159328
0.014,51,1751866485,0.07865690022905575,1.0,1.0,108.62499300856143
0.014,52,1070889713,0.06833132864966512,1.0,1.0,108.469756989507
0.014,53,415096539,0.07445661627804552,1.0,1.0,109.5598149986472
0.014,54,52416235,0.07311432483103833,1.0,1.0,108.64779799885582
0.014,55,278032723,0.07915300899019498,1.0,1.0,108.59785698994529
0.014,56,174946158,0.07385541866496152,1.0,1.0,108.5032489936566
0.014,57,196848554,0.0735307768191946,1.0,1.0,108.3946319995448
0.014,58,263030910,0.07621536551521617,1.0,1.0,108.43675999785773
0.014,59,1285415020,0.0738200180620411,1.0,1.0,108.71457999746781
0.014,60,1733223444,0.06952753443198602,1.0,1.0,108.49981600767933
0.014,61,1835544261,0.07261010041210433,1.0,1.0,108.620447004796
0.014,62,1403186970,0.06608520191278267,1.0,1.0,109.40225400554482
0.014,63,1291971777,0.07914182670342043,1.0,1.0,108.5470560065005
0.014,64,712292067,0.07653004766069685,1.0,1.0,109.40576599386986
0.014,65,2001429764,0.07085655644828756,1.0,1.0,108.73436499969102
0.014,66,1375664061,0.07468042977467164,1.0,1.0,108.52696900838055
0.014,67,1556456120,0.07855243170092717,1.0,1.0,108.26839999936055
0.014,68,1576053187,0.08018926693033752,0.0,0.0,108.29648601065855
0.014,69,1848019881,0.0755971777662325,1.0,1.0,108.83738900884055
0.014,70,1508652585,0.07175608361956932,1.0,1.0,108.91958100546617
0.014,71,1995737731,0.07581056710354668,1.0,1.0,108.60367699933704
0.014,72,1162788447,0.07519558976313229,1.0,1.0,108.6050680023618
0.014,73,1172925522,0.07570225541753746,1.0,1.0,108.39951700472739
0.014,74,539174575,0.07224950374631131,1.0,1.0,108.49189599684905
0.014,75,2013637345,0.07485975274886929,1.0,1.0,109.47933699935675
0.014,76,1187468716,0.06827419047129482,1.0,1.0,108.53432799922302
0.014,77,1062978506,0.07646332296978778,1.0,1.0,108.47547400044277
0.014,78,679326770,0.07643534122373268,1.0,1.0,108.69722999632359
0.014,79,587923432,0.07491624490120134,1.0,1.0,108.69259601167869
0.014,80,1359889667,0.07368648005603765,1.0,1.0,108.48307800188195
0.014,81,970187386,0.06778859530642226,1.0,1.0,108.65753899270203
0.014,82,1219839873,0.07105481115142523,1.0,1.0,108.44824300147593
0.014,83,1428160212,0.08043064198861934,0.0,0.0,108.8328790065134
0.014,84,1930609499,0.07387255018183454,1.0,1.0,108.18813699006569
0.014,85,710582861,0.07323535549960244,1.0,1.0,108.52164699463174
0.014,86,1463614337,0.0685055580336561,1.0,1.0,108.19252800138202
0.014,87,1940152705,0.0780924076059467,1.0,1.0,108.33069999353029
0.014,88,985452196,0.07240248780287538,1.0,1.0,108.22054000163916
0.014,89,552062587,0.07743817540964061,1.0,1.0,112.29321498831268
0.014,90,623566272,0.07529851452486289,1.0,1.0,108.26198200811632
0.014,91,729775797,0.07862148995629469,1.0,1.0,108.1937669951003
0.014,92,1352536665,0.07510571601351172,1.0,1.0,108.26516199449543
0.014,93,555883440,0.07574467985392445,1.0,1.0,108.5641280078562
0.014,94,1801800003,0.07472623357629811,1.0,1.0,108.25383498740848
0.014,95,763315502,0.07544020916070725,1.0,1.0,109.28090098605026
0.014,96,138897982,0.07035766049487811,1.0,1.0,108.22688801272307
0.014,97,10785379,0.08267801731266052,0.0,0.0,108.36910500074737
0.014,98,53923185,0.07194003227901652,1.0,1.0,112.31795098865405
0.014,99,1349917978,0.07833998067530996,1.0,1.0,108.57137500715908
0.01,0,1501552845,0.08789826442994368,0.0,0.0,126.68553899857216
0.01,1,488200390,0.08179334606505351,0.0,0.0,132.9033650108613
0.01,2,1693606510,0.06490213657842694,1.0,1.0,133.53598899266217
0.01,3,680233354,0.07913580622863861,1.0,1.0,137.1323100029258
0.01,4,438466540,0.07523419807370382,1.0,1.0,149.50858599331696
0.01,5,1712329280,0.0892018957842284,0.0,0.0,155.9668230038369
0.01,6,1380152455,0.07653244918394125,1.0,1.0,161.2235289940145
0.01,7,1452245846,0.08202526442448083,0.0,0.0,157.25397599453572
0.01,8,2122694021,0.07852107543275837,1.0,1.0,150.0867400027346
0.01,9,839901363,0.07136633217852678,1.0,1.0,145.0978600041708
0.01,10,1802651552,0.07949227033050887,1.0,1.0,135.35354999476112
0.01,11,714712467,0.08435649317545489,0.0,0.0,120.21770000865217
0.01,12,1218704077,0.08661713003638889,0.0,0.0,132.04482199216727
0.01,13,1284858263,0.07584724070449268,1.0,1.0,128.2924100087257
0.01,14,457721135,0.07947465089602977,1.0,1.0,124.94299100944772
0.01,15,401008609,0.07481166234796546,1.0,1.0,134.23313999373931
0.01,16,492064534,0.07996100366347612,1.0,1.0,124.76505798986182
0.01,17,1444732602,0.081327951639482,0.0,0.0,130.7894689962268
0.01,18,1317426686,0.07951477590515849,1.0,1.0,126.17838000005577
0.01,19,2022506251,0.0854301981590599,0.0,0.0,118.76320600276813
0.01,20,1516459118,0.07200013104890526,1.0,1.0,133.0481609911658
0.01,21,533103612,0.08231550351595697,0.0,0.0,119.06573899614159
0.01,22,1964759878,0.08328295381028605,0.0,0.0,108.39643598592374
0.01,23,2037706756,0.07021766633105117,1.0,1.0,112.79231100343168
0.01,24,1572889065,0.08035377751618836,0.0,0.0,108.53585299628321
0.01,25,1432881518,0.08397029965184682,0.0,0.0,108.44327400263865
0.01,26,280516901,0.07742792229590272,1.0,1.0,108.43829400255345
0.01,27,205939248,0.0785665967376578,1.0,1.0,108.4779720113147
0.01,28,571904914,0.08351280494451818,0.0,0.0,108.42415598744992
0.01,29,948843457,0.08824428441819208,0.0,0.0,108.94356601056643
0.01,30,155492488,0.07909326739411843,1.0,1.0,108.82059700088575
0.01,31,1903701130,0.0808354155012902,0.0,0.0,108.7563690089155
0.01,32,1017961266,0.06866766261897435,1.0,1.0,108.29402299714275
0.01,33,1497769985,0.08717892260239184,0.0,0.0,108.83962799562141
0.01,34,456523489,0.08766786673470492,0.0,0.0,108.32353300065733
0.01,35,701095136,0.07978642143302231,1.0,1.0,108.38561700074933
0.01,36,249069576,0.07001437411914416,1.0,1.0,108.40857699804474
0.01,37,1576098728,0.0855905753476802,0.0,0.0,108.4347240102943
0.01,38,1662748500,0.0890086161205247,0.0,0.0,108.38981400593184
0.01,39,472736216,0.07317197463875494,1.0,1.0,108.41546900337562
0.01,40,1535411295,0.08535167848608076,0.0,0.0,108.81510000035632
0.01,41,175223003,0.06831781255931706,1.0,1.0,110.53515599633101
0.01,42,840936862,0.07669985860792994,1.0,1.0,108.7412330089137
0.01,43,343373188,0.08196120793758195,0.0,0.0,108.28643100103363
0.01,44,1597751082,0.083707983625331,0.0,0.0,108.39666800166015
0.01,45,730359585,0.087050454675278,0.0,0.0,108.20379000506364
0.01,46,1016641002,0.08536457703846646,0.0,0.0,108.69279700273182
0.01,47,998994690,0.09045548989199685,0.0,0.0,108.41022999375127
0.01,48,1021240743,0.06688456983976655,1.0,1.0,108.56303600303363
0.01,49,572134801,0.06998972313880276,1.0,1.0,108.83934299636167
0.01,50,1198399760,0.07507225434492035,1.0,1.0,108.2603960094275
0.01,51,1751866485,0.0853378704521736,0.0,0.0,108.56658099510241
0.01,52,1070889713,0.08687600803985525,0.0,0.0,108.39966000639834
0.01,53,415096539,0.08321925042591286,0.0,0.0,108.47398699843325
0.01,54,52416235,0.07334354667444277,1.0,1.0,108.57542901067063
0.01,55,278032723,0.08501863785712087,0.0,0.0,108.45284300739877
0.01,56,174946158,0.0862162426537214,0.0,0.0,108.96691099333111
0.01,57,196848554,0.06450577021192833,1.0,1.0,109.2624419979984
0.01,58,263030910,0.08874538480955209,0.0,0.0,108.42430400953162
0.01,59,1285415020,0.07910172909258723,1.0,1.0,109.0616930014221
0.01,60,1733223444,0.07824933973842023,1.0,1.0,108.59883700322825
0.01,61,1835544261,0.07582324487526115,1.0,1.0,108.57528098858893
0.01,62,1403186970,0.08317936716542682,0.0,0.0,108.40074100997299
0.01,63,1291971777,0.06763554987616882,1.0,1.0,108.30521100433543
0.01,64,712292067,0.09208672840243166,0.0,0.0,108.92419400624931
0.01,65,2001429764,0.08067483650359628,0.0,0.0,108.18965299404226
0.01,66,1375664061,0.08453750974441908,0.0,0.0,108.40127000119537
0.01,67,1556456120,0.08848618539898098,0.0,0.0,108.2355950056808
0.01,68,1576053187,0.08655392241668292,0.0,0.0,108.2942369976081
0.01,69,1848019881,0.08492624443483784,0.0,0.0,109.53846600023098
0.01,70,1508652585,0.08224306207858902,0.0,0.0,108.49737298849504
0.01,71,1995737731,0.08045146302669849,0.0,0.0,108.36599899630528
0.01,72,1162788447,0.07519623264667294,1.0,1.0,108.27979000168853
0.01,73,1172925522,0.08638833867938452,0.0,0.0,108.03357500117272
0.01,74,539174575,0.08735716480198859,0.0,0.0,108.54514100356027
0.01,75,2013637345,0.07241781378883362,1.0,1.0,108.7369610031601
0.01,76,1187468716,0.06915064381913902,1.0,1.0,121.14198401104659
0.01,77,1062978506,0.08821236808012412,0.0,0.0,123.97146300645545
0.01,78,679326770,0.07827603034855907,1.0,1.0,118.92861600790638
0.01,79,587923432,0.08343094976454404,0.0,0.0,121.30335799884051
0.01,80,1359889667,0.07641631471544187,1.0,1.0,122.01667299086694
0.01,81,970187386,0.0848745674148468,0.0,0.0,118.94187099824194
0.01,82,1219839873,0.0819744399191975,0.0,0.0,120.83901399455499
0.01,83,1428160212,0.05380271028815352,1.0,1.0,120.35327099147253
0.01,84,1930609499,0.08070536094495039,0.0,0.0,125.50355699204374
0.01,85,710582861,0.09356771724077595,0.0,0.0,127.24794799578376
0.01,86,1463614337,0.08843359693992245,0.0,0.0,119.85219099733513
0.01,87,1940152705,0.08264974817296879,0.0,0.0,121.48408299253788
0.01,88,985452196,0.07897166991806347,1.0,1.0,124.11177498870529
0.01,89,552062587,0.0803852332136965,0.0,0.0,121.0356800002046
0.01,90,623566272,0.07820753627372504,1.0,1.0,123.6221309954999
0.01,91,729775797,0.0798405819300712,1.0,1.0,124.6749519923469
0.01,92,1352536665,0.06584521803752004,1.0,1.0,121.24883600336034
0.01,93,555883440,0.07909559728396774,1.0,1.0,123.94284999754746
0.01,94,1801800003,0.08268754515424652,0.0,0.0,122.91563699545804
0.01,95,763315502,0.08618688217629702,0.0,0.0,124.00202300341334
0.01,96,138897982,0.07935777078629327,1.0,1.0,122.14276999293361
0.01,97,10785379,0.07666334368181485,1.0,1.0,123.47731398767792
0.01,98,53923185,0.07420958427265027,1.0,1.0,120.00728199200239
0.01,99,1349917978,0.07699787646530525,1.0,1.0,124.96094800007995
0.015,0,1501552845,0.07829277145136646,1.0,1.0,113.63656300818548
0.015,1,488200390,0.07501328412113722,1.0,1.0,131.441374993301
0.015,2,1693606510,0.0710606561538058,1.0,1.0,123.37325600674376
0.015,3,680233354,0.0732226795881842,1.0,1.0,133.52757999382447
0.015,4,438466540,0.07478812220196816,1.0,1.0,135.81048700143583
0.015,5,1712329280,0.0693861458991215,1.0,1.0,155.63153399853036
0.015,6,1380152455,0.07323465588478925,1.0,1.0,153.48307600652333
0.015,7,1452245846,0.07391713909482801,1.0,1.0,148.9870619989233
0.015,8,2122694021,0.06924891351427338,1.0,1.0,158.53872400475666
0.015,9,839901363,0.07455955860916794,1.0,1.0,138.01880000391975
0.015,10,1802651552,0.06850455581649538,1.0,1.0,154.5184240094386
0.015,11,714712467,0.07148125982494656,1.0,1.0,157.5972940045176
0.015,12,1218704077,0.07631698578970517,1.0,1.0,154.50949400838
0.015,13,1284858263,0.06853281057275663,1.0,1.0,159.4366260105744
0.015,14,457721135,0.07521575235276313,1.0,1.0,142.56737400137354
0.015,15,401008609,0.07867499473177426,1.0,1.0,153.69212299992796
0.015,16,492064534,0.07227340043402795,1.0,1.0,154.1254320036387
0.015,17,1444732602,0.07868862255524557,1.0,1.0,143.29427400662098
0.015,18,1317426686,0.06967936104443448,1.0,1.0,108.48062200238928
0.015,19,2022506251,0.06713654490996036,1.0,1.0,108.55928600358311
0.015,20,1516459118,0.07322878342673361,1.0,1.0,108.55990399431903
0.015,21,533103612,0.07364882075878602,1.0,1.0,108.71953000605572
0.015,22,1964759878,0.07163991526396411,1.0,1.0,108.63456000515725
0.015,23,2037706756,0.07841474043127114,1.0,1.0,108.97809101152234
0.015,24,1572889065,0.07131728639515778,1.0,1.0,108.53391399723478
0.015,25,1432881518,0.07284473167465087,1.0,1.0,108.74291899381205
0.015,26,280516901,0.07195573263818715,1.0,1.0,108.77265800081659
0.015,27,205939248,0.07205443776253431,1.0,1.0,108.62984099367168
0.015,28,571904914,0.07636225698293608,1.0,1.0,108.64932199183386
0.015,29,948843457,0.07070832711616905,1.0,1.0,108.7638360040728
0.015,30,155492488,0.07266389825385913,1.0,1.0,108.78720199980307
0.015,31,1903701130,0.07423372133360673,1.0,1.0,108.71318299905397
0.015,32,1017961266,0.0732726805649079,1.0,1.0,108.51336599444039
0.015,33,1497769985,0.07096932881942147,1.0,1.0,108.91981099848635
0.015,34,456523489,0.07047809603117808,1.0,1.0,108.66598400752991
0.015,35,701095136,0.06366904218005476,1.0,1.0,108.78526400483679
0.015,36,249069576,0.07123237593783256,1.0,1.0,108.577087012236
0.015,37,1576098728,0.07604983324889043,1.0,1.0,108.48371099564247
0.015,38,1662748500,0.07663438493278145,1.0,1.0,108.61014999682084
0.015,39,472736216,0.07301113837842482,1.0,1.0,108.98386499320623
0.015,40,1535411295,0.06958405777284991,1.0,1.0,108.75002699322067
0.015,41,175223003,0.07711969917063473,1.0,1.0,108.52930200053379
0.015,42,840936862,0.07612473447766976,1.0,1.0,108.68983100226615
0.015,43,343373188,0.073754283381237,1.0,1.0,109.08141901018098
0.015,44,1597751082,0.06885994711116042,1.0,1.0,108.5916400043061
0.015,45,730359585,0.06981625793756574,1.0,1.0,108.56969299493358
0.015,46,1016641002,0.06620221298839388,1.0,1.0,108.9204509917181
0.015,47,998994690,0.07310047063170322,1.0,1.0,108.53424300148617
0.015,48,1021240743,0.07067102585148852,1.0,1.0,109.12999999709427
0.015,49,572134801,0.07587311101004797,1.0,1.0,108.46936800226104
0.015,50,1198399760,0.06838096174268514,1.0,1.0,108.4154319978552
0.015,51,1751866485,0.0754600925108679,1.0,1.0,108.51003699644934
0.015,52,1070889713,0.07108750441503905,1.0,1.0,108.69719499896746
0.015,53,415096539,0.06964604407780813,1.0,1.0,108.53967198636383
0.015,54,52416235,0.0723817320642095,1.0,1.0,108.43763899174519
0.015,55,278032723,0.0742821264049642,1.0,1.0,108.89553600281943
0.015,56,174946158,0.07421912335605019,1.0,1.0,108.68427499372046
0.015,57,196848554,0.07977578721007292,1.0,1.0,108.81550000340212
0.015,58,263030910,0.07571710866749819,1.0,1.0,108.73236000770703
0.015,59,1285415020,0.07404170007126525,1.0,1.0,108.55274899222422
0.015,60,1733223444,0.06859913336824647,1.0,1.0,108.89383598987479
0.015,61,1835544261,0.07411005343144679,1.0,1.0,108.69268199894577
0.015,62,1403186970,0.07234559677548967,1.0,1.0,108.53370299446397
0.015,63,1291971777,0.07810023466625442,1.0,1.0,108.46819399739616
0.015,64,712292067,0.07389402792549869,1.0,1.0,108.50606400344986
0.015,65,2001429764,0.07575226266658815,1.0,1.0,108.70359399996232
0.015,66,1375664061,0.0687006180815928,1.0,1.0,108.81568999320734
0.015,67,1556456120,0.07279831204715678,1.0,1.0,108.8793689996237
0.015,68,1576053187,0.06958337289732766,1.0,1.0,108.62832800194155
0.015,69,1848019881,0.07335463759826294,1.0,1.0,108.44584199367091
0.015,70,1508652585,0.07393892361876543,1.0,1.0,108.83276000095066
0.015,71,1995737731,0.07144057917379777,1.0,1.0,108.48936400725506
0.015,72,1162788447,0.07591053510976686,1.0,1.0,108.25641600240488
0.015,73,1172925522,0.07289596295421306,1.0,1.0,108.61469700466841
0.015,74,539174575,0.0742180047982752,1.0,1.0,108.5536390019115
0.015,75,2013637345,0.07055639294411296,1.0,1.0,108.42624599172268
0.015,76,1187468716,0.07742301888229565,1.0,1.0,108.38247799256351
0.015,77,1062978506,0.05953626151233255,1.0,1.0,108.75916499935556
0.015,78,679326770,0.07254481405621395,1.0,1.0,108.60566199698951
0.015,79,587923432,0.06994582463647468,1.0,1.0,108.54573600227013
0.015,80,1359889667,0.06873021035684819,1.0,1.0,108.58820099383593
0.015,81,970187386,0.07833954047610119,1.0,1.0,109.11453000153415
0.015,82,1219839873,0.07514522547159433,1.0,1.0,108.31241100095212
0.015,83,1428160212,0.07763593517445463,1.0,1.0,109.03085299651138
0.015,84,1930609499,0.07623721960618154,1.0,1.0,108.16813899145927
0.015,85,710582861,0.06847496845537067,1.0,1.0,108.32781001226977
0.015,86,1463614337,0.0712759486258574,1.0,1.0,108.27358199458104
0.015,87,1940152705,0.06972664232809482,1.0,1.0,108.46504499204457
0.015,88,985452196,0.07271382123476006,1.0,1.0,108.53588300233241
0.015,89,552062587,0.07199204185020792,1.0,1.0,108.26822499802802
0.015,90,623566272,0.06672537134532869,1.0,1.0,108.51764999097213
0.015,91,729775797,0.06742616659421276,1.0,1.0,108.71786699863151
0.015,92,1352536665,0.07519576284050042,1.0,1.0,108.28530200524256
0.015,93,555883440,0.07011563558166907,1.0,1.0,108.65114800981246
0.015,94,1801800003,0.08138363782069578,0.0,0.0,108.51243400247768
0.015,95,763315502,0.07315038438623149,1.0,1.0,108.36208099499345
0.015,96,138897982,0.07471958352888704,1.0,1.0,108.09543100185692
0.015,97,10785379,0.06828969596660008,1.0,1.0,108.4886809985619
0.015,98,53923185,0.07392282817432178,1.0,1.0,108.24158099421766
0.015,99,1349917978,0.06883627339104043,1.0,1.0,108.2525249948958
0.016,0,1501552845,0.07406643461228048,1.0,1.0,108.53234599926509
0.016,1,488200390,0.07638208726286252,1.0,1.0,108.44201300642453
0.016,2,1693606510,0.07776022894480121,1.0,1.0,108.4442690043943
0.016,3,680233354,0.0732226795881842,1.0,1.0,108.27421699650586
0.016,4,438466540,0.07208535778753908,1.0,1.0,108.23355799948331
0.016,5,1712329280,0.0693861458991215,1.0,1.0,108.4213069989346
0.016,6,1380152455,0.07545986623181661,1.0,1.0,108.19706298934761
0.016,7,1452245846,0.07713756105414504,1.0,1.0,108.33319499215577
0.016,8,2122694021,0.06924891351427338,1.0,1.0,108.5351709916722
0.016,9,839901363,0.07114189563616846,1.0,1.0,108.37683000136167
0.016,10,1802651552,0.0720742293534497,1.0,1.0,108.29282298800536
0.016,11,714712467,0.071322486171798,1.0,1.0,108.21749200113118
0.016,12,1218704077,0.07154387301013125,1.0,1.0,108.23127499315888
0.016,13,1284858263,0.06853281057275663,1.0,1.0,108.51692500000354
0.016,14,457721135,0.07593553642762504,1.0,1.0,108.24840499844868
0.016,15,401008609,0.07881889165533841,1.0,1.0,108.55121599161066
0.016,16,492064534,0.0678640283624142,1.0,1.0,108.49316499661654
0.016,17,1444732602,0.07868862255524557,1.0,1.0,108.41740400064737
0.016,18,1317426686,0.06967936104443448,1.0,1.0,108.57170399685856
0.016,19,2022506251,0.07947196678730245,1.0,1.0,108.15307300072163
0.016,20,1516459118,0.07470140992682177,1.0,1.0,108.17854800552595
0.016,21,533103612,0.0757777916131289,1.0,1.0,109.09394299960695
0.016,22,1964759878,0.07278033809212806,1.0,1.0,108.85625299124513
0.016,23,2037706756,0.07885376103953383,1.0,1.0,108.41225800686516
0.016,24,1572889065,0.06847607911368132,1.0,1.0,108.49066100490745
0.016,25,1432881518,0.07187904673859728,1.0,1.0,108.87759999604896
0.016,26,280516901,0.0819175435470439,0.0,0.0,108.4491029905621
0.016,27,205939248,0.07458321393002568,1.0,1.0,108.54967001068871
0.016,28,571904914,0.07636225698293608,1.0,1.0,108.61460299929604
0.016,29,948843457,0.06919499823506611,1.0,1.0,108.55387100309599
0.016,30,155492488,0.0736280406536677,1.0,1.0,108.07993200432975
0.016,31,1903701130,0.07423372133360673,1.0,1.0,108.48362000251655
0.016,32,1017961266,0.0732726805649079,1.0,1.0,108.32136000681203
0.016,33,1497769985,0.06864800906400693,1.0,1.0,108.37342700688168
0.016,34,456523489,0.07047809603117808,1.0,1.0,108.15367801114917
0.016,35,701095136,0.07229024979710161,1.0,1.0,109.1040869941935
0.016,36,249069576,0.07251588752370584,1.0,1.0,108.69502699642908
0.016,37,1576098728,0.07486915283985933,1.0,1.0,108.81247899669688
0.016,38,1662748500,0.06958851536782637,1.0,1.0,108.60268199758139
0.016,39,472736216,0.07560001313428845,1.0,1.0,108.56089800654445
0.016,40,1535411295,0.06852790951327693,1.0,1.0,109.0061809954932
0.016,41,175223003,0.07417770808983845,1.0,1.0,109.01061799086165
0.016,42,840936862,0.07327934044956956,1.0,1.0,108.54572300740983
0.016,43,343373188,0.073754283381237,1.0,1.0,108.59332299150992
0.016,44,1597751082,0.06885994711116042,1.0,1.0,108.67755700019188
0.016,45,730359585,0.06981625793756574,1.0,1.0,109.25688799761701
0.016,46,1016641002,0.07685608590447196,1.0,1.0,108.77003199129831
0.016,47,998994690,0.06902351630347621,1.0,1.0,108.66637699655257
0.016,48,1021240743,0.07067102585148852,1.0,1.0,108.97723199741449
0.016,49,572134801,0.07417736662942293,1.0,1.0,109.11934099567588
0.016,50,1198399760,0.06569416292363395,1.0,1.0,108.67529700044543
0.016,51,1751866485,0.06883952204778124,1.0,1.0,109.00380300881807
0.016,52,1070889713,0.07108750441503905,1.0,1.0,108.53991500334814
0.016,53,415096539,0.07478225923723261,1.0,1.0,108.73950700624846
0.016,54,52416235,0.06550259169796183,1.0,1.0,108.54485099844169
0.016,55,278032723,0.07001529357639431,1.0,1.0,108.62936500052456
0.016,56,174946158,0.06911925176261802,1.0,1.0,108.5056020092452
0.016,57,196848554,0.07138050223793291,1.0,1.0,108.50144100550096
0.016,58,263030910,0.0775661238428429,1.0,1.0,108.51753900351468
0.016,59,1285415020,0.07099170533095636,1.0,1.0,108.41488100413699
0.016,60,1733223444,0.06859913336824647,1.0,1.0,108.54646199732088
0.016,61,1835544261,0.07861174246969393,1.0,1.0,108.54939398996066
0.016,62,1403186970,0.07548023550626796,1.0,1.0,108.40367499622516
0.016,63,1291971777,0.078967297925643,1.0,1.0,125.37053199775983
0.016,64,712292067,0.06878358338662283,1.0,1.0,109.11240299174096
0.016,65,2001429764,0.0766972597852117,1.0,1.0,108.95249799068552
0.016,66,1375664061,0.0687006180815928,1.0,1.0,108.97613999259192
0.016,67,1556456120,0.07100065878316217,1.0,1.0,109.51380600454286
0.016,68,1576053187,0.06958337289732766,1.0,1.0,108.69611299131066
0.016,69,1848019881,0.07137651495316256,1.0,1.0,108.93760999897495
0.016,70,1508652585,0.06913365550086015,1.0,1.0,109.11670100176707
0.016,71,1995737731,0.06697583977303073,1.0,1.0,108.57259199838154
0.016,72,1162788447,0.07689365998431714,1.0,1.0,108.62951700983103
0.016,73,1172925522,0.07289596295421306,1.0,1.0,108.79343400301877
0.016,74,539174575,0.07321408006762377,1.0,1.0,108.44363299838733
0.016,75,2013637345,0.06896909329664219,1.0,1.0,108.83342400484253
0.016,76,1187468716,0.06909628065038642,1.0,1.0,108.56555300415494
0.016,77,1062978506,0.07547551917724178,1.0,1.0,108.62282000016421
0.016,78,679326770,0.07118134222798692,1.0,1.0,113.52140399685595
0.016,79,587923432,0.06316923085845914,1.0,1.0,108.7134549889015
0.016,80,1359889667,0.0698653404268051,1.0,1.0,108.5187699936796
0.016,81,970187386,0.07671432913530067,1.0,1.0,109.13372099457774
0.016,82,1219839873,0.0717257248748347,1.0,1.0,108.88773000624496
0.016,83,1428160212,0.07406259388008025,1.0,1.0,108.97764899709728
0.016,84,1930609499,0.07631152334590657,1.0,1.0,108.7545449991012
0.016,85,710582861,0.07140945392753599,1.0,1.0,109.10853199311532
0.016,86,1463614337,0.0772848537558979,1.0,1.0,109.11386999941897
0.016,87,1940152705,0.06972664232809482,1.0,1.0,108.94374699273612
0.016,88,985452196,0.07271382123476006,1.0,1.0,109.72487399703823
0.016,89,552062587,0.07137661942022643,1.0,1.0,109.14931900333613
0.016,90,623566272,0.06672537134532869,1.0,1.0,109.03495299862698
0.016,91,729775797,0.07184670138023447,1.0,1.0,108.83424000348896
0.016,92,1352536665,0.06884965415182946,1.0,1.0,108.63699500623625
0.016,93,555883440,0.07389049188364455,1.0,1.0,109.15272499551065
0.016,94,1801800003,0.08138363782069578,0.0,0.0,108.70958400482778
0.016,95,763315502,0.07009188526944071,1.0,1.0,108.6342940106988
0.016,96,138897982,0.07650761122743065,1.0,1.0,108.7762290117098
0.016,97,10785379,0.06933401867002124,1.0,1.0,108.54152700630948
0.016,98,53923185,0.07165810042273227,1.0,1.0,108.60120601137169
0.016,99,1349917978,0.06896288129452557,1.0,1.0,108.40218800876755
0.017,0,1501552845,0.07658716463523554,1.0,1.0,108.18302299594507
0.017,1,488200390,0.0730003881141135,1.0,1.0,108.25694199593272
0.017,2,1693606510,0.069411164298889,1.0,1.0,108.12967400124762
0.017,3,680233354,0.0732226795881842,1.0,1.0,108.31620200769976
0.017,4,438466540,0.07322264750654192,1.0,1.0,108.5237520019291
0.017,5,1712329280,0.0693861458991215,1.0,1.0,108.32245599885937
0.017,6,1380152455,0.07497786143415548,1.0,1.0,108.2040259934729
0.017,7,1452245846,0.07048058693357524,1.0,1.0,108.25053000007756
0.017,8,2122694021,0.06924891351427338,1.0,1.0,108.12536600860767
0.017,9,839901363,0.06999723707580115,1.0,1.0,108.13684400636703
0.017,10,1802651552,0.07579288897535816,1.0,1.0,108.28871600097045
0.017,11,714712467,0.08027924939630056,0.0,0.0,108.13008798868395
0.017,12,1218704077,0.07725100206745002,1.0,1.0,108.18385099992156
0.017,13,1284858263,0.06853281057275663,1.0,1.0,108.29190400545485
0.017,14,457721135,0.07582906427296207,1.0,1.0,108.12166100367904
0.017,15,401008609,0.08273700996460813,0.0,0.0,108.1129910016898
0.017,16,492064534,0.07227340043402795,1.0,1.0,108.10542199760675
0.017,17,1444732602,0.0784986689726876,1.0,1.0,108.31745401083026
0.017,18,1317426686,0.06967936104443448,1.0,1.0,108.24749700259417
0.017,19,2022506251,0.07151110535029341,1.0,1.0,108.19767700741068
0.017,20,1516459118,0.07470140992682177,1.0,1.0,108.35548500472214
0.017,21,533103612,0.07440542158159157,1.0,1.0,107.98646199691575
0.017,22,1964759878,0.07278033809212806,1.0,1.0,108.0770379921887
0.017,23,2037706756,0.07338049876761919,1.0,1.0,108.42633098945953
0.017,24,1572889065,0.07587517985256027,1.0,1.0,108.17029399913736
0.017,25,1432881518,0.07044307341829857,1.0,1.0,108.24981999758165
0.017,26,280516901,0.07024543204622487,1.0,1.0,108.3466039999621
0.017,27,205939248,0.0686097731954675,1.0,1.0,108.03934099385515
0.017,28,571904914,0.07511315559951322,1.0,1.0,108.37403799814638
0.017,29,948843457,0.07070832711616905,1.0,1.0,108.17119099374395
0.017,30,155492488,0.06853610079518363,1.0,1.0,108.15772198839113
0.017,31,1903701130,0.06896809033527486,1.0,1.0,108.60703700745944
0.017,32,1017961266,0.0732726805649079,1.0,1.0,108.01411799911875
0.017,33,1497769985,0.07096932881942147,1.0,1.0,108.23971100035124
0.017,34,456523489,0.07047809603117808,1.0,1.0,108.17441499966662
0.017,35,701095136,0.0739335525038925,1.0,1.0,108.05050499038771
0.017,36,249069576,0.07699358547708465,1.0,1.0,108.62524399999529
0.017,37,1576098728,0.06873369172066943,1.0,1.0,108.8718460086966
0.017,38,1662748500,0.08448337076711607,0.0,0.0,108.22776501299813
0.017,39,472736216,0.07182523484998679,1.0,1.0,108.45583899936173
0.017,40,1535411295,0.07422547597920817,1.0,1.0,108.52938900643494
0.017,41,175223003,0.072973134876203,1.0,1.0,108.30041598819662
0.017,42,840936862,0.07612473447766976,1.0,1.0,108.47084499255288
0.017,43,343373188,0.06804562483220791,1.0,1.0,108.57668799872044
0.017,44,1597751082,0.06885994711116042,1.0,1.0,108.15570899285376
0.017,45,730359585,0.06981625793756574,1.0,1.0,108.32184599712491
0.017,46,1016641002,0.0679294447982677,1.0,1.0,108.30300999805331
0.017,47,998994690,0.07310047063170322,1.0,1.0,108.26321199419908
0.017,48,1021240743,0.07067102585148852,1.0,1.0,108.33592400013003
0.017,49,572134801,0.07923917900061017,1.0,1.0,108.19429799448699
0.017,50,1198399760,0.06838096174268514,1.0,1.0,108.365356005379
0.017,51,1751866485,0.07486657695793289,1.0,1.0,108.74607600271702
0.017,52,1070889713,0.06858398990531957,1.0,1.0,108.59834399889223
0.017,53,415096539,0.07588146199942428,1.0,1.0,108.33032899245154
0.017,54,52416235,0.07064373736395846,1.0,1.0,108.26887100120075
0.017,55,278032723,0.07388082492000954,1.0,1.0,108.5011210088851
0.017,56,174946158,0.07561518438026675,1.0,1.0,108.4791360044619
0.017,57,196848554,0.06788761547939325,1.0,1.0,108.35354599112179
0.017,58,263030910,0.07207841836047156,1.0,1.0,108.33622798963916
0.017,59,1285415020,0.07404170007126525,1.0,1.0,108.47218098933809
0.017,60,1733223444,0.06859913336824647,1.0,1.0,108.34211199835408
0.017,61,1835544261,0.07384817468314385,1.0,1.0,108.26455800270196
0.017,62,1403186970,0.07560978482147016,1.0,1.0,108.15836999972817
0.017,63,1291971777,0.08099310169306367,0.0,0.0,125.71136800397653
0.017,64,712292067,0.07389402792549869,1.0,1.0,108.30849000194576
0.017,65,2001429764,0.0766972597852117,1.0,1.0,109.46115700062364
0.017,66,1375664061,0.0687006180815928,1.0,1.0,108.64512300759088
0.017,67,1556456120,0.07457906404105745,1.0,1.0,108.81824200623669
0.017,68,1576053187,0.06958337289732766,1.0,1.0,108.94963100145105
0.017,69,1848019881,0.07452435150136341,1.0,1.0,108.66724399966188
0.017,70,1508652585,0.07027541799042043,1.0,1.0,108.85216400492936
0.017,71,1995737731,0.07212131843721332,1.0,1.0,108.38390199933201
0.017,72,1162788447,0.06291634539379563,1.0,1.0,108.65320899756625
0.017,73,1172925522,0.07088039931719292,1.0,1.0,108.68258800473996
0.017,74,539174575,0.0698486198986688,1.0,1.0,108.41068599256687
0.017,75,2013637345,0.0710591202734533,1.0,1.0,108.34857700683642
0.017,76,1187468716,0.06819316208646209,1.0,1.0,108.84872100723442
0.017,77,1062978506,0.07777875975182828,1.0,1.0,108.32611900696065
0.017,78,679326770,0.07588359548236316,1.0,1.0,108.40672200720292
0.017,79,587923432,0.07239442114415341,1.0,1.0,108.38923499977682
0.017,80,1359889667,0.0698653404268051,1.0,1.0,108.39421200216748
0.017,81,970187386,0.07501943665581423,1.0,1.0,108.69724900112487
0.017,82,1219839873,0.0740268634820483,1.0,1.0,108.76926899072714
0.017,83,1428160212,0.07224608859811354,1.0,1.0,108.57778000354301
0.017,84,1930609499,0.08304906073846796,0.0,0.0,108.62145198916551
0.017,85,710582861,0.07140945392753599,1.0,1.0,108.85665900423191
0.017,86,1463614337,0.0772848537558979,1.0,1.0,108.91673900187016
0.017,87,1940152705,0.06972664232809482,1.0,1.0,108.57681900961325
0.017,88,985452196,0.07271382123476006,1.0,1.0,109.67838601209223
0.017,89,552062587,0.07511427134793378,1.0,1.0,108.96079799567815
0.017,90,623566272,0.06672537134532869,1.0,1.0,112.29815801198129
0.017,91,729775797,0.07416288679589968,1.0,1.0,108.30420300771948
0.017,92,1352536665,0.071489084635234,1.0,1.0,108.56901700026356
0.017,93,555883440,0.07202629208355021,1.0,1.0,109.10396400140598
0.017,94,1801800003,0.07696751264927275,1.0,1.0,108.30867500044405
0.017,95,763315502,0.0737492809761184,1.0,1.0,108.73551899567246
0.017,96,138897982,0.07346319769635579,1.0,1.0,108.54536101396661
0.017,97,10785379,0.06933401867002124,1.0,1.0,108.37074799928814
0.017,98,53923185,0.07165810042273227,1.0,1.0,108.23888900631573
0.017,99,1349917978,0.07110619497428503,1.0,1.0,108.51942498993594
0.018,0,1501552845,0.07810307974491709,1.0,1.0,108.96688100183383
0.018,1,488200390,0.07817871654079966,1.0,1.0,108.67325001163408
0.018,2,1693606510,0.07424427667836969,1.0,1.0,108.54917600227054
0.018,3,680233354,0.0732226795881842,1.0,1.0,108.88175600848626
0.018,4,438466540,0.07384075570539028,1.0,1.0,108.89825099729933
0.018,5,1712329280,0.0693861458991215,1.0,1.0,108.71714200766291
0.018,6,1380152455,0.07387397094687902,1.0,1.0,108.58104699582327
0.018,7,1452245846,0.07691123421622674,1.0,1.0,108.3379820047412
0.018,8,2122694021,0.06924891351427338,1.0,1.0,108.8064560026396
0.018,9,839901363,0.0764759978779895,1.0,1.0,108.8341740105534
0.018,10,1802651552,0.07387785645923425,1.0,1.0,108.45598300511483
0.018,11,714712467,0.0666740838758166,1.0,1.0,108.52869600057602
0.018,12,1218704077,0.07601063767010496,1.0,1.0,109.0915819950169
0.018,13,1284858263,0.06853281057275663,1.0,1.0,108.63824900297914
0.018,14,457721135,0.07529940698517135,1.0,1.0,108.87340700719506
0.018,15,401008609,0.07253781565153035,1.0,1.0,108.394748007413
0.018,16,492064534,0.07227340043402795,1.0,1.0,108.3326210064115
0.018,17,1444732602,0.06805700946948093,1.0,1.0,108.71705299359746
0.018,18,1317426686,0.06967936104443448,1.0,1.0,108.7472479994176
0.018,19,2022506251,0.06578928370369785,1.0,1.0,108.92470799444709
0.018,20,1516459118,0.07470140992682177,1.0,1.0,109.70593499951065
0.018,21,533103612,0.07681406215596909,1.0,1.0,109.09949000051711
0.018,22,1964759878,0.06994146606177946,1.0,1.0,108.60112898808438
0.018,23,2037706756,0.06556101999442145,1.0,1.0,108.52261699619703
0.018,24,1572889065,0.07635966950100435,1.0,1.0,108.49829598737415
0.018,25,1432881518,0.07284473167465087,1.0,1.0,108.78130499622785
0.018,26,280516901,0.07263545744948358,1.0,1.0,108.43362899322528
0.018,27,205939248,0.07403225223677441,1.0,1.0,108.57693800062407
0.018,28,571904914,0.07602365785653292,1.0,1.0,108.82231299183331
0.018,29,948843457,0.07070832711616905,1.0,1.0,108.50559899699874
0.018,30,155492488,0.0802942785732804,0.0,0.0,108.60410300665535
0.018,31,1903701130,0.07423372133360673,1.0,1.0,108.63496299134567
0.018,32,1017961266,0.06963831187245875,1.0,1.0,108.43906599620823
0.018,33,1497769985,0.07096932881942147,1.0,1.0,108.39412300265394
0.018,34,456523489,0.07047809603117808,1.0,1.0,108.49569199490361
0.018,35,701095136,0.0730928678965854,1.0,1.0,108.71240199776366
0.018,36,249069576,0.07632598024327054,1.0,1.0,108.68736199336126
0.018,37,1576098728,0.07145777433137293,1.0,1.0,109.08611999184359
0.018,38,1662748500,0.07583049069823608,1.0,1.0,109.0452360076597
0.018,39,472736216,0.07672040065676157,1.0,1.0,108.61242000828497
0.018,40,1535411295,0.07422547597920817,1.0,1.0,109.26102699886542
0.018,41,175223003,0.07417770808983845,1.0,1.0,108.95293299108744
0.018,42,840936862,0.07584893595059806,1.0,1.0,108.60594800033141
0.018,43,343373188,0.06918104590193008,1.0,1.0,108.78660700109322
0.018,44,1597751082,0.06885994711116042,1.0,1.0,108.95268101012334
0.018,45,730359585,0.06981625793756574,1.0,1.0,109.43027099710889
0.018,46,1016641002,0.0722850302097025,1.0,1.0,108.92979400523473
0.018,47,998994690,0.07310047063170322,1.0,1.0,108.88233299192507
0.018,48,1021240743,0.07067102585148852,1.0,1.0,109.06545500620268
0.018,49,572134801,0.07281945247740465,1.0,1.0,108.96401999343652
0.018,50,1198399760,0.06838096174268514,1.0,1.0,109.0922919975128
0.018,51,1751866485,0.07012376027873059,1.0,1.0,108.7978059949819
0.018,52,1070889713,0.07108750441503905,1.0,1.0,109.01753000507597
0.018,53,415096539,0.07239935817305537,1.0,1.0,108.67751699697692
0.018,54,52416235,0.07200813310302537,1.0,1.0,108.97170199314132
0.018,55,278032723,0.06655497359308273,1.0,1.0,108.51510999782477
0.018,56,174946158,0.07852464516788005,1.0,1.0,109.16051200183574
0.018,57,196848554,0.07200668052287791,1.0,1.0,108.7785699928645
0.018,58,263030910,0.07193888332891045,1.0,1.0,108.507473996724
0.018,59,1285415020,0.06857685644034846,1.0,1.0,108.75253699487075
0.018,60,1733223444,0.06859913336824647,1.0,1.0,109.11686600593384
0.018,61,1835544261,0.07861174246969393,1.0,1.0,108.52446900389623
0.018,62,1403186970,0.07458473693364658,1.0,1.0,108.65920799551532
0.018,63,1291971777,0.07333581921629766,1.0,1.0,108.96824899828061
0.018,64,712292067,0.07389402792549869,1.0,1.0,108.5947120009223
0.018,65,2001429764,0.07261359291445811,1.0,1.0,108.72760399070103
0.018,66,1375664061,0.06783728788092827,1.0,1.0,109.13870400690939
0.018,67,1556456120,0.07243887480600311,1.0,1.0,110.02645699772984
0.018,68,1576053187,0.06958337289732766,1.0,1.0,108.76744700362906
0.018,69,1848019881,0.07219523635689386,1.0,1.0,109.44153400487266
0.018,70,1508652585,0.0722033480782487,1.0,1.0,108.96924599364866
0.018,71,1995737731,0.07212131843721332,1.0,1.0,108.8328600017121
0.018,72,1162788447,0.07128115119891097,1.0,1.0,108.63161699671764
0.018,73,1172925522,0.07289596295421306,1.0,1.0,108.79799199756235
0.018,74,539174575,0.0742180047982752,1.0,1.0,108.48302100203
0.018,75,2013637345,0.06973430383135361,1.0,1.0,109.00827900331933
0.018,76,1187468716,0.07475437151723605,1.0,1.0,108.67612800211646
0.018,77,1062978506,0.06912618059324793,1.0,1.0,108.36504799954128
0.018,78,679326770,0.07330636041095354,1.0,1.0,108.55872501269914
0.018,79,587923432,0.07239442114415341,1.0,1.0,108.71845000656322
0.018,80,1359889667,0.0698653404268051,1.0,1.0,108.3963550045155
0.018,81,970187386,0.07889108584676216,1.0,1.0,109.00398300145753
0.018,82,1219839873,0.07708338660066787,1.0,1.0,108.81612100638449
0.018,83,1428160212,0.07461406089062882,1.0,1.0,108.54239499894902
0.018,84,1930609499,0.07587626108938278,1.0,1.0,109.01097400346771
0.018,85,710582861,0.06985257874377666,1.0,1.0,109.14180899271742
0.018,86,1463614337,0.0772848537558979,1.0,1.0,109.19245900004171
0.018,87,1940152705,0.06972664232809482,1.0,1.0,108.96121300174855
0.018,88,985452196,0.07271382123476006,1.0,1.0,108.78772800788283
0.018,89,552062587,0.07352321946540982,1.0,1.0,109.25343800045084
0.018,90,623566272,0.06672537134532869,1.0,1.0,109.07341200800147
0.018,91,729775797,0.07527386926833365,1.0,1.0,108.65942599775735
0.018,92,1352536665,0.07364419822981931,1.0,1.0,108.67953600245528
0.018,93,555883440,0.06901197651067492,1.0,1.0,108.48550600348972
0.018,94,1801800003,0.06848550931322885,1.0,1.0,108.54791999736335
0.018,95,763315502,0.07334149934592286,1.0,1.0,108.58868299692404
0.018,96,138897982,0.07223881629610276,1.0,1.0,108.79267699783668
0.018,97,10785379,0.06933401867002124,1.0,1.0,108.54923199804034
0.018,98,53923185,0.07165810042273227,1.0,1.0,108.55829599313438
0.018,99,1349917978,0.07823938267655803,1.0,1.0,113.6009869951522
0.019,0,1501552845,0.07829277145136646,1.0,1.0,108.67728000448551
0.019,1,488200390,0.07688197816835579,1.0,1.0,108.30738799995743
0.019,2,1693606510,0.06657501576547516,1.0,1.0,108.41092000191566
0.019,3,680233354,0.0732226795881842,1.0,1.0,108.2308839977486
0.019,4,438466540,0.07478812220196816,1.0,1.0,108.39603599742986
0.019,5,1712329280,0.0674407034267131,1.0,1.0,109.72081100044306
0.019,6,1380152455,0.06923715665306078,1.0,1.0,108.25179099629167
0.019,7,1452245846,0.0760003562656295,1.0,1.0,108.16487899865024
0.019,8,2122694021,0.06924891351427338,1.0,1.0,108.8630220037885
0.019,9,839901363,0.07700682465944307,1.0,1.0,108.57827500149142
0.019,10,1802651552,0.07424931186686626,1.0,1.0,108.36656900937669
0.019,11,714712467,0.07462919214964323,1.0,1.0,108.43290100456215
0.019,12,1218704077,0.07452483685227151,1.0,1.0,109.00635199504904
0.019,13,1284858263,0.06853281057275663,1.0,1.0,108.43831099919043
0.019,14,457721135,0.06622525587823332,1.0,1.0,108.67314699862618
0.019,15,401008609,0.0744106155189274,1.0,1.0,108.3440439979313
0.019,16,492064534,0.07227340043402795,1.0,1.0,108.46359400602523
0.019,17,1444732602,0.06861926314803612,1.0,1.0,108.42237700126134
0.019,18,1317426686,0.06967936104443448,1.0,1.0,108.89118000341114
0.019,19,2022506251,0.07599612858327134,1.0,1.0,108.30164699291345
0.019,20,1516459118,0.07470140992682177,1.0,1.0,108.43913198914379
0.019,21,533103612,0.07023772137987969,1.0,1.0,108.83252100029495
0.019,22,1964759878,0.07278033809212806,1.0,1.0,108.33496999111958
0.019,23,2037706756,0.07362400585421866,1.0,1.0,108.85200199845713
0.019,24,1572889065,0.07753387535664108,1.0,1.0,108.5808710049605
0.019,25,1432881518,0.07284473167465087,1.0,1.0,108.38446900015697
0.019,26,280516901,0.07752068517803269,1.0,1.0,108.54612299590372
0.019,27,205939248,0.07274347894661896,1.0,1.0,108.4086320042843
0.019,28,571904914,0.07583864185521365,1.0,1.0,108.5738880065037
0.019,29,948843457,0.07060115425905542,1.0,1.0,108.58806798933074
0.019,30,155492488,0.07449102714472879,1.0,1.0,108.10158899403177
0.019,31,1903701130,0.07063009285008101,1.0,1.0,108.16835801233537
0.019,32,1017961266,0.0732726805649079,1.0,1.0,108.13855000014883
0.019,33,1497769985,0.07096932881942147,1.0,1.0,108.28928099363111
0.019,34,456523489,0.07047809603117808,1.0,1.0,109.18398699141107
0.019,35,701095136,0.0739335525038925,1.0,1.0,108.50321799807716
0.019,36,249069576,0.07382896642899735,1.0,1.0,108.84351300774142
0.019,37,1576098728,0.07589496010399809,1.0,1.0,108.82553899136838
0.019,38,1662748500,0.07458104425894303,1.0,1.0,108.71676600072533
0.019,39,472736216,0.07753826098476559,1.0,1.0,108.9769119862467
0.019,40,1535411295,0.07422547597920817,1.0,1.0,108.6586589954095
0.019,41,175223003,0.06974902866001083,1.0,1.0,108.55049699603114
0.019,42,840936862,0.06975766067914542,1.0,1.0,108.74040800263174
0.019,43,343373188,0.07344930854988625,1.0,1.0,109.29419100284576
0.019,44,1597751082,0.06885994711116042,1.0,1.0,108.85180499462876
0.019,45,730359585,0.06981625793756574,1.0,1.0,109.17008999967948
0.019,46,1016641002,0.07837620463272098,1.0,1.0,108.54187500081025
0.019,47,998994690,0.06342666856001407,1.0,1.0,109.22001900325995
0.019,48,1021240743,0.07067102585148852,1.0,1.0,108.79792699415702
0.019,49,572134801,0.07450770753012959,1.0,1.0,109.11870299605653
0.019,50,1198399760,0.06838096174268514,1.0,1.0,109.27250501117669
0.019,51,1751866485,0.08090627851605331,0.0,0.0,108.71288800262846
0.019,52,1070889713,0.07108750441503905,1.0,1.0,108.61889099760447
0.019,53,415096539,0.07470899604037654,1.0,1.0,108.6741929902928
0.019,54,52416235,0.0723817320642095,1.0,1.0,108.81931499170605
0.019,55,278032723,0.07549806394104387,1.0,1.0,108.5124259989243
0.019,56,174946158,0.07006588065303022,1.0,1.0,108.63483999855816
0.019,57,196848554,0.06795409595754973,1.0,1.0,108.82528799993452
0.019,58,263030910,0.072939029512057,1.0,1.0,109.21103700820822
0.019,59,1285415020,0.07167133150797358,1.0,1.0,108.6532079934841
0.019,60,1733223444,0.06859913336824647,1.0,1.0,108.77294899546541
0.019,61,1835544261,0.07512896520286894,1.0,1.0,108.60193699772935
0.019,62,1403186970,0.07560978482147016,1.0,1.0,128.2787219970487
0.019,63,1291971777,0.07791845763612539,1.0,1.0,108.69896900840104
0.019,64,712292067,0.07258351663572093,1.0,1.0,108.29389898572117
0.019,65,2001429764,0.07339061103822525,1.0,1.0,108.82510100782383
0.019,66,1375664061,0.0687006180815928,1.0,1.0,108.7381999968784
0.019,67,1556456120,0.06784784439171744,1.0,1.0,108.8110249984311
0.019,68,1576053187,0.06958337289732766,1.0,1.0,108.56300000159536
0.019,69,1848019881,0.07385722132240456,1.0,1.0,109.09041200648062
0.019,70,1508652585,0.07393892361876543,1.0,1.0,108.67705900454894
0.019,71,1995737731,0.07212131843721332,1.0,1.0,108.39608599781059
0.019,72,1162788447,0.0772145267565768,1.0,1.0,108.58422001183499
0.019,73,1172925522,0.0720935525020489,1.0,1.0,108.64877700805664
0.019,74,539174575,0.07372954726563978,1.0,1.0,108.57173000113107
0.019,75,2013637345,0.07534316902185571,1.0,1.0,108.64414600655437
0.019,76,1187468716,0.07641131474709568,1.0,1.0,111.32467100105714
0.019,77,1062978506,0.0746715531059004,1.0,1.0,108.38314099237323
0.019,78,679326770,0.07076418391315493,1.0,1.0,108.438972994918
0.019,79,587923432,0.07239442114415341,1.0,1.0,108.43214199121576
0.019,80,1359889667,0.0698653404268051,1.0,1.0,108.97601699980441
0.019,81,970187386,0.07889108584676216,1.0,1.0,108.49084999063052
0.019,82,1219839873,0.07754545448741157,1.0,1.0,108.44955900392961
0.019,83,1428160212,0.08091246893546818,0.0,0.0,108.6610790080158
0.019,84,1930609499,0.07637969328303215,1.0,1.0,108.78349099948537
0.019,85,710582861,0.07140945392753599,1.0,1.0,108.63284500373993
0.019,86,1463614337,0.07149308255907157,1.0,1.0,108.69445699790958
0.019,87,1940152705,0.06972664232809482,1.0,1.0,108.64854100509547
0.019,88,985452196,0.07271382123476006,1.0,1.0,117.50134501198772
0.019,89,552062587,0.0711428133254093,1.0,1.0,108.81900100503117
0.019,90,623566272,0.06672537134532869,1.0,1.0,108.30017999978736
0.019,91,729775797,0.0650477193818976,1.0,1.0,108.68511401349679
0.019,92,1352536665,0.07746386541851144,1.0,1.0,109.10841698932927
0.019,93,555883440,0.07057577204984962,1.0,1.0,108.60963498998899
0.019,94,1801800003,0.0796572123300616,1.0,1.0,108.27310600143392
0.019,95,763315502,0.07581951783853899,1.0,1.0,108.34659200918395
0.019,96,138897982,0.07086925280233296,1.0,1.0,108.62131899921224
0.019,97,10785379,0.06933401867002124,1.0,1.0,108.56226399482694
0.019,98,53923185,0.07165810042273227,1.0,1.0,108.3406750112772
0.019,99,1349917978,0.07845281062760842,1.0,1.0,109.9559889989905
0.02,0,1501552845,0.07829277145136646,1.0,1.0,108.05170999083202
0.02,1,488200390,0.07817871654079966,1.0,1.0,108.07750999811105
0.02,2,1693606510,0.07378657321739128,1.0,1.0,108.25534600007813
0.02,3,680233354,0.0732226795881842,1.0,1.0,108.26633599936031
0.02,4,438466540,0.07346941177678322,1.0,1.0,108.35063899867237
0.02,5,1712329280,0.0693861458991215,1.0,1.0,108.70213399175555
0.02,6,1380152455,0.07194058247642014,1.0,1.0,108.23262299527414
0.02,7,1452245846,0.06499605103286075,1.0,1.0,108.28854900319129
0.02,8,2122694021,0.06924891351427338,1.0,1.0,108.49100800987799
0.02,9,839901363,0.06696973422591464,1.0,1.0,108.4076489933068
0.02,10,1802651552,0.07798011584412859,1.0,1.0,108.36375299550127
0.02,11,714712467,0.07354943147171421,1.0,1.0,108.69942999852356
0.02,12,1218704077,0.0698269886980407,1.0,1.0,108.26566000469029
0.02,13,1284858263,0.06853281057275663,1.0,1.0,109.11144399142358
0.02,14,457721135,0.07411275640781871,1.0,1.0,108.21928401128389
0.02,15,401008609,0.07704224178627694,1.0,1.0,108.23729599360377
0.02,16,492064534,0.07227340043402795,1.0,1.0,108.9523510017898
0.02,17,1444732602,0.07067671928772358,1.0,1.0,108.48179800086655
0.02,18,1317426686,0.06967936104443448,1.0,1.0,108.31976099871099
0.02,19,2022506251,0.07463703163068659,1.0,1.0,109.86286899424158
0.02,20,1516459118,0.07470140992682177,1.0,1.0,108.29410000587814
0.02,21,533103612,0.07681406215596909,1.0,1.0,108.18687400023919
0.02,22,1964759878,0.06881776538802707,1.0,1.0,108.24393499933649
0.02,23,2037706756,0.07142823561317399,1.0,1.0,108.84351198910736
0.02,24,1572889065,0.07753387535664108,1.0,1.0,108.08363200339954
0.02,25,1432881518,0.07284473167465087,1.0,1.0,108.37526399700437
0.02,26,280516901,0.07497336048265332,1.0,1.0,108.93417001352645
0.02,27,205939248,0.07458321393002568,1.0,1.0,108.10941598901991
0.02,28,571904914,0.07375038666990633,1.0,1.0,108.22349999216385
0.02,29,948843457,0.07070832711616905,1.0,1.0,108.52960401098244
0.02,30,155492488,0.07695820916687036,1.0,1.0,108.3604149898747
0.02,31,1903701130,0.06947594743092331,1.0,1.0,108.39565699279774
0.02,32,1017961266,0.0732726805649079,1.0,1.0,108.43297599058133
0.02,33,1497769985,0.07096932881942147,1.0,1.0,108.21104999922682
0.02,34,456523489,0.07047809603117808,1.0,1.0,108.69025799911469
0.02,35,701095136,0.0739335525038925,1.0,1.0,108.45065700414125
0.02,36,249069576,0.07324795593267892,1.0,1.0,108.24945099011529
0.02,37,1576098728,0.07412855543538659,1.0,1.0,108.13890099234413
0.02,38,1662748500,0.07306651512689163,1.0,1.0,108.71204599970952
0.02,39,472736216,0.0759271999257489,1.0,1.0,108.23769500711933
0.02,40,1535411295,0.07059576741341662,1.0,1.0,108.06538200995419
0.02,41,175223003,0.06875508116933352,1.0,1.0,115.77283700171392
0.02,42,840936862,0.06947563767868303,1.0,1.0,108.81915700156242
0.02,43,343373188,0.073754283381237,1.0,1.0,108.31784100446384
0.02,44,1597751082,0.06732225946053229,1.0,1.0,108.61547500826418
0.02,45,730359585,0.06981625793756574,1.0,1.0,108.49866499484051
0.02,46,1016641002,0.07499100136302973,1.0,1.0,108.65592199843377
0.02,47,998994690,0.07310047063170322,1.0,1.0,109.17370900278911
0.02,48,1021240743,0.07067102585148852,1.0,1.0,108.32653999386821
0.02,49,572134801,0.07431790402131429,1.0,1.0,108.36484799801838
0.02,50,1198399760,0.06838096174268514,1.0,1.0,108.64535601285752
0.02,51,1751866485,0.07339577678921928,1.0,1.0,108.43769300845452
0.02,52,1070889713,0.07099419223190784,1.0,1.0,108.2521290081786
0.02,53,415096539,0.07032507500513699,1.0,1.0,108.67547598900273
0.02,54,52416235,0.0723817320642095,1.0,1.0,108.42272199806757
0.02,55,278032723,0.06648242665972817,1.0,1.0,108.57451999618206
0.02,56,174946158,0.07856423803272858,1.0,1.0,108.30548199010082
0.02,57,196848554,0.06929042342797122,1.0,1.0,108.3519560052082
0.02,58,263030910,0.07291764380707547,1.0,1.0,108.54580100567546
0.02,59,1285415020,0.07404170007126525,1.0,1.0,108.2644749985775
0.02,60,1733223444,0.06859913336824647,1.0,1.0,108.37120799988043
0.02,61,1835544261,0.07861174246969393,1.0,1.0,108.19572099717334
0.02,62,1403186970,0.07517097202651313,1.0,1.0,129.50426300812978
0.02,63,1291971777,0.07905149312547924,1.0,1.0,108.52882299514022
0.02,64,712292067,0.07389402792549869,1.0,1.0,108.51976000412833
0.02,65,2001429764,0.07550470386959088,1.0,1.0,108.17766698892228
0.02,66,1375664061,0.0687006180815928,1.0,1.0,108.68876500171609
0.02,67,1556456120,0.07435081690247092,1.0,1.0,108.20043399871793
0.02,68,1576053187,0.06958337289732766,1.0,1.0,108.88516499835532
0.02,69,1848019881,0.07452435150136341,1.0,1.0,108.30303200054914
0.02,70,1508652585,0.07352385681591558,1.0,1.0,108.60852099722251
0.02,71,1995737731,0.0692920817327668,1.0,1.0,108.47317200386897
0.02,72,1162788447,0.07337171153406566,1.0,1.0,108.53234100795817
0.02,73,1172925522,0.06857739185690617,1.0,1.0,108.26190799707547
0.02,74,539174575,0.0742180047982752,1.0,1.0,108.66054600046482
0.02,75,2013637345,0.07452801878232944,1.0,1.0,108.68782499164809
0.02,76,1187468716,0.07302045397061079,1.0,1.0,108.2411170064006
0.02,77,1062978506,0.07556792695830025,1.0,1.0,108.25744399335235
0.02,78,679326770,0.07074486225836876,1.0,1.0,108.26517498935573
0.02,79,587923432,0.07239442114415341,1.0,1.0,108.52932000125293
0.02,80,1359889667,0.0698653404268051,1.0,1.0,108.2976809993852
0.02,81,970187386,0.07889108584676216,1.0,1.0,108.25738299172372
0.02,82,1219839873,0.07497711368368773,1.0,1.0,112.6126939925598
0.02,83,1428160212,0.07656431525414545,1.0,1.0,112.05117200734094
0.02,84,1930609499,0.07657032015843361,1.0,1.0,108.19397600425873
0.02,85,710582861,0.07140945392753599,1.0,1.0,108.55966900999192
0.02,86,1463614337,0.07151030016131611,1.0,1.0,108.51902399735991
0.02,87,1940152705,0.06972664232809482,1.0,1.0,108.36742700485047
0.02,88,985452196,0.07271382123476006,1.0,1.0,108.60500000126194
0.02,89,552062587,0.07750870799253397,1.0,1.0,108.31209599564318
0.02,90,623566272,0.06672537134532869,1.0,1.0,108.23636699933559
0.02,91,729775797,0.06620486646137884,1.0,1.0,108.46593799942639
0.02,92,1352536665,0.07752535221061156,1.0,1.0,108.63180700107478
0.02,93,555883440,0.07389049188364455,1.0,1.0,108.51057300169487
0.02,94,1801800003,0.0681948174598245,1.0,1.0,108.53267498896457
0.02,95,763315502,0.06978106335981037,1.0,1.0,108.58983900106978
0.02,96,138897982,0.07491501306232166,1.0,1.0,108.2990750001045
0.02,97,10785379,0.06933401867002124,1.0,1.0,108.26843099493999
0.02,98,53923185,0.07165810042273227,1.0,1.0,108.38099299871828
0.02,99,1349917978,0.07133016356239393,1.0,1.0,108.34429798705969
0.021,0,1501552845,0.07460659703478428,1.0,1.0,108.78164200403262
0.021,1,488200390,0.0694804816893977,1.0,1.0,108.23116400570143
0.021,2,1693606510,0.07614326238700836,1.0,1.0,109.29904501244891
0.021,3,680233354,0.0732226795881842,1.0,1.0,108.28268899058457
0.021,4,438466540,0.07478812220196816,1.0,1.0,108.71383400808554
0.021,5,1712329280,0.0693861458991215,1.0,1.0,108.25315400143154
0.021,6,1380152455,0.07362396739792759,1.0,1.0,108.37683000136167
0.021,7,1452245846,0.06791526674635202,1.0,1.0,108.85716100165155
0.021,8,2122694021,0.06737369345619278,1.0,1.0,108.92794100800529
0.021,9,839901363,0.06469642834183126,1.0,1.0,108.57470199698582
0.021,10,1802651552,0.08007593532133717,0.0,0.0,108.0623920133803
0.021,11,714712467,0.07675393839048371,1.0,1.0,108.04261799785309
0.021,12,1218704077,0.07280777968931874,1.0,1.0,108.47349299001507
0.021,13,1284858263,0.06853281057275663,1.0,1.0,108.44434601312969
0.021,14,457721135,0.06769129869644044,1.0,1.0,108.00308900070377
0.021,15,401008609,0.07298775230543719,1.0,1.0,108.08189600356854
0.021,16,492064534,0.07067871039279158,1.0,1.0,108.4124910121318
0.021,17,1444732602,0.07868862255524557,1.0,1.0,108.4582089970354
0.021,18,1317426686,0.06967936104443448,1.0,1.0,108.26002800604329
0.021,19,2022506251,0.07452296944484701,1.0,1.0,108.2059769978514
0.021,20,1516459118,0.07470140992682177,1.0,1.0,110.28403299860656
0.021,21,533103612,0.07429515500898873,1.0,1.0,108.46243299602065
0.021,22,1964759878,0.07055960279746779,1.0,1.0,108.63299200718757
0.021,23,2037706756,0.07590304291010944,1.0,1.0,108.35843200038653
0.021,24,1572889065,0.07753387535664108,1.0,1.0,108.53212499932852
0.021,25,1432881518,0.06860585934657853,1.0,1.0,108.26631299278233
0.021,26,280516901,0.07406818184440792,1.0,1.0,108.18868099886458
0.021,27,205939248,0.07458321393002568,1.0,1.0,109.21765099919867
0.021,28,571904914,0.07043284065594141,1.0,1.0,108.23032101325225
0.021,29,948843457,0.07070832711616905,1.0,1.0,108.47375099547207
0.021,30,155492488,0.07618172833936913,1.0,1.0,108.16936500486918
0.021,31,1903701130,0.07423372133360673,1.0,1.0,108.58758800895885
0.021,32,1017961266,0.06938381937262098,1.0,1.0,108.24904199398588
0.021,33,1497769985,0.07096932881942147,1.0,1.0,108.67721500108019
0.021,34,456523489,0.07047809603117808,1.0,1.0,109.03467200114392
0.021,35,701095136,0.0739335525038925,1.0,1.0,108.64454500551801
0.021,36,249069576,0.07556045922646305,1.0,1.0,109.21197700372431
0.021,37,1576098728,0.06886342414599181,1.0,1.0,108.603458997095
0.021,38,1662748500,0.07034139906695004,1.0,1.0,108.43033200944774
0.021,39,472736216,0.0777601055895334,1.0,1.0,109.00199400202837
0.021,40,1535411295,0.07422547597920817,1.0,1.0,108.75227599171922
0.021,41,175223003,0.07417770808983845,1.0,1.0,108.57541600125842
0.021,42,840936862,0.07070388606730188,1.0,1.0,108.44807499961462
0.021,43,343373188,0.073754283381237,1.0,1.0,109.11257599946111
0.021,44,1597751082,0.0678465323195835,1.0,1.0,108.77057600009721
0.021,45,730359585,0.06981625793756574,1.0,1.0,108.48453200014774
0.021,46,1016641002,0.0703275035526747,1.0,1.0,110.61002500355244
0.021,47,998994690,0.07310047063170322,1.0,1.0,108.27284399420023
0.021,48,1021240743,0.07067102585148852,1.0,1.0,108.24427600891795
0.021,49,572134801,0.06698118367854632,1.0,1.0,108.8294049986871
0.021,50,1198399760,0.06838096174268514,1.0,1.0,109.1353679948952
0.021,51,1751866485,0.07284373896394077,1.0,1.0,117.87409000680782
0.021,52,1070889713,0.07108750441503905,1.0,1.0,108.62674000964034
0.021,53,415096539,0.07588146199942428,1.0,1.0,108.4523039899068
0.021,54,52416235,0.0723817320642095,1.0,1.0,108.5431130049983
0.021,55,278032723,0.07549806394104387,1.0,1.0,124.44158400467131
0.021,56,174946158,0.07054025647790135,1.0,1.0,108.20666699146386
0.021,57,196848554,0.07426126945744818,1.0,1.0,108.45648399845231
0.021,58,263030910,0.07535723961633925,1.0,1.0,108.60411800967995
0.021,59,1285415020,0.06583241222292685,1.0,1.0,108.81788800179493
0.021,60,1733223444,0.06859913336824647,1.0,1.0,108.5977129987441
0.021,61,1835544261,0.07422710595052134,1.0,1.0,118.615769999451
0.021,62,1403186970,0.07328967694708603,1.0,1.0,112.5902289932128
0.021,63,1291971777,0.08026886730675152,0.0,0.0,108.53808899992146
0.021,64,712292067,0.06984709360381348,1.0,1.0,108.39304799446836
0.021,65,2001429764,0.06912712670912592,1.0,1.0,108.69242099579424
0.021,66,1375664061,0.0687006180815928,1.0,1.0,108.61276800278574
0.021,67,1556456120,0.07161406906247804,1.0,1.0,110.28580000856891
0.021,68,1576053187,0.06958337289732766,1.0,1.0,108.2253659988055
0.021,69,1848019881,0.0742228884679416,1.0,1.0,108.94997399009299
0.021,70,1508652585,0.07393892361876543,1.0,1.0,108.67356399830896
0.021,71,1995737731,0.07212131843721332,1.0,1.0,108.51191700203344
0.021,72,1162788447,0.07734881949219452,1.0,1.0,108.63844701088965
0.021,73,1172925522,0.07289596295421306,1.0,1.0,108.47174499940593
0.021,74,539174575,0.06867349969535748,1.0,1.0,109.62683999969158
0.021,75,2013637345,0.07915837563126456,1.0,1.0,108.45395100477617
0.021,76,1187468716,0.08187507566602469,0.0,0.0,108.1254830060061
0.021,77,1062978506,0.07724912177458779,1.0,1.0,108.27076400164515
0.021,78,679326770,0.07194171843611179,1.0,1.0,108.45327499555424
0.021,79,587923432,0.07122454423165321,1.0,1.0,108.58781199203804
0.021,80,1359889667,0.0698653404268051,1.0,1.0,108.69598299905192
0.021,81,970187386,0.06961988714451686,1.0,1.0,108.44777600141242
0.021,82,1219839873,0.07636917954656124,1.0,1.0,108.42681399662979
0.021,83,1428160212,0.07719814177291932,1.0,1.0,108.33524800546002
0.021,84,1930609499,0.074119283458844,1.0,1.0,108.58035999990534
0.021,85,710582861,0.07129599940665374,1.0,1.0,108.48269501002505
0.021,86,1463614337,0.07549855715235312,1.0,1.0,108.6074340128107
0.021,87,1940152705,0.06972664232809482,1.0,1.0,108.50453400053084
0.021,88,985452196,0.07271382123476006,1.0,1.0,109.08021000795998
0.021,89,552062587,0.07418557661297379,1.0,1.0,108.66210199310444
0.021,90,623566272,0.06672537134532869,1.0,1.0,108.30808099126443
0.021,91,729775797,0.07465460654554501,1.0,1.0,108.44760100007989
0.021,92,1352536665,0.07700949746047708,1.0,1.0,108.40012699190993
0.021,93,555883440,0.07080276090148377,1.0,1.0,108.44755999278277
0.021,94,1801800003,0.07456330675274689,1.0,1.0,108.55696898943279
0.021,95,763315502,0.07071017730785044,1.0,1.0,108.58996299793944
0.021,96,138897982,0.0687416490838225,1.0,1.0,108.60339200007729
0.021,97,10785379,0.06933401867002124,1.0,1.0,108.7018100079149
0.021,98,53923185,0.06638821804199442,1.0,1.0,108.41441099182703
0.021,99,1349917978,0.07357272431021779,1.0,1.0,108.4389169991482
0.022,0,1501552845,0.07829277145136646,1.0,1.0,121.62771899602376
0.022,1,488200390,0.07263519338804258,1.0,1.0,124.47609499213286
0.022,2,1693606510,0.07702840919267916,1.0,1.0,124.18216100195423
0.022,3,680233354,0.07122992150019258,1.0,1.0,123.66411898983642
0.022,4,438466540,0.07377534155772106,1.0,1.0,123.60685800376814
0.022,5,1712329280,0.0693861458991215,1.0,1.0,124.29121899185702
0.022,6,1380152455,0.07295163402014583,1.0,1.0,124.61726200126577
0.022,7,1452245846,0.07237417945188784,1.0,1.0,121.81545799830928
0.022,8,2122694021,0.06924891351427338,1.0,1.0,124.27654898783658
0.022,9,839901363,0.07746538362775338,1.0,1.0,124.02859899157193
0.022,10,1802651552,0.07409907314535563,1.0,1.0,124.63077300344594
0.022,11,714712467,0.07339880038980463,1.0,1.0,126.3717359979637
0.022,12,1218704077,0.07348833554690544,1.0,1.0,123.26920400664676
0.022,13,1284858263,0.06853281057275663,1.0,1.0,120.70598799618892
0.022,14,457721135,0.07567819776919925,1.0,1.0,120.30319799669087
0.022,15,401008609,0.07551931319513021,1.0,1.0,125.3940590104321
0.022,16,492064534,0.06690958241889895,1.0,1.0,123.1287179980427
0.022,17,1444732602,0.07868862255524557,1.0,1.0,120.92137199942954
0.022,18,1317426686,0.06967936104443448,1.0,1.0,124.75711898878217
0.022,19,2022506251,0.07947196678730245,1.0,1.0,124.90137599525042
0.022,20,1516459118,0.07470140992682177,1.0,1.0,121.84190200059675
0.022,21,533103612,0.07681406215596909,1.0,1.0,119.84453399782069
0.022,22,1964759878,0.06541794581990393,1.0,1.0,126.67979700199794
0.022,23,2037706756,0.06766274922429442,1.0,1.0,123.60734499816317
0.022,24,1572889065,0.07659506245179697,1.0,1.0,122.49096100276802
0.022,25,1432881518,0.07284473167465087,1.0,1.0,121.07288000697736
0.022,26,280516901,0.07502965213266574,1.0,1.0,125.36891699710395
0.022,27,205939248,0.07458321393002568,1.0,1.0,124.94829499337357
0.022,28,571904914,0.07124913315561048,1.0,1.0,120.02647000190336
0.022,29,948843457,0.07070832711616905,1.0,1.0,125.22167099814396
0.022,30,155492488,0.08045578221314718,0.0,0.0,121.60730399773456
0.022,31,1903701130,0.0736649292850853,1.0,1.0,124.19940999825485
0.022,32,1017961266,0.0687318137560879,1.0,1.0,121.63214299653191
0.022,33,1497769985,0.07096932881942147,1.0,1.0,109.01551799906883
0.022,34,456523489,0.07047809603117808,1.0,1.0,108.316099998774
0.022,35,701095136,0.0739335525038925,1.0,1.0,108.21455100085586
0.022,36,249069576,0.07013590241423763,1.0,1.0,108.22684499726165
0.022,37,1576098728,0.07965292128465609,1.0,1.0,108.32452599424869
0.022,38,1662748500,0.07405647524586395,1.0,1.0,108.26848000579048
0.022,39,472736216,0.07552521271055156,1.0,1.0,108.48913200607058
0.022,40,1535411295,0.07422547597920817,1.0,1.0,108.43449200910982
0.022,41,175223003,0.07417770808983845,1.0,1.0,108.38970000622794
0.022,42,840936862,0.07612473447766976,1.0,1.0,108.55512799753342
0.022,43,343373188,0.073754283381237,1.0,1.0,108.46102400682867
0.022,44,1597751082,0.06885994711116042,1.0,1.0,108.54152298998088
0.022,45,730359585,0.06981625793756574,1.0,1.0,108.64555000443943
0.022,46,1016641002,0.07696410448579527,1.0,1.0,108.70495499693789
0.022,47,998994690,0.07132432994732284,1.0,1.0,108.38492300536018
0.022,48,1021240743,0.07067102585148852,1.0,1.0,108.61971300619189
0.022,49,572134801,0.07071975472728115,1.0,1.0,108.53419000341091
0.022,50,1198399760,0.06838096174268514,1.0,1.0,108.62538700166624
0.022,51,1751866485,0.06572597617077261,1.0,1.0,116.1581189953722
0.022,52,1070889713,0.07029880991227312,1.0,1.0,108.47251600353047
0.022,53,415096539,0.07562009681078216,1.0,1.0,108.98546999669634
0.022,54,52416235,0.0723817320642095,1.0,1.0,108.35421699448489
0.022,55,278032723,0.07324488939818653,1.0,1.0,108.3626049949089
0.022,56,174946158,0.07335721299871974,1.0,1.0,108.51057199761271
0.022,57,196848554,0.06803103870356358,1.0,1.0,108.43476600712165
0.022,58,263030910,0.07664394093618741,1.0,1.0,108.31215701182373
0.022,59,1285415020,0.07404170007126525,1.0,1.0,108.17787201085594
0.022,60,1733223444,0.06859913336824647,1.0,1.0,133.57691599230748
0.022,61,1835544261,0.07051128896689923,1.0,1.0,109.24221099412534
0.022,62,1403186970,0.07028101667857238,1.0,1.0,108.42082899762318
0.022,63,1291971777,0.06629177901451572,1.0,1.0,108.37252700002864
0.022,64,712292067,0.07270333679324124,1.0,1.0,109.02173600334208
0.022,65,2001429764,0.07282856845169139,1.0,1.0,108.24220700305887
0.022,66,1375664061,0.0670517860515202,1.0,1.0,108.23811699810904
0.022,67,1556456120,0.07364637124720563,1.0,1.0,108.29635099798907
0.022,68,1576053187,0.06958337289732766,1.0,1.0,108.45510699437
0.022,69,1848019881,0.07452435150136341,1.0,1.0,108.42351999599487
0.022,70,1508652585,0.07393892361876543,1.0,1.0,108.31826100184117
0.022,71,1995737731,0.07212131843721332,1.0,1.0,108.25264299637638
0.022,72,1162788447,0.07348753412717293,1.0,1.0,109.40839699469507
0.022,73,1172925522,0.07289596295421306,1.0,1.0,108.47264199401252
0.022,74,539174575,0.0742180047982752,1.0,1.0,108.17368600692134
0.022,75,2013637345,0.0741924229844035,1.0,1.0,108.34301100112498
0.022,76,1187468716,0.07451693319741297,1.0,1.0,108.37803799950052
0.022,77,1062978506,0.07603506161410428,1.0,1.0,108.34597299981397
0.022,78,679326770,0.07608206681421552,1.0,1.0,108.58298798848409
0.022,79,587923432,0.07239442114415341,1.0,1.0,108.33763300615828
0.022,80,1359889667,0.0698653404268051,1.0,1.0,108.08862099656835
0.022,81,970187386,0.07655680051384228,1.0,1.0,108.26495799119584
0.022,82,1219839873,0.07299668532937797,1.0,1.0,108.37110399734229
0.022,83,1428160212,0.07947814566068773,1.0,1.0,108.31301500729751
0.022,84,1930609499,0.07831959071533134,1.0,1.0,108.27672098821495
0.022,85,710582861,0.07140945392753599,1.0,1.0,108.37385700142477
0.022,86,1463614337,0.06308344281255364,1.0,1.0,108.4349199954886
0.022,87,1940152705,0.06972664232809482,1.0,1.0,108.80951500439551
0.022,88,985452196,0.07057870888120138,1.0,1.0,108.31317599513568
0.022,89,552062587,0.07751426841974811,1.0,1.0,108.51413699856494
0.022,90,623566272,0.06672537134532869,1.0,1.0,108.81214600522071
0.022,91,729775797,0.07034241470888229,1.0,1.0,108.5258750099456
0.022,92,1352536665,0.08022484108590475,0.0,0.0,108.333883996238
0.022,93,555883440,0.07389049188364455,1.0,1.0,108.37519299820997
0.022,94,1801800003,0.07692712671409926,1.0,1.0,108.46727500029374
0.022,95,763315502,0.07790074551973637,1.0,1.0,108.22631399787497
0.022,96,138897982,0.07448772791057925,1.0,1.0,108.60995600523893
0.022,97,10785379,0.06933401867002124,1.0,1.0,108.39627000677865
0.022,98,53923185,0.07165810042273227,1.0,1.0,108.144772995729
0.022,99,1349917978,0.07061357190485859,1.0,1.0,108.428907013149
0.023,0,1501552845,0.07001272384493663,1.0,1.0,108.31580900412519
0.023,1,488200390,0.07006693933573462,1.0,1.0,108.30179099866655
0.023,2,1693606510,0.0719468916968968,1.0,1.0,108.2200910022948
0.023,3,680233354,0.0720182981370016,1.0,1.0,108.18781499983743
0.023,4,438466540,0.07379007359339006,1.0,1.0,108.35708800004795
0.023,5,1712329280,0.0693861458991215,1.0,1.0,108.46623399993405
0.023,6,1380152455,0.06349841548970579,1.0,1.0,108.34925800736528
0.023,7,1452245846,0.07429135833673196,1.0,1.0,108.10006600513589
0.023,8,2122694021,0.06924891351427338,1.0,1.0,108.22566600108985
0.023,9,839901363,0.06875715618037077,1.0,1.0,108.18876899429597
0.023,10,1802651552,0.07920403287977656,1.0,1.0,108.31830199458636
0.023,11,714712467,0.0777415980177063,1.0,1.0,108.00650100281928
0.023,12,1218704077,0.07525199793767845,1.0,1.0,108.53232101362664
0.023,13,1284858263,0.06853281057275663,1.0,1.0,108.40782299055718
0.023,14,457721135,0.07253117279964505,1.0,1.0,108.29468199517578
0.023,15,401008609,0.0716915016783872,1.0,1.0,108.33085900230799
0.023,16,492064534,0.0645041747186519,1.0,1.0,108.2120739883976
0.023,17,1444732602,0.07654270116823919,1.0,1.0,108.34782799065579
0.023,18,1317426686,0.0692462316333612,1.0,1.0,108.42750700248871
0.023,19,2022506251,0.07374936013287119,1.0,1.0,108.55429999355692
0.023,20,1516459118,0.074672597557877,1.0,1.0,108.2914149883436
0.023,21,533103612,0.07496828255610614,1.0,1.0,108.3784890070092
0.023,22,1964759878,0.07278033809212806,1.0,1.0,108.88231500575785
0.023,23,2037706756,0.07423004052257252,1.0,1.0,108.44088299199939
0.023,24,1572889065,0.07633244761920088,1.0,1.0,108.32556198874954
0.023,25,1432881518,0.07284473167465087,1.0,1.0,108.2276249944698
0.023,26,280516901,0.07235655519922884,1.0,1.0,108.35567599860951
0.023,27,205939248,0.07458321393002568,1.0,1.0,108.76435099635273
0.023,28,571904914,0.06693460433082186,1.0,1.0,108.49807799968403
0.023,29,948843457,0.07070832711616905,1.0,1.0,108.36862500582356
0.023,30,155492488,0.07505076248389946,1.0,1.0,108.46702399430797
0.023,31,1903701130,0.07423372133360673,1.0,1.0,108.82234200835228
0.023,32,1017961266,0.06779843117433626,1.0,1.0,108.80378600268159
0.023,33,1497769985,0.07096932881942147,1.0,1.0,108.46791900985409
0.023,34,456523489,0.07042677153349874,1.0,1.0,108.34746599721257
0.023,35,701095136,0.0739335525038925,1.0,1.0,108.57260499324184
0.023,36,249069576,0.07539488291593544,1.0,1.0,108.57655100699048
0.023,37,1576098728,0.07724542672121273,1.0,1.0,108.19599599926732
0.023,38,1662748500,0.07687212351183711,1.0,1.0,108.31464000511914
0.023,39,472736216,0.07073399955234898,1.0,1.0,108.61536099400837
0.023,40,1535411295,0.07422547597920817,1.0,1.0,108.35718699672725
0.023,41,175223003,0.07417770808983845,1.0,1.0,108.60579900327139
0.023,42,840936862,0.06840387386281468,1.0,1.0,108.38472199975513
0.023,43,343373188,0.073754283381237,1.0,1.0,108.6536250077188
0.023,44,1597751082,0.06885994711116042,1.0,1.0,108.21529899840243
0.023,45,730359585,0.06981625793756574,1.0,1.0,108.5958629992092
0.023,46,1016641002,0.07753793658458971,1.0,1.0,109.14664600568358
0.023,47,998994690,0.07310047063170322,1.0,1.0,108.7369610031601
0.023,48,1021240743,0.07067102585148852,1.0,1.0,108.2116799952928
0.023,49,572134801,0.06970224503997077,1.0,1.0,114.34768000617623
0.023,50,1198399760,0.06838096174268514,1.0,1.0,108.43444299825933
0.023,51,1751866485,0.07493886333960156,1.0,1.0,108.48564100160729
0.023,52,1070889713,0.07108750441503905,1.0,1.0,108.34311800135765
0.023,53,415096539,0.07588146199942428,1.0,1.0,108.37440099567175
0.023,54,52416235,0.0723817320642095,1.0,1.0,108.37189901212696
0.023,55,278032723,0.06869932144721898,1.0,1.0,108.21138900064398
0.023,56,174946158,0.07531832841851134,1.0,1.0,108.29132699291222
0.023,57,196848554,0.0753177886538324,1.0,1.0,108.28626199509017
0.023,58,263030910,0.07382995000174795,1.0,1.0,133.38338100584224
0.023,59,1285415020,0.07404170007126525,1.0,1.0,108.34029701072723
0.023,60,1733223444,0.06859913336824647,1.0,1.0,108.51850900507998
0.023,61,1835544261,0.07186524414608784,1.0,1.0,109.21160099678673
0.023,62,1403186970,0.07560978482147016,1.0,1.0,109.07370899803936
0.023,63,1291971777,0.07142804027923572,1.0,1.0,108.33137499867007
0.023,64,712292067,0.071920733812125,1.0,1.0,108.37630499736406
0.023,65,2001429764,0.07438261823900001,1.0,1.0,109.21391300507821
0.023,66,1375664061,0.0687006180815928,1.0,1.0,108.7914340023417
0.023,67,1556456120,0.07456249117680598,1.0,1.0,108.47323700727429
0.023,68,1576053187,0.065700711317291,1.0,1.0,108.75936399679631
0.023,69,1848019881,0.06852513322432784,1.0,1.0,108.47382301290054
0.023,70,1508652585,0.07393892361876543,1.0,1.0,108.59534800692927
0.023,71,1995737731,0.06909493960465492,1.0,1.0,108.62672700022813
0.023,72,1162788447,0.072947020613292,1.0,1.0,108.47673000534996
0.023,73,1172925522,0.07289596295421306,1.0,1.0,108.22042200015858
0.023,74,539174575,0.07251685359616744,1.0,1.0,108.33699700015131
0.023,75,2013637345,0.07576875934493692,1.0,1.0,108.51137999270577
0.023,76,1187468716,0.07981904591220042,1.0,1.0,108.50294600822963
0.023,77,1062978506,0.08337939485757719,0.0,0.0,108.61184399982449
0.023,78,679326770,0.0719568672582936,1.0,1.0,108.49666399008129
0.023,79,587923432,0.07239442114415341,1.0,1.0,108.37715899106115
0.023,80,1359889667,0.0698653404268051,1.0,1.0,108.57691999990493
0.023,81,970187386,0.07889108584676216,1.0,1.0,108.58730399922933
0.023,82,1219839873,0.0756174694196549,1.0,1.0,108.53116700309329
0.023,83,1428160212,0.07491113298850778,1.0,1.0,109.51608799223322
0.023,84,1930609499,0.0722062187180621,1.0,1.0,113.27366200566757
0.023,85,710582861,0.07140945392753599,1.0,1.0,108.59879499184899
0.023,86,1463614337,0.06808806467620837,1.0,1.0,108.33314398769289
0.023,87,1940152705,0.06972664232809482,1.0,1.0,108.39357500663027
0.023,88,985452196,0.07271382123476006,1.0,1.0,109.10238500218838
0.023,89,552062587,0.07186915529144101,1.0,1.0,108.43778499111068
0.023,90,623566272,0.06672537134532869,1.0,1.0,108.79691698937677
0.023,91,729775797,0.07527386926833365,1.0,1.0,108.33868000190705
0.023,92,1352536665,0.07388105853664972,1.0,1.0,108.54295900207944
0.023,93,555883440,0.07389049188364455,1.0,1.0,108.21958800079301
0.023,94,1801800003,0.07978802119093464,1.0,1.0,108.39010399649851
0.023,95,763315502,0.07034130901118518,1.0,1.0,108.44232900126372
0.023,96,138897982,0.07010741597919751,1.0,1.0,108.07576699880883
0.023,97,10785379,0.06933401867002124,1.0,1.0,108.23066699958872
0.023,98,53923185,0.07165810042273227,1.0,1.0,108.27753899502568
0.023,99,1349917978,0.07566494662088788,1.0,1.0,108.27961598988622
0.024,0,1501552845,0.06393557941084911,1.0,1.0,108.52715600049123
0.024,1,488200390,0.07817871654079966,1.0,1.0,108.50156500237063
0.024,2,1693606510,0.07617279213128712,1.0,1.0,108.34405099740252
0.024,3,680233354,0.0732226795881842,1.0,1.0,108.35604400199372
0.024,4,438466540,0.07478812220196816,1.0,1.0,108.81068599701393
0.024,5,1712329280,0.0693861458991215,1.0,1.0,108.38190298818517
0.024,6,1380152455,0.07945025624957662,1.0,1.0,108.37206699943636
0.024,7,1452245846,0.07103158669355297,1.0,1.0,108.47943300905172
0.024,8,2122694021,0.06924891351427338,1.0,1.0,108.30457099655177
0.024,9,839901363,0.0704987651054505,1.0,1.0,113.69632599235047
0.024,10,1802651552,0.07538720441036309,1.0,1.0,108.24537900043651
0.024,11,714712467,0.07403198894181641,1.0,1.0,108.44116400403436
0.024,12,1218704077,0.06489291001236991,1.0,1.0,108.25712900259532
0.024,13,1284858263,0.06853281057275663,1.0,1.0,108.41400899516884
0.024,14,457721135,0.07151679716495099,1.0,1.0,108.13328299263958
0.024,15,401008609,0.07217718464406225,1.0,1.0,108.10021799989045
0.024,16,492064534,0.0716659270771977,1.0,1.0,108.74149699520785
0.024,17,1444732602,0.07807405443285809,1.0,1.0,108.15392900258303
0.024,18,1317426686,0.06967936104443448,1.0,1.0,108.69362000084948
0.024,19,2022506251,0.07609627276926932,1.0,1.0,108.20637999859173
0.024,20,1516459118,0.07470140992682177,1.0,1.0,108.20272599812597
0.024,21,533103612,0.07554397449314532,1.0,1.0,108.32965699955821
0.024,22,1964759878,0.07058367750732229,1.0,1.0,108.81529899779707
0.024,23,2037706756,0.08101900534796455,0.0,0.0,108.80568300490268
0.024,24,1572889065,0.07287572418026587,1.0,1.0,108.7431500054663
0.024,25,1432881518,0.07284473167465087,1.0,1.0,108.43702900456265
0.024,26,280516901,0.07875259547261057,1.0,1.0,108.31315099494532
0.024,27,205939248,0.07458321393002568,1.0,1.0,109.16503799671773
0.024,28,571904914,0.07636225698293608,1.0,1.0,108.46571299771313
0.024,29,948843457,0.07070832711616905,1.0,1.0,109.02626400638837
0.024,30,155492488,0.0731763137734627,1.0,1.0,108.36427001049742
0.024,31,1903701130,0.07287394080470942,1.0,1.0,108.24833500373643
0.024,32,1017961266,0.0732726805649079,1.0,1.0,108.26077900128439
0.024,33,1497769985,0.07096932881942147,1.0,1.0,108.35157999827061
0.024,34,456523489,0.07047809603117808,1.0,1.0,108.23423700639978
0.024,35,701095136,0.07237535818665172,1.0,1.0,108.13511900778394
0.024,36,249069576,0.07699358547708465,1.0,1.0,108.23751799762249
0.024,37,1576098728,0.07896995912765002,1.0,1.0,108.54842299886514
0.024,38,1662748500,0.06720459408897152,1.0,1.0,110.04351699375547
0.024,39,472736216,0.07571775414773725,1.0,1.0,108.15771399938967
0.024,40,1535411295,0.07299313690571703,1.0,1.0,108.18605800159276
0.024,41,175223003,0.06943805135677637,1.0,1.0,108.77294500824064
0.024,42,840936862,0.07431871041766648,1.0,1.0,108.28912899887655
0.024,43,343373188,0.07273125273812701,1.0,1.0,108.2775910035707
0.024,44,1597751082,0.06885994711116042,1.0,1.0,108.35192899685353
0.024,45,730359585,0.06981625793756574,1.0,1.0,108.22388199449051
0.024,46,1016641002,0.06999310728811584,1.0,1.0,108.13532800239045
0.024,47,998994690,0.07310047063170322,1.0,1.0,108.26226700737607
0.024,48,1021240743,0.07067102585148852,1.0,1.0,108.34251600317657
0.024,49,572134801,0.0783724609121708,1.0,1.0,108.4728869900573
0.024,50,1198399760,0.06838096174268514,1.0,1.0,108.25631499756128
0.024,51,1751866485,0.06330471894517604,1.0,1.0,108.26034100318793
0.024,52,1070889713,0.07108750441503905,1.0,1.0,108.0354029982118
0.024,53,415096539,0.07588146199942428,1.0,1.0,108.02555999543983
0.024,54,52416235,0.07102913615867977,1.0,1.0,108.19776999414898
0.024,55,278032723,0.07433023266380243,1.0,1.0,109.51276299601886
0.024,56,174946158,0.0723641284227629,1.0,1.0,108.37888700189069
0.024,57,196848554,0.07833727825149758,1.0,1.0,108.23453900229651
0.024,58,263030910,0.07283814179235934,1.0,1.0,108.8554560119519
0.024,59,1285415020,0.06860339855606505,1.0,1.0,108.82364099961706
0.024,60,1733223444,0.06859913336824647,1.0,1.0,108.15243799879681
0.024,61,1835544261,0.07324189917524263,1.0,1.0,108.35429200960789
0.024,62,1403186970,0.07560978482147016,1.0,1.0,108.37889900722075
0.024,63,1291971777,0.07424001682924931,1.0,1.0,108.18873699463438
0.024,64,712292067,0.07389402792549869,1.0,1.0,108.42223199142609
0.024,65,2001429764,0.06706929267228898,1.0,1.0,108.1624859943986
0.024,66,1375664061,0.0687006180815928,1.0,1.0,108.12508100934792
0.024,67,1556456120,0.06970892606815897,1.0,1.0,110.06982000253629
0.024,68,1576053187,0.06958337289732766,1.0,1.0,108.56341700127814
0.024,69,1848019881,0.073901409293356,1.0,1.0,108.58612399897538
0.024,70,1508652585,0.07393892361876543,1.0,1.0,111.15509799856227
0.024,71,1995737731,0.07212131843721332,1.0,1.0,108.25156299688388
0.024,72,1162788447,0.07791353321570937,1.0,1.0,108.34788299689535
0.024,73,1172925522,0.0710462684772991,1.0,1.0,108.26505199656822
0.024,74,539174575,0.06802291272518314,1.0,1.0,108.27492299722508
0.024,75,2013637345,0.07293900395751457,1.0,1.0,110.30974599998444
0.024,76,1187468716,0.06941153920726668,1.0,1.0,108.44383999938145
0.024,77,1062978506,0.07518813979565137,1.0,1.0,108.34068000258412
0.024,78,679326770,0.07320673270580462,1.0,1.0,130.43609898886643
0.024,79,587923432,0.07239442114415341,1.0,1.0,108.45129200606607
0.024,80,1359889667,0.0698653404268051,1.0,1.0,108.99759700987488
0.024,81,970187386,0.07337825896179818,1.0,1.0,108.27944900665898
0.024,82,1219839873,0.07270570999664024,1.0,1.0,108.74050499114674
0.024,83,1428160212,0.07507435769518864,1.0,1.0,108.35437700734474
0.024,84,1930609499,0.07371734599131223,1.0,1.0,108.16823999630287
0.024,85,710582861,0.07140945392753599,1.0,1.0,108.11682800704148
0.024,86,1463614337,0.06902002193547269,1.0,1.0,108.08713099686429
0.024,87,1940152705,0.06972664232809482,1.0,1.0,108.3369409898296
0.024,88,985452196,0.07271382123476006,1.0,1.0,107.92004599352367
0.024,89,552062587,0.07489157177281425,1.0,1.0,108.33553998963907
0.024,90,623566272,0.06672537134532869,1.0,1.0,108.22111400193535
0.024,91,729775797,0.07527386926833365,1.0,1.0,108.49116899771616
0.024,92,1352536665,0.07519819851152694,1.0,1.0,108.40904100041371
0.024,93,555883440,0.07389049188364455,1.0,1.0,107.97468799864873
0.024,94,1801800003,0.06961151577219929,1.0,1.0,108.08757299673744
0.024,95,763315502,0.0717087957018129,1.0,1.0,108.22270299831871
0.024,96,138897982,0.07281992830964784,1.0,1.0,108.03815499821212
0.024,97,10785379,0.06933401867002124,1.0,1.0,108.37192401231732
0.024,98,53923185,0.07165810042273227,1.0,1.0,108.17605299234856
0.024,99,1349917978,0.07557418458171689,1.0,1.0,108.36562300391961
0.025,0,1501552845,0.07786814388426645,1.0,1.0,108.24681099620648
0.025,1,488200390,0.07817871654079966,1.0,1.0,108.66211098618805
0.025,2,1693606510,0.06886110440742674,1.0,1.0,108.92306199821178
0.025,3,680233354,0.0732226795881842,1.0,1.0,108.26530600024853
0.025,4,438466540,0.07478812220196816,1.0,1.0,108.30883600283414
0.025,5,1712329280,0.0693861458991215,1.0,1.0,108.12522200285457
0.025,6,1380152455,0.07019673583953456,1.0,1.0,108.50256899720989
0.025,7,1452245846,0.07441499707376385,1.0,1.0,108.54599700542167
0.025,8,2122694021,0.06924891351427338,1.0,1.0,108.07659199053887
0.025,9,839901363,0.07313471055194185,1.0,1.0,108.34668501047418
0.025,10,1802651552,0.07134894881873019,1.0,1.0,108.24326699366793
0.025,11,714712467,0.07310201917350509,1.0,1.0,108.51224600628484
0.025,12,1218704077,0.07079318439396552,1.0,1.0,108.13544499978889
0.025,13,1284858263,0.06853281057275663,1.0,1.0,108.64593599399086
0.025,14,457721135,0.07106122206342995,1.0,1.0,108.25304599711671
0.025,15,401008609,0.07255501648687135,1.0,1.0,108.33530499076005
0.025,16,492064534,0.07227340043402795,1.0,1.0,108.18074000417255
0.025,17,1444732602,0.07630241343190527,1.0,1.0,108.94768299476709
0.025,18,1317426686,0.06967936104443448,1.0,1.0,108.2651570031885
0.025,19,2022506251,0.0679381638496078,1.0,1.0,108.59222800354473
0.025,20,1516459118,0.06931692438041301,1.0,1.0,108.20889200840611
0.025,21,533103612,0.07194765836591141,1.0,1.0,108.28104399843141
0.025,22,1964759878,0.06583424127212324,1.0,1.0,108.47959399688989
0.025,23,2037706756,0.07239227475943343,1.0,1.0,108.437236995087
0.025,24,1572889065,0.07336715878123107,1.0,1.0,108.1936870032223
0.025,25,1432881518,0.07284473167465087,1.0,1.0,108.44840400386602
0.025,26,280516901,0.07691887929363984,1.0,1.0,108.34985699329991
0.025,27,205939248,0.07458321393002568,1.0,1.0,108.36568000377156
0.025,28,571904914,0.07359394843919892,1.0,1.0,108.26336000172887
0.025,29,948843457,0.07070832711616905,1.0,1.0,108.65531799208838
0.025,30,155492488,0.06997354678478084,1.0,1.0,108.23384000104852
0.025,31,1903701130,0.07423372133360673,1.0,1.0,108.21579299226869
0.025,32,1017961266,0.07319286004128055,1.0,1.0,108.45009998593014
0.025,33,1497769985,0.07096932881942147,1.0,1.0,108.26323300716467
0.025,34,456523489,0.07047809603117808,1.0,1.0,108.1967679929221
0.025,35,701095136,0.06593027862377222,1.0,1.0,108.33975399145856
0.025,36,249069576,0.07699358547708465,1.0,1.0,108.49273701023776
0.025,37,1576098728,0.07344178103923957,1.0,1.0,108.304922003299
0.025,38,1662748500,0.0748947331335202,1.0,1.0,108.43372900853865
0.025,39,472736216,0.07683761462198029,1.0,1.0,108.82410299382173
0.025,40,1535411295,0.07422547597920817,1.0,1.0,108.27201900247019
0.025,41,175223003,0.07303864178421968,1.0,1.0,108.5318129917141
0.025,42,840936862,0.07612473447766976,1.0,1.0,108.30175799492281
0.025,43,343373188,0.06894194979929903,1.0,1.0,111.3451669953065
0.025,44,1597751082,0.06885994711116042,1.0,1.0,108.56919300567824
0.025,45,730359585,0.06981625793756574,1.0,1.0,108.1871689966647
0.025,46,1016641002,0.07371741469676948,1.0,1.0,108.2759860000806
0.025,47,998994690,0.07310047063170322,1.0,1.0,108.23655300191604
0.025,48,1021240743,0.06914078411538266,1.0,1.0,108.32134100201074
0.025,49,572134801,0.07946423145729825,1.0,1.0,108.23955199157353
0.025,50,1198399760,0.06838096174268514,1.0,1.0,108.72126198955812
0.025,51,1751866485,0.07542157504908589,1.0,1.0,108.20800800865982
0.025,52,1070889713,0.06913608907071643,1.0,1.0,108.36504300823435
0.025,53,415096539,0.06724065081934555,1.0,1.0,108.23494500073139
0.025,54,52416235,0.0723584175254088,1.0,1.0,108.36421200656332
0.025,55,278032723,0.07115213085703141,1.0,1.0,108.4153419942595
0.025,56,174946158,0.07413477793770827,1.0,1.0,109.02795199945103
0.025,57,196848554,0.07689101368508504,1.0,1.0,108.3836350007914
0.025,58,263030910,0.0775661238428429,1.0,1.0,108.30838800757192
0.025,59,1285415020,0.07404170007126525,1.0,1.0,108.21213301096577
0.025,60,1733223444,0.06859913336824647,1.0,1.0,108.3298890007427
0.025,61,1835544261,0.06775937771036818,1.0,1.0,108.40687500603963
0.025,62,1403186970,0.06482323777896817,1.0,1.0,113.97310500615276
0.025,63,1291971777,0.07312202879890344,1.0,1.0,108.24989899992943
0.025,64,712292067,0.07389402792549869,1.0,1.0,108.32527300226502
0.025,65,2001429764,0.07405440890759486,1.0,1.0,108.52953800349496
0.025,66,1375664061,0.0687006180815928,1.0,1.0,109.09476899541914
0.025,67,1556456120,0.07457906404105745,1.0,1.0,108.62107200955506
0.025,68,1576053187,0.06898472951253862,1.0,1.0,108.01439400529489
0.025,69,1848019881,0.07452435150136341,1.0,1.0,108.42293599853292
0.025,70,1508652585,0.07393892361876543,1.0,1.0,108.28313400270417
0.025,71,1995737731,0.07212131843721332,1.0,1.0,108.36633598955814
0.025,72,1162788447,0.07671689584989315,1.0,1.0,108.45394100761041
0.025,73,1172925522,0.07289596295421306,1.0,1.0,108.20513400540221
0.025,74,539174575,0.07344312935277643,1.0,1.0,108.42123298789375
0.025,75,2013637345,0.07617969035110093,1.0,1.0,108.57850899628829
0.025,76,1187468716,0.07389814194476028,1.0,1.0,108.35813399171457
0.025,77,1062978506,0.06679777609286736,1.0,1.0,108.31098000926431
0.025,78,679326770,0.07355122683739955,1.0,1.0,131.539863999933
0.025,79,587923432,0.07239442114415341,1.0,1.0,108.4481260040775
0.025,80,1359889667,0.0698653404268051,1.0,1.0,122.58642599044833
0.025,81,970187386,0.07820360223043087,1.0,1.0,108.15046100469772
0.025,82,1219839873,0.07901642073442514,1.0,1.0,108.1062940065749
0.025,83,1428160212,0.07665315813259023,1.0,1.0,108.45899100240786
0.025,84,1930609499,0.07673395987084625,1.0,1.0,108.24303299887106
0.025,85,710582861,0.07140945392753599,1.0,1.0,108.3149490004871
0.025,86,1463614337,0.0741941794591719,1.0,1.0,108.33918600110337
0.025,87,1940152705,0.06972664232809482,1.0,1.0,108.24255899933632
0.025,88,985452196,0.07271382123476006,1.0,1.0,108.42593800043687
0.025,89,552062587,0.0738446628099903,1.0,1.0,108.39530800876673
0.025,90,623566272,0.06672537134532869,1.0,1.0,108.35605800093617
0.025,91,729775797,0.07479599969017947,1.0,1.0,108.29906800063327
0.025,92,1352536665,0.07669290398023956,1.0,1.0,108.45901000720914
0.025,93,555883440,0.0738080294800084,1.0,1.0,108.09107701061293
0.025,94,1801800003,0.07704136284497162,1.0,1.0,108.31905099621508
0.025,95,763315502,0.06838464488275137,1.0,1.0,108.28976701304782
0.025,96,138897982,0.07650761122743065,1.0,1.0,108.16347399668302
0.025,97,10785379,0.06933401867002124,1.0,1.0,108.38201199658215
0.025,98,53923185,0.07165810042273227,1.0,1.0,108.42071700608358
0.025,99,1349917978,0.080426410687177,0.0,0.0,108.35673499968834
0.026,0,1501552845,0.06708908546514955,1.0,1.0,108.62496800837107
0.026,1,488200390,0.06874375448306928,1.0,1.0,108.51230099797249
0.026,2,1693606510,0.07639782109015479,1.0,1.0,108.66998000710737
0.026,3,680233354,0.0732226795881842,1.0,1.0,108.57480300182942
0.026,4,438466540,0.07473336963255656,1.0,1.0,108.86511699936818
0.026,5,1712329280,0.0693861458991215,1.0,1.0,108.40040000039153
0.026,6,1380152455,0.0793284693588624,1.0,1.0,108.51515199465211
0.026,7,1452245846,0.07446689388156652,1.0,1.0,108.22495599859394
0.026,8,2122694021,0.06924891351427338,1.0,1.0,108.18767599994317
0.026,9,839901363,0.0753729803061236,1.0,1.0,108.88174299907405
0.026,10,1802651552,0.08131491481078844,0.0,0.0,108.45504299504682
0.026,11,714712467,0.0704031039254117,1.0,1.0,108.29186499177013
0.026,12,1218704077,0.07587233275854954,1.0,1.0,108.24796398810577
0.026,13,1284858263,0.06853281057275663,1.0,1.0,108.18804099108092
0.026,14,457721135,0.07724084074018615,1.0,1.0,108.45769799198024
0.026,15,401008609,0.07274022030208406,1.0,1.0,108.24379300174769
0.026,16,492064534,0.07227340043402795,1.0,1.0,108.91094799444545
0.026,17,1444732602,0.07128399402606063,1.0,1.0,108.19401300977916
0.026,18,1317426686,0.06967936104443448,1.0,1.0,108.1641400087392
0.026,19,2022506251,0.07398249772065615,1.0,1.0,108.13860999769531
0.026,20,1516459118,0.0664594631919204,1.0,1.0,108.38148200127762
0.026,21,533103612,0.07639526732981396,1.0,1.0,108.22143800032791
0.026,22,1964759878,0.06953334349955344,1.0,1.0,108.56298499857076
0.026,23,2037706756,0.07228694620500353,1.0,1.0,108.47308399388567
0.026,24,1572889065,0.07753387535664108,1.0,1.0,108.37149000144564
0.026,25,1432881518,0.06898058320507819,1.0,1.0,108.6350989935454
0.026,26,280516901,0.07075646913152617,1.0,1.0,108.68559099617414
0.026,27,205939248,0.07404829022336827,1.0,1.0,108.26391899900045
0.026,28,571904914,0.07391189272427455,1.0,1.0,108.27282899117563
0.026,29,948843457,0.07070832711616905,1.0,1.0,108.23530399648007
0.026,30,155492488,0.07722205859150846,1.0,1.0,108.29658999864478
0.026,31,1903701130,0.06680606574998768,1.0,1.0,108.02445199806243
0.026,32,1017961266,0.06642748689410789,1.0,1.0,108.22778200963512
0.026,33,1497769985,0.07096932881942147,1.0,1.0,108.25480600760784
0.026,34,456523489,0.07047809603117808,1.0,1.0,108.15038099826779
0.026,35,701095136,0.0739335525038925,1.0,1.0,108.23029300081544
0.026,36,249069576,0.07699358547708465,1.0,1.0,108.57962600130122
0.026,37,1576098728,0.07754975598772652,1.0,1.0,114.73925999598578
0.026,38,1662748500,0.06787380787446727,1.0,1.0,108.32874799962156
0.026,39,472736216,0.07063409460898136,1.0,1.0,108.2738950062776
0.026,40,1535411295,0.07422547597920817,1.0,1.0,108.24212599254679
0.026,41,175223003,0.07417770808983845,1.0,1.0,108.34668499592226
0.026,42,840936862,0.07007875339617137,1.0,1.0,108.24911200325005
0.026,43,343373188,0.073754283381237,1.0,1.0,115.22140300075989
0.026,44,1597751082,0.06885994711116042,1.0,1.0,108.1040590070188
0.026,45,730359585,0.06981625793756574,1.0,1.0,108.30243000236806
0.026,46,1016641002,0.0694943363896765,1.0,1.0,108.68267799378373
0.026,47,998994690,0.07067327803111874,1.0,1.0,108.0546500015771
0.026,48,1021240743,0.07033776070113043,1.0,1.0,108.31858699384611
0.026,49,572134801,0.0783423807451555,1.0,1.0,108.14659998868592
0.026,50,1198399760,0.06838096174268514,1.0,1.0,108.32256999856327
0.026,51,1751866485,0.0809221971869633,0.0,0.0,108.50178299006075
0.026,52,1070889713,0.07108750441503905,1.0,1.0,108.29156399995554
0.026,53,415096539,0.07588146199942428,1.0,1.0,108.30077300488483
0.026,54,52416235,0.06964978406661948,1.0,1.0,108.44434400496539
0.026,55,278032723,0.07549806394104387,1.0,1.0,108.19296100817155
0.026,56,174946158,0.07736334965972445,1.0,1.0,108.14901700359769
0.026,57,196848554,0.07558526839654273,1.0,1.0,108.06094399595167
0.026,58,263030910,0.07642282974477603,1.0,1.0,108.62133899354376
0.026,59,1285415020,0.07404170007126525,1.0,1.0,108.03985199891031
0.026,60,1733223444,0.06859913336824647,1.0,1.0,108.24065399356186
0.026,61,1835544261,0.07336140891848693,1.0,1.0,108.16620900004636
0.026,62,1403186970,0.07560978482147016,1.0,1.0,108.17583500465844
0.026,63,1291971777,0.07522034024881796,1.0,1.0,108.39757299982011
0.026,64,712292067,0.07389402792549869,1.0,1.0,108.23185599292628
0.026,65,2001429764,0.07358813568072504,1.0,1.0,108.15577300672885
0.026,66,1375664061,0.0687006180815928,1.0,1.0,108.24425199825782
0.026,67,1556456120,0.07457906404105745,1.0,1.0,108.22294499666896
0.026,68,1576053187,0.06958337289732766,1.0,1.0,108.3341850026045
0.026,69,1848019881,0.07452435150136341,1.0,1.0,108.13240701099858
0.026,70,1508652585,0.07066339442637772,1.0,1.0,108.0619380081771
0.026,71,1995737731,0.07212131843721332,1.0,1.0,108.32739699981175
0.026,72,1162788447,0.0833424409803205,0.0,0.0,108.39457598922309
0.026,73,1172925522,0.07289596295421306,1.0,1.0,108.33578900201246
0.026,74,539174575,0.07099226654433777,1.0,1.0,108.27477199200075
0.026,75,2013637345,0.06702122461806465,1.0,1.0,108.21124000358395
0.026,76,1187468716,0.08187507566602469,0.0,0.0,108.00942999776453
0.026,77,1062978506,0.0691344771505146,1.0,1.0,108.17076200328302
0.026,78,679326770,0.06978856264649301,1.0,1.0,108.35133100044914
0.026,79,587923432,0.07239442114415341,1.0,1.0,108.23320200142916
0.026,80,1359889667,0.0698653404268051,1.0,1.0,108.37453899148386
0.026,81,970187386,0.07424186793405695,1.0,1.0,108.11836400534958
0.026,82,1219839873,0.06822714825133487,1.0,1.0,108.16240699205082
0.026,83,1428160212,0.07579354422443821,1.0,1.0,108.41208499914501
0.026,84,1930609499,0.07206878817431234,1.0,1.0,108.32036200736184
0.026,85,710582861,0.06403142001340961,1.0,1.0,108.32973099604715
0.026,86,1463614337,0.07328340872574399,1.0,1.0,108.27517700090539
0.026,87,1940152705,0.06972664232809482,1.0,1.0,108.14325298997574
0.026,88,985452196,0.07271382123476006,1.0,1.0,108.57065599702764
0.026,89,552062587,0.07732762509739688,1.0,1.0,108.71662500721868
0.026,90,623566272,0.06672537134532869,1.0,1.0,108.25100100191776
0.026,91,729775797,0.07527386926833365,1.0,1.0,108.32525600562803
0.026,92,1352536665,0.08247444492038483,0.0,0.0,108.34990900184494
0.026,93,555883440,0.07345304234167144,1.0,1.0,108.23063299176283
0.026,94,1801800003,0.07309227078725146,1.0,1.0,108.19434699078556
0.026,95,763315502,0.07503633174557063,1.0,1.0,108.27874101232737
0.026,96,138897982,0.07650761122743065,1.0,1.0,108.11193801055197
0.026,97,10785379,0.06867696253198007,1.0,1.0,108.39502599264961
0.026,98,53923185,0.07165810042273227,1.0,1.0,108.31111799052451
0.026,99,1349917978,0.07636531694887384,1.0,1.0,108.30303200054914
0.027,0,1501552845,0.07108281754842168,1.0,1.0,108.52333100046962
0.027,1,488200390,0.07124367608775638,1.0,1.0,108.47382599604316
0.027,2,1693606510,0.0717224969681499,1.0,1.0,108.24756500369404
0.027,3,680233354,0.06905718831929183,1.0,1.0,108.24916200363077
0.027,4,438466540,0.07478812220196816,1.0,1.0,108.18367799220141
0.027,5,1712329280,0.0693861458991215,1.0,1.0,108.80482400534675
0.027,6,1380152455,0.077630337064529,1.0,1.0,108.20770999998786
0.027,7,1452245846,0.07193441529487431,1.0,1.0,108.0408650013851
0.027,8,2122694021,0.06924891351427338,1.0,1.0,108.46283000137191
0.027,9,839901363,0.06888504313978125,1.0,1.0,108.39130901149474
0.027,10,1802651552,0.07208484441253005,1.0,1.0,108.67626300023403
0.027,11,714712467,0.07447758512454337,1.0,1.0,108.9237830019556
0.027,12,1218704077,0.07644037481513101,1.0,1.0,108.54913700313773
0.027,13,1284858263,0.06853281057275663,1.0,1.0,108.23302400240209
0.027,14,457721135,0.07724084074018615,1.0,1.0,108.33519299922045
0.027,15,401008609,0.07969786209305499,1.0,1.0,108.45439399417955
0.027,16,492064534,0.07227340043402795,1.0,1.0,108.2742370053893
0.027,17,1444732602,0.07177677973047641,1.0,1.0,108.1377859954955
0.027,18,1317426686,0.06861572444101284,1.0,1.0,108.48697400069796
0.027,19,2022506251,0.07415469116956519,1.0,1.0,108.22902200743556
0.027,20,1516459118,0.0735935595496122,1.0,1.0,108.47238000133075
0.027,21,533103612,0.07681406215596909,1.0,1.0,122.79466600739397
0.027,22,1964759878,0.07157756864243245,1.0,1.0,108.24796800443437
0.027,23,2037706756,0.07235315068920857,1.0,1.0,108.61680000380147
0.027,24,1572889065,0.07474907635188627,1.0,1.0,108.09558499022387
0.027,25,1432881518,0.07284473167465087,1.0,1.0,108.39598999882583
0.027,26,280516901,0.07383199588390836,1.0,1.0,108.6844820092665
0.027,27,205939248,0.07263528545190404,1.0,1.0,108.09846199117601
0.027,28,571904914,0.07636225698293608,1.0,1.0,108.32008100987878
0.027,29,948843457,0.06948159298249676,1.0,1.0,109.14707600022666
0.027,30,155492488,0.07610501871006743,1.0,1.0,108.11750800348818
0.027,31,1903701130,0.07387008119987115,1.0,1.0,108.12114999862388
0.027,32,1017961266,0.0732726805649079,1.0,1.0,108.46460399625357
0.027,33,1497769985,0.07096932881942147,1.0,1.0,108.43234400090296
0.027,34,456523489,0.07047809603117808,1.0,1.0,108.24520999449305
0.027,35,701095136,0.07260363963866054,1.0,1.0,108.23300799529534
0.027,36,249069576,0.07699358547708465,1.0,1.0,108.33959399315063
0.027,37,1576098728,0.07233247618274707,1.0,1.0,113.80497699428815
0.027,38,1662748500,0.07821914226340373,1.0,1.0,108.06429699005093
0.027,39,472736216,0.0723498334709498,1.0,1.0,108.28333901008591
0.027,40,1535411295,0.07422547597920817,1.0,1.0,108.32960699917749
0.027,41,175223003,0.07417770808983845,1.0,1.0,108.59572599292733
0.027,42,840936862,0.07381779961611756,1.0,1.0,109.16962099145167
0.027,43,343373188,0.073754283381237,1.0,1.0,108.37281199928839
0.027,44,1597751082,0.06885994711116042,1.0,1.0,108.36504799954128
0.027,45,730359585,0.06981625793756574,1.0,1.0,110.08841999864671
0.027,46,1016641002,0.07091068028207126,1.0,1.0,108.35621099977288
0.027,47,998994690,0.07286807390518121,1.0,1.0,108.24711799796205
0.027,48,1021240743,0.07067102585148852,1.0,1.0,108.3390940038953
0.027,49,572134801,0.0765448229125978,1.0,1.0,108.49066800437868
0.027,50,1198399760,0.06838096174268514,1.0,1.0,108.70861199509818
0.027,51,1751866485,0.07769358135543485,1.0,1.0,119.74911099241581
0.027,52,1070889713,0.07108750441503905,1.0,1.0,112.79875799664296
0.027,53,415096539,0.0725199293326791,1.0,1.0,108.15285200078506
0.027,54,52416235,0.06896730810951922,1.0,1.0,111.50358100712765
0.027,55,278032723,0.07549806394104387,1.0,1.0,108.54999299044721
0.027,56,174946158,0.0741471405238929,1.0,1.0,108.30797099333722
0.027,57,196848554,0.07547728092712519,1.0,1.0,108.1557720026467
0.027,58,263030910,0.07630967226482471,1.0,1.0,108.50370899424888
0.027,59,1285415020,0.07404170007126525,1.0,1.0,108.14626100182068
0.027,60,1733223444,0.06859913336824647,1.0,1.0,108.23894599161576
0.027,61,1835544261,0.07125236322491975,1.0,1.0,108.40237600496039
0.027,62,1403186970,0.07085351270204722,1.0,1.0,108.53145898727234
0.027,63,1291971777,0.07798929585846835,1.0,1.0,108.45328899449669
0.027,64,712292067,0.07389402792549869,1.0,1.0,108.9708689978579
0.027,65,2001429764,0.0766972597852117,1.0,1.0,108.26257099688519
0.027,66,1375664061,0.0687006180815928,1.0,1.0,108.44276199350134
0.027,67,1556456120,0.07309740438179377,1.0,1.0,108.47247600031551
0.027,68,1576053187,0.06958337289732766,1.0,1.0,108.79374800424557
0.027,69,1848019881,0.07452435150136341,1.0,1.0,108.42853799113072
0.027,70,1508652585,0.06884359246177238,1.0,1.0,109.17033599980641
0.027,71,1995737731,0.07212131843721332,1.0,1.0,108.66902599809691
0.027,72,1162788447,0.06815825911807527,1.0,1.0,108.32510500040371
0.027,73,1172925522,0.07289596295421306,1.0,1.0,108.35781300556846
0.027,74,539174575,0.0742180047982752,1.0,1.0,109.01779300183989
0.027,75,2013637345,0.07972244277980295,1.0,1.0,108.20996999973431
0.027,76,1187468716,0.07746125057664266,1.0,1.0,108.21649800345767
0.027,77,1062978506,0.07372536019252184,1.0,1.0,126.54819300223608
0.027,78,679326770,0.0747690224254726,1.0,1.0,108.32025301351678
0.027,79,587923432,0.07239442114415341,1.0,1.0,108.67148500983603
0.027,80,1359889667,0.0698653404268051,1.0,1.0,126.17808100185357
0.027,81,970187386,0.07889108584676216,1.0,1.0,110.4967199935345
0.027,82,1219839873,0.07905853931306965,1.0,1.0,115.20403699250892
0.027,83,1428160212,0.06668502352499178,1.0,1.0,108.27485700428952
0.027,84,1930609499,0.07752352509882518,1.0,1.0,108.33216499304399
0.027,85,710582861,0.07140945392753599,1.0,1.0,108.47137699602172
0.027,86,1463614337,0.07338560574588056,1.0,1.0,117.78566100110766
0.027,87,1940152705,0.06972664232809482,1.0,1.0,108.34827099461108
0.027,88,985452196,0.06849297197998747,1.0,1.0,108.87410001305398
0.027,89,552062587,0.07862124886673985,1.0,1.0,108.92423000768758
0.027,90,623566272,0.06672537134532869,1.0,1.0,108.28141000820324
0.027,91,729775797,0.07478589270201487,1.0,1.0,108.29092499625403
0.027,92,1352536665,0.07717486532506342,1.0,1.0,108.40903699863702
0.027,93,555883440,0.07389049188364455,1.0,1.0,108.34866399818566
0.027,94,1801800003,0.07673932102292345,1.0,1.0,108.17730100825429
0.027,95,763315502,0.06998897730206342,1.0,1.0,108.39858200051822
0.027,96,138897982,0.07299143574903685,1.0,1.0,108.26955300581176
0.027,97,10785379,0.06933401867002124,1.0,1.0,108.4505679900758
0.027,98,53923185,0.07165810042273227,1.0,1.0,108.36818699317519
0.027,99,1349917978,0.07694897049775862,1.0,1.0,119.56837300385814
0.028,0,1501552845,0.07829277145136646,1.0,1.0,108.48953301319852
0.028,1,488200390,0.07817871654079966,1.0,1.0,108.29958799877204
0.028,2,1693606510,0.069411164298889,1.0,1.0,108.04939300578553
0.028,3,680233354,0.0732226795881842,1.0,1.0,108.27829399204347
0.028,4,438466540,0.07478812220196816,1.0,1.0,108.23665300267749
0.028,5,1712329280,0.0693861458991215,1.0,1.0,108.21093499544077
0.028,6,1380152455,0.06925528107308855,1.0,1.0,108.2402199972421
0.028,7,1452245846,0.07501207585772214,1.0,1.0,108.20081700512674
0.028,8,2122694021,0.06924891351427338,1.0,1.0,108.53495800984092
0.028,9,839901363,0.06569955068824876,1.0,1.0,108.16077100753319
0.028,10,1802651552,0.0728626256197254,1.0,1.0,108.30573699786328
0.028,11,714712467,0.08082817867028225,0.0,0.0,108.84966100275051
0.028,12,1218704077,0.07177652903108364,1.0,1.0,108.13919000793248
0.028,13,1284858263,0.06853281057275663,1.0,1.0,108.86237700469792
0.028,14,457721135,0.06890511042567188,1.0,1.0,108.20068400062155
0.028,15,401008609,0.0799661103511291,1.0,1.0,108.78801699436735
0.028,16,492064534,0.07227340043402795,1.0,1.0,108.21021800802555
0.028,17,1444732602,0.07868862255524557,1.0,1.0,108.19530099979602
0.028,18,1317426686,0.06967936104443448,1.0,1.0,108.34903900104109
0.028,19,2022506251,0.07340080118315852,1.0,1.0,108.11932700744364
0.028,20,1516459118,0.07470140992682177,1.0,1.0,108.08200099563692
0.028,21,533103612,0.07681406215596909,1.0,1.0,112.13651699654292
0.028,22,1964759878,0.07278033809212806,1.0,1.0,108.23573099332862
0.028,23,2037706756,0.0749637068526156,1.0,1.0,108.44289899978321
0.028,24,1572889065,0.06323355504177433,1.0,1.0,108.34286200406495
0.028,25,1432881518,0.07054710585714521,1.0,1.0,108.23334399901796
0.028,26,280516901,0.08025516627954428,0.0,0.0,108.0683619948104
0.028,27,205939248,0.07458321393002568,1.0,1.0,108.12789299234282
0.028,28,571904914,0.07636225698293608,1.0,1.0,108.38047599827405
0.028,29,948843457,0.06307292953784507,1.0,1.0,108.21826000756118
0.028,30,155492488,0.08045578221314718,0.0,0.0,108.2765089959139
0.028,31,1903701130,0.07423372133360673,1.0,1.0,108.29007299616933
0.028,32,1017961266,0.0732726805649079,1.0,1.0,108.12832599913236
0.028,33,1497769985,0.07096932881942147,1.0,1.0,108.16550599702168
0.028,34,456523489,0.07047809603117808,1.0,1.0,108.11411899339873
0.028,35,701095136,0.07100946373184337,1.0,1.0,108.39081001176964
0.028,36,249069576,0.07699358547708465,1.0,1.0,108.28325799957383
0.028,37,1576098728,0.07758782598007599,1.0,1.0,108.35344700899441
0.028,38,1662748500,0.07762365122007889,1.0,1.0,108.29288300010376
0.028,39,472736216,0.06879393540940094,1.0,1.0,108.26102599094156
0.028,40,1535411295,0.07249703697281859,1.0,1.0,108.11451201152522
0.028,41,175223003,0.06452909949488726,1.0,1.0,107.99255801248364
0.028,42,840936862,0.07494180458542508,1.0,1.0,108.18084199854638
0.028,43,343373188,0.073754283381237,1.0,1.0,108.5497710009804
0.028,44,1597751082,0.06885994711116042,1.0,1.0,108.07672899682075
0.028,45,730359585,0.06981625793756574,1.0,1.0,111.21205899689812
0.028,46,1016641002,0.07807090176483743,1.0,1.0,108.39704899990465
0.028,47,998994690,0.07310047063170322,1.0,1.0,108.30160199839156
0.028,48,1021240743,0.07067102585148852,1.0,1.0,108.17263800709043
0.028,49,572134801,0.07476365905228179,1.0,1.0,108.3006199914962
0.028,50,1198399760,0.06838096174268514,1.0,1.0,108.54569298680872
0.028,51,1751866485,0.07645051852335702,1.0,1.0,108.26927699963562
0.028,52,1070889713,0.07108750441503905,1.0,1.0,108.31077500188258
0.028,53,415096539,0.07588146199942428,1.0,1.0,108.3736940054223
0.028,54,52416235,0.07230512136807085,1.0,1.0,108.4280879877042
0.028,55,278032723,0.07322439916434109,1.0,1.0,108.28303299786057
0.028,56,174946158,0.07467357937928404,1.0,1.0,108.24855499959085
0.028,57,196848554,0.07155618180235668,1.0,1.0,108.2342570007313
0.028,58,263030910,0.07560473103646143,1.0,1.0,108.74515899922699
0.028,59,1285415020,0.07404170007126525,1.0,1.0,108.26620699663181
0.028,60,1733223444,0.06859913336824647,1.0,1.0,108.62900799838826
0.028,61,1835544261,0.0764485517728658,1.0,1.0,108.42375499487389
0.028,62,1403186970,0.07131755103298165,1.0,1.0,108.60760899959132
0.028,63,1291971777,0.0787894840025936,1.0,1.0,108.25384300551377
0.028,64,712292067,0.07186231379483889,1.0,1.0,108.46427400247194
0.028,65,2001429764,0.07418351184755478,1.0,1.0,108.12475199054461
0.028,66,1375664061,0.0687006180815928,1.0,1.0,115.48314300307538
0.028,67,1556456120,0.07457906404105745,1.0,1.0,108.16245999012608
0.028,68,1576053187,0.06958337289732766,1.0,1.0,108.32889999437612
0.028,69,1848019881,0.07452435150136341,1.0,1.0,108.41626199544407
0.028,70,1508652585,0.07381150581591976,1.0,1.0,108.57440400286578
0.028,71,1995737731,0.07212131843721332,1.0,1.0,108.19675399397966
0.028,72,1162788447,0.08166850035881634,0.0,0.0,109.83823699643835
0.028,73,1172925522,0.07127591376285469,1.0,1.0,108.88276700279675
0.028,74,539174575,0.0742180047982752,1.0,1.0,109.10715199133847
0.028,75,2013637345,0.07722197490945386,1.0,1.0,108.44631399959326
0.028,76,1187468716,0.07847622134487275,1.0,1.0,108.34955000609625
0.028,77,1062978506,0.08032342999929175,0.0,0.0,135.14429099450354
0.028,78,679326770,0.07635651346250066,1.0,1.0,108.31482301000506
0.028,79,587923432,0.07109644723108319,1.0,1.0,108.42384600255173
0.028,80,1359889667,0.0698653404268051,1.0,1.0,128.71660701057408
0.028,81,970187386,0.07889108584676216,1.0,1.0,108.34883200004697
0.028,82,1219839873,0.07812323389445354,1.0,1.0,108.1384979916038
0.028,83,1428160212,0.08165732302796445,0.0,0.0,109.04944098729175
0.028,84,1930609499,0.07543438137226717,1.0,1.0,108.28537099587265
0.028,85,710582861,0.07053119853450848,1.0,1.0,108.3424929965986
0.028,86,1463614337,0.07324241335680644,1.0,1.0,108.37334900861606
0.028,87,1940152705,0.06972664232809482,1.0,1.0,108.13365400827024
0.028,88,985452196,0.06983072781016778,1.0,1.0,108.28167900035623
0.028,89,552062587,0.07862124886673985,1.0,1.0,108.38784799852874
0.028,90,623566272,0.06672537134532869,1.0,1.0,108.17464799038135
0.028,91,729775797,0.07527386926833365,1.0,1.0,108.91744199034292
0.028,92,1352536665,0.07154382315309082,1.0,1.0,108.3134539949242
0.028,93,555883440,0.07302581559500497,1.0,1.0,108.29044099955354
0.028,94,1801800003,0.07494795279848158,1.0,1.0,108.19816000002902
0.028,95,763315502,0.06578385836190527,1.0,1.0,111.4891519973753
0.028,96,138897982,0.07650761122743065,1.0,1.0,108.55384499882348
0.028,97,10785379,0.06933401867002124,1.0,1.0,109.2809769907035
0.028,98,53923185,0.07165810042273227,1.0,1.0,108.47136199299712
0.028,99,1349917978,0.07214902632009323,1.0,1.0,126.2231709988555
0.029,0,1501552845,0.07412304641868148,1.0,1.0,108.37801000161562
0.029,1,488200390,0.07414116142036313,1.0,1.0,108.13393798889592
0.029,2,1693606510,0.07515056964656705,1.0,1.0,108.20929199689999
0.029,3,680233354,0.07042126724442681,1.0,1.0,108.7957409908995
0.029,4,438466540,0.07478812220196816,1.0,1.0,108.1826190056745
0.029,5,1712329280,0.0693861458991215,1.0,1.0,108.31379600858781
0.029,6,1380152455,0.07712270400138778,1.0,1.0,108.13114099437371
0.029,7,1452245846,0.07506448513510698,1.0,1.0,113.43500801012851
0.029,8,2122694021,0.06614117064439029,1.0,1.0,108.48677200556267
0.029,9,839901363,0.07060463482954006,1.0,1.0,108.35681900789496
0.029,10,1802651552,0.06903820466485847,1.0,1.0,108.27398899709806
0.029,11,714712467,0.078397590419399,1.0,1.0,108.39546599891037
0.029,12,1218704077,0.07548245987295012,1.0,1.0,108.92367600172292
0.029,13,1284858263,0.06853281057275663,1.0,1.0,108.49732800852507
0.029,14,457721135,0.0729848528022359,1.0,1.0,108.43355300312396
0.029,15,401008609,0.07090212954171972,1.0,1.0,108.25053899316117
0.029,16,492064534,0.07227340043402795,1.0,1.0,108.1675329915015
0.029,17,1444732602,0.06515565913833746,1.0,1.0,108.15901200112421
0.029,18,1317426686,0.06967936104443448,1.0,1.0,108.23797600460239
0.029,19,2022506251,0.0793948282855058,1.0,1.0,108.48064201127272
0.029,20,1516459118,0.06853508127646481,1.0,1.0,113.38540499855299
0.029,21,533103612,0.07088523544727315,1.0,1.0,108.62665000604466
0.029,22,1964759878,0.07096486924025193,1.0,1.0,108.4239530027844
0.029,23,2037706756,0.07224781067977679,1.0,1.0,108.13812099513598
0.029,24,1572889065,0.0727945792149075,1.0,1.0,108.29565500898752
0.029,25,1432881518,0.07284473167465087,1.0,1.0,108.4680399944773
0.029,26,280516901,0.07679177007273263,1.0,1.0,108.53343999770004
0.029,27,205939248,0.07458321393002568,1.0,1.0,108.08384499978274
0.029,28,571904914,0.07162877916697737,1.0,1.0,108.33126999204978
0.029,29,948843457,0.07070832711616905,1.0,1.0,108.37576199264731
0.029,30,155492488,0.07484391933083998,1.0,1.0,108.0496829963522
0.029,31,1903701130,0.06700124150301322,1.0,1.0,108.36028499761596
0.029,32,1017961266,0.06887535649171647,1.0,1.0,108.37265200098045
0.029,33,1497769985,0.07096932881942147,1.0,1.0,108.20390499429777
0.029,34,456523489,0.07047809603117808,1.0,1.0,108.08116600674111
0.029,35,701095136,0.07095068140590488,1.0,1.0,108.50239898718428
0.029,36,249069576,0.06790271374202399,1.0,1.0,108.32653800025582
0.029,37,1576098728,0.06853204860685627,1.0,1.0,108.40483200445306
0.029,38,1662748500,0.07371401328780489,1.0,1.0,108.2967560068937
0.029,39,472736216,0.0719622621751093,1.0,1.0,108.22115099290386
0.029,40,1535411295,0.07422547597920817,1.0,1.0,108.30594500293955
0.029,41,175223003,0.07353781644053703,1.0,1.0,108.26680299942382
0.029,42,840936862,0.07345342908092706,1.0,1.0,108.40938999899663
0.029,43,343373188,0.073754283381237,1.0,1.0,108.15764800645411
0.029,44,1597751082,0.06885994711116042,1.0,1.0,112.96754999784753
0.029,45,730359585,0.06981625793756574,1.0,1.0,108.29532300704159
0.029,46,1016641002,0.07875947977950504,1.0,1.0,108.39429299812764
0.029,47,998994690,0.07310047063170322,1.0,1.0,108.24768399470486
0.029,48,1021240743,0.07067102585148852,1.0,1.0,108.18441599258222
0.029,49,572134801,0.07946423145729825,1.0,1.0,108.6870959989028
0.029,50,1198399760,0.06838096174268514,1.0,1.0,108.19430400442798
0.029,51,1751866485,0.07264417609263712,1.0,1.0,108.48451299534645
0.029,52,1070889713,0.07108750441503905,1.0,1.0,110.22346399840899
0.029,53,415096539,0.07588146199942428,1.0,1.0,108.45304200483952
0.029,54,52416235,0.0723817320642095,1.0,1.0,108.17787201085594
0.029,55,278032723,0.07407471145160839,1.0,1.0,108.22982399258763
0.029,56,174946158,0.07666798460602231,1.0,1.0,108.37084701051936
0.029,57,196848554,0.06561131413280699,1.0,1.0,108.93253800168168
0.029,58,263030910,0.07147717848812285,1.0,1.0,108.28052599390503
0.029,59,1285415020,0.07404170007126525,1.0,1.0,108.23656100546941
0.029,60,1733223444,0.06859913336824647,1.0,1.0,108.40395999548491
0.029,61,1835544261,0.07226611008637124,1.0,1.0,114.92993700085208
0.029,62,1403186970,0.07560978482147016,1.0,1.0,108.48963100579567
0.029,63,1291971777,0.07986803820189138,1.0,1.0,108.68851000850555
0.029,64,712292067,0.07389402792549869,1.0,1.0,108.49544800294098
0.029,65,2001429764,0.07527315381594714,1.0,1.0,109.46404200512916
0.029,66,1375664061,0.0687006180815928,1.0,1.0,110.4469409910962
0.029,67,1556456120,0.07056040684061204,1.0,1.0,112.46844100242015
0.029,68,1576053187,0.06958337289732766,1.0,1.0,108.71077299816534
0.029,69,1848019881,0.0741210131433085,1.0,1.0,108.17749900161289
0.029,70,1508652585,0.07393892361876543,1.0,1.0,108.48414999782108
0.029,71,1995737731,0.07212131843721332,1.0,1.0,108.00403000030201
0.029,72,1162788447,0.0784431900607146,1.0,1.0,108.42521399899852
0.029,73,1172925522,0.07289596295421306,1.0,1.0,108.32522899727337
0.029,74,539174575,0.0742180047982752,1.0,1.0,108.45675399468746
0.029,75,2013637345,0.06953780072900907,1.0,1.0,108.23571099899709
0.029,76,1187468716,0.07881016614685614,1.0,1.0,136.1112369922921
0.029,77,1062978506,0.08068206443438537,0.0,0.0,108.34848700324073
0.029,78,679326770,0.07820583423203324,1.0,1.0,108.37113299930934
0.029,79,587923432,0.07239442114415341,1.0,1.0,112.75514899170958
0.029,80,1359889667,0.0698653404268051,1.0,1.0,108.26582400477491
0.029,81,970187386,0.07889108584676216,1.0,1.0,108.28050199779682
0.029,82,1219839873,0.07462778245123125,1.0,1.0,108.26131899375468
0.029,83,1428160212,0.07817090769410058,1.0,1.0,109.27992498909589
0.029,84,1930609499,0.07393572385626546,1.0,1.0,108.46846400818322
0.029,85,710582861,0.07140945392753599,1.0,1.0,108.36749599548057
0.029,86,1463614337,0.07703848030481512,1.0,1.0,108.08118499699049
0.029,87,1940152705,0.06972664232809482,1.0,1.0,108.26659799204208
0.029,88,985452196,0.07271382123476006,1.0,1.0,109.00031500204932
0.029,89,552062587,0.07862124886673985,1.0,1.0,108.74338200665079
0.029,90,623566272,0.06672537134532869,1.0,1.0,108.58888999791816
0.029,91,729775797,0.07274170436013729,1.0,1.0,108.2468459935626
0.029,92,1352536665,0.07036346919649865,1.0,1.0,108.36782900150865
0.029,93,555883440,0.07285291774187466,1.0,1.0,108.19661999994423
0.029,94,1801800003,0.08072884315549428,0.0,0.0,108.29294798895717
0.029,95,763315502,0.06811426225994476,1.0,1.0,108.75641199527308
0.029,96,138897982,0.0679418381400077,1.0,1.0,108.4020969865378
0.029,97,10785379,0.06933401867002124,1.0,1.0,108.3715689892415
0.029,98,53923185,0.07165810042273227,1.0,1.0,108.34445799991954
0.029,99,1349917978,0.07954780835633977,1.0,1.0,148.869745011325
0.03,0,1501552845,0.0778053494671475,1.0,1.0,108.21678600041196
0.03,1,488200390,0.0773232815969388,1.0,1.0,108.17789399879985
0.03,2,1693606510,0.07709495416255542,1.0,1.0,108.9162709977245
0.03,3,680233354,0.0732226795881842,1.0,1.0,108.42941000009887
0.03,4,438466540,0.07243648966433265,1.0,1.0,108.18440999719314
0.03,5,1712329280,0.0693861458991215,1.0,1.0,108.28038200270385
0.03,6,1380152455,0.0739550395711041,1.0,1.0,108.57245700026397
0.03,7,1452245846,0.07713756105414504,1.0,1.0,108.2677899976261
0.03,8,2122694021,0.06924891351427338,1.0,1.0,108.59112099569757
0.03,9,839901363,0.07583157898610016,1.0,1.0,108.39763499097899
0.03,10,1802651552,0.07663793659808349,1.0,1.0,108.39571298856754
0.03,11,714712467,0.06908371820600916,1.0,1.0,109.04654698970262
0.03,12,1218704077,0.07603303164151848,1.0,1.0,108.2031740079401
0.03,13,1284858263,0.06853281057275663,1.0,1.0,108.44792101124767
0.03,14,457721135,0.07473330368208243,1.0,1.0,108.76337700756267
0.03,15,401008609,0.07431830184887775,1.0,1.0,108.36982699402142
0.03,16,492064534,0.07227340043402795,1.0,1.0,108.2561349903699
0.03,17,1444732602,0.07472921619377247,1.0,1.0,108.26333399745636
0.03,18,1317426686,0.06672581493665755,1.0,1.0,108.16160800459329
0.03,19,2022506251,0.07716904463367778,1.0,1.0,108.35224100446794
0.03,20,1516459118,0.07280124303632178,1.0,1.0,108.82886800391134
0.03,21,533103612,0.07008647412982505,1.0,1.0,108.78133699588943
0.03,22,1964759878,0.06671613285594152,1.0,1.0,108.91856100352015
0.03,23,2037706756,0.07796353127392484,1.0,1.0,108.23389800498262
0.03,24,1572889065,0.0734176200774412,1.0,1.0,108.34478499600664
0.03,25,1432881518,0.07284473167465087,1.0,1.0,108.3538839884568
0.03,26,280516901,0.07417362738370512,1.0,1.0,108.85960400628392
0.03,27,205939248,0.07458321393002568,1.0,1.0,108.24844500166364
0.03,28,571904914,0.07025606744315123,1.0,1.0,108.46848400251474
0.03,29,948843457,0.07070832711616905,1.0,1.0,109.48365599324461
0.03,30,155492488,0.07741418792625149,1.0,1.0,117.66892000741791
0.03,31,1903701130,0.07142111754992846,1.0,1.0,108.5420029994566
0.03,32,1017961266,0.0732726805649079,1.0,1.0,116.36404599994421
0.03,33,1497769985,0.07070115958629596,1.0,1.0,108.48332601017319
0.03,34,456523489,0.0694281608374961,1.0,1.0,114.27238000032958
0.03,35,701095136,0.0739335525038925,1.0,1.0,108.25427201052662
0.03,36,249069576,0.07629384651144688,1.0,1.0,108.63139700086322
0.03,37,1576098728,0.0792775792358848,1.0,1.0,108.1715599866584
0.03,38,1662748500,0.07651794868090779,1.0,1.0,108.38290399988182
0.03,39,472736216,0.0777601055895334,1.0,1.0,108.13568100275006
0.03,40,1535411295,0.07422547597920817,1.0,1.0,108.300923006027
0.03,41,175223003,0.07417770808983845,1.0,1.0,113.76854999980424
0.03,42,840936862,0.07435967669790135,1.0,1.0,108.16546699788887
0.03,43,343373188,0.073754283381237,1.0,1.0,112.91645500750747
0.03,44,1597751082,0.06885994711116042,1.0,1.0,108.28094200405758
0.03,45,730359585,0.06981625793756574,1.0,1.0,108.25601300166454
0.03,46,1016641002,0.07808222378526548,1.0,1.0,108.23627701029181
0.03,47,998994690,0.07310047063170322,1.0,1.0,108.23681300098542
0.03,48,1021240743,0.07067102585148852,1.0,1.0,108.595150988549
0.03,49,572134801,0.07661747310582888,1.0,1.0,108.17487401072867
0.03,50,1198399760,0.06838096174268514,1.0,1.0,108.50785599905066
0.03,51,1751866485,0.07740154102406,1.0,1.0,108.43005799688399
0.03,52,1070889713,0.07108750441503905,1.0,1.0,108.43861498869956
0.03,53,415096539,0.07236481965797506,1.0,1.0,108.2962850050535
0.03,54,52416235,0.07061847178506887,1.0,1.0,108.39373400085606
0.03,55,278032723,0.07549806394104387,1.0,1.0,108.28408000816125
0.03,56,174946158,0.08016861324031885,0.0,0.0,108.94558898871765
0.03,57,196848554,0.07347617341090022,1.0,1.0,108.40482299681753
0.03,58,263030910,0.06750069938561057,1.0,1.0,108.4977889986476
0.03,59,1285415020,0.07404170007126525,1.0,1.0,108.6586589954095
0.03,60,1733223444,0.06859913336824647,1.0,1.0,108.2461509940913
0.03,61,1835544261,0.07110712979403089,1.0,1.0,108.33690399886109
0.03,62,1403186970,0.07560978482147016,1.0,1.0,108.23682800401002
0.03,63,1291971777,0.07243561333710596,1.0,1.0,108.334841002943
0.03,64,712292067,0.07389402792549869,1.0,1.0,109.2856900068
0.03,65,2001429764,0.0766972597852117,1.0,1.0,108.18834901147056
0.03,66,1375664061,0.0687006180815928,1.0,1.0,108.42678000335582
0.03,67,1556456120,0.06734658222209651,1.0,1.0,108.43585700786207
0.03,68,1576053187,0.06958337289732766,1.0,1.0,108.84333899593912
0.03,69,1848019881,0.07218405089873267,1.0,1.0,108.40450799150858
0.03,70,1508652585,0.07393892361876543,1.0,1.0,108.37224200076889
0.03,71,1995737731,0.07212131843721332,1.0,1.0,108.84464599075727
0.03,72,1162788447,0.06977878553901495,1.0,1.0,108.41463500401005
0.03,73,1172925522,0.07081524503349479,1.0,1.0,108.12181100482121
0.03,74,539174575,0.07307274535261758,1.0,1.0,108.32835800829343
0.03,75,2013637345,0.07268984638766755,1.0,1.0,125.09906200284604
0.03,76,1187468716,0.07390550176125751,1.0,1.0,108.45795599743724
0.03,77,1062978506,0.07690176926909484,1.0,1.0,108.7911930080736
0.03,78,679326770,0.07357710722574143,1.0,1.0,133.83381899620872
0.03,79,587923432,0.07239442114415341,1.0,1.0,108.52801500004716
0.03,80,1359889667,0.0698653404268051,1.0,1.0,108.2932089921087
0.03,81,970187386,0.0731520083195373,1.0,1.0,108.24924400367308
0.03,82,1219839873,0.07201921261699852,1.0,1.0,108.32251299871132
0.03,83,1428160212,0.0780400481149999,1.0,1.0,108.44463598914444
0.03,84,1930609499,0.07816933963588973,1.0,1.0,108.24637599580456
0.03,85,710582861,0.07140945392753599,1.0,1.0,108.53495501214638
0.03,86,1463614337,0.0772848537558979,1.0,1.0,108.30628499388695
0.03,87,1940152705,0.06972664232809482,1.0,1.0,108.47393899166491
0.03,88,985452196,0.07271382123476006,1.0,1.0,108.28898099134676
0.03,89,552062587,0.07190562480967597,1.0,1.0,108.52276399964467
0.03,90,623566272,0.06672537134532869,1.0,1.0,108.5418289876543
0.03,91,729775797,0.0746156632469929,1.0,1.0,108.15224000543822
0.03,92,1352536665,0.0735059196008259,1.0,1.0,108.3426090044668
0.03,93,555883440,0.07389049188364455,1.0,1.0,108.65338500298094
0.03,94,1801800003,0.0718793089977848,1.0,1.0,108.79389500769321
0.03,95,763315502,0.07217421740195956,1.0,1.0,108.54376800125465
0.03,96,138897982,0.07650761122743065,1.0,1.0,108.3031989983283
0.03,97,10785379,0.06933401867002124,1.0,1.0,113.05194400483742
0.03,98,53923185,0.07165810042273227,1.0,1.0,108.14859099627938
0.03,99,1349917978,0.08211577450945674,0.0,0.0,108.31714600499254
0.031,0,1501552845,0.07616453974571447,1.0,1.0,108.23110600176733
0.031,1,488200390,0.06818243470949337,1.0,1.0,108.77615799836349
0.031,2,1693606510,0.07718269841271397,1.0,1.0,108.10370401304681
0.031,3,680233354,0.06986412970671804,1.0,1.0,108.42231201240793
0.031,4,438466540,0.07478812220196816,1.0,1.0,108.57009299797937
0.031,5,1712329280,0.0708426478272033,1.0,1.0,109.7370469942689
0.031,6,1380152455,0.07630975721026692,1.0,1.0,108.26276399893686
0.031,7,1452245846,0.07713756105414504,1.0,1.0,108.82024499005638
0.031,8,2122694021,0.06924891351427338,1.0,1.0,108.64306899020448
0.031,9,839901363,0.07357415792982315,1.0,1.0,108.10482400120236
0.031,10,1802651552,0.07565281232692031,1.0,1.0,108.40579999785405
0.031,11,714712467,0.07262461069926734,1.0,1.0,108.49252699699719
0.031,12,1218704077,0.07334506963684773,1.0,1.0,108.33867298788391
0.031,13,1284858263,0.06853281057275663,1.0,1.0,108.32594700332265
0.031,14,457721135,0.06957231453385519,1.0,1.0,108.23359299683943
0.031,15,401008609,0.08187706812337908,0.0,0.0,108.41163599980064
0.031,16,492064534,0.07227340043402795,1.0,1.0,108.19424899818841
0.031,17,1444732602,0.07526851839041938,1.0,1.0,111.84370701084845
0.031,18,1317426686,0.06967936104443448,1.0,1.0,108.19349200755823
0.031,19,2022506251,0.07593919138865352,1.0,1.0,108.15823699522298
0.031,20,1516459118,0.07470140992682177,1.0,1.0,108.4787099971436
0.031,21,533103612,0.07049624690981494,1.0,1.0,108.1464960006997
0.031,22,1964759878,0.07278033809212806,1.0,1.0,108.47710100642871
0.031,23,2037706756,0.06947645192969848,1.0,1.0,108.45747000712436
0.031,24,1572889065,0.0756734301885843,1.0,1.0,108.71547799615655
0.031,25,1432881518,0.06053880765531468,1.0,1.0,108.09344699373469
0.031,26,280516901,0.073215019552695,1.0,1.0,108.25672499777284
0.031,27,205939248,0.07458321393002568,1.0,1.0,108.20764700474683
0.031,28,571904914,0.07636225698293608,1.0,1.0,108.480758004589
0.031,29,948843457,0.07070832711616905,1.0,1.0,108.29729700344615
0.031,30,155492488,0.0798127936663999,1.0,1.0,108.16777400032151
0.031,31,1903701130,0.07312147052207142,1.0,1.0,108.52254799101502
0.031,32,1017961266,0.0732726805649079,1.0,1.0,112.56689099536743
0.031,33,1497769985,0.07096932881942147,1.0,1.0,108.44423199887387
0.031,34,456523489,0.07047809603117808,1.0,1.0,108.17955499805976
0.031,35,701095136,0.06967462746685077,1.0,1.0,111.3997840002412
0.031,36,249069576,0.07507521037020301,1.0,1.0,108.27132499252912
0.031,37,1576098728,0.07839605060096849,1.0,1.0,108.28757200215477
0.031,38,1662748500,0.07627380717196405,1.0,1.0,108.32039199885912
0.031,39,472736216,0.0777601055895334,1.0,1.0,111.04555100610014
0.031,40,1535411295,0.07422547597920817,1.0,1.0,108.39610800030641
0.031,41,175223003,0.07097532068008668,1.0,1.0,108.1450439960463
0.031,42,840936862,0.07305247866602169,1.0,1.0,108.21328399470076
0.031,43,343373188,0.073754283381237,1.0,1.0,108.37897399323992
0.031,44,1597751082,0.06885994711116042,1.0,1.0,108.284193003783
0.031,45,730359585,0.06981625793756574,1.0,1.0,108.42463400331326
0.031,46,1016641002,0.07101857169965715,1.0,1.0,108.11592699610628
0.031,47,998994690,0.07310047063170322,1.0,1.0,112.31389400199987
0.031,48,1021240743,0.07067102585148852,1.0,1.0,108.98668199661188
0.031,49,572134801,0.07466430777608475,1.0,1.0,109.24823599634692
0.031,50,1198399760,0.06838096174268514,1.0,1.0,108.25377100263722
0.031,51,1751866485,0.07372784306455228,1.0,1.0,111.35394500161055
0.031,52,1070889713,0.07108750441503905,1.0,1.0,108.24808100005612
0.031,53,415096539,0.07588146199942428,1.0,1.0,108.29810900031589
0.031,54,52416235,0.0723817320642095,1.0,1.0,111.90540700044949
0.031,55,278032723,0.07270344605740627,1.0,1.0,108.37874200660735
0.031,56,174946158,0.06868960110839,1.0,1.0,108.27092498948332
0.031,57,196848554,0.07977578721007292,1.0,1.0,112.22666699904948
0.031,58,263030910,0.06667298402135043,1.0,1.0,108.32734299765434
0.031,59,1285415020,0.07404170007126525,1.0,1.0,112.54573900077958
0.031,60,1733223444,0.06859913336824647,1.0,1.0,108.96085698914248
0.031,61,1835544261,0.0753786826660902,1.0,1.0,108.40129900316242
0.031,62,1403186970,0.07295579432627332,1.0,1.0,108.31406799843535
0.031,63,1291971777,0.06635995743181354,1.0,1.0,108.3270020026248
0.031,64,712292067,0.07389402792549869,1.0,1.0,108.17862700787373
0.031,65,2001429764,0.07105755595226024,1.0,1.0,108.6090239987243
0.031,66,1375664061,0.0687006180815928,1.0,1.0,108.31366298953071
0.031,67,1556456120,0.07457906404105745,1.0,1.0,114.337628998328
0.031,68,1576053187,0.06958337289732766,1.0,1.0,108.28196399961598
0.031,69,1848019881,0.0739357246998365,1.0,1.0,108.21181400388014
0.031,70,1508652585,0.07375793877162587,1.0,1.0,108.51903900038451
0.031,71,1995737731,0.07160533707992063,1.0,1.0,108.1989899976179
0.031,72,1162788447,0.08009050004885947,0.0,0.0,108.17670900723897
0.031,73,1172925522,0.07289596295421306,1.0,1.0,108.4970060037449
0.031,74,539174575,0.0742180047982752,1.0,1.0,108.79419099364895
0.031,75,2013637345,0.07503123581650818,1.0,1.0,126.553733003675
0.031,76,1187468716,0.08187507566602469,0.0,0.0,108.36750399903394
0.031,77,1062978506,0.07106349740783997,1.0,1.0,108.53790400142316
0.031,78,679326770,0.07382414128959335,1.0,1.0,108.42192500422243
0.031,79,587923432,0.07239442114415341,1.0,1.0,108.26289400574751
0.031,80,1359889667,0.0698653404268051,1.0,1.0,108.51445799926296
0.031,81,970187386,0.06910756467291801,1.0,1.0,108.30783899291418
0.031,82,1219839873,0.06833329626696252,1.0,1.0,108.32346200186294
0.031,83,1428160212,0.07772609273820352,1.0,1.0,108.42105500341859
0.031,84,1930609499,0.07359390959521496,1.0,1.0,108.9360170008149
0.031,85,710582861,0.07140945392753599,1.0,1.0,108.29471999022644
0.031,86,1463614337,0.06759129077623674,1.0,1.0,108.29611899680458
0.031,87,1940152705,0.06938942348128922,1.0,1.0,108.17512799985707
0.031,88,985452196,0.07271382123476006,1.0,1.0,108.29965799348429
0.031,89,552062587,0.07390267435632669,1.0,1.0,108.19057800108567
0.031,90,623566272,0.06672537134532869,1.0,1.0,108.33988699596375
0.031,91,729775797,0.07038258616176672,1.0,1.0,108.27043499739375
0.031,92,1352536665,0.08044128506724797,0.0,0.0,108.29312400892377
0.031,93,555883440,0.07115041566749927,1.0,1.0,108.45699599303771
0.031,94,1801800003,0.07822687336189917,1.0,1.0,108.19301501032896
0.031,95,763315502,0.07790074551973637,1.0,1.0,108.2592669990845
0.031,96,138897982,0.07650761122743065,1.0,1.0,108.36749500595033
0.031,97,10785379,0.06933401867002124,1.0,1.0,108.15880900190677
0.031,98,53923185,0.07165810042273227,1.0,1.0,108.01637000986375
0.031,99,1349917978,0.07526482656050767,1.0,1.0,108.16400700423401
0.032,0,1501552845,0.07385599690700582,1.0,1.0,108.1546279892791
0.032,1,488200390,0.07316126551511612,1.0,1.0,108.28005800431129
0.032,2,1693606510,0.07603364351318097,1.0,1.0,108.27367100864649
0.032,3,680233354,0.07049364580095753,1.0,1.0,108.1739110086346
0.032,4,438466540,0.07151233390439501,1.0,1.0,107.9776300030062
0.032,5,1712329280,0.0693861458991215,1.0,1.0,107.8942339954665
0.032,6,1380152455,0.07773443536729732,1.0,1.0,107.90877700492274
0.032,7,1452245846,0.06944451717992194,1.0,1.0,108.08144099428318
0.032,8,2122694021,0.06924891351427338,1.0,1.0,108.0988619942218
0.032,9,839901363,0.07598226330545771,1.0,1.0,111.8516290007392
0.032,10,1802651552,0.07201383559436436,1.0,1.0,108.07655600365251
0.032,11,714712467,0.07344046766173742,1.0,1.0,109.10302300180774
0.032,12,1218704077,0.07521139325724865,1.0,1.0,107.9132079903502
0.032,13,1284858263,0.06853281057275663,1.0,1.0,108.02372399484739
0.032,14,457721135,0.07382078252583618,1.0,1.0,107.93041800206993
0.032,15,401008609,0.07228007038452651,1.0,1.0,108.03739100811072
0.032,16,492064534,0.07151050653115051,1.0,1.0,107.92603698791936
0.032,17,1444732602,0.0778718526747424,1.0,1.0,108.0782100034412
0.032,18,1317426686,0.06921400591170766,1.0,1.0,108.13199001131579
0.032,19,2022506251,0.07862056635088262,1.0,1.0,108.01141199772246
0.032,20,1516459118,0.07444857514754585,1.0,1.0,107.98001701186877
0.032,21,533103612,0.07246554438511232,1.0,1.0,107.94432199327275
0.032,22,1964759878,0.07278033809212806,1.0,1.0,108.08805898705032
0.032,23,2037706756,0.06853076477599254,1.0,1.0,107.97020599420648
0.032,24,1572889065,0.06776785986623524,1.0,1.0,107.83506800362375
0.032,25,1432881518,0.06942676515368451,1.0,1.0,107.98800700285938
0.032,26,280516901,0.08237592805932868,0.0,0.0,108.02868400060106
0.032,27,205939248,0.07458321393002568,1.0,1.0,108.10771799879149
0.032,28,571904914,0.07636225698293608,1.0,1.0,107.83933900529519
0.032,29,948843457,0.07070832711616905,1.0,1.0,108.00514700531494
0.032,30,155492488,0.07056185504293326,1.0,1.0,108.00526999810245
0.032,31,1903701130,0.07183951695989703,1.0,1.0,108.16242900909856
0.032,32,1017961266,0.06553032354928914,1.0,1.0,108.00464800558984
0.032,33,1497769985,0.07071789591098479,1.0,1.0,108.01951799658127
0.032,34,456523489,0.06893442942444786,1.0,1.0,107.97903999628033
0.032,35,701095136,0.07385100046134399,1.0,1.0,107.98665499896742
0.032,36,249069576,0.07699358547708465,1.0,1.0,107.9007200023625
0.032,37,1576098728,0.0727308212619442,1.0,1.0,108.07055700570345
0.032,38,1662748500,0.07596919294360296,1.0,1.0,107.92188899358734
0.032,39,472736216,0.0777601055895334,1.0,1.0,108.05215299478732
0.032,40,1535411295,0.07288757567314087,1.0,1.0,108.06602399679832
0.032,41,175223003,0.07009126190767072,1.0,1.0,108.01597400859464
0.032,42,840936862,0.07115985021251539,1.0,1.0,108.05676499148831
0.032,43,343373188,0.07271183490542564,1.0,1.0,107.81235800823197
0.032,44,1597751082,0.06885994711116042,1.0,1.0,108.25378700974397
0.032,45,730359585,0.06981625793756574,1.0,1.0,108.02793499897234
0.032,46,1016641002,0.07203690729658879,1.0,1.0,108.24711500026751
0.032,47,998994690,0.07310047063170322,1.0,1.0,108.04848599946126
0.032,48,1021240743,0.07067102585148852,1.0,1.0,107.89651900995523
0.032,49,572134801,0.07262071987290288,1.0,1.0,108.06122000212781
0.032,50,1198399760,0.06838096174268514,1.0,1.0,107.47005899611395
0.032,51,1751866485,0.07550440067940097,1.0,1.0,108.07786700024735
0.032,52,1070889713,0.07108750441503905,1.0,1.0,107.85345299518667
0.032,53,415096539,0.07588146199942428,1.0,1.0,108.13956899801269
0.032,54,52416235,0.0723817320642095,1.0,1.0,108.02070100908168
0.032,55,278032723,0.06985868566059723,1.0,1.0,107.99787699943408
0.032,56,174946158,0.0794027585637621,1.0,1.0,108.1874660012545
0.032,57,196848554,0.07142424798754707,1.0,1.0,108.329815993784
0.032,58,263030910,0.06759352506276946,1.0,1.0,108.00574399763718
0.032,59,1285415020,0.07404170007126525,1.0,1.0,108.03808500349987
0.032,60,1733223444,0.06611049487500137,1.0,1.0,108.02772200258914
0.032,61,1835544261,0.07861174246969393,1.0,1.0,107.8339140076423
0.032,62,1403186970,0.07158770738791113,1.0,1.0,108.0500550015131
0.032,63,1291971777,0.07234061478289991,1.0,1.0,107.93185500369873
0.032,64,712292067,0.07389402792549869,1.0,1.0,107.81911399681121
0.032,65,2001429764,0.06818767567337558,1.0,1.0,108.08230900147464
0.032,66,1375664061,0.0687006180815928,1.0,1.0,107.74199599109124
0.032,67,1556456120,0.07457906404105745,1.0,1.0,108.18282299442217
0.032,68,1576053187,0.06958337289732766,1.0,1.0,108.08385800919496
0.032,69,1848019881,0.07452435150136341,1.0,1.0,107.8993539995281
0.032,70,1508652585,0.07137462438646282,1.0,1.0,108.16344500926789
0.032,71,1995737731,0.07212131843721332,1.0,1.0,107.96527199272532
0.032,72,1162788447,0.0726586982178764,1.0,1.0,107.99259500345215
0.032,73,1172925522,0.07064755146690017,1.0,1.0,107.9994799947599
0.032,74,539174575,0.07253271104996126,1.0,1.0,107.94010999961756
0.032,75,2013637345,0.0699079879219019,1.0,1.0,108.0105520086363
0.032,76,1187468716,0.07289276967441714,1.0,1.0,107.98656700353604
0.032,77,1062978506,0.07011718618741561,1.0,1.0,107.90009499760345
0.032,78,679326770,0.07457556399621473,1.0,1.0,107.89920900424477
0.032,79,587923432,0.07239442114415341,1.0,1.0,108.04322799958754
0.032,80,1359889667,0.06935871358859964,1.0,1.0,108.00945400842465
0.032,81,970187386,0.07400312706702103,1.0,1.0,108.01613199873827
0.032,82,1219839873,0.07445881279799242,1.0,1.0,108.29616599949077
0.032,83,1428160212,0.08474042248653783,0.0,0.0,108.15885099873412
0.032,84,1930609499,0.06683877277798421,1.0,1.0,108.01252401142847
0.032,85,710582861,0.07140945392753599,1.0,1.0,108.11814799671993
0.032,86,1463614337,0.07207405856792037,1.0,1.0,107.83893699408509
0.032,87,1940152705,0.06972664232809482,1.0,1.0,108.09008400246967
0.032,88,985452196,0.06777610393508761,1.0,1.0,108.07758099690545
0.032,89,552062587,0.07605894889793612,1.0,1.0,107.94677499507088
0.032,90,623566272,0.06672537134532869,1.0,1.0,108.01754100248218
0.032,91,729775797,0.07527386926833365,1.0,1.0,108.05496899411082
0.032,92,1352536665,0.08006106888361118,0.0,0.0,108.10220800340176
0.032,93,555883440,0.07389049188364455,1.0,1.0,107.98097000224516
0.032,94,1801800003,0.08138363782069578,0.0,0.0,108.14829400624149
0.032,95,763315502,0.07790074551973637,1.0,1.0,107.99346800195053
0.032,96,138897982,0.07644381151654692,1.0,1.0,108.0296959989937
0.032,97,10785379,0.06933401867002124,1.0,1.0,107.86896100034937
0.032,98,53923185,0.07005530242699225,1.0,1.0,107.95502499968279
0.032,99,1349917978,0.08002424615040654,0.0,0.0,108.01957899820991
0.033,0,1501552845,0.07099609123546671,1.0,1.0,117.28305100405123
0.033,1,488200390,0.07817871654079966,1.0,1.0,108.29956400266383
0.033,2,1693606510,0.07690892804801787,1.0,1.0,108.34739699203055
0.033,3,680233354,0.0732226795881842,1.0,1.0,108.13783800404053
0.033,4,438466540,0.07301652668554344,1.0,1.0,107.99398500239477
0.033,5,1712329280,0.0693861458991215,1.0,1.0,108.00028700032271
0.033,6,1380152455,0.07120939289976622,1.0,1.0,108.07095500058495
0.033,7,1452245846,0.0753534987640427,1.0,1.0,108.07914200995583
0.033,8,2122694021,0.06924891351427338,1.0,1.0,114.1067499993369
0.033,9,839901363,0.06738914194346363,1.0,1.0,108.26109800837003
0.033,10,1802651552,0.0763159717994987,1.0,1.0,108.31016600423027
0.033,11,714712467,0.0741846239921444,1.0,1.0,108.07875799946487
0.033,12,1218704077,0.07311005881143294,1.0,1.0,107.82408200611826
0.033,13,1284858263,0.06853281057275663,1.0,1.0,108.07642000145279
0.033,14,457721135,0.07454532400377836,1.0,1.0,107.95308300293982
0.033,15,401008609,0.06713827146777508,1.0,1.0,108.01464901305735
0.033,16,492064534,0.07227340043402795,1.0,1.0,107.90381599508692
0.033,17,1444732602,0.0741139571955292,1.0,1.0,108.2276590022957
0.033,18,1317426686,0.06967936104443448,1.0,1.0,107.92900600063149
0.033,19,2022506251,0.0750021470563569,1.0,1.0,109.84821000602096
0.033,20,1516459118,0.06679954684045804,1.0,1.0,108.07563699199818
0.033,21,533103612,0.07515125386816107,1.0,1.0,108.00664499402046
0.033,22,1964759878,0.07278033809212806,1.0,1.0,108.00804899190553
0.033,23,2037706756,0.07863806497058061,1.0,1.0,108.04541400284506
0.033,24,1572889065,0.07341462976611231,1.0,1.0,107.87910399085376
0.033,25,1432881518,0.06911443778981131,1.0,1.0,107.95924000558443
0.033,26,280516901,0.07506701719784546,1.0,1.0,108.12384000746533
0.033,27,205939248,0.07458321393002568,1.0,1.0,108.12904500926379
0.033,28,571904914,0.07482150817863403,1.0,1.0,108.06828699423932
0.033,29,948843457,0.07070832711616905,1.0,1.0,108.1990739912726
0.033,30,155492488,0.07073580417624845,1.0,1.0,108.01596099918243
0.033,31,1903701130,0.07423372133360673,1.0,1.0,107.93898499105126
0.033,32,1017961266,0.07309409440622662,1.0,1.0,108.05414301285055
0.033,33,1497769985,0.07096932881942147,1.0,1.0,108.04411300341599
0.033,34,456523489,0.07047809603117808,1.0,1.0,107.98463800165337
0.033,35,701095136,0.0739335525038925,1.0,1.0,107.50294699391816
0.033,36,249069576,0.07699358547708465,1.0,1.0,107.9430579993641
0.033,37,1576098728,0.07408583026985681,1.0,1.0,108.00542899232823
0.033,38,1662748500,0.0708382644541959,1.0,1.0,107.90835700754542
0.033,39,472736216,0.0777601055895334,1.0,1.0,108.05571300443262
0.033,40,1535411295,0.07182898793071218,1.0,1.0,118.21079600485973
0.033,41,175223003,0.07417770808983845,1.0,1.0,108.01160600385629
0.033,42,840936862,0.07612473447766976,1.0,1.0,108.25185501016676
0.033,43,343373188,0.06949189390711788,1.0,1.0,108.04217700206209
0.033,44,1597751082,0.06885994711116042,1.0,1.0,108.0636120022973
0.033,45,730359585,0.06981625793756574,1.0,1.0,108.08902900316752
0.033,46,1016641002,0.07937016155227875,1.0,1.0,108.1920159922447
0.033,47,998994690,0.07310047063170322,1.0,1.0,107.88293500081636
0.033,48,1021240743,0.07067102585148852,1.0,1.0,108.67906600469723
0.033,49,572134801,0.0759141199346674,1.0,1.0,108.13166099251248
0.033,50,1198399760,0.06838096174268514,1.0,1.0,108.02969300129917
0.033,51,1751866485,0.06920833481957346,1.0,1.0,108.11259198817424
0.033,52,1070889713,0.07108750441503905,1.0,1.0,107.87119499582332
0.033,53,415096539,0.07236424765416281,1.0,1.0,107.93282100348733
0.033,54,52416235,0.0723817320642095,1.0,1.0,108.0773389985552
0.033,55,278032723,0.06847031081839518,1.0,1.0,108.25187699811067
0.033,56,174946158,0.07700637274310974,1.0,1.0,107.9696749948198
0.033,57,196848554,0.07861383318412277,1.0,1.0,108.13180900004227
0.033,58,263030910,0.07290075047788169,1.0,1.0,107.82399401068687
0.033,59,1285415020,0.07404170007126525,1.0,1.0,108.03875899000559
0.033,60,1733223444,0.06859913336824647,1.0,1.0,108.0867849959759
0.033,61,1835544261,0.06971491668930287,1.0,1.0,108.25446000671946
0.033,62,1403186970,0.07560978482147016,1.0,1.0,108.0347899987828
0.033,63,1291971777,0.07115325467114485,1.0,1.0,108.06589499406982
0.033,64,712292067,0.07389402792549869,1.0,1.0,108.03020599996671
0.033,65,2001429764,0.07461366110400729,1.0,1.0,108.0562139977701
0.033,66,1375664061,0.0687006180815928,1.0,1.0,108.03195100743324
0.033,67,1556456120,0.07457906404105745,1.0,1.0,108.1385129946284
0.033,68,1576053187,0.06958337289732766,1.0,1.0,108.10032300651073
0.033,69,1848019881,0.06740424893892298,1.0,1.0,108.00813599780668
0.033,70,1508652585,0.07393892361876543,1.0,1.0,107.89529400062747
0.033,71,1995737731,0.0665712175573516,1.0,1.0,108.00948399992194
0.033,72,1162788447,0.07034604191199127,1.0,1.0,107.97150699363556
0.033,73,1172925522,0.07289596295421306,1.0,1.0,108.02051400241908
0.033,74,539174575,0.0742180047982752,1.0,1.0,107.97164699761197
0.033,75,2013637345,0.08198754755620101,0.0,0.0,108.06799899728503
0.033,76,1187468716,0.07373345754149914,1.0,1.0,107.74054100329522
0.033,77,1062978506,0.07485351000355975,1.0,1.0,107.98540900577791
0.033,78,679326770,0.07605126311525988,1.0,1.0,108.05655700096395
0.033,79,587923432,0.06606887310575031,1.0,1.0,108.10260799189564
0.033,80,1359889667,0.0698653404268051,1.0,1.0,107.95163598959334
0.033,81,970187386,0.07461446633228583,1.0,1.0,108.03516900341492
0.033,82,1219839873,0.0740272475359861,1.0,1.0,108.17484199651517
0.033,83,1428160212,0.07388921785426146,1.0,1.0,108.06319600669667
0.033,84,1930609499,0.07456098476031114,1.0,1.0,107.99842499545775
0.033,85,710582861,0.06497744268407511,1.0,1.0,108.11702298815362
0.033,86,1463614337,0.07456599859057676,1.0,1.0,107.94834200351033
0.033,87,1940152705,0.06972664232809482,1.0,1.0,108.05037300451659
0.033,88,985452196,0.07271382123476006,1.0,1.0,108.08456799713895
0.033,89,552062587,0.07668585270303915,1.0,1.0,108.02788600267377
0.033,90,623566272,0.06672537134532869,1.0,1.0,108.09188699931838
0.033,91,729775797,0.07527386926833365,1.0,1.0,108.11546799959615
0.033,92,1352536665,0.07367179385576132,1.0,1.0,107.75694499898236
0.033,93,555883440,0.07389049188364455,1.0,1.0,108.03482499613892
0.033,94,1801800003,0.0736112526011128,1.0,1.0,108.11938600090798
0.033,95,763315502,0.07790074551973637,1.0,1.0,108.39336100616492
0.033,96,138897982,0.07650761122743065,1.0,1.0,107.93650599953253
0.033,97,10785379,0.06933401867002124,1.0,1.0,108.0033070029458
0.033,98,53923185,0.07165810042273227,1.0,1.0,108.10470700380392
0.033,99,1349917978,0.07857344164983225,1.0,1.0,107.97834700497333
0.034,0,1501552845,0.06876814643806095,1.0,1.0,122.55462299799547
0.034,1,488200390,0.07571717835823215,1.0,1.0,107.99617800512351
0.034,2,1693606510,0.0729703265536392,1.0,1.0,108.08993800310418
0.034,3,680233354,0.0732226795881842,1.0,1.0,108.07156800001394
0.034,4,438466540,0.07086625135994912,1.0,1.0,108.19152298790868
0.034,5,1712329280,0.0708426478272033,1.0,1.0,108.02941198926419
0.034,6,1380152455,0.0751440346853327,1.0,1.0,107.98733799310867
0.034,7,1452245846,0.07392990549448367,1.0,1.0,108.29959400871303
0.034,8,2122694021,0.06924891351427338,1.0,1.0,109.72492699511349
0.034,9,839901363,0.07746538362775338,1.0,1.0,108.07930200826377
0.034,10,1802651552,0.07862652958505979,1.0,1.0,108.1160820031073
0.034,11,714712467,0.079593530772613,1.0,1.0,108.00513000867795
0.034,12,1218704077,0.07377521588354669,1.0,1.0,108.02761399827432
0.034,13,1284858263,0.06853281057275663,1.0,1.0,108.06532700371463
0.034,14,457721135,0.07236814646181891,1.0,1.0,108.1357980001485
0.034,15,401008609,0.07114382710965331,1.0,1.0,108.1150669924682
0.034,16,492064534,0.07227340043402795,1.0,1.0,108.09749699546956
0.034,17,1444732602,0.07370587027474204,1.0,1.0,107.96086701157037
0.034,18,1317426686,0.06967936104443448,1.0,1.0,108.07066298730206
0.034,19,2022506251,0.07552582627908071,1.0,1.0,108.02503499144223
0.034,20,1516459118,0.07470140992682177,1.0,1.0,108.2286079908954
0.034,21,533103612,0.0720628477961513,1.0,1.0,108.13783199409954
0.034,22,1964759878,0.06957968760694257,1.0,1.0,108.02834600326605
0.034,23,2037706756,0.07856400145037837,1.0,1.0,107.83505499421153
0.034,24,1572889065,0.07251656739052041,1.0,1.0,108.12039599113632
0.034,25,1432881518,0.07284473167465087,1.0,1.0,108.01649998757057
0.034,26,280516901,0.07633595105040754,1.0,1.0,108.02062900620513
0.034,27,205939248,0.07458321393002568,1.0,1.0,108.11188799561933
0.034,28,571904914,0.07437416574301532,1.0,1.0,107.99106900230981
0.034,29,948843457,0.07051541078756816,1.0,1.0,108.01173299842048
0.034,30,155492488,0.07683766020612696,1.0,1.0,108.1150389945833
0.034,31,1903701130,0.07423372133360673,1.0,1.0,108.17960900021717
0.034,32,1017961266,0.06674776495021023,1.0,1.0,108.13926100672688
0.034,33,1497769985,0.07096932881942147,1.0,1.0,108.09065199282486
0.034,34,456523489,0.07047809603117808,1.0,1.0,108.01035400072578
0.034,35,701095136,0.07153417944992697,1.0,1.0,108.00435899000149
0.034,36,249069576,0.07699358547708465,1.0,1.0,108.0331270059105
0.034,37,1576098728,0.07398447964530809,1.0,1.0,108.07542799739167
0.034,38,1662748500,0.0745393136028583,1.0,1.0,110.8312249998562
0.034,39,472736216,0.0732705558301916,1.0,1.0,107.87867600447498
0.034,40,1535411295,0.07422547597920817,1.0,1.0,113.85283200070262
0.034,41,175223003,0.07304400531391683,1.0,1.0,108.09508000966161
0.034,42,840936862,0.07096331590680416,1.0,1.0,107.99860800034367
0.034,43,343373188,0.07240089874333092,1.0,1.0,108.12314000213519
0.034,44,1597751082,0.06885994711116042,1.0,1.0,108.0101499974262
0.034,45,730359585,0.06981625793756574,1.0,1.0,108.18217400810681
0.034,46,1016641002,0.07205641731449106,1.0,1.0,107.97723098949064
0.034,47,998994690,0.07310047063170322,1.0,1.0,108.12936000002082
0.034,48,1021240743,0.07067102585148852,1.0,1.0,107.98897600034252
0.034,49,572134801,0.07408084810166185,1.0,1.0,108.1436649983516
0.034,50,1198399760,0.06838096174268514,1.0,1.0,108.09623100794852
0.034,51,1751866485,0.07314953171971748,1.0,1.0,107.89842100348324
0.034,52,1070889713,0.06742327707388057,1.0,1.0,108.09626900299918
0.034,53,415096539,0.06958827075379141,1.0,1.0,108.0843819945585
0.034,54,52416235,0.0723817320642095,1.0,1.0,108.20455200155266
0.034,55,278032723,0.07475421157680075,1.0,1.0,107.96444999868982
0.034,56,174946158,0.0743176180630228,1.0,1.0,108.13035900355317
0.034,57,196848554,0.07977578721007292,1.0,1.0,107.97496698796749
0.034,58,263030910,0.07445375589952735,1.0,1.0,108.0666539928643
0.034,59,1285415020,0.07404170007126525,1.0,1.0,108.0955810029991
0.034,60,1733223444,0.06859913336824647,1.0,1.0,108.0290529935155
0.034,61,1835544261,0.07664316874499384,1.0,1.0,108.06386001058854
0.034,62,1403186970,0.07217232707447657,1.0,1.0,108.04181999992579
0.034,63,1291971777,0.0679456585318991,1.0,1.0,107.96090999792796
0.034,64,712292067,0.07389402792549869,1.0,1.0,107.9745000024559
0.034,65,2001429764,0.0766972597852117,1.0,1.0,108.08729600103106
0.034,66,1375664061,0.0687006180815928,1.0,1.0,107.91348299244419
0.034,67,1556456120,0.06406251879912854,1.0,1.0,108.44413000450004
0.034,68,1576053187,0.06958337289732766,1.0,1.0,108.0706099892268
0.034,69,1848019881,0.07394266035372113,1.0,1.0,112.41557799803559
0.034,70,1508652585,0.07213146742822611,1.0,1.0,108.04994800128043
0.034,71,1995737731,0.06568743741387964,1.0,1.0,108.13703401072416
0.034,72,1162788447,0.07210670208936838,1.0,1.0,107.9784499888774
0.034,73,1172925522,0.07289596295421306,1.0,1.0,108.16535900812596
0.034,74,539174575,0.0742180047982752,1.0,1.0,108.15866700431798
0.034,75,2013637345,0.07472954503898824,1.0,1.0,108.16970800806303
0.034,76,1187468716,0.07984270837755805,1.0,1.0,107.96243300137576
0.034,77,1062978506,0.07786562152552212,1.0,1.0,108.06647699791938
0.034,78,679326770,0.07205563612640646,1.0,1.0,107.96360300446395
0.034,79,587923432,0.07239442114415341,1.0,1.0,108.1197909952607
0.034,80,1359889667,0.0698653404268051,1.0,1.0,108.24323000269942
0.034,81,970187386,0.07889108584676216,1.0,1.0,108.05972399248276
0.034,82,1219839873,0.07160122564214033,1.0,1.0,108.25667901372071
0.034,83,1428160212,0.07942962474768181,1.0,1.0,107.98897800850682
0.034,84,1930609499,0.07496698929905407,1.0,1.0,108.12584600353148
0.034,85,710582861,0.06833759118384852,1.0,1.0,108.24693000176921
0.034,86,1463614337,0.0772848537558979,1.0,1.0,108.15582200302742
0.034,87,1940152705,0.06972664232809482,1.0,1.0,108.18077001022175
0.034,88,985452196,0.07271382123476006,1.0,1.0,108.22025800007395
0.034,89,552062587,0.06880525990135407,1.0,1.0,107.77014600171242
0.034,90,623566272,0.06672537134532869,1.0,1.0,108.11242699855939
0.034,91,729775797,0.07024002440237397,1.0,1.0,108.00903898780234
0.034,92,1352536665,0.07336754354375734,1.0,1.0,108.08376700151712
0.034,93,555883440,0.07389049188364455,1.0,1.0,108.09473399422131
0.034,94,1801800003,0.06759960089960472,1.0,1.0,109.73032299079932
0.034,95,763315502,0.07277219227685681,1.0,1.0,108.02362998947501
0.034,96,138897982,0.0749112125668339,1.0,1.0,107.9987679986516
0.034,97,10785379,0.06933401867002124,1.0,1.0,108.13185300503392
0.034,98,53923185,0.07165810042273227,1.0,1.0,108.1199350010138
0.034,99,1349917978,0.0668302843482058,1.0,1.0,107.7439740038244
0.035,0,1501552845,0.07432289539585515,1.0,1.0,108.47674300021026
0.035,1,488200390,0.06789046492271003,1.0,1.0,108.40467100206297
0.035,2,1693606510,0.0684873577917439,1.0,1.0,112.84832800447475
0.035,3,680233354,0.07044657779674605,1.0,1.0,108.11122400627937
0.035,4,438466540,0.07468640529266032,1.0,1.0,107.9528609989211
0.035,5,1712329280,0.0693861458991215,1.0,1.0,107.94251000334043
0.035,6,1380152455,0.0785905975867262,1.0,1.0,108.09444700134918
0.035,7,1452245846,0.07713756105414504,1.0,1.0,108.34298699046485
0.035,8,2122694021,0.06924891351427338,1.0,1.0,109.90775999380276
0.035,9,839901363,0.06747242032417812,1.0,1.0,108.3741460024612
0.035,10,1802651552,0.08159640743644482,0.0,0.0,108.07018699415494
0.035,11,714712467,0.0674523975010778,1.0,1.0,107.89313400164247
0.035,12,1218704077,0.07150810420445959,1.0,1.0,108.09103700739797
0.035,13,1284858263,0.06853281057275663,1.0,1.0,107.96335400664248
0.035,14,457721135,0.07218928357218525,1.0,1.0,108.09095200966112
0.035,15,401008609,0.07666769500979072,1.0,1.0,107.9792240052484
0.035,16,492064534,0.07227340043402795,1.0,1.0,108.13020801288076
0.035,17,1444732602,0.07868862255524557,1.0,1.0,108.16791300021578
0.035,18,1317426686,0.06967936104443448,1.0,1.0,115.4364469985012
0.035,19,2022506251,0.06933831219517478,1.0,1.0,108.12596599862445
0.035,20,1516459118,0.06797338999833445,1.0,1.0,107.99116500129458
0.035,21,533103612,0.07681406215596909,1.0,1.0,108.09568100376055
0.035,22,1964759878,0.07278033809212806,1.0,1.0,108.07977899094112
0.035,23,2037706756,0.0785094898779709,1.0,1.0,109.74307099240832
0.035,24,1572889065,0.0772791413552617,1.0,1.0,108.11816500790883
0.035,25,1432881518,0.07284473167465087,1.0,1.0,108.29507598828059
0.035,26,280516901,0.07248806701902465,1.0,1.0,108.19233099755365
0.035,27,205939248,0.07458321393002568,1.0,1.0,109.03483399306424
0.035,28,571904914,0.07314995276913806,1.0,1.0,108.05965898907743
0.035,29,948843457,0.07070832711616905,1.0,1.0,108.07937699428294
0.035,30,155492488,0.08045578221314718,0.0,0.0,107.4626640038332
0.035,31,1903701130,0.07423372133360673,1.0,1.0,119.15924098866526
0.035,32,1017961266,0.0732726805649079,1.0,1.0,108.05651699774899
0.035,33,1497769985,0.07096932881942147,1.0,1.0,108.16579501261003
0.035,34,456523489,0.06874597772179673,1.0,1.0,108.34636399522424
0.035,35,701095136,0.0739335525038925,1.0,1.0,107.99337300704792
0.035,36,249069576,0.07067196527243669,1.0,1.0,107.97286899469327
0.035,37,1576098728,0.06732025605315205,1.0,1.0,108.07337799633387
0.035,38,1662748500,0.07430432992747246,1.0,1.0,108.04009300773032
0.035,39,472736216,0.07754205393222668,1.0,1.0,108.08359801012557
0.035,40,1535411295,0.07392707969369215,1.0,1.0,108.14357199706137
0.035,41,175223003,0.07189175742145144,1.0,1.0,107.93219899642281
0.035,42,840936862,0.07612473447766976,1.0,1.0,111.73191800480708
0.035,43,343373188,0.073754283381237,1.0,1.0,108.13522600801662
0.035,44,1597751082,0.06885994711116042,1.0,1.0,108.01714898843784
0.035,45,730359585,0.06981625793756574,1.0,1.0,108.09475499263499
0.035,46,1016641002,0.07672483178809306,1.0,1.0,108.01676199480426
0.035,47,998994690,0.0719136021913597,1.0,1.0,107.94731299392879
0.035,48,1021240743,0.07067102585148852,1.0,1.0,108.40185100096278
0.035,49,572134801,0.06522589472496948,1.0,1.0,107.97922300116625
0.035,50,1198399760,0.06838096174268514,1.0,1.0,108.00674499478191
0.035,51,1751866485,0.07403812802730282,1.0,1.0,110.70665599254426
0.035,52,1070889713,0.05999924722388251,1.0,1.0,108.21854800451547
0.035,53,415096539,0.07588146199942428,1.0,1.0,108.0032380123157
0.035,54,52416235,0.06854674258236226,1.0,1.0,107.88673000934068
0.035,55,278032723,0.07549806394104387,1.0,1.0,109.57710699585732
0.035,56,174946158,0.07135273215418644,1.0,1.0,108.42115299601573
0.035,57,196848554,0.07272342263684807,1.0,1.0,108.22270800417755
0.035,58,263030910,0.0775661238428429,1.0,1.0,107.94572799932212
0.035,59,1285415020,0.07385872176866437,1.0,1.0,108.32736099837348
0.035,60,1733223444,0.06859913336824647,1.0,1.0,107.924791998812
0.035,61,1835544261,0.07082069569109123,1.0,1.0,108.19036100292578
0.035,62,1403186970,0.07282125211628,1.0,1.0,107.8994099952979
0.035,63,1291971777,0.07808912523842589,1.0,1.0,108.08649798855186
0.035,64,712292067,0.07389402792549869,1.0,1.0,108.32604300230742
0.035,65,2001429764,0.07584290512866655,1.0,1.0,111.00754399376456
0.035,66,1375664061,0.0687006180815928,1.0,1.0,108.1782520050183
0.035,67,1556456120,0.07457906404105745,1.0,1.0,108.37768101191614
0.035,68,1576053187,0.06958337289732766,1.0,1.0,107.97210600867402
0.035,69,1848019881,0.07257199958065264,1.0,1.0,107.97473799902946
0.035,70,1508652585,0.07026609777813632,1.0,1.0,107.97411001112778
0.035,71,1995737731,0.07212131843721332,1.0,1.0,108.26781899959315
0.035,72,1162788447,0.07243476566429032,1.0,1.0,108.15713000192773
0.035,73,1172925522,0.069406103934214,1.0,1.0,107.91213699849322
0.035,74,539174575,0.0742180047982752,1.0,1.0,108.07246399053838
0.035,75,2013637345,0.07835928201587303,1.0,1.0,108.1020519923186
0.035,76,1187468716,0.07188378744485557,1.0,1.0,108.02950400102418
0.035,77,1062978506,0.07845112466588024,1.0,1.0,108.18893200485036
0.035,78,679326770,0.07792327294036577,1.0,1.0,108.11306998948567
0.035,79,587923432,0.07239442114415341,1.0,1.0,120.7697880017804
0.035,80,1359889667,0.06643914005153782,1.0,1.0,108.12128598627169
0.035,81,970187386,0.07789714434130483,1.0,1.0,108.17142500309274
0.035,82,1219839873,0.07356959593259435,1.0,1.0,108.13006800890435
0.035,83,1428160212,0.07538285806572136,1.0,1.0,108.09317100211047
0.035,84,1930609499,0.06912575954207471,1.0,1.0,107.9573440074455
0.035,85,710582861,0.07140945392753599,1.0,1.0,108.20073800277896
0.035,86,1463614337,0.07092819065693089,1.0,1.0,108.2028340024408
0.035,87,1940152705,0.06972664232809482,1.0,1.0,108.14918800315354
0.035,88,985452196,0.07271382123476006,1.0,1.0,107.95025499828625
0.035,89,552062587,0.07165897785443663,1.0,1.0,108.0064220004715
0.035,90,623566272,0.06672537134532869,1.0,1.0,108.18645199469756
0.035,91,729775797,0.07229886777737471,1.0,1.0,108.04994999489281
0.035,92,1352536665,0.07433191708012181,1.0,1.0,107.90392800117843
0.035,93,555883440,0.07102017787510455,1.0,1.0,108.19780199381057
0.035,94,1801800003,0.07964468219748266,1.0,1.0,111.69492300541606
0.035,95,763315502,0.07531402702991946,1.0,1.0,107.9407990036998
0.035,96,138897982,0.07386329876315505,1.0,1.0,109.6391989995027
0.035,97,10785379,0.06933401867002124,1.0,1.0,107.97122199437581
0.035,98,53923185,0.07165810042273227,1.0,1.0,108.29125599411782
0.035,99,1349917978,0.08066230239746876,0.0,0.0,108.10453500016592
0.036,0,1501552845,0.07807681870004902,1.0,1.0,108.17738599143922
0.036,1,488200390,0.07817871654079966,1.0,1.0,108.1342599936761
0.036,2,1693606510,0.07466230092554677,1.0,1.0,108.06886700447649
0.036,3,680233354,0.0732226795881842,1.0,1.0,108.11667899542954
0.036,4,438466540,0.07478812220196816,1.0,1.0,108.18172700237483
0.036,5,1712329280,0.0693861458991215,1.0,1.0,107.94612098834477
0.036,6,1380152455,0.0771709382328944,1.0,1.0,108.10027799743693
0.036,7,1452245846,0.07229100131501322,1.0,1.0,108.04919101065025
0.036,8,2122694021,0.06924891351427338,1.0,1.0,109.11419699550606
0.036,9,839901363,0.07089947659827966,1.0,1.0,107.91039900504984
0.036,10,1802651552,0.08172867333988047,0.0,0.0,108.10482800297905
0.036,11,714712467,0.073685457776772,1.0,1.0,107.91286900348496
0.036,12,1218704077,0.07505461237628362,1.0,1.0,107.97145499964245
0.036,13,1284858263,0.06853281057275663,1.0,1.0,107.98884100222494
0.036,14,457721135,0.07268981476689837,1.0,1.0,108.20223701011855
0.036,15,401008609,0.0709945368551682,1.0,1.0,109.55953299708199
0.036,16,492064534,0.07227340043402795,1.0,1.0,108.08695999730844
0.036,17,1444732602,0.07716757173612604,1.0,1.0,107.8480970027158
0.036,18,1317426686,0.06967936104443448,1.0,1.0,120.52184699859936
0.036,19,2022506251,0.06638765603598042,1.0,1.0,108.05373899347614
0.036,20,1516459118,0.07166635197965174,1.0,1.0,108.06885499914642
0.036,21,533103612,0.07241637148936196,1.0,1.0,108.14170500088949
0.036,22,1964759878,0.07278033809212806,1.0,1.0,108.0037070059916
0.036,23,2037706756,0.07326438665603764,1.0,1.0,107.9723619914148
0.036,24,1572889065,0.07161109517591888,1.0,1.0,108.12463299953379
0.036,25,1432881518,0.07284473167465087,1.0,1.0,107.97181598900352
0.036,26,280516901,0.07849885730629684,1.0,1.0,107.78620799828786
0.036,27,205939248,0.06919052864998607,1.0,1.0,111.98385900934227
0.036,28,571904914,0.0743069546688154,1.0,1.0,107.98309399979189
0.036,29,948843457,0.06238555534174657,1.0,1.0,108.02781100210268
0.036,30,155492488,0.0726737808130345,1.0,1.0,108.05866199370939
0.036,31,1903701130,0.07423372133360673,1.0,1.0,108.04118600208312
0.036,32,1017961266,0.0732726805649079,1.0,1.0,107.93161299079657
0.036,33,1497769985,0.07096932881942147,1.0,1.0,108.05815199273638
0.036,34,456523489,0.07047809603117808,1.0,1.0,107.90762900433037
0.036,35,701095136,0.06957676773154192,1.0,1.0,107.89821700018365
0.036,36,249069576,0.07699358547708465,1.0,1.0,107.89664200274274
0.036,37,1576098728,0.06769695709129267,1.0,1.0,108.04809699766338
0.036,38,1662748500,0.07104659703302534,1.0,1.0,108.18151300190948
0.036,39,472736216,0.07358845027932147,1.0,1.0,108.18744399875868
0.036,40,1535411295,0.07422547597920817,1.0,1.0,108.06626199337188
0.036,41,175223003,0.07241671281102757,1.0,1.0,107.94066000380553
0.036,42,840936862,0.06753905171278893,1.0,1.0,107.89083699637558
0.036,43,343373188,0.073754283381237,1.0,1.0,108.14097999536898
0.036,44,1597751082,0.06885994711116042,1.0,1.0,107.96506000042427
0.036,45,730359585,0.06981625793756574,1.0,1.0,108.15715299395379
0.036,46,1016641002,0.07121313409759793,1.0,1.0,108.00118600309361
0.036,47,998994690,0.07310047063170322,1.0,1.0,107.92509600287303
0.036,48,1021240743,0.07067102585148852,1.0,1.0,108.06542899808846
0.036,49,572134801,0.0765179356686777,1.0,1.0,108.01841599459294
0.036,50,1198399760,0.06838096174268514,1.0,1.0,108.03177001071163
0.036,51,1751866485,0.0737194456590269,1.0,1.0,108.05520899884868
0.036,52,1070889713,0.07108750441503905,1.0,1.0,108.16018100013025
0.036,53,415096539,0.07426290179376416,1.0,1.0,108.07485099940095
0.036,54,52416235,0.0723817320642095,1.0,1.0,108.1242590007605
0.036,55,278032723,0.07399375023383074,1.0,1.0,108.23216600692831
0.036,56,174946158,0.07461208605553832,1.0,1.0,108.16367100051139
0.036,57,196848554,0.0758612335926651,1.0,1.0,107.92296299769077
0.036,58,263030910,0.07338805496450293,1.0,1.0,107.88411299290601
0.036,59,1285415020,0.07216795504981464,1.0,1.0,108.3640309952898
0.036,60,1733223444,0.06859913336824647,1.0,1.0,108.01535499922466
0.036,61,1835544261,0.07012921753838433,1.0,1.0,108.04028100392316
0.036,62,1403186970,0.0709443076763957,1.0,1.0,108.03335400123615
0.036,63,1291971777,0.07598402137619266,1.0,1.0,107.91218699887395
0.036,64,712292067,0.06418152557347984,1.0,1.0,108.04584300785791
0.036,65,2001429764,0.0766972597852117,1.0,1.0,108.08675299631432
0.036,66,1375664061,0.0687006180815928,1.0,1.0,108.03181100345682
0.036,67,1556456120,0.07434230449821472,1.0,1.0,108.522640002775
0.036,68,1576053187,0.06958337289732766,1.0,1.0,107.86918899975717
0.036,69,1848019881,0.06693006381974063,1.0,1.0,108.03650699381251
0.036,70,1508652585,0.07393892361876543,1.0,1.0,108.0015430052299
0.036,71,1995737731,0.07212131843721332,1.0,1.0,107.99711200525053
0.036,72,1162788447,0.07935177377846178,1.0,1.0,107.96541199670173
0.036,73,1172925522,0.07289596295421306,1.0,1.0,107.96567400393542
0.036,74,539174575,0.06935446208434246,1.0,1.0,108.0925199930789
0.036,75,2013637345,0.0812477655403658,0.0,0.0,108.0415339965839
0.036,76,1187468716,0.07563107651842915,1.0,1.0,107.9144319955958
0.036,77,1062978506,0.08066889474329329,0.0,0.0,107.96394800127018
0.036,78,679326770,0.072788995847617,1.0,1.0,107.97937600000296
0.036,79,587923432,0.07186548207289309,1.0,1.0,108.00340300193056
0.036,80,1359889667,0.0698653404268051,1.0,1.0,107.99576599674765
0.036,81,970187386,0.07459029450785648,1.0,1.0,108.21939299057703
0.036,82,1219839873,0.08074791772260002,0.0,0.0,108.18872599338647
0.036,83,1428160212,0.0795447950495928,1.0,1.0,108.15597399778198
0.036,84,1930609499,0.07411670860826589,1.0,1.0,108.07625199959148
0.036,85,710582861,0.07140945392753599,1.0,1.0,108.15581100177951
0.036,86,1463614337,0.07362368513765793,1.0,1.0,108.03976400347892
0.036,87,1940152705,0.06972664232809482,1.0,1.0,108.08340899529867
0.036,88,985452196,0.07271382123476006,1.0,1.0,108.15936600556597
0.036,89,552062587,0.06805513879628511,1.0,1.0,108.06624799442943
0.036,90,623566272,0.06672537134532869,1.0,1.0,108.08254100265913
0.036,91,729775797,0.07527386926833365,1.0,1.0,108.00013800326269
0.036,92,1352536665,0.08181605427263842,0.0,0.0,108.1068360072095
0.036,93,555883440,0.07107001038701848,1.0,1.0,108.18453099636827
0.036,94,1801800003,0.07158263694662942,1.0,1.0,108.11161399760749
0.036,95,763315502,0.07470524879597638,1.0,1.0,108.02483299630694
0.036,96,138897982,0.07311235928690077,1.0,1.0,107.85060600028373
0.036,97,10785379,0.06933401867002124,1.0,1.0,107.98313700070139
0.036,98,53923185,0.07165810042273227,1.0,1.0,107.96809000021312
0.036,99,1349917978,0.07743791334532854,1.0,1.0,107.49087200383656
0.037,0,1501552845,0.07061357635557526,1.0,1.0,108.40050099068321
0.037,1,488200390,0.07140280215385002,1.0,1.0,108.26377299963497
0.037,2,1693606510,0.0770810737121166,1.0,1.0,107.96489099448081
0.037,3,680233354,0.0732226795881842,1.0,1.0,107.97998600173742
0.037,4,438466540,0.07478812220196816,1.0,1.0,107.97447299410123
0.037,5,1712329280,0.06476556513495685,1.0,1.0,108.04172199277673
0.037,6,1380152455,0.07873696151769094,1.0,1.0,108.15930699754972
0.037,7,1452245846,0.07713756105414504,1.0,1.0,108.06057900481392
0.037,8,2122694021,0.06924891351427338,1.0,1.0,108.00511100387666
0.037,9,839901363,0.07144738459384022,1.0,1.0,108.07569800817873
0.037,10,1802651552,0.07765094268786746,1.0,1.0,107.94862800685223
0.037,11,714712467,0.07681301146444794,1.0,1.0,108.0108169990126
0.037,12,1218704077,0.0784813877734403,1.0,1.0,108.04613000073005
0.037,13,1284858263,0.06853281057275663,1.0,1.0,108.10288999346085
0.037,14,457721135,0.07724084074018615,1.0,1.0,108.02729900751729
0.037,15,401008609,0.07273400655366628,1.0,1.0,108.09212099411525
0.037,16,492064534,0.07227340043402795,1.0,1.0,108.14376799680758
0.037,17,1444732602,0.07868862255524557,1.0,1.0,108.00222199759446
0.037,18,1317426686,0.06967936104443448,1.0,1.0,108.20321900246199
0.037,19,2022506251,0.07028490475121855,1.0,1.0,108.08891399938148
0.037,20,1516459118,0.07057160202494552,1.0,1.0,108.11061698768754
0.037,21,533103612,0.07319202805610117,1.0,1.0,108.00123600347433
0.037,22,1964759878,0.07278033809212806,1.0,1.0,108.03992999717593
0.037,23,2037706756,0.07682316260723521,1.0,1.0,108.07823399954941
0.037,24,1572889065,0.07309279772915477,1.0,1.0,108.07861700595822
0.037,25,1432881518,0.07284473167465087,1.0,1.0,108.07224300515372
0.037,26,280516901,0.07607529795194555,1.0,1.0,108.41293100384064
0.037,27,205939248,0.07440358812751706,1.0,1.0,108.00316699896939
0.037,28,571904914,0.07636225698293608,1.0,1.0,108.04654099047184
0.037,29,948843457,0.07070832711616905,1.0,1.0,107.76927600090858
0.037,30,155492488,0.070792441490224,1.0,1.0,107.95016800693702
0.037,31,1903701130,0.07423372133360673,1.0,1.0,107.99133899854496
0.037,32,1017961266,0.0732726805649079,1.0,1.0,108.11547499906737
0.037,33,1497769985,0.07096932881942147,1.0,1.0,108.00956599996425
0.037,34,456523489,0.07047809603117808,1.0,1.0,108.88618300668895
0.037,35,701095136,0.0739335525038925,1.0,1.0,108.08374200132675
0.037,36,249069576,0.07057862650519355,1.0,1.0,108.08276101306546
0.037,37,1576098728,0.07385179665059878,1.0,1.0,107.98221299774013
0.037,38,1662748500,0.07517187776921266,1.0,1.0,108.08289299893659
0.037,39,472736216,0.07565262121391458,1.0,1.0,108.10674300591927
0.037,40,1535411295,0.0712164197668788,1.0,1.0,108.00938399916049
0.037,41,175223003,0.06998541965225548,1.0,1.0,107.93046800245065
0.037,42,840936862,0.07612473447766976,1.0,1.0,108.04204900341574
0.037,43,343373188,0.0720090274666045,1.0,1.0,108.28057299659122
0.037,44,1597751082,0.06789361020540752,1.0,1.0,108.08477899990976
0.037,45,730359585,0.06981625793756574,1.0,1.0,107.94160200748593
0.037,46,1016641002,0.08081866765598032,0.0,0.0,107.90976700081956
0.037,47,998994690,0.07310047063170322,1.0,1.0,108.09312399942428
0.037,48,1021240743,0.07067102585148852,1.0,1.0,107.91216399229597
0.037,49,572134801,0.0717707521479056,1.0,1.0,108.1933429959463
0.037,50,1198399760,0.06838096174268514,1.0,1.0,108.16357399744447
0.037,51,1751866485,0.06710917754123934,1.0,1.0,108.01718600851018
0.037,52,1070889713,0.07108750441503905,1.0,1.0,107.94246599834878
0.037,53,415096539,0.07588146199942428,1.0,1.0,107.99310100264847
0.037,54,52416235,0.0723817320642095,1.0,1.0,108.15888299839571
0.037,55,278032723,0.07549806394104387,1.0,1.0,108.01236200495623
0.037,56,174946158,0.07101593340233503,1.0,1.0,108.9968790038256
0.037,57,196848554,0.07977578721007292,1.0,1.0,108.0901600071229
0.037,58,263030910,0.07368445990632365,1.0,1.0,108.06115600280464
0.037,59,1285415020,0.07404170007126525,1.0,1.0,107.96241900243331
0.037,60,1733223444,0.06859913336824647,1.0,1.0,108.02644799696282
0.037,61,1835544261,0.07861174246969393,1.0,1.0,107.97456499130931
0.037,62,1403186970,0.0725029674619682,1.0,1.0,108.03190000297036
0.037,63,1291971777,0.07110566128902454,1.0,1.0,108.27183199580759
0.037,64,712292067,0.06939037502011978,1.0,1.0,108.10773400589824
0.037,65,2001429764,0.06936739445092051,1.0,1.0,108.13167199376039
0.037,66,1375664061,0.0687006180815928,1.0,1.0,108.06441299791913
0.037,67,1556456120,0.07256148545631869,1.0,1.0,108.0557020031847
0.037,68,1576053187,0.06958337289732766,1.0,1.0,107.9200809908798
0.037,69,1848019881,0.07452435150136341,1.0,1.0,108.03855799895246
0.037,70,1508652585,0.07393892361876543,1.0,1.0,108.0865569965681
0.037,71,1995737731,0.06333481982180687,1.0,1.0,108.20826300187036
0.037,72,1162788447,0.06537572978946683,1.0,1.0,108.0014330073027
0.037,73,1172925522,0.07289596295421306,1.0,1.0,108.59398100001272
0.037,74,539174575,0.0721379770011745,1.0,1.0,108.14460000256076
0.037,75,2013637345,0.06848997125809292,1.0,1.0,107.96836701047141
0.037,76,1187468716,0.08187507566602469,0.0,0.0,108.11867599841207
0.037,77,1062978506,0.07744429392809778,1.0,1.0,108.15509500389453
0.037,78,679326770,0.07603807078839678,1.0,1.0,107.97508399991784
0.037,79,587923432,0.07239442114415341,1.0,1.0,107.93426999589428
0.037,80,1359889667,0.0698653404268051,1.0,1.0,108.21894399123266
0.037,81,970187386,0.07889108584676216,1.0,1.0,108.31354500260204
0.037,82,1219839873,0.07842135890231218,1.0,1.0,108.03221899550408
0.037,83,1428160212,0.07337913104228559,1.0,1.0,108.04227799235377
0.037,84,1930609499,0.07522341559468662,1.0,1.0,107.94577900378499
0.037,85,710582861,0.07140945392753599,1.0,1.0,108.10904701065738
0.037,86,1463614337,0.07070885388540754,1.0,1.0,108.11177600407973
0.037,87,1940152705,0.06972664232809482,1.0,1.0,108.02242600766476
0.037,88,985452196,0.07271382123476006,1.0,1.0,108.02912300277967
0.037,89,552062587,0.07155320857396205,1.0,1.0,108.08297699259128
0.037,90,623566272,0.06672537134532869,1.0,1.0,107.98619300476275
0.037,91,729775797,0.07080266180404036,1.0,1.0,107.99256699101534
0.037,92,1352536665,0.08009536776450941,0.0,0.0,108.05644499487244
0.037,93,555883440,0.0712415383329555,1.0,1.0,108.10790299728978
0.037,94,1801800003,0.07772305034884726,1.0,1.0,108.02556299313437
0.037,95,763315502,0.06753709707649976,1.0,1.0,108.69917100353632
0.037,96,138897982,0.07064978554648933,1.0,1.0,108.09901800530497
0.037,97,10785379,0.06933401867002124,1.0,1.0,108.21130099066067
0.037,98,53923185,0.06712117434855104,1.0,1.0,108.06042500189506
0.037,99,1349917978,0.08502949789002019,0.0,0.0,107.23864501051139
0.038,0,1501552845,0.07574848828204869,1.0,1.0,108.18891300004907
0.038,1,488200390,0.07474439191910004,1.0,1.0,108.07478199421894
0.038,2,1693606510,0.07776022894480121,1.0,1.0,108.03980399214197
0.038,3,680233354,0.0732226795881842,1.0,1.0,108.05749599239789
0.038,4,438466540,0.07335206826328373,1.0,1.0,108.04179299157113
0.038,5,1712329280,0.0693861458991215,1.0,1.0,111.85241599741857
0.038,6,1380152455,0.07086443932186756,1.0,1.0,113.02780300320592
0.038,7,1452245846,0.06813807019050333,1.0,1.0,108.06583499652334
0.038,8,2122694021,0.06924891351427338,1.0,1.0,108.02682299981825
0.038,9,839901363,0.07194914660858917,1.0,1.0,107.89242299506441
0.038,10,1802651552,0.0819485603856062,0.0,0.0,108.96569000033196
0.038,11,714712467,0.0708310969367937,1.0,1.0,108.00410099909641
0.038,12,1218704077,0.07480095147806642,1.0,1.0,108.08925399032887
0.038,13,1284858263,0.06853281057275663,1.0,1.0,108.04726500646211
0.038,14,457721135,0.07219392062124926,1.0,1.0,108.10388399113435
0.038,15,401008609,0.07524035756879788,1.0,1.0,108.03539799235296
0.038,16,492064534,0.07227340043402795,1.0,1.0,107.98144900763873
0.038,17,1444732602,0.06867661096552893,1.0,1.0,108.15566200471949
0.038,18,1317426686,0.06967936104443448,1.0,1.0,108.03575000318233
0.038,19,2022506251,0.07158063321532093,1.0,1.0,108.13636799866799
0.038,20,1516459118,0.07304323298241883,1.0,1.0,108.03053100244142
0.038,21,533103612,0.07439373832711767,1.0,1.0,107.96594100247603
0.038,22,1964759878,0.07261174190806971,1.0,1.0,108.06869900261518
0.038,23,2037706756,0.07739351077311461,1.0,1.0,107.98070899909362
0.038,24,1572889065,0.07753387535664108,1.0,1.0,108.20729700208176
0.038,25,1432881518,0.07284473167465087,1.0,1.0,108.38035801134538
0.038,26,280516901,0.0748290935040748,1.0,1.0,108.16363000776619
0.038,27,205939248,0.07014559578970382,1.0,1.0,107.92010200384539
0.038,28,571904914,0.07636225698293608,1.0,1.0,107.93746799754445
0.038,29,948843457,0.07070832711616905,1.0,1.0,108.1040070130257
0.038,30,155492488,0.0731241746206981,1.0,1.0,108.3644119935343
0.038,31,1903701130,0.07423372133360673,1.0,1.0,108.15063699556049
0.038,32,1017961266,0.0732726805649079,1.0,1.0,108.0624159949366
0.038,33,1497769985,0.07096932881942147,1.0,1.0,107.95709700323641
0.038,34,456523489,0.07002729580640726,1.0,1.0,108.23537899705116
0.038,35,701095136,0.07037426318754601,1.0,1.0,108.17218999727629
0.038,36,249069576,0.07699358547708465,1.0,1.0,108.19909200654365
0.038,37,1576098728,0.0741372787786048,1.0,1.0,108.1859039986739
0.038,38,1662748500,0.0822832230481683,0.0,0.0,108.00296301022172
0.038,39,472736216,0.07116697724531951,1.0,1.0,108.272240991937
0.038,40,1535411295,0.07160887388572877,1.0,1.0,108.1746660056524
0.038,41,175223003,0.07163951651062446,1.0,1.0,108.09446200437378
0.038,42,840936862,0.07612473447766976,1.0,1.0,108.65933500463143
0.038,43,343373188,0.073754283381237,1.0,1.0,108.09607100964058
0.038,44,1597751082,0.06885994711116042,1.0,1.0,108.13679800776299
0.038,45,730359585,0.06895260868157468,1.0,1.0,108.17203400074504
0.038,46,1016641002,0.0747169076212639,1.0,1.0,108.25852300331462
0.038,47,998994690,0.07310047063170322,1.0,1.0,107.98598799738102
0.038,48,1021240743,0.07067102585148852,1.0,1.0,108.07199199916795
0.038,49,572134801,0.07155843609567897,1.0,1.0,108.06751399650238
0.038,50,1198399760,0.06838096174268514,1.0,1.0,108.1360669923015
0.038,51,1751866485,0.07946699098292521,1.0,1.0,108.00492101407144
0.038,52,1070889713,0.07108750441503905,1.0,1.0,107.56895200756844
0.038,53,415096539,0.07142201410088239,1.0,1.0,108.00924099748954
0.038,54,52416235,0.0723817320642095,1.0,1.0,108.17648499505594
0.038,55,278032723,0.07549806394104387,1.0,1.0,108.22718300914858
0.038,56,174946158,0.07661373680563348,1.0,1.0,108.25139599910472
0.038,57,196848554,0.06707007204216148,1.0,1.0,108.01663500024006
0.038,58,263030910,0.07311427452522377,1.0,1.0,108.02209599933121
0.038,59,1285415020,0.07404170007126525,1.0,1.0,108.1997319997754
0.038,60,1733223444,0.0679881878670443,1.0,1.0,108.04517500218935
0.038,61,1835544261,0.07469328372516043,1.0,1.0,108.01443399395794
0.038,62,1403186970,0.06806490171574212,1.0,1.0,108.07145500439219
0.038,63,1291971777,0.07390439395110018,1.0,1.0,107.9212360054953
0.038,64,712292067,0.07324352438012531,1.0,1.0,108.11422500410117
0.038,65,2001429764,0.0766972597852117,1.0,1.0,108.07689299690537
0.038,66,1375664061,0.0687006180815928,1.0,1.0,108.03227800352033
0.038,67,1556456120,0.07457906404105745,1.0,1.0,107.9910450062016
0.038,68,1576053187,0.06958337289732766,1.0,1.0,108.05354300828185
0.038,69,1848019881,0.0738836537622454,1.0,1.0,108.05044899461791
0.038,70,1508652585,0.07393892361876543,1.0,1.0,108.059799997136
0.038,71,1995737731,0.06849296256736652,1.0,1.0,107.85514899180271
0.038,72,1162788447,0.07483820167715464,1.0,1.0,108.10253799718339
0.038,73,1172925522,0.07289596295421306,1.0,1.0,108.12933499983046
0.038,74,539174575,0.07236760614741997,1.0,1.0,107.93832600757014
0.038,75,2013637345,0.07770624051773521,1.0,1.0,107.84616900491528
0.038,76,1187468716,0.06835043386137467,1.0,1.0,108.0864340037806
0.038,77,1062978506,0.0786873134927273,1.0,1.0,108.15990398987196
0.038,78,679326770,0.07337829458887629,1.0,1.0,107.94076000456698
0.038,79,587923432,0.07239442114415341,1.0,1.0,108.17886199220084
0.038,80,1359889667,0.0698653404268051,1.0,1.0,108.18633998860605
0.038,81,970187386,0.07418544341390018,1.0,1.0,108.04422199726105
0.038,82,1219839873,0.0710859840060478,1.0,1.0,108.12259200611152
0.038,83,1428160212,0.07962222677825308,1.0,1.0,108.01157799141947
0.038,84,1930609499,0.07900197077689025,1.0,1.0,108.14920200209599
0.038,85,710582861,0.07016161089590582,1.0,1.0,108.25755499536172
0.038,86,1463614337,0.07242112928219523,1.0,1.0,108.1114959961269
0.038,87,1940152705,0.06971779715351306,1.0,1.0,107.98874800093472
0.038,88,985452196,0.07271382123476006,1.0,1.0,108.03982400102541
0.038,89,552062587,0.07238186441515103,1.0,1.0,107.9403430048842
0.038,90,623566272,0.06672537134532869,1.0,1.0,108.07312201359309
0.038,91,729775797,0.07023606231763838,1.0,1.0,108.04830699635204
0.038,92,1352536665,0.07879720138310599,1.0,1.0,108.07504699914716
0.038,93,555883440,0.07357283211519457,1.0,1.0,107.96357000072021
0.038,94,1801800003,0.07747338601497132,1.0,1.0,107.97051001281943
0.038,95,763315502,0.07714984450758278,1.0,1.0,108.07553000631742
0.038,96,138897982,0.07313691049936245,1.0,1.0,108.06316099478863
0.038,97,10785379,0.0668793263910405,1.0,1.0,107.85522199876141
0.038,98,53923185,0.07165810042273227,1.0,1.0,107.39860999456141
0.038,99,1349917978,0.07158454094990058,1.0,1.0,107.30060801142827
0.039,0,1501552845,0.07308885883863347,1.0,1.0,108.0480200034799
0.039,1,488200390,0.0750097464343867,1.0,1.0,108.0259699956514
0.039,2,1693606510,0.07057466450781294,1.0,1.0,108.11655600264203
0.039,3,680233354,0.0732226795881842,1.0,1.0,110.09199899854138
0.039,4,438466540,0.07108172292485793,1.0,1.0,108.36306199780665
0.039,5,1712329280,0.0693861458991215,1.0,1.0,108.06724400026724
0.039,6,1380152455,0.07086443932186756,1.0,1.0,117.01629699382465
0.039,7,1452245846,0.06798225817465545,1.0,1.0,108.01836400059983
0.039,8,2122694021,0.06924891351427338,1.0,1.0,107.98891200101934
0.039,9,839901363,0.0737492583821281,1.0,1.0,108.19771300884895
0.039,10,1802651552,0.0734543168598804,1.0,1.0,108.05322400119621
0.039,11,714712467,0.0687778661062055,1.0,1.0,112.47640999499708
0.039,12,1218704077,0.07456485297332088,1.0,1.0,108.13707098714076
0.039,13,1284858263,0.06839368244205614,1.0,1.0,108.00109599949792
0.039,14,457721135,0.0720324643559072,1.0,1.0,108.01027399429586
0.039,15,401008609,0.07296377975426986,1.0,1.0,108.03780899732374
0.039,16,492064534,0.07227340043402795,1.0,1.0,108.13834700093139
0.039,17,1444732602,0.07078776362331198,1.0,1.0,108.06186599074863
0.039,18,1317426686,0.06967936104443448,1.0,1.0,107.90808699675836
0.039,19,2022506251,0.07626582002298167,1.0,1.0,113.48492199613247
0.039,20,1516459118,0.07470140992682177,1.0,1.0,108.21907799982
0.039,21,533103612,0.07015623771360065,1.0,1.0,107.93400599504821
0.039,22,1964759878,0.06918373107816042,1.0,1.0,110.7725850015413
0.039,23,2037706756,0.07392272532054692,1.0,1.0,108.11269299301784
0.039,24,1572889065,0.0737888697245388,1.0,1.0,108.15943899797276
0.039,25,1432881518,0.07284473167465087,1.0,1.0,107.96162800397724
0.039,26,280516901,0.08063421594692728,0.0,0.0,107.9640300013125
0.039,27,205939248,0.07458321393002568,1.0,1.0,108.24359300022479
0.039,28,571904914,0.07563402769955152,1.0,1.0,108.00668799492996
0.039,29,948843457,0.07070832711616905,1.0,1.0,108.40299099800177
0.039,30,155492488,0.07871459822673262,1.0,1.0,108.17815898917615
0.039,31,1903701130,0.07060536496966106,1.0,1.0,108.07010599819478
0.039,32,1017961266,0.0732726805649079,1.0,1.0,108.04057499626651
0.039,33,1497769985,0.07096932881942147,1.0,1.0,108.2509699917864
0.039,34,456523489,0.07047809603117808,1.0,1.0,109.37237700272817
0.039,35,701095136,0.07037426318754601,1.0,1.0,111.2853179947706
0.039,36,249069576,0.07595638622792218,1.0,1.0,108.03411499364302
0.039,37,1576098728,0.07532180180008884,1.0,1.0,107.9859339952236
0.039,38,1662748500,0.07051184774756451,1.0,1.0,108.0178729898762
0.039,39,472736216,0.07286276028965841,1.0,1.0,108.17911299818661
0.039,40,1535411295,0.07422547597920817,1.0,1.0,110.89008300041314
0.039,41,175223003,0.07163951651062446,1.0,1.0,108.4875579981599
0.039,42,840936862,0.07257204059831175,1.0,1.0,107.90962100145407
0.039,43,343373188,0.073754283381237,1.0,1.0,108.02562200115062
0.039,44,1597751082,0.06885994711116042,1.0,1.0,107.90945499320515
0.039,45,730359585,0.06981625793756574,1.0,1.0,108.15150500275195
0.039,46,1016641002,0.07962590185665464,1.0,1.0,108.05468101170845
0.039,47,998994690,0.07310047063170322,1.0,1.0,112.11629000899848
0.039,48,1021240743,0.07051142554077383,1.0,1.0,108.6965139984386
0.039,49,572134801,0.07935154893968868,1.0,1.0,108.11098499107175
0.039,50,1198399760,0.06838096174268514,1.0,1.0,108.03616300108843
0.039,51,1751866485,0.07416308290094772,1.0,1.0,108.20760899514426
0.039,52,1070889713,0.07108750441503905,1.0,1.0,107.92948000016622
0.039,53,415096539,0.07588146199942428,1.0,1.0,108.42269100248814
0.039,54,52416235,0.07166201438438244,1.0,1.0,107.98671100928914
0.039,55,278032723,0.07549806394104387,1.0,1.0,108.33055000694003
0.039,56,174946158,0.07361482627055309,1.0,1.0,108.30546800571028
0.039,57,196848554,0.07909321208529886,1.0,1.0,107.9580130026443
0.039,58,263030910,0.0775661238428429,1.0,1.0,107.99193999264389
0.039,59,1285415020,0.06532073176800517,1.0,1.0,108.00018000009004
0.039,60,1733223444,0.06859913336824647,1.0,1.0,107.94988000998273
0.039,61,1835544261,0.07607230496655681,1.0,1.0,108.27522601175588
0.039,62,1403186970,0.07083453379789394,1.0,1.0,108.28474498703144
0.039,63,1291971777,0.0753576931961951,1.0,1.0,108.05640199396294
0.039,64,712292067,0.07389402792549869,1.0,1.0,107.96213099092711
0.039,65,2001429764,0.07497601191839591,1.0,1.0,108.00815701077227
0.039,66,1375664061,0.0687006180815928,1.0,1.0,108.36060500878375
0.039,67,1556456120,0.07457906404105745,1.0,1.0,114.07302800216712
0.039,68,1576053187,0.06958337289732766,1.0,1.0,108.08387899305671
0.039,69,1848019881,0.0704915074556633,1.0,1.0,108.01590900518931
0.039,70,1508652585,0.07393892361876543,1.0,1.0,108.08206201181747
0.039,71,1995737731,0.07212131843721332,1.0,1.0,107.93521799496375
0.039,72,1162788447,0.07286195138931945,1.0,1.0,108.02916099783033
0.039,73,1172925522,0.07167968713721325,1.0,1.0,108.08776899648365
0.039,74,539174575,0.0742180047982752,1.0,1.0,107.98339699977078
0.039,75,2013637345,0.07615473071700102,1.0,1.0,108.1043860031059
0.039,76,1187468716,0.07788782731813541,1.0,1.0,107.97878600715194
0.039,77,1062978506,0.07320793716797987,1.0,1.0,108.2257100060815
0.039,78,679326770,0.07786933367352067,1.0,1.0,108.13399498874787
0.039,79,587923432,0.06792911354887932,1.0,1.0,108.66498100222088
0.039,80,1359889667,0.0698653404268051,1.0,1.0,108.19130000891164
0.039,81,970187386,0.07100990237427952,1.0,1.0,108.03903700434603
0.039,82,1219839873,0.08038911273190923,0.0,0.0,108.14519500127062
0.039,83,1428160212,0.07061138477514038,1.0,1.0,108.08390400779899
0.039,84,1930609499,0.07536972369496447,1.0,1.0,108.02354301267769
0.039,85,710582861,0.07016161089590582,1.0,1.0,108.09223999967799
0.039,86,1463614337,0.07198892569334966,1.0,1.0,108.02955699909944
0.039,87,1940152705,0.06972664232809482,1.0,1.0,108.00488099630456
0.039,88,985452196,0.07271382123476006,1.0,1.0,108.28541600494646
0.039,89,552062587,0.07230060281584125,1.0,1.0,108.39092099922709
0.039,90,623566272,0.06672537134532869,1.0,1.0,108.32479099917691
0.039,91,729775797,0.07527386926833365,1.0,1.0,108.12966400408186
0.039,92,1352536665,0.0710375971227477,1.0,1.0,110.62909600150306
0.039,93,555883440,0.07278062135131044,1.0,1.0,108.84857199562248
0.039,94,1801800003,0.06830233008906327,1.0,1.0,107.99212899291888
0.039,95,763315502,0.07774877165596814,1.0,1.0,109.74969899689313
0.039,96,138897982,0.0746282141555614,1.0,1.0,107.27578299702145
0.039,97,10785379,0.06933401867002124,1.0,1.0,107.45614199549891
0.039,98,53923185,0.07001116856810082,1.0,1.0,107.39643899432849
0.039,99,1349917978,0.06977471387684743,1.0,1.0,107.29188901314046
0.04,0,1501552845,0.07308885883863347,1.0,1.0,107.98725800123066
0.04,1,488200390,0.0750097464343867,1.0,1.0,107.37023298861459
0.04,2,1693606510,0.069411164298889,1.0,1.0,107.44490499200765
0.04,3,680233354,0.0732226795881842,1.0,1.0,107.40825500397477
0.04,4,438466540,0.07108172292485793,1.0,1.0,107.28725300577935
0.04,5,1712329280,0.0708426478272033,1.0,1.0,107.32912200910505
0.04,6,1380152455,0.07086443932186756,1.0,1.0,107.2504790063249
0.04,7,1452245846,0.06798225817465545,1.0,1.0,107.25231999822427
0.04,8,2122694021,0.06924891351427338,1.0,1.0,107.55336700822227
0.04,9,839901363,0.0737492583821281,1.0,1.0,107.3551400040742
0.04,10,1802651552,0.0734543168598804,1.0,1.0,107.35488499631174
0.04,11,714712467,0.0687778661062055,1.0,1.0,107.32805200677831
0.04,12,1218704077,0.07456485297332088,1.0,1.0,107.47708901180886
0.04,13,1284858263,0.06839368244205614,1.0,1.0,107.42263599240687
0.04,14,457721135,0.0720324643559072,1.0,1.0,107.42372900131159
0.04,15,401008609,0.07296377975426986,1.0,1.0,107.51460799656343
0.04,16,492064534,0.07227340043402795,1.0,1.0,107.58012199949007
0.04,17,1444732602,0.07078776362331198,1.0,1.0,107.65403798723128
0.04,18,1317426686,0.06967936104443448,1.0,1.0,107.55584199796431
0.04,19,2022506251,0.07626582002298167,1.0,1.0,107.53815100179054
0.04,20,1516459118,0.07470140992682177,1.0,1.0,107.5677379994886
0.04,21,533103612,0.07015623771360065,1.0,1.0,107.5160659966059
0.04,22,1964759878,0.06918373107816042,1.0,1.0,107.62928900658153
0.04,23,2037706756,0.07392272532054692,1.0,1.0,107.51806999905966
0.04,24,1572889065,0.0737888697245388,1.0,1.0,107.51910699764267
0.04,25,1432881518,0.07284473167465087,1.0,1.0,107.44899400742725
0.04,26,280516901,0.08063421594692728,0.0,0.0,107.44757299835328
0.04,27,205939248,0.07458321393002568,1.0,1.0,107.58226898906287
0.04,28,571904914,0.07563402769955152,1.0,1.0,107.59652400156483
0.04,29,948843457,0.07070832711616905,1.0,1.0,107.5788749876665
0.04,30,155492488,0.07871459822673262,1.0,1.0,107.57319499680307
0.04,31,1903701130,0.07060536496966106,1.0,1.0,107.48300100385677
0.04,32,1017961266,0.0732726805649079,1.0,1.0,107.54742800781969
0.04,33,1497769985,0.07096932881942147,1.0,1.0,107.48453000269365
0.04,34,456523489,0.07047809603117808,1.0,1.0,107.51337300462183
0.04,35,701095136,0.07037426318754601,1.0,1.0,107.49741899780929
0.04,36,249069576,0.07595638622792218,1.0,1.0,107.53450299671385
0.04,37,1576098728,0.07532180180008884,1.0,1.0,107.53771000599954
0.04,38,1662748500,0.07051184774756451,1.0,1.0,107.5609079998685
0.04,39,472736216,0.07286276028965841,1.0,1.0,107.52590399351902
0.04,40,1535411295,0.07422547597920817,1.0,1.0,107.57874300179537
0.04,41,175223003,0.07163951651062446,1.0,1.0,107.53675099113025
0.04,42,840936862,0.07257204059831175,1.0,1.0,107.48865899222437
0.04,43,343373188,0.073754283381237,1.0,1.0,107.54151499713771
0.04,44,1597751082,0.06885994711116042,1.0,1.0,107.52179598785006
0.04,45,730359585,0.06981625793756574,1.0,1.0,107.54153599555138
0.04,46,1016641002,0.07962590185665464,1.0,1.0,107.54501800693106
0.04,47,998994690,0.07310047063170322,1.0,1.0,107.60703201231081
0.04,48,1021240743,0.07051142554077383,1.0,1.0,107.5686780095566
0.04,49,572134801,0.07935154893968868,1.0,1.0,107.74444699927699
0.04,50,1198399760,0.06838096174268514,1.0,1.0,107.62908500328194
0.04,51,1751866485,0.07416308290094772,1.0,1.0,107.60117199970409
0.04,52,1070889713,0.07108750441503905,1.0,1.0,107.59083500306588
0.04,53,415096539,0.07588146199942428,1.0,1.0,107.64675300742965
0.04,54,52416235,0.07166201438438244,1.0,1.0,107.57573500450235
0.04,55,278032723,0.07549806394104387,1.0,1.0,107.57067200029269
0.04,56,174946158,0.07361482627055309,1.0,1.0,107.63285700522829
0.04,57,196848554,0.07909321208529886,1.0,1.0,107.74123801093083
0.04,58,263030910,0.0775661238428429,1.0,1.0,107.5740259984741
0.04,59,1285415020,0.06532073176800517,1.0,1.0,107.58799999894109
0.04,60,1733223444,0.06859913336824647,1.0,1.0,107.64803599158768
0.04,61,1835544261,0.07607230496655681,1.0,1.0,107.5988789962139
0.04,62,1403186970,0.07083453379789394,1.0,1.0,107.62571399391163
0.04,63,1291971777,0.0753576931961951,1.0,1.0,107.54445499333087
0.04,64,712292067,0.07389402792549869,1.0,1.0,107.54626600828487
0.04,65,2001429764,0.07497601191839591,1.0,1.0,107.59256100573111
0.04,66,1375664061,0.0687006180815928,1.0,1.0,107.67429300176445
0.04,67,1556456120,0.07457906404105745,1.0,1.0,107.59950899227988
0.04,68,1576053187,0.06958337289732766,1.0,1.0,107.63326700543985
0.04,69,1848019881,0.0704915074556633,1.0,1.0,107.67347399087157
0.04,70,1508652585,0.07393892361876543,1.0,1.0,107.60552099964116
0.04,71,1995737731,0.07212131843721332,1.0,1.0,107.56565300107468
0.04,72,1162788447,0.07286195138931945,1.0,1.0,107.59480300475843
0.04,73,1172925522,0.07167968713721325,1.0,1.0,107.60170299909078
0.04,74,539174575,0.0742180047982752,1.0,1.0,107.576385998982
0.04,75,2013637345,0.07615473071700102,1.0,1.0,107.5761790125398
0.04,76,1187468716,0.07788782731813541,1.0,1.0,107.55693999817595
0.04,77,1062978506,0.07320793716797987,1.0,1.0,107.56733000744134
0.04,78,679326770,0.07786933367352067,1.0,1.0,107.62143098691013
0.04,79,587923432,0.06792911354887932,1.0,1.0,107.55945999699179
0.04,80,1359889667,0.0698653404268051,1.0,1.0,107.70455100282561
0.04,81,970187386,0.07100990237427952,1.0,1.0,107.69433600944467
0.04,82,1219839873,0.08038911273190923,0.0,0.0,107.65788400021847
0.04,83,1428160212,0.07061138477514038,1.0,1.0,107.59799099469092
0.04,84,1930609499,0.07536972369496447,1.0,1.0,107.79070899297949
0.04,85,710582861,0.07016161089590582,1.0,1.0,107.68331300641876
0.04,86,1463614337,0.07198892569334966,1.0,1.0,107.80418899958022
0.04,87,1940152705,0.06972664232809482,1.0,1.0,113.09694701049011
0.04,88,985452196,0.07271382123476006,1.0,1.0,107.6449579995824
0.04,89,552062587,0.07230060281584125,1.0,1.0,107.75738699885551
0.04,90,623566272,0.06672537134532869,1.0,1.0,107.7059770032065
0.04,91,729775797,0.07527386926833365,1.0,1.0,107.62267500103917
0.04,92,1352536665,0.0710375971227477,1.0,1.0,107.6432779955212
0.04,93,555883440,0.07278062135131044,1.0,1.0,107.54206200363114
0.04,94,1801800003,0.06830233008906327,1.0,1.0,107.54080599872395
0.04,95,763315502,0.07774877165596814,1.0,1.0,107.58574400097132
0.04,96,138897982,0.0746282141555614,1.0,1.0,107.55593200156
0.04,97,10785379,0.06933401867002124,1.0,1.0,107.58873599115759
0.04,98,53923185,0.07001116856810082,1.0,1.0,107.6084669912234
0.04,99,1349917978,0.06977471387684743,1.0,1.0,107.67799499444664
0.041,0,1501552845,0.07308885883863347,1.0,1.0,108.0592880025506
0.041,1,488200390,0.0750097464343867,1.0,1.0,107.89882599783596
0.041,2,1693606510,0.07057466450781294,1.0,1.0,107.42582898819819
0.041,3,680233354,0.0732226795881842,1.0,1.0,107.31698501331266
0.041,4,438466540,0.07108172292485793,1.0,1.0,107.31134600064252
0.041,5,1712329280,0.0693861458991215,1.0,1.0,107.3058299953118
0.041,6,1380152455,0.07086443932186756,1.0,1.0,107.4413390015252
0.041,7,1452245846,0.06798225817465545,1.0,1.0,107.41874200175516
0.041,8,2122694021,0.06924891351427338,1.0,1.0,107.31356299947947
0.041,9,839901363,0.0737492583821281,1.0,1.0,107.37394899479114
0.041,10,1802651552,0.0734543168598804,1.0,1.0,107.37244099436793
0.041,11,714712467,0.0687778661062055,1.0,1.0,107.31729299004655
0.041,12,1218704077,0.07456485297332088,1.0,1.0,107.342792005511
0.041,13,1284858263,0.06839368244205614,1.0,1.0,107.41846999735571
0.041,14,457721135,0.0720324643559072,1.0,1.0,107.4935340002412
0.041,15,401008609,0.07296377975426986,1.0,1.0,107.56191000109538
0.041,16,492064534,0.07227340043402795,1.0,1.0,107.53941100847442
0.041,17,1444732602,0.07078776362331198,1.0,1.0,107.56184699130245
0.041,18,1317426686,0.06967936104443448,1.0,1.0,107.65983301098458
0.041,19,2022506251,0.07626582002298167,1.0,1.0,107.54172300221398
0.041,20,1516459118,0.07470140992682177,1.0,1.0,107.69074600830209
0.041,21,533103612,0.07015623771360065,1.0,1.0,107.54875100974459
0.041,22,1964759878,0.06918373107816042,1.0,1.0,107.55048500141129
0.041,23,2037706756,0.07392272532054692,1.0,1.0,107.50050700153224
0.041,24,1572889065,0.0737888697245388,1.0,1.0,107.51171199081
0.041,25,1432881518,0.07284473167465087,1.0,1.0,107.45428400696255
0.041,26,280516901,0.08063421594692728,0.0,0.0,107.47887199977413
0.041,27,205939248,0.07458321393002568,1.0,1.0,107.59378400689457
0.041,28,571904914,0.07563402769955152,1.0,1.0,107.62764599348884
0.041,29,948843457,0.07070832711616905,1.0,1.0,107.58319700835273
0.041,30,155492488,0.07871459822673262,1.0,1.0,107.59886199957691
0.041,31,1903701130,0.07060536496966106,1.0,1.0,107.51012800028548
0.041,32,1017961266,0.0732726805649079,1.0,1.0,107.47544400510378
0.041,33,1497769985,0.07096932881942147,1.0,1.0,107.70357699948363
0.041,34,456523489,0.07047809603117808,1.0,1.0,107.52880999643821
0.041,35,701095136,0.07037426318754601,1.0,1.0,107.80402699310798
0.041,36,249069576,0.07595638622792218,1.0,1.0,107.54332700162195
0.041,37,1576098728,0.07532180180008884,1.0,1.0,111.59477199544199
0.041,38,1662748500,0.07051184774756451,1.0,1.0,107.79065200767945
0.041,39,472736216,0.07286276028965841,1.0,1.0,107.50554400146939
0.041,40,1535411295,0.07422547597920817,1.0,1.0,107.69690200686455
0.041,41,175223003,0.07163951651062446,1.0,1.0,107.51979799533729
0.041,42,840936862,0.07257204059831175,1.0,1.0,107.55106700526085
0.041,43,343373188,0.073754283381237,1.0,1.0,107.56424399733078
0.041,44,1597751082,0.06885994711116042,1.0,1.0,107.49738199228887
0.041,45,730359585,0.06981625793756574,1.0,1.0,107.54683200502768
0.041,46,1016641002,0.07962590185665464,1.0,1.0,107.67245400347747
0.041,47,998994690,0.07310047063170322,1.0,1.0,107.5995760038495
0.041,48,1021240743,0.07051142554077383,1.0,1.0,107.57830599322915
0.041,49,572134801,0.07935154893968868,1.0,1.0,107.70932599552907
0.041,50,1198399760,0.06838096174268514,1.0,1.0,107.63661800592672
0.041,51,1751866485,0.07416308290094772,1.0,1.0,107.59257999598049
0.041,52,1070889713,0.07108750441503905,1.0,1.0,107.65066900057718
0.041,53,415096539,0.07588146199942428,1.0,1.0,107.62737398908939
0.041,54,52416235,0.07166201438438244,1.0,1.0,107.6278450054815
0.041,55,278032723,0.07549806394104387,1.0,1.0,107.59104999306146
0.041,56,174946158,0.07361482627055309,1.0,1.0,107.63310099719092
0.041,57,196848554,0.07909321208529886,1.0,1.0,107.7006809937302
0.041,58,263030910,0.0775661238428429,1.0,1.0,107.69521399924997
0.041,59,1285415020,0.06532073176800517,1.0,1.0,107.6136019983096
0.041,60,1733223444,0.06859913336824647,1.0,1.0,107.65094800444786
0.041,61,1835544261,0.07607230496655681,1.0,1.0,107.6150110020535
0.041,62,1403186970,0.07083453379789394,1.0,1.0,107.62777099444065
0.041,63,1291971777,0.0753576931961951,1.0,1.0,107.63215499173384
0.041,64,712292067,0.07389402792549869,1.0,1.0,107.63338599645067
0.041,65,2001429764,0.07497601191839591,1.0,1.0,107.6929709961405
0.041,66,1375664061,0.0687006180815928,1.0,1.0,107.7684740012046
0.041,67,1556456120,0.07457906404105745,1.0,1.0,107.71763999946415
0.041,68,1576053187,0.06958337289732766,1.0,1.0,107.58881000219844
0.041,69,1848019881,0.0704915074556633,1.0,1.0,107.66365700692404
0.041,70,1508652585,0.07393892361876543,1.0,1.0,107.62754699680954
0.041,71,1995737731,0.07212131843721332,1.0,1.0,107.60063500492834
0.041,72,1162788447,0.07286195138931945,1.0,1.0,107.60856000706553
0.041,73,1172925522,0.07167968713721325,1.0,1.0,107.64442400250118
0.041,74,539174575,0.0742180047982752,1.0,1.0,107.7080789982574
0.041,75,2013637345,0.07615473071700102,1.0,1.0,107.6339050050592
0.041,76,1187468716,0.07788782731813541,1.0,1.0,107.61311800160911
0.041,77,1062978506,0.07320793716797987,1.0,1.0,107.58910699223634
0.041,78,679326770,0.07786933367352067,1.0,1.0,107.61605099833105
0.041,79,587923432,0.06792911354887932,1.0,1.0,107.54087899113074
0.041,80,1359889667,0.0698653404268051,1.0,1.0,107.68464900320396
0.041,81,970187386,0.07100990237427952,1.0,1.0,107.71250999823678
0.041,82,1219839873,0.08038911273190923,0.0,0.0,107.66593799053226
0.041,83,1428160212,0.07061138477514038,1.0,1.0,107.6920759951463
0.041,84,1930609499,0.07536972369496447,1.0,1.0,108.92422599135898
0.041,85,710582861,0.07016161089590582,1.0,1.0,107.64252500666771
0.041,86,1463614337,0.07198892569334966,1.0,1.0,113.09250499471091
0.041,87,1940152705,0.06972664232809482,1.0,1.0,107.49527701409534
0.041,88,985452196,0.07271382123476006,1.0,1.0,107.48488000535872
0.041,89,552062587,0.07230060281584125,1.0,1.0,107.67850300180726
0.041,90,623566272,0.06672537134532869,1.0,1.0,107.60804401070345
0.041,91,729775797,0.07527386926833365,1.0,1.0,107.56206800579093
0.041,92,1352536665,0.0710375971227477,1.0,1.0,107.51242200785782
0.041,93,555883440,0.07278062135131044,1.0,1.0,107.49711099197157
0.041,94,1801800003,0.06830233008906327,1.0,1.0,107.54007399373222
0.041,95,763315502,0.07774877165596814,1.0,1.0,107.5703259994043
0.041,96,138897982,0.0746282141555614,1.0,1.0,107.56764499819838
0.041,97,10785379,0.06933401867002124,1.0,1.0,107.59123601019382
0.041,98,53923185,0.07001116856810082,1.0,1.0,107.61907599226106
0.041,99,1349917978,0.06977471387684743,1.0,1.0,107.66144400986377
0.042,0,1501552845,0.07308885883863347,1.0,1.0,107.79455798910931
0.042,1,488200390,0.0750097464343867,1.0,1.0,107.39254098734818
0.042,2,1693606510,0.07057466450781294,1.0,1.0,107.57262700644787
0.042,3,680233354,0.0732226795881842,1.0,1.0,107.5179869949352
0.042,4,438466540,0.07108172292485793,1.0,1.0,107.30929800774902
0.042,5,1712329280,0.0693861458991215,1.0,1.0,107.30886799865402
0.042,6,1380152455,0.07086443932186756,1.0,1.0,107.23999299807474
0.042,7,1452245846,0.06798225817465545,1.0,1.0,107.264505000785
0.042,8,2122694021,0.06924891351427338,1.0,1.0,107.32272500172257
0.042,9,839901363,0.0737492583821281,1.0,1.0,107.55726399656851
0.042,10,1802651552,0.0734543168598804,1.0,1.0,107.37204700126313
0.042,11,714712467,0.0687778661062055,1.0,1.0,107.3476300080074
0.042,12,1218704077,0.07456485297332088,1.0,1.0,107.40325399092399
0.042,13,1284858263,0.06839368244205614,1.0,1.0,107.42311899957713
0.042,14,457721135,0.0720324643559072,1.0,1.0,107.51827900821809
0.042,15,401008609,0.07296377975426986,1.0,1.0,107.5651650025975
0.042,16,492064534,0.07227340043402795,1.0,1.0,107.50459399423562
0.042,17,1444732602,0.07078776362331198,1.0,1.0,107.61683101009112
0.042,18,1317426686,0.06967936104443448,1.0,1.0,107.53311999724247
0.042,19,2022506251,0.07626582002298167,1.0,1.0,107.61461498623248
0.042,20,1516459118,0.07470140992682177,1.0,1.0,107.54398800781928
0.042,21,533103612,0.07015623771360065,1.0,1.0,107.59416299697477
0.042,22,1964759878,0.06918373107816042,1.0,1.0,107.61714400723577
0.042,23,2037706756,0.07392272532054692,1.0,1.0,107.5020140124252
0.042,24,1572889065,0.0737888697245388,1.0,1.0,107.49294700508472
0.042,25,1432881518,0.07284473167465087,1.0,1.0,107.45571099687368
0.042,26,280516901,0.08063421594692728,0.0,0.0,107.57048599771224
0.042,27,205939248,0.07458321393002568,1.0,1.0,107.64046500844415
0.042,28,571904914,0.07563402769955152,1.0,1.0,107.58267299388535
0.042,29,948843457,0.07070832711616905,1.0,1.0,107.74420000961982
0.042,30,155492488,0.07871459822673262,1.0,1.0,107.57112999272067
0.042,31,1903701130,0.07060536496966106,1.0,1.0,107.48051400878467
0.042,32,1017961266,0.0732726805649079,1.0,1.0,107.48685100406874
0.042,33,1497769985,0.07096932881942147,1.0,1.0,107.53800100064836
0.042,34,456523489,0.07047809603117808,1.0,1.0,107.52923300606199
0.042,35,701095136,0.07037426318754601,1.0,1.0,107.70338700967841
0.042,36,249069576,0.07595638622792218,1.0,1.0,107.54130900022574
0.042,37,1576098728,0.07532180180008884,1.0,1.0,107.57318700780161
0.042,38,1662748500,0.07051184774756451,1.0,1.0,107.53807600121945
0.042,39,472736216,0.07286276028965841,1.0,1.0,107.5508680078201
0.042,40,1535411295,0.07422547597920817,1.0,1.0,107.65473599894904
0.042,41,175223003,0.07163951651062446,1.0,1.0,107.49357400345616
0.042,42,840936862,0.07257204059831175,1.0,1.0,107.53329200088046
0.042,43,343373188,0.073754283381237,1.0,1.0,107.53871999622788
0.042,44,1597751082,0.06885994711116042,1.0,1.0,107.53611499967519
0.042,45,730359585,0.06981625793756574,1.0,1.0,107.53258300246671
0.042,46,1016641002,0.07962590185665464,1.0,1.0,107.61451999132987
0.042,47,998994690,0.07310047063170322,1.0,1.0,107.5441499997396
0.042,48,1021240743,0.07067102585148852,1.0,1.0,107.63081199547742
0.042,49,572134801,0.07935154893968868,1.0,1.0,107.63950900582131
0.042,50,1198399760,0.06838096174268514,1.0,1.0,107.62748299748637
0.042,51,1751866485,0.07416308290094772,1.0,1.0,107.60003699397203
0.042,52,1070889713,0.07108750441503905,1.0,1.0,107.60562799987383
0.042,53,415096539,0.07588146199942428,1.0,1.0,107.58475700276904
0.042,54,52416235,0.07166201438438244,1.0,1.0,107.58668699418195
0.042,55,278032723,0.07549806394104387,1.0,1.0,107.62363200774416
0.042,56,174946158,0.07361482627055309,1.0,1.0,107.63276299985591
0.042,57,196848554,0.07909321208529886,1.0,1.0,107.61707799974829
0.042,58,263030910,0.0775661238428429,1.0,1.0,107.62881700065918
0.042,59,1285415020,0.06532073176800517,1.0,1.0,107.6281139976345
0.042,60,1733223444,0.06859913336824647,1.0,1.0,107.59989399230108
0.042,61,1835544261,0.07607230496655681,1.0,1.0,107.62099298881367
0.042,62,1403186970,0.07083453379789394,1.0,1.0,107.5597140006721
0.042,63,1291971777,0.0753576931961951,1.0,1.0,107.54819599969778
0.042,64,712292067,0.07389402792549869,1.0,1.0,107.74672799743712
0.042,65,2001429764,0.07497601191839591,1.0,1.0,107.6020390028134
0.042,66,1375664061,0.0687006180815928,1.0,1.0,107.63368800689932
0.042,67,1556456120,0.07457906404105745,1.0,1.0,107.60788699553814
0.042,68,1576053187,0.06958337289732766,1.0,1.0,107.49403100635391
0.042,69,1848019881,0.0704915074556633,1.0,1.0,107.6231640035985
0.042,70,1508652585,0.07393892361876543,1.0,1.0,107.54675800853875
0.042,71,1995737731,0.07212131843721332,1.0,1.0,107.59167300420813
0.042,72,1162788447,0.07286195138931945,1.0,1.0,107.63188300188631
0.042,73,1172925522,0.07167968713721325,1.0,1.0,107.5642769865226
0.042,74,539174575,0.0742180047982752,1.0,1.0,107.57122401264496
0.042,75,2013637345,0.07615473071700102,1.0,1.0,107.71964299783576
0.042,76,1187468716,0.07788782731813541,1.0,1.0,107.59103100281209
0.042,77,1062978506,0.07320793716797987,1.0,1.0,107.6446719962405
0.042,78,679326770,0.07786933367352067,1.0,1.0,107.53382599796169
0.042,79,587923432,0.06792911354887932,1.0,1.0,107.52054200565908
0.042,80,1359889667,0.0698653404268051,1.0,1.0,107.6122530066641
0.042,81,970187386,0.07100990237427952,1.0,1.0,107.68294200534001
0.042,82,1219839873,0.08038911273190923,0.0,0.0,107.63919400051236
0.042,83,1428160212,0.07061138477514038,1.0,1.0,107.5922210002318
0.042,84,1930609499,0.07536972369496447,1.0,1.0,107.63526200025808
0.042,85,710582861,0.07016161089590582,1.0,1.0,107.80328199325595
0.042,86,1463614337,0.07198892569334966,1.0,1.0,108.5966029932024
0.042,87,1940152705,0.06972664232809482,1.0,1.0,107.49350998958107
0.042,88,985452196,0.07271382123476006,1.0,1.0,107.515613999567
0.042,89,552062587,0.07230060281584125,1.0,1.0,107.81447100453079
0.042,90,623566272,0.06672537134532869,1.0,1.0,107.52506500284653
0.042,91,729775797,0.07527386926833365,1.0,1.0,107.52773999411147
0.042,92,1352536665,0.0710375971227477,1.0,1.0,107.47331799939275
0.042,93,555883440,0.07278062135131044,1.0,1.0,107.55663200689014
0.042,94,1801800003,0.06830233008906327,1.0,1.0,107.59441700065508
0.042,95,763315502,0.07774877165596814,1.0,1.0,107.5547790096607
0.042,96,138897982,0.0746282141555614,1.0,1.0,107.57687399745919
0.042,97,10785379,0.06933401867002124,1.0,1.0,107.5787909940118
0.042,98,53923185,0.07001116856810082,1.0,1.0,107.65134500979912
0.042,99,1349917978,0.06977471387684743,1.0,1.0,107.68248100066558
0.043,0,1501552845,0.07308885883863347,1.0,1.0,107.92708299413789
0.043,1,488200390,0.0750097464343867,1.0,1.0,107.30117499770131
0.043,2,1693606510,0.069411164298889,1.0,1.0,107.38638399925549
0.043,3,680233354,0.0732226795881842,1.0,1.0,109.8401310009649
0.043,4,438466540,0.07108172292485793,1.0,1.0,107.28964499139693
0.043,5,1712329280,0.0708426478272033,1.0,1.0,110.21903800428845
0.043,6,1380152455,0.07086443932186756,1.0,1.0,107.24151600152254
0.043,7,1452245846,0.06798225817465545,1.0,1.0,107.40676600835286
0.043,8,2122694021,0.06924891351427338,1.0,1.0,107.50439899857156
0.043,9,839901363,0.0737492583821281,1.0,1.0,109.31581900513265
0.043,10,1802651552,0.0734543168598804,1.0,1.0,116.71560900867917
0.043,11,714712467,0.0687778661062055,1.0,1.0,112.8786420013057
0.043,12,1218704077,0.07456485297332088,1.0,1.0,109.32643299747724
0.043,13,1284858263,0.06839368244205614,1.0,1.0,107.66263300320134
0.043,14,457721135,0.0720324643559072,1.0,1.0,107.51941900525708
0.043,15,401008609,0.07296377975426986,1.0,1.0,107.64338199805934
0.043,16,492064534,0.07227340043402795,1.0,1.0,107.55190899362788
0.043,17,1444732602,0.07078776362331198,1.0,1.0,107.548375002807
0.043,18,1317426686,0.06967936104443448,1.0,1.0,107.5522340106545
0.043,19,2022506251,0.07626582002298167,1.0,1.0,108.15225201076828
0.043,20,1516459118,0.07470140992682177,1.0,1.0,107.50851398915984
0.043,21,533103612,0.07015623771360065,1.0,1.0,107.54949299735017
0.043,22,1964759878,0.06918373107816042,1.0,1.0,107.50569899391849
0.043,23,2037706756,0.07392272532054692,1.0,1.0,107.47625099611469
0.043,24,1572889065,0.0737888697245388,1.0,1.0,107.43464299594052
0.043,25,1432881518,0.07284473167465087,1.0,1.0,108.86039400065783
0.043,26,280516901,0.08063421594692728,0.0,0.0,110.01615700661205
0.043,27,205939248,0.07458321393002568,1.0,1.0,107.57816101249773
0.043,28,571904914,0.07563402769955152,1.0,1.0,107.62348100251984
0.043,29,948843457,0.07070832711616905,1.0,1.0,107.5599720061291
0.043,30,155492488,0.07871459822673262,1.0,1.0,107.47987098875456
0.043,31,1903701130,0.07060536496966106,1.0,1.0,108.0723569903057
0.043,32,1017961266,0.0732726805649079,1.0,1.0,107.5720920052845
0.043,33,1497769985,0.07096932881942147,1.0,1.0,107.53446399758104
0.043,34,456523489,0.07047809603117808,1.0,1.0,107.54041800100822
0.043,35,701095136,0.07037426318754601,1.0,1.0,107.54055800498463
0.043,36,249069576,0.07595638622792218,1.0,1.0,107.50259300402831
0.043,37,1576098728,0.07532180180008884,1.0,1.0,107.54678800003603
0.043,38,1662748500,0.07051184774756451,1.0,1.0,107.50377899967134
0.043,39,472736216,0.07286276028965841,1.0,1.0,107.70152699842583
0.043,40,1535411295,0.07422547597920817,1.0,1.0,107.62070700002369
0.043,41,175223003,0.07163951651062446,1.0,1.0,107.47985399211757
0.043,42,840936862,0.07257204059831175,1.0,1.0,107.54045999783557
0.043,43,343373188,0.073754283381237,1.0,1.0,107.49998099345248
0.043,44,1597751082,0.06885994711116042,1.0,1.0,107.54031600663438
0.043,45,730359585,0.06981625793756574,1.0,1.0,107.58275000262074
0.043,46,1016641002,0.07962590185665464,1.0,1.0,107.60168499837164
0.043,47,998994690,0.07310047063170322,1.0,1.0,107.59271199640352
0.043,48,1021240743,0.07051142554077383,1.0,1.0,107.65098698902875
0.043,49,572134801,0.07935154893968868,1.0,1.0,107.61231399374083
0.043,50,1198399760,0.06838096174268514,1.0,1.0,107.59586599306203
0.043,51,1751866485,0.07416308290094772,1.0,1.0,107.58326499490067
0.043,52,1070889713,0.07108750441503905,1.0,1.0,107.64480799844023
0.043,53,415096539,0.07588146199942428,1.0,1.0,109.00193500856403
0.043,54,52416235,0.07166201438438244,1.0,1.0,107.55243799940217
0.043,55,278032723,0.07549806394104387,1.0,1.0,107.63926999061368
0.043,56,174946158,0.07361482627055309,1.0,1.0,107.57962800562382
0.043,57,196848554,0.07909321208529886,1.0,1.0,107.58161199919414
0.043,58,263030910,0.0775661238428429,1.0,1.0,108.04090499004815
0.043,59,1285415020,0.06532073176800517,1.0,1.0,112.27361299097538
0.043,60,1733223444,0.06859913336824647,1.0,1.0,107.59575199335814
0.043,61,1835544261,0.07607230496655681,1.0,1.0,107.77596301340964
0.043,62,1403186970,0.07083453379789394,1.0,1.0,107.61643300065771
0.043,63,1291971777,0.0753576931961951,1.0,1.0,107.61597700184211
0.043,64,712292067,0.07389402792549869,1.0,1.0,107.64434000884648
0.043,65,2001429764,0.07497601191839591,1.0,1.0,107.55207100010011
0.043,66,1375664061,0.0687006180815928,1.0,1.0,107.64708199712913
0.043,67,1556456120,0.07457906404105745,1.0,1.0,108.28455501177814
0.043,68,1576053187,0.06958337289732766,1.0,1.0,107.52704899641685
0.043,69,1848019881,0.0704915074556633,1.0,1.0,108.81645799963735
0.043,70,1508652585,0.07393892361876543,1.0,1.0,107.56622500775848
0.043,71,1995737731,0.07212131843721332,1.0,1.0,107.5768849987071
0.043,72,1162788447,0.07286195138931945,1.0,1.0,108.50453500461299
0.043,73,1172925522,0.07167968713721325,1.0,1.0,107.55996099032927
0.043,74,539174575,0.0742180047982752,1.0,1.0,107.60003600444179
0.043,75,2013637345,0.07615473071700102,1.0,1.0,107.64028500125278
0.043,76,1187468716,0.07788782731813541,1.0,1.0,107.51078900648281
0.043,77,1062978506,0.07320793716797987,1.0,1.0,108.90098099480383
0.043,78,679326770,0.07786933367352067,1.0,1.0,107.61315999843646
0.043,79,587923432,0.06792911354887932,1.0,1.0,107.54296499362681
0.043,80,1359889667,0.0698653404268051,1.0,1.0,108.92802600574214
0.043,81,970187386,0.07100990237427952,1.0,1.0,109.15954298980068
0.043,82,1219839873,0.08038911273190923,0.0,0.0,107.60327299067285
0.043,83,1428160212,0.07061138477514038,1.0,1.0,107.7068140002666
0.043,84,1930609499,0.07536972369496447,1.0,1.0,107.89672999817412
0.043,85,710582861,0.07016161089590582,1.0,1.0,107.82855001161806
0.043,86,1463614337,0.07198892569334966,1.0,1.0,118.5837899975013
0.043,87,1940152705,0.06972664232809482,1.0,1.0,107.60547600511927
0.043,88,985452196,0.07271382123476006,1.0,1.0,107.77381199295633
0.043,89,552062587,0.07230060281584125,1.0,1.0,108.59771800460294
0.043,90,623566272,0.06672537134532869,1.0,1.0,107.51431899552699
0.043,91,729775797,0.07527386926833365,1.0,1.0,107.62581000744831
0.043,92,1352536665,0.0710375971227477,1.0,1.0,107.49852300796192
0.043,93,555883440,0.07278062135131044,1.0,1.0,107.69975899893325
0.043,94,1801800003,0.06830233008906327,1.0,1.0,107.75094899872784
0.043,95,763315502,0.07774877165596814,1.0,1.0,107.7160060085589
0.043,96,138897982,0.0746282141555614,1.0,1.0,107.83507399901282
0.043,97,10785379,0.06933401867002124,1.0,1.0,108.55525199440308
0.043,98,53923185,0.07001116856810082,1.0,1.0,107.81372799829114
0.043,99,1349917978,0.06977471387684743,1.0,1.0,107.881614996586
0.044,0,1501552845,0.07308885883863347,1.0,1.0,107.87528000946622
0.044,1,488200390,0.07223168891506479,1.0,1.0,107.40367800462991
0.044,2,1693606510,0.07057466450781294,1.0,1.0,107.8523239993956
0.044,3,680233354,0.0732226795881842,1.0,1.0,107.28660199674778
0.044,4,438466540,0.07108172292485793,1.0,1.0,107.29940299643204
0.044,5,1712329280,0.0693861458991215,1.0,1.0,107.22167498897761
0.044,6,1380152455,0.07086443932186756,1.0,1.0,107.24618600215763
0.044,7,1452245846,0.06798225817465545,1.0,1.0,107.30378900188953
0.044,8,2122694021,0.06924891351427338,1.0,1.0,107.36699099652469
0.044,9,839901363,0.0737492583821281,1.0,1.0,107.36808400542941
0.044,10,1802651552,0.0734543168598804,1.0,1.0,107.3634630010929
0.044,11,714712467,0.0687778661062055,1.0,1.0,107.34114400111139
0.044,12,1218704077,0.07456485297332088,1.0,1.0,107.4338229955174
0.044,13,1284858263,0.06839368244205614,1.0,1.0,107.4404399987543
0.044,14,457721135,0.0720324643559072,1.0,1.0,107.50090099463705
0.044,15,401008609,0.07296377975426986,1.0,1.0,107.75667300913483
0.044,16,492064534,0.07227340043402795,1.0,1.0,107.57834700052626
0.044,17,1444732602,0.07078776362331198,1.0,1.0,107.55752499972004
0.044,18,1317426686,0.06967936104443448,1.0,1.0,107.5700829969719
0.044,19,2022506251,0.07626582002298167,1.0,1.0,108.42281799705233
0.044,20,1516459118,0.07470140992682177,1.0,1.0,107.50885101151653
0.044,21,533103612,0.07015623771360065,1.0,1.0,107.54707398882601
0.044,22,1964759878,0.06918373107816042,1.0,1.0,107.49201600265224
0.044,23,2037706756,0.07392272532054692,1.0,1.0,107.5272779999068
0.044,24,1572889065,0.0737888697245388,1.0,1.0,107.46718299924396
0.044,25,1432881518,0.07284473167465087,1.0,1.0,107.72575400187634
0.044,26,280516901,0.08063421594692728,0.0,0.0,107.6785600016592
0.044,27,205939248,0.07458321393002568,1.0,1.0,107.61644800368231
0.044,28,571904914,0.07563402769955152,1.0,1.0,107.5786230067024
0.044,29,948843457,0.07070832711616905,1.0,1.0,107.54801699658856
0.044,30,155492488,0.0658996378296821,1.0,1.0,107.49279499577824
0.044,31,1903701130,0.07060536496966106,1.0,1.0,107.47250998974778
0.044,32,1017961266,0.0732726805649079,1.0,1.0,107.4844429967925
0.044,33,1497769985,0.07096932881942147,1.0,1.0,107.53569399821572
0.044,34,456523489,0.07047809603117808,1.0,1.0,107.51219499798026
0.044,35,701095136,0.07037426318754601,1.0,1.0,107.53885700250976
0.044,36,249069576,0.07595638622792218,1.0,1.0,107.52167900500353
0.044,37,1576098728,0.07532180180008884,1.0,1.0,107.67293800017796
0.044,38,1662748500,0.07051184774756451,1.0,1.0,107.54872599500231
0.044,39,472736216,0.07286276028965841,1.0,1.0,107.65651799738407
0.044,40,1535411295,0.07422547597920817,1.0,1.0,107.52949200104922
0.044,41,175223003,0.07163951651062446,1.0,1.0,107.50955999537837
0.044,42,840936862,0.07257204059831175,1.0,1.0,107.52959799719974
0.044,43,343373188,0.073754283381237,1.0,1.0,107.49368301185314
0.044,44,1597751082,0.06885994711116042,1.0,1.0,107.54270099278074
0.044,45,730359585,0.06981625793756574,1.0,1.0,107.52665699692443
0.044,46,1016641002,0.07962590185665464,1.0,1.0,107.63534199213609
0.044,47,998994690,0.07310047063170322,1.0,1.0,107.67544400005136
0.044,48,1021240743,0.07051142554077383,1.0,1.0,107.6516910106875
0.044,49,572134801,0.07935154893968868,1.0,1.0,107.61802100751083
0.044,50,1198399760,0.06838096174268514,1.0,1.0,107.60288601159118
0.044,51,1751866485,0.07416308290094772,1.0,1.0,107.60535800363868
0.044,52,1070889713,0.07108750441503905,1.0,1.0,107.60169599961955
0.044,53,415096539,0.07588146199942428,1.0,1.0,107.57191199809313
0.044,54,52416235,0.07166201438438244,1.0,1.0,107.56027800380252
0.044,55,278032723,0.07549806394104387,1.0,1.0,107.83279799215961
0.044,56,174946158,0.07361482627055309,1.0,1.0,107.58999100653455
0.044,57,196848554,0.07909321208529886,1.0,1.0,107.63614300230984
0.044,58,263030910,0.0775661238428429,1.0,1.0,107.59254099684767
0.044,59,1285415020,0.06532073176800517,1.0,1.0,107.5609940016875
0.044,60,1733223444,0.06859913336824647,1.0,1.0,107.60038500302471
0.044,61,1835544261,0.07607230496655681,1.0,1.0,107.61257199919783
0.044,62,1403186970,0.07083453379789394,1.0,1.0,107.64062299858779
0.044,63,1291971777,0.0753576931961951,1.0,1.0,107.55495900230017
0.044,64,712292067,0.07389402792549869,1.0,1.0,107.5787199952174
0.044,65,2001429764,0.07497601191839591,1.0,1.0,107.64837100578006
0.044,66,1375664061,0.0687006180815928,1.0,1.0,107.77370500727557
0.044,67,1556456120,0.07457906404105745,1.0,1.0,107.52867600240279
0.044,68,1576053187,0.06958337289732766,1.0,1.0,107.50677200849168
0.044,69,1848019881,0.0704915074556633,1.0,1.0,107.59369799052365
0.044,70,1508652585,0.07393892361876543,1.0,1.0,107.59613101254217
0.044,71,1995737731,0.07212131843721332,1.0,1.0,107.61440500209574
0.044,72,1162788447,0.07286195138931945,1.0,1.0,107.64360199391376
0.044,73,1172925522,0.07167968713721325,1.0,1.0,107.56919199775439
0.044,74,539174575,0.0742180047982752,1.0,1.0,107.60524099168833
0.044,75,2013637345,0.07615473071700102,1.0,1.0,107.56270999263506
0.044,76,1187468716,0.07788782731813541,1.0,1.0,107.492804992944
0.044,77,1062978506,0.07320793716797987,1.0,1.0,107.56061700521968
0.044,78,679326770,0.07786933367352067,1.0,1.0,107.5844830047572
0.044,79,587923432,0.06792911354887932,1.0,1.0,107.77249799866695
0.044,80,1359889667,0.0698653404268051,1.0,1.0,107.6559140055906
0.044,81,970187386,0.07100990237427952,1.0,1.0,107.76983699179254
0.044,82,1219839873,0.08038911273190923,0.0,0.0,107.81027599296067
0.044,83,1428160212,0.07061138477514038,1.0,1.0,107.61241399450228
0.044,84,1930609499,0.07536972369496447,1.0,1.0,107.71601500164252
0.044,85,710582861,0.07016161089590582,1.0,1.0,107.61733000981621
0.044,86,1463614337,0.07198892569334966,1.0,1.0,113.12921199714765
0.044,87,1940152705,0.06972664232809482,1.0,1.0,107.586795988027
0.044,88,985452196,0.07271382123476006,1.0,1.0,107.56461099663284
0.044,89,552062587,0.07230060281584125,1.0,1.0,107.68060099508148
0.044,90,623566272,0.06672537134532869,1.0,1.0,107.72066199569963
0.044,91,729775797,0.07527386926833365,1.0,1.0,107.70504298852757
0.044,92,1352536665,0.0710375971227477,1.0,1.0,107.66972100827843
0.044,93,555883440,0.07278062135131044,1.0,1.0,107.54593799356371
0.044,94,1801800003,0.06830233008906327,1.0,1.0,107.5896439870121
0.044,95,763315502,0.07774877165596814,1.0,1.0,107.69372199138161
0.044,96,138897982,0.0746282141555614,1.0,1.0,107.61401399213355
0.044,97,10785379,0.06933401867002124,1.0,1.0,107.61289099173155
0.044,98,53923185,0.07001116856810082,1.0,1.0,107.65539499698207
0.044,99,1349917978,0.06977471387684743,1.0,1.0,107.68466000445187
0.045,0,1501552845,0.07308885883863347,1.0,1.0,107.30913700535893
0.045,1,488200390,0.0750097464343867,1.0,1.0,107.55931299354415
0.045,2,1693606510,0.07057466450781294,1.0,1.0,107.28752599970903
0.045,3,680233354,0.0732226795881842,1.0,1.0,107.61903000820894
0.045,4,438466540,0.07108172292485793,1.0,1.0,107.51047899248078
0.045,5,1712329280,0.0693861458991215,1.0,1.0,107.22540999995545
0.045,6,1380152455,0.07086443932186756,1.0,1.0,107.5107479991857
0.045,7,1452245846,0.06798225817465545,1.0,1.0,107.41934399993625
0.045,8,2122694021,0.06924891351427338,1.0,1.0,107.36797099525575
0.045,9,839901363,0.0737492583821281,1.0,1.0,107.60675799974706
0.045,10,1802651552,0.0734543168598804,1.0,1.0,107.40049699961673
0.045,11,714712467,0.0687778661062055,1.0,1.0,107.42187999130692
0.045,12,1218704077,0.07456485297332088,1.0,1.0,107.55461400549393
0.045,13,1284858263,0.06839368244205614,1.0,1.0,107.50825100694783
0.045,14,457721135,0.0720324643559072,1.0,1.0,107.67028799455147
0.045,15,401008609,0.07296377975426986,1.0,1.0,107.79537900816649
0.045,16,492064534,0.07227340043402795,1.0,1.0,107.65111701039132
0.045,17,1444732602,0.07078776362331198,1.0,1.0,107.55692100792658
0.045,18,1317426686,0.06967936104443448,1.0,1.0,107.63144599332009
0.045,19,2022506251,0.07626582002298167,1.0,1.0,107.50999400625005
0.045,20,1516459118,0.07470140992682177,1.0,1.0,107.55865099781659
0.045,21,533103612,0.07015623771360065,1.0,1.0,107.50513900711667
0.045,22,1964759878,0.06918373107816042,1.0,1.0,107.51772900403012
0.045,23,2037706756,0.07392272532054692,1.0,1.0,107.4628790083807
0.045,24,1572889065,0.0737888697245388,1.0,1.0,107.47102899767924
0.045,25,1432881518,0.07284473167465087,1.0,1.0,107.56415399373509
0.045,26,280516901,0.08063421594692728,0.0,0.0,107.59247500391211
0.045,27,205939248,0.07458321393002568,1.0,1.0,107.57766199822072
0.045,28,571904914,0.07563402769955152,1.0,1.0,107.55765999783762
0.045,29,948843457,0.07070832711616905,1.0,1.0,107.49294600100257
0.045,30,155492488,0.0658996378296821,1.0,1.0,107.53146199567709
0.045,31,1903701130,0.07060536496966106,1.0,1.0,107.53059999842662
0.045,32,1017961266,0.0732726805649079,1.0,1.0,107.53502200532239
0.045,33,1497769985,0.07096932881942147,1.0,1.0,107.52090900496114
0.045,34,456523489,0.07047809603117808,1.0,1.0,107.5305950071197
0.045,35,701095136,0.07037426318754601,1.0,1.0,107.57661500247195
0.045,36,249069576,0.07595638622792218,1.0,1.0,107.56254899024498
0.045,37,1576098728,0.07532180180008884,1.0,1.0,107.71365300752223
0.045,38,1662748500,0.07051184774756451,1.0,1.0,107.5831900088815
0.045,39,472736216,0.07286276028965841,1.0,1.0,107.52987100568134
0.045,40,1535411295,0.07422547597920817,1.0,1.0,107.486221997533
0.045,41,175223003,0.07163951651062446,1.0,1.0,107.53290700085927
0.045,42,840936862,0.07257204059831175,1.0,1.0,107.50723199453205
0.045,43,343373188,0.073754283381237,1.0,1.0,107.58179500408005
0.045,44,1597751082,0.06885994711116042,1.0,1.0,107.55035599868279
0.045,45,730359585,0.06981625793756574,1.0,1.0,107.59943298762664
0.045,46,1016641002,0.07962590185665464,1.0,1.0,107.55930900631938
0.045,47,998994690,0.07310047063170322,1.0,1.0,107.6213610067498
0.045,48,1021240743,0.07051142554077383,1.0,1.0,107.62005600554403
0.045,49,572134801,0.07935154893968868,1.0,1.0,107.60590300196782
0.045,50,1198399760,0.06838096174268514,1.0,1.0,107.60192900488619
0.045,51,1751866485,0.07416308290094772,1.0,1.0,107.60204200050794
0.045,52,1070889713,0.07108750441503905,1.0,1.0,107.57654000190087
0.045,53,415096539,0.07588146199942428,1.0,1.0,107.58711000380572
0.045,54,52416235,0.07166201438438244,1.0,1.0,107.63434499676805
0.045,55,278032723,0.07549806394104387,1.0,1.0,107.57409100187942
0.045,56,174946158,0.07361482627055309,1.0,1.0,107.58980399987195
0.045,57,196848554,0.07909321208529886,1.0,1.0,107.90084500331432
0.045,58,263030910,0.0775661238428429,1.0,1.0,107.8457929979777
0.045,59,1285415020,0.06532073176800517,1.0,1.0,107.61659999843687
0.045,60,1733223444,0.06859913336824647,1.0,1.0,107.62646100192796
0.045,61,1835544261,0.07607230496655681,1.0,1.0,107.54979000193998
0.045,62,1403186970,0.07083453379789394,1.0,1.0,107.55375000007916
0.045,63,1291971777,0.0753576931961951,1.0,1.0,107.59016800147947
0.045,64,712292067,0.07389402792549869,1.0,1.0,107.59961800067686
0.045,65,2001429764,0.07497601191839591,1.0,1.0,107.65402000106405
0.045,66,1375664061,0.0687006180815928,1.0,1.0,107.53465699963272
0.045,67,1556456120,0.07457906404105745,1.0,1.0,107.50158200971782
0.045,68,1576053187,0.06958337289732766,1.0,1.0,107.63222600508016
0.045,69,1848019881,0.0704915074556633,1.0,1.0,107.56765599944629
0.045,70,1508652585,0.07393892361876543,1.0,1.0,107.57951799314469
0.045,71,1995737731,0.07212131843721332,1.0,1.0,107.61625900340732
0.045,72,1162788447,0.07286195138931945,1.0,1.0,107.57311999623198
0.045,73,1172925522,0.07167968713721325,1.0,1.0,107.58161700505298
0.045,74,539174575,0.0742180047982752,1.0,1.0,107.55727200012188
0.045,75,2013637345,0.07615473071700102,1.0,1.0,107.54396900301799
0.045,76,1187468716,0.07788782731813541,1.0,1.0,107.6952080038609
0.045,77,1062978506,0.07320793716797987,1.0,1.0,107.54233101033606
0.045,78,679326770,0.07786933367352067,1.0,1.0,107.6644349959679
0.045,79,587923432,0.06792911354887932,1.0,1.0,107.6341890002368
0.045,80,1359889667,0.0698653404268051,1.0,1.0,107.66390900244005
0.045,81,970187386,0.07100990237427952,1.0,1.0,107.59005400177557
0.045,82,1219839873,0.08038911273190923,0.0,0.0,107.72932399413548
0.045,83,1428160212,0.07061138477514038,1.0,1.0,107.64152200135868
0.045,84,1930609499,0.07536972369496447,1.0,1.0,107.80840899678878
0.045,85,710582861,0.07016161089590582,1.0,1.0,113.88097199960612
0.045,86,1463614337,0.07198892569334966,1.0,1.0,107.7661379968049
0.045,87,1940152705,0.06972664232809482,1.0,1.0,107.52436598704662
0.045,88,985452196,0.07271382123476006,1.0,1.0,107.56174800917506
0.045,89,552062587,0.07230060281584125,1.0,1.0,107.55140200490132
0.045,90,623566272,0.06672537134532869,1.0,1.0,107.52651799703017
0.045,91,729775797,0.07527386926833365,1.0,1.0,107.53038100665435
0.045,92,1352536665,0.0710375971227477,1.0,1.0,107.53494399250485
0.045,93,555883440,0.07278062135131044,1.0,1.0,107.57390799699351
0.045,94,1801800003,0.06830233008906327,1.0,1.0,107.57396000553854
0.045,95,763315502,0.07774877165596814,1.0,1.0,107.61470599391032
0.045,96,138897982,0.0746282141555614,1.0,1.0,107.62602199974936
0.045,97,10785379,0.06933401867002124,1.0,1.0,107.68294100125786
0.045,98,53923185,0.07001116856810082,1.0,1.0,107.65485800220631
0.045,99,1349917978,0.06977471387684743,1.0,1.0,107.64000700146426
0.046,0,1501552845,0.07308885883863347,1.0,1.0,107.32069300138392
0.046,1,488200390,0.0750097464343867,1.0,1.0,107.29010100476444
0.046,2,1693606510,0.069411164298889,1.0,1.0,107.39287799515296
0.046,3,680233354,0.0732226795881842,1.0,1.0,107.24488699634094
0.046,4,438466540,0.07108172292485793,1.0,1.0,107.24857800232712
0.046,5,1712329280,0.0708426478272033,1.0,1.0,107.58348299714271
0.046,6,1380152455,0.07086443932186756,1.0,1.0,107.39219500101171
0.046,7,1452245846,0.06798225817465545,1.0,1.0,107.43385000387207
0.046,8,2122694021,0.06924891351427338,1.0,1.0,107.33422900375444
0.046,9,839901363,0.0737492583821281,1.0,1.0,107.47574899869505
0.046,10,1802651552,0.0734543168598804,1.0,1.0,107.43515699869022
0.046,11,714712467,0.0687778661062055,1.0,1.0,107.58810701372568
0.046,12,1218704077,0.07456485297332088,1.0,1.0,107.55796599551104
0.046,13,1284858263,0.06839368244205614,1.0,1.0,107.51879701274447
0.046,14,457721135,0.0720324643559072,1.0,1.0,107.55419899942353
0.046,15,401008609,0.07296377975426986,1.0,1.0,107.55467899434734
0.046,16,492064534,0.07227340043402795,1.0,1.0,107.56975199910812
0.046,17,1444732602,0.07078776362331198,1.0,1.0,107.62120599974878
0.046,18,1317426686,0.06967936104443448,1.0,1.0,107.53096599364653
0.046,19,2022506251,0.07626582002298167,1.0,1.0,107.53083799500018
0.046,20,1516459118,0.07470140992682177,1.0,1.0,107.49332299747039
0.046,21,533103612,0.07015623771360065,1.0,1.0,107.479364000028
0.046,22,1964759878,0.06918373107816042,1.0,1.0,107.46157000539824
0.046,23,2037706756,0.07392272532054692,1.0,1.0,107.67258598934859
0.046,24,1572889065,0.0737888697245388,1.0,1.0,107.57508700771723
0.046,25,1432881518,0.07284473167465087,1.0,1.0,107.87709699070547
0.046,26,280516901,0.08063421594692728,0.0,0.0,107.57947999809403
0.046,27,205939248,0.07458321393002568,1.0,1.0,107.56040400883649
0.046,28,571904914,0.07563402769955152,1.0,1.0,107.61238800478168
0.046,29,948843457,0.07070832711616905,1.0,1.0,107.58856000029482
0.046,30,155492488,0.07871459822673262,1.0,1.0,107.49870499421377
0.046,31,1903701130,0.07060536496966106,1.0,1.0,107.51935100415722
0.046,32,1017961266,0.0732726805649079,1.0,1.0,107.53137699794024
0.046,33,1497769985,0.07096932881942147,1.0,1.0,107.55948199948762
0.046,34,456523489,0.07047809603117808,1.0,1.0,107.65504000301007
0.046,35,701095136,0.07037426318754601,1.0,1.0,107.65300899220165
0.046,36,249069576,0.07595638622792218,1.0,1.0,107.53331599698868
0.046,37,1576098728,0.07532180180008884,1.0,1.0,107.56688100809697
0.046,38,1662748500,0.07051184774756451,1.0,1.0,107.55359299946576
0.046,39,472736216,0.07286276028965841,1.0,1.0,107.6482170028612
0.046,40,1535411295,0.07422547597920817,1.0,1.0,107.55591798806563
0.046,41,175223003,0.07163951651062446,1.0,1.0,107.48609699658118
0.046,42,840936862,0.07257204059831175,1.0,1.0,107.54999199707527
0.046,43,343373188,0.073754283381237,1.0,1.0,107.52865999529604
0.046,44,1597751082,0.06885994711116042,1.0,1.0,107.6757200062275
0.046,45,730359585,0.06981625793756574,1.0,1.0,107.57410599035211
0.046,46,1016641002,0.07962590185665464,1.0,1.0,107.66385600436479
0.046,47,998994690,0.07310047063170322,1.0,1.0,107.62295300082769
0.046,48,1021240743,0.07051142554077383,1.0,1.0,107.58600299595855
0.046,49,572134801,0.07935154893968868,1.0,1.0,107.6131950103445
0.046,50,1198399760,0.06838096174268514,1.0,1.0,107.62088200135622
0.046,51,1751866485,0.07416308290094772,1.0,1.0,107.60213999310508
0.046,52,1070889713,0.07108750441503905,1.0,1.0,107.56246899836697
0.046,53,415096539,0.07588146199942428,1.0,1.0,107.64501799712889
0.046,54,52416235,0.07166201438438244,1.0,1.0,107.58258900023066
0.046,55,278032723,0.07549806394104387,1.0,1.0,107.5737249921076
0.046,56,174946158,0.07361482627055309,1.0,1.0,107.58821399940643
0.046,57,196848554,0.07909321208529886,1.0,1.0,107.82970000582282
0.046,58,263030910,0.0775661238428429,1.0,1.0,107.67269800999202
0.046,59,1285415020,0.06532073176800517,1.0,1.0,107.63240500818938
0.046,60,1733223444,0.06859913336824647,1.0,1.0,107.54554899176583
0.046,61,1835544261,0.07607230496655681,1.0,1.0,107.63558599865064
0.046,62,1403186970,0.07083453379789394,1.0,1.0,107.70139899977949
0.046,63,1291971777,0.0753576931961951,1.0,1.0,107.69058900768869
0.046,64,712292067,0.07389402792549869,1.0,1.0,107.61070699663833
0.046,65,2001429764,0.07497601191839591,1.0,1.0,107.6113839953905
0.046,66,1375664061,0.0687006180815928,1.0,1.0,107.66067600343376
0.046,67,1556456120,0.07457906404105745,1.0,1.0,107.61282200110145
0.046,68,1576053187,0.06958337289732766,1.0,1.0,107.67213899816852
0.046,69,1848019881,0.0704915074556633,1.0,1.0,107.64086499693803
0.046,70,1508652585,0.07393892361876543,1.0,1.0,107.65146500489209
0.046,71,1995737731,0.07212131843721332,1.0,1.0,107.96323500107974
0.046,72,1162788447,0.07286195138931945,1.0,1.0,107.76461000205018
0.046,73,1172925522,0.07167968713721325,1.0,1.0,107.66215999319684
0.046,74,539174575,0.0742180047982752,1.0,1.0,107.6723860023776
0.046,75,2013637345,0.07615473071700102,1.0,1.0,107.59499100095127
0.046,76,1187468716,0.07788782731813541,1.0,1.0,107.75911100790836
0.046,77,1062978506,0.07320793716797987,1.0,1.0,112.69777799316216
0.046,78,679326770,0.07786933367352067,1.0,1.0,107.6254420040641
0.046,79,587923432,0.06792911354887932,1.0,1.0,107.84703500394244
0.046,80,1359889667,0.0698653404268051,1.0,1.0,107.60246300196741
0.046,81,970187386,0.07100990237427952,1.0,1.0,107.73479400086217
0.046,82,1219839873,0.08038911273190923,0.0,0.0,107.66069300007075
0.046,83,1428160212,0.07061138477514038,1.0,1.0,110.89788599929307
0.046,84,1930609499,0.07536972369496447,1.0,1.0,107.47491600341164
0.046,85,710582861,0.07016161089590582,1.0,1.0,107.54638000798877
0.046,86,1463614337,0.07198892569334966,1.0,1.0,107.55313400295563
0.046,87,1940152705,0.06972664232809482,1.0,1.0,107.55619099654723
0.046,88,985452196,0.07271382123476006,1.0,1.0,107.55261000304017
0.046,89,552062587,0.07230060281584125,1.0,1.0,107.49627200129908
0.046,90,623566272,0.06672537134532869,1.0,1.0,107.48096799943596
0.046,91,729775797,0.07527386926833365,1.0,1.0,107.56179300369695
0.046,92,1352536665,0.0710375971227477,1.0,1.0,107.58115499629639
0.046,93,555883440,0.07278062135131044,1.0,1.0,107.67154999484774
0.046,94,1801800003,0.06830233008906327,1.0,1.0,107.62318699562456
0.046,95,763315502,0.07774877165596814,1.0,1.0,107.6170739979716
0.046,96,138897982,0.0746282141555614,1.0,1.0,107.72756900405511
0.046,97,10785379,0.06933401867002124,1.0,1.0,107.69142600474879
0.046,98,53923185,0.07001116856810082,1.0,1.0,107.64981999818701
0.046,99,1349917978,0.06977471387684743,1.0,1.0,107.61634299706202
0.047,0,1501552845,0.07308885883863347,1.0,1.0,107.24552799365483
0.047,1,488200390,0.0750097464343867,1.0,1.0,107.22055699443445
0.047,2,1693606510,0.07057466450781294,1.0,1.0,109.9801039963495
0.047,3,680233354,0.0732226795881842,1.0,1.0,107.33967099804431
0.047,4,438466540,0.07108172292485793,1.0,1.0,107.51053399872035
0.047,5,1712329280,0.0693861458991215,1.0,1.0,107.32735400961246
0.047,6,1380152455,0.07086443932186756,1.0,1.0,107.33444700599648
0.047,7,1452245846,0.06798225817465545,1.0,1.0,118.14065200451296
0.047,8,2122694021,0.06924891351427338,1.0,1.0,107.6422430051025
0.047,9,839901363,0.0737492583821281,1.0,1.0,107.6880599866854
0.047,10,1802651552,0.0734543168598804,1.0,1.0,107.70538500219118
0.047,11,714712467,0.0687778661062055,1.0,1.0,107.72078699665144
0.047,12,1218704077,0.07456485297332088,1.0,1.0,107.80582099687308
0.047,13,1284858263,0.06839368244205614,1.0,1.0,107.54302999703214
0.047,14,457721135,0.0720324643559072,1.0,1.0,107.57816799741704
0.047,15,401008609,0.07296377975426986,1.0,1.0,107.51639200316276
0.047,16,492064534,0.07227340043402795,1.0,1.0,107.56558499997482
0.047,17,1444732602,0.07078776362331198,1.0,1.0,108.04116699728183
0.047,18,1317426686,0.06967936104443448,1.0,1.0,107.50997099967208
0.047,19,2022506251,0.07626582002298167,1.0,1.0,107.45242799748667
0.047,20,1516459118,0.07470140992682177,1.0,1.0,107.47592600819189
0.047,21,533103612,0.07015623771360065,1.0,1.0,107.92585500166751
0.047,22,1964759878,0.06918373107816042,1.0,1.0,108.54795099294279
0.047,23,2037706756,0.07392272532054692,1.0,1.0,107.58603501017205
0.047,24,1572889065,0.0737888697245388,1.0,1.0,107.57805500179529
0.047,25,1432881518,0.07284473167465087,1.0,1.0,107.48717300884891
0.047,26,280516901,0.08063421594692728,0.0,0.0,107.48822300229222
0.047,27,205939248,0.07458321393002568,1.0,1.0,107.49798199685756
0.047,28,571904914,0.07563402769955152,1.0,1.0,107.53584401390981
0.047,29,948843457,0.07070832711616905,1.0,1.0,107.53200799808837
0.047,30,155492488,0.07871459822673262,1.0,1.0,107.56470799969975
0.047,31,1903701130,0.07060536496966106,1.0,1.0,107.54674600320868
0.047,32,1017961266,0.0732726805649079,1.0,1.0,108.35390799911693
0.047,33,1497769985,0.07096932881942147,1.0,1.0,107.51552900183015
0.047,34,456523489,0.07047809603117808,1.0,1.0,108.45962600433268
0.047,35,701095136,0.07037426318754601,1.0,1.0,107.5192970019998
0.047,36,249069576,0.07595638622792218,1.0,1.0,107.47949399228673
0.047,37,1576098728,0.07532180180008884,1.0,1.0,107.55497899663169
0.047,38,1662748500,0.07051184774756451,1.0,1.0,107.57773299701512
0.047,39,472736216,0.07286276028965841,1.0,1.0,107.53794100310188
0.047,40,1535411295,0.07422547597920817,1.0,1.0,107.97172400634736
0.047,41,175223003,0.07163951651062446,1.0,1.0,107.58568000164814
0.047,42,840936862,0.07257204059831175,1.0,1.0,111.00826400797814
0.047,43,343373188,0.073754283381237,1.0,1.0,111.10871599521488
0.047,44,1597751082,0.06885994711116042,1.0,1.0,109.3070560018532
0.047,45,730359585,0.06981625793756574,1.0,1.0,107.59094699460547
0.047,46,1016641002,0.07962590185665464,1.0,1.0,107.58182499557734
0.047,47,998994690,0.07310047063170322,1.0,1.0,107.61991399340332
0.047,48,1021240743,0.07051142554077383,1.0,1.0,107.64713099342771
0.047,49,572134801,0.07935154893968868,1.0,1.0,107.56698199838866
0.047,50,1198399760,0.06838096174268514,1.0,1.0,107.63293100171722
0.047,51,1751866485,0.07416308290094772,1.0,1.0,107.56935100653209
0.047,52,1070889713,0.07108750441503905,1.0,1.0,107.59686699020676
0.047,53,415096539,0.07588146199942428,1.0,1.0,108.2017370063113
0.047,54,52416235,0.07166201438438244,1.0,1.0,107.72668600839097
0.047,55,278032723,0.07549806394104387,1.0,1.0,108.16630900080781
0.047,56,174946158,0.07361482627055309,1.0,1.0,107.6414300041506
0.047,57,196848554,0.07909321208529886,1.0,1.0,107.5481299922103
0.047,58,263030910,0.0775661238428429,1.0,1.0,107.72387500037439
0.047,59,1285415020,0.06532073176800517,1.0,1.0,108.61142199428286
0.047,60,1733223444,0.06859913336824647,1.0,1.0,107.60455900162924
0.047,61,1835544261,0.07607230496655681,1.0,1.0,107.60495900467504
0.047,62,1403186970,0.07083453379789394,1.0,1.0,107.54116201133002
0.047,63,1291971777,0.0753576931961951,1.0,1.0,107.58872999576852
0.047,64,712292067,0.07389402792549869,1.0,1.0,107.6187239959836
0.047,65,2001429764,0.07497601191839591,1.0,1.0,107.57221499807201
0.047,66,1375664061,0.0687006180815928,1.0,1.0,107.66772000351921
0.047,67,1556456120,0.07457906404105745,1.0,1.0,107.62230699765496
0.047,68,1576053187,0.06958337289732766,1.0,1.0,108.92135699396022
0.047,69,1848019881,0.0704915074556633,1.0,1.0,107.62903300928883
0.047,70,1508652585,0.07393892361876543,1.0,1.0,107.89419899811037
0.047,71,1995737731,0.07212131843721332,1.0,1.0,107.50568499497604
0.047,72,1162788447,0.07286195138931945,1.0,1.0,107.53172000113409
0.047,73,1172925522,0.07167968713721325,1.0,1.0,107.53673300496303
0.047,74,539174575,0.0742180047982752,1.0,1.0,107.56246800883673
0.047,75,2013637345,0.07615473071700102,1.0,1.0,107.64629299228545
0.047,76,1187468716,0.07788782731813541,1.0,1.0,107.65912500210106
0.047,77,1062978506,0.07320793716797987,1.0,1.0,107.6129090070026
0.047,78,679326770,0.07786933367352067,1.0,1.0,107.56905699963681
0.047,79,587923432,0.06792911354887932,1.0,1.0,107.65302399522625
0.047,80,1359889667,0.0698653404268051,1.0,1.0,107.59065599995665
0.047,81,970187386,0.07100990237427952,1.0,1.0,113.11249400023371
0.047,82,1219839873,0.08038911273190923,0.0,0.0,107.69300900574308
0.047,83,1428160212,0.07061138477514038,1.0,1.0,107.73727600462735
0.047,84,1930609499,0.07536972369496447,1.0,1.0,107.84276800404768
0.047,85,710582861,0.07016161089590582,1.0,1.0,107.66189299465623
0.047,86,1463614337,0.07198892569334966,1.0,1.0,107.51165899273474
0.047,87,1940152705,0.06972664232809482,1.0,1.0,107.48559999046847
0.047,88,985452196,0.07271382123476006,1.0,1.0,107.53443000430707
0.047,89,552062587,0.07230060281584125,1.0,1.0,108.11841599934269
0.047,90,623566272,0.06672537134532869,1.0,1.0,107.56791599851567
0.047,91,729775797,0.07527386926833365,1.0,1.0,107.96510700311046
0.047,92,1352536665,0.0710375971227477,1.0,1.0,107.79342699970584
0.047,93,555883440,0.07278062135131044,1.0,1.0,107.66878499998711
0.047,94,1801800003,0.06830233008906327,1.0,1.0,107.73337099817581
0.047,95,763315502,0.07774877165596814,1.0,1.0,107.63756099913735
0.047,96,138897982,0.0746282141555614,1.0,1.0,107.60508899693377
0.047,97,10785379,0.06933401867002124,1.0,1.0,107.65007098962087
0.047,98,53923185,0.07001116856810082,1.0,1.0,107.84747901197989
0.047,99,1349917978,0.06977471387684743,1.0,1.0,107.60788500192575
0.048,0,1501552845,0.07308885883863347,1.0,1.0,107.67725399637129
0.048,1,488200390,0.0750097464343867,1.0,1.0,107.64493601163849
0.048,2,1693606510,0.07057466450781294,1.0,1.0,107.61718099820428
0.048,3,680233354,0.0732226795881842,1.0,1.0,107.61639299744274
0.048,4,438466540,0.07108172292485793,1.0,1.0,107.63297499215696
0.048,5,1712329280,0.0693861458991215,1.0,1.0,107.59683200740255
0.048,6,1380152455,0.07086443932186756,1.0,1.0,107.67581600521225
0.048,7,1452245846,0.06798225817465545,1.0,1.0,107.61865599488374
0.048,8,2122694021,0.06924891351427338,1.0,1.0,107.60273398773279
0.048,9,839901363,0.0737492583821281,1.0,1.0,107.61028299748432
0.048,10,1802651552,0.0734543168598804,1.0,1.0,107.59831400355324
0.048,11,714712467,0.0687778661062055,1.0,1.0,107.66482500184793
0.048,12,1218704077,0.07456485297332088,1.0,1.0,107.62643700581975
0.048,13,1284858263,0.06839368244205614,1.0,1.0,107.56141500314698
0.048,14,457721135,0.0720324643559072,1.0,1.0,107.55486600100994
0.048,15,401008609,0.07296377975426986,1.0,1.0,107.55798198806588
0.048,16,492064534,0.07227340043402795,1.0,1.0,108.50088000006508
0.048,17,1444732602,0.07078776362331198,1.0,1.0,107.55985700234305
0.048,18,1317426686,0.06967936104443448,1.0,1.0,107.5443199952133
0.048,19,2022506251,0.07626582002298167,1.0,1.0,107.57749399635941
0.048,20,1516459118,0.07470140992682177,1.0,1.0,107.65771800652146
0.048,21,533103612,0.07015623771360065,1.0,1.0,107.5453930097865
0.048,22,1964759878,0.06918373107816042,1.0,1.0,107.61694899701979
0.048,23,2037706756,0.07392272532054692,1.0,1.0,107.58624400477856
0.048,24,1572889065,0.0737888697245388,1.0,1.0,107.52045099798124
0.048,25,1432881518,0.07284473167465087,1.0,1.0,107.5377200031653
0.048,26,280516901,0.08063421594692728,0.0,0.0,107.52176499227062
0.048,27,205939248,0.07458321393002568,1.0,1.0,107.5156570004765
0.048,28,571904914,0.07563402769955152,1.0,1.0,107.50245601229835
0.048,29,948843457,0.07070832711616905,1.0,1.0,107.73540200898424
0.048,30,155492488,0.07871459822673262,1.0,1.0,107.65606700442731
0.048,31,1903701130,0.07060536496966106,1.0,1.0,107.60258899244945
0.048,32,1017961266,0.0732726805649079,1.0,1.0,107.55053700995632
0.048,33,1497769985,0.07096932881942147,1.0,1.0,107.752937998157
0.048,34,456523489,0.07047809603117808,1.0,1.0,107.58659199927934
0.048,35,701095136,0.07037426318754601,1.0,1.0,107.65407899452839
0.048,36,249069576,0.07595638622792218,1.0,1.0,107.69550400436856
0.048,37,1576098728,0.07532180180008884,1.0,1.0,107.81030500947963
0.048,38,1662748500,0.07051184774756451,1.0,1.0,107.7522819978185
0.048,39,472736216,0.07286276028965841,1.0,1.0,107.78868400666397
0.048,40,1535411295,0.07422547597920817,1.0,1.0,107.4643440078944
0.048,41,175223003,0.07163951651062446,1.0,1.0,107.63158400368411
0.048,42,840936862,0.07257204059831175,1.0,1.0,107.45928199321497
0.048,43,343373188,0.073754283381237,1.0,1.0,107.49848799605388
0.048,44,1597751082,0.06885994711116042,1.0,1.0,107.55788699316327
0.048,45,730359585,0.06981625793756574,1.0,1.0,107.61741700116545
0.048,46,1016641002,0.07962590185665464,1.0,1.0,107.65208800148685
0.048,47,998994690,0.07310047063170322,1.0,1.0,107.54026399808936
0.048,48,1021240743,0.07067102585148852,1.0,1.0,107.54078799800482
0.048,49,572134801,0.07935154893968868,1.0,1.0,107.47583699412644
0.048,50,1198399760,0.06838096174268514,1.0,1.0,107.51828199136071
0.048,51,1751866485,0.07416308290094772,1.0,1.0,107.60656200000085
0.048,52,1070889713,0.07108750441503905,1.0,1.0,107.67389900865965
0.048,53,415096539,0.07588146199942428,1.0,1.0,107.53745799593162
0.048,54,52416235,0.07166201438438244,1.0,1.0,107.70124300324824
0.048,55,278032723,0.07549806394104387,1.0,1.0,107.59444900031667
0.048,56,174946158,0.07361482627055309,1.0,1.0,107.6719169941498
0.048,57,196848554,0.07909321208529886,1.0,1.0,107.60851899976842
0.048,58,263030910,0.0775661238428429,1.0,1.0,107.52746100479271
0.048,59,1285415020,0.06532073176800517,1.0,1.0,107.46781699708663
0.048,60,1733223444,0.06859913336824647,1.0,1.0,107.43180599820334
0.048,61,1835544261,0.07607230496655681,1.0,1.0,107.51145299582276
0.048,62,1403186970,0.07083453379789394,1.0,1.0,107.44534998957533
0.048,63,1291971777,0.0753576931961951,1.0,1.0,107.4424640100915
0.048,64,712292067,0.07389402792549869,1.0,1.0,107.50780600938015
0.048,65,2001429764,0.07497601191839591,1.0,1.0,107.49786700762343
0.048,66,1375664061,0.0687006180815928,1.0,1.0,109.41469299723394
0.048,67,1556456120,0.07457906404105745,1.0,1.0,107.52484500699211
0.048,68,1576053187,0.06958337289732766,1.0,1.0,107.57520000333898
0.048,69,1848019881,0.0704915074556633,1.0,1.0,107.57895500864834
0.048,70,1508652585,0.07393892361876543,1.0,1.0,107.78457899868954
0.048,71,1995737731,0.07212131843721332,1.0,1.0,107.73573300684802
0.048,72,1162788447,0.07286195138931945,1.0,1.0,107.51165699912235
0.048,73,1172925522,0.07167968713721325,1.0,1.0,107.51185899425764
0.048,74,539174575,0.0742180047982752,1.0,1.0,107.48483700444922
0.048,75,2013637345,0.07615473071700102,1.0,1.0,107.53334099717904
0.048,76,1187468716,0.07788782731813541,1.0,1.0,107.52422899531666
0.048,77,1062978506,0.07320793716797987,1.0,1.0,107.6516030007042
0.048,78,679326770,0.07786933367352067,1.0,1.0,107.58316599822138
0.048,79,587923432,0.06792911354887932,1.0,1.0,107.51218699442688
0.048,80,1359889667,0.0698653404268051,1.0,1.0,107.54670000460465
0.048,81,970187386,0.07100990237427952,1.0,1.0,107.71924500295427
0.048,82,1219839873,0.08038911273190923,0.0,0.0,107.69613699812908
0.048,83,1428160212,0.07061138477514038,1.0,1.0,107.55001701181754
0.048,84,1930609499,0.07536972369496447,1.0,1.0,107.62202700425405
0.048,85,710582861,0.07016161089590582,1.0,1.0,107.52436700568069
0.048,86,1463614337,0.07198892569334966,1.0,1.0,107.62807799619623
0.048,87,1940152705,0.06972664232809482,1.0,1.0,107.43969499890227
0.048,88,985452196,0.07271382123476006,1.0,1.0,107.4049599992577
0.048,89,552062587,0.07230060281584125,1.0,1.0,107.59075300302356
0.048,90,623566272,0.06672537134532869,1.0,1.0,107.64922700764146
0.048,91,729775797,0.07527386926833365,1.0,1.0,107.59189100645017
0.048,92,1352536665,0.0710375971227477,1.0,1.0,107.85622599360067
0.048,93,555883440,0.07278062135131044,1.0,1.0,107.6259690016741
0.048,94,1801800003,0.06830233008906327,1.0,1.0,107.56683100771625
0.048,95,763315502,0.07774877165596814,1.0,1.0,107.57871900568716
0.048,96,138897982,0.0746282141555614,1.0,1.0,107.57148900302127
0.048,97,10785379,0.06933401867002124,1.0,1.0,107.71127601037733
0.048,98,53923185,0.07001116856810082,1.0,1.0,107.5247309927363
0.048,99,1349917978,0.06977471387684743,1.0,1.0,107.53014701185748
0.049,0,1501552845,0.07308885883863347,1.0,1.0,107.66326500743162
0.049,1,488200390,0.0750097464343867,1.0,1.0,107.63862098974641
0.049,2,1693606510,0.069411164298889,1.0,1.0,107.61104499397334
0.049,3,680233354,0.0732226795881842,1.0,1.0,107.61987899604719
0.049,4,438466540,0.07108172292485793,1.0,1.0,107.63565800152719
0.049,5,1712329280,0.0708426478272033,1.0,1.0,107.61001599894371
0.049,6,1380152455,0.07086443932186756,1.0,1.0,107.64480600482784
0.049,7,1452245846,0.06798225817465545,1.0,1.0,107.63282499101479
0.049,8,2122694021,0.06924891351427338,1.0,1.0,107.59427900484297
0.049,9,839901363,0.0737492583821281,1.0,1.0,107.62489800981712
0.049,10,1802651552,0.0734543168598804,1.0,1.0,107.60325299634133
0.049,11,714712467,0.0687778661062055,1.0,1.0,107.5929759972496
0.049,12,1218704077,0.07456485297332088,1.0,1.0,107.59371500171255
0.049,13,1284858263,0.06839368244205614,1.0,1.0,107.56216000299901
0.049,14,457721135,0.0720324643559072,1.0,1.0,107.55618500115816
0.049,15,401008609,0.07296377975426986,1.0,1.0,107.56483000295702
0.049,16,492064534,0.07227340043402795,1.0,1.0,107.55067199352197
0.049,17,1444732602,0.07078776362331198,1.0,1.0,107.55757401057053
0.049,18,1317426686,0.06967936104443448,1.0,1.0,107.5526880013058
0.049,19,2022506251,0.07626582002298167,1.0,1.0,107.52045000845101
0.049,20,1516459118,0.07470140992682177,1.0,1.0,107.54575999453664
0.049,21,533103612,0.07015623771360065,1.0,1.0,107.53866299637593
0.049,22,1964759878,0.06918373107816042,1.0,1.0,107.63388600025792
0.049,23,2037706756,0.07392272532054692,1.0,1.0,107.59630899701733
0.049,24,1572889065,0.0737888697245388,1.0,1.0,107.53245900559705
0.049,25,1432881518,0.07284473167465087,1.0,1.0,107.52776499430183
0.049,26,280516901,0.08063421594692728,0.0,0.0,107.52247300115414
0.049,27,205939248,0.07458321393002568,1.0,1.0,107.52210298960563
0.049,28,571904914,0.07563402769955152,1.0,1.0,107.49305899662431
0.049,29,948843457,0.07070832711616905,1.0,1.0,107.75351100892294
0.049,30,155492488,0.07871459822673262,1.0,1.0,107.54127100517508
0.049,31,1903701130,0.07060536496966106,1.0,1.0,107.54649400769267
0.049,32,1017961266,0.0732726805649079,1.0,1.0,107.60001601011027
0.049,33,1497769985,0.07096932881942147,1.0,1.0,107.56992100505158
0.049,34,456523489,0.07047809603117808,1.0,1.0,107.62433399213478
0.049,35,701095136,0.07037426318754601,1.0,1.0,107.55746100039687
0.049,36,249069576,0.07595638622792218,1.0,1.0,107.56693000439554
0.049,37,1576098728,0.07532180180008884,1.0,1.0,107.57884099439252
0.049,38,1662748500,0.07051184774756451,1.0,1.0,107.68372799793724
0.049,39,472736216,0.07286276028965841,1.0,1.0,107.56086200126447
0.049,40,1535411295,0.07422547597920817,1.0,1.0,107.48350800713524
0.049,41,175223003,0.07163951651062446,1.0,1.0,107.64022600778844
0.049,42,840936862,0.07257204059831175,1.0,1.0,107.69063098996412
0.049,43,343373188,0.073754283381237,1.0,1.0,107.57957999885548
0.049,44,1597751082,0.06885994711116042,1.0,1.0,107.56790099549107
0.049,45,730359585,0.06981625793756574,1.0,1.0,107.56845799915027
0.049,46,1016641002,0.07962590185665464,1.0,1.0,107.55121600232087
0.049,47,998994690,0.07310047063170322,1.0,1.0,107.5528689980274
0.049,48,1021240743,0.07051142554077383,1.0,1.0,107.55303100449964
0.049,49,572134801,0.07935154893968868,1.0,1.0,107.44259800412692
0.049,50,1198399760,0.06838096174268514,1.0,1.0,107.53519699210301
0.049,51,1751866485,0.07416308290094772,1.0,1.0,107.51056000299286
0.049,52,1070889713,0.07108750441503905,1.0,1.0,107.51479199097957
0.049,53,415096539,0.07588146199942428,1.0,1.0,107.73784799675923
0.049,54,52416235,0.07166201438438244,1.0,1.0,107.83193600946106
0.049,55,278032723,0.07549806394104387,1.0,1.0,107.48114000307396
0.049,56,174946158,0.07361482627055309,1.0,1.0,107.52756299916655
0.049,57,196848554,0.07909321208529886,1.0,1.0,107.50728599668946
0.049,58,263030910,0.0775661238428429,1.0,1.0,107.5145080103539
0.049,59,1285415020,0.06532073176800517,1.0,1.0,107.47518700372893
0.049,60,1733223444,0.06859913336824647,1.0,1.0,107.44530099327676
0.049,61,1835544261,0.07607230496655681,1.0,1.0,107.60771900822874
0.049,62,1403186970,0.07083453379789394,1.0,1.0,107.47255399473943
0.049,63,1291971777,0.0753576931961951,1.0,1.0,107.46712400577962
0.049,64,712292067,0.07389402792549869,1.0,1.0,107.72325099969748
0.049,65,2001429764,0.07497601191839591,1.0,1.0,107.52716900606174
0.049,66,1375664061,0.0687006180815928,1.0,1.0,107.52126199076883
0.049,67,1556456120,0.07457906404105745,1.0,1.0,107.5565539940726
0.049,68,1576053187,0.06958337289732766,1.0,1.0,107.57622099481523
0.049,69,1848019881,0.0704915074556633,1.0,1.0,107.58720699232072
0.049,70,1508652585,0.07393892361876543,1.0,1.0,107.49133799981792
0.049,71,1995737731,0.07212131843721332,1.0,1.0,107.47301099763718
0.049,72,1162788447,0.07286195138931945,1.0,1.0,107.53262299112976
0.049,73,1172925522,0.07167968713721325,1.0,1.0,107.54774599627126
0.049,74,539174575,0.0742180047982752,1.0,1.0,107.57750899938401
0.049,75,2013637345,0.07615473071700102,1.0,1.0,107.49367599783
0.049,76,1187468716,0.07788782731813541,1.0,1.0,107.52614898956381
0.049,77,1062978506,0.07320793716797987,1.0,1.0,107.77460600365885
0.049,78,679326770,0.07786933367352067,1.0,1.0,107.56743999081664
0.049,79,587923432,0.06792911354887932,1.0,1.0,107.49624599702656
0.049,80,1359889667,0.0698653404268051,1.0,1.0,107.52603800210636
0.049,81,970187386,0.07100990237427952,1.0,1.0,107.74995198880788
0.049,82,1219839873,0.08038911273190923,0.0,0.0,107.5292850000551
0.049,83,1428160212,0.07061138477514038,1.0,1.0,107.56190400570631
0.049,84,1930609499,0.07536972369496447,1.0,1.0,107.56291999132372
0.049,85,710582861,0.07016161089590582,1.0,1.0,107.54011900280602
0.049,86,1463614337,0.07198892569334966,1.0,1.0,107.51553400768898
0.049,87,1940152705,0.06972664232809482,1.0,1.0,107.43532099877484
0.049,88,985452196,0.07271382123476006,1.0,1.0,107.40870799054392
0.049,89,552062587,0.07230060281584125,1.0,1.0,107.52256200066768
0.049,90,623566272,0.06672537134532869,1.0,1.0,107.47608898964245
0.049,91,729775797,0.07527386926833365,1.0,1.0,107.58068099676166
0.049,92,1352536665,0.0710375971227477,1.0,1.0,107.5640229973942
0.049,93,555883440,0.07278062135131044,1.0,1.0,107.53998100699391
0.049,94,1801800003,0.06830233008906327,1.0,1.0,107.55916200287174
0.049,95,763315502,0.07774877165596814,1.0,1.0,107.62427699228283
0.049,96,138897982,0.0746282141555614,1.0,1.0,107.56646300433204
0.049,97,10785379,0.06933401867002124,1.0,1.0,107.56832400511485
0.049,98,53923185,0.07001116856810082,1.0,1.0,107.52619999402668
0.049,99,1349917978,0.06977471387684743,1.0,1.0,107.79483400983736
0.05,0,1501552845,0.07308885883863347,1.0,1.0,107.63674300687853
0.05,1,488200390,0.0750097464343867,1.0,1.0,107.61503801040817
0.05,2,1693606510,0.07057466450781294,1.0,1.0,107.63085600046907
0.05,3,680233354,0.0732226795881842,1.0,1.0,107.61927800194826
0.05,4,438466540,0.07108172292485793,1.0,1.0,107.60664100234862
0.05,5,1712329280,0.0693861458991215,1.0,1.0,107.681223002146
0.05,6,1380152455,0.07086443932186756,1.0,1.0,107.63261099054944
0.05,7,1452245846,0.06798225817465545,1.0,1.0,107.59641599725
0.05,8,2122694021,0.06924891351427338,1.0,1.0,107.87686399999075
0.05,9,839901363,0.0737492583821281,1.0,1.0,107.60963401116896
0.05,10,1802651552,0.0734543168598804,1.0,1.0,107.64890800055582
0.05,11,714712467,0.0687778661062055,1.0,1.0,107.61249800270889
0.05,12,1218704077,0.07456485297332088,1.0,1.0,107.56145899358671
0.05,13,1284858263,0.06839368244205614,1.0,1.0,107.54415400151629
0.05,14,457721135,0.0720324643559072,1.0,1.0,107.57466799987014
0.05,15,401008609,0.07296377975426986,1.0,1.0,107.51589300343767
0.05,16,492064534,0.07227340043402795,1.0,1.0,107.54870100936387
0.05,17,1444732602,0.07078776362331198,1.0,1.0,107.55018300551455
0.05,18,1317426686,0.06967936104443448,1.0,1.0,107.47355800413061
0.05,19,2022506251,0.07626582002298167,1.0,1.0,107.54930299299303
0.05,20,1516459118,0.07470140992682177,1.0,1.0,107.52824999508448
0.05,21,533103612,0.07015623771360065,1.0,1.0,107.62864600110333
0.05,22,1964759878,0.06918373107816042,1.0,1.0,107.69955199793912
0.05,23,2037706756,0.07392272532054692,1.0,1.0,107.52065198903438
0.05,24,1572889065,0.0737888697245388,1.0,1.0,107.54256200743839
0.05,25,1432881518,0.07284473167465087,1.0,1.0,107.52534099447075
0.05,26,280516901,0.08063421594692728,0.0,0.0,107.5134199927561
0.05,27,205939248,0.07458321393002568,1.0,1.0,107.51661400718149
0.05,28,571904914,0.07563402769955152,1.0,1.0,107.51880900352262
0.05,29,948843457,0.07070832711616905,1.0,1.0,107.5427020114148
0.05,30,155492488,0.0658996378296821,1.0,1.0,107.56459200638346
0.05,31,1903701130,0.07060536496966106,1.0,1.0,107.57230099989101
0.05,32,1017961266,0.0732726805649079,1.0,1.0,107.57535501033999
0.05,33,1497769985,0.07096932881942147,1.0,1.0,107.57569000998046
0.05,34,456523489,0.07047809603117808,1.0,1.0,107.59117300040089
0.05,35,701095136,0.07037426318754601,1.0,1.0,107.57896599534433
0.05,36,249069576,0.07595638622792218,1.0,1.0,107.61798500607256
0.05,37,1576098728,0.07665996386276518,1.0,1.0,107.73102800885681
0.05,38,1662748500,0.07051184774756451,1.0,1.0,107.49939100060146
0.05,39,472736216,0.07286276028965841,1.0,1.0,107.59443900315091
0.05,40,1535411295,0.07422547597920817,1.0,1.0,107.61685999750625
0.05,41,175223003,0.07163951651062446,1.0,1.0,107.50736499903724
0.05,42,840936862,0.07257204059831175,1.0,1.0,107.68773598829284
0.05,43,343373188,0.073754283381237,1.0,1.0,107.55757600418292
0.05,44,1597751082,0.06885994711116042,1.0,1.0,107.76893199363258
0.05,45,730359585,0.06981625793756574,1.0,1.0,107.70131599565502
0.05,46,1016641002,0.07962590185665464,1.0,1.0,107.67524300899822
0.05,47,998994690,0.07310047063170322,1.0,1.0,107.65177100256551
0.05,48,1021240743,0.07051142554077383,1.0,1.0,108.07437299808953
0.05,49,572134801,0.07935154893968868,1.0,1.0,107.60632899473421
0.05,50,1198399760,0.06838096174268514,1.0,1.0,107.77990099450108
0.05,51,1751866485,0.07416308290094772,1.0,1.0,107.51378400891554
0.05,52,1070889713,0.07108750441503905,1.0,1.0,107.68659401219338
0.05,53,415096539,0.07588146199942428,1.0,1.0,107.71972600196023
0.05,54,52416235,0.07166201438438244,1.0,1.0,107.52113899798132
0.05,55,278032723,0.07549806394104387,1.0,1.0,107.49294998822734
0.05,56,174946158,0.07361482627055309,1.0,1.0,107.70228000183124
0.05,57,196848554,0.07909321208529886,1.0,1.0,107.59783998946659
0.05,58,263030910,0.0775661238428429,1.0,1.0,107.72908999933861
0.05,59,1285415020,0.06532073176800517,1.0,1.0,107.59540199069306
0.05,60,1733223444,0.06859913336824647,1.0,1.0,107.46652800298762
0.05,61,1835544261,0.07607230496655681,1.0,1.0,107.49635100364685
0.05,62,1403186970,0.07083453379789394,1.0,1.0,107.45330499776173
0.05,63,1291971777,0.0753576931961951,1.0,1.0,107.58430599526037
0.05,64,712292067,0.07389402792549869,1.0,1.0,107.51052699924912
0.05,65,2001429764,0.07497601191839591,1.0,1.0,107.52507900178898
0.05,66,1375664061,0.0687006180815928,1.0,1.0,107.79557999921963
0.05,67,1556456120,0.07457906404105745,1.0,1.0,107.58762499608565
0.05,68,1576053187,0.06958337289732766,1.0,1.0,107.58199100382626
0.05,69,1848019881,0.0704915074556633,1.0,1.0,107.52874199533835
0.05,70,1508652585,0.07393892361876543,1.0,1.0,107.47723600070458
0.05,71,1995737731,0.07212131843721332,1.0,1.0,107.57187199487817
0.05,72,1162788447,0.07286195138931945,1.0,1.0,107.56049898918718
0.05,73,1172925522,0.07167968713721325,1.0,1.0,107.48537800100166
0.05,74,539174575,0.0742180047982752,1.0,1.0,107.51697899831925
0.05,75,2013637345,0.07615473071700102,1.0,1.0,107.67912000301294
0.05,76,1187468716,0.07788782731813541,1.0,1.0,107.52830099954735
0.05,77,1062978506,0.07320793716797987,1.0,1.0,107.55740699823946
0.05,78,679326770,0.07786933367352067,1.0,1.0,107.54563601221889
0.05,79,587923432,0.06792911354887932,1.0,1.0,107.51129400159698
0.05,80,1359889667,0.0698653404268051,1.0,1.0,107.69375899690203
0.05,81,970187386,0.07100990237427952,1.0,1.0,107.56381700048223
0.05,82,1219839873,0.08038911273190923,0.0,0.0,107.66342800343409
0.05,83,1428160212,0.07061138477514038,1.0,1.0,107.7697110013105
0.05,84,1930609499,0.07536972369496447,1.0,1.0,107.59847000008449
0.05,85,710582861,0.07016161089590582,1.0,1.0,107.49092401238158
0.05,86,1463614337,0.07198892569334966,1.0,1.0,107.4482940020971
0.05,87,1940152705,0.06972664232809482,1.0,1.0,109.5268950011814
0.05,88,985452196,0.07271382123476006,1.0,1.0,107.42155399930198
0.05,89,552062587,0.07230060281584125,1.0,1.0,107.49924699484836
0.05,90,623566272,0.06672537134532869,1.0,1.0,107.79801799799316
0.05,91,729775797,0.07527386926833365,1.0,1.0,107.65995799738448
0.05,92,1352536665,0.0710375971227477,1.0,1.0,107.6752599910833
0.05,93,555883440,0.07278062135131044,1.0,1.0,107.65591599920299
0.05,94,1801800003,0.06830233008906327,1.0,1.0,107.63608799607027
0.05,95,763315502,0.07774877165596814,1.0,1.0,107.55794501164928
0.05,96,138897982,0.0746282141555614,1.0,1.0,107.64585599827114
0.05,97,10785379,0.06933401867002124,1.0,1.0,107.57436401036102
0.05,98,53923185,0.07001116856810082,1.0,1.0,107.53803100669757
0.05,99,1349917978,0.06977471387684743,1.0,1.0,107.5605119985994
0.051,0,1501552845,0.07308885883863347,1.0,1.0,107.9155009938404
0.051,1,488200390,0.0750097464343867,1.0,1.0,107.83915199863259
0.051,2,1693606510,0.069411164298889,1.0,1.0,107.86911100149155
0.051,3,680233354,0.0732226795881842,1.0,1.0,107.8051479998976
0.051,4,438466540,0.07108172292485793,1.0,1.0,107.7557539974805
0.051,5,1712329280,0.0693861458991215,1.0,1.0,107.86448200815357
0.051,6,1380152455,0.07086443932186756,1.0,1.0,107.80811800213996
0.051,7,1452245846,0.06798225817465545,1.0,1.0,107.86307200032752
0.051,8,2122694021,0.06924891351427338,1.0,1.0,107.59965000033844
0.051,9,839901363,0.0737492583821281,1.0,1.0,107.60980799386743
0.051,10,1802651552,0.0734543168598804,1.0,1.0,107.9133949970128
0.051,11,714712467,0.0687778661062055,1.0,1.0,108.50630899949465
0.051,12,1218704077,0.07456485297332088,1.0,1.0,108.96909401344601
0.051,13,1284858263,0.06839368244205614,1.0,1.0,107.67527000280097
0.051,14,457721135,0.0720324643559072,1.0,1.0,107.76609199820086
0.051,15,401008609,0.07296377975426986,1.0,1.0,107.54106400418095
0.051,16,492064534,0.07227340043402795,1.0,1.0,107.81724400294479
0.051,17,1444732602,0.07078776362331198,1.0,1.0,109.08230299537536
0.051,18,1317426686,0.06967936104443448,1.0,1.0,108.44650599756278
0.051,19,2022506251,0.07626582002298167,1.0,1.0,107.50739999639336
0.051,20,1516459118,0.07470140992682177,1.0,1.0,107.67707700142637
0.051,21,533103612,0.07015623771360065,1.0,1.0,108.15519001334906
0.051,22,1964759878,0.06918373107816042,1.0,1.0,107.75593199650757
0.051,23,2037706756,0.07392272532054692,1.0,1.0,107.50393100897782
0.051,24,1572889065,0.0737888697245388,1.0,1.0,107.66830800275784
0.051,25,1432881518,0.07284473167465087,1.0,1.0,108.41329900722485
0.051,26,280516901,0.08063421594692728,0.0,0.0,107.51233399787452
0.051,27,205939248,0.07458321393002568,1.0,1.0,107.48482300550677
0.051,28,571904914,0.07563402769955152,1.0,1.0,107.54285698931199
0.051,29,948843457,0.07070832711616905,1.0,1.0,107.6970669964794
0.051,30,155492488,0.0658996378296821,1.0,1.0,107.55313000117894
0.051,31,1903701130,0.07060536496966106,1.0,1.0,107.58035500475671
0.051,32,1017961266,0.0732726805649079,1.0,1.0,107.58861900831107
0.051,33,1497769985,0.07096932881942147,1.0,1.0,107.60719500831328
0.051,34,456523489,0.07047809603117808,1.0,1.0,107.58757099392824
0.051,35,701095136,0.07037426318754601,1.0,1.0,107.55430899735074
0.051,36,249069576,0.07595638622792218,1.0,1.0,107.58439799246844
0.051,37,1576098728,0.07532180180008884,1.0,1.0,107.58474699105136
0.051,38,1662748500,0.07051184774756451,1.0,1.0,107.48503801005427
0.051,39,472736216,0.07286276028965841,1.0,1.0,107.69870301010087
0.051,40,1535411295,0.07422547597920817,1.0,1.0,108.54197099979501
0.051,41,175223003,0.07163951651062446,1.0,1.0,107.47463299776427
0.051,42,840936862,0.07257204059831175,1.0,1.0,107.78927299543284
0.051,43,343373188,0.073754283381237,1.0,1.0,107.71957199904136
0.051,44,1597751082,0.06885994711116042,1.0,1.0,107.65780099609401
0.051,45,730359585,0.06981625793756574,1.0,1.0,107.4986710009398
0.051,46,1016641002,0.07962590185665464,1.0,1.0,107.5554609997198
0.051,47,998994690,0.07310047063170322,1.0,1.0,107.6587709976593
0.051,48,1021240743,0.07051142554077383,1.0,1.0,107.79754500254057
0.051,49,572134801,0.07935154893968868,1.0,1.0,107.5187590031419
0.051,50,1198399760,0.06838096174268514,1.0,1.0,107.78717900393531
0.051,51,1751866485,0.07416308290094772,1.0,1.0,107.5118689914234
0.051,52,1070889713,0.07108750441503905,1.0,1.0,107.55110299214721
0.051,53,415096539,0.07588146199942428,1.0,1.0,107.62848300510086
0.051,54,52416235,0.07166201438438244,1.0,1.0,107.6551979931537
0.051,55,278032723,0.07549806394104387,1.0,1.0,108.38411800796166
0.051,56,174946158,0.07361482627055309,1.0,1.0,107.71788599959109
0.051,57,196848554,0.07909321208529886,1.0,1.0,107.5344630080508
0.051,58,263030910,0.0775661238428429,1.0,1.0,107.44993601110764
0.051,59,1285415020,0.06532073176800517,1.0,1.0,107.44384500139859
0.051,60,1733223444,0.06859913336824647,1.0,1.0,107.49884598772041
0.051,61,1835544261,0.07607230496655681,1.0,1.0,107.46269099763595
0.051,62,1403186970,0.07083453379789394,1.0,1.0,107.44652699213475
0.051,63,1291971777,0.0753576931961951,1.0,1.0,107.4922819971107
0.051,64,712292067,0.07389402792549869,1.0,1.0,107.49518299417105
0.051,65,2001429764,0.07497601191839591,1.0,1.0,107.76909999549389
0.051,66,1375664061,0.0687006180815928,1.0,1.0,107.82589300652035
0.051,67,1556456120,0.07457906404105745,1.0,1.0,115.06471899338067
0.051,68,1576053187,0.06958337289732766,1.0,1.0,107.58308799995575
0.051,69,1848019881,0.0704915074556633,1.0,1.0,107.53412698977627
0.051,70,1508652585,0.07393892361876543,1.0,1.0,107.45608599972911
0.051,71,1995737731,0.07212131843721332,1.0,1.0,107.53012500936165
0.051,72,1162788447,0.07286195138931945,1.0,1.0,107.53233799187001
0.051,73,1172925522,0.07167968713721325,1.0,1.0,107.47301099763718
0.051,74,539174575,0.0742180047982752,1.0,1.0,107.54052898846567
0.051,75,2013637345,0.07615473071700102,1.0,1.0,107.60372300865129
0.051,76,1187468716,0.07788782731813541,1.0,1.0,107.55512099422049
0.051,77,1062978506,0.07320793716797987,1.0,1.0,107.55073999462184
0.051,78,679326770,0.07786933367352067,1.0,1.0,108.12728900054935
0.051,79,587923432,0.06792911354887932,1.0,1.0,107.6020369946491
0.051,80,1359889667,0.0698653404268051,1.0,1.0,107.50840399123263
0.051,81,970187386,0.07100990237427952,1.0,1.0,107.66112098644953
0.051,82,1219839873,0.08038911273190923,0.0,0.0,107.57745399314445
0.051,83,1428160212,0.07061138477514038,1.0,1.0,107.53886999737006
0.051,84,1930609499,0.07536972369496447,1.0,1.0,107.70407099334989
0.051,85,710582861,0.07016161089590582,1.0,1.0,107.67679699347354
0.051,86,1463614337,0.07198892569334966,1.0,1.0,107.43322200141847
0.051,87,1940152705,0.06972664232809482,1.0,1.0,107.40390000864863
0.051,88,985452196,0.07271382123476006,1.0,1.0,107.43757199088577
0.051,89,552062587,0.07230060281584125,1.0,1.0,107.48718499962706
0.051,90,623566272,0.06672537134532869,1.0,1.0,107.5103049952304
0.051,91,729775797,0.07527386926833365,1.0,1.0,107.7479149971623
0.051,92,1352536665,0.0710375971227477,1.0,1.0,107.74771899741609
0.051,93,555883440,0.07278062135131044,1.0,1.0,107.8997949953191
0.051,94,1801800003,0.06830233008906327,1.0,1.0,108.56844400404952
0.051,95,763315502,0.07774877165596814,1.0,1.0,107.55735699785873
0.051,96,138897982,0.0746282141555614,1.0,1.0,107.58788700331934
0.051,97,10785379,0.06933401867002124,1.0,1.0,107.50006200396456
0.051,98,53923185,0.07001116856810082,1.0,1.0,107.7700270107016
0.051,99,1349917978,0.06977471387684743,1.0,1.0,107.56434898939915
0.052,0,1501552845,0.07308885883863347,1.0,1.0,107.64083299727645
0.052,1,488200390,0.0750097464343867,1.0,1.0,107.60379399289377
0.052,2,1693606510,0.069411164298889,1.0,1.0,107.61046200059354
0.052,3,680233354,0.0732226795881842,1.0,1.0,107.63725799915846
0.052,4,438466540,0.07108172292485793,1.0,1.0,107.68343099334743
0.052,5,1712329280,0.0693861458991215,1.0,1.0,107.68842999823391
0.052,6,1380152455,0.07086443932186756,1.0,1.0,107.67808600212447
0.052,7,1452245846,0.06798225817465545,1.0,1.0,107.68005400313996
0.052,8,2122694021,0.06924891351427338,1.0,1.0,107.64505800034385
0.052,9,839901363,0.0737492583821281,1.0,1.0,107.62521700235084
0.052,10,1802651552,0.0734543168598804,1.0,1.0,107.58729399822187
0.052,11,714712467,0.0687778661062055,1.0,1.0,107.61059400101658
0.052,12,1218704077,0.07456485297332088,1.0,1.0,107.6438759919256
0.052,13,1284858263,0.06839368244205614,1.0,1.0,107.56567300995812
0.052,14,457721135,0.0720324643559072,1.0,1.0,107.57698200177401
0.052,15,401008609,0.07296377975426986,1.0,1.0,107.55376100132708
0.052,16,492064534,0.07227340043402795,1.0,1.0,107.56171999673825
0.052,17,1444732602,0.07078776362331198,1.0,1.0,107.56672400748357
0.052,18,1317426686,0.06967936104443448,1.0,1.0,107.48395300470293
0.052,19,2022506251,0.07626582002298167,1.0,1.0,107.55879199132323
0.052,20,1516459118,0.07470140992682177,1.0,1.0,107.54407499916852
0.052,21,533103612,0.07015623771360065,1.0,1.0,107.62440800317563
0.052,22,1964759878,0.06918373107816042,1.0,1.0,107.58600800181739
0.052,23,2037706756,0.07392272532054692,1.0,1.0,107.52060799859464
0.052,24,1572889065,0.0737888697245388,1.0,1.0,107.55375699955039
0.052,25,1432881518,0.07284473167465087,1.0,1.0,107.51778101257514
0.052,26,280516901,0.08063421594692728,0.0,0.0,107.54458799783606
0.052,27,205939248,0.07458321393002568,1.0,1.0,107.52577100356575
0.052,28,571904914,0.07563402769955152,1.0,1.0,107.52444100216962
0.052,29,948843457,0.07070832711616905,1.0,1.0,107.54350099887233
0.052,30,155492488,0.07871459822673262,1.0,1.0,107.56239399779588
0.052,31,1903701130,0.07060536496966106,1.0,1.0,107.57880900928285
0.052,32,1017961266,0.0732726805649079,1.0,1.0,107.58686400367878
0.052,33,1497769985,0.07096932881942147,1.0,1.0,107.62089501076844
0.052,34,456523489,0.07047809603117808,1.0,1.0,107.59596699790563
0.052,35,701095136,0.07037426318754601,1.0,1.0,107.7106969896704
0.052,36,249069576,0.07595638622792218,1.0,1.0,107.54175699548796
0.052,37,1576098728,0.07665996386276518,1.0,1.0,107.68553899833933
0.052,38,1662748500,0.07051184774756451,1.0,1.0,107.50465400633402
0.052,39,472736216,0.07286276028965841,1.0,1.0,107.50379499222618
0.052,40,1535411295,0.07422547597920817,1.0,1.0,107.46561599080451
0.052,41,175223003,0.07163951651062446,1.0,1.0,107.61535000347067
0.052,42,840936862,0.07257204059831175,1.0,1.0,107.89029499574099
0.052,43,343373188,0.073754283381237,1.0,1.0,107.57858899887651
0.052,44,1597751082,0.06885994711116042,1.0,1.0,107.54123599326704
0.052,45,730359585,0.06981625793756574,1.0,1.0,107.52871600561775
0.052,46,1016641002,0.07962590185665464,1.0,1.0,107.61299899604637
0.052,47,998994690,0.07310047063170322,1.0,1.0,107.52735499409027
0.052,48,1021240743,0.07051142554077383,1.0,1.0,107.44077299023047
0.052,49,572134801,0.07935154893968868,1.0,1.0,107.61014099989552
0.052,50,1198399760,0.06838096174268514,1.0,1.0,107.56181899341755
0.052,51,1751866485,0.07416308290094772,1.0,1.0,107.56752200541086
0.052,52,1070889713,0.07108750441503905,1.0,1.0,107.55203300504945
0.052,53,415096539,0.07588146199942428,1.0,1.0,107.6532379956916
0.052,54,52416235,0.07166201438438244,1.0,1.0,107.49303600459825
0.052,55,278032723,0.07549806394104387,1.0,1.0,107.54569500568323
0.052,56,174946158,0.07361482627055309,1.0,1.0,107.52265999326482
0.052,57,196848554,0.07909321208529886,1.0,1.0,107.53583599580452
0.052,58,263030910,0.0775661238428429,1.0,1.0,107.4572130019078
0.052,59,1285415020,0.06532073176800517,1.0,1.0,107.4385319952853
0.052,60,1733223444,0.06859913336824647,1.0,1.0,107.51282300043385
0.052,61,1835544261,0.07607230496655681,1.0,1.0,107.4718840100104
0.052,62,1403186970,0.07083453379789394,1.0,1.0,107.49042000679765
0.052,63,1291971777,0.0753576931961951,1.0,1.0,107.50754899345338
0.052,64,712292067,0.07389402792549869,1.0,1.0,107.52982800477184
0.052,65,2001429764,0.07497601191839591,1.0,1.0,107.5364140124293
0.052,66,1375664061,0.0687006180815928,1.0,1.0,107.55476600024849
0.052,67,1556456120,0.07457906404105745,1.0,1.0,107.55706600320991
0.052,68,1576053187,0.06958337289732766,1.0,1.0,107.70665200834628
0.052,69,1848019881,0.0704915074556633,1.0,1.0,107.50887100584805
0.052,70,1508652585,0.07393892361876543,1.0,1.0,107.60142200160772
0.052,71,1995737731,0.07212131843721332,1.0,1.0,107.52765499637462
0.052,72,1162788447,0.07286195138931945,1.0,1.0,107.5736839993624
0.052,73,1172925522,0.07167968713721325,1.0,1.0,107.49569699692074
0.052,74,539174575,0.0742180047982752,1.0,1.0,107.54842600726988
0.052,75,2013637345,0.07615473071700102,1.0,1.0,107.53217499586754
0.052,76,1187468716,0.07788782731813541,1.0,1.0,107.54429599910509
0.052,77,1062978506,0.07320793716797987,1.0,1.0,107.54695801006164
0.052,78,679326770,0.07786933367352067,1.0,1.0,107.50171200197656
0.052,79,587923432,0.06792911354887932,1.0,1.0,107.55460200016387
0.052,80,1359889667,0.0698653404268051,1.0,1.0,107.54223400726914
0.052,81,970187386,0.07100990237427952,1.0,1.0,107.6198060036404
0.052,82,1219839873,0.08038911273190923,0.0,0.0,107.54933799034916
0.052,83,1428160212,0.07061138477514038,1.0,1.0,107.5401959969895
0.052,84,1930609499,0.07536972369496447,1.0,1.0,107.52687900094315
0.052,85,710582861,0.07016161089590582,1.0,1.0,107.50195798755158
0.052,86,1463614337,0.07198892569334966,1.0,1.0,107.44810100004543
0.052,87,1940152705,0.06972664232809482,1.0,1.0,107.42853199189994
0.052,88,985452196,0.07271382123476006,1.0,1.0,107.52905099070631
0.052,89,552062587,0.07230060281584125,1.0,1.0,107.46187099721283
0.052,90,623566272,0.06672537134532869,1.0,1.0,107.53841299447231
0.052,91,729775797,0.07527386926833365,1.0,1.0,107.55852099100593
0.052,92,1352536665,0.0710375971227477,1.0,1.0,107.52951400354505
0.052,93,555883440,0.07278062135131044,1.0,1.0,107.60331999335904
0.052,94,1801800003,0.06830233008906327,1.0,1.0,107.55019399221055
0.052,95,763315502,0.07774877165596814,1.0,1.0,107.56402100378182
0.052,96,138897982,0.0746282141555614,1.0,1.0,107.55962299299426
0.052,97,10785379,0.06933401867002124,1.0,1.0,107.51220300153363
0.052,98,53923185,0.07001116856810082,1.0,1.0,107.54102800274268
0.052,99,1349917978,0.06977471387684743,1.0,1.0,107.5614479923388
0.053,0,1501552845,0.07308885883863347,1.0,1.0,107.76590400200803
0.053,1,488200390,0.0750097464343867,1.0,1.0,107.85392299294472
0.053,2,1693606510,0.069411164298889,1.0,1.0,107.7554659859743
0.053,3,680233354,0.0732226795881842,1.0,1.0,107.74003699771129
0.053,4,438466540,0.07108172292485793,1.0,1.0,107.67836900777183
0.053,5,1712329280,0.0693861458991215,1.0,1.0,107.6338900020346
0.053,6,1380152455,0.07086443932186756,1.0,1.0,107.82920201017987
0.053,7,1452245846,0.06798225817465545,1.0,1.0,107.61699599970598
0.053,8,2122694021,0.06924891351427338,1.0,1.0,107.61925698898267
0.053,9,839901363,0.0737492583821281,1.0,1.0,107.6033019926399
0.053,10,1802651552,0.0734543168598804,1.0,1.0,107.60987900721375
0.053,11,714712467,0.0687778661062055,1.0,1.0,107.56408600718714
0.053,12,1218704077,0.07456485297332088,1.0,1.0,107.55371100094635
0.053,13,1284858263,0.06839368244205614,1.0,1.0,107.73046700342093
0.053,14,457721135,0.0720324643559072,1.0,1.0,107.54407600325067
0.053,15,401008609,0.07296377975426986,1.0,1.0,107.55673699895851
0.053,16,492064534,0.07227340043402795,1.0,1.0,107.57487099908758
0.053,17,1444732602,0.07078776362331198,1.0,1.0,107.51365599571727
0.053,18,1317426686,0.06967936104443448,1.0,1.0,107.53196600126103
0.053,19,2022506251,0.07626582002298167,1.0,1.0,107.54219599766657
0.053,20,1516459118,0.07470140992682177,1.0,1.0,107.64726999332197
0.053,21,533103612,0.07015623771360065,1.0,1.0,108.23027598962653
0.053,22,1964759878,0.06918373107816042,1.0,1.0,107.54141201323364
0.053,23,2037706756,0.07392272532054692,1.0,1.0,107.53388400189579
0.053,24,1572889065,0.0737888697245388,1.0,1.0,107.53774200566113
0.053,25,1432881518,0.07284473167465087,1.0,1.0,107.53366599965375
0.053,26,280516901,0.08063421594692728,0.0,0.0,107.5092529936228
0.053,27,205939248,0.07458321393002568,1.0,1.0,107.50324600667227
0.053,28,571904914,0.07563402769955152,1.0,1.0,107.64123599801678
0.053,29,948843457,0.07070832711616905,1.0,1.0,107.56171200773679
0.053,30,155492488,0.07871459822673262,1.0,1.0,107.57312701025512
0.053,31,1903701130,0.07060536496966106,1.0,1.0,107.5871740031289
0.053,32,1017961266,0.0732726805649079,1.0,1.0,107.60791799111757
0.053,33,1497769985,0.07096932881942147,1.0,1.0,107.58513500331901
0.053,34,456523489,0.07047809603117808,1.0,1.0,107.56115999538451
0.053,35,701095136,0.07037426318754601,1.0,1.0,107.58201299177017
0.053,36,249069576,0.07595638622792218,1.0,1.0,107.67177799425554
0.053,37,1576098728,0.07532180180008884,1.0,1.0,107.50245800591074
0.053,38,1662748500,0.07051184774756451,1.0,1.0,107.48970799613744
0.053,39,472736216,0.07286276028965841,1.0,1.0,107.47661499772221
0.053,40,1535411295,0.07422547597920817,1.0,1.0,107.57994500454515
0.053,41,175223003,0.07163951651062446,1.0,1.0,107.5062949967105
0.053,42,840936862,0.07257204059831175,1.0,1.0,107.55160900589544
0.053,43,343373188,0.073754283381237,1.0,1.0,107.65666099905502
0.053,44,1597751082,0.06885994711116042,1.0,1.0,107.5237889890559
0.053,45,730359585,0.06981625793756574,1.0,1.0,107.48814500402659
0.053,46,1016641002,0.07962590185665464,1.0,1.0,107.54744899168145
0.053,47,998994690,0.07310047063170322,1.0,1.0,107.4659209989477
0.053,48,1021240743,0.07051142554077383,1.0,1.0,107.51716699451208
0.053,49,572134801,0.07935154893968868,1.0,1.0,107.55060300289188
0.053,50,1198399760,0.06838096174268514,1.0,1.0,107.52653300005477
0.053,51,1751866485,0.07416308290094772,1.0,1.0,107.56766400299966
0.053,52,1070889713,0.07108750441503905,1.0,1.0,107.64893400482833
0.053,53,415096539,0.07588146199942428,1.0,1.0,107.71694499999285
0.053,54,52416235,0.07166201438438244,1.0,1.0,107.63435999979265
0.053,55,278032723,0.07549806394104387,1.0,1.0,107.52275999402627
0.053,56,174946158,0.07361482627055309,1.0,1.0,107.53792700415943
0.053,57,196848554,0.07909321208529886,1.0,1.0,107.56642199703492
0.053,58,263030910,0.0775661238428429,1.0,1.0,107.60251199826598
0.053,59,1285415020,0.06532073176800517,1.0,1.0,107.50428399478551
0.053,60,1733223444,0.06859913336824647,1.0,1.0,107.51160100335255
0.053,61,1835544261,0.07607230496655681,1.0,1.0,107.67107301217038
0.053,62,1403186970,0.07083453379789394,1.0,1.0,107.49298598966561
0.053,63,1291971777,0.0753576931961951,1.0,1.0,107.52490001323167
0.053,64,712292067,0.07389402792549869,1.0,1.0,107.55057199276052
0.053,65,2001429764,0.07497601191839591,1.0,1.0,108.0715069983853
0.053,66,1375664061,0.0687006180815928,1.0,1.0,107.56763799872715
0.053,67,1556456120,0.07457906404105745,1.0,1.0,107.57105899392627
0.053,68,1576053187,0.06958337289732766,1.0,1.0,107.85282299912069
0.053,69,1848019881,0.0704915074556633,1.0,1.0,107.50130699307192
0.053,70,1508652585,0.07393892361876543,1.0,1.0,107.62480398989283
0.053,71,1995737731,0.07212131843721332,1.0,1.0,107.64110599120613
0.053,72,1162788447,0.07286195138931945,1.0,1.0,107.50682299840264
0.053,73,1172925522,0.07167968713721325,1.0,1.0,107.51743499713484
0.053,74,539174575,0.0742180047982752,1.0,1.0,107.54221599199809
0.053,75,2013637345,0.07615473071700102,1.0,1.0,107.5516449927818
0.053,76,1187468716,0.07788782731813541,1.0,1.0,107.56190199754201
0.053,77,1062978506,0.07320793716797987,1.0,1.0,107.50862200802658
0.053,78,679326770,0.07786933367352067,1.0,1.0,107.49992199998815
0.053,79,587923432,0.06792911354887932,1.0,1.0,107.51790599897504
0.053,80,1359889667,0.0698653404268051,1.0,1.0,107.57427800854202
0.053,81,970187386,0.07100990237427952,1.0,1.0,107.55392799910624
0.053,82,1219839873,0.08038911273190923,0.0,0.0,107.54793499654625
0.053,83,1428160212,0.07061138477514038,1.0,1.0,107.59059799602255
0.053,84,1930609499,0.07536972369496447,1.0,1.0,107.68628799996804
0.053,85,710582861,0.07016161089590582,1.0,1.0,107.48496699670795
0.053,86,1463614337,0.07198892569334966,1.0,1.0,109.85688099754043
0.053,87,1940152705,0.06972664232809482,1.0,1.0,107.44928401254583
0.053,88,985452196,0.07271382123476006,1.0,1.0,107.52068100555334
0.053,89,552062587,0.07230060281584125,1.0,1.0,107.54510998958722
0.053,90,623566272,0.06672537134532869,1.0,1.0,107.56763399695046
0.053,91,729775797,0.07527386926833365,1.0,1.0,107.56265600502957
0.053,92,1352536665,0.0710375971227477,1.0,1.0,107.69372699724045
0.053,93,555883440,0.07278062135131044,1.0,1.0,107.54470099345781
0.053,94,1801800003,0.06830233008906327,1.0,1.0,107.55503400287125
0.053,95,763315502,0.07774877165596814,1.0,1.0,107.59629200038034
0.053,96,138897982,0.0746282141555614,1.0,1.0,107.66118700848892
0.053,97,10785379,0.06933401867002124,1.0,1.0,107.66861599404365
0.053,98,53923185,0.07001116856810082,1.0,1.0,107.56807900907006
0.053,99,1349917978,0.06977471387684743,1.0,1.0,107.5219750055112
0.054,0,1501552845,0.07308885883863347,1.0,1.0,107.63426699850243
0.054,1,488200390,0.0750097464343867,1.0,1.0,107.65293700387701
0.054,2,1693606510,0.069411164298889,1.0,1.0,107.64195999945514
0.054,3,680233354,0.0732226795881842,1.0,1.0,107.66219899232965
0.054,4,438466540,0.07108172292485793,1.0,1.0,107.60897801083047
0.054,5,1712329280,0.0693861458991215,1.0,1.0,107.61206501047127
0.054,6,1380152455,0.07086443932186756,1.0,1.0,107.60218799987342
0.054,7,1452245846,0.06798225817465545,1.0,1.0,107.75017099513207
0.054,8,2122694021,0.06924891351427338,1.0,1.0,107.60154700255953
0.054,9,839901363,0.0737492583821281,1.0,1.0,107.59602999314666
0.054,10,1802651552,0.0734543168598804,1.0,1.0,107.54307100432925
0.054,11,714712467,0.0687778661062055,1.0,1.0,107.54428799555171
0.054,12,1218704077,0.07456485297332088,1.0,1.0,107.56629100069404
0.054,13,1284858263,0.06839368244205614,1.0,1.0,107.5253290036926
0.054,14,457721135,0.0720324643559072,1.0,1.0,107.5556889991276
0.054,15,401008609,0.07296377975426986,1.0,1.0,107.5704399991082
0.054,16,492064534,0.07227340043402795,1.0,1.0,107.51869900559541
0.054,17,1444732602,0.07078776362331198,1.0,1.0,107.5432270008605
0.054,18,1317426686,0.06967936104443448,1.0,1.0,107.53792099421844
0.054,19,2022506251,0.07626582002298167,1.0,1.0,107.78181899513584
0.054,20,1516459118,0.07470140992682177,1.0,1.0,107.74085301090963
0.054,21,533103612,0.07015623771360065,1.0,1.0,107.53071600629482
0.054,22,1964759878,0.06918373107816042,1.0,1.0,107.51452499243896
0.054,23,2037706756,0.07392272532054692,1.0,1.0,107.5025540048955
0.054,24,1572889065,0.0737888697245388,1.0,1.0,107.50096599804237
0.054,25,1432881518,0.07284473167465087,1.0,1.0,107.49321899493225
0.054,26,280516901,0.08063421594692728,0.0,0.0,107.49465899425559
0.054,27,205939248,0.07458321393002568,1.0,1.0,107.52995000802912
0.054,28,571904914,0.07563402769955152,1.0,1.0,107.55357399466448
0.054,29,948843457,0.07070832711616905,1.0,1.0,107.58678300771862
0.054,30,155492488,0.07871459822673262,1.0,1.0,107.59464600414503
0.054,31,1903701130,0.07060536496966106,1.0,1.0,107.59383099502884
0.054,32,1017961266,0.0732726805649079,1.0,1.0,107.5744369882159
0.054,33,1497769985,0.07096932881942147,1.0,1.0,107.57713699422311
0.054,34,456523489,0.07047809603117808,1.0,1.0,107.5731699966127
0.054,35,701095136,0.07037426318754601,1.0,1.0,107.71507299796212
0.054,36,249069576,0.07595638622792218,1.0,1.0,107.59282999788411
0.054,37,1576098728,0.07532180180008884,1.0,1.0,107.72204799286555
0.054,38,1662748500,0.07051184774756451,1.0,1.0,107.7500599931227
0.054,39,472736216,0.07286276028965841,1.0,1.0,107.627630000934
0.054,40,1535411295,0.07422547597920817,1.0,1.0,107.67610798939131
0.054,41,175223003,0.07163951651062446,1.0,1.0,107.57878399454057
0.054,42,840936862,0.07257204059831175,1.0,1.0,107.6431639958173
0.054,43,343373188,0.073754283381237,1.0,1.0,107.52053599571809
0.054,44,1597751082,0.06885994711116042,1.0,1.0,107.500334008364
0.054,45,730359585,0.06981625793756574,1.0,1.0,107.54170799918938
0.054,46,1016641002,0.07962590185665464,1.0,1.0,107.45074100850616
0.054,47,998994690,0.07310047063170322,1.0,1.0,107.52833299920894
0.054,48,1021240743,0.07051142554077383,1.0,1.0,107.5221620121738
0.054,49,572134801,0.07935154893968868,1.0,1.0,107.66603500815108
0.054,50,1198399760,0.06838096174268514,1.0,1.0,107.54110899870284
0.054,51,1751866485,0.07416308290094772,1.0,1.0,107.5112340040505
0.054,52,1070889713,0.07108750441503905,1.0,1.0,109.193342999788
0.054,53,415096539,0.07588146199942428,1.0,1.0,107.51234299095813
0.054,54,52416235,0.07166201438438244,1.0,1.0,107.63838500133716
0.054,55,278032723,0.07549806394104387,1.0,1.0,107.63375800161157
0.054,56,174946158,0.07361482627055309,1.0,1.0,107.44778299704194
0.054,57,196848554,0.07909321208529886,1.0,1.0,107.71538699918892
0.054,58,263030910,0.0775661238428429,1.0,1.0,107.49949699675199
0.054,59,1285415020,0.06532073176800517,1.0,1.0,107.45424700144213
0.054,60,1733223444,0.06859913336824647,1.0,1.0,107.46034700423479
0.054,61,1835544261,0.07607230496655681,1.0,1.0,107.49893399770372
0.054,62,1403186970,0.07083453379789394,1.0,1.0,107.53195799770765
0.054,63,1291971777,0.0753576931961951,1.0,1.0,107.54449699015822
0.054,64,712292067,0.07389402792549869,1.0,1.0,107.5497170095332
0.054,65,2001429764,0.07497601191839591,1.0,1.0,107.58461999648716
0.054,66,1375664061,0.0687006180815928,1.0,1.0,107.59419800888281
0.054,67,1556456120,0.07457906404105745,1.0,1.0,107.83048100711312
0.054,68,1576053187,0.06958337289732766,1.0,1.0,107.49679899890907
0.054,69,1848019881,0.0704915074556633,1.0,1.0,107.79956298938487
0.054,70,1508652585,0.07393892361876543,1.0,1.0,107.67308699723799
0.054,71,1995737731,0.07212131843721332,1.0,1.0,107.4861660017632
0.054,72,1162788447,0.07286195138931945,1.0,1.0,107.72738300147466
0.054,73,1172925522,0.07167968713721325,1.0,1.0,107.766722998349
0.054,74,539174575,0.0742180047982752,1.0,1.0,107.58636900573038
0.054,75,2013637345,0.07615473071700102,1.0,1.0,107.53973500686698
0.054,76,1187468716,0.07788782731813541,1.0,1.0,107.5222270010272
0.054,77,1062978506,0.07320793716797987,1.0,1.0,107.50145799829625
0.054,78,679326770,0.07786933367352067,1.0,1.0,107.54730099870358
0.054,79,587923432,0.06792911354887932,1.0,1.0,107.76207099843305
0.054,80,1359889667,0.0698653404268051,1.0,1.0,107.56402800325304
0.054,81,970187386,0.07100990237427952,1.0,1.0,107.54636699857656
0.054,82,1219839873,0.08038911273190923,0.0,0.0,107.70944700925611
0.054,83,1428160212,0.07061138477514038,1.0,1.0,108.06520799815189
0.054,84,1930609499,0.07536972369496447,1.0,1.0,120.75808100053109
0.054,85,710582861,0.07016161089590582,1.0,1.0,107.6276989915641
0.054,86,1463614337,0.07198892569334966,1.0,1.0,107.4945580039639
0.054,87,1940152705,0.06972664232809482,1.0,1.0,107.45279700495303
0.054,88,985452196,0.07271382123476006,1.0,1.0,107.56204200151842
0.054,89,552062587,0.07230060281584125,1.0,1.0,107.65993199311197
0.054,90,623566272,0.06672537134532869,1.0,1.0,107.67728500650264
0.054,91,729775797,0.07527386926833365,1.0,1.0,107.62069599877577
0.054,92,1352536665,0.0710375971227477,1.0,1.0,107.67074499744922
0.054,93,555883440,0.07278062135131044,1.0,1.0,107.55990899633616
0.054,94,1801800003,0.06830233008906327,1.0,1.0,107.70614100329112
0.054,95,763315502,0.07774877165596814,1.0,1.0,107.52251499798149
0.054,96,138897982,0.0746282141555614,1.0,1.0,107.53132999525405
0.054,97,10785379,0.06933401867002124,1.0,1.0,107.56545700132847
0.054,98,53923185,0.07001116856810082,1.0,1.0,107.7035890048137
0.054,99,1349917978,0.06977471387684743,1.0,1.0,107.56662698986474
0.055,0,1501552845,0.07308885883863347,1.0,1.0,107.66060999594629
0.055,1,488200390,0.0750097464343867,1.0,1.0,107.63439700531308
0.055,2,1693606510,0.069411164298889,1.0,1.0,108.55607299890835
0.055,3,680233354,0.0732226795881842,1.0,1.0,107.63944599602837
0.055,4,438466540,0.07108172292485793,1.0,1.0,107.6228930032812
0.055,5,1712329280,0.0693861458991215,1.0,1.0,108.331465991796
0.055,6,1380152455,0.07086443932186756,1.0,1.0,108.042532010586
0.055,7,1452245846,0.06798225817465545,1.0,1.0,108.71682700235397
0.055,8,2122694021,0.06924891351427338,1.0,1.0,107.64178101089783
0.055,9,839901363,0.0737492583821281,1.0,1.0,107.55692700331565
0.055,10,1802651552,0.0734543168598804,1.0,1.0,107.5260109937517
0.055,11,714712467,0.0687778661062055,1.0,1.0,107.57043700141367
0.055,12,1218704077,0.07456485297332088,1.0,1.0,107.55770400282927
0.055,13,1284858263,0.06839368244205614,1.0,1.0,107.51795099349692
0.055,14,457721135,0.0720324643559072,1.0,1.0,107.55793600401375
0.055,15,401008609,0.07296377975426986,1.0,1.0,108.97750299773179
0.055,16,492064534,0.07227340043402795,1.0,1.0,107.64574800850824
0.055,17,1444732602,0.07078776362331198,1.0,1.0,107.55770100513473
0.055,18,1317426686,0.06967936104443448,1.0,1.0,108.05948200868443
0.055,19,2022506251,0.07626582002298167,1.0,1.0,107.59843498817645
0.055,20,1516459118,0.07470140992682177,1.0,1.0,107.68522600119468
0.055,21,533103612,0.07015623771360065,1.0,1.0,108.08912701031659
0.055,22,1964759878,0.06918373107816042,1.0,1.0,107.50011299387552
0.055,23,2037706756,0.07392272532054692,1.0,1.0,107.51163100940175
0.055,24,1572889065,0.0737888697245388,1.0,1.0,107.5817530072527
0.055,25,1432881518,0.07284473167465087,1.0,1.0,107.56413399940357
0.055,26,280516901,0.08063421594692728,0.0,0.0,107.59109200444072
0.055,27,205939248,0.07458321393002568,1.0,1.0,107.601189010893
0.055,28,571904914,0.07563402769955152,1.0,1.0,107.59321799559984
0.055,29,948843457,0.07070832711616905,1.0,1.0,107.57778301194776
0.055,30,155492488,0.0658996378296821,1.0,1.0,107.56828999728896
0.055,31,1903701130,0.07060536496966106,1.0,1.0,107.7351109997835
0.055,32,1017961266,0.0732726805649079,1.0,1.0,107.56355000194162
0.055,33,1497769985,0.07096932881942147,1.0,1.0,107.53261799982283
0.055,34,456523489,0.07047809603117808,1.0,1.0,107.55166001035832
0.055,35,701095136,0.07037426318754601,1.0,1.0,107.75402700528502
0.055,36,249069576,0.07595638622792218,1.0,1.0,107.47838199313264
0.055,37,1576098728,0.07532180180008884,1.0,1.0,107.50131800887175
0.055,38,1662748500,0.07051184774756451,1.0,1.0,107.57420699519571
0.055,39,472736216,0.07286276028965841,1.0,1.0,108.36730699520558
0.055,40,1535411295,0.07422547597920817,1.0,1.0,107.72584899677895
0.055,41,175223003,0.07163951651062446,1.0,1.0,108.93999799736775
0.055,42,840936862,0.07257204059831175,1.0,1.0,107.5334240013035
0.055,43,343373188,0.073754283381237,1.0,1.0,107.68578499846626
0.055,44,1597751082,0.06885994711116042,1.0,1.0,107.51690399774816
0.055,45,730359585,0.06981625793756574,1.0,1.0,107.75350999028888
0.055,46,1016641002,0.07962590185665464,1.0,1.0,107.49898699577898
0.055,47,998994690,0.07310047063170322,1.0,1.0,116.18323699804023
0.055,48,1021240743,0.07051142554077383,1.0,1.0,107.72513100528158
0.055,49,572134801,0.07935154893968868,1.0,1.0,107.49090599711053
0.055,50,1198399760,0.06838096174268514,1.0,1.0,111.02143400057685
0.055,51,1751866485,0.07416308290094772,1.0,1.0,107.63785400195047
0.055,52,1070889713,0.07108750441503905,1.0,1.0,107.51894699933473
0.055,53,415096539,0.07588146199942428,1.0,1.0,107.47256499598734
0.055,54,52416235,0.07166201438438244,1.0,1.0,107.52790499827825
0.055,55,278032723,0.07549806394104387,1.0,1.0,107.51223200350069
0.055,56,174946158,0.07361482627055309,1.0,1.0,107.5918230053503
0.055,57,196848554,0.07909321208529886,1.0,1.0,107.4658779980382
0.055,58,263030910,0.0775661238428429,1.0,1.0,107.50774999905843
0.055,59,1285415020,0.06532073176800517,1.0,1.0,107.5607120001223
0.055,60,1733223444,0.06859913336824647,1.0,1.0,107.52017400227487
0.055,61,1835544261,0.07607230496655681,1.0,1.0,107.50262498913798
0.055,62,1403186970,0.07083453379789394,1.0,1.0,107.55201800202485
0.055,63,1291971777,0.0753576931961951,1.0,1.0,107.76463300862815
0.055,64,712292067,0.07389402792549869,1.0,1.0,109.27267299848609
0.055,65,2001429764,0.07497601191839591,1.0,1.0,107.46553901117295
0.055,66,1375664061,0.0687006180815928,1.0,1.0,107.51988399715628
0.055,67,1556456120,0.07457906404105745,1.0,1.0,107.53776998899411
0.055,68,1576053187,0.06958337289732766,1.0,1.0,107.50195699802134
0.055,69,1848019881,0.0704915074556633,1.0,1.0,107.64325900527183
0.055,70,1508652585,0.07393892361876543,1.0,1.0,107.53443199791946
0.055,71,1995737731,0.07212131843721332,1.0,1.0,107.55047100246884
0.055,72,1162788447,0.07286195138931945,1.0,1.0,108.31869799585547
0.055,73,1172925522,0.07167968713721325,1.0,1.0,107.50936999102123
0.055,74,539174575,0.0742180047982752,1.0,1.0,107.50218800967559
0.055,75,2013637345,0.07615473071700102,1.0,1.0,107.56997899443377
0.055,76,1187468716,0.07788782731813541,1.0,1.0,107.66465999768116
0.055,77,1062978506,0.07320793716797987,1.0,1.0,107.55368800892029
0.055,78,679326770,0.07786933367352067,1.0,1.0,107.56926899193786
0.055,79,587923432,0.06792911354887932,1.0,1.0,107.58106398861855
0.055,80,1359889667,0.0698653404268051,1.0,1.0,107.49483399558812
0.055,81,970187386,0.07100990237427952,1.0,1.0,107.57665200799238
0.055,82,1219839873,0.08038911273190923,0.0,0.0,107.4187340127537
0.055,83,1428160212,0.07061138477514038,1.0,1.0,107.43893899780232
0.055,84,1930609499,0.07536972369496447,1.0,1.0,107.51855300622992
0.055,85,710582861,0.07016161089590582,1.0,1.0,107.79901799105573
0.055,86,1463614337,0.07198892569334966,1.0,1.0,107.56833699997514
0.055,87,1940152705,0.06972664232809482,1.0,1.0,107.8515260014683
0.055,88,985452196,0.07271382123476006,1.0,1.0,108.15124999498948
0.055,89,552062587,0.07230060281584125,1.0,1.0,107.74249900714494
0.055,90,623566272,0.06672537134532869,1.0,1.0,107.5562140031252
0.055,91,729775797,0.07527386926833365,1.0,1.0,107.68837500654627
0.055,92,1352536665,0.0710375971227477,1.0,1.0,107.52325000066776
0.055,93,555883440,0.07278062135131044,1.0,1.0,107.54043399356306
0.055,94,1801800003,0.06830233008906327,1.0,1.0,107.55657200934365
0.055,95,763315502,0.07774877165596814,1.0,1.0,107.52508300356567
0.055,96,138897982,0.0746282141555614,1.0,1.0,107.54332700162195
0.055,97,10785379,0.06933401867002124,1.0,1.0,107.68947101314552
0.055,98,53923185,0.07001116856810082,1.0,1.0,107.55920100200456
0.055,99,1349917978,0.06977471387684743,1.0,1.0,107.65869099122938
0.056,0,1501552845,0.07308885883863347,1.0,1.0,107.56376199424267
0.056,1,488200390,0.0750097464343867,1.0,1.0,107.5204910011962
0.056,2,1693606510,0.069411164298889,1.0,1.0,107.55500599043444
0.056,3,680233354,0.0732226795881842,1.0,1.0,107.55734199483413
0.056,4,438466540,0.07108172292485793,1.0,1.0,107.49823400692549
0.056,5,1712329280,0.0693861458991215,1.0,1.0,107.63958399184048
0.056,6,1380152455,0.07086443932186756,1.0,1.0,107.53004800062627
0.056,7,1452245846,0.06798225817465545,1.0,1.0,107.52047400455922
0.056,8,2122694021,0.06924891351427338,1.0,1.0,107.50230100529734
0.056,9,839901363,0.0737492583821281,1.0,1.0,107.57038999872748
0.056,10,1802651552,0.0734543168598804,1.0,1.0,107.5904200115474
0.056,11,714712467,0.0687778661062055,1.0,1.0,107.5299799995264
0.056,12,1218704077,0.07456485297332088,1.0,1.0,107.5560419994872
0.056,13,1284858263,0.06839368244205614,1.0,1.0,107.6659149985062
0.056,14,457721135,0.0720324643559072,1.0,1.0,107.76995299966075
0.056,15,401008609,0.07296377975426986,1.0,1.0,107.60160999780055
0.056,16,492064534,0.07227340043402795,1.0,1.0,107.60334299993701
0.056,17,1444732602,0.07078776362331198,1.0,1.0,107.56246000528336
0.056,18,1317426686,0.06967936104443448,1.0,1.0,107.75964100321289
0.056,19,2022506251,0.07626582002298167,1.0,1.0,107.69795200030785
0.056,20,1516459118,0.07470140992682177,1.0,1.0,107.58738097501919
0.056,21,533103612,0.07015623771360065,1.0,1.0,107.62874002102762
0.056,22,1964759878,0.06918373107816042,1.0,1.0,107.59263098589145
0.056,23,2037706756,0.07392272532054692,1.0,1.0,107.5448060000781
0.056,24,1572889065,0.0737888697245388,1.0,1.0,107.55131300538778
0.056,25,1432881518,0.07284473167465087,1.0,1.0,107.50861000269651
0.056,26,280516901,0.08063421594692728,0.0,0.0,107.74018400115892
0.056,27,205939248,0.07458321393002568,1.0,1.0,107.43083999841474
0.056,28,571904914,0.07563402769955152,1.0,1.0,107.39541501970962
0.056,29,948843457,0.07070832711616905,1.0,1.0,107.44917599367909
0.056,30,155492488,0.0658996378296821,1.0,1.0,107.54829598590732
0.056,31,1903701130,0.07060536496966106,1.0,1.0,107.53695698804222
0.056,32,1017961266,0.0732726805649079,1.0,1.0,107.60100799961947
0.056,33,1497769985,0.07096932881942147,1.0,1.0,107.56982502061874
0.056,34,456523489,0.07047809603117808,1.0,1.0,107.48710599727929
0.056,35,701095136,0.07037426318754601,1.0,1.0,107.54469298990443
0.056,36,249069576,0.07595638622792218,1.0,1.0,108.9889130089432
0.056,37,1576098728,0.07665996386276518,1.0,1.0,107.58906201226637
0.056,38,1662748500,0.07051184774756451,1.0,1.0,107.82535400358029
0.056,39,472736216,0.07286276028965841,1.0,1.0,107.6587279967498
0.056,40,1535411295,0.07422547597920817,1.0,1.0,107.59876697557047
0.056,41,175223003,0.07163951651062446,1.0,1.0,107.481519022258
0.056,42,840936862,0.07257204059831175,1.0,1.0,107.53502100124024
0.056,43,343373188,0.073754283381237,1.0,1.0,107.55553099443205
0.056,44,1597751082,0.06885994711116042,1.0,1.0,107.50677299802192
0.056,45,730359585,0.06981625793756574,1.0,1.0,107.56771097658202
0.056,46,1016641002,0.07962590185665464,1.0,1.0,107.55109900492243
0.056,47,998994690,0.07310047063170322,1.0,1.0,107.5779199891258
0.056,48,1021240743,0.07051142554077383,1.0,1.0,107.58948599686846
0.056,49,572134801,0.07935154893968868,1.0,1.0,107.59240799234249
0.056,50,1198399760,0.06838096174268514,1.0,1.0,107.60810700594448
0.056,51,1751866485,0.07416308290094772,1.0,1.0,107.58694802643731
0.056,52,1070889713,0.07108750441503905,1.0,1.0,107.58122798870318
0.056,53,415096539,0.07588146199942428,1.0,1.0,107.71795400069095
0.056,54,52416235,0.07166201438438244,1.0,1.0,107.55659299320541
0.056,55,278032723,0.07549806394104387,1.0,1.0,107.56953898817301
0.056,56,174946158,0.07361482627055309,1.0,1.0,107.60177401243709
0.056,57,196848554,0.07909321208529886,1.0,1.0,107.59802701068111
0.056,58,263030910,0.0775661238428429,1.0,1.0,107.60232197935693
0.056,59,1285415020,0.06532073176800517,1.0,1.0,107.64403198845685
0.056,60,1733223444,0.06859913336824647,1.0,1.0,107.55888698622584
0.056,61,1835544261,0.07607230496655681,1.0,1.0,107.55395999876782
0.056,62,1403186970,0.07083453379789394,1.0,1.0,107.58588000317104
0.056,63,1291971777,0.0753576931961951,1.0,1.0,107.68306098179892
0.056,64,712292067,0.07389402792549869,1.0,1.0,107.55858800257556
0.056,65,2001429764,0.07497601191839591,1.0,1.0,107.55094501655549
0.056,66,1375664061,0.0687006180815928,1.0,1.0,107.65263199573383
0.056,67,1556456120,0.07457906404105745,1.0,1.0,107.55672500818036
0.056,68,1576053187,0.06958337289732766,1.0,1.0,107.61904501123354
0.056,69,1848019881,0.0704915074556633,1.0,1.0,107.57096300949343
0.056,70,1508652585,0.07393892361876543,1.0,1.0,107.5624650111422
0.056,71,1995737731,0.07212131843721332,1.0,1.0,107.61392000131309
0.056,72,1162788447,0.07286195138931945,1.0,1.0,107.58262901799753
0.056,73,1172925522,0.07167968713721325,1.0,1.0,107.58587199961767
0.056,74,539174575,0.0742180047982752,1.0,1.0,107.6289720076602
0.056,75,2013637345,0.07615473071700102,1.0,1.0,107.56424799910747
0.056,76,1187468716,0.07788782731813541,1.0,1.0,107.4489869934041
0.056,77,1062978506,0.07320793716797987,1.0,1.0,107.59342499659397
0.056,78,679326770,0.07786933367352067,1.0,1.0,107.59962699376047
0.056,79,587923432,0.06792911354887932,1.0,1.0,107.52391497953795
0.056,80,1359889667,0.0698653404268051,1.0,1.0,107.63276999932714
0.056,81,970187386,0.07100990237427952,1.0,1.0,107.6053069846239
0.056,82,1219839873,0.08038911273190923,0.0,0.0,107.58450199500658
0.056,83,1428160212,0.07061138477514038,1.0,1.0,107.56965499604121
0.056,84,1930609499,0.07536972369496447,1.0,1.0,107.62071498902515
0.056,85,710582861,0.07016161089590582,1.0,1.0,107.52305600908585
0.056,86,1463614337,0.07198892569334966,1.0,1.0,107.68069201731123
0.056,87,1940152705,0.06972664232809482,1.0,1.0,107.49309399398044
0.056,88,985452196,0.07271382123476006,1.0,1.0,107.55188000621274
0.056,89,552062587,0.07230060281584125,1.0,1.0,107.55399998743087
0.056,90,623566272,0.06672537134532869,1.0,1.0,107.51358099514619
0.056,91,729775797,0.07527386926833365,1.0,1.0,107.52972599584609
0.056,92,1352536665,0.0710375971227477,1.0,1.0,107.51372200320475
0.056,93,555883440,0.07278062135131044,1.0,1.0,107.49429100542329
0.056,94,1801800003,0.06830233008906327,1.0,1.0,107.59867000160739
0.056,95,763315502,0.07774877165596814,1.0,1.0,107.60980000486597
0.056,96,138897982,0.0746282141555614,1.0,1.0,107.57942000054754
0.056,97,10785379,0.06933401867002124,1.0,1.0,107.5970760139171
0.056,98,53923185,0.07001116856810082,1.0,1.0,107.56796199711971
0.056,99,1349917978,0.06977471387684743,1.0,1.0,107.54634000477381
0.057,0,1501552845,0.07308885883863347,1.0,1.0,107.56582400063053
0.057,1,488200390,0.0750097464343867,1.0,1.0,107.52513598708902
0.057,2,1693606510,0.069411164298889,1.0,1.0,107.77785899699666
0.057,3,680233354,0.0732226795881842,1.0,1.0,107.7257209981326
0.057,4,438466540,0.07108172292485793,1.0,1.0,107.52890400181059
0.057,5,1712329280,0.0693861458991215,1.0,1.0,107.50410499167629
0.057,6,1380152455,0.07086443932186756,1.0,1.0,107.51610000443179
0.057,7,1452245846,0.06798225817465545,1.0,1.0,107.78524800844025
0.057,8,2122694021,0.06924891351427338,1.0,1.0,107.47640300542116
0.057,9,839901363,0.0737492583821281,1.0,1.0,109.28018699632958
0.057,10,1802651552,0.0734543168598804,1.0,1.0,107.5319289957406
0.057,11,714712467,0.0687778661062055,1.0,1.0,107.50002998975106
0.057,12,1218704077,0.07456485297332088,1.0,1.0,107.60134999873117
0.057,13,1284858263,0.06839368244205614,1.0,1.0,107.65060300764162
0.057,14,457721135,0.0720324643559072,1.0,1.0,107.73505600809585
0.057,15,401008609,0.07296377975426986,1.0,1.0,107.67915500036906
0.057,16,492064534,0.07227340043402795,1.0,1.0,107.69115900620818
0.057,17,1444732602,0.07078776362331198,1.0,1.0,107.54357199766673
0.057,18,1317426686,0.06967936104443448,1.0,1.0,107.48205799609423
0.057,19,2022506251,0.07626582002298167,1.0,1.0,107.91819100268185
0.057,20,1516459118,0.07470140992682177,1.0,1.0,107.6087619876489
0.057,21,533103612,0.07015623771360065,1.0,1.0,107.78815599041991
0.057,22,1964759878,0.06918373107816042,1.0,1.0,107.56233698339202
0.057,23,2037706756,0.07392272532054692,1.0,1.0,107.57616598857567
0.057,24,1572889065,0.0737888697245388,1.0,1.0,107.52561801928096
0.057,25,1432881518,0.07284473167465087,1.0,1.0,107.50358700170182
0.057,26,280516901,0.08063421594692728,0.0,0.0,108.41249901568517
0.057,27,205939248,0.07458321393002568,1.0,1.0,107.41480000433512
0.057,28,571904914,0.07563402769955152,1.0,1.0,107.62997998972423
0.057,29,948843457,0.07070832711616905,1.0,1.0,108.64766899612732
0.057,30,155492488,0.0658996378296821,1.0,1.0,107.78017900884151
0.057,31,1903701130,0.07060536496966106,1.0,1.0,107.55850598798133
0.057,32,1017961266,0.0732726805649079,1.0,1.0,107.76097499183379
0.057,33,1497769985,0.07096932881942147,1.0,1.0,107.51060297479853
0.057,34,456523489,0.07047809603117808,1.0,1.0,107.46617501717992
0.057,35,701095136,0.07037426318754601,1.0,1.0,110.01153901452199
0.057,36,249069576,0.07595638622792218,1.0,1.0,107.5728940195404
0.057,37,1576098728,0.07532180180008884,1.0,1.0,107.66205700929277
0.057,38,1662748500,0.07051184774756451,1.0,1.0,107.68581001320854
0.057,39,472736216,0.07286276028965841,1.0,1.0,107.73397699813358
0.057,40,1535411295,0.07422547597920817,1.0,1.0,107.48249597963877
0.057,41,175223003,0.07163951651062446,1.0,1.0,107.46974500943907
0.057,42,840936862,0.07257204059831175,1.0,1.0,107.52848198171705
0.057,43,343373188,0.073754283381237,1.0,1.0,107.55859399796464
0.057,44,1597751082,0.06885994711116042,1.0,1.0,107.75002301670611
0.057,45,730359585,0.06981625793756574,1.0,1.0,107.55755100399256
0.057,46,1016641002,0.07962590185665464,1.0,1.0,107.56662100902759
0.057,47,998994690,0.07310047063170322,1.0,1.0,107.5739529915154
0.057,48,1021240743,0.07051142554077383,1.0,1.0,107.60119100450538
0.057,49,572134801,0.07935154893968868,1.0,1.0,107.57713098428212
0.057,50,1198399760,0.06838096174268514,1.0,1.0,109.0973450045567
0.057,51,1751866485,0.07416308290094772,1.0,1.0,108.46729000331834
0.057,52,1070889713,0.07108750441503905,1.0,1.0,108.40953001752496
0.057,53,415096539,0.07588146199942428,1.0,1.0,107.79539699433371
0.057,54,52416235,0.07166201438438244,1.0,1.0,107.6573189930059
0.057,55,278032723,0.07549806394104387,1.0,1.0,107.79265500605106
0.057,56,174946158,0.07361482627055309,1.0,1.0,107.71350699360482
0.057,57,196848554,0.07909321208529886,1.0,1.0,107.63036098796874
0.057,58,263030910,0.0775661238428429,1.0,1.0,107.5932819803711
0.057,59,1285415020,0.06532073176800517,1.0,1.0,107.62143202009611
0.057,60,1733223444,0.06859913336824647,1.0,1.0,107.54936398006976
0.057,61,1835544261,0.07607230496655681,1.0,1.0,107.73151699686423
0.057,62,1403186970,0.07083453379789394,1.0,1.0,107.75381402345374
0.057,63,1291971777,0.0753576931961951,1.0,1.0,107.66172100557014
0.057,64,712292067,0.07389402792549869,1.0,1.0,107.5999480090104
0.057,65,2001429764,0.07497601191839591,1.0,1.0,107.6865239883773
0.057,66,1375664061,0.0687006180815928,1.0,1.0,107.69589399569668
0.057,67,1556456120,0.07457906404105745,1.0,1.0,107.77156800031662
0.057,68,1576053187,0.06958337289732766,1.0,1.0,107.63128701364622
0.057,69,1848019881,0.0704915074556633,1.0,1.0,107.5587309896946
0.057,70,1508652585,0.07393892361876543,1.0,1.0,107.70249099005014
0.057,71,1995737731,0.07212131843721332,1.0,1.0,107.70137698273174
0.057,72,1162788447,0.07286195138931945,1.0,1.0,107.59089200291783
0.057,73,1172925522,0.07167968713721325,1.0,1.0,108.68782599573024
0.057,74,539174575,0.0742180047982752,1.0,1.0,107.68100898712873
0.057,75,2013637345,0.07615473071700102,1.0,1.0,107.59152000537142
0.057,76,1187468716,0.07788782731813541,1.0,1.0,107.43757398449816
0.057,77,1062978506,0.07320793716797987,1.0,1.0,107.63870700611733
0.057,78,679326770,0.07786933367352067,1.0,1.0,107.6323669985868
0.057,79,587923432,0.06792911354887932,1.0,1.0,107.55856899777427
0.057,80,1359889667,0.0698653404268051,1.0,1.0,107.5594539870508
0.057,81,970187386,0.07100990237427952,1.0,1.0,107.58824300137348
0.057,82,1219839873,0.08038911273190923,0.0,0.0,107.57097098394297
0.057,83,1428160212,0.07061138477514038,1.0,1.0,107.81809000764042
0.057,84,1930609499,0.07536972369496447,1.0,1.0,107.57325100712478
0.057,85,710582861,0.07016161089590582,1.0,1.0,107.55246598273516
0.057,86,1463614337,0.07198892569334966,1.0,1.0,107.5986530049704
0.057,87,1940152705,0.06972664232809482,1.0,1.0,107.4979999975767
0.057,88,985452196,0.07271382123476006,1.0,1.0,107.77194699039683
0.057,89,552062587,0.07230060281584125,1.0,1.0,107.58536501089111
0.057,90,623566272,0.06672537134532869,1.0,1.0,107.51022098702379
0.057,91,729775797,0.07527386926833365,1.0,1.0,107.5302789977286
0.057,92,1352536665,0.0710375971227477,1.0,1.0,107.54196700872853
0.057,93,555883440,0.07278062135131044,1.0,1.0,107.57863501203246
0.057,94,1801800003,0.06830233008906327,1.0,1.0,107.56097198463976
0.057,95,763315502,0.07774877165596814,1.0,1.0,107.81023401068524
0.057,96,138897982,0.0746282141555614,1.0,1.0,110.14275602065027
0.057,97,10785379,0.06933401867002124,1.0,1.0,107.58591300691478
0.057,98,53923185,0.07001116856810082,1.0,1.0,107.58771799737588
0.057,99,1349917978,0.06977471387684743,1.0,1.0,107.5379200046882
0.058,0,1501552845,0.07308885883863347,1.0,1.0,107.55881600198336
0.058,1,488200390,0.0750097464343867,1.0,1.0,107.68909900798462
0.058,2,1693606510,0.069411164298889,1.0,1.0,107.56924698944204
0.058,3,680233354,0.0732226795881842,1.0,1.0,107.54213700420223
0.058,4,438466540,0.07108172292485793,1.0,1.0,107.51516300661024
0.058,5,1712329280,0.0693861458991215,1.0,1.0,107.52203699667007
0.058,6,1380152455,0.07086443932186756,1.0,1.0,107.52822700305842
0.058,7,1452245846,0.06798225817465545,1.0,1.0,107.80769398843404
0.058,8,2122694021,0.06924891351427338,1.0,1.0,107.66182700172067
0.058,9,839901363,0.0737492583821281,1.0,1.0,107.60724000283517
0.058,10,1802651552,0.0734543168598804,1.0,1.0,107.51895600697026
0.058,11,714712467,0.0687778661062055,1.0,1.0,107.60186600964516
0.058,12,1218704077,0.07456485297332088,1.0,1.0,107.57431699312292
0.058,13,1284858263,0.06839368244205614,1.0,1.0,107.73114100447856
0.058,14,457721135,0.0720324643559072,1.0,1.0,107.60814399691299
0.058,15,401008609,0.07296377975426986,1.0,1.0,107.59087499172892
0.058,16,492064534,0.07227340043402795,1.0,1.0,107.69892799726222
0.058,17,1444732602,0.07078776362331198,1.0,1.0,107.52114000206348
0.058,18,1317426686,0.06967936104443448,1.0,1.0,107.53688198747113
0.058,19,2022506251,0.07626582002298167,1.0,1.0,107.6850630051922
0.058,20,1516459118,0.07470140992682177,1.0,1.0,107.562521006912
0.058,21,533103612,0.07015623771360065,1.0,1.0,107.83900201204233
0.058,22,1964759878,0.06918373107816042,1.0,1.0,107.5951769889798
0.058,23,2037706756,0.07392272532054692,1.0,1.0,107.54249501042068
0.058,24,1572889065,0.0737888697245388,1.0,1.0,107.52897401107475
0.058,25,1432881518,0.07284473167465087,1.0,1.0,107.48668399173766
0.058,26,280516901,0.08063421594692728,0.0,0.0,107.48378798598424
0.058,27,205939248,0.07458321393002568,1.0,1.0,107.41589299868792
0.058,28,571904914,0.07563402769955152,1.0,1.0,107.39954700693488
0.058,29,948843457,0.07070832711616905,1.0,1.0,107.50978998839855
0.058,30,155492488,0.0658996378296821,1.0,1.0,107.68558600102551
0.058,31,1903701130,0.07060536496966106,1.0,1.0,107.54051100229844
0.058,32,1017961266,0.0732726805649079,1.0,1.0,107.66129000694491
0.058,33,1497769985,0.07096932881942147,1.0,1.0,107.58473098394461
0.058,34,456523489,0.07047809603117808,1.0,1.0,107.59182399488054
0.058,35,701095136,0.07037426318754601,1.0,1.0,108.99651600630023
0.058,36,249069576,0.07595638622792218,1.0,1.0,107.65480899135582
0.058,37,1576098728,0.07665996386276518,1.0,1.0,107.59471397614107
0.058,38,1662748500,0.07051184774756451,1.0,1.0,107.58372300188057
0.058,39,472736216,0.07286276028965841,1.0,1.0,107.65864799031988
0.058,40,1535411295,0.07422547597920817,1.0,1.0,111.15910799708217
0.058,41,175223003,0.07163951651062446,1.0,1.0,107.50358397490345
0.058,42,840936862,0.07257204059831175,1.0,1.0,107.53808199660853
0.058,43,343373188,0.073754283381237,1.0,1.0,107.73611901095137
0.058,44,1597751082,0.06885994711116042,1.0,1.0,107.53012201166712
0.058,45,730359585,0.06981625793756574,1.0,1.0,107.70113399485126
0.058,46,1016641002,0.07962590185665464,1.0,1.0,107.68476998782717
0.058,47,998994690,0.07310047063170322,1.0,1.0,107.5794429925736
0.058,48,1021240743,0.07051142554077383,1.0,1.0,107.59110699291341
0.058,49,572134801,0.07935154893968868,1.0,1.0,107.58285099291243
0.058,50,1198399760,0.06838096174268514,1.0,1.0,107.60989002301358
0.058,51,1751866485,0.07416308290094772,1.0,1.0,107.5818219978828
0.058,52,1070889713,0.07108750441503905,1.0,1.0,107.57233202457428
0.058,53,415096539,0.07588146199942428,1.0,1.0,107.54936200100929
0.058,54,52416235,0.07166201438438244,1.0,1.0,108.09056099969894
0.058,55,278032723,0.07549806394104387,1.0,1.0,107.60477799340151
0.058,56,174946158,0.07361482627055309,1.0,1.0,107.61087498394772
0.058,57,196848554,0.07909321208529886,1.0,1.0,107.600838993676
0.058,58,263030910,0.0775661238428429,1.0,1.0,107.66740899998695
0.058,59,1285415020,0.06532073176800517,1.0,1.0,107.62342598172836
0.058,60,1733223444,0.06859913336824647,1.0,1.0,107.55093701300211
0.058,61,1835544261,0.07607230496655681,1.0,1.0,107.57654899498448
0.058,62,1403186970,0.07083453379789394,1.0,1.0,108.08223701315
0.058,63,1291971777,0.0753576931961951,1.0,1.0,107.62267699465156
0.058,64,712292067,0.07389402792549869,1.0,1.0,107.61270998045802
0.058,65,2001429764,0.07497601191839591,1.0,1.0,107.61713501415215
0.058,66,1375664061,0.0687006180815928,1.0,1.0,107.57050401298329
0.058,67,1556456120,0.07457906404105745,1.0,1.0,107.60374501114711
0.058,68,1576053187,0.06958337289732766,1.0,1.0,107.56196299917065
0.058,69,1848019881,0.0704915074556633,1.0,1.0,107.98262999742292
0.058,70,1508652585,0.07393892361876543,1.0,1.0,107.62467698077671
0.058,71,1995737731,0.07212131843721332,1.0,1.0,107.59984797914512
0.058,72,1162788447,0.07286195138931945,1.0,1.0,107.59783300454728
0.058,73,1172925522,0.07167968713721325,1.0,1.0,107.61732500395738
0.058,74,539174575,0.0742180047982752,1.0,1.0,107.56353399483487
0.058,75,2013637345,0.07615473071700102,1.0,1.0,107.54456502036192
0.058,76,1187468716,0.07788782731813541,1.0,1.0,107.51171901938505
0.058,77,1062978506,0.07320793716797987,1.0,1.0,107.49118600506335
0.058,78,679326770,0.07786933367352067,1.0,1.0,107.47872898355126
0.058,79,587923432,0.06792911354887932,1.0,1.0,107.55413200240582
0.058,80,1359889667,0.0698653404268051,1.0,1.0,107.6066660170909
0.058,81,970187386,0.07100990237427952,1.0,1.0,107.57115800515749
0.058,82,1219839873,0.08038911273190923,0.0,0.0,107.60165497777052
0.058,83,1428160212,0.07061138477514038,1.0,1.0,107.52942299586721
0.058,84,1930609499,0.07536972369496447,1.0,1.0,107.50826800358482
0.058,85,710582861,0.07016161089590582,1.0,1.0,107.50482598086819
0.058,86,1463614337,0.07198892569334966,1.0,1.0,107.50600599567406
0.058,87,1940152705,0.06972664232809482,1.0,1.0,107.57002301397733
0.058,88,985452196,0.07271382123476006,1.0,1.0,107.55037199123763
0.058,89,552062587,0.07230060281584125,1.0,1.0,107.54324900335632
0.058,90,623566272,0.06672537134532869,1.0,1.0,107.55694899125956
0.058,91,729775797,0.07527386926833365,1.0,1.0,107.51569501007907
0.058,92,1352536665,0.0710375971227477,1.0,1.0,107.6336019905284
0.058,93,555883440,0.07278062135131044,1.0,1.0,107.58283399627544
0.058,94,1801800003,0.06830233008906327,1.0,1.0,107.54319099942222
0.058,95,763315502,0.07774877165596814,1.0,1.0,107.58229799102992
0.058,96,138897982,0.0746282141555614,1.0,1.0,107.56884401780553
0.058,97,10785379,0.06933401867002124,1.0,1.0,107.5561280013062
0.058,98,53923185,0.07001116856810082,1.0,1.0,107.55079999216832
0.058,99,1349917978,0.06977471387684743,1.0,1.0,107.56927501643077
0.059,0,1501552845,0.07308885883863347,1.0,1.0,107.53390399622731
0.059,1,488200390,0.0750097464343867,1.0,1.0,107.55226400215179
0.059,2,1693606510,0.07057466450781294,1.0,1.0,107.59289900306612
0.059,3,680233354,0.0732226795881842,1.0,1.0,107.53158600709867
0.059,4,438466540,0.07108172292485793,1.0,1.0,109.06771599547938
0.059,5,1712329280,0.0693861458991215,1.0,1.0,107.6108440029202
0.059,6,1380152455,0.07086443932186756,1.0,1.0,107.57224400003906
0.059,7,1452245846,0.06798225817465545,1.0,1.0,107.50583300250582
0.059,8,2122694021,0.06924891351427338,1.0,1.0,107.8182599885622
0.059,9,839901363,0.0737492583821281,1.0,1.0,107.72630799328908
0.059,10,1802651552,0.0734543168598804,1.0,1.0,107.63449099613354
0.059,11,714712467,0.0687778661062055,1.0,1.0,107.60764899896458
0.059,12,1218704077,0.07456485297332088,1.0,1.0,107.62086699833162
0.059,13,1284858263,0.06839368244205614,1.0,1.0,109.03740800858941
0.059,14,457721135,0.0720324643559072,1.0,1.0,108.68601199763361
0.059,15,401008609,0.07296377975426986,1.0,1.0,107.57817899866495
0.059,16,492064534,0.07227340043402795,1.0,1.0,107.55432699806988
0.059,17,1444732602,0.07078776362331198,1.0,1.0,107.46771299454849
0.059,18,1317426686,0.06967936104443448,1.0,1.0,107.52326299552806
0.059,19,2022506251,0.07626582002298167,1.0,1.0,108.70389998308383
0.059,20,1516459118,0.07470140992682177,1.0,1.0,107.59223997592926
0.059,21,533103612,0.07015623771360065,1.0,1.0,107.59534599492326
0.059,22,1964759878,0.06918373107816042,1.0,1.0,107.69130600965582
0.059,23,2037706756,0.07392272532054692,1.0,1.0,107.53706897958182
0.059,24,1572889065,0.0737888697245388,1.0,1.0,107.61928002466448
0.059,25,1432881518,0.07284473167465087,1.0,1.0,107.66531000263058
0.059,26,280516901,0.08063421594692728,0.0,0.0,107.53948500496335
0.059,27,205939248,0.07458321393002568,1.0,1.0,107.4215609987732
0.059,28,571904914,0.07563402769955152,1.0,1.0,107.55798101308756
0.059,29,948843457,0.07070832711616905,1.0,1.0,107.54157599876635
0.059,30,155492488,0.0658996378296821,1.0,1.0,107.73004998918623
0.059,31,1903701130,0.07060536496966106,1.0,1.0,107.70950798178092
0.059,32,1017961266,0.0732726805649079,1.0,1.0,107.72415000246838
0.059,33,1497769985,0.07096932881942147,1.0,1.0,107.70213301293552
0.059,34,456523489,0.07047809603117808,1.0,1.0,107.72463597822934
0.059,35,701095136,0.07037426318754601,1.0,1.0,120.16469301306643
0.059,36,249069576,0.07595638622792218,1.0,1.0,107.59643602068536
0.059,37,1576098728,0.07532180180008884,1.0,1.0,107.56010600016452
0.059,38,1662748500,0.07051184774756451,1.0,1.0,107.60705301072448
0.059,39,472736216,0.07286276028965841,1.0,1.0,107.51589300343767
0.059,40,1535411295,0.07422547597920817,1.0,1.0,107.49347798991948
0.059,41,175223003,0.07163951651062446,1.0,1.0,107.50715900212526
0.059,42,840936862,0.07257204059831175,1.0,1.0,107.56546299671754
0.059,43,343373188,0.073754283381237,1.0,1.0,107.52618001424707
0.059,44,1597751082,0.06885994711116042,1.0,1.0,107.56438900716603
0.059,45,730359585,0.06981625793756574,1.0,1.0,107.5459249841515
0.059,46,1016641002,0.07962590185665464,1.0,1.0,107.685398979811
0.059,47,998994690,0.07310047063170322,1.0,1.0,107.57767999893986
0.059,48,1021240743,0.07051142554077383,1.0,1.0,107.60047601070255
0.059,49,572134801,0.07935154893968868,1.0,1.0,107.6093080046121
0.059,50,1198399760,0.06838096174268514,1.0,1.0,107.65374099719338
0.059,51,1751866485,0.07416308290094772,1.0,1.0,107.55557200172916
0.059,52,1070889713,0.07108750441503905,1.0,1.0,107.55626700120047
0.059,53,415096539,0.07588146199942428,1.0,1.0,107.52361000049859
0.059,54,52416235,0.07166201438438244,1.0,1.0,107.60740001569502
0.059,55,278032723,0.07549806394104387,1.0,1.0,107.56336199119687
0.059,56,174946158,0.07361482627055309,1.0,1.0,107.58678801357746
0.059,57,196848554,0.07909321208529886,1.0,1.0,107.62128201895393
0.059,58,263030910,0.0775661238428429,1.0,1.0,107.59297400363721
0.059,59,1285415020,0.06532073176800517,1.0,1.0,107.56038900581188
0.059,60,1733223444,0.06859913336824647,1.0,1.0,107.54456999711692
0.059,61,1835544261,0.07607230496655681,1.0,1.0,108.05855199578218
0.059,62,1403186970,0.07083453379789394,1.0,1.0,107.5511309900321
0.059,63,1291971777,0.0753576931961951,1.0,1.0,107.53562199533917
0.059,64,712292067,0.07389402792549869,1.0,1.0,107.5633580039721
0.059,65,2001429764,0.07497601191839591,1.0,1.0,107.5973300030455
0.059,66,1375664061,0.0687006180815928,1.0,1.0,107.55479201907292
0.059,67,1556456120,0.07457906404105745,1.0,1.0,107.58160200202838
0.059,68,1576053187,0.06958337289732766,1.0,1.0,107.57457499857992
0.059,69,1848019881,0.0704915074556633,1.0,1.0,107.5658620102331
0.059,70,1508652585,0.07393892361876543,1.0,1.0,107.62439400423318
0.059,71,1995737731,0.07212131843721332,1.0,1.0,107.5768590089865
0.059,72,1162788447,0.07286195138931945,1.0,1.0,107.5854680093471
0.059,73,1172925522,0.07167968713721325,1.0,1.0,107.58912799065001
0.059,74,539174575,0.0742180047982752,1.0,1.0,107.64427698450163
0.059,75,2013637345,0.07615473071700102,1.0,1.0,107.49968100572005
0.059,76,1187468716,0.07788782731813541,1.0,1.0,107.5431130011566
0.059,77,1062978506,0.07320793716797987,1.0,1.0,107.49146601301618
0.059,78,679326770,0.07786933367352067,1.0,1.0,107.51608898863196
0.059,79,587923432,0.06792911354887932,1.0,1.0,107.56126599153504
0.059,80,1359889667,0.0698653404268051,1.0,1.0,107.69012800301425
0.059,81,970187386,0.07100990237427952,1.0,1.0,107.57409100187942
0.059,82,1219839873,0.08038911273190923,0.0,0.0,107.55697599961422
0.059,83,1428160212,0.07061138477514038,1.0,1.0,107.60634002508596
0.059,84,1930609499,0.07536972369496447,1.0,1.0,107.69388498738408
0.059,85,710582861,0.07016161089590582,1.0,1.0,107.6477849856019
0.059,86,1463614337,0.07198892569334966,1.0,1.0,107.70707100164145
0.059,87,1940152705,0.06972664232809482,1.0,1.0,107.60026198113337
0.059,88,985452196,0.07271382123476006,1.0,1.0,107.55034099565819
0.059,89,552062587,0.07230060281584125,1.0,1.0,107.77287802193314
0.059,90,623566272,0.06672537134532869,1.0,1.0,107.74398100329563
0.059,91,729775797,0.07527386926833365,1.0,1.0,107.71397699136287
0.059,92,1352536665,0.0710375971227477,1.0,1.0,107.5667139957659
0.059,93,555883440,0.07278062135131044,1.0,1.0,107.61910598375835
0.059,94,1801800003,0.06830233008906327,1.0,1.0,107.568153005559
0.059,95,763315502,0.07774877165596814,1.0,1.0,108.67034198599868
0.059,96,138897982,0.0746282141555614,1.0,1.0,107.5765949790366
0.059,97,10785379,0.06933401867002124,1.0,1.0,107.58854800951667
0.059,98,53923185,0.07001116856810082,1.0,1.0,107.54620999796316
0.059,99,1349917978,0.06977471387684743,1.0,1.0,107.5616090092808
0.06,0,1501552845,0.07308885883863347,1.0,1.0,107.58334600541275
0.06,1,488200390,0.0750097464343867,1.0,1.0,107.5514749973081
0.06,2,1693606510,0.07057466450781294,1.0,1.0,107.56558099819813
0.06,3,680233354,0.0732226795881842,1.0,1.0,107.53104501054622
0.06,4,438466540,0.07108172292485793,1.0,1.0,107.53477600519545
0.06,5,1712329280,0.0693861458991215,1.0,1.0,107.55218600388616
0.06,6,1380152455,0.07086443932186756,1.0,1.0,107.53003600984812
0.06,7,1452245846,0.06798225817465545,1.0,1.0,107.47832500783261
0.06,8,2122694021,0.06924891351427338,1.0,1.0,108.07829498662613
0.06,9,839901363,0.0737492583821281,1.0,1.0,107.57771399221383
0.06,10,1802651552,0.0734543168598804,1.0,1.0,107.50005500449333
0.06,11,714712467,0.0687778661062055,1.0,1.0,107.54627200367395
0.06,12,1218704077,0.07456485297332088,1.0,1.0,107.58464899845421
0.06,13,1284858263,0.06839368244205614,1.0,1.0,107.60954799479805
0.06,14,457721135,0.0720324643559072,1.0,1.0,107.61525499401614
0.06,15,401008609,0.07296377975426986,1.0,1.0,107.76668399921618
0.06,16,492064534,0.07227340043402795,1.0,1.0,107.53633300191723
0.06,17,1444732602,0.07078776362331198,1.0,1.0,107.49542000121437
0.06,18,1317426686,0.06967936104443448,1.0,1.0,107.52260399749503
0.06,19,2022506251,0.07626582002298167,1.0,1.0,107.57716500665992
0.06,20,1516459118,0.07470140992682177,1.0,1.0,107.6369619986508
0.06,21,533103612,0.07015623771360065,1.0,1.0,107.58560200338252
0.06,22,1964759878,0.06918373107816042,1.0,1.0,107.57516900775954
0.06,23,2037706756,0.07392272532054692,1.0,1.0,107.54071801784448
0.06,24,1572889065,0.0737888697245388,1.0,1.0,107.51323099248111
0.06,25,1432881518,0.07284473167465087,1.0,1.0,107.51064799842425
0.06,26,280516901,0.08063421594692728,0.0,0.0,107.43097000522539
0.06,27,205939248,0.07458321393002568,1.0,1.0,107.41772298933938
0.06,28,571904914,0.07563402769955152,1.0,1.0,107.43591201025993
0.06,29,948843457,0.07070832711616905,1.0,1.0,107.59345901897177
0.06,30,155492488,0.0658996378296821,1.0,1.0,107.536078983685
0.06,31,1903701130,0.07060536496966106,1.0,1.0,107.54778899718076
0.06,32,1017961266,0.0732726805649079,1.0,1.0,107.52697000862099
0.06,33,1497769985,0.07096932881942147,1.0,1.0,107.49482901883312
0.06,34,456523489,0.07047809603117808,1.0,1.0,107.49330298858695
0.06,35,701095136,0.07037426318754601,1.0,1.0,108.76898799324408
0.06,36,249069576,0.07595638622792218,1.0,1.0,107.68710100091994
0.06,37,1576098728,0.07532180180008884,1.0,1.0,107.70134002086706
0.06,38,1662748500,0.07051184774756451,1.0,1.0,107.56573101389222
0.06,39,472736216,0.07286276028965841,1.0,1.0,107.59293200680986
0.06,40,1535411295,0.07422547597920817,1.0,1.0,108.5455699940212
0.06,41,175223003,0.07163951651062446,1.0,1.0,107.50765699776821
0.06,42,840936862,0.07257204059831175,1.0,1.0,107.57172899320722
0.06,43,343373188,0.073754283381237,1.0,1.0,107.50606600777246
0.06,44,1597751082,0.06885994711116042,1.0,1.0,107.5587329978589
0.06,45,730359585,0.06981625793756574,1.0,1.0,107.55595899536274
0.06,46,1016641002,0.07962590185665464,1.0,1.0,107.5527869979851
0.06,47,998994690,0.07310047063170322,1.0,1.0,107.61532300966792
0.06,48,1021240743,0.07051142554077383,1.0,1.0,107.5619859911967
0.06,49,572134801,0.07935154893968868,1.0,1.0,107.61508400901221
0.06,50,1198399760,0.06838096174268514,1.0,1.0,107.64034200110473
0.06,51,1751866485,0.07416308290094772,1.0,1.0,107.5666340184398
0.06,52,1070889713,0.07108750441503905,1.0,1.0,107.55046200938523
0.06,53,415096539,0.07588146199942428,1.0,1.0,107.61290599475615
0.06,54,52416235,0.07166201438438244,1.0,1.0,107.58925101254135
0.06,55,278032723,0.07549806394104387,1.0,1.0,107.6230909966398
0.06,56,174946158,0.07361482627055309,1.0,1.0,107.58899300708435
0.06,57,196848554,0.07909321208529886,1.0,1.0,107.59191299439408
0.06,58,263030910,0.0775661238428429,1.0,1.0,107.60779300471768
0.06,59,1285415020,0.06532073176800517,1.0,1.0,107.54610400181264
0.06,60,1733223444,0.06859913336824647,1.0,1.0,107.56958101410419
0.06,61,1835544261,0.07607230496655681,1.0,1.0,107.57524298969656
0.06,62,1403186970,0.07083453379789394,1.0,1.0,107.53803700208664
0.06,63,1291971777,0.0753576931961951,1.0,1.0,107.55875598988496
0.06,64,712292067,0.07389402792549869,1.0,1.0,107.54410698427819
0.06,65,2001429764,0.07497601191839591,1.0,1.0,107.59819799568504
0.06,66,1375664061,0.0687006180815928,1.0,1.0,107.57925498182885
0.06,67,1556456120,0.07457906404105745,1.0,1.0,107.58684101165272
0.06,68,1576053187,0.06958337289732766,1.0,1.0,107.55736500141211
0.06,69,1848019881,0.0704915074556633,1.0,1.0,107.55996700027026
0.06,70,1508652585,0.07393892361876543,1.0,1.0,107.62149200309068
0.06,71,1995737731,0.07212131843721332,1.0,1.0,107.70867799874395
0.06,72,1162788447,0.07286195138931945,1.0,1.0,107.58511000312865
0.06,73,1172925522,0.07167968713721325,1.0,1.0,107.59631698601879
0.06,74,539174575,0.0742180047982752,1.0,1.0,107.55677899578586
0.06,75,2013637345,0.07615473071700102,1.0,1.0,107.46266299975105
0.06,76,1187468716,0.07788782731813541,1.0,1.0,107.50773700419813
0.06,77,1062978506,0.07320793716797987,1.0,1.0,107.4870370212011
0.06,78,679326770,0.07786933367352067,1.0,1.0,107.49612201470882
0.06,79,587923432,0.06792911354887932,1.0,1.0,107.5575349968858
0.06,80,1359889667,0.0698653404268051,1.0,1.0,107.54537599859759
0.06,81,970187386,0.07100990237427952,1.0,1.0,107.56153400870971
0.06,82,1219839873,0.08038911273190923,0.0,0.0,107.5510429800488
0.06,83,1428160212,0.07061138477514038,1.0,1.0,107.51369199715555
0.06,84,1930609499,0.07536972369496447,1.0,1.0,108.6967800220009
0.06,85,710582861,0.07016161089590582,1.0,1.0,107.49637600383721
0.06,86,1463614337,0.07198892569334966,1.0,1.0,107.49907800345682
0.06,87,1940152705,0.06972664232809482,1.0,1.0,107.5925329932943
0.06,88,985452196,0.07271382123476006,1.0,1.0,107.62486298335716
0.06,89,552062587,0.07230060281584125,1.0,1.0,107.48852899996564
0.06,90,623566272,0.06672537134532869,1.0,1.0,107.68857999937609
0.06,91,729775797,0.07527386926833365,1.0,1.0,107.67652202048339
0.06,92,1352536665,0.0710375971227477,1.0,1.0,107.56580901215784
0.06,93,555883440,0.07278062135131044,1.0,1.0,107.5905239849817
0.06,94,1801800003,0.06830233008906327,1.0,1.0,107.55291697569191
0.06,95,763315502,0.07774877165596814,1.0,1.0,107.5857820105739
0.06,96,138897982,0.0746282141555614,1.0,1.0,107.57480401662178
0.06,97,10785379,0.06933401867002124,1.0,1.0,107.75677300989628
0.06,98,53923185,0.07001116856810082,1.0,1.0,107.55929700098932
0.06,99,1349917978,0.06977471387684743,1.0,1.0,107.55113800405525
0.061,0,1501552845,0.07308885883863347,1.0,1.0,107.55772900301963
0.061,1,488200390,0.0750097464343867,1.0,1.0,107.70491699804552
0.061,2,1693606510,0.069411164298889,1.0,1.0,107.53218299942091
0.061,3,680233354,0.0732226795881842,1.0,1.0,107.51684800197836
0.061,4,438466540,0.07108172292485793,1.0,1.0,107.51633599284105
0.061,5,1712329280,0.0693861458991215,1.0,1.0,107.54107699904125
0.061,6,1380152455,0.07086443932186756,1.0,1.0,107.48309800692368
0.061,7,1452245846,0.06798225817465545,1.0,1.0,107.53133699472528
0.061,8,2122694021,0.06924891351427338,1.0,1.0,108.95006200007629
0.061,9,839901363,0.0737492583821281,1.0,1.0,107.56495199166238
0.061,10,1802651552,0.0734543168598804,1.0,1.0,107.59771999437362
0.061,11,714712467,0.0687778661062055,1.0,1.0,107.56216499430593
0.061,12,1218704077,0.07456485297332088,1.0,1.0,107.59180199238472
0.061,13,1284858263,0.06839368244205614,1.0,1.0,107.59427600714844
0.061,14,457721135,0.0720324643559072,1.0,1.0,107.59610300010536
0.061,15,401008609,0.07296377975426986,1.0,1.0,107.83107999304775
0.061,16,492064534,0.07227340043402795,1.0,1.0,107.51035300199874
0.061,17,1444732602,0.07078776362331198,1.0,1.0,107.52216800756287
0.061,18,1317426686,0.06967936104443448,1.0,1.0,107.60326101444662
0.061,19,2022506251,0.07626582002298167,1.0,1.0,107.76767297647893
0.061,20,1516459118,0.07470140992682177,1.0,1.0,107.60328298783861
0.061,21,533103612,0.07015623771360065,1.0,1.0,107.56748099811375
0.061,22,1964759878,0.06918373107816042,1.0,1.0,107.64520900556818
0.061,23,2037706756,0.07392272532054692,1.0,1.0,107.57301599369384
0.061,24,1572889065,0.0737888697245388,1.0,1.0,107.48170400620438
0.061,25,1432881518,0.07284473167465087,1.0,1.0,107.55256700213067
0.061,26,280516901,0.08063421594692728,0.0,0.0,107.55512799369171
0.061,27,205939248,0.07458321393002568,1.0,1.0,107.51710500335321
0.061,28,571904914,0.07563402769955152,1.0,1.0,107.73264899034984
0.061,29,948843457,0.07070832711616905,1.0,1.0,107.62485899613239
0.061,30,155492488,0.0658996378296821,1.0,1.0,107.5087730132509
0.061,31,1903701130,0.07060536496966106,1.0,1.0,107.67207900062203
0.061,32,1017961266,0.0732726805649079,1.0,1.0,107.48251099721529
0.061,33,1497769985,0.07096932881942147,1.0,1.0,107.62559101567604
0.061,34,456523489,0.07047809603117808,1.0,1.0,115.19734398461878
0.061,35,701095136,0.07037426318754601,1.0,1.0,107.59104398312047
0.061,36,249069576,0.07595638622792218,1.0,1.0,107.59691201383248
0.061,37,1576098728,0.07532180180008884,1.0,1.0,107.61277098208666
0.061,38,1662748500,0.07051184774756451,1.0,1.0,107.53995302366093
0.061,39,472736216,0.07286276028965841,1.0,1.0,107.47512098168954
0.061,40,1535411295,0.07422547597920817,1.0,1.0,107.51907000667416
0.061,41,175223003,0.07163951651062446,1.0,1.0,107.57445497438312
0.061,42,840936862,0.07257204059831175,1.0,1.0,107.53770600422285
0.061,43,343373188,0.073754283381237,1.0,1.0,107.55492298630998
0.061,44,1597751082,0.06885994711116042,1.0,1.0,107.5801809784025
0.061,45,730359585,0.06981625793756574,1.0,1.0,107.59906101156957
0.061,46,1016641002,0.07962590185665464,1.0,1.0,107.67872800352052
0.061,47,998994690,0.07310047063170322,1.0,1.0,107.6196189969778
0.061,48,1021240743,0.07051142554077383,1.0,1.0,107.72754898061976
0.061,49,572134801,0.07935154893968868,1.0,1.0,107.64903799281456
0.061,50,1198399760,0.06838096174268514,1.0,1.0,107.56260601920076
0.061,51,1751866485,0.07416308290094772,1.0,1.0,107.69075300777331
0.061,52,1070889713,0.07108750441503905,1.0,1.0,107.65274401637726
0.061,53,415096539,0.07588146199942428,1.0,1.0,107.58656999678351
0.061,54,52416235,0.07166201438438244,1.0,1.0,107.86956100491807
0.061,55,278032723,0.07549806394104387,1.0,1.0,107.61147699668072
0.061,56,174946158,0.07361482627055309,1.0,1.0,107.62060602428392
0.061,57,196848554,0.07909321208529886,1.0,1.0,107.60136699536815
0.061,58,263030910,0.0775661238428429,1.0,1.0,107.62814999907278
0.061,59,1285415020,0.06532073176800517,1.0,1.0,107.54707400337793
0.061,60,1733223444,0.06859913336824647,1.0,1.0,107.56477600079961
0.061,61,1835544261,0.07607230496655681,1.0,1.0,110.28706000070088
0.061,62,1403186970,0.07083453379789394,1.0,1.0,107.544924976537
0.061,63,1291971777,0.0753576931961951,1.0,1.0,107.55569799221121
0.061,64,712292067,0.07389402792549869,1.0,1.0,107.72508798982017
0.061,65,2001429764,0.07497601191839591,1.0,1.0,107.71373199531808
0.061,66,1375664061,0.0687006180815928,1.0,1.0,107.81170800328255
0.061,67,1556456120,0.07457906404105745,1.0,1.0,107.87732599419542
0.061,68,1576053187,0.06958337289732766,1.0,1.0,107.60591499274597
0.061,69,1848019881,0.0704915074556633,1.0,1.0,107.83182899467647
0.061,70,1508652585,0.07393892361876543,1.0,1.0,107.84738798975013
0.061,71,1995737731,0.07212131843721332,1.0,1.0,107.81555398716591
0.061,72,1162788447,0.07286195138931945,1.0,1.0,107.58748001535423
0.061,73,1172925522,0.07167968713721325,1.0,1.0,107.68986100447364
0.061,74,539174575,0.0742180047982752,1.0,1.0,107.51857800642028
0.061,75,2013637345,0.07615473071700102,1.0,1.0,107.55108000012115
0.061,76,1187468716,0.07788782731813541,1.0,1.0,107.48100897762924
0.061,77,1062978506,0.07320793716797987,1.0,1.0,107.87169099785388
0.061,78,679326770,0.07786933367352067,1.0,1.0,107.62185099883936
0.061,79,587923432,0.06792911354887932,1.0,1.0,107.7501000254415
0.061,80,1359889667,0.0698653404268051,1.0,1.0,107.54800497670658
0.061,81,970187386,0.07100990237427952,1.0,1.0,107.5486890040338
0.061,82,1219839873,0.08038911273190923,0.0,0.0,107.90293398895301
0.061,83,1428160212,0.07061138477514038,1.0,1.0,108.49991801660508
0.061,84,1930609499,0.07536972369496447,1.0,1.0,107.48079797485843
0.061,85,710582861,0.07016161089590582,1.0,1.0,107.68370100413449
0.061,86,1463614337,0.07198892569334966,1.0,1.0,107.64891101280227
0.061,87,1940152705,0.06972664232809482,1.0,1.0,107.61021400685422
0.061,88,985452196,0.07271382123476006,1.0,1.0,107.51745599554852
0.061,89,552062587,0.07230060281584125,1.0,1.0,107.63567799585871
0.061,90,623566272,0.06672537134532869,1.0,1.0,107.69791199709289
0.061,91,729775797,0.07527386926833365,1.0,1.0,107.64567501610145
0.061,92,1352536665,0.0710375971227477,1.0,1.0,107.67694699461572
0.061,93,555883440,0.07278062135131044,1.0,1.0,107.68432897748426
0.061,94,1801800003,0.06830233008906327,1.0,1.0,107.60123099316843
0.061,95,763315502,0.07774877165596814,1.0,1.0,107.55605800659396
0.061,96,138897982,0.0746282141555614,1.0,1.0,107.5776290090289
0.061,97,10785379,0.06933401867002124,1.0,1.0,107.81081698951311
0.061,98,53923185,0.07001116856810082,1.0,1.0,107.77438001241535
0.061,99,1349917978,0.06977471387684743,1.0,1.0,107.61271801311523
0.062,0,1501552845,0.07308885883863347,1.0,1.0,107.56657000456471
0.062,1,488200390,0.0750097464343867,1.0,1.0,107.73534199688584
0.062,2,1693606510,0.069411164298889,1.0,1.0,107.50096499396022
0.062,3,680233354,0.0732226795881842,1.0,1.0,107.55245000473224
0.062,4,438466540,0.07108172292485793,1.0,1.0,107.55469500145409
0.062,5,1712329280,0.0693861458991215,1.0,1.0,107.66295800567605
0.062,6,1380152455,0.07086443932186756,1.0,1.0,107.47696500038728
0.062,7,1452245846,0.06798225817465545,1.0,1.0,107.68206899228971
0.062,8,2122694021,0.06924891351427338,1.0,1.0,107.5648080004612
0.062,9,839901363,0.0737492583821281,1.0,1.0,107.60403600579593
0.062,10,1802651552,0.0734543168598804,1.0,1.0,107.79552500753198
0.062,11,714712467,0.0687778661062055,1.0,1.0,109.21367300034035
0.062,12,1218704077,0.07456485297332088,1.0,1.0,107.58974099007901
0.062,13,1284858263,0.06839368244205614,1.0,1.0,107.58799700124655
0.062,14,457721135,0.0720324643559072,1.0,1.0,107.625029006158
0.062,15,401008609,0.07296377975426986,1.0,1.0,107.57130199635867
0.062,16,492064534,0.07227340043402795,1.0,1.0,107.9905699880328
0.062,17,1444732602,0.07078776362331198,1.0,1.0,107.6045620138757
0.062,18,1317426686,0.06967936104443448,1.0,1.0,110.89640299906023
0.062,19,2022506251,0.07626582002298167,1.0,1.0,107.58890700526536
0.062,20,1516459118,0.07470140992682177,1.0,1.0,108.2273880019784
0.062,21,533103612,0.07015623771360065,1.0,1.0,107.55015097674914
0.062,22,1964759878,0.06918373107816042,1.0,1.0,108.69787298724987
0.062,23,2037706756,0.07392272532054692,1.0,1.0,107.6486750098411
0.062,24,1572889065,0.0737888697245388,1.0,1.0,107.41954599507153
0.062,25,1432881518,0.07284473167465087,1.0,1.0,107.64041700167581
0.062,26,280516901,0.08063421594692728,0.0,0.0,108.77377199358307
0.062,27,205939248,0.07458321393002568,1.0,1.0,107.54876001738012
0.062,28,571904914,0.07563402769955152,1.0,1.0,111.21456598630175
0.062,29,948843457,0.07070832711616905,1.0,1.0,107.72826298489235
0.062,30,155492488,0.0658996378296821,1.0,1.0,107.65011198236607
0.062,31,1903701130,0.07060536496966106,1.0,1.0,107.78228798881173
0.062,32,1017961266,0.0732726805649079,1.0,1.0,109.9998370045796
0.062,33,1497769985,0.07096932881942147,1.0,1.0,107.57582797668874
0.062,34,456523489,0.07047809603117808,1.0,1.0,108.29204900073819
0.062,35,701095136,0.07037426318754601,1.0,1.0,108.75216199201532
0.062,36,249069576,0.07595638622792218,1.0,1.0,107.69084800267592
0.062,37,1576098728,0.07532180180008884,1.0,1.0,107.47681499924511
0.062,38,1662748500,0.07051184774756451,1.0,1.0,107.49594599474221
0.062,39,472736216,0.07286276028965841,1.0,1.0,107.53199298051186
0.062,40,1535411295,0.07422547597920817,1.0,1.0,107.5761969841551
0.062,41,175223003,0.07163951651062446,1.0,1.0,107.57641200325452
0.062,42,840936862,0.07257204059831175,1.0,1.0,108.53639000561088
0.062,43,343373188,0.073754283381237,1.0,1.0,107.64529099105857
0.062,44,1597751082,0.06885994711116042,1.0,1.0,107.78794798534364
0.062,45,730359585,0.06981625793756574,1.0,1.0,108.04660600842908
0.062,46,1016641002,0.07962590185665464,1.0,1.0,107.57166999974288
0.062,47,998994690,0.07310047063170322,1.0,1.0,107.59319900535047
0.062,48,1021240743,0.07051142554077383,1.0,1.0,107.77060099644586
0.062,49,572134801,0.07935154893968868,1.0,1.0,107.57251901668496
0.062,50,1198399760,0.06838096174268514,1.0,1.0,107.54929899121635
0.062,51,1751866485,0.07416308290094772,1.0,1.0,108.24650002177805
0.062,52,1070889713,0.07108750441503905,1.0,1.0,107.58186099701561
0.062,53,415096539,0.07588146199942428,1.0,1.0,107.5724340043962
0.062,54,52416235,0.07166201438438244,1.0,1.0,107.58482798701152
0.062,55,278032723,0.07549806394104387,1.0,1.0,107.60645297705196
0.062,56,174946158,0.07361482627055309,1.0,1.0,107.58802501368336
0.062,57,196848554,0.07909321208529886,1.0,1.0,107.77893898193724
0.062,58,263030910,0.0775661238428429,1.0,1.0,107.59294501622207
0.062,59,1285415020,0.06532073176800517,1.0,1.0,107.57475299760699
0.062,60,1733223444,0.06859913336824647,1.0,1.0,107.57612698944286
0.062,61,1835544261,0.07607230496655681,1.0,1.0,107.5467549962923
0.062,62,1403186970,0.07083453379789394,1.0,1.0,107.53446799935773
0.062,63,1291971777,0.0753576931961951,1.0,1.0,107.60649299481884
0.062,64,712292067,0.07389402792549869,1.0,1.0,107.55407699616626
0.062,65,2001429764,0.07497601191839591,1.0,1.0,107.58168497704901
0.062,66,1375664061,0.0687006180815928,1.0,1.0,107.62331201112829
0.062,67,1556456120,0.07457906404105745,1.0,1.0,107.69218800123781
0.062,68,1576053187,0.06958337289732766,1.0,1.0,107.6184910198208
0.062,69,1848019881,0.0704915074556633,1.0,1.0,107.82880100305192
0.062,70,1508652585,0.07393892361876543,1.0,1.0,107.58102900581434
0.062,71,1995737731,0.07212131843721332,1.0,1.0,107.72290697786957
0.062,72,1162788447,0.07286195138931945,1.0,1.0,107.56903598667122
0.062,73,1172925522,0.07167968713721325,1.0,1.0,107.4457129871007
0.062,74,539174575,0.0742180047982752,1.0,1.0,107.93155900319107
0.062,75,2013637345,0.07615473071700102,1.0,1.0,108.64905497874133
0.062,76,1187468716,0.07788782731813541,1.0,1.0,107.4798289919272
0.062,77,1062978506,0.07320793716797987,1.0,1.0,107.57055098656565
0.062,78,679326770,0.07786933367352067,1.0,1.0,107.55415100720711
0.062,79,587923432,0.06792911354887932,1.0,1.0,107.60118198231794
0.062,80,1359889667,0.0698653404268051,1.0,1.0,107.5457050174009
0.062,81,970187386,0.07100990237427952,1.0,1.0,107.64973898767494
0.062,82,1219839873,0.08038911273190923,0.0,0.0,107.69478397560306
0.062,83,1428160212,0.07061138477514038,1.0,1.0,107.68384198308922
0.062,84,1930609499,0.07536972369496447,1.0,1.0,107.59393699117936
0.062,85,710582861,0.07016161089590582,1.0,1.0,107.69142198842019
0.062,86,1463614337,0.07198892569334966,1.0,1.0,107.68130500218831
0.062,87,1940152705,0.06972664232809482,1.0,1.0,107.71514900261536
0.062,88,985452196,0.07271382123476006,1.0,1.0,107.69989000982605
0.062,89,552062587,0.07230060281584125,1.0,1.0,107.63114399742335
0.062,90,623566272,0.06672537134532869,1.0,1.0,107.57235297933221
0.062,91,729775797,0.07527386926833365,1.0,1.0,107.56284397211857
0.062,92,1352536665,0.0710375971227477,1.0,1.0,107.57065401412547
0.062,93,555883440,0.07278062135131044,1.0,1.0,107.58643600274809
0.062,94,1801800003,0.06830233008906327,1.0,1.0,107.62722700019367
0.062,95,763315502,0.07774877165596814,1.0,1.0,107.5856770039536
0.062,96,138897982,0.0746282141555614,1.0,1.0,107.54914197605103
0.062,97,10785379,0.06933401867002124,1.0,1.0,107.60715798824094
0.062,98,53923185,0.07001116856810082,1.0,1.0,107.62166697531939
0.062,99,1349917978,0.06977471387684743,1.0,1.0,107.64304801705293
0.063,0,1501552845,0.07308885883863347,1.0,1.0,107.54085199732799
0.063,1,488200390,0.0750097464343867,1.0,1.0,107.51762299332768
0.063,2,1693606510,0.069411164298889,1.0,1.0,107.50906400789972
0.063,3,680233354,0.0732226795881842,1.0,1.0,107.88520200003404
0.063,4,438466540,0.07108172292485793,1.0,1.0,107.53206298977602
0.063,5,1712329280,0.0693861458991215,1.0,1.0,107.90539000299759
0.063,6,1380152455,0.07086443932186756,1.0,1.0,107.53479799313936
0.063,7,1452245846,0.06798225817465545,1.0,1.0,108.26889399322681
0.063,8,2122694021,0.06924891351427338,1.0,1.0,107.58148299646564
0.063,9,839901363,0.0737492583821281,1.0,1.0,107.89987799944356
0.063,10,1802651552,0.0734543168598804,1.0,1.0,108.64148099790327
0.063,11,714712467,0.0687778661062055,1.0,1.0,107.7431349986
0.063,12,1218704077,0.07456485297332088,1.0,1.0,107.53538999415468
0.063,13,1284858263,0.06839368244205614,1.0,1.0,107.65083899605088
0.063,14,457721135,0.0720324643559072,1.0,1.0,111.20215800474398
0.063,15,401008609,0.07296377975426986,1.0,1.0,107.60793098597787
0.063,16,492064534,0.07227340043402795,1.0,1.0,107.82272499636747
0.063,17,1444732602,0.07078776362331198,1.0,1.0,107.76260000420734
0.063,18,1317426686,0.06967936104443448,1.0,1.0,107.64706900226884
0.063,19,2022506251,0.07626582002298167,1.0,1.0,107.66446398338303
0.063,20,1516459118,0.07470140992682177,1.0,1.0,107.52908201538958
0.063,21,533103612,0.07015623771360065,1.0,1.0,107.68651601392776
0.063,22,1964759878,0.06918373107816042,1.0,1.0,107.49562201090157
0.063,23,2037706756,0.07392272532054692,1.0,1.0,107.54244099371135
0.063,24,1572889065,0.0737888697245388,1.0,1.0,107.65121900476515
0.063,25,1432881518,0.07284473167465087,1.0,1.0,107.56864098948427
0.063,26,280516901,0.08063421594692728,0.0,0.0,107.79305698815733
0.063,27,205939248,0.07458321393002568,1.0,1.0,107.6604469853919
0.063,28,571904914,0.07563402769955152,1.0,1.0,107.65657501178794
0.063,29,948843457,0.07070832711616905,1.0,1.0,107.62986398185603
0.063,30,155492488,0.0658996378296821,1.0,1.0,123.48879600176588
0.063,31,1903701130,0.07060536496966106,1.0,1.0,107.58229898056015
0.063,32,1017961266,0.0732726805649079,1.0,1.0,107.6236289809458
0.063,33,1497769985,0.07096932881942147,1.0,1.0,107.58566297590733
0.063,34,456523489,0.07047809603117808,1.0,1.0,107.81466797925532
0.063,35,701095136,0.07037426318754601,1.0,1.0,107.46853600721806
0.063,36,249069576,0.07595638622792218,1.0,1.0,107.7290510002058
0.063,37,1576098728,0.07532180180008884,1.0,1.0,107.55816899472848
0.063,38,1662748500,0.07051184774756451,1.0,1.0,107.55402900394984
0.063,39,472736216,0.07286276028965841,1.0,1.0,107.63014701660722
0.063,40,1535411295,0.07422547597920817,1.0,1.0,107.7128030010499
0.063,41,175223003,0.07163951651062446,1.0,1.0,107.58316799183376
0.063,42,840936862,0.07257204059831175,1.0,1.0,107.77477599913254
0.063,43,343373188,0.073754283381237,1.0,1.0,107.6663020066917
0.063,44,1597751082,0.06885994711116042,1.0,1.0,107.67715601832606
0.063,45,730359585,0.06981625793756574,1.0,1.0,107.84913701354526
0.063,46,1016641002,0.07962590185665464,1.0,1.0,107.77925100410357
0.063,47,998994690,0.07310047063170322,1.0,1.0,107.52970300382003
0.063,48,1021240743,0.07051142554077383,1.0,1.0,107.64410498086363
0.063,49,572134801,0.07935154893968868,1.0,1.0,107.61309100780636
0.063,50,1198399760,0.06838096174268514,1.0,1.0,107.58712500683032
0.063,51,1751866485,0.07416308290094772,1.0,1.0,107.65278901089914
0.063,52,1070889713,0.07108750441503905,1.0,1.0,107.62172500835732
0.063,53,415096539,0.07588146199942428,1.0,1.0,107.60102001950145
0.063,54,52416235,0.07166201438438244,1.0,1.0,107.59530798532069
0.063,55,278032723,0.07549806394104387,1.0,1.0,107.56915900856256
0.063,56,174946158,0.07361482627055309,1.0,1.0,107.57451999234036
0.063,57,196848554,0.07909321208529886,1.0,1.0,109.44166200351901
0.063,58,263030910,0.0775661238428429,1.0,1.0,107.54885198548436
0.063,59,1285415020,0.06532073176800517,1.0,1.0,107.6150170119945
0.063,60,1733223444,0.06859913336824647,1.0,1.0,107.61396700399928
0.063,61,1835544261,0.07607230496655681,1.0,1.0,107.64599300455302
0.063,62,1403186970,0.07083453379789394,1.0,1.0,107.60194101021625
0.063,63,1291971777,0.0753576931961951,1.0,1.0,107.75912000099197
0.063,64,712292067,0.07389402792549869,1.0,1.0,107.66631801379845
0.063,65,2001429764,0.07497601191839591,1.0,1.0,107.76634799549356
0.063,66,1375664061,0.0687006180815928,1.0,1.0,107.72640301729552
0.063,67,1556456120,0.07457906404105745,1.0,1.0,108.47613398800604
0.063,68,1576053187,0.06958337289732766,1.0,1.0,107.60665900306776
0.063,69,1848019881,0.0704915074556633,1.0,1.0,107.55728199728765
0.063,70,1508652585,0.07393892361876543,1.0,1.0,107.74479401879944
0.063,71,1995737731,0.07212131843721332,1.0,1.0,107.51139602507465
0.063,72,1162788447,0.07286195138931945,1.0,1.0,107.49201397993602
0.063,73,1172925522,0.07167968713721325,1.0,1.0,107.86284299683757
0.063,74,539174575,0.0742180047982752,1.0,1.0,107.63082202174701
0.063,75,2013637345,0.07615473071700102,1.0,1.0,107.74461601977237
0.063,76,1187468716,0.07788782731813541,1.0,1.0,107.56872201454826
0.063,77,1062978506,0.07320793716797987,1.0,1.0,107.55909798899665
0.063,78,679326770,0.07786933367352067,1.0,1.0,107.56130798836239
0.063,79,587923432,0.06792911354887932,1.0,1.0,109.05660397838801
0.063,80,1359889667,0.0698653404268051,1.0,1.0,107.49530102475546
0.063,81,970187386,0.07100990237427952,1.0,1.0,107.59715700987726
0.063,82,1219839873,0.08038911273190923,0.0,0.0,107.57617698982358
0.063,83,1428160212,0.07061138477514038,1.0,1.0,107.56047299946658
0.063,84,1930609499,0.07536972369496447,1.0,1.0,107.71477301022969
0.063,85,710582861,0.07016161089590582,1.0,1.0,107.54712202469818
0.063,86,1463614337,0.07198892569334966,1.0,1.0,107.61034101597033
0.063,87,1940152705,0.06972664232809482,1.0,1.0,107.52405400853604
0.063,88,985452196,0.07271382123476006,1.0,1.0,107.58956402423792
0.063,89,552062587,0.07230060281584125,1.0,1.0,107.54867398645729
0.063,90,623566272,0.06672537134532869,1.0,1.0,107.60788698098622
0.063,91,729775797,0.07527386926833365,1.0,1.0,107.74266798398457
0.063,92,1352536665,0.0710375971227477,1.0,1.0,107.59265898377635
0.063,93,555883440,0.07278062135131044,1.0,1.0,107.54964197985828
0.063,94,1801800003,0.06830233008906327,1.0,1.0,107.73315100232139
0.063,95,763315502,0.07774877165596814,1.0,1.0,107.72358800750226
0.063,96,138897982,0.0746282141555614,1.0,1.0,107.52770598628558
0.063,97,10785379,0.06933401867002124,1.0,1.0,107.48033499112353
0.063,98,53923185,0.07001116856810082,1.0,1.0,107.82248299801722
0.063,99,1349917978,0.06977471387684743,1.0,1.0,107.76118098874576
0.064,0,1501552845,0.07308885883863347,1.0,1.0,107.57108899997547
0.064,1,488200390,0.0750097464343867,1.0,1.0,107.5461569998879
0.064,2,1693606510,0.07057466450781294,1.0,1.0,107.52207500627264
0.064,3,680233354,0.0732226795881842,1.0,1.0,107.62425401480868
0.064,4,438466540,0.07108172292485793,1.0,1.0,107.59946901816875
0.064,5,1712329280,0.0693861458991215,1.0,1.0,107.59081799187697
0.064,6,1380152455,0.07086443932186756,1.0,1.0,107.52512700855732
0.064,7,1452245846,0.06798225817465545,1.0,1.0,107.52661700826138
0.064,8,2122694021,0.06924891351427338,1.0,1.0,107.54215699853376
0.064,9,839901363,0.0737492583821281,1.0,1.0,107.4913720076438
0.064,10,1802651552,0.0734543168598804,1.0,1.0,107.5506980123464
0.064,11,714712467,0.0687778661062055,1.0,1.0,107.56615499849431
0.064,12,1218704077,0.07456485297332088,1.0,1.0,107.54476499278098
0.064,13,1284858263,0.06839368244205614,1.0,1.0,107.5673550076317
0.064,14,457721135,0.0720324643559072,1.0,1.0,107.52453401801176
0.064,15,401008609,0.07296377975426986,1.0,1.0,107.55923698889092
0.064,16,492064534,0.07227340043402795,1.0,1.0,107.6654979842715
0.064,17,1444732602,0.07078776362331198,1.0,1.0,107.56738999043591
0.064,18,1317426686,0.06967936104443448,1.0,1.0,107.50692000146955
0.064,19,2022506251,0.07626582002298167,1.0,1.0,107.48500499175861
0.064,20,1516459118,0.07470140992682177,1.0,1.0,107.60383700835519
0.064,21,533103612,0.07015623771360065,1.0,1.0,107.63675399357453
0.064,22,1964759878,0.06918373107816042,1.0,1.0,107.56021097768098
0.064,23,2037706756,0.07392272532054692,1.0,1.0,107.59565600892529
0.064,24,1572889065,0.0737888697245388,1.0,1.0,107.55880500073545
0.064,25,1432881518,0.07284473167465087,1.0,1.0,107.61492999154143
0.064,26,280516901,0.08063421594692728,0.0,0.0,107.57200000807643
0.064,27,205939248,0.07458321393002568,1.0,1.0,107.5949700025376
0.064,28,571904914,0.07563402769955152,1.0,1.0,107.53681199275889
0.064,29,948843457,0.07070832711616905,1.0,1.0,107.60120299528353
0.064,30,155492488,0.0658996378296821,1.0,1.0,107.47516999254003
0.064,31,1903701130,0.07060536496966106,1.0,1.0,107.46604899759404
0.064,32,1017961266,0.0732726805649079,1.0,1.0,107.41893100203015
0.064,33,1497769985,0.07096932881942147,1.0,1.0,107.47699698549695
0.064,34,456523489,0.07047809603117808,1.0,1.0,107.49132299679331
0.064,35,701095136,0.07037426318754601,1.0,1.0,107.49164098524489
0.064,36,249069576,0.07595638622792218,1.0,1.0,107.53316699992865
0.064,37,1576098728,0.07532180180008884,1.0,1.0,107.54691902548075
0.064,38,1662748500,0.07051184774756451,1.0,1.0,107.55449300631881
0.064,39,472736216,0.07286276028965841,1.0,1.0,107.56301000947133
0.064,40,1535411295,0.07422547597920817,1.0,1.0,107.51278299721889
0.064,41,175223003,0.07163951651062446,1.0,1.0,107.5322239776142
0.064,42,840936862,0.07257204059831175,1.0,1.0,107.63852702802978
0.064,43,343373188,0.073754283381237,1.0,1.0,107.56006199517287
0.064,44,1597751082,0.06885994711116042,1.0,1.0,107.55763901397586
0.064,45,730359585,0.06981625793756574,1.0,1.0,107.55252599483356
0.064,46,1016641002,0.07962590185665464,1.0,1.0,107.55162601708435
0.064,47,998994690,0.07310047063170322,1.0,1.0,107.5790019822307
0.064,48,1021240743,0.07051142554077383,1.0,1.0,107.63998201582581
0.064,49,572134801,0.07935154893968868,1.0,1.0,107.60567299439572
0.064,50,1198399760,0.06838096174268514,1.0,1.0,107.49261500313878
0.064,51,1751866485,0.07416308290094772,1.0,1.0,107.4019480147399
0.064,52,1070889713,0.07108750441503905,1.0,1.0,107.42951897555031
0.064,53,415096539,0.07588146199942428,1.0,1.0,107.39099499187432
0.064,54,52416235,0.07166201438438244,1.0,1.0,107.46626098989509
0.064,55,278032723,0.07549806394104387,1.0,1.0,107.45285099255852
0.064,56,174946158,0.07361482627055309,1.0,1.0,107.43788297986612
0.064,57,196848554,0.07909321208529886,1.0,1.0,107.37189798965119
0.064,58,263030910,0.0775661238428429,1.0,1.0,107.43060300592333
0.064,59,1285415020,0.06532073176800517,1.0,1.0,107.4531149934046
0.064,60,1733223444,0.06859913336824647,1.0,1.0,107.45268300524913
0.064,61,1835544261,0.07607230496655681,1.0,1.0,107.46149701299146
0.064,62,1403186970,0.07083453379789394,1.0,1.0,107.46367697720416
0.064,63,1291971777,0.0753576931961951,1.0,1.0,107.47234401060268
0.064,64,712292067,0.07389402792549869,1.0,1.0,107.46018699137494
0.064,65,2001429764,0.07497601191839591,1.0,1.0,107.40429299767129
0.064,66,1375664061,0.0687006180815928,1.0,1.0,107.40704598720185
0.064,67,1556456120,0.07457906404105745,1.0,1.0,107.46264099725522
0.064,68,1576053187,0.06958337289732766,1.0,1.0,107.42691101040691
0.064,69,1848019881,0.0704915074556633,1.0,1.0,107.43200298747979
0.064,70,1508652585,0.07393892361876543,1.0,1.0,107.4347649991978
0.064,71,1995737731,0.07212131843721332,1.0,1.0,107.40436601918191
0.064,72,1162788447,0.07286195138931945,1.0,1.0,107.44455899111927
0.064,73,1172925522,0.07167968713721325,1.0,1.0,107.4609519855585
0.064,74,539174575,0.0742180047982752,1.0,1.0,107.50565401394852
0.064,75,2013637345,0.07615473071700102,1.0,1.0,107.45588698773645
0.064,76,1187468716,0.07788782731813541,1.0,1.0,107.42547299014404
0.064,77,1062978506,0.07320793716797987,1.0,1.0,107.44639197946526
0.064,78,679326770,0.07786933367352067,1.0,1.0,107.41643898654729
0.064,79,587923432,0.06792911354887932,1.0,1.0,107.42302401922643
0.064,80,1359889667,0.0698653404268051,1.0,1.0,107.3925600212533
0.064,81,970187386,0.07100990237427952,1.0,1.0,107.4100969999563
0.064,82,1219839873,0.08038911273190923,0.0,0.0,107.3908630060032
0.064,83,1428160212,0.07061138477514038,1.0,1.0,107.4036950012669
0.064,84,1930609499,0.07536972369496447,1.0,1.0,107.34974200022407
0.064,85,710582861,0.07016161089590582,1.0,1.0,107.3899749899283
0.064,86,1463614337,0.07198892569334966,1.0,1.0,107.42723199655302
0.064,87,1940152705,0.06972664232809482,1.0,1.0,107.44815898942761
0.064,88,985452196,0.07271382123476006,1.0,1.0,107.57402301533148
0.064,89,552062587,0.07230060281584125,1.0,1.0,107.57896600989625
0.064,90,623566272,0.06672537134532869,1.0,1.0,107.53653402207419
0.064,91,729775797,0.07527386926833365,1.0,1.0,107.63438499998301
0.064,92,1352536665,0.0710375971227477,1.0,1.0,107.61798400199041
0.064,93,555883440,0.07278062135131044,1.0,1.0,107.53238899633288
0.064,94,1801800003,0.06830233008906327,1.0,1.0,107.4706649815198
0.064,95,763315502,0.07774877165596814,1.0,1.0,107.46705101337284
0.064,96,138897982,0.0746282141555614,1.0,1.0,107.55835799500346
0.064,97,10785379,0.06933401867002124,1.0,1.0,107.63363001751713
0.064,98,53923185,0.07001116856810082,1.0,1.0,107.49548499006778
0.064,99,1349917978,0.06977471387684743,1.0,1.0,107.62956200051121
0.065,0,1501552845,0.07308885883863347,1.0,1.0,108.65020999335684
0.065,1,488200390,0.0750097464343867,1.0,1.0,107.53051398205571
0.065,2,1693606510,0.07057466450781294,1.0,1.0,108.44909300794825
0.065,3,680233354,0.0732226795881842,1.0,1.0,107.4823800008744
0.065,4,438466540,0.07108172292485793,1.0,1.0,107.43491299217567
0.065,5,1712329280,0.0693861458991215,1.0,1.0,107.50991298118606
0.065,6,1380152455,0.07086443932186756,1.0,1.0,107.94449501554482
0.065,7,1452245846,0.06798225817465545,1.0,1.0,107.68391797319055
0.065,8,2122694021,0.06924891351427338,1.0,1.0,107.55547301960178
0.065,9,839901363,0.0737492583821281,1.0,1.0,107.660848996602
0.065,10,1802651552,0.0734543168598804,1.0,1.0,107.56068499176763
0.065,11,714712467,0.0687778661062055,1.0,1.0,107.55188600160182
0.065,12,1218704077,0.07456485297332088,1.0,1.0,107.55454999161884
0.065,13,1284858263,0.06839368244205614,1.0,1.0,107.54954800358973
0.065,14,457721135,0.0720324643559072,1.0,1.0,107.53445600857958
0.065,15,401008609,0.07296377975426986,1.0,1.0,107.56294699967839
0.065,16,492064534,0.07227340043402795,1.0,1.0,108.1955220142845
0.065,17,1444732602,0.07078776362331198,1.0,1.0,107.54808300407603
0.065,18,1317426686,0.06967936104443448,1.0,1.0,107.52326701185666
0.065,19,2022506251,0.07626582002298167,1.0,1.0,107.49543100246228
0.065,20,1516459118,0.07470140992682177,1.0,1.0,107.68785700201988
0.065,21,533103612,0.07015623771360065,1.0,1.0,107.68641301547177
0.065,22,1964759878,0.06918373107816042,1.0,1.0,107.7098170062527
0.065,23,2037706756,0.07392272532054692,1.0,1.0,107.62382400571369
0.065,24,1572889065,0.0737888697245388,1.0,1.0,107.68079198896885
0.065,25,1432881518,0.07284473167465087,1.0,1.0,107.83107901806943
0.065,26,280516901,0.08063421594692728,0.0,0.0,107.80460698879324
0.065,27,205939248,0.07458321393002568,1.0,1.0,107.57101801573299
0.065,28,571904914,0.07563402769955152,1.0,1.0,107.52899199724197
0.065,29,948843457,0.07070832711616905,1.0,1.0,107.48600302031264
0.065,30,155492488,0.0658996378296821,1.0,1.0,107.46661698794924
0.065,31,1903701130,0.07060536496966106,1.0,1.0,107.4584280140698
0.065,32,1017961266,0.0732726805649079,1.0,1.0,107.43946599541232
0.065,33,1497769985,0.07096932881942147,1.0,1.0,107.62066202005371
0.065,34,456523489,0.07047809603117808,1.0,1.0,107.47962398454547
0.065,35,701095136,0.07037426318754601,1.0,1.0,107.49739801394753
0.065,36,249069576,0.07595638622792218,1.0,1.0,107.544489990687
0.065,37,1576098728,0.07665996386276518,1.0,1.0,107.53164300695062
0.065,38,1662748500,0.07051184774756451,1.0,1.0,107.56649699760601
0.065,39,472736216,0.07286276028965841,1.0,1.0,107.54576500039548
0.065,40,1535411295,0.07422547597920817,1.0,1.0,107.498432014836
0.065,41,175223003,0.07163951651062446,1.0,1.0,107.5497519923374
0.065,42,840936862,0.07257204059831175,1.0,1.0,107.5732900062576
0.065,43,343373188,0.073754283381237,1.0,1.0,107.55227800109424
0.065,44,1597751082,0.06885994711116042,1.0,1.0,107.54349100170657
0.065,45,730359585,0.06981625793756574,1.0,1.0,107.53621600451879
0.065,46,1016641002,0.07962590185665464,1.0,1.0,107.5701990048401
0.065,47,998994690,0.07310047063170322,1.0,1.0,111.9852410047315
0.065,48,1021240743,0.07051142554077383,1.0,1.0,122.39066700567491
0.065,49,572134801,0.07935154893968868,1.0,1.0,110.50266399979591
0.065,50,1198399760,0.06838096174268514,1.0,1.0,124.14838999393396
0.065,51,1751866485,0.07416308290094772,1.0,1.0,107.66227901331149
0.065,52,1070889713,0.07108750441503905,1.0,1.0,107.40342299686745
0.065,53,415096539,0.07588146199942428,1.0,1.0,107.45783700258471
0.065,54,52416235,0.07166201438438244,1.0,1.0,107.64557201764546
0.065,55,278032723,0.07549806394104387,1.0,1.0,107.43292901315726
0.065,56,174946158,0.07361482627055309,1.0,1.0,107.42909499094822
0.065,57,196848554,0.07909321208529886,1.0,1.0,107.39050398115069
0.065,58,263030910,0.0775661238428429,1.0,1.0,107.43977199308574
0.065,59,1285415020,0.06532073176800517,1.0,1.0,107.43501700926572
0.065,60,1733223444,0.06859913336824647,1.0,1.0,107.42718001711182
0.065,61,1835544261,0.07607230496655681,1.0,1.0,107.66009299550205
0.065,62,1403186970,0.07083453379789394,1.0,1.0,107.42813799879514
0.065,63,1291971777,0.0753576931961951,1.0,1.0,107.45958701591007
0.065,64,712292067,0.07389402792549869,1.0,1.0,107.43650500080548
0.065,65,2001429764,0.07497601191839591,1.0,1.0,107.40430999430828
0.065,66,1375664061,0.0687006180815928,1.0,1.0,107.4440150114242
0.065,67,1556456120,0.07457906404105745,1.0,1.0,107.42615300114267
0.065,68,1576053187,0.06958337289732766,1.0,1.0,107.42821099120192
0.065,69,1848019881,0.0704915074556633,1.0,1.0,107.41013099323027
0.065,70,1508652585,0.07393892361876543,1.0,1.0,107.43667700444348
0.065,71,1995737731,0.07212131843721332,1.0,1.0,107.42462700000033
0.065,72,1162788447,0.07286195138931945,1.0,1.0,107.43346001254395
0.065,73,1172925522,0.07167968713721325,1.0,1.0,107.45212601614185
0.065,74,539174575,0.0742180047982752,1.0,1.0,107.50395699869841
0.065,75,2013637345,0.07615473071700102,1.0,1.0,107.4087460001465
0.065,76,1187468716,0.07788782731813541,1.0,1.0,107.4199540016707
0.065,77,1062978506,0.07320793716797987,1.0,1.0,107.47293999884278
0.065,78,679326770,0.07786933367352067,1.0,1.0,107.41393399075605
0.065,79,587923432,0.06792911354887932,1.0,1.0,107.54910498508252
0.065,80,1359889667,0.0698653404268051,1.0,1.0,107.41341201355681
0.065,81,970187386,0.07100990237427952,1.0,1.0,107.40195499965921
0.065,82,1219839873,0.08038911273190923,0.0,0.0,107.41193298599683
0.065,83,1428160212,0.07061138477514038,1.0,1.0,107.65454900683835
0.065,84,1930609499,0.07536972369496447,1.0,1.0,107.3916939785704
0.065,85,710582861,0.07016161089590582,1.0,1.0,107.3852959962096
0.065,86,1463614337,0.07198892569334966,1.0,1.0,107.42552499868907
0.065,87,1940152705,0.06972664232809482,1.0,1.0,107.46172297513112
0.065,88,985452196,0.07271382123476006,1.0,1.0,118.18286398192868
0.065,89,552062587,0.07230060281584125,1.0,1.0,108.24282598332502
0.065,90,623566272,0.06672537134532869,1.0,1.0,107.558877003612
0.065,91,729775797,0.07527386926833365,1.0,1.0,107.53281600773335
0.065,92,1352536665,0.0710375971227477,1.0,1.0,107.52517299260944
0.065,93,555883440,0.07278062135131044,1.0,1.0,107.53196699079126
0.065,94,1801800003,0.06830233008906327,1.0,1.0,107.53844000282697
0.065,95,763315502,0.07774877165596814,1.0,1.0,107.46744798962027
0.065,96,138897982,0.0746282141555614,1.0,1.0,107.51574800815433
0.065,97,10785379,0.06933401867002124,1.0,1.0,107.44604197680019
0.065,98,53923185,0.07001116856810082,1.0,1.0,107.46480600209907
0.065,99,1349917978,0.06977471387684743,1.0,1.0,107.46014499454759
0.066,0,1501552845,0.07308885883863347,1.0,1.0,107.54970100242645
0.066,1,488200390,0.0750097464343867,1.0,1.0,111.34699400281534
0.066,2,1693606510,0.07057466450781294,1.0,1.0,107.68961298163049
0.066,3,680233354,0.0732226795881842,1.0,1.0,107.53851602203213
0.066,4,438466540,0.07108172292485793,1.0,1.0,107.51688899472356
0.066,5,1712329280,0.0693861458991215,1.0,1.0,107.53112900420092
0.066,6,1380152455,0.07086443932186756,1.0,1.0,107.55036000045948
0.066,7,1452245846,0.06798225817465545,1.0,1.0,107.51576698385179
0.066,8,2122694021,0.06924891351427338,1.0,1.0,107.75920300511643
0.066,9,839901363,0.0737492583821281,1.0,1.0,107.71573000238277
0.066,10,1802651552,0.0734543168598804,1.0,1.0,107.60481900069863
0.066,11,714712467,0.0687778661062055,1.0,1.0,107.54560900386423
0.066,12,1218704077,0.07456485297332088,1.0,1.0,107.54287999588996
0.066,13,1284858263,0.06839368244205614,1.0,1.0,107.53466101596132
0.066,14,457721135,0.0720324643559072,1.0,1.0,107.56993299582973
0.066,15,401008609,0.07296377975426986,1.0,1.0,107.56914000376128
0.066,16,492064534,0.07227340043402795,1.0,1.0,107.54642201936804
0.066,17,1444732602,0.07078776362331198,1.0,1.0,107.52328697708435
0.066,18,1317426686,0.06967936104443448,1.0,1.0,107.54644000553526
0.066,19,2022506251,0.07626582002298167,1.0,1.0,107.4953280040063
0.066,20,1516459118,0.07470140992682177,1.0,1.0,107.6504289812874
0.066,21,533103612,0.07015623771360065,1.0,1.0,107.54259000532329
0.066,22,1964759878,0.06918373107816042,1.0,1.0,107.64388099778444
0.066,23,2037706756,0.07392272532054692,1.0,1.0,107.54778402042575
0.066,24,1572889065,0.0737888697245388,1.0,1.0,107.61291399830952
0.066,25,1432881518,0.07284473167465087,1.0,1.0,107.6074989978224
0.066,26,280516901,0.08063421594692728,0.0,0.0,107.55997800151818
0.066,27,205939248,0.07458321393002568,1.0,1.0,107.54194998298772
0.066,28,571904914,0.07563402769955152,1.0,1.0,107.5031369982753
0.066,29,948843457,0.07070832711616905,1.0,1.0,107.48550499556586
0.066,30,155492488,0.07871459822673262,1.0,1.0,107.62007802259177
0.066,31,1903701130,0.07060536496966106,1.0,1.0,107.55229601636529
0.066,32,1017961266,0.0732726805649079,1.0,1.0,107.61999399983324
0.066,33,1497769985,0.07096932881942147,1.0,1.0,107.48488100944087
0.066,34,456523489,0.07047809603117808,1.0,1.0,107.51234999042936
0.066,35,701095136,0.07037426318754601,1.0,1.0,107.55237200646661
0.066,36,249069576,0.07595638622792218,1.0,1.0,107.51933901337907
0.066,37,1576098728,0.07532180180008884,1.0,1.0,107.56348099675961
0.066,38,1662748500,0.07051184774756451,1.0,1.0,107.54196599009447
0.066,39,472736216,0.07286276028965841,1.0,1.0,107.50770798767917
0.066,40,1535411295,0.07422547597920817,1.0,1.0,107.50974901020527
0.066,41,175223003,0.07163951651062446,1.0,1.0,107.62459799298085
0.066,42,840936862,0.07257204059831175,1.0,1.0,107.57296098745428
0.066,43,343373188,0.073754283381237,1.0,1.0,107.54955699667335
0.066,44,1597751082,0.06885994711116042,1.0,1.0,107.54462101613171
0.066,45,730359585,0.06981625793756574,1.0,1.0,107.52524199779145
0.066,46,1016641002,0.07962590185665464,1.0,1.0,107.56635302095674
0.066,47,998994690,0.07310047063170322,1.0,1.0,107.66362902359106
0.066,48,1021240743,0.07051142554077383,1.0,1.0,107.57853699033149
0.066,49,572134801,0.07935154893968868,1.0,1.0,107.5833109789528
0.066,50,1198399760,0.06838096174268514,1.0,1.0,107.42474001017399
0.066,51,1751866485,0.07416308290094772,1.0,1.0,107.40739002358168
0.066,52,1070889713,0.07108750441503905,1.0,1.0,107.48066299129277
0.066,53,415096539,0.07588146199942428,1.0,1.0,107.50034498050809
0.066,54,52416235,0.07166201438438244,1.0,1.0,107.55221801809967
0.066,55,278032723,0.07549806394104387,1.0,1.0,107.47958900174126
0.066,56,174946158,0.07361482627055309,1.0,1.0,107.50420100521296
0.066,57,196848554,0.07909321208529886,1.0,1.0,107.4826899857726
0.066,58,263030910,0.0775661238428429,1.0,1.0,107.49664501054212
0.066,59,1285415020,0.06532073176800517,1.0,1.0,107.44866300956346
0.066,60,1733223444,0.06859913336824647,1.0,1.0,107.50600101891905
0.066,61,1835544261,0.07607230496655681,1.0,1.0,107.56315101752989
0.066,62,1403186970,0.07083453379789394,1.0,1.0,107.42868698434904
0.066,63,1291971777,0.0753576931961951,1.0,1.0,107.46312001720071
0.066,64,712292067,0.07389402792549869,1.0,1.0,107.45244502322748
0.066,65,2001429764,0.07497601191839591,1.0,1.0,107.42402498726733
0.066,66,1375664061,0.0687006180815928,1.0,1.0,107.42668301099911
0.066,67,1556456120,0.07457906404105745,1.0,1.0,107.43064500275068
0.066,68,1576053187,0.06958337289732766,1.0,1.0,107.42556999321096
0.066,69,1848019881,0.0704915074556633,1.0,1.0,107.4455319903791
0.066,70,1508652585,0.07393892361876543,1.0,1.0,107.40251102834009
0.066,71,1995737731,0.07212131843721332,1.0,1.0,107.39023101632483
0.066,72,1162788447,0.07286195138931945,1.0,1.0,107.43635101243854
0.066,73,1172925522,0.07167968713721325,1.0,1.0,107.4692510010209
0.066,74,539174575,0.0742180047982752,1.0,1.0,107.48137900372967
0.066,75,2013637345,0.07615473071700102,1.0,1.0,107.45757500990294
0.066,76,1187468716,0.07788782731813541,1.0,1.0,107.41328599397093
0.066,77,1062978506,0.07320793716797987,1.0,1.0,107.44106300990097
0.066,78,679326770,0.07786933367352067,1.0,1.0,107.43995697703212
0.066,79,587923432,0.06792911354887932,1.0,1.0,107.51797998091206
0.066,80,1359889667,0.0698653404268051,1.0,1.0,107.40283600171097
0.066,81,970187386,0.07100990237427952,1.0,1.0,107.4222750030458
0.066,82,1219839873,0.08038911273190923,0.0,0.0,107.39763599121943
0.066,83,1428160212,0.07061138477514038,1.0,1.0,107.44908900232986
0.066,84,1930609499,0.07536972369496447,1.0,1.0,107.3577190109063
0.066,85,710582861,0.07016161089590582,1.0,1.0,107.70729000796564
0.066,86,1463614337,0.07198892569334966,1.0,1.0,107.6039969921112
0.066,87,1940152705,0.06972664232809482,1.0,1.0,107.51883802004158
0.066,88,985452196,0.07271382123476006,1.0,1.0,107.60724698775448
0.066,89,552062587,0.07230060281584125,1.0,1.0,107.8356759971939
0.066,90,623566272,0.06672537134532869,1.0,1.0,107.48782401788048
0.066,91,729775797,0.07527386926833365,1.0,1.0,107.54296198138036
0.066,92,1352536665,0.0710375971227477,1.0,1.0,107.6280859997496
0.066,93,555883440,0.07278062135131044,1.0,1.0,107.58009800338186
0.066,94,1801800003,0.06830233008906327,1.0,1.0,107.57467002258636
0.066,95,763315502,0.07774877165596814,1.0,1.0,107.60071699041873
0.066,96,138897982,0.0746282141555614,1.0,1.0,107.55114399944432
0.066,97,10785379,0.06933401867002124,1.0,1.0,107.60342798312195
0.066,98,53923185,0.07001116856810082,1.0,1.0,107.6339399733115
0.066,99,1349917978,0.06977471387684743,1.0,1.0,111.40059298486449
0.067,0,1501552845,0.07308885883863347,1.0,1.0,107.62948001502082
0.067,1,488200390,0.07223168891506479,1.0,1.0,107.71124399616383
0.067,2,1693606510,0.069411164298889,1.0,1.0,107.52138000680134
0.067,3,680233354,0.0732226795881842,1.0,1.0,107.6435660070274
0.067,4,438466540,0.07108172292485793,1.0,1.0,107.77692901319824
0.067,5,1712329280,0.0693861458991215,1.0,1.0,107.67165699508041
0.067,6,1380152455,0.07086443932186756,1.0,1.0,107.75845500756986
0.067,7,1452245846,0.06798225817465545,1.0,1.0,107.54069199902005
0.067,8,2122694021,0.06924891351427338,1.0,1.0,107.50001799897291
0.067,9,839901363,0.0737492583821281,1.0,1.0,107.81274799956009
0.067,10,1802651552,0.0734543168598804,1.0,1.0,107.59582498576492
0.067,11,714712467,0.0687778661062055,1.0,1.0,107.51709100441076
0.067,12,1218704077,0.07456485297332088,1.0,1.0,107.54041298059747
0.067,13,1284858263,0.06839368244205614,1.0,1.0,107.53310500876978
0.067,14,457721135,0.0720324643559072,1.0,1.0,107.65588699723594
0.067,15,401008609,0.07296377975426986,1.0,1.0,109.03983199386857
0.067,16,492064534,0.07227340043402795,1.0,1.0,107.64204297447577
0.067,17,1444732602,0.07078776362331198,1.0,1.0,107.53697398467921
0.067,18,1317426686,0.06967936104443448,1.0,1.0,107.49304998898879
0.067,19,2022506251,0.07626582002298167,1.0,1.0,107.58347398950718
0.067,20,1516459118,0.07470140992682177,1.0,1.0,107.59228697861545
0.067,21,533103612,0.07015623771360065,1.0,1.0,107.55756500293501
0.067,22,1964759878,0.06918373107816042,1.0,1.0,107.59767799754627
0.067,23,2037706756,0.07392272532054692,1.0,1.0,107.53770399605855
0.067,24,1572889065,0.0737888697245388,1.0,1.0,108.2752549846191
0.067,25,1432881518,0.07284473167465087,1.0,1.0,107.59136898559518
0.067,26,280516901,0.08063421594692728,0.0,0.0,107.5676690088585
0.067,27,205939248,0.07458321393002568,1.0,1.0,107.56262598442845
0.067,28,571904914,0.07563402769955152,1.0,1.0,107.46143900905736
0.067,29,948843457,0.07070832711616905,1.0,1.0,107.46799199841917
0.067,30,155492488,0.07871459822673262,1.0,1.0,107.45579001377337
0.067,31,1903701130,0.07060536496966106,1.0,1.0,107.44560000603087
0.067,32,1017961266,0.0732726805649079,1.0,1.0,107.43891799938865
0.067,33,1497769985,0.07096932881942147,1.0,1.0,107.6795429980848
0.067,34,456523489,0.07047809603117808,1.0,1.0,107.52691299421713
0.067,35,701095136,0.07037426318754601,1.0,1.0,107.52547002630308
0.067,36,249069576,0.07595638622792218,1.0,1.0,107.5454750098288
0.067,37,1576098728,0.07532180180008884,1.0,1.0,107.55817499011755
0.067,38,1662748500,0.07051184774756451,1.0,1.0,107.5650169805158
0.067,39,472736216,0.07286276028965841,1.0,1.0,107.47757097124122
0.067,40,1535411295,0.07422547597920817,1.0,1.0,107.76826599612832
0.067,41,175223003,0.07163951651062446,1.0,1.0,107.56915400270373
0.067,42,840936862,0.07257204059831175,1.0,1.0,107.52630399656482
0.067,43,343373188,0.073754283381237,1.0,1.0,107.54318698309362
0.067,44,1597751082,0.06885994711116042,1.0,1.0,107.54219797672704
0.067,45,730359585,0.06981625793756574,1.0,1.0,107.56719097844325
0.067,46,1016641002,0.07962590185665464,1.0,1.0,107.56559498258866
0.067,47,998994690,0.07310047063170322,1.0,1.0,107.63712399057113
0.067,48,1021240743,0.07051142554077383,1.0,1.0,107.61249001370743
0.067,49,572134801,0.07935154893968868,1.0,1.0,107.47058599372394
0.067,50,1198399760,0.06838096174268514,1.0,1.0,107.40750402328558
0.067,51,1751866485,0.07416308290094772,1.0,1.0,107.41061400040053
0.067,52,1070889713,0.07108750441503905,1.0,1.0,107.3972950107418
0.067,53,415096539,0.07588146199942428,1.0,1.0,107.44582299957983
0.067,54,52416235,0.07166201438438244,1.0,1.0,107.44191601406783
0.067,55,278032723,0.07549806394104387,1.0,1.0,107.46580999693833
0.067,56,174946158,0.07361482627055309,1.0,1.0,107.38818199024536
0.067,57,196848554,0.07909321208529886,1.0,1.0,107.4211910017766
0.067,58,263030910,0.0775661238428429,1.0,1.0,107.45597200002521
0.067,59,1285415020,0.06532073176800517,1.0,1.0,107.43713798001409
0.067,60,1733223444,0.06859913336824647,1.0,1.0,107.47470401111059
0.067,61,1835544261,0.07607230496655681,1.0,1.0,107.40240101586096
0.067,62,1403186970,0.07083453379789394,1.0,1.0,107.54447398358025
0.067,63,1291971777,0.0753576931961951,1.0,1.0,107.69361202255823
0.067,64,712292067,0.07389402792549869,1.0,1.0,107.42958399350755
0.067,65,2001429764,0.07497601191839591,1.0,1.0,107.43009499856271
0.067,66,1375664061,0.0687006180815928,1.0,1.0,107.4241489986889
0.067,67,1556456120,0.07457906404105745,1.0,1.0,107.41373899509199
0.067,68,1576053187,0.06958337289732766,1.0,1.0,107.4175960093271
0.067,69,1848019881,0.0704915074556633,1.0,1.0,107.43727299268357
0.067,70,1508652585,0.07393892361876543,1.0,1.0,107.40906000137329
0.067,71,1995737731,0.07212131843721332,1.0,1.0,107.41099499864504
0.067,72,1162788447,0.07286195138931945,1.0,1.0,107.43846700643189
0.067,73,1172925522,0.07167968713721325,1.0,1.0,107.4492380139418
0.067,74,539174575,0.0742180047982752,1.0,1.0,107.45686601148918
0.067,75,2013637345,0.07615473071700102,1.0,1.0,107.41146799409762
0.067,76,1187468716,0.07788782731813541,1.0,1.0,107.44503099704161
0.067,77,1062978506,0.07320793716797987,1.0,1.0,107.41647399845533
0.067,78,679326770,0.07786933367352067,1.0,1.0,107.41050698561594
0.067,79,587923432,0.06792911354887932,1.0,1.0,107.46209498029202
0.067,80,1359889667,0.0698653404268051,1.0,1.0,107.59866700391285
0.067,81,970187386,0.07100990237427952,1.0,1.0,107.41061199223623
0.067,82,1219839873,0.08038911273190923,0.0,0.0,107.39801797899418
0.067,83,1428160212,0.07061138477514038,1.0,1.0,107.3439989995677
0.067,84,1930609499,0.07536972369496447,1.0,1.0,107.38043300807476
0.067,85,710582861,0.07016161089590582,1.0,1.0,107.4210400111042
0.067,86,1463614337,0.07198892569334966,1.0,1.0,107.43905199342407
0.067,87,1940152705,0.06972664232809482,1.0,1.0,108.51077502593398
0.067,88,985452196,0.07271382123476006,1.0,1.0,107.5733269972261
0.067,89,552062587,0.07230060281584125,1.0,1.0,107.69261000677943
0.067,90,623566272,0.06672537134532869,1.0,1.0,107.99009498441592
0.067,91,729775797,0.07527386926833365,1.0,1.0,107.5581329932902
0.067,92,1352536665,0.0710375971227477,1.0,1.0,107.51160298241302
0.067,93,555883440,0.07278062135131044,1.0,1.0,107.45335501269437
0.067,94,1801800003,0.06830233008906327,1.0,1.0,107.65336200711317
0.067,95,763315502,0.07774877165596814,1.0,1.0,107.45474099530838
0.067,96,138897982,0.0746282141555614,1.0,1.0,107.45638600201346
0.067,97,10785379,0.06933401867002124,1.0,1.0,107.4718949967064
0.067,98,53923185,0.07001116856810082,1.0,1.0,107.46037302305922
0.067,99,1349917978,0.06977471387684743,1.0,1.0,107.46976701193489
0.068,0,1501552845,0.07308885883863347,1.0,1.0,107.61991000617854
0.068,1,488200390,0.07223168891506479,1.0,1.0,107.64862698852085
0.068,2,1693606510,0.069411164298889,1.0,1.0,107.4799969792366
0.068,3,680233354,0.0732226795881842,1.0,1.0,107.40152999642305
0.068,4,438466540,0.07108172292485793,1.0,1.0,107.51274198992178
0.068,5,1712329280,0.0693861458991215,1.0,1.0,107.50809300225228
0.068,6,1380152455,0.07086443932186756,1.0,1.0,107.52216301625594
0.068,7,1452245846,0.06798225817465545,1.0,1.0,107.568669016473
0.068,8,2122694021,0.06924891351427338,1.0,1.0,107.50632698182017
0.068,9,839901363,0.0737492583821281,1.0,1.0,107.58866200922057
0.068,10,1802651552,0.0734543168598804,1.0,1.0,107.54998799529858
0.068,11,714712467,0.0687778661062055,1.0,1.0,107.52954200142995
0.068,12,1218704077,0.07456485297332088,1.0,1.0,107.56975502590649
0.068,13,1284858263,0.06839368244205614,1.0,1.0,107.522035978036
0.068,14,457721135,0.0720324643559072,1.0,1.0,107.54816498956643
0.068,15,401008609,0.07296377975426986,1.0,1.0,107.56571299862117
0.068,16,492064534,0.07227340043402795,1.0,1.0,107.53351097810082
0.068,17,1444732602,0.07078776362331198,1.0,1.0,107.53192901029252
0.068,18,1317426686,0.06967936104443448,1.0,1.0,107.49729600502178
0.068,19,2022506251,0.07626582002298167,1.0,1.0,107.57729498436674
0.068,20,1516459118,0.07470140992682177,1.0,1.0,107.62313200393692
0.068,21,533103612,0.07015623771360065,1.0,1.0,107.54600699874572
0.068,22,1964759878,0.06918373107816042,1.0,1.0,107.61784898932092
0.068,23,2037706756,0.07392272532054692,1.0,1.0,107.52812802093104
0.068,24,1572889065,0.0737888697245388,1.0,1.0,107.59783899993636
0.068,25,1432881518,0.07284473167465087,1.0,1.0,107.58218899718486
0.068,26,280516901,0.08063421594692728,0.0,0.0,107.77355401660316
0.068,27,205939248,0.07458321393002568,1.0,1.0,107.61329301749356
0.068,28,571904914,0.07563402769955152,1.0,1.0,107.51570502179675
0.068,29,948843457,0.07070832711616905,1.0,1.0,107.46701099560596
0.068,30,155492488,0.0658996378296821,1.0,1.0,107.62893699575216
0.068,31,1903701130,0.07060536496966106,1.0,1.0,107.443468994461
0.068,32,1017961266,0.0732726805649079,1.0,1.0,107.47753499890678
0.068,33,1497769985,0.07096932881942147,1.0,1.0,107.48187598073855
0.068,34,456523489,0.07047809603117808,1.0,1.0,107.47954298858531
0.068,35,701095136,0.07037426318754601,1.0,1.0,107.55759000312537
0.068,36,249069576,0.07595638622792218,1.0,1.0,107.53749500145204
0.068,37,1576098728,0.07665996386276518,1.0,1.0,107.52039198996499
0.068,38,1662748500,0.07051184774756451,1.0,1.0,107.54586200346239
0.068,39,472736216,0.07286276028965841,1.0,1.0,107.57472601835616
0.068,40,1535411295,0.07422547597920817,1.0,1.0,107.52826000680216
0.068,41,175223003,0.07163951651062446,1.0,1.0,107.57989101693965
0.068,42,840936862,0.07257204059831175,1.0,1.0,107.5518210127484
0.068,43,343373188,0.073754283381237,1.0,1.0,107.5604560028296
0.068,44,1597751082,0.06885994711116042,1.0,1.0,107.6868939853739
0.068,45,730359585,0.06981625793756574,1.0,1.0,107.57661698153242
0.068,46,1016641002,0.07962590185665464,1.0,1.0,107.56388001027517
0.068,47,998994690,0.07310047063170322,1.0,1.0,107.62505000457168
0.068,48,1021240743,0.07051142554077383,1.0,1.0,107.59154101833701
0.068,49,572134801,0.07935154893968868,1.0,1.0,107.47405199799687
0.068,50,1198399760,0.06838096174268514,1.0,1.0,107.40644298493862
0.068,51,1751866485,0.07416308290094772,1.0,1.0,107.41809700266458
0.068,52,1070889713,0.07108750441503905,1.0,1.0,107.60679698432796
0.068,53,415096539,0.07588146199942428,1.0,1.0,107.47379797976464
0.068,54,52416235,0.07166201438438244,1.0,1.0,107.46233002282679
0.068,55,278032723,0.07549806394104387,1.0,1.0,107.51103100483306
0.068,56,174946158,0.07361482627055309,1.0,1.0,107.57834700052626
0.068,57,196848554,0.07909321208529886,1.0,1.0,107.57796801044606
0.068,58,263030910,0.0775661238428429,1.0,1.0,107.4488400190603
0.068,59,1285415020,0.06532073176800517,1.0,1.0,107.47576897847466
0.068,60,1733223444,0.06859913336824647,1.0,1.0,107.53483700682409
0.068,61,1835544261,0.07607230496655681,1.0,1.0,107.41809202590957
0.068,62,1403186970,0.07083453379789394,1.0,1.0,107.44881798746064
0.068,63,1291971777,0.0753576931961951,1.0,1.0,108.03308599861339
0.068,64,712292067,0.07389402792549869,1.0,1.0,107.41148301167414
0.068,65,2001429764,0.07497601191839591,1.0,1.0,107.41292499005795
0.068,66,1375664061,0.0687006180815928,1.0,1.0,107.59950801730156
0.068,67,1556456120,0.07457906404105745,1.0,1.0,107.58834399166517
0.068,68,1576053187,0.06958337289732766,1.0,1.0,107.52596700331196
0.068,69,1848019881,0.0704915074556633,1.0,1.0,107.70771600073203
0.068,70,1508652585,0.07393892361876543,1.0,1.0,107.41877800319344
0.068,71,1995737731,0.07212131843721332,1.0,1.0,107.65446998993866
0.068,72,1162788447,0.07286195138931945,1.0,1.0,107.45361598674208
0.068,73,1172925522,0.07167968713721325,1.0,1.0,107.46045201085508
0.068,74,539174575,0.0742180047982752,1.0,1.0,107.465751003474
0.068,75,2013637345,0.07615473071700102,1.0,1.0,107.42330399807543
0.068,76,1187468716,0.07788782731813541,1.0,1.0,107.60707000736147
0.068,77,1062978506,0.07320793716797987,1.0,1.0,107.41908501950093
0.068,78,679326770,0.07786933367352067,1.0,1.0,107.49880099319853
0.068,79,587923432,0.06792911354887932,1.0,1.0,107.41540999151766
0.068,80,1359889667,0.0698653404268051,1.0,1.0,107.40131299826317
0.068,81,970187386,0.07100990237427952,1.0,1.0,107.42183797992766
0.068,82,1219839873,0.08038911273190923,0.0,0.0,107.40581300342456
0.068,83,1428160212,0.07061138477514038,1.0,1.0,107.35123499762267
0.068,84,1930609499,0.07536972369496447,1.0,1.0,107.39535200991668
0.068,85,710582861,0.07016161089590582,1.0,1.0,107.43558098329231
0.068,86,1463614337,0.07198892569334966,1.0,1.0,107.64363899943419
0.068,87,1940152705,0.06972664232809482,1.0,1.0,107.5996859872248
0.068,88,985452196,0.07271382123476006,1.0,1.0,107.59865498403087
0.068,89,552062587,0.07230060281584125,1.0,1.0,107.5569300155621
0.068,90,623566272,0.06672537134532869,1.0,1.0,107.50390298198909
0.068,91,729775797,0.07527386926833365,1.0,1.0,107.83864898257889
0.068,92,1352536665,0.0710375971227477,1.0,1.0,107.55126998992637
0.068,93,555883440,0.07389049188364455,1.0,1.0,107.46003600070253
0.068,94,1801800003,0.06830233008906327,1.0,1.0,107.59427899029106
0.068,95,763315502,0.07774877165596814,1.0,1.0,107.53227898385376
0.068,96,138897982,0.0746282141555614,1.0,1.0,107.43635898688808
0.068,97,10785379,0.06933401867002124,1.0,1.0,107.47337699285708
0.068,98,53923185,0.07001116856810082,1.0,1.0,107.49264902551658
0.068,99,1349917978,0.06977471387684743,1.0,1.0,107.69309499301016
0.069,0,1501552845,0.07308885883863347,1.0,1.0,107.8120640013367
0.069,1,488200390,0.07223168891506479,1.0,1.0,108.43941400526091
0.069,2,1693606510,0.069411164298889,1.0,1.0,107.61957301292568
0.069,3,680233354,0.0732226795881842,1.0,1.0,107.733073993586
0.069,4,438466540,0.07108172292485793,1.0,1.0,107.52010100986809
0.069,5,1712329280,0.0693861458991215,1.0,1.0,107.73139898083173
0.069,6,1380152455,0.07086443932186756,1.0,1.0,107.59859302197583
0.069,7,1452245846,0.06798225817465545,1.0,1.0,107.64493502210826
0.069,8,2122694021,0.06924891351427338,1.0,1.0,107.56552999373525
0.069,9,839901363,0.0737492583821281,1.0,1.0,107.5980740133673
0.069,10,1802651552,0.0734543168598804,1.0,1.0,108.80207599257119
0.069,11,714712467,0.0687778661062055,1.0,1.0,107.58570599136874
0.069,12,1218704077,0.07456485297332088,1.0,1.0,107.5402759888675
0.069,13,1284858263,0.06839368244205614,1.0,1.0,107.58462801459245
0.069,14,457721135,0.0720324643559072,1.0,1.0,107.67179800313897
0.069,15,401008609,0.07296377975426986,1.0,1.0,107.54195600748062
0.069,16,492064534,0.07227340043402795,1.0,1.0,107.52051998861134
0.069,17,1444732602,0.07078776362331198,1.0,1.0,107.51446901122108
0.069,18,1317426686,0.06967936104443448,1.0,1.0,107.68323001684621
0.069,19,2022506251,0.07626582002298167,1.0,1.0,107.60007498902269
0.069,20,1516459118,0.07470140992682177,1.0,1.0,107.63524597859941
0.069,21,533103612,0.07015623771360065,1.0,1.0,107.61561599792913
0.069,22,1964759878,0.06918373107816042,1.0,1.0,107.56204099743627
0.069,23,2037706756,0.07392272532054692,1.0,1.0,109.10593799781054
0.069,24,1572889065,0.0737888697245388,1.0,1.0,107.59203799534589
0.069,25,1432881518,0.07284473167465087,1.0,1.0,109.67779500060715
0.069,26,280516901,0.08063421594692728,0.0,0.0,107.54692499176599
0.069,27,205939248,0.07458321393002568,1.0,1.0,108.35751600097865
0.069,28,571904914,0.07563402769955152,1.0,1.0,107.49253298854455
0.069,29,948843457,0.07070832711616905,1.0,1.0,107.47599598835222
0.069,30,155492488,0.0658996378296821,1.0,1.0,107.42151798331179
0.069,31,1903701130,0.07060536496966106,1.0,1.0,107.464955013711
0.069,32,1017961266,0.0732726805649079,1.0,1.0,108.67631502333097
0.069,33,1497769985,0.07096932881942147,1.0,1.0,108.79245499381796
0.069,34,456523489,0.07047809603117808,1.0,1.0,107.54810200887732
0.069,35,701095136,0.07037426318754601,1.0,1.0,107.52550899633206
0.069,36,249069576,0.07595638622792218,1.0,1.0,107.56702101207338
0.069,37,1576098728,0.07532180180008884,1.0,1.0,108.13125999993645
0.069,38,1662748500,0.07051184774756451,1.0,1.0,107.51314100343734
0.069,39,472736216,0.0777601055895334,1.0,1.0,107.55544298444875
0.069,40,1535411295,0.07422547597920817,1.0,1.0,107.58398499456234
0.069,41,175223003,0.07163951651062446,1.0,1.0,107.56437398958951
0.069,42,840936862,0.07257204059831175,1.0,1.0,108.04053500760347
0.069,43,343373188,0.073754283381237,1.0,1.0,107.5474499957636
0.069,44,1597751082,0.06885994711116042,1.0,1.0,107.62618799344636
0.069,45,730359585,0.06981625793756574,1.0,1.0,107.56920601124875
0.069,46,1016641002,0.07962590185665464,1.0,1.0,108.11367898713797
0.069,47,998994690,0.07310047063170322,1.0,1.0,107.51700500259176
0.069,48,1021240743,0.07051142554077383,1.0,1.0,107.61864198138937
0.069,49,572134801,0.07935154893968868,1.0,1.0,107.42860700702295
0.069,50,1198399760,0.06838096174268514,1.0,1.0,107.41161400801502
0.069,51,1751866485,0.07416308290094772,1.0,1.0,107.48684199643321
0.069,52,1070889713,0.07108750441503905,1.0,1.0,107.9079739865847
0.069,53,415096539,0.07588146199942428,1.0,1.0,107.47028101468459
0.069,54,52416235,0.07166201438438244,1.0,1.0,107.44989002705552
0.069,55,278032723,0.07549806394104387,1.0,1.0,107.37825001706369
0.069,56,174946158,0.07361482627055309,1.0,1.0,107.43289801757783
0.069,57,196848554,0.07909321208529886,1.0,1.0,109.05931601882912
0.069,58,263030910,0.0775661238428429,1.0,1.0,109.0475180244539
0.069,59,1285415020,0.06532073176800517,1.0,1.0,107.44364198762923
0.069,60,1733223444,0.06859913336824647,1.0,1.0,107.41897000116296
0.069,61,1835544261,0.07607230496655681,1.0,1.0,107.4611029762309
0.069,62,1403186970,0.07083453379789394,1.0,1.0,107.70321398740634
0.069,63,1291971777,0.0753576931961951,1.0,1.0,107.43394898599945
0.069,64,712292067,0.07389402792549869,1.0,1.0,107.50243198708631
0.069,65,2001429764,0.07497601191839591,1.0,1.0,107.71461101830937
0.069,66,1375664061,0.0687006180815928,1.0,1.0,107.6496519963257
0.069,67,1556456120,0.07457906404105745,1.0,1.0,107.55522098043002
0.069,68,1576053187,0.06958337289732766,1.0,1.0,110.62797799240798
0.069,69,1848019881,0.0704915074556633,1.0,1.0,107.3821359896101
0.069,70,1508652585,0.07393892361876543,1.0,1.0,107.4265819916036
0.069,71,1995737731,0.07212131843721332,1.0,1.0,107.46028000721708
0.069,72,1162788447,0.07286195138931945,1.0,1.0,107.48584399698302
0.069,73,1172925522,0.07167968713721325,1.0,1.0,107.4631090159528
0.069,74,539174575,0.0742180047982752,1.0,1.0,107.43034500046633
0.069,75,2013637345,0.07615473071700102,1.0,1.0,108.30325400456786
0.069,76,1187468716,0.07788782731813541,1.0,1.0,107.69874198012985
0.069,77,1062978506,0.07320793716797987,1.0,1.0,107.61279999860562
0.069,78,679326770,0.07786933367352067,1.0,1.0,107.50266400282271
0.069,79,587923432,0.06792911354887932,1.0,1.0,107.51046898076311
0.069,80,1359889667,0.0698653404268051,1.0,1.0,107.40680000162683
0.069,81,970187386,0.07100990237427952,1.0,1.0,110.61644199071452
0.069,82,1219839873,0.08038911273190923,0.0,0.0,107.57107799872756
0.069,83,1428160212,0.07061138477514038,1.0,1.0,107.76929199346341
0.069,84,1930609499,0.07536972369496447,1.0,1.0,108.77679000259377
0.069,85,710582861,0.07016161089590582,1.0,1.0,107.46384999947622
0.069,86,1463614337,0.07198892569334966,1.0,1.0,107.57721101981588
0.069,87,1940152705,0.06972664232809482,1.0,1.0,107.57391899824142
0.069,88,985452196,0.07271382123476006,1.0,1.0,107.55554001661949
0.069,89,552062587,0.07230060281584125,1.0,1.0,107.67807002412155
0.069,90,623566272,0.06672537134532869,1.0,1.0,107.53855601069517
0.069,91,729775797,0.07527386926833365,1.0,1.0,107.5544260093011
0.069,92,1352536665,0.0710375971227477,1.0,1.0,107.46851400472224
0.069,93,555883440,0.07278062135131044,1.0,1.0,107.60110398405232
0.069,94,1801800003,0.06830233008906327,1.0,1.0,107.62109002098441
0.069,95,763315502,0.07774877165596814,1.0,1.0,107.45202298858203
0.069,96,138897982,0.0746282141555614,1.0,1.0,107.55422999500297
0.069,97,10785379,0.06933401867002124,1.0,1.0,107.65460698166862
0.069,98,53923185,0.07001116856810082,1.0,1.0,107.63621400110424
0.069,99,1349917978,0.06977471387684743,1.0,1.0,107.53095298423432
0.07,0,1501552845,0.07308885883863347,1.0,1.0,107.62640798930079
0.07,1,488200390,0.0750097464343867,1.0,1.0,107.7463359979447
0.07,2,1693606510,0.069411164298889,1.0,1.0,107.79447399545461
0.07,3,680233354,0.0732226795881842,1.0,1.0,107.78907599160448
0.07,4,438466540,0.07108172292485793,1.0,1.0,107.5311370077543
0.07,5,1712329280,0.0693861458991215,1.0,1.0,107.56940598366782
0.07,6,1380152455,0.07086443932186756,1.0,1.0,107.63920200406574
0.07,7,1452245846,0.06798225817465545,1.0,1.0,107.54929998074658
0.07,8,2122694021,0.06924891351427338,1.0,1.0,107.5813980132807
0.07,9,839901363,0.0737492583821281,1.0,1.0,107.6165470003616
0.07,10,1802651552,0.0734543168598804,1.0,1.0,107.5572120025754
0.07,11,714712467,0.0687778661062055,1.0,1.0,107.79843901400454
0.07,12,1218704077,0.07456485297332088,1.0,1.0,107.64050300349481
0.07,13,1284858263,0.06839368244205614,1.0,1.0,107.55736398277804
0.07,14,457721135,0.0720324643559072,1.0,1.0,107.86794798332267
0.07,15,401008609,0.07296377975426986,1.0,1.0,107.64490300789475
0.07,16,492064534,0.07227340043402795,1.0,1.0,107.48767497716472
0.07,17,1444732602,0.07078776362331198,1.0,1.0,107.58935599005781
0.07,18,1317426686,0.06967936104443448,1.0,1.0,107.60550701525062
0.07,19,2022506251,0.07626582002298167,1.0,1.0,107.61759401066229
0.07,20,1516459118,0.07470140992682177,1.0,1.0,107.58305402123369
0.07,21,533103612,0.07015623771360065,1.0,1.0,107.54031801479869
0.07,22,1964759878,0.06918373107816042,1.0,1.0,107.60150701389648
0.07,23,2037706756,0.07392272532054692,1.0,1.0,107.69146800157614
0.07,24,1572889065,0.0737888697245388,1.0,1.0,107.56174501148053
0.07,25,1432881518,0.07284473167465087,1.0,1.0,107.74922999553382
0.07,26,280516901,0.08063421594692728,0.0,0.0,107.56907501490787
0.07,27,205939248,0.07458321393002568,1.0,1.0,107.44982899632305
0.07,28,571904914,0.07563402769955152,1.0,1.0,107.44389001047239
0.07,29,948843457,0.07070832711616905,1.0,1.0,107.41742100799456
0.07,30,155492488,0.0658996378296821,1.0,1.0,107.58530499879271
0.07,31,1903701130,0.07060536496966106,1.0,1.0,107.46860600193031
0.07,32,1017961266,0.0732726805649079,1.0,1.0,107.49755398137495
0.07,33,1497769985,0.07096932881942147,1.0,1.0,107.59459398104809
0.07,34,456523489,0.07047809603117808,1.0,1.0,107.68294500303455
0.07,35,701095136,0.07037426318754601,1.0,1.0,107.69085999345407
0.07,36,249069576,0.07595638622792218,1.0,1.0,107.8108919900842
0.07,37,1576098728,0.07532180180008884,1.0,1.0,107.49990199110471
0.07,38,1662748500,0.07051184774756451,1.0,1.0,108.11701399507001
0.07,39,472736216,0.07286276028965841,1.0,1.0,108.96791098639369
0.07,40,1535411295,0.07422547597920817,1.0,1.0,107.82370899687521
0.07,41,175223003,0.07163951651062446,1.0,1.0,107.71741101052612
0.07,42,840936862,0.07257204059831175,1.0,1.0,107.62039700057358
0.07,43,343373188,0.073754283381237,1.0,1.0,107.64852500869893
0.07,44,1597751082,0.06885994711116042,1.0,1.0,107.55182401044294
0.07,45,730359585,0.06981625793756574,1.0,1.0,107.62672999408096
0.07,46,1016641002,0.07962590185665464,1.0,1.0,110.80546598532237
0.07,47,998994690,0.07310047063170322,1.0,1.0,107.47928300406784
0.07,48,1021240743,0.07051142554077383,1.0,1.0,107.40406601689756
0.07,49,572134801,0.07935154893968868,1.0,1.0,107.38998302258551
0.07,50,1198399760,0.06838096174268514,1.0,1.0,107.41305397823453
0.07,51,1751866485,0.07416308290094772,1.0,1.0,107.45564501849003
0.07,52,1070889713,0.07108750441503905,1.0,1.0,107.52165800658986
0.07,53,415096539,0.07588146199942428,1.0,1.0,107.42102100630291
0.07,54,52416235,0.07166201438438244,1.0,1.0,107.44683700613678
0.07,55,278032723,0.07549806394104387,1.0,1.0,107.49776900047436
0.07,56,174946158,0.07361482627055309,1.0,1.0,107.51104599330574
0.07,57,196848554,0.07909321208529886,1.0,1.0,107.42537697660737
0.07,58,263030910,0.0775661238428429,1.0,1.0,107.50447202008218
0.07,59,1285415020,0.06532073176800517,1.0,1.0,107.40695099229924
0.07,60,1733223444,0.06859913336824647,1.0,1.0,107.46498900698498
0.07,61,1835544261,0.07607230496655681,1.0,1.0,107.61071302113123
0.07,62,1403186970,0.07083453379789394,1.0,1.0,107.56064299494028
0.07,63,1291971777,0.0753576931961951,1.0,1.0,107.43370599811897
0.07,64,712292067,0.07389402792549869,1.0,1.0,107.52925599808805
0.07,65,2001429764,0.07497601191839591,1.0,1.0,107.6040549960453
0.07,66,1375664061,0.0687006180815928,1.0,1.0,107.64786100480705
0.07,67,1556456120,0.07457906404105745,1.0,1.0,107.4585749884136
0.07,68,1576053187,0.06958337289732766,1.0,1.0,107.42438997840509
0.07,69,1848019881,0.0704915074556633,1.0,1.0,107.65175800770521
0.07,70,1508652585,0.07393892361876543,1.0,1.0,107.5855240051169
0.07,71,1995737731,0.07212131843721332,1.0,1.0,107.70993001642637
0.07,72,1162788447,0.07286195138931945,1.0,1.0,107.43381598149426
0.07,73,1172925522,0.07167968713721325,1.0,1.0,108.97184300119989
0.07,74,539174575,0.0742180047982752,1.0,1.0,107.43347799871117
0.07,75,2013637345,0.07615473071700102,1.0,1.0,107.40538898971863
0.07,76,1187468716,0.07788782731813541,1.0,1.0,107.50320801162161
0.07,77,1062978506,0.07320793716797987,1.0,1.0,107.40906599676237
0.07,78,679326770,0.07786933367352067,1.0,1.0,107.40740000619553
0.07,79,587923432,0.06792911354887932,1.0,1.0,107.42624101112597
0.07,80,1359889667,0.0698653404268051,1.0,1.0,107.48593698372133
0.07,81,970187386,0.07100990237427952,1.0,1.0,108.28485299134627
0.07,82,1219839873,0.08038911273190923,0.0,0.0,107.37171399523504
0.07,83,1428160212,0.07061138477514038,1.0,1.0,107.63221699744463
0.07,84,1930609499,0.07536972369496447,1.0,1.0,107.42947799735703
0.07,85,710582861,0.07016161089590582,1.0,1.0,107.58264199830592
0.07,86,1463614337,0.07198892569334966,1.0,1.0,107.5531679962296
0.07,87,1940152705,0.06972664232809482,1.0,1.0,107.56713501177728
0.07,88,985452196,0.07271382123476006,1.0,1.0,114.39970100764185
0.07,89,552062587,0.07230060281584125,1.0,1.0,107.52626601606607
0.07,90,623566272,0.06672537134532869,1.0,1.0,107.55721500026993
0.07,91,729775797,0.07527386926833365,1.0,1.0,107.46217600535601
0.07,92,1352536665,0.0710375971227477,1.0,1.0,107.47548198560253
0.07,93,555883440,0.07278062135131044,1.0,1.0,107.47214301954955
0.07,94,1801800003,0.06830233008906327,1.0,1.0,107.44369099847972
0.07,95,763315502,0.07774877165596814,1.0,1.0,107.4692510010209
0.07,96,138897982,0.0746282141555614,1.0,1.0,107.43731999536976
0.07,97,10785379,0.06933401867002124,1.0,1.0,107.50300501240417
0.07,98,53923185,0.07001116856810082,1.0,1.0,107.56215898436494
0.07,99,1349917978,0.06977471387684743,1.0,1.0,107.66162298386917
0.071,0,1501552845,0.07308885883863347,1.0,1.0,107.55926999263465
0.071,1,488200390,0.0750097464343867,1.0,1.0,107.50826299772598
0.071,2,1693606510,0.07057466450781294,1.0,1.0,107.67485099495389
0.071,3,680233354,0.0732226795881842,1.0,1.0,107.51330500352196
0.071,4,438466540,0.07108172292485793,1.0,1.0,107.71828799624927
0.071,5,1712329280,0.0693861458991215,1.0,1.0,107.56654699798673
0.071,6,1380152455,0.07086443932186756,1.0,1.0,107.64308599755168
0.071,7,1452245846,0.06798225817465545,1.0,1.0,107.74904800928198
0.071,8,2122694021,0.06924891351427338,1.0,1.0,107.62788998545147
0.071,9,839901363,0.0737492583821281,1.0,1.0,107.57387601188384
0.071,10,1802651552,0.0734543168598804,1.0,1.0,107.71798301720992
0.071,11,714712467,0.0687778661062055,1.0,1.0,107.53524099709466
0.071,12,1218704077,0.07456485297332088,1.0,1.0,107.49873999156989
0.071,13,1284858263,0.06839368244205614,1.0,1.0,107.80441600945778
0.071,14,457721135,0.0720324643559072,1.0,1.0,107.60690900497139
0.071,15,401008609,0.07296377975426986,1.0,1.0,107.62474898365326
0.071,16,492064534,0.07227340043402795,1.0,1.0,107.55449501448311
0.071,17,1444732602,0.07078776362331198,1.0,1.0,107.61890499270521
0.071,18,1317426686,0.06967936104443448,1.0,1.0,107.5531679962296
0.071,19,2022506251,0.07626582002298167,1.0,1.0,107.63559598126449
0.071,20,1516459118,0.07470140992682177,1.0,1.0,107.57676299544983
0.071,21,533103612,0.07015623771360065,1.0,1.0,107.58198000257835
0.071,22,1964759878,0.06918373107816042,1.0,1.0,107.55692300153896
0.071,23,2037706756,0.07392272532054692,1.0,1.0,107.47801102115773
0.071,24,1572889065,0.0737888697245388,1.0,1.0,107.47106801136397
0.071,25,1432881518,0.07284473167465087,1.0,1.0,107.47049198835157
0.071,26,280516901,0.08063421594692728,0.0,0.0,107.4132939975243
0.071,27,205939248,0.07458321393002568,1.0,1.0,107.44579398306087
0.071,28,571904914,0.07563402769955152,1.0,1.0,107.5007579929661
0.071,29,948843457,0.07070832711616905,1.0,1.0,107.49211098300293
0.071,30,155492488,0.0658996378296821,1.0,1.0,107.53933098749258
0.071,31,1903701130,0.07060536496966106,1.0,1.0,107.52951100585051
0.071,32,1017961266,0.0732726805649079,1.0,1.0,107.54475599969737
0.071,33,1497769985,0.07096932881942147,1.0,1.0,107.56606698851101
0.071,34,456523489,0.07047809603117808,1.0,1.0,107.50076299882494
0.071,35,701095136,0.07037426318754601,1.0,1.0,107.5571219844278
0.071,36,249069576,0.07595638622792218,1.0,1.0,107.63603300438263
0.071,37,1576098728,0.07532180180008884,1.0,1.0,107.59321198565885
0.071,38,1662748500,0.07051184774756451,1.0,1.0,107.55654799868353
0.071,39,472736216,0.07286276028965841,1.0,1.0,107.5209470000118
0.071,40,1535411295,0.07422547597920817,1.0,1.0,107.54989000270143
0.071,41,175223003,0.07163951651062446,1.0,1.0,107.57702600676566
0.071,42,840936862,0.07257204059831175,1.0,1.0,107.646440010285
0.071,43,343373188,0.073754283381237,1.0,1.0,107.53034899244085
0.071,44,1597751082,0.06885994711116042,1.0,1.0,107.86175902467221
0.071,45,730359585,0.06981625793756574,1.0,1.0,107.41694801254198
0.071,46,1016641002,0.07962590185665464,1.0,1.0,107.4037859798409
0.071,47,998994690,0.07310047063170322,1.0,1.0,107.52017801860347
0.071,48,1021240743,0.07051142554077383,1.0,1.0,107.46774799190462
0.071,49,572134801,0.07935154893968868,1.0,1.0,107.47650900157169
0.071,50,1198399760,0.06838096174268514,1.0,1.0,107.56534498068504
0.071,51,1751866485,0.07416308290094772,1.0,1.0,107.39502700744197
0.071,52,1070889713,0.07108750441503905,1.0,1.0,107.44790200260468
0.071,53,415096539,0.07588146199942428,1.0,1.0,107.4213050014805
0.071,54,52416235,0.07166201438438244,1.0,1.0,107.43190901121125
0.071,55,278032723,0.07549806394104387,1.0,1.0,107.69774499931373
0.071,56,174946158,0.07361482627055309,1.0,1.0,107.41762598627247
0.071,57,196848554,0.07909321208529886,1.0,1.0,107.43821901269257
0.071,58,263030910,0.0775661238428429,1.0,1.0,107.47349300072528
0.071,59,1285415020,0.06532073176800517,1.0,1.0,107.80313299619593
0.071,60,1733223444,0.06859913336824647,1.0,1.0,107.44526400230825
0.071,61,1835544261,0.07607230496655681,1.0,1.0,107.73554598563351
0.071,62,1403186970,0.07083453379789394,1.0,1.0,107.57478198502213
0.071,63,1291971777,0.0753576931961951,1.0,1.0,107.64994900091551
0.071,64,712292067,0.07389402792549869,1.0,1.0,107.44685598183423
0.071,65,2001429764,0.07497601191839591,1.0,1.0,107.53575200214982
0.071,66,1375664061,0.0687006180815928,1.0,1.0,107.52303400659002
0.071,67,1556456120,0.07457906404105745,1.0,1.0,107.7219260041602
0.071,68,1576053187,0.06958337289732766,1.0,1.0,107.69548901589587
0.071,69,1848019881,0.0704915074556633,1.0,1.0,107.63894297997467
0.071,70,1508652585,0.07393892361876543,1.0,1.0,107.63066200888716
0.071,71,1995737731,0.07212131843721332,1.0,1.0,107.45388100622222
0.071,72,1162788447,0.07286195138931945,1.0,1.0,107.68066000309773
0.071,73,1172925522,0.07167968713721325,1.0,1.0,107.5685510004405
0.071,74,539174575,0.0742180047982752,1.0,1.0,107.62237699236721
0.071,75,2013637345,0.07615473071700102,1.0,1.0,107.53534099785611
0.071,76,1187468716,0.07788782731813541,1.0,1.0,107.46910399757326
0.071,77,1062978506,0.07320793716797987,1.0,1.0,107.54768399056047
0.071,78,679326770,0.07786933367352067,1.0,1.0,107.55424899980426
0.071,79,587923432,0.06792911354887932,1.0,1.0,107.38515897537582
0.071,80,1359889667,0.0698653404268051,1.0,1.0,107.4360620114021
0.071,81,970187386,0.07100990237427952,1.0,1.0,108.54739000205882
0.071,82,1219839873,0.08038911273190923,0.0,0.0,113.0557149881497
0.071,83,1428160212,0.07061138477514038,1.0,1.0,107.56555001717061
0.071,84,1930609499,0.07536972369496447,1.0,1.0,107.57631901651621
0.071,85,710582861,0.07016161089590582,1.0,1.0,107.50789000303484
0.071,86,1463614337,0.07198892569334966,1.0,1.0,107.53084000316449
0.071,87,1940152705,0.06972664232809482,1.0,1.0,107.53733999445103
0.071,88,985452196,0.07271382123476006,1.0,1.0,107.46250301599503
0.071,89,552062587,0.07230060281584125,1.0,1.0,107.46278098667972
0.071,90,623566272,0.06672537134532869,1.0,1.0,107.73676002281718
0.071,91,729775797,0.07527386926833365,1.0,1.0,107.49693698016927
0.071,92,1352536665,0.0710375971227477,1.0,1.0,107.58813400752842
0.071,93,555883440,0.07278062135131044,1.0,1.0,107.5218359765131
0.071,94,1801800003,0.06830233008906327,1.0,1.0,107.48984600650147
0.071,95,763315502,0.07774877165596814,1.0,1.0,107.56376999779604
0.071,96,138897982,0.0746282141555614,1.0,1.0,107.62416501529515
0.071,97,10785379,0.06933401867002124,1.0,1.0,107.53999900771305
0.071,98,53923185,0.07001116856810082,1.0,1.0,107.55766899092123
0.071,99,1349917978,0.06977471387684743,1.0,1.0,107.5758220104035
0.072,0,1501552845,0.07308885883863347,1.0,1.0,107.47799000819214
0.072,1,488200390,0.07223168891506479,1.0,1.0,107.52997701638378
0.072,2,1693606510,0.07057466450781294,1.0,1.0,107.54132398869842
0.072,3,680233354,0.0732226795881842,1.0,1.0,107.53279898199253
0.072,4,438466540,0.07108172292485793,1.0,1.0,107.67076097545214
0.072,5,1712329280,0.0693861458991215,1.0,1.0,107.58988201268949
0.072,6,1380152455,0.07086443932186756,1.0,1.0,107.57161298533902
0.072,7,1452245846,0.06798225817465545,1.0,1.0,107.51791601069272
0.072,8,2122694021,0.06924891351427338,1.0,1.0,107.57824699976481
0.072,9,839901363,0.0737492583821281,1.0,1.0,107.6339739956893
0.072,10,1802651552,0.0734543168598804,1.0,1.0,107.62029301258735
0.072,11,714712467,0.0687778661062055,1.0,1.0,107.57367999758571
0.072,12,1218704077,0.07456485297332088,1.0,1.0,107.60045298957266
0.072,13,1284858263,0.06839368244205614,1.0,1.0,107.55798299214803
0.072,14,457721135,0.0720324643559072,1.0,1.0,107.58921099477448
0.072,15,401008609,0.07296377975426986,1.0,1.0,107.51555001479574
0.072,16,492064534,0.07227340043402795,1.0,1.0,107.58802498457953
0.072,17,1444732602,0.07078776362331198,1.0,1.0,107.47778200311586
0.072,18,1317426686,0.06967936104443448,1.0,1.0,107.49259201111272
0.072,19,2022506251,0.07626582002298167,1.0,1.0,107.5475660036318
0.072,20,1516459118,0.07470140992682177,1.0,1.0,107.51752799842507
0.072,21,533103612,0.07015623771360065,1.0,1.0,107.45996798505075
0.072,22,1964759878,0.06918373107816042,1.0,1.0,107.45338400010951
0.072,23,2037706756,0.07392272532054692,1.0,1.0,107.57546202512458
0.072,24,1572889065,0.0737888697245388,1.0,1.0,107.49414100428112
0.072,25,1432881518,0.07284473167465087,1.0,1.0,107.4548980104737
0.072,26,280516901,0.08063421594692728,0.0,0.0,107.66503700870089
0.072,27,205939248,0.07458321393002568,1.0,1.0,107.4166479811538
0.072,28,571904914,0.07563402769955152,1.0,1.0,107.44457400869578
0.072,29,948843457,0.07070832711616905,1.0,1.0,107.4665900086984
0.072,30,155492488,0.07871459822673262,1.0,1.0,107.46092902263626
0.072,31,1903701130,0.07060536496966106,1.0,1.0,107.47929499484599
0.072,32,1017961266,0.0732726805649079,1.0,1.0,107.54483702476136
0.072,33,1497769985,0.07096932881942147,1.0,1.0,107.5072480016388
0.072,34,456523489,0.07047809603117808,1.0,1.0,107.52635498647578
0.072,35,701095136,0.07037426318754601,1.0,1.0,107.49646901967935
0.072,36,249069576,0.07595638622792218,1.0,1.0,107.55857202457264
0.072,37,1576098728,0.07532180180008884,1.0,1.0,107.57614401518367
0.072,38,1662748500,0.07051184774756451,1.0,1.0,107.81799798132852
0.072,39,472736216,0.07286276028965841,1.0,1.0,107.47243999503553
0.072,40,1535411295,0.07422547597920817,1.0,1.0,107.52728799707256
0.072,41,175223003,0.07163951651062446,1.0,1.0,107.59022700949572
0.072,42,840936862,0.07257204059831175,1.0,1.0,107.52546199364588
0.072,43,343373188,0.073754283381237,1.0,1.0,107.55878800409846
0.072,44,1597751082,0.06885994711116042,1.0,1.0,107.56834998028353
0.072,45,730359585,0.06981625793756574,1.0,1.0,107.58564301067963
0.072,46,1016641002,0.07962590185665464,1.0,1.0,107.61421200004406
0.072,47,998994690,0.07310047063170322,1.0,1.0,107.45534201851115
0.072,48,1021240743,0.07051142554077383,1.0,1.0,107.47010697377846
0.072,49,572134801,0.07935154893968868,1.0,1.0,107.48079200857319
0.072,50,1198399760,0.06838096174268514,1.0,1.0,107.5743550027255
0.072,51,1751866485,0.07416308290094772,1.0,1.0,107.51406700001098
0.072,52,1070889713,0.07108750441503905,1.0,1.0,107.59512399090454
0.072,53,415096539,0.07588146199942428,1.0,1.0,107.56663398933597
0.072,54,52416235,0.07166201438438244,1.0,1.0,107.60332198697142
0.072,55,278032723,0.07549806394104387,1.0,1.0,107.50968399224803
0.072,56,174946158,0.07361482627055309,1.0,1.0,107.58527400321327
0.072,57,196848554,0.07909321208529886,1.0,1.0,107.52412400324829
0.072,58,263030910,0.0775661238428429,1.0,1.0,107.52293400582857
0.072,59,1285415020,0.06532073176800517,1.0,1.0,107.55473398603499
0.072,60,1733223444,0.06859913336824647,1.0,1.0,107.5470479845535
0.072,61,1835544261,0.07607230496655681,1.0,1.0,107.49021600349806
0.072,62,1403186970,0.07083453379789394,1.0,1.0,107.51546098617837
0.072,63,1291971777,0.0753576931961951,1.0,1.0,107.54348899354227
0.072,64,712292067,0.07389402792549869,1.0,1.0,107.52444100216962
0.072,65,2001429764,0.07497601191839591,1.0,1.0,107.68236801959574
0.072,66,1375664061,0.0687006180815928,1.0,1.0,107.5011040084064
0.072,67,1556456120,0.07457906404105745,1.0,1.0,107.51732398057356
0.072,68,1576053187,0.06958337289732766,1.0,1.0,107.5267720152624
0.072,69,1848019881,0.0704915074556633,1.0,1.0,107.54272999474779
0.072,70,1508652585,0.07393892361876543,1.0,1.0,107.5818499957677
0.072,71,1995737731,0.07212131843721332,1.0,1.0,107.48947199317627
0.072,72,1162788447,0.07286195138931945,1.0,1.0,107.4686270148959
0.072,73,1172925522,0.07167968713721325,1.0,1.0,107.57005400955677
0.072,74,539174575,0.0742180047982752,1.0,1.0,107.55980800604448
0.072,75,2013637345,0.07615473071700102,1.0,1.0,107.53232799470425
0.072,76,1187468716,0.07788782731813541,1.0,1.0,107.55338901071809
0.072,77,1062978506,0.07320793716797987,1.0,1.0,107.55703898030333
0.072,78,679326770,0.07786933367352067,1.0,1.0,107.54624000401236
0.072,79,587923432,0.06792911354887932,1.0,1.0,107.51647499273531
0.072,80,1359889667,0.0698653404268051,1.0,1.0,107.48434098786674
0.072,81,970187386,0.07100990237427952,1.0,1.0,107.47616100707091
0.072,82,1219839873,0.08038911273190923,0.0,0.0,107.50947598717175
0.072,83,1428160212,0.07061138477514038,1.0,1.0,107.52514697378501
0.072,84,1930609499,0.07536972369496447,1.0,1.0,107.53905799356289
0.072,85,710582861,0.07016161089590582,1.0,1.0,107.564250996802
0.072,86,1463614337,0.07198892569334966,1.0,1.0,107.52662201412022
0.072,87,1940152705,0.06972664232809482,1.0,1.0,107.57202599779703
0.072,88,985452196,0.07271382123476006,1.0,1.0,107.51050998806022
0.072,89,552062587,0.07230060281584125,1.0,1.0,107.5592490087729
0.072,90,623566272,0.06672537134532869,1.0,1.0,107.49557401868515
0.072,91,729775797,0.07527386926833365,1.0,1.0,107.5065830082167
0.072,92,1352536665,0.0710375971227477,1.0,1.0,107.5663699884899
0.072,93,555883440,0.07278062135131044,1.0,1.0,107.49221401056275
0.072,94,1801800003,0.06830233008906327,1.0,1.0,107.5288139982149
0.072,95,763315502,0.07774877165596814,1.0,1.0,107.52153399516828
0.072,96,138897982,0.0746282141555614,1.0,1.0,107.50804099370725
0.072,97,10785379,0.06933401867002124,1.0,1.0,107.66303600394167
0.072,98,53923185,0.07001116856810082,1.0,1.0,107.52095497446135
0.072,99,1349917978,0.06977471387684743,1.0,1.0,107.49421501532197
0.073,0,1501552845,0.07308885883863347,1.0,1.0,107.49776000739075
0.073,1,488200390,0.07223168891506479,1.0,1.0,107.50378901138902
0.073,2,1693606510,0.069411164298889,1.0,1.0,107.55193498334847
0.073,3,680233354,0.0732226795881842,1.0,1.0,107.55347498343326
0.073,4,438466540,0.07108172292485793,1.0,1.0,107.72194401943125
0.073,5,1712329280,0.0693861458991215,1.0,1.0,107.57535800803453
0.073,6,1380152455,0.07086443932186756,1.0,1.0,107.56317002233118
0.073,7,1452245846,0.06798225817465545,1.0,1.0,107.6756920083426
0.073,8,2122694021,0.06924891351427338,1.0,1.0,107.5743249966763
0.073,9,839901363,0.0737492583821281,1.0,1.0,107.82917201868258
0.073,10,1802651552,0.0734543168598804,1.0,1.0,107.59356498601846
0.073,11,714712467,0.0687778661062055,1.0,1.0,107.58366499794647
0.073,12,1218704077,0.07456485297332088,1.0,1.0,107.61737302527763
0.073,13,1284858263,0.06839368244205614,1.0,1.0,107.55130101460963
0.073,14,457721135,0.0720324643559072,1.0,1.0,107.54618898499757
0.073,15,401008609,0.07296377975426986,1.0,1.0,107.48571099247783
0.073,16,492064534,0.07227340043402795,1.0,1.0,107.77372398297302
0.073,17,1444732602,0.07078776362331198,1.0,1.0,107.47617200831883
0.073,18,1317426686,0.06967936104443448,1.0,1.0,107.48986099497415
0.073,19,2022506251,0.07626582002298167,1.0,1.0,107.55509900627658
0.073,20,1516459118,0.07470140992682177,1.0,1.0,107.77791900909506
0.073,21,533103612,0.07015623771360065,1.0,1.0,107.4632510135416
0.073,22,1964759878,0.06918373107816042,1.0,1.0,107.43802899378352
0.073,23,2037706756,0.07392272532054692,1.0,1.0,107.42779198335484
0.073,24,1572889065,0.0737888697245388,1.0,1.0,107.4613929959014
0.073,25,1432881518,0.07284473167465087,1.0,1.0,107.42810199735686
0.073,26,280516901,0.08063421594692728,0.0,0.0,107.45834797853604
0.073,27,205939248,0.07458321393002568,1.0,1.0,107.43226599879563
0.073,28,571904914,0.07563402769955152,1.0,1.0,107.41796100046486
0.073,29,948843457,0.07070832711616905,1.0,1.0,107.41647001123056
0.073,30,155492488,0.07871459822673262,1.0,1.0,107.43828202248551
0.073,31,1903701130,0.07060536496966106,1.0,1.0,107.46999498223886
0.073,32,1017961266,0.0732726805649079,1.0,1.0,107.50337698846124
0.073,33,1497769985,0.07096932881942147,1.0,1.0,107.54578301566653
0.073,34,456523489,0.07047809603117808,1.0,1.0,107.4723279743921
0.073,35,701095136,0.07037426318754601,1.0,1.0,107.53695998573676
0.073,36,249069576,0.07595638622792218,1.0,1.0,107.54005701164715
0.073,37,1576098728,0.07532180180008884,1.0,1.0,107.69724700367078
0.073,38,1662748500,0.07051184774756451,1.0,1.0,107.61353399720974
0.073,39,472736216,0.07286276028965841,1.0,1.0,107.43921998073347
0.073,40,1535411295,0.07422547597920817,1.0,1.0,107.58918800274841
0.073,41,175223003,0.07163951651062446,1.0,1.0,107.5738990039099
0.073,42,840936862,0.07257204059831175,1.0,1.0,107.64233599184081
0.073,43,343373188,0.073754283381237,1.0,1.0,107.48925601365045
0.073,44,1597751082,0.06885994711116042,1.0,1.0,107.4764019867871
0.073,45,730359585,0.06981625793756574,1.0,1.0,107.5386089796666
0.073,46,1016641002,0.07962590185665464,1.0,1.0,107.44176202570088
0.073,47,998994690,0.07310047063170322,1.0,1.0,107.44808401796035
0.073,48,1021240743,0.07051142554077383,1.0,1.0,107.47386398725212
0.073,49,572134801,0.07935154893968868,1.0,1.0,107.47032400104217
0.073,50,1198399760,0.06838096174268514,1.0,1.0,107.58774899295531
0.073,51,1751866485,0.07416308290094772,1.0,1.0,107.54435599665157
0.073,52,1070889713,0.07108750441503905,1.0,1.0,107.63858698192053
0.073,53,415096539,0.07588146199942428,1.0,1.0,107.73039000923745
0.073,54,52416235,0.07166201438438244,1.0,1.0,107.64941497473046
0.073,55,278032723,0.07549806394104387,1.0,1.0,107.52584598958492
0.073,56,174946158,0.07361482627055309,1.0,1.0,107.49875599867664
0.073,57,196848554,0.07909321208529886,1.0,1.0,107.50003001885489
0.073,58,263030910,0.0775661238428429,1.0,1.0,107.50650402042083
0.073,59,1285415020,0.06532073176800517,1.0,1.0,107.51029002130963
0.073,60,1733223444,0.06859913336824647,1.0,1.0,107.53843901329674
0.073,61,1835544261,0.07607230496655681,1.0,1.0,107.53741799271666
0.073,62,1403186970,0.07083453379789394,1.0,1.0,107.64733899850398
0.073,63,1291971777,0.0753576931961951,1.0,1.0,107.72892399108969
0.073,64,712292067,0.07389402792549869,1.0,1.0,107.55385900847614
0.073,65,2001429764,0.07497601191839591,1.0,1.0,107.56584501359612
0.073,66,1375664061,0.0687006180815928,1.0,1.0,107.52241100999527
0.073,67,1556456120,0.07457906404105745,1.0,1.0,107.4982580030337
0.073,68,1576053187,0.06958337289732766,1.0,1.0,107.5373479980044
0.073,69,1848019881,0.0704915074556633,1.0,1.0,107.56626600050367
0.073,70,1508652585,0.07393892361876543,1.0,1.0,107.54856100538746
0.073,71,1995737731,0.07212131843721332,1.0,1.0,107.48385600163601
0.073,72,1162788447,0.07286195138931945,1.0,1.0,107.50577598810196
0.073,73,1172925522,0.07167968713721325,1.0,1.0,107.7699430170469
0.073,74,539174575,0.0742180047982752,1.0,1.0,107.56455102819018
0.073,75,2013637345,0.07615473071700102,1.0,1.0,107.55328999948688
0.073,76,1187468716,0.07788782731813541,1.0,1.0,107.56490199128166
0.073,77,1062978506,0.07320793716797987,1.0,1.0,107.5536219868809
0.073,78,679326770,0.07786933367352067,1.0,1.0,107.55296700517647
0.073,79,587923432,0.06792911354887932,1.0,1.0,107.51540900673717
0.073,80,1359889667,0.0698653404268051,1.0,1.0,107.5252880109474
0.073,81,970187386,0.07100990237427952,1.0,1.0,107.5030530046206
0.073,82,1219839873,0.08038911273190923,0.0,0.0,107.50664898660034
0.073,83,1428160212,0.07061138477514038,1.0,1.0,107.75085201021284
0.073,84,1930609499,0.07536972369496447,1.0,1.0,107.54609300056472
0.073,85,710582861,0.07016161089590582,1.0,1.0,107.60986001696438
0.073,86,1463614337,0.07198892569334966,1.0,1.0,107.5574400019832
0.073,87,1940152705,0.06972664232809482,1.0,1.0,107.57229098817334
0.073,88,985452196,0.07271382123476006,1.0,1.0,107.5268280110322
0.073,89,552062587,0.07230060281584125,1.0,1.0,107.53916899557225
0.073,90,623566272,0.06672537134532869,1.0,1.0,107.4950180191081
0.073,91,729775797,0.07527386926833365,1.0,1.0,107.53353199106641
0.073,92,1352536665,0.0710375971227477,1.0,1.0,107.81466201297008
0.073,93,555883440,0.07278062135131044,1.0,1.0,107.51938298926689
0.073,94,1801800003,0.06830233008906327,1.0,1.0,107.53360801027156
0.073,95,763315502,0.07774877165596814,1.0,1.0,107.52279500593431
0.073,96,138897982,0.0746282141555614,1.0,1.0,107.52791000413708
0.073,97,10785379,0.06933401867002124,1.0,1.0,107.52948900335468
0.073,98,53923185,0.07001116856810082,1.0,1.0,107.49867901904508
0.073,99,1349917978,0.06977471387684743,1.0,1.0,107.47253001318313
0.074,0,1501552845,0.07308885883863347,1.0,1.0,107.53092498634942
0.074,1,488200390,0.07223168891506479,1.0,1.0,107.57341401767917
0.074,2,1693606510,0.069411164298889,1.0,1.0,107.59160399902612
0.074,3,680233354,0.0732226795881842,1.0,1.0,107.57039199233986
0.074,4,438466540,0.07108172292485793,1.0,1.0,107.5570140092168
0.074,5,1712329280,0.0693861458991215,1.0,1.0,107.58396098390222
0.074,6,1380152455,0.07086443932186756,1.0,1.0,107.7660430164542
0.074,7,1452245846,0.06798225817465545,1.0,1.0,107.56498499540612
0.074,8,2122694021,0.06924891351427338,1.0,1.0,107.57712199119851
0.074,9,839901363,0.0737492583821281,1.0,1.0,107.63559502083808
0.074,10,1802651552,0.0734543168598804,1.0,1.0,107.58253399399109
0.074,11,714712467,0.0687778661062055,1.0,1.0,107.6299769920297
0.074,12,1218704077,0.07456485297332088,1.0,1.0,107.59516598773189
0.074,13,1284858263,0.06839368244205614,1.0,1.0,107.54527599783614
0.074,14,457721135,0.0720324643559072,1.0,1.0,107.54633700707927
0.074,15,401008609,0.07296377975426986,1.0,1.0,107.68073800136335
0.074,16,492064534,0.07227340043402795,1.0,1.0,107.5595419970341
0.074,17,1444732602,0.07078776362331198,1.0,1.0,107.50161198666319
0.074,18,1317426686,0.06967936104443448,1.0,1.0,107.54416100098751
0.074,19,2022506251,0.07626582002298167,1.0,1.0,107.57258100784384
0.074,20,1516459118,0.07470140992682177,1.0,1.0,107.4972299975343
0.074,21,533103612,0.07015623771360065,1.0,1.0,107.54412302048877
0.074,22,1964759878,0.06918373107816042,1.0,1.0,107.50109000946395
0.074,23,2037706756,0.07392272532054692,1.0,1.0,107.4449080042541
0.074,24,1572889065,0.0737888697245388,1.0,1.0,107.45789398788475
0.074,25,1432881518,0.07284473167465087,1.0,1.0,107.73340798914433
0.074,26,280516901,0.08063421594692728,0.0,0.0,107.5015880051069
0.074,27,205939248,0.07458321393002568,1.0,1.0,107.44049600907601
0.074,28,571904914,0.07563402769955152,1.0,1.0,107.56300698267296
0.074,29,948843457,0.07070832711616905,1.0,1.0,107.42059801123105
0.074,30,155492488,0.0658996378296821,1.0,1.0,107.51472800620832
0.074,31,1903701130,0.07060536496966106,1.0,1.0,107.56686399690807
0.074,32,1017961266,0.0732726805649079,1.0,1.0,107.67084901453927
0.074,33,1497769985,0.07096932881942147,1.0,1.0,107.5821940030437
0.074,34,456523489,0.07047809603117808,1.0,1.0,107.51286701997742
0.074,35,701095136,0.07037426318754601,1.0,1.0,107.55200299900025
0.074,36,249069576,0.07595638622792218,1.0,1.0,107.57944799843244
0.074,37,1576098728,0.07665996386276518,1.0,1.0,107.79416101286188
0.074,38,1662748500,0.07051184774756451,1.0,1.0,107.596588000888
0.074,39,472736216,0.07286276028965841,1.0,1.0,107.4399320059456
0.074,40,1535411295,0.07422547597920817,1.0,1.0,107.56192498956807
0.074,41,175223003,0.07163951651062446,1.0,1.0,107.51934102154337
0.074,42,840936862,0.07257204059831175,1.0,1.0,107.70383299677633
0.074,43,343373188,0.073754283381237,1.0,1.0,107.59333200985566
0.074,44,1597751082,0.06885994711116042,1.0,1.0,107.5144589995034
0.074,45,730359585,0.06981625793756574,1.0,1.0,107.52220000722446
0.074,46,1016641002,0.07962590185665464,1.0,1.0,107.5110109813977
0.074,47,998994690,0.07310047063170322,1.0,1.0,107.47133500990458
0.074,48,1021240743,0.07051142554077383,1.0,1.0,107.79326700139791
0.074,49,572134801,0.07935154893968868,1.0,1.0,107.48937100288458
0.074,50,1198399760,0.06838096174268514,1.0,1.0,107.61506500421092
0.074,51,1751866485,0.07416308290094772,1.0,1.0,107.74643300101161
0.074,52,1070889713,0.07108750441503905,1.0,1.0,107.53491200739518
0.074,53,415096539,0.07588146199942428,1.0,1.0,107.57899400778115
0.074,54,52416235,0.07166201438438244,1.0,1.0,107.80671500833705
0.074,55,278032723,0.07549806394104387,1.0,1.0,107.53551899688318
0.074,56,174946158,0.07361482627055309,1.0,1.0,107.52304500783794
0.074,57,196848554,0.07909321208529886,1.0,1.0,107.70891900756396
0.074,58,263030910,0.0775661238428429,1.0,1.0,107.61168200406246
0.074,59,1285415020,0.06532073176800517,1.0,1.0,107.5060439761728
0.074,60,1733223444,0.06859913336824647,1.0,1.0,107.51039400929585
0.074,61,1835544261,0.07607230496655681,1.0,1.0,107.49155297526158
0.074,62,1403186970,0.07083453379789394,1.0,1.0,107.53986198687926
0.074,63,1291971777,0.0753576931961951,1.0,1.0,107.53101197769865
0.074,64,712292067,0.07389402792549869,1.0,1.0,107.55110799800605
0.074,65,2001429764,0.07497601191839591,1.0,1.0,107.53989100339822
0.074,66,1375664061,0.0687006180815928,1.0,1.0,107.55605000304058
0.074,67,1556456120,0.07457906404105745,1.0,1.0,107.50849099713378
0.074,68,1576053187,0.06958337289732766,1.0,1.0,107.57693398045376
0.074,69,1848019881,0.0704915074556633,1.0,1.0,107.55100601818413
0.074,70,1508652585,0.07393892361876543,1.0,1.0,107.56242100615054
0.074,71,1995737731,0.07212131843721332,1.0,1.0,107.49802400823683
0.074,72,1162788447,0.07286195138931945,1.0,1.0,107.54076100420207
0.074,73,1172925522,0.07167968713721325,1.0,1.0,107.56682298961096
0.074,74,539174575,0.0742180047982752,1.0,1.0,107.54512599669397
0.074,75,2013637345,0.07615473071700102,1.0,1.0,107.55212901858613
0.074,76,1187468716,0.07788782731813541,1.0,1.0,107.52361800405197
0.074,77,1062978506,0.07320793716797987,1.0,1.0,107.55536198848858
0.074,78,679326770,0.07786933367352067,1.0,1.0,107.58794398861937
0.074,79,587923432,0.06792911354887932,1.0,1.0,107.44613400311209
0.074,80,1359889667,0.0698653404268051,1.0,1.0,107.52681497251615
0.074,81,970187386,0.07100990237427952,1.0,1.0,107.48331801733002
0.074,82,1219839873,0.08038911273190923,0.0,0.0,107.52951001632027
0.074,83,1428160212,0.07061138477514038,1.0,1.0,107.55148399039172
0.074,84,1930609499,0.07536972369496447,1.0,1.0,107.53584999474697
0.074,85,710582861,0.07016161089590582,1.0,1.0,107.54237798391841
0.074,86,1463614337,0.07198892569334966,1.0,1.0,107.57413299870677
0.074,87,1940152705,0.06972664232809482,1.0,1.0,107.58042600355111
0.074,88,985452196,0.07271382123476006,1.0,1.0,107.53713801386766
0.074,89,552062587,0.07230060281584125,1.0,1.0,107.54081202321686
0.074,90,623566272,0.06672537134532869,1.0,1.0,107.58723202161491
0.074,91,729775797,0.07527386926833365,1.0,1.0,107.53592298715375
0.074,92,1352536665,0.0710375971227477,1.0,1.0,107.55821201018989
0.074,93,555883440,0.07389049188364455,1.0,1.0,107.50798298977315
0.074,94,1801800003,0.06830233008906327,1.0,1.0,107.53940799622796
0.074,95,763315502,0.07774877165596814,1.0,1.0,107.53701100475155
0.074,96,138897982,0.0746282141555614,1.0,1.0,107.53882399876602
0.074,97,10785379,0.06933401867002124,1.0,1.0,107.54951799754053
0.074,98,53923185,0.07001116856810082,1.0,1.0,120.5387759837322
0.074,99,1349917978,0.06977471387684743,1.0,1.0,107.44360499666072
0.075,0,1501552845,0.07308885883863347,1.0,1.0,107.49463099637069
0.075,1,488200390,0.07223168891506479,1.0,1.0,108.0219900177326
0.075,2,1693606510,0.069411164298889,1.0,1.0,107.65992000233382
0.075,3,680233354,0.0732226795881842,1.0,1.0,107.70422397763468
0.075,4,438466540,0.07108172292485793,1.0,1.0,107.5719719810877
0.075,5,1712329280,0.0693861458991215,1.0,1.0,107.56485900492407
0.075,6,1380152455,0.07086443932186756,1.0,1.0,108.8117589824833
0.075,7,1452245846,0.06798225817465545,1.0,1.0,107.69583901856095
0.075,8,2122694021,0.06924891351427338,1.0,1.0,108.18340600235388
0.075,9,839901363,0.0737492583821281,1.0,1.0,107.59065201273188
0.075,10,1802651552,0.0734543168598804,1.0,1.0,107.5669160054531
0.075,11,714712467,0.0687778661062055,1.0,1.0,107.63164097443223
0.075,12,1218704077,0.07456485297332088,1.0,1.0,107.55460301879793
0.075,13,1284858263,0.06839368244205614,1.0,1.0,107.54654899938032
0.075,14,457721135,0.0720324643559072,1.0,1.0,107.51141802757047
0.075,15,401008609,0.07296377975426986,1.0,1.0,107.55571300978772
0.075,16,492064534,0.07227340043402795,1.0,1.0,107.62785500264727
0.075,17,1444732602,0.07078776362331198,1.0,1.0,107.50275998725556
0.075,18,1317426686,0.06967936104443448,1.0,1.0,107.56485298043117
0.075,19,2022506251,0.07626582002298167,1.0,1.0,107.52181799034588
0.075,20,1516459118,0.07470140992682177,1.0,1.0,107.48474299907684
0.075,21,533103612,0.07015623771360065,1.0,1.0,107.44154499843717
0.075,22,1964759878,0.06918373107816042,1.0,1.0,107.38746900460683
0.075,23,2037706756,0.07392272532054692,1.0,1.0,107.46811199351214
0.075,24,1572889065,0.0737888697245388,1.0,1.0,107.43658800492994
0.075,25,1432881518,0.07284473167465087,1.0,1.0,107.58181000710465
0.075,26,280516901,0.08063421594692728,0.0,0.0,107.52591901109554
0.075,27,205939248,0.07458321393002568,1.0,1.0,107.41712001617998
0.075,28,571904914,0.07563402769955152,1.0,1.0,107.4336830060929
0.075,29,948843457,0.07070832711616905,1.0,1.0,107.77837099158205
0.075,30,155492488,0.0658996378296821,1.0,1.0,107.69100999459624
0.075,31,1903701130,0.07060536496966106,1.0,1.0,108.84035399067216
0.075,32,1017961266,0.0732726805649079,1.0,1.0,107.5681019865442
0.075,33,1497769985,0.07096932881942147,1.0,1.0,107.64044901588932
0.075,34,456523489,0.07047809603117808,1.0,1.0,108.09120998601429
0.075,35,701095136,0.07037426318754601,1.0,1.0,107.55201597930863
0.075,36,249069576,0.07595638622792218,1.0,1.0,107.56009299075231
0.075,37,1576098728,0.07532180180008884,1.0,1.0,107.60129400296137
0.075,38,1662748500,0.07051184774756451,1.0,1.0,107.50310099683702
0.075,39,472736216,0.07286276028965841,1.0,1.0,107.45647197472863
0.075,40,1535411295,0.07422547597920817,1.0,1.0,107.4315790028777
0.075,41,175223003,0.07163951651062446,1.0,1.0,107.5627539830748
0.075,42,840936862,0.07257204059831175,1.0,1.0,107.55129100289196
0.075,43,343373188,0.073754283381237,1.0,1.0,107.48461401090026
0.075,44,1597751082,0.06885994711116042,1.0,1.0,107.53081299480982
0.075,45,730359585,0.06981625793756574,1.0,1.0,107.5806709995959
0.075,46,1016641002,0.07962590185665464,1.0,1.0,107.44288199930452
0.075,47,998994690,0.07310047063170322,1.0,1.0,107.49795701121911
0.075,48,1021240743,0.07067102585148852,1.0,1.0,107.50648099929094
0.075,49,572134801,0.07935154893968868,1.0,1.0,107.5949469814077
0.075,50,1198399760,0.06838096174268514,1.0,1.0,107.52856801263988
0.075,51,1751866485,0.07416308290094772,1.0,1.0,107.46550001204014
0.075,52,1070889713,0.07108750441503905,1.0,1.0,107.86730999825522
0.075,53,415096539,0.07588146199942428,1.0,1.0,107.62463900027797
0.075,54,52416235,0.07166201438438244,1.0,1.0,107.54188898135908
0.075,55,278032723,0.07549806394104387,1.0,1.0,107.53616501460783
0.075,56,174946158,0.07361482627055309,1.0,1.0,108.09037601575255
0.075,57,196848554,0.07909321208529886,1.0,1.0,107.50613399432041
0.075,58,263030910,0.0775661238428429,1.0,1.0,107.50330600421876
0.075,59,1285415020,0.06532073176800517,1.0,1.0,107.52497598878108
0.075,60,1733223444,0.06859913336824647,1.0,1.0,107.48987400438637
0.075,61,1835544261,0.07607230496655681,1.0,1.0,107.50441398704425
0.075,62,1403186970,0.07083453379789394,1.0,1.0,107.53859399119392
0.075,63,1291971777,0.0753576931961951,1.0,1.0,107.52452301676385
0.075,64,712292067,0.07389402792549869,1.0,1.0,107.55609898478724
0.075,65,2001429764,0.07497601191839591,1.0,1.0,107.64488502172753
0.075,66,1375664061,0.0687006180815928,1.0,1.0,107.49415797181427
0.075,67,1556456120,0.07457906404105745,1.0,1.0,107.53372497856617
0.075,68,1576053187,0.06958337289732766,1.0,1.0,107.55937799694948
0.075,69,1848019881,0.0704915074556633,1.0,1.0,107.56866101291962
0.075,70,1508652585,0.07393892361876543,1.0,1.0,107.54895600257441
0.075,71,1995737731,0.07212131843721332,1.0,1.0,107.49925900017843
0.075,72,1162788447,0.07286195138931945,1.0,1.0,107.54080698825419
0.075,73,1172925522,0.07167968713721325,1.0,1.0,107.57977399043739
0.075,74,539174575,0.0742180047982752,1.0,1.0,107.54218601505272
0.075,75,2013637345,0.07615473071700102,1.0,1.0,107.53494501113892
0.075,76,1187468716,0.07788782731813541,1.0,1.0,107.55181798595004
0.075,77,1062978506,0.07320793716797987,1.0,1.0,107.54889299278148
0.075,78,679326770,0.07786933367352067,1.0,1.0,107.59049400803633
0.075,79,587923432,0.06792911354887932,1.0,1.0,107.45264100842178
0.075,80,1359889667,0.0698653404268051,1.0,1.0,107.50052699586377
0.075,81,970187386,0.07100990237427952,1.0,1.0,107.51726702437736
0.075,82,1219839873,0.08038911273190923,0.0,0.0,107.55828401306644
0.075,83,1428160212,0.07061138477514038,1.0,1.0,107.54783899756148
0.075,84,1930609499,0.07536972369496447,1.0,1.0,107.59766100090928
0.075,85,710582861,0.07016161089590582,1.0,1.0,107.57463198387995
0.075,86,1463614337,0.07198892569334966,1.0,1.0,107.57613499299623
0.075,87,1940152705,0.06972664232809482,1.0,1.0,107.52127799787559
0.075,88,985452196,0.07271382123476006,1.0,1.0,107.55730399978347
0.075,89,552062587,0.07230060281584125,1.0,1.0,107.50455700326711
0.075,90,623566272,0.06672537134532869,1.0,1.0,107.51988500123844
0.075,91,729775797,0.07527386926833365,1.0,1.0,107.53842300618999
0.075,92,1352536665,0.0710375971227477,1.0,1.0,107.52344797947444
0.075,93,555883440,0.07278062135131044,1.0,1.0,107.53333198954351
0.075,94,1801800003,0.06830233008906327,1.0,1.0,107.53599301096983
0.075,95,763315502,0.07774877165596814,1.0,1.0,107.5200860213954
0.075,96,138897982,0.0746282141555614,1.0,1.0,107.70588301238604
0.075,97,10785379,0.06933401867002124,1.0,1.0,107.52353200223297
0.075,98,53923185,0.07001116856810082,1.0,1.0,107.47809801250696
0.075,99,1349917978,0.06977471387684743,1.0,1.0,107.44033299852163
0.076,0,1501552845,0.07308885883863347,1.0,1.0,107.49334999127313
0.076,1,488200390,0.07223168891506479,1.0,1.0,107.57927200756967
0.076,2,1693606510,0.069411164298889,1.0,1.0,107.51329199410975
0.076,3,680233354,0.0732226795881842,1.0,1.0,107.59773300378583
0.076,4,438466540,0.07108172292485793,1.0,1.0,107.56940199644305
0.076,5,1712329280,0.0693861458991215,1.0,1.0,107.55593798239715
0.076,6,1380152455,0.07086443932186756,1.0,1.0,107.48575400793925
0.076,7,1452245846,0.06798225817465545,1.0,1.0,107.71518098772503
0.076,8,2122694021,0.06924891351427338,1.0,1.0,107.57982000359334
0.076,9,839901363,0.0737492583821281,1.0,1.0,107.59839302045293
0.076,10,1802651552,0.0734543168598804,1.0,1.0,107.64413999277167
0.076,11,714712467,0.0687778661062055,1.0,1.0,107.61929099680856
0.076,12,1218704077,0.07456485297332088,1.0,1.0,107.66186701948754
0.076,13,1284858263,0.06839368244205614,1.0,1.0,107.66066901851445
0.076,14,457721135,0.0720324643559072,1.0,1.0,107.5106319913175
0.076,15,401008609,0.07296377975426986,1.0,1.0,107.57300799014047
0.076,16,492064534,0.07227340043402795,1.0,1.0,107.65063500730321
0.076,17,1444732602,0.07078776362331198,1.0,1.0,107.50591699616052
0.076,18,1317426686,0.06967936104443448,1.0,1.0,107.57562500657514
0.076,19,2022506251,0.07626582002298167,1.0,1.0,107.52408299595118
0.076,20,1516459118,0.07470140992682177,1.0,1.0,107.56861401023343
0.076,21,533103612,0.07015623771360065,1.0,1.0,107.44710199651308
0.076,22,1964759878,0.06918373107816042,1.0,1.0,107.40633800742216
0.076,23,2037706756,0.07392272532054692,1.0,1.0,107.46510099852458
0.076,24,1572889065,0.0737888697245388,1.0,1.0,107.4481219984591
0.076,25,1432881518,0.07284473167465087,1.0,1.0,107.45996702462435
0.076,26,280516901,0.08063421594692728,0.0,0.0,107.4479240051005
0.076,27,205939248,0.07458321393002568,1.0,1.0,107.59904599399306
0.076,28,571904914,0.07563402769955152,1.0,1.0,107.41525597404689
0.076,29,948843457,0.07070832711616905,1.0,1.0,107.42014099378139
0.076,30,155492488,0.0658996378296821,1.0,1.0,107.45962700457312
0.076,31,1903701130,0.07060536496966106,1.0,1.0,107.49402598594315
0.076,32,1017961266,0.0732726805649079,1.0,1.0,107.5140540197026
0.076,33,1497769985,0.07096932881942147,1.0,1.0,107.45781098376028
0.076,34,456523489,0.07047809603117808,1.0,1.0,108.88431500643492
0.076,35,701095136,0.07037426318754601,1.0,1.0,107.53061200375669
0.076,36,249069576,0.07595638622792218,1.0,1.0,107.55453299498186
0.076,37,1576098728,0.07532180180008884,1.0,1.0,107.59088600752875
0.076,38,1662748500,0.07051184774756451,1.0,1.0,108.13251000945456
0.076,39,472736216,0.07286276028965841,1.0,1.0,107.41863900329918
0.076,40,1535411295,0.07422547597920817,1.0,1.0,107.45790399960242
0.076,41,175223003,0.07163951651062446,1.0,1.0,107.52883201348595
0.076,42,840936862,0.07257204059831175,1.0,1.0,107.50205200747587
0.076,43,343373188,0.073754283381237,1.0,1.0,107.58612499921583
0.076,44,1597751082,0.06885994711116042,1.0,1.0,107.54230499151163
0.076,45,730359585,0.06981625793756574,1.0,1.0,107.5003530131653
0.076,46,1016641002,0.07962590185665464,1.0,1.0,107.53061599098146
0.076,47,998994690,0.07310047063170322,1.0,1.0,107.4838709901087
0.076,48,1021240743,0.07067102585148852,1.0,1.0,107.46592399664223
0.076,49,572134801,0.07935154893968868,1.0,1.0,108.11187099898234
0.076,50,1198399760,0.06838096174268514,1.0,1.0,107.5542499893345
0.076,51,1751866485,0.07416308290094772,1.0,1.0,108.82578100427054
0.076,52,1070889713,0.07108750441503905,1.0,1.0,108.04229800123721
0.076,53,415096539,0.07588146199942428,1.0,1.0,107.6418129960075
0.076,54,52416235,0.07166201438438244,1.0,1.0,107.51383498427458
0.076,55,278032723,0.07549806394104387,1.0,1.0,107.52178099937737
0.076,56,174946158,0.07361482627055309,1.0,1.0,107.5100019806996
0.076,57,196848554,0.07909321208529886,1.0,1.0,107.50360699603334
0.076,58,263030910,0.0775661238428429,1.0,1.0,107.52844301168807
0.076,59,1285415020,0.06532073176800517,1.0,1.0,107.50718900817446
0.076,60,1733223444,0.06859913336824647,1.0,1.0,107.48765300377272
0.076,61,1835544261,0.07607230496655681,1.0,1.0,107.50921399448998
0.076,62,1403186970,0.07083453379789394,1.0,1.0,107.54085599910468
0.076,63,1291971777,0.0753576931961951,1.0,1.0,107.57941601332277
0.076,64,712292067,0.07389402792549869,1.0,1.0,107.54177698981948
0.076,65,2001429764,0.07497601191839591,1.0,1.0,108.33040598663501
0.076,66,1375664061,0.0687006180815928,1.0,1.0,107.52540102112107
0.076,67,1556456120,0.07457906404105745,1.0,1.0,108.64822700386867
0.076,68,1576053187,0.06958337289732766,1.0,1.0,107.55979199893773
0.076,69,1848019881,0.0704915074556633,1.0,1.0,107.74515199591406
0.076,70,1508652585,0.07393892361876543,1.0,1.0,107.65129901119508
0.076,71,1995737731,0.07212131843721332,1.0,1.0,107.60717798257247
0.076,72,1162788447,0.07286195138931945,1.0,1.0,107.54020302556455
0.076,73,1172925522,0.07167968713721325,1.0,1.0,107.63873800169677
0.076,74,539174575,0.0742180047982752,1.0,1.0,107.54510801052675
0.076,75,2013637345,0.07615473071700102,1.0,1.0,107.55223498563282
0.076,76,1187468716,0.07788782731813541,1.0,1.0,107.57170899887569
0.076,77,1062978506,0.07320793716797987,1.0,1.0,107.53373301122338
0.076,78,679326770,0.07786933367352067,1.0,1.0,107.48883700580336
0.076,79,587923432,0.06792911354887932,1.0,1.0,107.4978859978728
0.076,80,1359889667,0.0698653404268051,1.0,1.0,107.56540598231368
0.076,81,970187386,0.07100990237427952,1.0,1.0,107.52020200015977
0.076,82,1219839873,0.08038911273190923,0.0,0.0,107.54279300454073
0.076,83,1428160212,0.07061138477514038,1.0,1.0,107.53981399466284
0.076,84,1930609499,0.07536972369496447,1.0,1.0,107.52779498579912
0.076,85,710582861,0.07016161089590582,1.0,1.0,107.52257102285512
0.076,86,1463614337,0.07198892569334966,1.0,1.0,107.57639800431207
0.076,87,1940152705,0.06972664232809482,1.0,1.0,107.51200802042149
0.076,88,985452196,0.07271382123476006,1.0,1.0,107.53428601310588
0.076,89,552062587,0.07230060281584125,1.0,1.0,107.49544299324043
0.076,90,623566272,0.06672537134532869,1.0,1.0,107.50083799939603
0.076,91,729775797,0.07527386926833365,1.0,1.0,107.53672299324535
0.076,92,1352536665,0.0710375971227477,1.0,1.0,107.49499101075344
0.076,93,555883440,0.07278062135131044,1.0,1.0,107.51362299197353
0.076,94,1801800003,0.06830233008906327,1.0,1.0,108.89439602033235
0.076,95,763315502,0.07774877165596814,1.0,1.0,107.52342600608245
0.076,96,138897982,0.0746282141555614,1.0,1.0,107.49576799571514
0.076,97,10785379,0.06933401867002124,1.0,1.0,108.77272201469168
0.076,98,53923185,0.07001116856810082,1.0,1.0,107.56879800464958
0.076,99,1349917978,0.06977471387684743,1.0,1.0,107.49602800933644
0.077,0,1501552845,0.07308885883863347,1.0,1.0,107.68402900430374
0.077,1,488200390,0.07223168891506479,1.0,1.0,107.72897099377587
0.077,2,1693606510,0.07057466450781294,1.0,1.0,107.56171701359563
0.077,3,680233354,0.0732226795881842,1.0,1.0,107.58644799352624
0.077,4,438466540,0.07108172292485793,1.0,1.0,108.72537799878046
0.077,5,1712329280,0.0693861458991215,1.0,1.0,107.65848201117478
0.077,6,1380152455,0.07086443932186756,1.0,1.0,107.63837498961948
0.077,7,1452245846,0.06798225817465545,1.0,1.0,107.62582000461407
0.077,8,2122694021,0.06924891351427338,1.0,1.0,107.58373499265872
0.077,9,839901363,0.0737492583821281,1.0,1.0,107.58465298567899
0.077,10,1802651552,0.0734543168598804,1.0,1.0,107.63573701842688
0.077,11,714712467,0.0687778661062055,1.0,1.0,107.64664801536128
0.077,12,1218704077,0.07456485297332088,1.0,1.0,107.63204799150117
0.077,13,1284858263,0.06839368244205614,1.0,1.0,107.81968699302524
0.077,14,457721135,0.0720324643559072,1.0,1.0,107.81211999710649
0.077,15,401008609,0.07296377975426986,1.0,1.0,107.85756597761065
0.077,16,492064534,0.07227340043402795,1.0,1.0,107.59368701837957
0.077,17,1444732602,0.07078776362331198,1.0,1.0,107.58152400376275
0.077,18,1317426686,0.06967936104443448,1.0,1.0,107.7631369989831
0.077,19,2022506251,0.07626582002298167,1.0,1.0,112.26825800258666
0.077,20,1516459118,0.07470140992682177,1.0,1.0,107.45872298139147
0.077,21,533103612,0.07015623771360065,1.0,1.0,107.43668201030232
0.077,22,1964759878,0.06918373107816042,1.0,1.0,107.48419599258341
0.077,23,2037706756,0.07392272532054692,1.0,1.0,107.73076600162312
0.077,24,1572889065,0.0737888697245388,1.0,1.0,107.68279698095284
0.077,25,1432881518,0.07284473167465087,1.0,1.0,108.37257900857367
0.077,26,280516901,0.08063421594692728,0.0,0.0,107.4340810009744
0.077,27,205939248,0.07458321393002568,1.0,1.0,107.434450997971
0.077,28,571904914,0.07563402769955152,1.0,1.0,107.63895802665502
0.077,29,948843457,0.07070832711616905,1.0,1.0,108.30515300040133
0.077,30,155492488,0.0658996378296821,1.0,1.0,107.51185298431665
0.077,31,1903701130,0.07060536496966106,1.0,1.0,107.51126799732447
0.077,32,1017961266,0.0732726805649079,1.0,1.0,107.50951801310293
0.077,33,1497769985,0.07096932881942147,1.0,1.0,107.5173910066951
0.077,34,456523489,0.07047809603117808,1.0,1.0,108.79470201325603
0.077,35,701095136,0.07037426318754601,1.0,1.0,107.57567299879156
0.077,36,249069576,0.07595638622792218,1.0,1.0,107.59835698991083
0.077,37,1576098728,0.07532180180008884,1.0,1.0,108.6019339854829
0.077,38,1662748500,0.07051184774756451,1.0,1.0,107.54388399072923
0.077,39,472736216,0.07286276028965841,1.0,1.0,108.09952500858344
0.077,40,1535411295,0.07422547597920817,1.0,1.0,107.5287580024451
0.077,41,175223003,0.07163951651062446,1.0,1.0,107.47898899717256
0.077,42,840936862,0.07257204059831175,1.0,1.0,107.50347099383362
0.077,43,343373188,0.073754283381237,1.0,1.0,107.49803399085067
0.077,44,1597751082,0.06885994711116042,1.0,1.0,107.83482500119135
0.077,45,730359585,0.06981625793756574,1.0,1.0,107.98521601827815
0.077,46,1016641002,0.07962590185665464,1.0,1.0,107.49499301891774
0.077,47,998994690,0.07310047063170322,1.0,1.0,107.58569199242629
0.077,48,1021240743,0.07051142554077383,1.0,1.0,107.61206000461243
0.077,49,572134801,0.07935154893968868,1.0,1.0,107.5355900102295
0.077,50,1198399760,0.06838096174268514,1.0,1.0,107.46400899370201
0.077,51,1751866485,0.07416308290094772,1.0,1.0,107.55845298990607
0.077,52,1070889713,0.07108750441503905,1.0,1.0,107.71132700028829
0.077,53,415096539,0.07588146199942428,1.0,1.0,107.71677500451915
0.077,54,52416235,0.07166201438438244,1.0,1.0,108.19076601183042
0.077,55,278032723,0.07549806394104387,1.0,1.0,107.50762899988331
0.077,56,174946158,0.07361482627055309,1.0,1.0,107.50612200354226
0.077,57,196848554,0.07909321208529886,1.0,1.0,107.50009800540283
0.077,58,263030910,0.0775661238428429,1.0,1.0,107.52293400582857
0.077,59,1285415020,0.06532073176800517,1.0,1.0,107.51110597630031
0.077,60,1733223444,0.06859913336824647,1.0,1.0,108.43589002615772
0.077,61,1835544261,0.07607230496655681,1.0,1.0,107.62036399682984
0.077,62,1403186970,0.07083453379789394,1.0,1.0,107.69922300823964
0.077,63,1291971777,0.0753576931961951,1.0,1.0,107.74971600039862
0.077,64,712292067,0.07389402792549869,1.0,1.0,111.24719399958849
0.077,65,2001429764,0.07497601191839591,1.0,1.0,107.49782898346893
0.077,66,1375664061,0.0687006180815928,1.0,1.0,107.52024000976235
0.077,67,1556456120,0.07457906404105745,1.0,1.0,107.56100600701757
0.077,68,1576053187,0.06958337289732766,1.0,1.0,115.56806601583958
0.077,69,1848019881,0.0704915074556633,1.0,1.0,107.49614000087604
0.077,70,1508652585,0.07393892361876543,1.0,1.0,107.46853199088946
0.077,71,1995737731,0.07212131843721332,1.0,1.0,107.57101100170985
0.077,72,1162788447,0.07286195138931945,1.0,1.0,107.5789569877088
0.077,73,1172925522,0.07167968713721325,1.0,1.0,107.66319200047292
0.077,74,539174575,0.0742180047982752,1.0,1.0,107.61894899769686
0.077,75,2013637345,0.07615473071700102,1.0,1.0,107.62108597555198
0.077,76,1187468716,0.07788782731813541,1.0,1.0,108.79133298294619
0.077,77,1062978506,0.07320793716797987,1.0,1.0,107.55690999212675
0.077,78,679326770,0.07786933367352067,1.0,1.0,107.46269798255526
0.077,79,587923432,0.06792911354887932,1.0,1.0,107.53565400955267
0.077,80,1359889667,0.0698653404268051,1.0,1.0,107.57908399682492
0.077,81,970187386,0.07100990237427952,1.0,1.0,107.5324649864342
0.077,82,1219839873,0.08038911273190923,0.0,0.0,107.73325301124714
0.077,83,1428160212,0.07061138477514038,1.0,1.0,108.78478601807728
0.077,84,1930609499,0.07536972369496447,1.0,1.0,107.54123301012442
0.077,85,710582861,0.07016161089590582,1.0,1.0,115.80145198968239
0.077,86,1463614337,0.07198892569334966,1.0,1.0,107.53661999478936
0.077,87,1940152705,0.06972664232809482,1.0,1.0,108.67670201696455
0.077,88,985452196,0.07271382123476006,1.0,1.0,107.53549600485712
0.077,89,552062587,0.07230060281584125,1.0,1.0,107.52492101164535
0.077,90,623566272,0.06672537134532869,1.0,1.0,107.56946000037715
0.077,91,729775797,0.07527386926833365,1.0,1.0,107.51961701316759
0.077,92,1352536665,0.0710375971227477,1.0,1.0,107.5161470216699
0.077,93,555883440,0.07278062135131044,1.0,1.0,107.54783498123288
0.077,94,1801800003,0.06830233008906327,1.0,1.0,107.51805399195291
0.077,95,763315502,0.07774877165596814,1.0,1.0,107.52563597634435
0.077,96,138897982,0.0746282141555614,1.0,1.0,107.51480498583987
0.077,97,10785379,0.06933401867002124,1.0,1.0,108.04445299436338
0.077,98,53923185,0.07001116856810082,1.0,1.0,107.53074398962781
0.077,99,1349917978,0.06977471387684743,1.0,1.0,107.49219299759716
0.078,0,1501552845,0.07308885883863347,1.0,1.0,107.70092697930522
0.078,1,488200390,0.07223168891506479,1.0,1.0,107.56354901241139
0.078,2,1693606510,0.07057466450781294,1.0,1.0,107.56090100039728
0.078,3,680233354,0.0732226795881842,1.0,1.0,107.53042297437787
0.078,4,438466540,0.07108172292485793,1.0,1.0,107.50957400887273
0.078,5,1712329280,0.0693861458991215,1.0,1.0,107.77350098942406
0.078,6,1380152455,0.07086443932186756,1.0,1.0,107.71327099064365
0.078,7,1452245846,0.06798225817465545,1.0,1.0,107.61362899211235
0.078,8,2122694021,0.06924891351427338,1.0,1.0,107.70223202416673
0.078,9,839901363,0.0737492583821281,1.0,1.0,107.63183800736442
0.078,10,1802651552,0.0734543168598804,1.0,1.0,107.61253500822932
0.078,11,714712467,0.0687778661062055,1.0,1.0,107.54315298981965
0.078,12,1218704077,0.07456485297332088,1.0,1.0,107.4945510190446
0.078,13,1284858263,0.06839368244205614,1.0,1.0,107.70502299419604
0.078,14,457721135,0.0720324643559072,1.0,1.0,108.26562301372178
0.078,15,401008609,0.07296377975426986,1.0,1.0,107.60691500036046
0.078,16,492064534,0.07227340043402795,1.0,1.0,107.53427998861298
0.078,17,1444732602,0.07078776362331198,1.0,1.0,107.5256600161083
0.078,18,1317426686,0.06967936104443448,1.0,1.0,107.45945599046536
0.078,19,2022506251,0.07626582002298167,1.0,1.0,107.45767198386602
0.078,20,1516459118,0.07470140992682177,1.0,1.0,107.47558300499804
0.078,21,533103612,0.07015623771360065,1.0,1.0,107.46299498714507
0.078,22,1964759878,0.06918373107816042,1.0,1.0,107.51510399859399
0.078,23,2037706756,0.07392272532054692,1.0,1.0,107.59496400714852
0.078,24,1572889065,0.0737888697245388,1.0,1.0,107.53716999897733
0.078,25,1432881518,0.07284473167465087,1.0,1.0,107.39885098882951
0.078,26,280516901,0.08063421594692728,0.0,0.0,107.43003198876977
0.078,27,205939248,0.07458321393002568,1.0,1.0,107.5492890086025
0.078,28,571904914,0.07563402769955152,1.0,1.0,107.4508820020128
0.078,29,948843457,0.07070832711616905,1.0,1.0,107.57592000300065
0.078,30,155492488,0.0658996378296821,1.0,1.0,107.72747700684704
0.078,31,1903701130,0.07060536496966106,1.0,1.0,107.59833600604907
0.078,32,1017961266,0.0732726805649079,1.0,1.0,107.51690299366601
0.078,33,1497769985,0.07096932881942147,1.0,1.0,107.54340098355897
0.078,34,456523489,0.07047809603117808,1.0,1.0,107.57626898703165
0.078,35,701095136,0.07037426318754601,1.0,1.0,107.60414501419291
0.078,36,249069576,0.07595638622792218,1.0,1.0,107.45163701358251
0.078,37,1576098728,0.07532180180008884,1.0,1.0,107.42050901171751
0.078,38,1662748500,0.07051184774756451,1.0,1.0,107.57392001687549
0.078,39,472736216,0.07286276028965841,1.0,1.0,107.56640002364293
0.078,40,1535411295,0.07422547597920817,1.0,1.0,107.64657601248473
0.078,41,175223003,0.07163951651062446,1.0,1.0,107.6984629908111
0.078,42,840936862,0.07257204059831175,1.0,1.0,107.54593499586917
0.078,43,343373188,0.073754283381237,1.0,1.0,107.48079398763366
0.078,44,1597751082,0.06885994711116042,1.0,1.0,107.44717202032916
0.078,45,730359585,0.06981625793756574,1.0,1.0,107.54638400976546
0.078,46,1016641002,0.07962590185665464,1.0,1.0,107.49632798251696
0.078,47,998994690,0.07310047063170322,1.0,1.0,107.59569599758834
0.078,48,1021240743,0.07051142554077383,1.0,1.0,107.70441900240257
0.078,49,572134801,0.07935154893968868,1.0,1.0,107.54465399077162
0.078,50,1198399760,0.06838096174268514,1.0,1.0,107.56923898588866
0.078,51,1751866485,0.07416308290094772,1.0,1.0,107.84340600366704
0.078,52,1070889713,0.07108750441503905,1.0,1.0,107.51257801894099
0.078,53,415096539,0.07588146199942428,1.0,1.0,107.59327598498203
0.078,54,52416235,0.07166201438438244,1.0,1.0,107.51469197566621
0.078,55,278032723,0.07549806394104387,1.0,1.0,107.51473400159739
0.078,56,174946158,0.07361482627055309,1.0,1.0,107.53666699747555
0.078,57,196848554,0.07909321208529886,1.0,1.0,107.6952510047704
0.078,58,263030910,0.0775661238428429,1.0,1.0,107.70156502258033
0.078,59,1285415020,0.06532073176800517,1.0,1.0,107.5063599855639
0.078,60,1733223444,0.06859913336824647,1.0,1.0,107.8358759987168
0.078,61,1835544261,0.07607230496655681,1.0,1.0,107.54453198751435
0.078,62,1403186970,0.07083453379789394,1.0,1.0,107.55937101203017
0.078,63,1291971777,0.0753576931961951,1.0,1.0,107.68051099148579
0.078,64,712292067,0.07389402792549869,1.0,1.0,107.51829200307839
0.078,65,2001429764,0.07497601191839591,1.0,1.0,107.53141800523736
0.078,66,1375664061,0.0687006180815928,1.0,1.0,107.56424299324863
0.078,67,1556456120,0.07457906404105745,1.0,1.0,107.53792300238274
0.078,68,1576053187,0.06958337289732766,1.0,1.0,107.50810100580566
0.078,69,1848019881,0.0704915074556633,1.0,1.0,107.50171699328348
0.078,70,1508652585,0.07393892361876543,1.0,1.0,107.57288301829249
0.078,71,1995737731,0.07212131843721332,1.0,1.0,107.55353499553166
0.078,72,1162788447,0.07286195138931945,1.0,1.0,107.56038100225851
0.078,73,1172925522,0.07167968713721325,1.0,1.0,107.53484698943794
0.078,74,539174575,0.0742180047982752,1.0,1.0,107.56638200837187
0.078,75,2013637345,0.07615473071700102,1.0,1.0,107.57830200600438
0.078,76,1187468716,0.07788782731813541,1.0,1.0,107.50432801432908
0.078,77,1062978506,0.07320793716797987,1.0,1.0,107.5329160084948
0.078,78,679326770,0.07786933367352067,1.0,1.0,107.62265100493096
0.078,79,587923432,0.06792911354887932,1.0,1.0,107.51946500386111
0.078,80,1359889667,0.0698653404268051,1.0,1.0,107.55629700724967
0.078,81,970187386,0.07100990237427952,1.0,1.0,107.54795398679562
0.078,82,1219839873,0.08038911273190923,0.0,0.0,107.52349399263039
0.078,83,1428160212,0.07061138477514038,1.0,1.0,107.55107199656777
0.078,84,1930609499,0.07536972369496447,1.0,1.0,107.58014500606805
0.078,85,710582861,0.07016161089590582,1.0,1.0,107.52101900288835
0.078,86,1463614337,0.07198892569334966,1.0,1.0,107.5450680218637
0.078,87,1940152705,0.06972664232809482,1.0,1.0,107.48646900174208
0.078,88,985452196,0.07271382123476006,1.0,1.0,107.57383302552626
0.078,89,552062587,0.07230060281584125,1.0,1.0,107.55959199741483
0.078,90,623566272,0.06672537134532869,1.0,1.0,107.52476699417457
0.078,91,729775797,0.07527386926833365,1.0,1.0,107.54351402283646
0.078,92,1352536665,0.0710375971227477,1.0,1.0,107.53057399415411
0.078,93,555883440,0.07389049188364455,1.0,1.0,107.53118799766526
0.078,94,1801800003,0.06830233008906327,1.0,1.0,107.50531501253136
0.078,95,763315502,0.07774877165596814,1.0,1.0,107.54344001179561
0.078,96,138897982,0.0746282141555614,1.0,1.0,107.51437899307348
0.078,97,10785379,0.06933401867002124,1.0,1.0,107.61123799602501
0.078,98,53923185,0.07001116856810082,1.0,1.0,107.63830301584676
0.078,99,1349917978,0.06977471387684743,1.0,1.0,107.62569701182656
0.079,0,1501552845,0.07308885883863347,1.0,1.0,108.87866301345639
0.079,1,488200390,0.07223168891506479,1.0,1.0,107.51279201940633
0.079,2,1693606510,0.069411164298889,1.0,1.0,107.57592599838972
0.079,3,680233354,0.0732226795881842,1.0,1.0,107.58359599276446
0.079,4,438466540,0.07108172292485793,1.0,1.0,107.5830330082681
0.079,5,1712329280,0.0693861458991215,1.0,1.0,107.5745550042484
0.079,6,1380152455,0.07086443932186756,1.0,1.0,107.60535098961554
0.079,7,1452245846,0.06798225817465545,1.0,1.0,107.55701898597181
0.079,8,2122694021,0.06924891351427338,1.0,1.0,107.53355600172654
0.079,9,839901363,0.0737492583821281,1.0,1.0,107.50126000493765
0.079,10,1802651552,0.0734543168598804,1.0,1.0,107.58203998557292
0.079,11,714712467,0.0687778661062055,1.0,1.0,107.55703097674996
0.079,12,1218704077,0.07456485297332088,1.0,1.0,107.51787899062037
0.079,13,1284858263,0.06839368244205614,1.0,1.0,107.58235599496402
0.079,14,457721135,0.0720324643559072,1.0,1.0,107.58767800871283
0.079,15,401008609,0.07296377975426986,1.0,1.0,107.56749799475074
0.079,16,492064534,0.07227340043402795,1.0,1.0,107.4623909953516
0.079,17,1444732602,0.0716640507209244,1.0,1.0,107.4096990050748
0.079,18,1317426686,0.06967936104443448,1.0,1.0,107.6047929818742
0.079,19,2022506251,0.07626582002298167,1.0,1.0,107.66218398930505
0.079,20,1516459118,0.07470140992682177,1.0,1.0,107.44312001043
0.079,21,533103612,0.07015623771360065,1.0,1.0,107.61763900518417
0.079,22,1964759878,0.06918373107816042,1.0,1.0,107.50218201428652
0.079,23,2037706756,0.07392272532054692,1.0,1.0,107.70787301589735
0.079,24,1572889065,0.0737888697245388,1.0,1.0,107.37833200255409
0.079,25,1432881518,0.07284473167465087,1.0,1.0,107.45270299958065
0.079,26,280516901,0.08063421594692728,0.0,0.0,107.53233000286855
0.079,27,205939248,0.07458321393002568,1.0,1.0,107.71130098146386
0.079,28,571904914,0.07563402769955152,1.0,1.0,107.54675898351707
0.079,29,948843457,0.07070832711616905,1.0,1.0,107.51171701122075
0.079,30,155492488,0.07871459822673262,1.0,1.0,107.65295301098377
0.079,31,1903701130,0.07060536496966106,1.0,1.0,107.5623880024068
0.079,32,1017961266,0.0732726805649079,1.0,1.0,107.58265000185929
0.079,33,1497769985,0.07096932881942147,1.0,1.0,107.53638899768703
0.079,34,456523489,0.07047809603117808,1.0,1.0,108.71405201032758
0.079,35,701095136,0.07037426318754601,1.0,1.0,107.44953798712231
0.079,36,249069576,0.07595638622792218,1.0,1.0,107.61609001201577
0.079,37,1576098728,0.07532180180008884,1.0,1.0,107.75181397912093
0.079,38,1662748500,0.07051184774756451,1.0,1.0,107.47669299598783
0.079,39,472736216,0.07286276028965841,1.0,1.0,107.51059697940946
0.079,40,1535411295,0.07422547597920817,1.0,1.0,107.58896300103515
0.079,41,175223003,0.07163951651062446,1.0,1.0,107.43446697597392
0.079,42,840936862,0.07257204059831175,1.0,1.0,107.7231070084963
0.079,43,343373188,0.073754283381237,1.0,1.0,107.45178500656039
0.079,44,1597751082,0.06885994711116042,1.0,1.0,107.6125240069814
0.079,45,730359585,0.06981625793756574,1.0,1.0,107.51177399652079
0.079,46,1016641002,0.07962590185665464,1.0,1.0,107.59656998561695
0.079,47,998994690,0.07310047063170322,1.0,1.0,107.57811300572939
0.079,48,1021240743,0.07051142554077383,1.0,1.0,107.62482398422435
0.079,49,572134801,0.07935154893968868,1.0,1.0,107.63948899693787
0.079,50,1198399760,0.06838096174268514,1.0,1.0,107.65113198431209
0.079,51,1751866485,0.07416308290094772,1.0,1.0,107.55496198544279
0.079,52,1070889713,0.07108750441503905,1.0,1.0,107.64337901491672
0.079,53,415096539,0.07588146199942428,1.0,1.0,107.79068700503558
0.079,54,52416235,0.07166201438438244,1.0,1.0,107.5651049904991
0.079,55,278032723,0.07549806394104387,1.0,1.0,107.60461498284712
0.079,56,174946158,0.07361482627055309,1.0,1.0,107.49681401648559
0.079,57,196848554,0.07909321208529886,1.0,1.0,107.63387099723332
0.079,58,263030910,0.0775661238428429,1.0,1.0,107.72151299170218
0.079,59,1285415020,0.06532073176800517,1.0,1.0,108.51888699107803
0.079,60,1733223444,0.06859913336824647,1.0,1.0,110.90302301454358
0.079,61,1835544261,0.07607230496655681,1.0,1.0,107.48805300681852
0.079,62,1403186970,0.07083453379789394,1.0,1.0,107.51963898655958
0.079,63,1291971777,0.0753576931961951,1.0,1.0,107.5436059909407
0.079,64,712292067,0.07389402792549869,1.0,1.0,107.61149702011608
0.079,65,2001429764,0.07497601191839591,1.0,1.0,107.58145397994667
0.079,66,1375664061,0.0687006180815928,1.0,1.0,107.48415999114513
0.079,67,1556456120,0.07457906404105745,1.0,1.0,107.54632201860659
0.079,68,1576053187,0.06958337289732766,1.0,1.0,107.71364500396885
0.079,69,1848019881,0.0704915074556633,1.0,1.0,107.58239700226113
0.079,70,1508652585,0.07393892361876543,1.0,1.0,107.67460498027503
0.079,71,1995737731,0.07212131843721332,1.0,1.0,107.6071200077422
0.079,72,1162788447,0.07286195138931945,1.0,1.0,107.80453399638645
0.079,73,1172925522,0.07167968713721325,1.0,1.0,107.49970001052134
0.079,74,539174575,0.0742180047982752,1.0,1.0,107.51639501540922
0.079,75,2013637345,0.07615473071700102,1.0,1.0,107.60553198633716
0.079,76,1187468716,0.07788782731813541,1.0,1.0,107.53839899552986
0.079,77,1062978506,0.07320793716797987,1.0,1.0,107.55071399034932
0.079,78,679326770,0.07786933367352067,1.0,1.0,107.64356300933287
0.079,79,587923432,0.06792911354887932,1.0,1.0,107.5466730108019
0.079,80,1359889667,0.0698653404268051,1.0,1.0,107.53583000041544
0.079,81,970187386,0.07100990237427952,1.0,1.0,107.58289700606838
0.079,82,1219839873,0.08038911273190923,0.0,0.0,107.64187198947184
0.079,83,1428160212,0.07061138477514038,1.0,1.0,107.65409001032822
0.079,84,1930609499,0.07536972369496447,1.0,1.0,107.67687699990347
0.079,85,710582861,0.07016161089590582,1.0,1.0,107.58859501220286
0.079,86,1463614337,0.07198892569334966,1.0,1.0,107.65060500125401
0.079,87,1940152705,0.06972664232809482,1.0,1.0,107.53164498601109
0.079,88,985452196,0.07271382123476006,1.0,1.0,107.52671997761354
0.079,89,552062587,0.07230060281584125,1.0,1.0,107.65836600330658
0.079,90,623566272,0.06672537134532869,1.0,1.0,107.56890798802488
0.079,91,729775797,0.07527386926833365,1.0,1.0,107.56452800706029
0.079,92,1352536665,0.0710375971227477,1.0,1.0,107.61192100471817
0.079,93,555883440,0.07278062135131044,1.0,1.0,107.55669901845977
0.079,94,1801800003,0.06830233008906327,1.0,1.0,107.53370900056325
0.079,95,763315502,0.07774877165596814,1.0,1.0,107.64629201730713
0.079,96,138897982,0.0746282141555614,1.0,1.0,107.74988899356686
0.079,97,10785379,0.06933401867002124,1.0,1.0,107.62041300768033
0.079,98,53923185,0.07001116856810082,1.0,1.0,107.60301601840183
0.079,99,1349917978,0.06977471387684743,1.0,1.0,107.5405550072901
