Algorithm,Method,SourceFile,Run,Seed,SimSteps,Dt,ObsUpdateSteps,RunMinDistance,SafetyViolation,Collision,FirstCollisionStep,CollisionSteps,RunMaxComputeTimeMs,RunMeanComputeTimeMs,WallTimeS,TotalControlEffort,TotalFullCost,TerminalFullCost,TotalQRStageCost,TotalQSigmaInvStageCost,MovingCollisionRadius,MovingSafeRadius,DroneRadius,DrEpsCvar,CvarAlpha,CvarN,RiskCostA,RiskCostCu,SigmaCp,Nmc,OmegaSoft,OmegaHard
MPPI,mppi,mppi_crazyflie.py,0,1501552845,700,0.02,15,0.008645561414593963,1.0,1.0,32,61,204.65658599277958,35.32505985856655,25.051049365021754,57.99048990547118,6577.007458858499,0.12274506039605941,6577.007458858499,6577.007458858499,0.08,0.08,0.04,,,,,,,,,
RAMPPI,ramppi,RA_mppi_crazyflie.py,0,488200390,700,0.02,15,0.08026298724243791,0.0,0.0,-1,0,100.40539398323745,37.50980081543925,26.619945727987215,62.247363893638905,1202.8713737269452,0.22646832283512514,1202.8713737269452,1202.8713737269452,0.08,0.08,0.04,,0.95,60.0,5000.0,0.0,,,,
DRMPPI,drmppi,DR_mppi_crazyflie.py,0,1693606510,700,0.02,15,0.09327342869779208,0.0,0.0,-1,0,51.45804403582588,46.42776740149462,32.859120926004834,62.31105900819923,14031.909855245132,0.9315002964388481,14031.909855245132,14031.909855245132,0.08,0.08,0.04,0.004,0.95,60.0,5000.0,0.0,,,,
DRAMPPI,dramppi,DRA_mppi_crazyflie.py,0,680233354,700,0.02,15,0.09084773841226111,0.0,0.0,-1,0,84.11853498546407,42.52557390926605,30.135396681027487,70.76838611382968,11464.060524881963,0.11702003333657318,11464.060524881963,11464.060524881963,0.08,0.08,0.04,,,,,,0.05,60.0,5000.0,1000.0
MPPI,mppi,mppi_crazyflie.py,1,438466540,700,0.02,15,0.011688360497553531,1.0,1.0,33,59,46.73462000209838,40.551967325404156,28.631236682005692,58.12614930847766,6272.265157996009,0.06452584970913797,6272.265157996009,6272.265157996009,0.08,0.08,0.04,,,,,,,,,
RAMPPI,ramppi,RA_mppi_crazyflie.py,1,1712329280,700,0.02,15,0.08150049467894761,0.0,0.0,-1,0,51.649479020852596,45.35255958010176,32.113578412972856,61.65412901257387,2409.4210341488533,0.17122346388331025,2409.4210341488533,2409.4210341488533,0.08,0.08,0.04,,0.95,60.0,5000.0,0.0,,,,
DRMPPI,drmppi,DR_mppi_crazyflie.py,1,1380152455,700,0.02,15,0.09531757669763741,0.0,0.0,-1,0,46.12315696431324,42.22581247142183,29.931904092954937,62.352155118877526,18469.338004794496,0.8371402022956335,18469.338004794496,18469.338004794496,0.08,0.08,0.04,0.004,0.95,60.0,5000.0,0.0,,,,
DRAMPPI,dramppi,DRA_mppi_crazyflie.py,1,1452245846,700,0.02,15,0.08087802738417127,0.0,0.0,-1,0,48.09508699690923,44.2424830676256,31.334523932950106,72.84276452412169,7934.4677780416905,0.16779722045883358,7934.4677780416905,7934.4677780416905,0.08,0.08,0.04,,,,,,0.05,60.0,5000.0,1000.0
MPPI,mppi,mppi_crazyflie.py,2,2122694021,700,0.02,15,0.012060333597733735,1.0,1.0,33,58,47.07852698629722,41.37323873574912,29.207615300023463,58.50893684268702,6042.401254769295,0.09744219421165372,6042.401254769295,6042.401254769295,0.08,0.08,0.04,,,,,,,,,
RAMPPI,ramppi,RA_mppi_crazyflie.py,2,839901363,700,0.02,15,0.07679459893283165,1.0,1.0,483,2,45.80447601620108,41.72396175854374,29.57482901896583,61.5758827949278,1557.5242997069083,0.17362769908458914,1557.5242997069083,1557.5242997069083,0.08,0.08,0.04,,0.95,60.0,5000.0,0.0,,,,
DRMPPI,drmppi,DR_mppi_crazyflie.py,2,1802651552,700,0.02,15,0.08832812529011443,0.0,0.0,-1,0,51.64459702791646,45.866565053584054,32.47145392198581,62.788870434984794,20409.36155126757,0.9374586610130959,20409.36155126757,20409.36155126757,0.08,0.08,0.04,0.004,0.95,60.0,5000.0,0.0,,,,
DRAMPPI,dramppi,DRA_mppi_crazyflie.py,2,714712467,700,0.02,15,0.08793938075078497,0.0,0.0,-1,0,48.13919198932126,43.29232476734823,30.670890523004346,69.92909868248697,14523.50688786409,0.114818383033785,14523.50688786409,14523.50688786409,0.08,0.08,0.04,,,,,,0.05,60.0,5000.0,1000.0
MPPI,mppi,mppi_crazyflie.py,3,1218704077,700,0.02,15,0.01261538633284588,1.0,1.0,33,60,42.02642600284889,38.567728160581154,27.245637675048783,57.753580943313025,6647.510104330383,0.1032257292925084,6647.510104330383,6647.510104330383,0.08,0.08,0.04,,,,,,,,,
RAMPPI,ramppi,RA_mppi_crazyflie.py,3,1284858263,700,0.02,15,0.07615527789058536,1.0,1.0,483,2,50.39802298415452,45.08228352875449,31.924774746003095,61.718844495073014,1263.8377033004595,0.19285588412816979,1263.8377033004595,1263.8377033004595,0.08,0.08,0.04,,0.95,60.0,5000.0,0.0,,,,
DRMPPI,drmppi,DR_mppi_crazyflie.py,3,457721135,700,0.02,15,0.09748374170357361,0.0,0.0,-1,0,50.891591992694885,44.09838580908919,31.239579321001656,64.42553889296128,19436.1305186091,0.8993289232940175,19436.1305186091,19436.1305186091,0.08,0.08,0.04,0.004,0.95,60.0,5000.0,0.0,,,,
DRAMPPI,dramppi,DRA_mppi_crazyflie.py,3,401008609,700,0.02,15,0.08679886770335198,0.0,0.0,-1,0,46.956666046753526,42.56942602340132,30.180811285041273,67.39626137714478,11254.584396143293,0.12542937074513769,11254.584396143293,11254.584396143293,0.08,0.08,0.04,,,,,,0.05,60.0,5000.0,1000.0
MPPI,mppi,mppi_crazyflie.py,4,492064534,700,0.02,15,0.015092379738687968,1.0,1.0,32,60,47.577943012584,42.09177860233467,29.718560084991623,57.553122991181695,4261.661697164853,0.08939699344501824,4261.661697164853,4261.661697164853,0.08,0.08,0.04,,,,,,,,,
RAMPPI,ramppi,RA_mppi_crazyflie.py,4,1444732602,700,0.02,15,0.09294316704629382,0.0,0.0,-1,0,51.20330204954371,44.448400005764725,31.49016775097698,61.627214580647944,2122.8552114548634,0.24106045236288437,2122.8552114548634,2122.8552114548634,0.08,0.08,0.04,,0.95,60.0,5000.0,0.0,,,,
DRMPPI,drmppi,DR_mppi_crazyflie.py,4,1317426686,700,0.02,15,0.08942690594216905,0.0,0.0,-1,0,46.53047601459548,41.74377910867666,29.60336087201722,62.80947521795959,17706.41144531142,0.9063722680319823,17706.41144531142,17706.41144531142,0.08,0.08,0.04,0.004,0.95,60.0,5000.0,0.0,,,,
DRAMPPI,dramppi,DRA_mppi_crazyflie.py,4,2022506251,700,0.02,15,0.08031857008667877,0.0,0.0,-1,0,48.33421600051224,43.40044263259707,30.757793149969075,67.1129033264896,11434.975514236145,0.1747373068039426,11434.975514236145,11434.975514236145,0.08,0.08,0.04,,,,,,0.05,60.0,5000.0,1000.0
MPPI,mppi,mppi_crazyflie.py,5,1516459118,700,0.02,15,0.01005178367983939,1.0,1.0,32,52,57.26255802437663,43.67455754537202,30.822909652022645,58.01836310351764,6136.140378086253,0.12409239146276535,6136.140378086253,6136.140378086253,0.08,0.08,0.04,,,,,,,,,
RAMPPI,ramppi,RA_mppi_crazyflie.py,5,533103612,700,0.02,15,0.06985347598204353,1.0,1.0,483,4,45.4408319783397,41.90028257335403,29.7039422809612,61.85930989211198,1289.6716931658207,0.23532068766971653,1289.6716931658207,1289.6716931658207,0.08,0.08,0.04,,0.95,60.0,5000.0,0.0,,,,
DRMPPI,drmppi,DR_mppi_crazyflie.py,5,1964759878,700,0.02,15,0.092873093498492,0.0,0.0,-1,0,46.1374549777247,42.23765594385831,29.938215936999768,63.10365964257075,18612.7224234271,0.6651904907453653,18612.7224234271,18612.7224234271,0.08,0.08,0.04,0.004,0.95,60.0,5000.0,0.0,,,,
DRAMPPI,dramppi,DRA_mppi_crazyflie.py,5,2037706756,700,0.02,15,0.08309064480771851,0.0,0.0,-1,0,48.10568696120754,45.4983727806913,32.22451195400208,67.87505661257126,10387.609979309233,0.14520169139270128,10387.609979309233,10387.609979309233,0.08,0.08,0.04,,,,,,0.05,60.0,5000.0,1000.0
MPPI,mppi,mppi_crazyflie.py,6,1572889065,700,0.02,15,0.013109288947798408,1.0,1.0,33,59,42.39424003753811,38.61972337272683,27.284033973992337,57.595613395524815,4771.938744325217,0.14117063881225256,4771.938744325217,4771.938744325217,0.08,0.08,0.04,,,,,,,,,
RAMPPI,ramppi,RA_mppi_crazyflie.py,6,1432881518,700,0.02,15,0.08240264788939727,0.0,0.0,-1,0,45.8214629907161,41.70463604628042,29.576235398009885,62.930587905157495,1283.4825545889391,0.23544924100492157,1283.4825545889391,1283.4825545889391,0.08,0.08,0.04,,0.95,60.0,5000.0,0.0,,,,
DRMPPI,drmppi,DR_mppi_crazyflie.py,6,280516901,700,0.02,15,0.0938277310698948,0.0,0.0,-1,0,51.28985195187852,44.9425258924852,31.833618382981513,63.48117724676604,19056.453827582296,0.6745027241174727,19056.453827582296,19056.453827582296,0.08,0.08,0.04,0.004,0.95,60.0,5000.0,0.0,,,,
DRAMPPI,dramppi,DRA_mppi_crazyflie.py,6,205939248,700,0.02,15,0.07560727852545338,1.0,1.0,484,2,47.82666900428012,43.94853654700065,31.135969650000334,71.15389373426902,8502.808937501532,0.10814148636382197,8502.808937501532,8502.808937501532,0.08,0.08,0.04,,,,,,0.05,60.0,5000.0,1000.0
MPPI,mppi,mppi_crazyflie.py,7,571904914,700,0.02,15,0.012805875506258436,1.0,1.0,32,52,42.30243299389258,38.47721068712417,27.18240362900542,57.768988518946315,5089.179380359594,0.12232951475223061,5089.179380359594,5089.179380359594,0.08,0.08,0.04,,,,,,,,,
RAMPPI,ramppi,RA_mppi_crazyflie.py,7,948843457,700,0.02,15,0.0864559627834192,0.0,0.0,-1,0,45.7776720286347,41.71315183979459,29.572039803955704,62.21288042113599,1360.9016287118889,0.23484109872041414,1360.9016287118889,1360.9016287118889,0.08,0.08,0.04,,0.95,60.0,5000.0,0.0,,,,
DRMPPI,drmppi,DR_mppi_crazyflie.py,7,155492488,700,0.02,15,0.09438680666813427,0.0,0.0,-1,0,51.51535104960203,47.59755173589968,33.68533036496956,63.407959933981374,19681.987617382318,0.8744730019097361,19681.987617382318,19681.987617382318,0.08,0.08,0.04,0.004,0.95,60.0,5000.0,0.0,,,,
DRAMPPI,dramppi,DRA_mppi_crazyflie.py,7,1903701130,700,0.02,15,0.07559184713867151,1.0,1.0,483,3,46.95013299351558,42.739957520804765,30.292812351020984,65.95876672414732,15062.52768976401,0.1412950660903322,15062.52768976401,15062.52768976401,0.08,0.08,0.04,,,,,,0.05,60.0,5000.0,1000.0
MPPI,mppi,mppi_crazyflie.py,8,1017961266,700,0.02,15,0.015073694722170173,1.0,1.0,33,60,42.44285199092701,38.4677323163487,27.175359793007374,58.83488061056809,3900.7997681215215,0.09805488305294985,3900.7997681215215,3900.7997681215215,0.08,0.08,0.04,,,,,,,,,
RAMPPI,ramppi,RA_mppi_crazyflie.py,8,1497769985,700,0.02,15,0.08357410402353137,0.0,0.0,-1,0,50.40950397960842,41.35498522456536,29.319315547996666,61.69204899283312,2014.7293978297143,0.14036634625385497,2014.7293978297143,2014.7293978297143,0.08,0.08,0.04,,0.95,60.0,5000.0,0.0,,,,
DRMPPI,drmppi,DR_mppi_crazyflie.py,8,456523489,700,0.02,15,0.0956530717125601,0.0,0.0,-1,0,51.99369299225509,46.22452139347193,32.72652487497544,62.23134932084854,21659.92226616976,0.9914252526152699,21659.92226616976,21659.92226616976,0.08,0.08,0.04,0.004,0.95,60.0,5000.0,0.0,,,,
DRAMPPI,dramppi,DRA_mppi_crazyflie.py,8,701095136,700,0.02,15,0.08779013425693429,0.0,0.0,-1,0,47.223191999364644,42.61109917424619,30.20033142704051,68.55547107828588,3698.2816836087986,0.1844147590658625,3698.2816836087986,3698.2816836087986,0.08,0.08,0.04,,,,,,0.05,60.0,5000.0,1000.0
MPPI,mppi,mppi_crazyflie.py,9,249069576,700,0.02,15,0.005354894259781193,1.0,1.0,33,61,42.2367780120112,38.46137202727342,27.17237283900613,58.216602904780714,5430.094303063485,0.08494501926488474,5430.094303063485,5430.094303063485,0.08,0.08,0.04,,,,,,,,,
RAMPPI,ramppi,RA_mppi_crazyflie.py,9,1576098728,700,0.02,15,0.07879185261245314,1.0,1.0,484,2,51.089593034703285,44.98738746532971,31.861289069987833,62.00989192465927,2030.881157179613,0.2206583293131173,2030.881157179613,2030.881157179613,0.08,0.08,0.04,,0.95,60.0,5000.0,0.0,,,,
DRMPPI,drmppi,DR_mppi_crazyflie.py,9,1662748500,700,0.02,15,0.10033775054221471,0.0,0.0,-1,0,51.42673704540357,44.06109962570814,31.214506515010726,63.50298434991026,16045.397357020818,0.8209808140156095,16045.397357020818,16045.397357020818,0.08,0.08,0.04,0.004,0.95,60.0,5000.0,0.0,,,,
DRAMPPI,dramppi,DRA_mppi_crazyflie.py,9,472736216,700,0.02,15,0.07901174926350764,1.0,1.0,218,1,47.08055697847158,42.73000581630705,30.286594184988644,67.07698418018944,34726.722219528514,0.1443137655296225,34726.722219528514,34726.722219528514,0.08,0.08,0.04,,,,,,0.05,60.0,5000.0,1000.0
MPPI,mppi,mppi_crazyflie.py,10,1535411295,700,0.02,15,0.021760765281899526,1.0,1.0,34,59,42.4470939906314,38.528146405754214,27.219091468025,58.11171758622313,4803.130266423815,0.08903071176465226,4803.130266423815,4803.130266423815,0.08,0.08,0.04,,,,,,,,,
RAMPPI,ramppi,RA_mppi_crazyflie.py,10,175223003,700,0.02,15,0.08071260703408688,0.0,0.0,-1,0,51.305085013154894,46.544820229922024,32.94458804297028,62.05464723309397,1503.7007731894462,0.17846624657108898,1503.7007731894462,1503.7007731894462,0.08,0.08,0.04,,0.95,60.0,5000.0,0.0,,,,
DRMPPI,drmppi,DR_mppi_crazyflie.py,10,840936862,700,0.02,15,0.09354756072324387,0.0,0.0,-1,0,50.759224977809936,42.90093111714149,30.397016728005838,63.370358063470135,17907.458161489158,0.9854554873905582,17907.458161489158,17907.458161489158,0.08,0.08,0.04,0.004,0.95,60.0,5000.0,0.0,,,,
DRAMPPI,dramppi,DRA_mppi_crazyflie.py,10,343373188,700,0.02,15,0.08688709957165522,0.0,0.0,-1,0,46.79461201885715,42.64506410424864,30.21842926600948,67.58760674207142,1436.3151033164359,0.15720374520694427,1436.3151033164359,1436.3151033164359,0.08,0.08,0.04,,,,,,0.05,60.0,5000.0,1000.0
MPPI,mppi,mppi_crazyflie.py,11,1597751082,700,0.02,15,0.007175811097012304,1.0,1.0,33,61,43.03564800648019,38.51473009787566,27.205723555001896,58.48149890226004,5404.939837384071,0.08244239518468752,5404.939837384071,5404.939837384071,0.08,0.08,0.04,,,,,,,,,
RAMPPI,ramppi,RA_mppi_crazyflie.py,11,730359585,700,0.02,15,0.07888248931681964,1.0,1.0,484,2,50.50470202695578,47.072759007902015,33.31149684195407,62.859992328001674,1656.384320467015,0.1700698367108053,1656.384320467015,1656.384320467015,0.08,0.08,0.04,,0.95,60.0,5000.0,0.0,,,,
DRMPPI,drmppi,DR_mppi_crazyflie.py,11,1016641002,700,0.02,15,0.09946487732173101,0.0,0.0,-1,0,49.90973498206586,42.138812317862175,29.864528751000762,64.97867573328094,14582.372057900107,0.9604276809134956,14582.372057900107,14582.372057900107,0.08,0.08,0.04,0.004,0.95,60.0,5000.0,0.0,,,,
DRAMPPI,dramppi,DRA_mppi_crazyflie.py,11,998994690,700,0.02,15,0.084097577649071,0.0,0.0,-1,0,46.905422990676016,42.458296283231384,30.092460778017994,66.92517612401153,59412.55420436019,0.14459079471444902,59412.55420436019,59412.55420436019,0.08,0.08,0.04,,,,,,0.05,60.0,5000.0,1000.0
MPPI,mppi,mppi_crazyflie.py,12,1021240743,700,0.02,15,0.014766400025068176,1.0,1.0,33,55,42.41394001292065,38.49295265906091,27.191052982001565,58.57206377855274,4850.183157372495,0.07877997130241779,4850.183157372495,4850.183157372495,0.08,0.08,0.04,,,,,,,,,
RAMPPI,ramppi,RA_mppi_crazyflie.py,12,572134801,700,0.02,15,0.08507360036056777,0.0,0.0,-1,0,45.78393802512437,41.6722065803229,29.53658298397204,61.53820445136827,1319.6899094200342,0.27923924274603873,1319.6899094200342,1319.6899094200342,0.08,0.08,0.04,,0.95,60.0,5000.0,0.0,,,,
DRMPPI,drmppi,DR_mppi_crazyflie.py,12,1198399760,700,0.02,15,0.09090582307023481,0.0,0.0,-1,0,46.30419099703431,40.84514297669687,28.958144068019465,65.14422741200909,18866.596389895127,0.7611670016849412,18866.596389895127,18866.596389895127,0.08,0.08,0.04,0.004,0.95,60.0,5000.0,0.0,,,,
DRAMPPI,dramppi,DRA_mppi_crazyflie.py,12,1751866485,700,0.02,15,0.08034565952084739,0.0,0.0,-1,0,42.34375199303031,38.49041480828809,27.3113593350281,67.69118862833386,4611.58126625797,0.1512573154551651,4611.58126625797,4611.58126625797,0.08,0.08,0.04,,,,,,0.05,60.0,5000.0,1000.0
MPPI,mppi,mppi_crazyflie.py,13,1070889713,700,0.02,15,0.013953788195496392,1.0,1.0,34,58,38.12720096902922,34.29587123100646,24.252965087012853,58.87286710020434,4966.74300842168,0.11074487675135708,4966.74300842168,4966.74300842168,0.08,0.08,0.04,,,,,,,,,
RAMPPI,ramppi,RA_mppi_crazyflie.py,13,415096539,700,0.02,15,0.08366522153561914,0.0,0.0,-1,0,46.1481690290384,41.501936495354,29.41857468499802,61.83010097539121,2014.6128258744573,0.19009496801996473,2014.6128258744573,2014.6128258744573,0.08,0.08,0.04,,0.95,60.0,5000.0,0.0,,,,
DRMPPI,drmppi,DR_mppi_crazyflie.py,13,52416235,700,0.02,15,0.0966288899120282,0.0,0.0,-1,0,46.83633800595999,42.0732965456721,29.817955475009512,63.46942226236027,18017.994838064547,0.9093812939875191,18017.994838064547,18017.994838064547,0.08,0.08,0.04,0.004,0.95,60.0,5000.0,0.0,,,,
DRAMPPI,dramppi,DRA_mppi_crazyflie.py,13,278032723,700,0.02,15,0.0729466070666632,1.0,1.0,216,3,46.59219004679471,42.53622381873096,30.15224381198641,69.07823891585669,6149.067288644185,0.16257745522249728,6149.067288644185,6149.067288644185,0.08,0.08,0.04,,,,,,0.05,60.0,5000.0,1000.0
MPPI,mppi,mppi_crazyflie.py,14,174946158,700,0.02,15,0.012383561038512207,1.0,1.0,33,60,44.49544596718624,38.5265621781582,27.225863892002963,58.13348751423883,5547.418346717943,0.09512790506684457,5547.418346717943,5547.418346717943,0.08,0.08,0.04,,,,,,,,,
RAMPPI,ramppi,RA_mppi_crazyflie.py,14,196848554,700,0.02,15,0.06759989490138105,1.0,1.0,483,4,46.56322003575042,41.87803535439473,29.695427553961053,62.48622383402316,1613.398206093432,0.2137041668500545,1613.398206093432,1613.398206093432,0.08,0.08,0.04,,0.95,60.0,5000.0,0.0,,,,
DRMPPI,drmppi,DR_mppi_crazyflie.py,14,263030910,700,0.02,15,0.09090551485547867,0.0,0.0,-1,0,49.602268962189555,41.96845256066548,29.75078164500883,63.300630922815124,23089.86643826382,0.9661435683050116,23089.86643826382,23089.86643826382,0.08,0.08,0.04,0.004,0.95,60.0,5000.0,0.0,,,,
DRAMPPI,dramppi,DRA_mppi_crazyflie.py,14,1285415020,700,0.02,15,0.08474709965653075,0.0,0.0,-1,0,47.190657001920044,42.564575714558096,30.164692590013146,69.15390061956703,10824.168917555733,0.15022608723453962,10824.168917555733,10824.168917555733,0.08,0.08,0.04,,,,,,0.05,60.0,5000.0,1000.0
MPPI,mppi,mppi_crazyflie.py,15,1733223444,700,0.02,15,0.01478183523348355,1.0,1.0,34,58,42.330335010774434,38.492935759547564,27.19341747398721,58.27538859377083,6008.665047602757,0.08264667709857676,6008.665047602757,6008.665047602757,0.08,0.08,0.04,,,,,,,,,
RAMPPI,ramppi,RA_mppi_crazyflie.py,15,1835544261,700,0.02,15,0.08608390280471342,0.0,0.0,-1,0,45.5095199868083,41.81679533603268,29.642112713947427,62.139475834848355,1894.6906931566414,0.202073627289363,1894.6906931566414,1894.6906931566414,0.08,0.08,0.04,,0.95,60.0,5000.0,0.0,,,,
DRMPPI,drmppi,DR_mppi_crazyflie.py,15,1403186970,700,0.02,15,0.09842479495008924,0.0,0.0,-1,0,47.08919598488137,42.042268177943434,29.801091953995638,62.66832838043038,16048.377260721643,0.7785453837478273,16048.377260721643,16048.377260721643,0.08,0.08,0.04,0.004,0.95,60.0,5000.0,0.0,,,,
DRAMPPI,dramppi,DRA_mppi_crazyflie.py,15,1291971777,700,0.02,15,0.07361626216382308,1.0,1.0,483,3,46.987066976726055,41.25442666866417,29.24725952197332,65.71860834997989,15368.27568300206,0.1457549490394907,15368.27568300206,15368.27568300206,0.08,0.08,0.04,,,,,,0.05,60.0,5000.0,1000.0
MPPI,mppi,mppi_crazyflie.py,16,712292067,700,0.02,15,0.013260876967600454,1.0,1.0,32,59,42.80303302221,37.91568501170592,26.788448753999546,57.71838415530584,5955.690421368976,0.07428760664947298,5955.690421368976,5955.690421368976,0.08,0.08,0.04,,,,,,,,,
RAMPPI,ramppi,RA_mppi_crazyflie.py,16,2001429764,700,0.02,15,0.07363102807537328,1.0,1.0,483,3,45.60785001376644,41.70387340842613,29.560529128997587,61.35594558845923,1673.5097798291729,0.1744971683185257,1673.5097798291729,1673.5097798291729,0.08,0.08,0.04,,0.95,60.0,5000.0,0.0,,,,
DRMPPI,drmppi,DR_mppi_crazyflie.py,16,1375664061,700,0.02,15,0.1006619749195766,0.0,0.0,-1,0,46.82271298952401,42.190041146823205,29.900785520963836,62.805712206036475,16557.05953484755,0.7334826741392628,16557.05953484755,16557.05953484755,0.08,0.08,0.04,0.004,0.95,60.0,5000.0,0.0,,,,
DRAMPPI,dramppi,DRA_mppi_crazyflie.py,16,1556456120,700,0.02,15,0.08875524158204674,0.0,0.0,-1,0,46.95472400635481,42.59020021567786,30.182636748009827,71.4944046048185,10750.94418712707,0.16950534782192989,10750.94418712707,10750.94418712707,0.08,0.08,0.04,,,,,,0.05,60.0,5000.0,1000.0
MPPI,mppi,mppi_crazyflie.py,17,1576053187,700,0.02,15,0.008787420148087317,1.0,1.0,33,61,42.61742997914553,38.595480310863685,27.262732691015117,57.8846363160469,5195.92983127102,0.09525457149355052,5195.92983127102,5195.92983127102,0.08,0.08,0.04,,,,,,,,,
RAMPPI,ramppi,RA_mppi_crazyflie.py,17,1848019881,700,0.02,15,0.07602644280075567,1.0,1.0,216,5,46.015166968572885,41.727291421765194,29.575966858014,62.389161085015616,1134.2068441401932,0.21638450999759773,1134.2068441401932,1134.2068441401932,0.08,0.08,0.04,,0.95,60.0,5000.0,0.0,,,,
DRMPPI,drmppi,DR_mppi_crazyflie.py,17,1508652585,700,0.02,15,0.09095890475048077,0.0,0.0,-1,0,46.61859502084553,42.19194098924553,29.902886037016287,62.595605961813504,18721.584669178807,0.9418546330310215,18721.584669178807,18721.584669178807,0.08,0.08,0.04,0.004,0.95,60.0,5000.0,0.0,,,,
DRAMPPI,dramppi,DRA_mppi_crazyflie.py,17,1995737731,700,0.02,15,0.08447912123654695,0.0,0.0,-1,0,46.890973986592144,42.681833071900265,30.2454658409697,67.37160135216375,12951.771076809951,0.10217017153274764,12951.771076809951,12951.771076809951,0.08,0.08,0.04,,,,,,0.05,60.0,5000.0,1000.0
MPPI,mppi,mppi_crazyflie.py,18,1162788447,700,0.02,15,0.006513113857653998,1.0,1.0,34,57,42.54603601293638,38.604575391260106,27.270327918988187,58.25633368950529,6065.802818668597,0.0801702245261009,6065.802818668597,6065.802818668597,0.08,0.08,0.04,,,,,,,,,
RAMPPI,ramppi,RA_mppi_crazyflie.py,18,1172925522,700,0.02,15,0.082122673266173,0.0,0.0,-1,0,45.99927895469591,41.76188160515657,29.600231520016678,61.295397048475444,1363.2305668570114,0.21737741328051308,1363.2305668570114,1363.2305668570114,0.08,0.08,0.04,,0.95,60.0,5000.0,0.0,,,,
DRMPPI,drmppi,DR_mppi_crazyflie.py,18,539174575,700,0.02,15,0.09767218179716507,0.0,0.0,-1,0,47.0593569916673,40.97585581209777,29.050279990013223,62.45877839274953,16592.09078659475,0.8860801246521974,16592.09078659475,16592.09078659475,0.08,0.08,0.04,0.004,0.95,60.0,5000.0,0.0,,,,
DRAMPPI,dramppi,DRA_mppi_crazyflie.py,18,2013637345,700,0.02,15,0.08413200834886697,0.0,0.0,-1,0,46.8907619942911,42.81834607212139,30.341458958981093,67.55152976961594,29337.11060518297,0.20405827423344233,29337.11060518297,29337.11060518297,0.08,0.08,0.04,,,,,,0.05,60.0,5000.0,1000.0
MPPI,mppi,mppi_crazyflie.py,19,1187468716,700,0.02,15,0.005248545373797547,1.0,1.0,32,61,42.74741996778175,38.60505986858958,27.270870202977676,58.28648280196155,5855.26087160065,0.09762128280769979,5855.26087160065,5855.26087160065,0.08,0.08,0.04,,,,,,,,,
RAMPPI,ramppi,RA_mppi_crazyflie.py,19,1062978506,700,0.02,15,0.08497954098346562,0.0,0.0,-1,0,46.04738799389452,41.79435325121241,29.622942545975093,61.81199394249036,1270.1503809923374,0.18319883186017522,1270.1503809923374,1270.1503809923374,0.08,0.08,0.04,,0.95,60.0,5000.0,0.0,,,,
DRMPPI,drmppi,DR_mppi_crazyflie.py,19,679326770,700,0.02,15,0.09358274255256635,0.0,0.0,-1,0,46.83093505445868,41.97107333748136,29.74746734800283,63.21418627083262,15575.88149644692,0.8246337858969522,15575.88149644692,15575.88149644692,0.08,0.08,0.04,0.004,0.95,60.0,5000.0,0.0,,,,
DRAMPPI,dramppi,DRA_mppi_crazyflie.py,19,587923432,700,0.02,15,0.0870679003058717,0.0,0.0,-1,0,46.982717991340905,42.76329044377365,30.30466520198388,67.48337221178652,13706.10039211069,0.1390943770449439,13706.10039211069,13706.10039211069,0.08,0.08,0.04,,,,,,0.05,60.0,5000.0,1000.0
MPPI,mppi,mppi_crazyflie.py,20,1359889667,700,0.02,15,0.013709473932879804,1.0,1.0,32,60,42.18467202736065,38.481687177554704,27.184779865958262,57.938374787880704,4330.591296698562,0.07944500682030335,4330.591296698562,4330.591296698562,0.08,0.08,0.04,,,,,,,,,
RAMPPI,ramppi,RA_mppi_crazyflie.py,20,970187386,700,0.02,15,0.06547637032795647,1.0,1.0,483,5,47.190392040647566,41.74953268882486,29.592714477039408,61.243505803226256,1216.1113137782265,0.2267917765208527,1216.1113137782265,1216.1113137782265,0.08,0.08,0.04,,0.95,60.0,5000.0,0.0,,,,
DRMPPI,drmppi,DR_mppi_crazyflie.py,20,1219839873,700,0.02,15,0.09783488042708893,0.0,0.0,-1,0,46.775360009633005,42.02132329718942,29.781987704976927,61.57309649513009,17130.775554359894,0.7428238355072356,17130.775554359894,17130.775554359894,0.08,0.08,0.04,0.004,0.95,60.0,5000.0,0.0,,,,
DRAMPPI,dramppi,DRA_mppi_crazyflie.py,20,1428160212,700,0.02,15,0.08357468028450624,0.0,0.0,-1,0,46.98358796304092,42.75576420776945,30.298379126004875,67.8040762999647,5228.77150964473,0.14789187637255619,5228.77150964473,5228.77150964473,0.08,0.08,0.04,,,,,,0.05,60.0,5000.0,1000.0
MPPI,mppi,mppi_crazyflie.py,21,1930609499,700,0.02,15,0.00925642708705995,1.0,1.0,32,63,42.20547998556867,38.49924091199812,27.19645142700756,57.120566840409154,8113.99580236464,0.09788836580715454,8113.99580236464,8113.99580236464,0.08,0.08,0.04,,,,,,,,,
RAMPPI,ramppi,RA_mppi_crazyflie.py,21,710582861,700,0.02,15,0.08445936454022542,0.0,0.0,-1,0,45.733982988167554,41.7365769888108,29.582802160992287,61.46457101703588,1322.5909365112118,0.21877429957690334,1322.5909365112118,1322.5909365112118,0.08,0.08,0.04,,0.95,60.0,5000.0,0.0,,,,
DRMPPI,drmppi,DR_mppi_crazyflie.py,21,1463614337,700,0.02,15,0.09371578392890002,0.0,0.0,-1,0,46.92741303006187,42.104997523295296,29.84421837097034,62.993469020173166,18254.06311543925,0.8461448372223851,18254.06311543925,18254.06311543925,0.08,0.08,0.04,0.004,0.95,60.0,5000.0,0.0,,,,
DRAMPPI,dramppi,DRA_mppi_crazyflie.py,21,1940152705,700,0.02,15,0.08513275026205451,0.0,0.0,-1,0,47.06228198483586,42.89041228567449,30.39241182099795,67.27173352229254,13587.703299803845,0.12969199676192744,13587.703299803845,13587.703299803845,0.08,0.08,0.04,,,,,,0.05,60.0,5000.0,1000.0
MPPI,mppi,mppi_crazyflie.py,22,985452196,700,0.02,15,0.009130136924543108,1.0,1.0,32,61,42.50691499328241,38.566893774217796,27.243476441013627,57.83092196562829,6584.2378424992485,0.10142503859043267,6584.2378424992485,6584.2378424992485,0.08,0.08,0.04,,,,,,,,,
RAMPPI,ramppi,RA_mppi_crazyflie.py,22,552062587,700,0.02,15,0.07827371032245156,1.0,1.0,484,2,45.60267797205597,41.492701999294304,29.413058100966737,61.96406663075389,1495.6576700085516,0.23233045446972916,1495.6576700085516,1495.6576700085516,0.08,0.08,0.04,,0.95,60.0,5000.0,0.0,,,,
DRMPPI,drmppi,DR_mppi_crazyflie.py,22,623566272,700,0.02,15,0.09389150296133948,0.0,0.0,-1,0,46.74416303168982,42.20941364474129,29.91444215795491,63.06082838949381,17704.540122265356,0.9212506195714089,17704.540122265356,17704.540122265356,0.08,0.08,0.04,0.004,0.95,60.0,5000.0,0.0,,,,
DRAMPPI,dramppi,DRA_mppi_crazyflie.py,22,729775797,700,0.02,15,0.09271098452729146,0.0,0.0,-1,0,47.05955402459949,42.720880155019195,30.28158892900683,69.95005669461119,53366.49410131924,0.12004262093048232,53366.49410131924,53366.49410131924,0.08,0.08,0.04,,,,,,0.05,60.0,5000.0,1000.0
MPPI,mppi,mppi_crazyflie.py,23,1352536665,700,0.02,15,0.013335089909028307,1.0,1.0,32,62,42.543472023680806,38.53961140998373,27.2281847409904,57.669281815323096,5209.613325768341,0.11759496207357382,5209.613325768341,5209.613325768341,0.08,0.08,0.04,,,,,,,,,
RAMPPI,ramppi,RA_mppi_crazyflie.py,23,555883440,700,0.02,15,0.084648880129646,0.0,0.0,-1,0,45.86689802818,41.6860392594078,29.544292739010416,61.49426419322018,1193.400711263562,0.24745559681447943,1193.400711263562,1193.400711263562,0.08,0.08,0.04,,0.95,60.0,5000.0,0.0,,,,
DRMPPI,drmppi,DR_mppi_crazyflie.py,23,1801800003,700,0.02,15,0.09234266060093464,0.0,0.0,-1,0,46.80282901972532,42.11543187091593,29.850296100019477,63.96402224288482,15782.772045893591,0.7614660667167737,15782.772045893591,15782.772045893591,0.08,0.08,0.04,0.004,0.95,60.0,5000.0,0.0,,,,
DRAMPPI,dramppi,DRA_mppi_crazyflie.py,23,763315502,700,0.02,15,0.08855797054148899,0.0,0.0,-1,0,46.854524000082165,42.65636256654813,30.22621256200364,68.06011182948384,29489.2271572198,0.12354069735324699,29489.2271572198,29489.2271572198,0.08,0.08,0.04,,,,,,0.05,60.0,5000.0,1000.0
MPPI,mppi,mppi_crazyflie.py,24,138897982,700,0.02,15,0.018838283265090166,1.0,1.0,35,60,42.674750031437725,38.65082003275997,27.30044130299939,58.37918849700628,4078.806433991565,0.1090737242859713,4078.806433991565,4078.806433991565,0.08,0.08,0.04,,,,,,,,,
RAMPPI,ramppi,RA_mppi_crazyflie.py,24,10785379,700,0.02,15,0.07109191353580992,1.0,1.0,483,4,45.60297599527985,41.79718485941911,29.622882208030205,61.53790774058732,2173.041788587977,0.1832682951202282,2173.041788587977,2173.041788587977,0.08,0.08,0.04,,0.95,60.0,5000.0,0.0,,,,
DRMPPI,drmppi,DR_mppi_crazyflie.py,24,53923185,700,0.02,15,0.09378551682783527,0.0,0.0,-1,0,46.9633549801074,42.07505702673058,29.81799010996474,62.42173375493671,17646.082068624208,0.7292184306916071,17646.082068624208,17646.082068624208,0.08,0.08,0.04,0.004,0.95,60.0,5000.0,0.0,,,,
DRAMPPI,dramppi,DRA_mppi_crazyflie.py,24,1349917978,700,0.02,15,0.08521526040446795,0.0,0.0,-1,0,46.935279038734734,42.675074332094354,30.243878183013294,70.7701017647092,25968.346456368814,0.16682727288347846,25968.346456368814,25968.346456368814,0.08,0.08,0.04,,,,,,0.05,60.0,5000.0,1000.0
MPPI,mppi,mppi_crazyflie.py,25,744789065,700,0.02,15,0.016126527319201885,1.0,1.0,33,56,42.38399094901979,38.48798374329427,27.188797209004406,58.623944633057235,6180.429159602278,0.07550617874427773,6180.429159602278,6180.429159602278,0.08,0.08,0.04,,,,,,,,,
RAMPPI,ramppi,RA_mppi_crazyflie.py,25,606412246,700,0.02,15,0.07705864727615107,1.0,1.0,484,2,45.269593014381826,40.90471961003329,28.99811501399381,62.278789021560264,1642.0301106170584,0.1680553195488601,1642.0301106170584,1642.0301106170584,0.08,0.08,0.04,,0.95,60.0,5000.0,0.0,,,,
DRMPPI,drmppi,DR_mppi_crazyflie.py,25,1311962371,700,0.02,15,0.07746649665118115,1.0,1.0,543,2,46.683316002599895,41.89435804279388,29.693360327975824,63.262521744425044,19055.266569318508,0.907967453529263,19055.266569318508,19055.266569318508,0.08,0.08,0.04,0.004,0.95,60.0,5000.0,0.0,,,,
DRAMPPI,dramppi,DRA_mppi_crazyflie.py,25,146217199,700,0.02,15,0.08429736010983674,0.0,0.0,-1,0,46.77721101325005,40.6700453189634,28.836889037978835,71.5962202564634,2022.8876882474121,0.14114324654982258,2022.8876882474121,2022.8876882474121,0.08,0.08,0.04,,,,,,0.05,60.0,5000.0,1000.0
MPPI,mppi,mppi_crazyflie.py,26,1162395141,700,0.02,15,0.010430808374366565,1.0,1.0,33,62,41.54493199894205,34.71401172640201,24.54533141903812,58.02416956278236,4811.30824023285,0.10916417602783803,4811.30824023285,4811.30824023285,0.08,0.08,0.04,,,,,,,,,
RAMPPI,ramppi,RA_mppi_crazyflie.py,26,1324630141,700,0.02,15,0.08065719051994728,0.0,0.0,-1,0,45.22505699424073,39.23660673217715,27.82842671801336,62.18061594748467,1428.9401759551236,0.22977649022607505,1428.9401759551236,1428.9401759551236,0.08,0.08,0.04,,0.95,60.0,5000.0,0.0,,,,
DRMPPI,drmppi,DR_mppi_crazyflie.py,26,68269102,700,0.02,15,0.08860058539350515,0.0,0.0,-1,0,46.14961601328105,42.023122186406646,29.77831692696782,63.59621229309208,14946.204750809664,1.152590441971952,14946.204750809664,14946.204750809664,0.08,0.08,0.04,0.004,0.95,60.0,5000.0,0.0,,,,
DRAMPPI,dramppi,DRA_mppi_crazyflie.py,26,378657889,700,0.02,15,0.07136184814800288,1.0,1.0,482,4,46.66130198165774,42.44459514913615,30.075983682996593,70.52696930787623,18227.84475031885,0.14343756056266133,18227.84475031885,18227.84475031885,0.08,0.08,0.04,,,,,,0.05,60.0,5000.0,1000.0
MPPI,mppi,mppi_crazyflie.py,27,838210359,700,0.02,15,0.006295039438478709,1.0,1.0,32,66,42.35222499119118,38.52148775726424,27.208399882016238,58.21968176287102,4995.334471058387,0.09902006373252864,4995.334471058387,4995.334471058387,0.08,0.08,0.04,,,,,,,,,
RAMPPI,ramppi,RA_mppi_crazyflie.py,27,653669083,700,0.02,15,0.07585801808296945,1.0,1.0,483,3,46.43259901786223,41.880887933823814,29.679881258984096,62.0840498527145,1081.0833223953975,0.2519017403493838,1081.0833223953975,1081.0833223953975,0.08,0.08,0.04,,0.95,60.0,5000.0,0.0,,,,
DRMPPI,drmppi,DR_mppi_crazyflie.py,27,2041536189,700,0.02,15,0.09468951529064834,0.0,0.0,-1,0,45.87324196472764,40.07509908023557,28.41843628900824,62.494641653171264,21927.844234357253,0.8048258456179107,21927.844234357253,21927.844234357253,0.08,0.08,0.04,0.004,0.95,60.0,5000.0,0.0,,,,
DRAMPPI,dramppi,DRA_mppi_crazyflie.py,27,946797216,700,0.02,15,0.08000381018605199,0.0,0.0,-1,0,46.42308002803475,42.18137372168712,29.901890654000454,70.25330100737554,8922.791641441552,0.13508484337040472,8922.791641441552,8922.791641441552,0.08,0.08,0.04,,,,,,0.05,60.0,5000.0,1000.0
MPPI,mppi,mppi_crazyflie.py,28,1389289275,700,0.02,15,0.005667452274320942,1.0,1.0,32,63,42.43470396613702,38.35359557357151,27.095038413011935,57.43265942667632,5095.342752588557,0.09248563602275009,5095.342752588557,5095.342752588557,0.08,0.08,0.04,,,,,,,,,
RAMPPI,ramppi,RA_mppi_crazyflie.py,28,322557070,700,0.02,15,0.0787204011703317,1.0,1.0,484,2,45.580281992442906,40.879284817742054,29.008633153047413,61.23188984300668,1211.021984157266,0.1470549664821282,1211.021984157266,1211.021984157266,0.08,0.08,0.04,,0.95,60.0,5000.0,0.0,,,,
DRMPPI,drmppi,DR_mppi_crazyflie.py,28,1731742693,700,0.02,15,0.09617420733556455,0.0,0.0,-1,0,45.84634304046631,42.25327205661285,29.946900913957506,62.89565434768559,20521.94005747,0.8333746110043982,20521.94005747,20521.94005747,0.08,0.08,0.04,0.004,0.95,60.0,5000.0,0.0,,,,
DRAMPPI,dramppi,DRA_mppi_crazyflie.py,28,467998669,700,0.02,15,0.08099995614014581,0.0,0.0,-1,0,46.941995969973505,41.76956461534636,29.605607007048093,68.31038296852218,7066.1846733232205,0.15358744037293082,7066.1846733232205,7066.1846733232205,0.08,0.08,0.04,,,,,,0.05,60.0,5000.0,1000.0
MPPI,mppi,mppi_crazyflie.py,29,1647913984,700,0.02,15,0.007753305967142175,1.0,1.0,32,63,47.754739003721625,37.94451743073296,26.808907274971716,57.43829298358725,5165.5410683002465,0.10932964700679745,5165.5410683002465,5165.5410683002465,0.08,0.08,0.04,,,,,,,,,
RAMPPI,ramppi,RA_mppi_crazyflie.py,29,1018622608,700,0.02,15,0.08129779009300539,0.0,0.0,-1,0,45.61822395771742,41.54705276563099,29.456602944002952,62.18534265561451,1361.4425936488778,0.1822114414945683,1361.4425936488778,1361.4425936488778,0.08,0.08,0.04,,0.95,60.0,5000.0,0.0,,,,
DRMPPI,drmppi,DR_mppi_crazyflie.py,29,873344961,700,0.02,15,0.10290223868707407,0.0,0.0,-1,0,46.42880498431623,40.24985120324085,28.543223208980635,63.302541623636245,15422.150500184875,1.0052202405471202,15422.150500184875,15422.150500184875,0.08,0.08,0.04,0.004,0.95,60.0,5000.0,0.0,,,,
DRAMPPI,dramppi,DRA_mppi_crazyflie.py,29,1022994326,700,0.02,15,0.08297854712233858,0.0,0.0,-1,0,46.13329702988267,41.659585088740904,29.531493125017732,66.59946565554853,34437.18191694897,0.11115416578726164,34437.18191694897,34437.18191694897,0.08,0.08,0.04,,,,,,0.05,60.0,5000.0,1000.0
MPPI,mppi,mppi_crazyflie.py,30,1150738891,700,0.02,15,0.018482526782639983,1.0,1.0,33,56,42.24252299172804,38.024454860881505,26.865407250006683,57.677117327538284,4526.826327948337,0.08341305029989018,4526.826327948337,4526.826327948337,0.08,0.08,0.04,,,,,,,,,
RAMPPI,ramppi,RA_mppi_crazyflie.py,30,548107305,700,0.02,15,0.08095130805876405,0.0,0.0,-1,0,45.25887698400766,41.67147763164913,29.540086937020533,62.92737890774577,1278.809703324266,0.20840497887523274,1278.809703324266,1278.809703324266,0.08,0.08,0.04,,0.95,60.0,5000.0,0.0,,,,
DRMPPI,drmppi,DR_mppi_crazyflie.py,30,260569130,700,0.02,15,0.09749285832835675,0.0,0.0,-1,0,45.89955398114398,37.91951548274873,26.942409781971946,62.873693276041166,16519.156524833754,1.059662537774797,16519.156524833754,16519.156524833754,0.08,0.08,0.04,0.004,0.95,60.0,5000.0,0.0,,,,
DRAMPPI,dramppi,DRA_mppi_crazyflie.py,30,639016547,700,0.02,15,0.08035366502585976,0.0,0.0,-1,0,45.627703017089516,40.84073605730997,28.98686953599099,68.05181299472292,9848.05125337047,0.1557206735098916,9848.05125337047,9848.05125337047,0.08,0.08,0.04,,,,,,0.05,60.0,5000.0,1000.0
MPPI,mppi,mppi_crazyflie.py,31,2123951056,700,0.02,15,0.006691160538152691,1.0,1.0,32,55,41.09548300039023,37.16823741411125,26.284714292967692,58.785131717092604,6015.443588302966,0.10190161465598577,6015.443588302966,6015.443588302966,0.08,0.08,0.04,,,,,,,,,
RAMPPI,ramppi,RA_mppi_crazyflie.py,31,599292075,700,0.02,15,0.08083924548896912,0.0,0.0,-1,0,44.72165700281039,40.155633933027275,28.516497919976246,62.0043166374275,1363.2992776624494,0.15294529074856256,1363.2992776624494,1363.2992776624494,0.08,0.08,0.04,,0.95,60.0,5000.0,0.0,,,,
DRMPPI,drmppi,DR_mppi_crazyflie.py,31,1433570083,700,0.02,15,0.08915205269068711,0.0,0.0,-1,0,45.53191998274997,41.26946165575646,29.29703794902889,62.247372779678315,20781.52484423737,0.7612374871183296,20781.52484423737,20781.52484423737,0.08,0.08,0.04,0.004,0.95,60.0,5000.0,0.0,,,,
DRAMPPI,dramppi,DRA_mppi_crazyflie.py,31,559589597,700,0.02,15,0.07989336003871488,1.0,1.0,218,1,45.2401380171068,41.25285537397888,29.282103685021866,67.83749636026883,4593.499831464348,0.1190516073427515,4593.499831464348,4593.499831464348,0.08,0.08,0.04,,,,,,0.05,60.0,5000.0,1000.0
MPPI,mppi,mppi_crazyflie.py,32,1799442136,700,0.02,15,0.025587746826342857,1.0,1.0,33,63,40.96924397163093,36.43772124520702,25.773632812022697,58.24512445300468,6909.061336898811,0.08067639587811623,6909.061336898811,6909.061336898811,0.08,0.08,0.04,,,,,,,,,
RAMPPI,ramppi,RA_mppi_crazyflie.py,32,1036722625,700,0.02,15,0.0848063102526977,0.0,0.0,-1,0,44.85198197653517,40.38656833157542,28.67830532998778,61.95009471906842,1277.564949312829,0.21864107035798575,1277.564949312829,1277.564949312829,0.08,0.08,0.04,,0.95,60.0,5000.0,0.0,,,,
DRMPPI,drmppi,DR_mppi_crazyflie.py,32,1218338984,700,0.02,15,0.10086655974053164,0.0,0.0,-1,0,45.33457796787843,41.10967853114874,29.18458322499646,63.32008930413502,16707.89952803873,1.0542417777367143,16707.89952803873,16707.89952803873,0.08,0.08,0.04,0.004,0.95,60.0,5000.0,0.0,,,,
DRAMPPI,dramppi,DRA_mppi_crazyflie.py,32,455221513,700,0.02,15,0.08095347679387922,0.0,0.0,-1,0,44.50883698882535,40.068762636510655,28.45390027895337,70.42932970372473,5247.0767176209765,0.13678540323105268,5247.0767176209765,5247.0767176209765,0.08,0.08,0.04,,,,,,0.05,60.0,5000.0,1000.0
MPPI,mppi,mppi_crazyflie.py,33,1304975114,700,0.02,15,0.00707509083813402,1.0,1.0,33,60,41.60264797974378,37.65017378426689,26.61475813499419,58.419723171204765,5540.338186962181,0.13525535765032584,5540.338186962181,5540.338186962181,0.08,0.08,0.04,,,,,,,,,
RAMPPI,ramppi,RA_mppi_crazyflie.py,33,1064358601,700,0.02,15,0.08496532591315234,0.0,0.0,-1,0,44.863802031613886,38.767721795926,27.548399064980913,61.65906663657586,1637.083970549374,0.2628345779255384,1637.083970549374,1637.083970549374,0.08,0.08,0.04,,0.95,60.0,5000.0,0.0,,,,
DRMPPI,drmppi,DR_mppi_crazyflie.py,33,1530335909,700,0.02,15,0.0938602258314453,0.0,0.0,-1,0,45.88958900421858,41.56608300117244,29.491189765976742,63.0992926790896,20088.56960874162,0.854146174885119,20088.56960874162,20088.56960874162,0.08,0.08,0.04,0.004,0.95,60.0,5000.0,0.0,,,,
DRAMPPI,dramppi,DRA_mppi_crazyflie.py,33,528842169,700,0.02,15,0.09140135705534605,0.0,0.0,-1,0,45.270823989994824,39.3392105251717,27.94247396697756,66.48485929554573,5750.05240802625,0.15736695561527292,5750.05240802625,5750.05240802625,0.08,0.08,0.04,,,,,,0.05,60.0,5000.0,1000.0
MPPI,mppi,mppi_crazyflie.py,34,1307520020,700,0.02,15,0.0065629700133358285,1.0,1.0,33,62,41.55072895810008,37.32625153838723,26.395027119026054,57.85259264081018,6511.317107272206,0.0774293197277167,6511.317107272206,6511.317107272206,0.08,0.08,0.04,,,,,,,,,
RAMPPI,ramppi,RA_mppi_crazyflie.py,34,1800627784,700,0.02,15,0.05821635405178574,1.0,1.0,483,6,45.130400045309216,40.79770000061087,28.964554680977017,62.64296631804377,2043.332124436926,0.22106659545760715,2043.332124436926,2043.332124436926,0.08,0.08,0.04,,0.95,60.0,5000.0,0.0,,,,
DRMPPI,drmppi,DR_mppi_crazyflie.py,34,1003642109,700,0.02,15,0.09547369007648625,0.0,0.0,-1,0,45.63813202548772,41.7438836832298,29.627904573979322,63.75211971083999,17900.937029911856,0.8612972066932834,17900.937029911856,17900.937029911856,0.08,0.08,0.04,0.004,0.95,60.0,5000.0,0.0,,,,
DRAMPPI,dramppi,DRA_mppi_crazyflie.py,34,386827496,700,0.02,15,0.07763065091457035,1.0,1.0,483,2,44.90720701869577,41.34915545208579,29.350748062017374,68.16239965825798,54124.147649596016,0.11298523197661405,54124.147649596016,54124.147649596016,0.08,0.08,0.04,,,,,,0.05,60.0,5000.0,1000.0
MPPI,mppi,mppi_crazyflie.py,35,156365210,700,0.02,15,0.009142517845929074,1.0,1.0,33,60,41.0535279661417,37.426365285064094,26.465702426969074,57.626427969753685,4208.5502533662075,0.10991563651933134,4208.5502533662075,4208.5502533662075,0.08,0.08,0.04,,,,,,,,,
RAMPPI,ramppi,RA_mppi_crazyflie.py,35,1851466537,700,0.02,15,0.08034373027791496,0.0,0.0,-1,0,45.064297039061785,40.254984879284166,28.585449734004214,61.82133879213886,1285.7033004323816,0.23751421588755056,1285.7033004323816,1285.7033004323816,0.08,0.08,0.04,,0.95,60.0,5000.0,0.0,,,,
DRMPPI,drmppi,DR_mppi_crazyflie.py,35,1084556788,700,0.02,15,0.0992255606144319,0.0,0.0,-1,0,45.24180997395888,41.343820154683534,29.349058702995535,62.826812302968854,17331.57771968437,0.7813545261794761,17331.57771968437,17331.57771968437,0.08,0.08,0.04,0.004,0.95,60.0,5000.0,0.0,,,,
DRAMPPI,dramppi,DRA_mppi_crazyflie.py,35,382895141,700,0.02,15,0.08695491172629032,0.0,0.0,-1,0,45.85932398913428,40.186128580660025,28.53150247002486,66.15893023895872,43589.45610455076,0.1408050577584526,43589.45610455076,43589.45610455076,0.08,0.08,0.04,,,,,,0.05,60.0,5000.0,1000.0
MPPI,mppi,mppi_crazyflie.py,36,630896202,700,0.02,15,0.011919701454167118,1.0,1.0,33,61,42.021093016956,37.025102204892654,26.18729270598851,57.899316567898644,4446.456233154837,0.08225005810512767,4446.456233154837,4446.456233154837,0.08,0.08,0.04,,,,,,,,,
RAMPPI,ramppi,RA_mppi_crazyflie.py,36,1611753761,700,0.02,15,0.07697031574608161,1.0,1.0,483,3,44.68302597524598,38.07205989674133,27.060873693961184,62.08151685659358,1371.1259243223537,0.257001857135013,1371.1259243223537,1371.1259243223537,0.08,0.08,0.04,,0.95,60.0,5000.0,0.0,,,,
DRMPPI,drmppi,DR_mppi_crazyflie.py,36,795837702,700,0.02,15,0.1022752683118305,0.0,0.0,-1,0,45.38284701993689,39.74098756318978,28.228359938017093,64.02525085516152,17226.541404455653,0.6081470640525803,17226.541404455653,17226.541404455653,0.08,0.08,0.04,0.004,0.95,60.0,5000.0,0.0,,,,
DRAMPPI,dramppi,DRA_mppi_crazyflie.py,36,1312371073,700,0.02,15,0.082797087257343,0.0,0.0,-1,0,45.512994984164834,39.59723024213287,28.12207878899062,67.95660397510903,11286.845326716188,0.1560728544504586,11286.845326716188,11286.845326716188,0.08,0.08,0.04,,,,,,0.05,60.0,5000.0,1000.0
MPPI,mppi,mppi_crazyflie.py,37,1743985090,700,0.02,15,0.015049498551523773,1.0,1.0,32,61,41.07320500770584,36.81656028119115,26.039063231961336,57.83170385034609,5556.912924065034,0.0937152467840946,5556.912924065034,5556.912924065034,0.08,0.08,0.04,,,,,,,,,
RAMPPI,ramppi,RA_mppi_crazyflie.py,37,449157016,700,0.02,15,0.06658375459082293,1.0,1.0,483,5,52.7532109990716,40.571091784513555,28.798010291007813,61.3814117570934,1760.709025980828,0.15957576263944054,1760.709025980828,1760.709025980828,0.08,0.08,0.04,,0.95,60.0,5000.0,0.0,,,,
DRMPPI,drmppi,DR_mppi_crazyflie.py,37,1846620139,700,0.02,15,0.09388034716538736,0.0,0.0,-1,0,45.958062983118,41.32165681246469,29.318343573017046,62.18344036923774,16526.032242438057,0.6793090538988021,16526.032242438057,16526.032242438057,0.08,0.08,0.04,0.004,0.95,60.0,5000.0,0.0,,,,
DRAMPPI,dramppi,DRA_mppi_crazyflie.py,37,1631813597,700,0.02,15,0.07783022048957666,1.0,1.0,483,2,46.40616901451722,41.94858957206764,29.74738241598243,69.6814355365662,15748.319050055128,0.16515599305879566,15748.319050055128,15748.319050055128,0.08,0.08,0.04,,,,,,0.05,60.0,5000.0,1000.0
MPPI,mppi,mppi_crazyflie.py,38,718941254,700,0.02,15,0.013083133127719498,1.0,1.0,32,54,42.03430801862851,37.66196272577093,26.61698593501933,57.99926269151106,3902.273720306003,0.11712487770729976,3902.273720306003,3902.273720306003,0.08,0.08,0.04,,,,,,,,,
RAMPPI,ramppi,RA_mppi_crazyflie.py,38,535282996,700,0.02,15,0.0821428388583288,0.0,0.0,-1,0,45.85884598782286,40.73599745070429,28.91317075898405,62.692260901275745,1424.6137626138368,0.22069379845410217,1424.6137626138368,1424.6137626138368,0.08,0.08,0.04,,0.95,60.0,5000.0,0.0,,,,
DRMPPI,drmppi,DR_mppi_crazyflie.py,38,739473027,700,0.02,15,0.09324113187392237,0.0,0.0,-1,0,46.35758401127532,41.40698922373953,29.37091950100148,62.36468702674986,17590.193894567103,0.957406818787953,17590.193894567103,17590.193894567103,0.08,0.08,0.04,0.004,0.95,60.0,5000.0,0.0,,,,
DRAMPPI,dramppi,DRA_mppi_crazyflie.py,38,183763894,700,0.02,15,0.08185952130798436,0.0,0.0,-1,0,45.14303698670119,41.27162883881413,29.295187187031843,67.60951084845433,9537.19300337397,0.1355385093417137,9537.19300337397,9537.19300337397,0.08,0.08,0.04,,,,,,0.05,60.0,5000.0,1000.0
MPPI,mppi,mppi_crazyflie.py,39,921601425,700,0.02,15,0.01705828115640428,1.0,1.0,33,61,41.82841401780024,36.968236552534755,26.141601414012257,57.53895550303301,5374.384603697221,0.08511408573062808,5374.384603697221,5374.384603697221,0.08,0.08,0.04,,,,,,,,,
RAMPPI,ramppi,RA_mppi_crazyflie.py,39,1327266703,700,0.02,15,0.08183500756009834,0.0,0.0,-1,0,45.192180026788265,40.10042419981411,28.477510369033553,62.219880640687876,1518.1618790057066,0.13470648679424252,1518.1618790057066,1518.1618790057066,0.08,0.08,0.04,,0.95,60.0,5000.0,0.0,,,,
DRMPPI,drmppi,DR_mppi_crazyflie.py,39,1656962606,700,0.02,15,0.09304130710879624,0.0,0.0,-1,0,45.65368703333661,41.14756586512418,29.210467385011725,62.86600257347443,18161.73648790739,1.089389975174384,18161.73648790739,18161.73648790739,0.08,0.08,0.04,0.004,0.95,60.0,5000.0,0.0,,,,
DRAMPPI,dramppi,DRA_mppi_crazyflie.py,39,1153130709,700,0.02,15,0.08385643774534494,0.0,0.0,-1,0,45.08122004335746,41.27222112596168,29.296018866996747,66.85044401876436,8182.671076641488,0.1284593946776047,8182.671076641488,8182.671076641488,0.08,0.08,0.04,,,,,,0.05,60.0,5000.0,1000.0
MPPI,mppi,mppi_crazyflie.py,40,232026619,700,0.02,15,0.014872452580039799,1.0,1.0,35,53,41.40347195789218,37.191465056717526,26.30121423501987,57.94763814518669,6191.306013603284,0.09163065877688248,6191.306013603284,6191.306013603284,0.08,0.08,0.04,,,,,,,,,
RAMPPI,ramppi,RA_mppi_crazyflie.py,40,1362635735,700,0.02,15,0.07183855032300956,1.0,1.0,483,3,45.62881903257221,40.52253149034056,28.771441864024382,62.693813746015955,1388.1850475108083,0.2947751960362597,1388.1850475108083,1388.1850475108083,0.08,0.08,0.04,,0.95,60.0,5000.0,0.0,,,,
DRMPPI,drmppi,DR_mppi_crazyflie.py,40,211875280,700,0.02,15,0.09243965159235341,0.0,0.0,-1,0,45.43759097578004,40.641122910476824,28.857908244011924,63.213959127446884,18177.93852346826,0.7303587985602833,18177.93852346826,18177.93852346826,0.08,0.08,0.04,0.004,0.95,60.0,5000.0,0.0,,,,
DRAMPPI,dramppi,DRA_mppi_crazyflie.py,40,374465546,700,0.02,15,0.08826351469533394,0.0,0.0,-1,0,45.45032500755042,37.640379896287676,26.753641218005214,65.89313402635406,4821.3380010709425,0.13549954658683167,4821.3380010709425,4821.3380010709425,0.08,0.08,0.04,,,,,,0.05,60.0,5000.0,1000.0
MPPI,mppi,mppi_crazyflie.py,41,2065851859,700,0.02,15,0.01609635867563657,1.0,1.0,33,59,11.810806987341493,11.369800876543325,8.206208275980316,58.51464676411322,6426.446589732588,0.06900404671428786,6426.446589732588,6426.446589732588,0.08,0.08,0.04,,,,,,,,,
RAMPPI,ramppi,RA_mppi_crazyflie.py,41,532929183,700,0.02,15,0.08135625203592532,0.0,0.0,-1,0,11.902459023986012,11.413659226548459,8.352305762004107,62.67930379932899,1550.0922177420782,0.17279840913024683,1550.0922177420782,1550.0922177420782,0.08,0.08,0.04,,0.95,60.0,5000.0,0.0,,,,
DRMPPI,drmppi,DR_mppi_crazyflie.py,41,1235511627,700,0.02,15,0.0931120531287924,0.0,0.0,-1,0,12.407552043441683,11.880103215475433,8.678587069036439,63.16051640600207,16367.894761066816,0.767229950624975,16367.894761066816,16367.894761066816,0.08,0.08,0.04,0.004,0.95,60.0,5000.0,0.0,,,,
DRAMPPI,dramppi,DRA_mppi_crazyflie.py,41,1470646160,700,0.02,15,0.08617562366876226,0.0,0.0,-1,0,29.45222402922809,21.716913836925023,15.578384385968093,67.75171736100502,8815.966320454412,0.17848622781698958,8815.966320454412,8815.966320454412,0.08,0.08,0.04,,,,,,0.05,60.0,5000.0,1000.0
MPPI,mppi,mppi_crazyflie.py,42,1763790482,700,0.02,15,0.017248960497504528,1.0,1.0,33,61,29.137018020264804,28.241061697398045,20.01498727098806,58.864370193122205,4827.629351990007,0.07537377522474006,4827.629351990007,4827.629351990007,0.08,0.08,0.04,,,,,,,,,
RAMPPI,ramppi,RA_mppi_crazyflie.py,42,173670537,700,0.02,15,0.07434948682285897,1.0,1.0,483,3,30.88267002021894,28.81249060571593,20.554221332015004,61.23089177529555,2120.1321923697737,0.24784647480838262,2120.1321923697737,2120.1321923697737,0.08,0.08,0.04,,0.95,60.0,5000.0,0.0,,,,
DRMPPI,drmppi,DR_mppi_crazyflie.py,42,1805008944,700,0.02,15,0.0918213560627289,0.0,0.0,-1,0,31.26236901152879,29.257554296636954,20.868317756976467,63.138519455949705,17583.972004319603,1.0068428399877203,17583.972004319603,17583.972004319603,0.08,0.08,0.04,0.004,0.95,60.0,5000.0,0.0,,,,
DRAMPPI,dramppi,DRA_mppi_crazyflie.py,42,1879206247,700,0.02,15,0.09191394917199681,0.0,0.0,-1,0,50.28133996529505,29.4131876328694,20.980467916000634,74.56750911668263,2818.260550190417,0.15027047244200512,2818.260550190417,2818.260550190417,0.08,0.08,0.04,,,,,,0.05,60.0,5000.0,1000.0
MPPI,mppi,mppi_crazyflie.py,43,1488659697,700,0.02,15,0.005610097991052199,1.0,1.0,35,61,47.66997304977849,40.467364545329474,28.594392563973088,60.168496948776735,6300.013591597812,0.13214310911675065,6300.013591597812,6300.013591597812,0.08,0.08,0.04,,,,,,,,,
RAMPPI,ramppi,RA_mppi_crazyflie.py,43,920614173,700,0.02,15,0.07567611396974915,1.0,1.0,484,3,64.78915602201596,44.292576945320306,31.403212996956427,63.251905113772736,1810.945024355849,0.2641661319603894,1810.945024355849,1810.945024355849,0.08,0.08,0.04,,0.95,60.0,5000.0,0.0,,,,
DRMPPI,drmppi,DR_mppi_crazyflie.py,43,575464499,700,0.02,15,0.10058449230277963,0.0,0.0,-1,0,65.5230789561756,44.85849462133566,31.809365972003434,62.36541775709264,13477.101448798969,0.664395650941014,13477.101448798969,13477.101448798969,0.08,0.08,0.04,0.004,0.95,60.0,5000.0,0.0,,,,
DRAMPPI,dramppi,DRA_mppi_crazyflie.py,43,1327991421,700,0.02,15,0.07616073712655855,1.0,1.0,483,2,65.22268598200753,45.833129488746636,32.48683585197432,68.26424544937089,16900.302253628117,0.14831655626495613,16900.302253628117,16900.302253628117,0.08,0.08,0.04,,,,,,0.05,60.0,5000.0,1000.0
MPPI,mppi,mppi_crazyflie.py,44,1444571963,700,0.02,15,0.00936605080123606,1.0,1.0,32,59,59.555204992648214,41.353209632299176,29.19996578100836,57.89689090461265,4741.836899981308,0.07549304258522808,4741.836899981308,4741.836899981308,0.08,0.08,0.04,,,,,,,,,
RAMPPI,ramppi,RA_mppi_crazyflie.py,44,672388949,700,0.02,15,0.07679275735659746,1.0,1.0,484,2,62.61883600382134,44.401845696182654,31.48028095596237,62.027444142020784,2533.416690550913,0.14270479796048668,2533.416690550913,2533.416690550913,0.08,0.08,0.04,,0.95,60.0,5000.0,0.0,,,,
DRMPPI,drmppi,DR_mppi_crazyflie.py,44,1463826282,700,0.02,15,0.09174578506043264,0.0,0.0,-1,0,65.80178102012724,44.77619530907499,31.7530237470055,63.36903120244461,15490.600752789891,0.9048669424810242,15490.600752789891,15490.600752789891,0.08,0.08,0.04,0.004,0.95,60.0,5000.0,0.0,,,,
DRAMPPI,dramppi,DRA_mppi_crazyflie.py,44,384319804,700,0.02,15,0.0844413643449463,0.0,0.0,-1,0,52.04274400603026,45.48284869350027,32.244786768977065,67.98050482143748,15438.379891260487,0.13423535508574275,15438.379891260487,15438.379891260487,0.08,0.08,0.04,,,,,,0.05,60.0,5000.0,1000.0
MPPI,mppi,mppi_crazyflie.py,45,549845687,700,0.02,15,0.009970423667904644,1.0,1.0,32,65,58.92907502129674,39.95464344226223,28.236557202995755,57.30907040748829,5987.429187229473,0.08034188986414874,5987.429187229473,5987.429187229473,0.08,0.08,0.04,,,,,,,,,
RAMPPI,ramppi,RA_mppi_crazyflie.py,45,20856635,700,0.02,15,0.07025473761094132,1.0,1.0,484,4,63.38088697521016,43.49037101176301,30.85023021197412,62.036379270654194,1454.8394590559406,0.22342771843895645,1454.8394590559406,1454.8394590559406,0.08,0.08,0.04,,0.95,60.0,5000.0,0.0,,,,
DRMPPI,drmppi,DR_mppi_crazyflie.py,45,625331721,700,0.02,15,0.09556063431391552,0.0,0.0,-1,0,68.36931500583887,44.36054881736969,31.464536757965107,62.59573816477422,17823.96946304174,0.8834861265507337,17823.96946304174,17823.96946304174,0.08,0.08,0.04,0.004,0.95,60.0,5000.0,0.0,,,,
DRAMPPI,dramppi,DRA_mppi_crazyflie.py,45,451063818,700,0.02,15,0.08223885465649958,0.0,0.0,-1,0,64.84859099145979,44.40444557328841,31.495014315005392,70.05718974763471,5586.949966295472,0.1370938845270994,5586.949966295472,5586.949966295472,0.08,0.08,0.04,,,,,,0.05,60.0,5000.0,1000.0
MPPI,mppi,mppi_crazyflie.py,46,1765333524,700,0.02,15,0.022472528253771856,1.0,1.0,32,55,47.205098962876946,39.67871475948154,28.04764010303188,57.87976549883973,5062.059617549028,0.0891867091129447,5062.059617549028,5062.059617549028,0.08,0.08,0.04,,,,,,,,,
RAMPPI,ramppi,RA_mppi_crazyflie.py,46,1868312230,700,0.02,15,0.07827368707169784,1.0,1.0,483,2,67.29582900879905,44.51270356158992,31.567470570968,61.39802762396094,1481.5580189776397,0.18576959179468328,1481.5580189776397,1481.5580189776397,0.08,0.08,0.04,,0.95,60.0,5000.0,0.0,,,,
DRMPPI,drmppi,DR_mppi_crazyflie.py,46,1871869742,700,0.02,15,0.08886484782877635,0.0,0.0,-1,0,68.81094200070947,47.1018831296325,33.36334075697232,61.630338898440556,15694.078120275586,1.0522924575203527,15694.078120275586,15694.078120275586,0.08,0.08,0.04,0.004,0.95,60.0,5000.0,0.0,,,,
DRAMPPI,dramppi,DRA_mppi_crazyflie.py,46,2089136091,700,0.02,15,0.08829139097915799,0.0,0.0,-1,0,68.64734494592994,47.18143315511822,33.40677943901392,67.2920952265117,11649.138513853728,0.1972968787398056,11649.138513853728,11649.138513853728,0.08,0.08,0.04,,,,,,0.05,60.0,5000.0,1000.0
MPPI,mppi,mppi_crazyflie.py,47,1350752517,700,0.02,15,0.020867683137574682,1.0,1.0,33,57,61.72689504455775,42.365172118048314,29.913270193967037,57.68406288459184,5966.229260893244,0.10519546140340125,5966.229260893244,5966.229260893244,0.08,0.08,0.04,,,,,,,,,
RAMPPI,ramppi,RA_mppi_crazyflie.py,47,948741832,700,0.02,15,0.08926945511054134,0.0,0.0,-1,0,67.64581298921257,46.003473306690076,32.58768176304875,62.18533908743097,1223.9234628928657,0.1853020011221834,1223.9234628928657,1223.9234628928657,0.08,0.08,0.04,,0.95,60.0,5000.0,0.0,,,,
DRMPPI,drmppi,DR_mppi_crazyflie.py,47,1250404833,700,0.02,15,0.10119737232877106,0.0,0.0,-1,0,70.66355599090457,47.00215010321699,33.28121534601087,63.32878466874985,13896.01276295899,1.061375545269593,13896.01276295899,13896.01276295899,0.08,0.08,0.04,0.004,0.95,60.0,5000.0,0.0,,,,
DRAMPPI,dramppi,DRA_mppi_crazyflie.py,47,813358346,700,0.02,15,0.08268191785084722,0.0,0.0,-1,0,68.92205402255058,47.67339547929753,33.755853837006725,66.7767255316947,1734.664521770546,0.15299192354184,1734.664521770546,1734.664521770546,0.08,0.08,0.04,,,,,,0.05,60.0,5000.0,1000.0
MPPI,mppi,mppi_crazyflie.py,48,1016531149,700,0.02,15,0.009118888077496293,1.0,1.0,31,62,60.21890603005886,42.28873185863319,29.859527231019456,59.26763733909667,4506.932033490342,0.07887688946505506,4506.932033490342,4506.932033490342,0.08,0.08,0.04,,,,,,,,,
RAMPPI,ramppi,RA_mppi_crazyflie.py,48,592591844,700,0.02,15,0.08014359160454183,0.0,0.0,-1,0,64.04409697279334,45.74957523461698,32.408097542996984,61.87444362791852,1361.304238371182,0.17961848556094406,1361.304238371182,1361.304238371182,0.08,0.08,0.04,,0.95,60.0,5000.0,0.0,,,,
DRMPPI,drmppi,DR_mppi_crazyflie.py,48,1488505754,700,0.02,15,0.1033070141578206,0.0,0.0,-1,0,69.8089639772661,46.173849846652175,32.71627149300184,63.35231270349223,14370.658097122436,1.0296927482079457,14370.658097122436,14370.658097122436,0.08,0.08,0.04,0.004,0.95,60.0,5000.0,0.0,,,,
DRAMPPI,dramppi,DRA_mppi_crazyflie.py,48,2074692775,700,0.02,15,0.07876503972991603,1.0,1.0,483,2,67.75554304476827,47.27647490583227,33.48135265294695,71.64931178799523,13741.082127338845,0.1446846207876714,13741.082127338845,13741.082127338845,0.08,0.08,0.04,,,,,,0.05,60.0,5000.0,1000.0
MPPI,mppi,mppi_crazyflie.py,49,341015522,700,0.02,15,0.013213985955267888,1.0,1.0,33,64,61.672887997701764,40.096159002527465,28.324772055028006,57.5936729517912,4638.307120147111,0.08179343585882015,4638.307120147111,4638.307120147111,0.08,0.08,0.04,,,,,,,,,
RAMPPI,ramppi,RA_mppi_crazyflie.py,49,124989142,700,0.02,15,0.07748302854460362,1.0,1.0,484,2,65.76159998076037,45.7107524093174,32.38234646699857,62.05920639859778,1161.5676210845259,0.3221163599389361,1161.5676210845259,1161.5676210845259,0.08,0.08,0.04,,0.95,60.0,5000.0,0.0,,,,
DRMPPI,drmppi,DR_mppi_crazyflie.py,49,812260400,700,0.02,15,0.09277132004102356,0.0,0.0,-1,0,69.38440300291404,46.71883410898902,33.087074726005085,63.40530639101643,18505.015111881872,0.9031137337254516,18505.015111881872,18505.015111881872,0.08,0.08,0.04,0.004,0.95,60.0,5000.0,0.0,,,,
DRAMPPI,dramppi,DRA_mppi_crazyflie.py,49,877749363,700,0.02,15,0.08535655040445082,0.0,0.0,-1,0,67.4225750262849,47.1556960595938,33.40208818903193,67.6916530855771,1407.9826920947694,0.13306709788335008,1407.9826920947694,1407.9826920947694,0.08,0.08,0.04,,,,,,0.05,60.0,5000.0,1000.0
MPPI,mppi,mppi_crazyflie.py,50,885012874,700,0.02,15,0.009373766958134487,1.0,1.0,33,58,98.28945097979158,53.12205198121124,37.445014527998865,58.44362086577298,5331.878199799006,0.07940711200926685,5331.878199799006,5331.878199799006,0.08,0.08,0.04,,,,,,,,,
RAMPPI,ramppi,RA_mppi_crazyflie.py,50,362127685,700,0.02,15,0.06495074555190526,1.0,1.0,482,6,109.77619397453964,101.98808419659534,71.78608694300056,61.244651355121576,1991.6269538130953,0.21976250385638313,1991.6269538130953,1991.6269538130953,0.08,0.08,0.04,,0.95,60.0,5000.0,0.0,,,,
DRMPPI,drmppi,DR_mppi_crazyflie.py,50,352109286,700,0.02,15,0.09497250452990738,0.0,0.0,-1,0,63.43341403407976,46.63409454698142,33.028595867042895,62.693006769190866,19106.41026798469,0.9401403702428474,19106.41026798469,19106.41026798469,0.08,0.08,0.04,0.004,0.95,60.0,5000.0,0.0,,,,
DRAMPPI,dramppi,DRA_mppi_crazyflie.py,50,515705438,700,0.02,15,0.08136371450105802,0.0,0.0,-1,0,68.24357598088682,46.96118064141566,33.259516623977106,69.22119513360812,12198.997361283828,0.14640401178844795,12198.997361283828,12198.997361283828,0.08,0.08,0.04,,,,,,0.05,60.0,5000.0,1000.0
MPPI,mppi,mppi_crazyflie.py,51,1242333319,700,0.02,15,0.00791641768023976,1.0,1.0,32,60,59.08947199350223,41.688839349662885,29.446619111986365,59.24269147780589,6392.580869725842,0.08859236033874462,6392.580869725842,6392.580869725842,0.08,0.08,0.04,,,,,,,,,
RAMPPI,ramppi,RA_mppi_crazyflie.py,51,1675054115,700,0.02,15,0.08548598271779277,0.0,0.0,-1,0,68.34424403496087,45.350110291786095,32.130445924995,63.01597991309211,2507.9243459384384,0.17685785328731787,2507.9243459384384,2507.9243459384384,0.08,0.08,0.04,,0.95,60.0,5000.0,0.0,,,,
DRMPPI,drmppi,DR_mppi_crazyflie.py,51,1015525194,700,0.02,15,0.09398171605604407,0.0,0.0,-1,0,69.18033899273723,47.11243935411663,33.35807360598119,63.050694040807585,19377.327595740364,0.8460258924894161,19377.327595740364,19377.327595740364,0.08,0.08,0.04,0.004,0.95,60.0,5000.0,0.0,,,,
DRAMPPI,dramppi,DRA_mppi_crazyflie.py,51,437587580,700,0.02,15,0.09013635091740196,0.0,0.0,-1,0,97.89992403239012,48.577843464029556,34.41265246702824,68.70052362284274,5594.4531719762535,0.2517364568606746,5594.4531719762535,5594.4531719762535,0.08,0.08,0.04,,,,,,0.05,60.0,5000.0,1000.0
MPPI,mppi,mppi_crazyflie.py,52,916418952,700,0.02,15,0.02566480896888732,1.0,1.0,34,55,96.5689750155434,93.97049717580168,66.0545575679862,57.86647394955797,4800.02590272823,0.10977395230262135,4800.02590272823,4800.02590272823,0.08,0.08,0.04,,,,,,,,,
RAMPPI,ramppi,RA_mppi_crazyflie.py,52,1185520397,700,0.02,15,0.08662329244834992,0.0,0.0,-1,0,104.15225505130365,57.649203227151055,40.767734137014486,61.82263111163632,1542.0844566303265,0.17452229350946818,1542.0844566303265,1542.0844566303265,0.08,0.08,0.04,,0.95,60.0,5000.0,0.0,,,,
DRMPPI,drmppi,DR_mppi_crazyflie.py,52,2008950748,700,0.02,15,0.09862124262348956,0.0,0.0,-1,0,67.1254500048235,45.840541476417066,32.49403716204688,63.88217083933799,16858.919692083848,0.9805357523996963,16858.919692083848,16858.919692083848,0.08,0.08,0.04,0.004,0.95,60.0,5000.0,0.0,,,,
DRAMPPI,dramppi,DRA_mppi_crazyflie.py,52,788113918,700,0.02,15,0.0886297002366151,0.0,0.0,-1,0,65.16559497686103,46.28773401582813,32.8055094719748,66.40570943477833,3232.5814926910907,0.15687027809765544,3232.5814926910907,3232.5814926910907,0.08,0.08,0.04,,,,,,0.05,60.0,5000.0,1000.0
MPPI,mppi,mppi_crazyflie.py,53,512725733,700,0.02,15,0.01978773094177781,1.0,1.0,33,58,48.15531999338418,40.97147391734844,28.94757696101442,58.515273082909516,4836.078472128879,0.07181706679101747,4836.078472128879,4836.078472128879,0.08,0.08,0.04,,,,,,,,,
RAMPPI,ramppi,RA_mppi_crazyflie.py,53,1089379200,700,0.02,15,0.06768209717391517,1.0,1.0,483,5,64.4379920559004,45.17396137218124,32.02596118999645,60.741965741856376,1523.3998739473539,0.21834088242729205,1523.3998739473539,1523.3998739473539,0.08,0.08,0.04,,0.95,60.0,5000.0,0.0,,,,
DRMPPI,drmppi,DR_mppi_crazyflie.py,53,130662949,700,0.02,15,0.09258332858753328,0.0,0.0,-1,0,66.06648798333481,45.626017534107504,32.3494813379948,62.972481519599214,19945.834773799295,1.044135854004253,19945.834773799295,19945.834773799295,0.08,0.08,0.04,0.004,0.95,60.0,5000.0,0.0,,,,
DRAMPPI,dramppi,DRA_mppi_crazyflie.py,53,716052215,700,0.02,15,0.07973746591195806,1.0,1.0,483,2,102.74112602928653,62.54396834701765,44.189683825999964,73.24456019980695,21653.324674755197,0.13690801143920783,21653.324674755197,21653.324674755197,0.08,0.08,0.04,,,,,,0.05,60.0,5000.0,1000.0
MPPI,mppi,mppi_crazyflie.py,54,351559949,700,0.02,15,0.01312272133376694,1.0,1.0,32,63,96.46276902640238,91.73219118142568,64.48542698699748,58.20797326598737,6492.341028333136,0.09055696233402105,6492.341028333136,6492.341028333136,0.08,0.08,0.04,,,,,,,,,
RAMPPI,ramppi,RA_mppi_crazyflie.py,54,607140171,700,0.02,15,0.08438466024854406,0.0,0.0,-1,0,53.119597025215626,46.236446999246255,32.735624906024896,61.26205316615494,1156.483468100655,0.1625005656844687,1156.483468100655,1156.483468100655,0.08,0.08,0.04,,0.95,60.0,5000.0,0.0,,,,
DRMPPI,drmppi,DR_mppi_crazyflie.py,54,274213066,700,0.02,15,0.09772995581364448,0.0,0.0,-1,0,68.90317902434617,47.05449841534054,33.31610415701289,62.8379521794453,13915.760960749074,1.14954719974927,13915.760960749074,13915.760960749074,0.08,0.08,0.04,0.004,0.95,60.0,5000.0,0.0,,,,
DRAMPPI,dramppi,DRA_mppi_crazyflie.py,54,605225963,700,0.02,15,0.07749522984079557,1.0,1.0,483,1,68.41524300398305,47.387786862174316,33.55511985300109,66.50132389747495,5133.741193213039,0.16527415695296682,5133.741193213039,5133.741193213039,0.08,0.08,0.04,,,,,,0.05,60.0,5000.0,1000.0
MPPI,mppi,mppi_crazyflie.py,55,754096503,700,0.02,15,0.009162937944329928,1.0,1.0,33,59,62.38752597710118,42.749346498666064,30.173414010962006,57.66872901405719,5041.095659658139,0.06961169079230309,5041.095659658139,5041.095659658139,0.08,0.08,0.04,,,,,,,,,
RAMPPI,ramppi,RA_mppi_crazyflie.py,55,183354928,700,0.02,15,0.07282657865774995,1.0,1.0,483,3,53.450666018761694,45.44112070338867,32.187761584005784,61.2930694690607,1179.4018985946814,0.24291202896166686,1179.4018985946814,1179.4018985946814,0.08,0.08,0.04,,0.95,60.0,5000.0,0.0,,,,
DRMPPI,drmppi,DR_mppi_crazyflie.py,55,739260265,700,0.02,15,0.09542909971995332,0.0,0.0,-1,0,68.95340298069641,47.015273060034296,33.29601588996593,61.83090965736217,17712.231751169784,0.7231455436617944,17712.231751169784,17712.231751169784,0.08,0.08,0.04,0.004,0.95,60.0,5000.0,0.0,,,,
DRAMPPI,dramppi,DRA_mppi_crazyflie.py,55,1034686946,700,0.02,15,0.08875020782553866,0.0,0.0,-1,0,98.25075295520946,71.35323008605545,50.32757790602045,66.57264872543641,11332.426152987387,0.15039736313984026,11332.426152987387,11332.426152987387,0.08,0.08,0.04,,,,,,0.05,60.0,5000.0,1000.0
MPPI,mppi,mppi_crazyflie.py,56,201839291,700,0.02,15,0.013324614804986654,1.0,1.0,33,58,100.47439998015761,83.13830177382832,58.461833248031326,57.66806086671704,5103.1037116546795,0.06994327238134684,5103.1037116546795,5103.1037116546795,0.08,0.08,0.04,,,,,,,,,
RAMPPI,ramppi,RA_mppi_crazyflie.py,56,1896964420,700,0.02,15,0.06736971889003684,1.0,1.0,483,5,53.05189802311361,45.925799385045785,32.53053324302891,61.34775373863529,2085.6067595833574,0.2775078840123003,2085.6067595833574,2085.6067595833574,0.08,0.08,0.04,,0.95,60.0,5000.0,0.0,,,,
DRMPPI,drmppi,DR_mppi_crazyflie.py,56,1881585973,700,0.02,15,0.09520611354317601,0.0,0.0,-1,0,66.71600899426267,47.10757114500406,33.361159531981684,63.11422896833441,16993.483455294172,0.6681721185610048,16993.483455294172,16993.483455294172,0.08,0.08,0.04,0.004,0.95,60.0,5000.0,0.0,,,,
DRAMPPI,dramppi,DRA_mppi_crazyflie.py,56,2034156137,700,0.02,15,0.08101816815434687,0.0,0.0,-1,0,67.84334499388933,46.61593921640555,33.025798693008255,69.52184567591243,44086.67952411978,0.18948518041013784,44086.67952411978,44086.67952411978,0.08,0.08,0.04,,,,,,0.05,60.0,5000.0,1000.0
MPPI,mppi,mppi_crazyflie.py,57,257125713,700,0.02,15,0.02976782552251814,1.0,1.0,33,63,48.15753101138398,41.73205103691934,29.47344441700261,59.93231763319184,4603.50035272713,0.14065825118015177,4603.50035272713,4603.50035272713,0.08,0.08,0.04,,,,,,,,,
RAMPPI,ramppi,RA_mppi_crazyflie.py,57,58806094,700,0.02,15,0.07603846287920905,1.0,1.0,484,2,68.20227700518444,44.49419432328016,31.528199594002217,62.929100930247,1070.7792449062738,0.1819203719647599,1070.7792449062738,1070.7792449062738,0.08,0.08,0.04,,0.95,60.0,5000.0,0.0,,,,
DRMPPI,drmppi,DR_mppi_crazyflie.py,57,2081075819,700,0.02,15,0.09324705186026461,0.0,0.0,-1,0,62.63730098726228,46.8712115062434,33.196980766020715,62.71782203749608,16831.897725178373,0.8605249434338516,16831.897725178373,16831.897725178373,0.08,0.08,0.04,0.004,0.95,60.0,5000.0,0.0,,,,
DRAMPPI,dramppi,DRA_mppi_crazyflie.py,57,1970857936,700,0.02,15,0.08022802110654192,0.0,0.0,-1,0,102.00073098530993,55.81619353316325,39.46207024704199,70.47754722088915,12480.59492965371,0.14622274873186653,12480.59492965371,12480.59492965371,0.08,0.08,0.04,,,,,,0.05,60.0,5000.0,1000.0
MPPI,mppi,mppi_crazyflie.py,58,1721470524,700,0.02,15,0.006863711024469283,1.0,1.0,34,63,100.69293400738388,93.82924302090292,65.94161143800011,58.16567465040865,5081.98983717205,0.07757374424214036,5081.98983717205,5081.98983717205,0.08,0.08,0.04,,,,,,,,,
RAMPPI,ramppi,RA_mppi_crazyflie.py,58,260971939,700,0.02,15,0.07113254980808618,1.0,1.0,483,4,102.4990199948661,50.934664970014374,36.04755059198942,61.40691069028422,1458.5153739453494,0.21422861338499072,1458.5153739453494,1458.5153739453494,0.08,0.08,0.04,,0.95,60.0,5000.0,0.0,,,,
DRMPPI,drmppi,DR_mppi_crazyflie.py,58,1432184335,700,0.02,15,0.09323312513803934,0.0,0.0,-1,0,67.67609098460525,46.89621435420122,33.21761278103804,62.584710518032466,17362.400874048148,0.8709526620250235,17362.400874048148,17362.400874048148,0.08,0.08,0.04,0.004,0.95,60.0,5000.0,0.0,,,,
DRAMPPI,dramppi,DRA_mppi_crazyflie.py,58,1605990834,700,0.02,15,0.09128038052279662,0.0,0.0,-1,0,64.43491100799292,46.970202303990455,33.27410039695678,66.83302440432374,25896.712395082308,0.15927768970788514,25896.712395082308,25896.712395082308,0.08,0.08,0.04,,,,,,0.05,60.0,5000.0,1000.0
MPPI,mppi,mppi_crazyflie.py,59,620819972,700,0.02,15,0.01820295337420961,1.0,1.0,35,53,47.593923984095454,41.196797901814406,29.10397468600422,57.73197689746819,4282.523736925209,0.11416619807416656,4282.523736925209,4282.523736925209,0.08,0.08,0.04,,,,,,,,,
RAMPPI,ramppi,RA_mppi_crazyflie.py,59,1925263632,700,0.02,15,0.08476444805591833,0.0,0.0,-1,0,66.27494998974726,45.31242150555564,32.120480608951766,62.24219460704096,1381.586952790619,0.19673748756635745,1381.586952790619,1381.586952790619,0.08,0.08,0.04,,0.95,60.0,5000.0,0.0,,,,
DRMPPI,drmppi,DR_mppi_crazyflie.py,59,1619008472,700,0.02,15,0.09824209784891696,0.0,0.0,-1,0,53.908151981886476,46.113212981893284,32.67712261597626,63.87935190435745,15265.542330792108,0.8893723946399799,15265.542330792108,15265.542330792108,0.08,0.08,0.04,0.004,0.95,60.0,5000.0,0.0,,,,
DRAMPPI,dramppi,DRA_mppi_crazyflie.py,59,360626498,700,0.02,15,0.08858667335865969,0.0,0.0,-1,0,66.84189400402829,46.52323308500594,32.968249869998544,68.15352133283427,8920.526033090875,0.1283172673855511,8920.526033090875,8920.526033090875,0.08,0.08,0.04,,,,,,0.05,60.0,5000.0,1000.0
MPPI,mppi,mppi_crazyflie.py,60,1240885929,700,0.02,15,0.011030720541000828,1.0,1.0,32,62,100.74165900005028,65.28620490230553,45.96873676701216,57.41838371942724,6402.178188876887,0.10592385280897466,6402.178188876887,6402.178188876887,0.08,0.08,0.04,,,,,,,,,
RAMPPI,ramppi,RA_mppi_crazyflie.py,60,711811842,700,0.02,15,0.0827445342681483,0.0,0.0,-1,0,109.11357699660584,88.47007288738885,62.34155805699993,62.62699926451532,1263.7509645021685,0.20374134862253054,1263.7509645021685,1263.7509645021685,0.08,0.08,0.04,,0.95,60.0,5000.0,0.0,,,,
DRMPPI,drmppi,DR_mppi_crazyflie.py,60,1687037081,700,0.02,15,0.09614262896355381,0.0,0.0,-1,0,53.33020398393273,46.18055809114594,32.721996075997595,63.383971753151215,15778.509578469746,0.7313241826194942,15778.509578469746,15778.509578469746,0.08,0.08,0.04,0.004,0.95,60.0,5000.0,0.0,,,,
DRAMPPI,dramppi,DRA_mppi_crazyflie.py,60,812085169,700,0.02,15,0.0827738645896891,0.0,0.0,-1,0,67.29197403183207,46.17447986458761,32.7249149470008,67.35384616182702,1512.4310270166852,0.1184452524090715,1512.4310270166852,1512.4310270166852,0.08,0.08,0.04,,,,,,0.05,60.0,5000.0,1000.0
MPPI,mppi,mppi_crazyflie.py,61,1851858492,700,0.02,15,0.013779375349202172,1.0,1.0,34,60,60.18560100346804,41.28471864304239,29.168310911976732,58.38596595374186,4503.662764740696,0.07669644071645501,4503.662764740696,4503.662764740696,0.08,0.08,0.04,,,,,,,,,
RAMPPI,ramppi,RA_mppi_crazyflie.py,61,744852464,700,0.02,15,0.0758858240084237,1.0,1.0,483,3,52.00467596296221,44.76026930754805,31.739217664056923,62.42857570800223,1810.2177493962274,0.2071283591345908,1810.2177493962274,1810.2177493962274,0.08,0.08,0.04,,0.95,60.0,5000.0,0.0,,,,
DRMPPI,drmppi,DR_mppi_crazyflie.py,61,1426001516,700,0.02,15,0.09831686519758923,0.0,0.0,-1,0,68.0566699593328,46.40063055524869,32.873849582043476,63.26496958558578,21752.103360291236,0.8285892015064533,21752.103360291236,21752.103360291236,0.08,0.08,0.04,0.004,0.95,60.0,5000.0,0.0,,,,
DRAMPPI,dramppi,DRA_mppi_crazyflie.py,61,1108650675,700,0.02,15,0.07238115192962082,1.0,1.0,216,5,66.21225900016725,47.052913164703305,33.32778070104541,68.13212566395464,29882.614499058112,0.11472840706666165,29882.614499058112,29882.614499058112,0.08,0.08,0.04,,,,,,0.05,60.0,5000.0,1000.0
MPPI,mppi,mppi_crazyflie.py,62,900209675,700,0.02,15,0.01899709496778632,1.0,1.0,33,58,48.009515972808,41.4460357542183,29.269002860004548,57.94736801792867,4858.669104071726,0.09481840530173968,4858.669104071726,4858.669104071726,0.08,0.08,0.04,,,,,,,,,
RAMPPI,ramppi,RA_mppi_crazyflie.py,62,19314526,700,0.02,15,0.07411909843440927,1.0,1.0,483,3,106.26198601676151,62.78996469336562,44.34071554400725,61.587832724196964,1858.5169438621174,0.3643946891163278,1858.5169438621174,1858.5169438621174,0.08,0.08,0.04,,0.95,60.0,5000.0,0.0,,,,
DRMPPI,drmppi,DR_mppi_crazyflie.py,62,2112775688,700,0.02,15,0.0910509745298572,0.0,0.0,-1,0,109.47441298048943,94.32740211844377,66.42796167795314,62.33827974383498,18916.491852642324,0.9685698695853534,18916.491852642324,18916.491852642324,0.08,0.08,0.04,0.004,0.95,60.0,5000.0,0.0,,,,
DRAMPPI,dramppi,DRA_mppi_crazyflie.py,62,907694531,700,0.02,15,0.0899145827672592,0.0,0.0,-1,0,52.750456030480564,46.12364753548588,32.68097475700779,68.34518870003973,3430.327568405892,0.1503968068305827,3430.327568405892,3430.327568405892,0.08,0.08,0.04,,,,,,0.05,60.0,5000.0,1000.0
MPPI,mppi,mppi_crazyflie.py,63,717277258,700,0.02,15,0.015897050669800832,1.0,1.0,33,60,60.23836403619498,42.6283296146929,30.098765017988626,58.004355270048165,3712.746979207339,0.11022930831512072,3712.746979207339,3712.746979207339,0.08,0.08,0.04,,,,,,,,,
RAMPPI,ramppi,RA_mppi_crazyflie.py,63,1884755621,700,0.02,15,0.07291465695234339,1.0,1.0,483,6,52.377643005456775,44.341667459645706,31.43929658504203,61.46135314530154,1865.9342325222303,0.28013483448574095,1865.9342325222303,1865.9342325222303,0.08,0.08,0.04,,0.95,60.0,5000.0,0.0,,,,
DRMPPI,drmppi,DR_mppi_crazyflie.py,63,6988557,700,0.02,15,0.09500329897400152,0.0,0.0,-1,0,66.66686403332278,46.86801791540347,33.198967631033156,63.51923314604752,19330.493048793403,0.8163698834544418,19330.493048793403,19330.493048793403,0.08,0.08,0.04,0.004,0.95,60.0,5000.0,0.0,,,,
DRAMPPI,dramppi,DRA_mppi_crazyflie.py,63,187701136,700,0.02,15,0.08866817074326971,0.0,0.0,-1,0,64.91828395519406,47.16368202793611,33.40806436102139,69.62141631260366,6956.180244365757,0.12580400528796123,6956.180244365757,6956.180244365757,0.08,0.08,0.04,,,,,,0.05,60.0,5000.0,1000.0
MPPI,mppi,mppi_crazyflie.py,64,1014468013,700,0.02,15,0.011153114969733764,1.0,1.0,33,64,48.55490894988179,41.942753629160244,29.61820596503094,58.12079166571016,4905.138365116505,0.12831596172067145,4905.138365116505,4905.138365116505,0.08,0.08,0.04,,,,,,,,,
RAMPPI,ramppi,RA_mppi_crazyflie.py,64,1039564229,700,0.02,15,0.08355420860758894,0.0,0.0,-1,0,66.30488997325301,45.11313447778645,31.977359985001385,61.73554473490229,1436.5664173403695,0.347633521783887,1436.5664173403695,1436.5664173403695,0.08,0.08,0.04,,0.95,60.0,5000.0,0.0,,,,
DRMPPI,drmppi,DR_mppi_crazyflie.py,64,1838209004,700,0.02,15,0.08832465331519444,0.0,0.0,-1,0,53.76176501158625,44.49969833999473,31.546071153017692,62.33767230763906,21008.319704725407,0.7615170698039065,21008.319704725407,21008.319704725407,0.08,0.08,0.04,0.004,0.95,60.0,5000.0,0.0,,,,
DRAMPPI,dramppi,DRA_mppi_crazyflie.py,64,1033428674,700,0.02,15,0.08410171336443796,0.0,0.0,-1,0,129.20882395701483,100.445187955047,70.69603827403625,67.2801056419016,4863.021325765368,0.15457059537489515,4863.021325765368,4863.021325765368,0.08,0.08,0.04,,,,,,0.05,60.0,5000.0,1000.0
MPPI,mppi,mppi_crazyflie.py,65,1515697862,700,0.02,15,0.014644495019793953,1.0,1.0,31,53,96.48749197367579,60.16922568702804,42.37885894201463,58.14646075608858,5048.024907882493,0.12816489965189637,5048.024907882493,5048.024907882493,0.08,0.08,0.04,,,,,,,,,
RAMPPI,ramppi,RA_mppi_crazyflie.py,65,1680559477,700,0.02,15,0.08114329882433823,0.0,0.0,-1,0,52.30823304736987,43.75711124282264,31.0305831549922,61.66121274028342,1484.06624882634,0.21362393837471103,1484.06624882634,1484.06624882634,0.08,0.08,0.04,,0.95,60.0,5000.0,0.0,,,,
DRMPPI,drmppi,DR_mppi_crazyflie.py,65,564881604,700,0.02,15,0.09037289087431566,0.0,0.0,-1,0,67.64736899640411,46.70244572509546,33.07431933202315,63.97455903559447,18807.77584223198,0.9904532681880672,18807.77584223198,18807.77584223198,0.08,0.08,0.04,0.004,0.95,60.0,5000.0,0.0,,,,
DRAMPPI,dramppi,DRA_mppi_crazyflie.py,65,2071375914,700,0.02,15,0.07695545873075199,1.0,1.0,484,2,66.01453898474574,47.024565802171956,33.306004671962,67.74717977090071,25645.281265339334,0.1584987357067591,25645.281265339334,25645.281265339334,0.08,0.08,0.04,,,,,,0.05,60.0,5000.0,1000.0
MPPI,mppi,mppi_crazyflie.py,66,2024285041,700,0.02,15,0.0051452858757118445,1.0,1.0,32,59,48.173975024838,42.316922427936724,29.877887321985327,58.40943799450476,7547.075436465731,0.10469661944289227,7547.075436465731,7547.075436465731,0.08,0.08,0.04,,,,,,,,,
RAMPPI,ramppi,RA_mppi_crazyflie.py,66,1518478044,700,0.02,15,0.07851997898830261,1.0,1.0,484,1,130.4569260100834,72.89093123865314,51.42252091498813,61.06867055549168,1273.7461856816055,0.2970503144000693,1273.7461856816055,1273.7461856816055,0.08,0.08,0.04,,0.95,60.0,5000.0,0.0,,,,
DRMPPI,drmppi,DR_mppi_crazyflie.py,66,99505552,700,0.02,15,0.09441527636377768,0.0,0.0,-1,0,102.22167294705287,46.761041742367006,33.13794785796199,63.029696731296106,16085.730785849777,0.957385272614123,16085.730785849777,16085.730785849777,0.08,0.08,0.04,0.004,0.95,60.0,5000.0,0.0,,,,
DRAMPPI,dramppi,DRA_mppi_crazyflie.py,66,587845131,700,0.02,15,0.07759525737800717,1.0,1.0,483,2,52.98252700595185,46.13214409851935,32.68052768998314,66.30798450772215,5769.349085279447,0.1578742391602378,5769.349085279447,5769.349085279447,0.08,0.08,0.04,,,,,,0.05,60.0,5000.0,1000.0
MPPI,mppi,mppi_crazyflie.py,67,284890506,700,0.02,15,0.015277944619983275,1.0,1.0,32,60,112.56959597812966,81.67201910483917,57.426763886003755,57.66312912524672,5220.3281092712205,0.14471387726741708,5220.3281092712205,5220.3281092712205,0.08,0.08,0.04,,,,,,,,,
RAMPPI,ramppi,RA_mppi_crazyflie.py,67,1439057354,700,0.02,15,0.0878422663799968,0.0,0.0,-1,0,119.39103394979611,80.90803942942459,57.03021459898446,62.19187479938947,1122.113042336855,0.28004450156860633,1122.113042336855,1122.113042336855,0.08,0.08,0.04,,0.95,60.0,5000.0,0.0,,,,
DRMPPI,drmppi,DR_mppi_crazyflie.py,67,54750940,700,0.02,15,0.0948755273705365,0.0,0.0,-1,0,54.124476038850844,47.07776515387065,33.33525975199882,62.93297876878714,19303.29182959704,0.9523997968515368,19303.29182959704,19303.29182959704,0.08,0.08,0.04,0.004,0.95,60.0,5000.0,0.0,,,,
DRAMPPI,dramppi,DRA_mppi_crazyflie.py,67,746325305,700,0.02,15,0.08259524330856682,0.0,0.0,-1,0,65.90848398627713,47.2769698835743,33.46863537398167,75.38913097780905,17350.08530148658,0.1437494855240355,17350.08530148658,17350.08530148658,0.08,0.08,0.04,,,,,,0.05,60.0,5000.0,1000.0
MPPI,mppi,mppi_crazyflie.py,68,6626651,700,0.02,15,0.006631844844960364,1.0,1.0,33,57,48.64522005664185,41.30142706737388,29.159492301987484,58.38549906242241,4554.458641375032,0.08014511526499953,4554.458641375032,4554.458641375032,0.08,0.08,0.04,,,,,,,,,
RAMPPI,ramppi,RA_mppi_crazyflie.py,68,1649541966,700,0.02,15,0.077390120746822,1.0,1.0,484,2,65.29411696828902,45.18624907409373,32.00437861302635,62.08819996352675,2044.1267941722951,0.18438149701454593,2044.1267941722951,2044.1267941722951,0.08,0.08,0.04,,0.95,60.0,5000.0,0.0,,,,
DRMPPI,drmppi,DR_mppi_crazyflie.py,68,807520703,700,0.02,15,0.09349551951963116,0.0,0.0,-1,0,65.46975899254903,44.78218431900522,31.71954277198529,62.12718221926387,17305.486178422107,0.7935380625615046,17305.486178422107,17305.486178422107,0.08,0.08,0.04,0.004,0.95,60.0,5000.0,0.0,,,,
DRAMPPI,dramppi,DRA_mppi_crazyflie.py,68,1451208065,700,0.02,15,0.09548352639700929,0.0,0.0,-1,0,53.001347987446934,47.10328941649225,33.34671097795945,68.02338965392457,1380.8985210575759,0.1771170455288945,1380.8985210575759,1380.8985210575759,0.08,0.08,0.04,,,,,,0.05,60.0,5000.0,1000.0
MPPI,mppi,mppi_crazyflie.py,69,364289331,700,0.02,15,0.020980352964470723,1.0,1.0,33,60,60.40275900159031,42.409899246496416,29.935417742992286,58.047573312252496,4440.346385692233,0.07714253277831393,4440.346385692233,4440.346385692233,0.08,0.08,0.04,,,,,,,,,
RAMPPI,ramppi,RA_mppi_crazyflie.py,69,2099234044,700,0.02,15,0.08216471213866629,0.0,0.0,-1,0,52.91625199606642,45.3101830147872,32.09258640900953,63.177976686296525,2720.110811463905,0.19536520746673933,2720.110811463905,2720.110811463905,0.08,0.08,0.04,,0.95,60.0,5000.0,0.0,,,,
DRMPPI,drmppi,DR_mppi_crazyflie.py,69,927581971,700,0.02,15,0.10265771892124156,0.0,0.0,-1,0,106.94262001197785,77.6434160631782,54.72585266298847,62.10294930707755,19993.497387438245,0.7008742457152436,19993.497387438245,19993.497387438245,0.08,0.08,0.04,0.004,0.95,60.0,5000.0,0.0,,,,
DRAMPPI,dramppi,DRA_mppi_crazyflie.py,69,1861245099,700,0.02,15,0.08529128201233517,0.0,0.0,-1,0,97.71544899558648,80.67879330948927,56.852982987009455,66.96467131142276,7252.90726756032,0.14742841190364547,7252.90726756032,7252.90726756032,0.08,0.08,0.04,,,,,,0.05,60.0,5000.0,1000.0
MPPI,mppi,mppi_crazyflie.py,70,2121343971,700,0.02,15,0.01663620188294308,1.0,1.0,35,58,48.199608048889786,42.47764629212075,29.982827805972192,58.216080287936435,6403.958071847583,0.09777328264487387,6403.958071847583,6403.958071847583,0.08,0.08,0.04,,,,,,,,,
RAMPPI,ramppi,RA_mppi_crazyflie.py,70,99016206,700,0.02,15,0.08055760986808896,0.0,0.0,-1,0,65.60727499891073,45.255819311964196,32.05275870900368,62.2424822884727,2283.5771830105996,0.1456533617084972,2283.5771830105996,2283.5771830105996,0.08,0.08,0.04,,0.95,60.0,5000.0,0.0,,,,
DRMPPI,drmppi,DR_mppi_crazyflie.py,70,2071606571,700,0.02,15,0.0940538503817706,0.0,0.0,-1,0,54.278881987556815,46.69061063547685,33.056711666984484,62.99896458544693,18544.550685417784,0.6158347235440569,18544.550685417784,18544.550685417784,0.08,0.08,0.04,0.004,0.95,60.0,5000.0,0.0,,,,
DRAMPPI,dramppi,DRA_mppi_crazyflie.py,70,623465425,700,0.02,15,0.07788854367414125,1.0,1.0,483,1,66.23663200298324,47.667749051553464,33.741523707984015,75.48959016226735,2810.1633671108,0.15139019213916466,2810.1633671108,2810.1633671108,0.08,0.08,0.04,,,,,,0.05,60.0,5000.0,1000.0
MPPI,mppi,mppi_crazyflie.py,71,2010345979,700,0.02,15,0.01962003882403056,1.0,1.0,31,60,48.434098018333316,42.472511259755784,29.978568400954828,57.760657749699355,5576.6628044383515,0.12349757938727621,5576.6628044383515,5576.6628044383515,0.08,0.08,0.04,,,,,,,,,
RAMPPI,ramppi,RA_mppi_crazyflie.py,71,1851970779,700,0.02,15,0.08069340259985842,0.0,0.0,-1,0,66.24291004845873,45.13636960115816,31.969691527017858,60.63684921769314,1853.5910894987067,0.21708130362135766,1853.5910894987067,1853.5910894987067,0.08,0.08,0.04,,0.95,60.0,5000.0,0.0,,,,
DRMPPI,drmppi,DR_mppi_crazyflie.py,71,166478992,700,0.02,15,0.09794134606018089,0.0,0.0,-1,0,54.28057198878378,46.21246501753506,32.72259311203379,63.43942975692421,17530.62416880233,0.7710423203304275,17530.62416880233,17530.62416880233,0.08,0.08,0.04,0.004,0.95,60.0,5000.0,0.0,,,,
DRAMPPI,dramppi,DRA_mppi_crazyflie.py,71,1290310897,700,0.02,15,0.09092557860946847,0.0,0.0,-1,0,65.91880298219621,46.561959209336365,32.97566141700372,69.62717080838607,3264.7111392909446,0.14886495180762754,3264.7111392909446,3264.7111392909446,0.08,0.08,0.04,,,,,,0.05,60.0,5000.0,1000.0
MPPI,mppi,mppi_crazyflie.py,72,174356552,700,0.02,15,0.00882204466521302,1.0,1.0,32,58,96.41991299577057,47.17867128118606,33.27317102899542,58.21296308170638,5973.445719485136,0.07331699041553928,5973.445719485136,5973.445719485136,0.08,0.08,0.04,,,,,,,,,
RAMPPI,ramppi,RA_mppi_crazyflie.py,72,739288336,700,0.02,15,0.09128042676749516,0.0,0.0,-1,0,109.54524797853082,101.74212457761834,71.60108396300348,62.02510125448678,1092.7165639125196,0.19947850228326258,1092.7165639125196,1092.7165639125196,0.08,0.08,0.04,,0.95,60.0,5000.0,0.0,,,,
DRMPPI,drmppi,DR_mppi_crazyflie.py,72,1893757008,700,0.02,15,0.10063711965075423,0.0,0.0,-1,0,102.87570900982246,51.949426923695555,36.74475573399104,62.455462546667775,17398.407326114346,0.6887334534009414,17398.407326114346,17398.407326114346,0.08,0.08,0.04,0.004,0.95,60.0,5000.0,0.0,,,,
DRAMPPI,dramppi,DRA_mppi_crazyflie.py,72,119405623,700,0.02,15,0.07775073825703353,1.0,1.0,483,2,69.04134701471776,47.62109578969622,33.70995943702292,66.17117985897079,15104.748104696962,0.15173139810256026,15104.748104696962,15104.748104696962,0.08,0.08,0.04,,,,,,0.05,60.0,5000.0,1000.0
MPPI,mppi,mppi_crazyflie.py,73,1256948811,700,0.02,15,0.02137985045057496,1.0,1.0,33,59,48.74130600364879,42.419872031730065,29.942856927984394,59.166087725639954,5870.660091636591,0.2058162959393705,5870.660091636591,5870.660091636591,0.08,0.08,0.04,,,,,,,,,
RAMPPI,ramppi,RA_mppi_crazyflie.py,73,1638256583,700,0.02,15,0.08472330553573508,0.0,0.0,-1,0,66.75166200147942,45.943831585879835,32.53636846400332,61.454224638310855,1770.991755409213,0.29795632882142353,1770.991755409213,1770.991755409213,0.08,0.08,0.04,,0.95,60.0,5000.0,0.0,,,,
DRMPPI,drmppi,DR_mppi_crazyflie.py,73,1436250863,700,0.02,15,0.09101411302919826,0.0,0.0,-1,0,54.478628968354315,46.62417021205848,33.01148328802083,62.85028464533302,19789.903605009567,0.8647097664622639,19789.903605009567,19789.903605009567,0.08,0.08,0.04,0.004,0.95,60.0,5000.0,0.0,,,,
DRAMPPI,dramppi,DRA_mppi_crazyflie.py,73,3261571,700,0.02,15,0.08353388770505116,0.0,0.0,-1,0,64.8723270278424,47.75624270376284,33.80446902796393,67.19578256598487,10893.621996367916,0.11713450577861223,10893.621996367916,10893.621996367916,0.08,0.08,0.04,,,,,,0.05,60.0,5000.0,1000.0
MPPI,mppi,mppi_crazyflie.py,74,1453808600,700,0.02,15,0.013412575605030237,1.0,1.0,32,63,48.919947003014386,42.277188062268706,29.842822487000376,58.00076659760336,5734.308753506587,0.08106725396297347,5734.308753506587,5734.308753506587,0.08,0.08,0.04,,,,,,,,,
RAMPPI,ramppi,RA_mppi_crazyflie.py,74,199379981,700,0.02,15,0.07320103300950828,1.0,1.0,483,3,65.11260801926255,45.53509168842408,32.25056857499294,65.56970962235116,1336.9921406642136,0.2585107138537195,1336.9921406642136,1336.9921406642136,0.08,0.08,0.04,,0.95,60.0,5000.0,0.0,,,,
DRMPPI,drmppi,DR_mppi_crazyflie.py,74,1729115319,700,0.02,15,0.09213496697734015,0.0,0.0,-1,0,54.40445599379018,47.50711649149058,33.63041029404849,64.34773683141441,18202.34384924872,1.5683372423272195,18202.34384924872,18202.34384924872,0.08,0.08,0.04,0.004,0.95,60.0,5000.0,0.0,,,,
DRAMPPI,dramppi,DRA_mppi_crazyflie.py,74,2133533936,700,0.02,15,0.09171290934001276,0.0,0.0,-1,0,97.6216199924238,76.58537773931,53.986439600994345,67.5760886645127,4697.998150092164,0.10086018995233897,4697.998150092164,4697.998150092164,0.08,0.08,0.04,,,,,,0.05,60.0,5000.0,1000.0
MPPI,mppi,mppi_crazyflie.py,75,2073482013,700,0.02,15,0.00846671377257154,1.0,1.0,32,62,96.37407498667017,77.5798902392853,54.56181663501775,57.876410503647186,5269.506826281037,0.09023197260035294,5269.506826281037,5269.506826281037,0.08,0.08,0.04,,,,,,,,,
RAMPPI,ramppi,RA_mppi_crazyflie.py,75,1666475392,700,0.02,15,0.08892107787821267,0.0,0.0,-1,0,53.30792901804671,46.07178636685213,32.62719938100781,63.13825034982864,3837.4276223631746,0.22168600659796459,3837.4276223631746,3837.4276223631746,0.08,0.08,0.04,,0.95,60.0,5000.0,0.0,,,,
DRMPPI,drmppi,DR_mppi_crazyflie.py,75,725704790,700,0.02,15,0.0910582175118935,0.0,0.0,-1,0,65.72233600309119,47.3144869832322,33.4956096180249,62.401979273756325,20588.659957807486,0.8579009352375211,20588.659957807486,20588.659957807486,0.08,0.08,0.04,0.004,0.95,60.0,5000.0,0.0,,,,
DRAMPPI,dramppi,DRA_mppi_crazyflie.py,75,1864597479,700,0.02,15,0.08194627592052971,0.0,0.0,-1,0,53.08652494568378,46.67953578697052,33.055794643005356,66.68458113069693,12753.15850411784,0.13681965958617337,12753.15850411784,12753.15850411784,0.08,0.08,0.04,,,,,,0.05,60.0,5000.0,1000.0
MPPI,mppi,mppi_crazyflie.py,76,1248844022,700,0.02,15,0.01544793731201034,1.0,1.0,33,57,59.79760398622602,42.52455696031185,30.015624102030415,59.06038935175583,6442.447580773915,0.07909393779006188,6442.447580773915,6442.447580773915,0.08,0.08,0.04,,,,,,,,,
RAMPPI,ramppi,RA_mppi_crazyflie.py,76,1024689542,700,0.02,15,0.0770193208861587,1.0,1.0,483,2,53.09834296349436,45.56584645187416,32.267512765014544,60.469900800293004,1522.6789060762303,0.26664574011327,1522.6789060762303,1522.6789060762303,0.08,0.08,0.04,,0.95,60.0,5000.0,0.0,,,,
DRMPPI,drmppi,DR_mppi_crazyflie.py,76,1262611793,700,0.02,15,0.09968518066471639,0.0,0.0,-1,0,66.11210497794673,47.14738774154934,33.37780145695433,63.072694329125014,13659.705530599953,0.9111009006851661,13659.705530599953,13659.705530599953,0.08,0.08,0.04,0.004,0.95,60.0,5000.0,0.0,,,,
DRAMPPI,dramppi,DRA_mppi_crazyflie.py,76,362599693,700,0.02,15,0.07895472670324874,1.0,1.0,483,1,53.48104500444606,47.5947817184663,33.693345679028425,66.72785521775897,8419.125193050562,0.13077052229086594,8419.125193050562,8419.125193050562,0.08,0.08,0.04,,,,,,0.05,60.0,5000.0,1000.0
MPPI,mppi,mppi_crazyflie.py,77,266665320,700,0.02,15,0.013406644622782009,1.0,1.0,34,57,60.51850400399417,42.06163816611349,29.69529198197415,59.14230522305968,4855.624865082985,0.11286882572375896,4855.624865082985,4855.624865082985,0.08,0.08,0.04,,,,,,,,,
RAMPPI,ramppi,RA_mppi_crazyflie.py,77,1146707564,700,0.02,15,0.07135655621893172,1.0,1.0,483,3,52.84156301058829,45.94380304300493,32.53410722402623,62.310568467125314,1790.1314400559415,0.30898278533206575,1790.1314400559415,1790.1314400559415,0.08,0.08,0.04,,0.95,60.0,5000.0,0.0,,,,
DRMPPI,drmppi,DR_mppi_crazyflie.py,77,1211918957,700,0.02,15,0.09346955753600494,0.0,0.0,-1,0,104.75921200122684,78.05601265688892,55.012670657015406,64.16208799717745,15730.84579300805,1.0453981911367376,15730.84579300805,15730.84579300805,0.08,0.08,0.04,0.004,0.95,60.0,5000.0,0.0,,,,
DRAMPPI,dramppi,DRA_mppi_crazyflie.py,77,914466991,700,0.02,15,0.0885440476387339,0.0,0.0,-1,0,97.95566200045869,79.69988954544533,56.16800212702947,65.02533224858914,50494.99697112641,0.13390574555804907,50494.99697112641,50494.99697112641,0.08,0.08,0.04,,,,,,0.05,60.0,5000.0,1000.0
MPPI,mppi,mppi_crazyflie.py,78,1501800953,700,0.02,15,0.011398561487329767,1.0,1.0,33,63,48.52766799740493,42.26147027661292,29.831399263988715,57.75548627737239,5913.576001733598,0.09190059918733516,5913.576001733598,5913.576001733598,0.08,0.08,0.04,,,,,,,,,
RAMPPI,ramppi,RA_mppi_crazyflie.py,78,350103392,700,0.02,15,0.07163039574655723,1.0,1.0,483,4,66.31986197317019,45.81455100560561,32.44154999603052,62.830452384080196,1877.322338896784,0.17279495364086667,1877.322338896784,1877.322338896784,0.08,0.08,0.04,,0.95,60.0,5000.0,0.0,,,,
DRMPPI,drmppi,DR_mppi_crazyflie.py,78,959883461,700,0.02,15,0.09700219097121128,0.0,0.0,-1,0,54.2828330071643,47.14914630749263,33.37783973501064,64.1754282848813,16891.086758364094,0.777674534035282,16891.086758364094,16891.086758364094,0.08,0.08,0.04,0.004,0.95,60.0,5000.0,0.0,,,,
DRAMPPI,dramppi,DRA_mppi_crazyflie.py,78,356219371,700,0.02,15,0.07899367976778177,1.0,1.0,484,1,67.37534300191328,47.68734115259057,33.75682944798609,66.14694911872805,16356.898422763137,0.13316451111170086,16356.898422763137,16356.898422763137,0.08,0.08,0.04,,,,,,0.05,60.0,5000.0,1000.0
MPPI,mppi,mppi_crazyflie.py,79,893996554,700,0.02,15,0.008929694029236688,1.0,1.0,32,61,49.036994052585214,42.196185062473106,29.786360317026265,57.687704952833656,4996.457855323213,0.09117432999024534,4996.457855323213,4996.457855323213,0.08,0.08,0.04,,,,,,,,,
RAMPPI,ramppi,RA_mppi_crazyflie.py,79,554373264,700,0.02,15,0.08484429079834327,0.0,0.0,-1,0,63.42883099569008,45.749120032248484,32.399316195980646,63.05790766919275,1296.7738507459435,0.22048326127889664,1296.7738507459435,1296.7738507459435,0.08,0.08,0.04,,0.95,60.0,5000.0,0.0,,,,
DRMPPI,drmppi,DR_mppi_crazyflie.py,79,1517788887,700,0.02,15,0.09444585782195544,0.0,0.0,-1,0,54.24576601944864,47.1243089311091,33.36059120896971,62.86909459292313,21239.42999212078,0.9484501316403855,21239.42999212078,21239.42999212078,0.08,0.08,0.04,0.004,0.95,60.0,5000.0,0.0,,,,
DRAMPPI,dramppi,DRA_mppi_crazyflie.py,79,2025273723,700,0.02,15,0.0813940516766875,0.0,0.0,-1,0,67.17646500328556,47.795249895924435,33.82864750403678,68.20925891873526,4701.149359241408,0.1377997228725486,4701.149359241408,4701.149359241408,0.08,0.08,0.04,,,,,,0.05,60.0,5000.0,1000.0
MPPI,mppi,mppi_crazyflie.py,80,1506047923,700,0.02,15,0.019064700128725267,1.0,1.0,33,64,48.87195001356304,42.157362635230776,29.757209826959297,58.55827870823482,5390.602938065021,0.10744913005911186,5390.602938065021,5390.602938065021,0.08,0.08,0.04,,,,,,,,,
RAMPPI,ramppi,RA_mppi_crazyflie.py,80,2119151770,700,0.02,15,0.07330691914649375,1.0,1.0,484,5,108.84862503735349,59.86423311339292,42.27737938397331,61.57190442431941,2089.6077598614934,0.22895579126515786,2089.6077598614934,2089.6077598614934,0.08,0.08,0.04,,0.95,60.0,5000.0,0.0,,,,
DRMPPI,drmppi,DR_mppi_crazyflie.py,80,256588160,700,0.02,15,0.09660811955045331,0.0,0.0,-1,0,106.74480203306302,98.90892906272451,69.61383733397815,62.76711736927794,17756.692561563043,0.8453778424124067,17756.692561563043,17756.692561563043,0.08,0.08,0.04,0.004,0.95,60.0,5000.0,0.0,,,,
DRAMPPI,dramppi,DRA_mppi_crazyflie.py,80,1511112118,700,0.02,15,0.0848433607345157,0.0,0.0,-1,0,53.43860300490633,47.07863067135414,33.328941542014945,71.65757251050391,5374.647493191373,0.17153841321862423,5374.647493191373,5374.647493191373,0.08,0.08,0.04,,,,,,0.05,60.0,5000.0,1000.0
MPPI,mppi,mppi_crazyflie.py,81,618892199,700,0.02,15,0.020815516161228655,1.0,1.0,32,60,48.71454101521522,42.73560398308161,30.163039626029786,57.46657995714365,4009.3965498942393,0.08209205633980067,4009.3965498942393,4009.3965498942393,0.08,0.08,0.04,,,,,,,,,
RAMPPI,ramppi,RA_mppi_crazyflie.py,81,1552968719,700,0.02,15,0.07384155288381421,1.0,1.0,483,3,65.81300299149007,45.32975482795986,32.10891727101989,61.461625593372695,1280.502069786173,0.18980837351396165,1280.502069786173,1280.502069786173,0.08,0.08,0.04,,0.95,60.0,5000.0,0.0,,,,
DRMPPI,drmppi,DR_mppi_crazyflie.py,81,1066920603,700,0.02,15,0.10002584571316465,0.0,0.0,-1,0,54.50835399096832,46.648049355052144,33.030005157983396,63.20863487752263,15404.279109290865,0.845074643400333,15404.279109290865,15404.279109290865,0.08,0.08,0.04,0.004,0.95,60.0,5000.0,0.0,,,,
DRAMPPI,dramppi,DRA_mppi_crazyflie.py,81,1573027062,700,0.02,15,0.0771283760476357,1.0,1.0,484,2,64.27661498310044,47.10319197761627,33.34858921403065,65.5934209370694,1436.8338416148545,0.14031633055675996,1436.8338416148545,1436.8338416148545,0.08,0.08,0.04,,,,,,0.05,60.0,5000.0,1000.0
MPPI,mppi,mppi_crazyflie.py,82,251207300,700,0.02,15,0.007613479186486036,1.0,1.0,33,55,48.707189969718456,42.56756663056357,30.046062549983617,58.29015874578768,6074.809290088267,0.10125959480218501,6074.809290088267,6074.809290088267,0.08,0.08,0.04,,,,,,,,,
RAMPPI,ramppi,RA_mppi_crazyflie.py,82,1111098414,700,0.02,15,0.08949427171527273,0.0,0.0,-1,0,66.31183798890561,45.70200047347628,32.36489407502813,61.73297380046602,1834.1065483510156,0.20410813562685692,1834.1065483510156,1834.1065483510156,0.08,0.08,0.04,,0.95,60.0,5000.0,0.0,,,,
DRMPPI,drmppi,DR_mppi_crazyflie.py,82,873636115,700,0.02,15,0.09887543300607998,0.0,0.0,-1,0,54.21393405413255,46.877827608259395,33.188622697023675,63.12708356615981,18180.718259052777,1.0797397062113052,18180.718259052777,18180.718259052777,0.08,0.08,0.04,0.004,0.95,60.0,5000.0,0.0,,,,
DRAMPPI,dramppi,DRA_mppi_crazyflie.py,82,381020095,700,0.02,15,0.08922578091271383,0.0,0.0,-1,0,66.63697701878846,47.4360164927618,33.57971975399414,67.50600647334949,21012.33312020074,0.1410325275956886,21012.33312020074,21012.33312020074,0.08,0.08,0.04,,,,,,0.05,60.0,5000.0,1000.0
MPPI,mppi,mppi_crazyflie.py,83,456038052,700,0.02,15,0.007915775502199577,1.0,1.0,33,63,48.54844801593572,42.740948285375325,30.166719110973645,58.39005957164139,2930.80550209346,0.09531703217921678,2930.80550209346,2930.80550209346,0.08,0.08,0.04,,,,,,,,,
RAMPPI,ramppi,RA_mppi_crazyflie.py,83,1884730877,700,0.02,15,0.07823397866683858,1.0,1.0,484,1,106.44370701629668,78.23877870221622,55.14094654802466,62.10211122229799,1144.9805176602863,0.16544283178021102,1144.9805176602863,1144.9805176602863,0.08,0.08,0.04,,0.95,60.0,5000.0,0.0,,,,
DRMPPI,drmppi,DR_mppi_crazyflie.py,83,1413668945,700,0.02,15,0.08974242339879768,0.0,0.0,-1,0,104.58467499120161,80.24822148028761,56.56124091899255,63.44195905811893,14166.177553109243,0.7717559176783322,14166.177553109243,14166.177553109243,0.08,0.08,0.04,0.004,0.95,60.0,5000.0,0.0,,,,
DRAMPPI,dramppi,DRA_mppi_crazyflie.py,83,1890623891,700,0.02,15,0.08388526351153353,0.0,0.0,-1,0,52.988416980952024,46.831342937325,33.16466114198556,69.64394289848605,7229.965866713048,0.19442319423051038,7229.965866713048,7229.965866713048,0.08,0.08,0.04,,,,,,0.05,60.0,5000.0,1000.0
MPPI,mppi,mppi_crazyflie.py,84,1316924057,700,0.02,15,0.018679908215355125,1.0,1.0,32,60,59.68581303022802,42.369638537721976,29.910465133027174,58.077478623770716,5366.314628706645,0.082369518153888,5366.314628706645,5366.314628706645,0.08,0.08,0.04,,,,,,,,,
RAMPPI,ramppi,RA_mppi_crazyflie.py,84,1523713848,700,0.02,15,0.0807561934697315,0.0,0.0,-1,0,52.60355398058891,44.10082730115391,31.246840320003685,61.71997122665349,2187.7799879729814,0.22590036468249847,2187.7799879729814,2187.7799879729814,0.08,0.08,0.04,,0.95,60.0,5000.0,0.0,,,,
DRMPPI,drmppi,DR_mppi_crazyflie.py,84,1898326207,700,0.02,15,0.09194538469164824,0.0,0.0,-1,0,64.29839797783643,46.78701698039991,33.1237792079919,63.400138178404035,17760.973067909807,0.9924833838897222,17760.973067909807,17760.973067909807,0.08,0.08,0.04,0.004,0.95,60.0,5000.0,0.0,,,,
DRAMPPI,dramppi,DRA_mppi_crazyflie.py,84,2004523098,700,0.02,15,0.07886611936343027,1.0,1.0,483,1,52.93156299740076,47.70261650697129,33.76885116402991,69.57182772495962,11267.114037249738,0.12224401362039042,11267.114037249738,11267.114037249738,0.08,0.08,0.04,,,,,,0.05,60.0,5000.0,1000.0
MPPI,mppi,mppi_crazyflie.py,85,119587632,700,0.02,15,0.016961176169147305,1.0,1.0,33,60,48.20889700204134,41.744754604878835,29.472060281026643,57.95354132428056,5621.993437170489,0.07304578912906254,5621.993437170489,5621.993437170489,0.08,0.08,0.04,,,,,,,,,
RAMPPI,ramppi,RA_mppi_crazyflie.py,85,2104530023,700,0.02,15,0.06810856954064,1.0,1.0,483,4,65.97704399609938,46.15563592399537,32.68346171203302,60.76590229275345,1454.1670612355033,0.17995643350786777,1454.1670612355033,1454.1670612355033,0.08,0.08,0.04,,0.95,60.0,5000.0,0.0,,,,
DRMPPI,drmppi,DR_mppi_crazyflie.py,85,1257243612,700,0.02,15,0.09094874466017165,0.0,0.0,-1,0,54.0929920389317,46.71909982529802,33.07650627702242,62.5321025801212,14825.480137193306,0.8248073587346108,14825.480137193306,14825.480137193306,0.08,0.08,0.04,0.004,0.95,60.0,5000.0,0.0,,,,
DRAMPPI,dramppi,DRA_mppi_crazyflie.py,85,1081206008,700,0.02,15,0.08718245015814986,0.0,0.0,-1,0,66.74663996091112,47.20412423726105,33.41723451501457,67.92450981148454,5856.63529147532,0.13151011109149757,5856.63529147532,5856.63529147532,0.08,0.08,0.04,,,,,,0.05,60.0,5000.0,1000.0
MPPI,mppi,mppi_crazyflie.py,86,1790094770,700,0.02,15,0.006618658712296791,1.0,1.0,32,63,48.79518604138866,42.644920699115445,30.099086993024684,57.86181792956112,3897.173718918252,0.12448755085820801,3897.173718918252,3897.173718918252,0.08,0.08,0.04,,,,,,,,,
RAMPPI,ramppi,RA_mppi_crazyflie.py,86,1626868127,700,0.02,15,0.07458595001440567,1.0,1.0,483,3,64.31143899681047,45.55138802846029,32.258047690964304,61.99766911371421,2771.683400500572,0.2173061725059673,2771.683400500572,2771.683400500572,0.08,0.08,0.04,,0.95,60.0,5000.0,0.0,,,,
DRMPPI,drmppi,DR_mppi_crazyflie.py,86,598146073,700,0.02,15,0.0859903465795468,0.0,0.0,-1,0,54.16288896230981,46.73574129319085,33.086598375986796,62.761269601840176,22726.37309836247,0.9234718273369211,22726.37309836247,22726.37309836247,0.08,0.08,0.04,0.004,0.95,60.0,5000.0,0.0,,,,
DRAMPPI,dramppi,DRA_mppi_crazyflie.py,86,1324178195,700,0.02,15,0.08015149730538797,0.0,0.0,-1,0,66.440656024497,47.460487448011655,33.59620182297658,68.91601324609448,10806.71156698475,0.1417308699964119,10806.71156698475,10806.71156698475,0.08,0.08,0.04,,,,,,0.05,60.0,5000.0,1000.0
MPPI,mppi,mppi_crazyflie.py,87,1357457713,700,0.02,15,0.013280549910986249,1.0,1.0,33,59,48.45356399891898,41.2265826355932,29.106802180001978,57.699374152147385,6165.551884721638,0.09290483333765528,6165.551884721638,6165.551884721638,0.08,0.08,0.04,,,,,,,,,
RAMPPI,ramppi,RA_mppi_crazyflie.py,87,246722394,700,0.02,15,0.08698622468568083,0.0,0.0,-1,0,64.50626801233739,44.8945727931901,31.797692731954157,61.14051721373239,1973.2305485337383,0.16727942079281732,1973.2305485337383,1973.2305485337383,0.08,0.08,0.04,,0.95,60.0,5000.0,0.0,,,,
DRMPPI,drmppi,DR_mppi_crazyflie.py,87,93929840,700,0.02,15,0.09091931807978496,0.0,0.0,-1,0,54.36002602800727,46.50999423266122,32.933347496029455,63.41419532394999,14436.02058043757,0.992570914633075,14436.02058043757,14436.02058043757,0.08,0.08,0.04,0.004,0.95,60.0,5000.0,0.0,,,,
DRAMPPI,dramppi,DRA_mppi_crazyflie.py,87,678580093,700,0.02,15,0.08138098348476386,0.0,0.0,-1,0,63.532448024488986,46.73627507465426,33.0962622439838,66.7336113542456,31719.015736027326,0.13798249531195053,31719.015736027326,31719.015736027326,0.08,0.08,0.04,,,,,,0.05,60.0,5000.0,1000.0
MPPI,mppi,mppi_crazyflie.py,88,1549464331,700,0.02,15,0.006105509806435722,1.0,1.0,34,60,48.28842502320185,42.537150702555664,30.025034835969564,58.846436708853304,5386.904450714468,0.07939392673320175,5386.904450714468,5386.904450714468,0.08,0.08,0.04,,,,,,,,,
RAMPPI,ramppi,RA_mppi_crazyflie.py,88,145457436,700,0.02,15,0.08167302189544366,0.0,0.0,-1,0,53.11748699750751,45.55026865755541,32.258161709993146,61.624957705713015,1344.5770513544076,0.1835277869879539,1344.5770513544076,1344.5770513544076,0.08,0.08,0.04,,0.95,60.0,5000.0,0.0,,,,
DRMPPI,drmppi,DR_mppi_crazyflie.py,88,1616432772,700,0.02,15,0.08922731485032397,0.0,0.0,-1,0,65.13815396465361,47.61027924225865,33.701010610035155,62.85485588085175,18706.314921918183,0.737219978843981,18706.314921918183,18706.314921918183,0.08,0.08,0.04,0.004,0.95,60.0,5000.0,0.0,,,,
DRAMPPI,dramppi,DRA_mppi_crazyflie.py,88,1904541351,700,0.02,15,0.08784369085396704,0.0,0.0,-1,0,53.384701954200864,47.23451704485342,33.43751626397716,67.663553679822,17409.4625356277,0.1374647272686246,17409.4625356277,17409.4625356277,0.08,0.08,0.04,,,,,,0.05,60.0,5000.0,1000.0
MPPI,mppi,mppi_crazyflie.py,89,810574663,700,0.02,15,0.01153606207018378,1.0,1.0,33,60,60.086902987677604,41.84180474590643,29.538544920971617,57.64479939087217,5284.625821266938,0.09745455806496359,5284.625821266938,5284.625821266938,0.08,0.08,0.04,,,,,,,,,
RAMPPI,ramppi,RA_mppi_crazyflie.py,89,47395820,700,0.02,15,0.08619338038662946,0.0,0.0,-1,0,52.91927501093596,46.24207914224826,32.74061698297737,61.34688479596912,1157.7996161093365,0.20210108826325057,1157.7996161093365,1157.7996161093365,0.08,0.08,0.04,,0.95,60.0,5000.0,0.0,,,,
DRMPPI,drmppi,DR_mppi_crazyflie.py,89,1498026502,700,0.02,15,0.08905026742771645,0.0,0.0,-1,0,65.70898799691349,46.86934065414659,33.18314709095284,63.947749514816394,22190.361427732423,0.8333070284010893,22190.361427732423,22190.361427732423,0.08,0.08,0.04,0.004,0.95,60.0,5000.0,0.0,,,,
DRAMPPI,dramppi,DRA_mppi_crazyflie.py,89,1153814408,700,0.02,15,0.07454979703832194,1.0,1.0,483,3,53.4591680043377,47.28695379270773,33.47514032199979,67.69373727025942,12109.064233812342,0.1440307465656554,12109.064233812342,12109.064233812342,0.08,0.08,0.04,,,,,,0.05,60.0,5000.0,1000.0
MPPI,mppi,mppi_crazyflie.py,90,1613526909,700,0.02,15,0.009688180143826766,1.0,1.0,33,62,59.05719194561243,42.58923379429949,30.061391772003844,58.26427344822322,6206.281192542652,0.12349310324709453,6206.281192542652,6206.281192542652,0.08,0.08,0.04,,,,,,,,,
RAMPPI,ramppi,RA_mppi_crazyflie.py,90,381419093,700,0.02,15,0.08228133105978372,0.0,0.0,-1,0,53.25810401700437,45.61496418934049,32.303007359965704,61.26151872233269,1588.1942978441657,0.2273914231022452,1588.1942978441657,1588.1942978441657,0.08,0.08,0.04,,0.95,60.0,5000.0,0.0,,,,
DRMPPI,drmppi,DR_mppi_crazyflie.py,90,858316104,700,0.02,15,0.08263210767104885,0.0,0.0,-1,0,66.56508694868535,46.75459078754232,33.10261967399856,63.36337529866729,19782.102622507915,0.6603694397425158,19782.102622507915,19782.102622507915,0.08,0.08,0.04,0.004,0.95,60.0,5000.0,0.0,,,,
DRAMPPI,dramppi,DRA_mppi_crazyflie.py,90,315669163,700,0.02,15,0.06848796768971335,1.0,1.0,482,4,53.13282198039815,47.57642169325014,33.67760433204239,67.43576284152246,47319.601958196676,0.192970668026003,47319.601958196676,47319.601958196676,0.08,0.08,0.04,,,,,,0.05,60.0,5000.0,1000.0
MPPI,mppi,mppi_crazyflie.py,91,216152923,700,0.02,15,0.015182013145722536,1.0,1.0,32,62,59.95073000667617,42.113657898901565,29.728132452990394,58.98763730980029,4626.9418526929785,0.07524418067611151,4626.9418526929785,4626.9418526929785,0.08,0.08,0.04,,,,,,,,,
RAMPPI,ramppi,RA_mppi_crazyflie.py,91,356148308,700,0.02,15,0.0830578716993975,0.0,0.0,-1,0,53.524702962022275,46.18957881000824,32.70593715598807,61.60825677535829,1541.389677962059,0.16229466077425064,1541.389677962059,1541.389677962059,0.08,0.08,0.04,,0.95,60.0,5000.0,0.0,,,,
DRMPPI,drmppi,DR_mppi_crazyflie.py,91,1096941264,700,0.02,15,0.0942403922474485,0.0,0.0,-1,0,54.530940018594265,47.148264799699454,33.37528225698043,63.19085109993537,16026.598442518793,0.8125105781058719,16026.598442518793,16026.598442518793,0.08,0.08,0.04,0.004,0.95,60.0,5000.0,0.0,,,,
DRAMPPI,dramppi,DRA_mppi_crazyflie.py,91,1883244328,700,0.02,15,0.07939023397642019,1.0,1.0,484,1,63.25114000355825,47.38211185031105,33.541730010998435,66.69942490583458,10643.079079481206,0.14109959292455485,10643.079079481206,10643.079079481206,0.08,0.08,0.04,,,,,,0.05,60.0,5000.0,1000.0
MPPI,mppi,mppi_crazyflie.py,92,453265976,700,0.02,15,0.022678086337711408,1.0,1.0,33,58,48.43985300976783,42.50688540366745,30.003232049988583,58.04085786661797,4633.411478351947,0.07383404488939427,4633.411478351947,4633.411478351947,0.08,0.08,0.04,,,,,,,,,
RAMPPI,ramppi,RA_mppi_crazyflie.py,92,1061866508,700,0.02,15,0.09010946672887904,0.0,0.0,-1,0,67.10397300776094,45.77877982028959,32.41731344803702,61.51400458571608,2470.7034741021657,0.1842116255015161,2470.7034741021657,2470.7034741021657,0.08,0.08,0.04,,0.95,60.0,5000.0,0.0,,,,
DRMPPI,drmppi,DR_mppi_crazyflie.py,92,1396572665,700,0.02,15,0.0977543764924451,0.0,0.0,-1,0,54.05805801274255,45.26097034619722,32.05600127298385,65.20819258745234,15210.741956060434,1.1720128498444855,15210.741956060434,15210.741956060434,0.08,0.08,0.04,0.004,0.95,60.0,5000.0,0.0,,,,
DRAMPPI,dramppi,DRA_mppi_crazyflie.py,92,732078238,700,0.02,15,0.0802581480544981,0.0,0.0,-1,0,65.03944401629269,46.7223541470178,33.07930948102148,67.48697290296649,5832.978752819679,0.12204369059944446,5832.978752819679,5832.978752819679,0.08,0.08,0.04,,,,,,0.05,60.0,5000.0,1000.0
MPPI,mppi,mppi_crazyflie.py,93,8429317,700,0.02,15,0.01234288092822781,1.0,1.0,33,63,48.5208670143038,41.051210050604176,28.984054549015127,57.66016924540195,4512.349168827731,0.11873550210231945,4512.349168827731,4512.349168827731,0.08,0.08,0.04,,,,,,,,,
RAMPPI,ramppi,RA_mppi_crazyflie.py,93,2145786761,700,0.02,15,0.08014563241979161,0.0,0.0,-1,0,67.90463300421834,45.40117037881698,32.152732697024476,61.13693617371872,2144.3900939419095,0.16482225004993856,2144.3900939419095,2144.3900939419095,0.08,0.08,0.04,,0.95,60.0,5000.0,0.0,,,,
DRMPPI,drmppi,DR_mppi_crazyflie.py,93,1482034302,700,0.02,15,0.08732794730473181,0.0,0.0,-1,0,54.436161008197814,46.70603667053261,33.068624475970864,63.81030009960244,18043.92927103823,0.7217540366907403,18043.92927103823,18043.92927103823,0.08,0.08,0.04,0.004,0.95,60.0,5000.0,0.0,,,,
DRAMPPI,dramppi,DRA_mppi_crazyflie.py,93,1172472159,700,0.02,15,0.07267598145119698,1.0,1.0,483,3,68.35312902694568,46.256772543420084,32.75274578604149,66.18169565209269,1803.536625915183,0.17626799776630026,1803.536625915183,1803.536625915183,0.08,0.08,0.04,,,,,,0.05,60.0,5000.0,1000.0
MPPI,mppi,mppi_crazyflie.py,94,717185555,700,0.02,15,0.006175806946907797,1.0,1.0,33,64,48.16678899805993,40.74968359749099,28.77396178204799,58.00910584557883,4409.273994596322,0.09811762464223424,4409.273994596322,4409.273994596322,0.08,0.08,0.04,,,,,,,,,
RAMPPI,ramppi,RA_mppi_crazyflie.py,94,651398631,700,0.02,15,0.08222193819250263,0.0,0.0,-1,0,53.0374720110558,46.41132859238756,32.8611287859967,62.45042414243128,1536.0533828655518,0.21271024552412568,1536.0533828655518,1536.0533828655518,0.08,0.08,0.04,,0.95,60.0,5000.0,0.0,,,,
DRMPPI,drmppi,DR_mppi_crazyflie.py,94,672345613,700,0.02,15,0.095139135515925,0.0,0.0,-1,0,65.9365089959465,45.75917804048264,32.4049700750038,63.44880140709348,21147.354181068138,0.8121709840236181,21147.354181068138,21147.354181068138,0.08,0.08,0.04,0.004,0.95,60.0,5000.0,0.0,,,,
DRAMPPI,dramppi,DRA_mppi_crazyflie.py,94,795968466,700,0.02,15,0.08208569461643961,0.0,0.0,-1,0,53.13003703486174,47.2019790118793,33.41562804201385,66.90754552306589,8133.976406811449,0.1261225234958887,8133.976406811449,8133.976406811449,0.08,0.08,0.04,,,,,,0.05,60.0,5000.0,1000.0
MPPI,mppi,mppi_crazyflie.py,95,1306675424,700,0.02,15,0.014605189626033977,1.0,1.0,33,57,60.00272399978712,42.61215363961777,30.07710736396257,57.676787938296386,4866.024994601107,0.08874815956069106,4866.024994601107,4866.024994601107,0.08,0.08,0.04,,,,,,,,,
RAMPPI,ramppi,RA_mppi_crazyflie.py,95,1494362740,700,0.02,15,0.07438233911935106,1.0,1.0,484,4,53.065415006130934,45.562675426813904,32.266988257993944,61.86106160641806,2269.7116041157065,0.2589059540519628,2269.7116041157065,2269.7116041157065,0.08,0.08,0.04,,0.95,60.0,5000.0,0.0,,,,
DRMPPI,drmppi,DR_mppi_crazyflie.py,95,1631225449,700,0.02,15,0.09438133979812473,0.0,0.0,-1,0,68.27758200233802,46.10748959015057,32.64721255999757,62.96316129738564,18030.695486774897,0.9972654429776134,18030.695486774897,18030.695486774897,0.08,0.08,0.04,0.004,0.95,60.0,5000.0,0.0,,,,
DRAMPPI,dramppi,DRA_mppi_crazyflie.py,95,258227539,700,0.02,15,0.07988357192496544,1.0,1.0,484,1,53.10772598022595,47.28541105802703,33.474152114999015,67.79453323143473,11755.933584197495,0.14969673171199202,11755.933584197495,11755.933584197495,0.08,0.08,0.04,,,,,,0.05,60.0,5000.0,1000.0
MPPI,mppi,mppi_crazyflie.py,96,685281259,700,0.02,15,0.02344121792423697,1.0,1.0,33,56,59.543644019868225,41.88548758692507,29.568405175989028,57.228931708416354,6119.463238333892,0.08495902784668423,6119.463238333892,6119.463238333892,0.08,0.08,0.04,,,,,,,,,
RAMPPI,ramppi,RA_mppi_crazyflie.py,96,1628267602,700,0.02,15,0.07815047538279192,1.0,1.0,484,4,53.14947199076414,46.39706843449468,32.84803124598693,61.473588873323905,1181.7509206191,0.21129018634490476,1181.7509206191,1181.7509206191,0.08,0.08,0.04,,0.95,60.0,5000.0,0.0,,,,
DRMPPI,drmppi,DR_mppi_crazyflie.py,96,1460902891,700,0.02,15,0.09647404569575434,0.0,0.0,-1,0,68.86010698508471,44.90179419426048,31.802763895015232,62.99651356157281,19655.148728803546,0.8768234151323158,19655.148728803546,19655.148728803546,0.08,0.08,0.04,0.004,0.95,60.0,5000.0,0.0,,,,
DRAMPPI,dramppi,DRA_mppi_crazyflie.py,96,1897876483,700,0.02,15,0.09148985850665314,0.0,0.0,-1,0,53.24997799471021,46.40191169896362,32.857001812022645,68.37535370236179,14936.834864305229,0.14434165134204194,14936.834864305229,14936.834864305229,0.08,0.08,0.04,,,,,,0.05,60.0,5000.0,1000.0
MPPI,mppi,mppi_crazyflie.py,97,275775921,700,0.02,15,0.01006277688812804,1.0,1.0,33,60,60.572276008315384,40.82475312594657,28.826671741961036,59.093902873473965,5387.866853191885,0.06894118097055216,5387.866853191885,5387.866853191885,0.08,0.08,0.04,,,,,,,,,
RAMPPI,ramppi,RA_mppi_crazyflie.py,97,1020336363,700,0.02,15,0.08364749983583662,0.0,0.0,-1,0,52.812781010288745,44.96186442016291,31.8453358579427,61.54980189820026,1402.3563682432632,0.1993469954999878,1402.3563682432632,1402.3563682432632,0.08,0.08,0.04,,0.95,60.0,5000.0,0.0,,,,
DRMPPI,drmppi,DR_mppi_crazyflie.py,97,465781327,700,0.02,15,0.08998784077484266,0.0,0.0,-1,0,54.66297297971323,46.70870768987307,33.070292552991305,62.85458911506174,18869.961741215735,0.823122406391801,18869.961741215735,18869.961741215735,0.08,0.08,0.04,0.004,0.95,60.0,5000.0,0.0,,,,
DRAMPPI,dramppi,DRA_mppi_crazyflie.py,97,939104702,700,0.02,15,0.09006158154748653,0.0,0.0,-1,0,67.86103296326473,47.28677289560437,33.47464042203501,66.9351879164879,14907.386387270542,0.15500888109995056,14907.386387270542,14907.386387270542,0.08,0.08,0.04,,,,,,0.05,60.0,5000.0,1000.0
MPPI,mppi,mppi_crazyflie.py,98,1641166656,700,0.02,15,0.015115215251101204,1.0,1.0,32,57,48.2837239978835,42.5184128685422,30.011318903998472,58.39706419598497,7435.374687044086,0.08954166003792502,7435.374687044086,7435.374687044086,0.08,0.08,0.04,,,,,,,,,
RAMPPI,ramppi,RA_mppi_crazyflie.py,98,307336634,700,0.02,15,0.08230370643937,0.0,0.0,-1,0,63.86052700690925,45.436668745990445,32.17797692801105,63.00601666877445,1415.290433992294,0.23009212836483867,1415.290433992294,1415.290433992294,0.08,0.08,0.04,,0.95,60.0,5000.0,0.0,,,,
DRMPPI,drmppi,DR_mppi_crazyflie.py,98,1089234112,700,0.02,15,0.09922714236891463,0.0,0.0,-1,0,54.42952300654724,46.794158630322535,33.13038384402171,64.15501238496886,17836.24275380398,0.7987115293457157,17836.24275380398,17836.24275380398,0.08,0.08,0.04,0.004,0.95,60.0,5000.0,0.0,,,,
DRAMPPI,dramppi,DRA_mppi_crazyflie.py,98,907832086,700,0.02,15,0.07509803388918943,1.0,1.0,483,2,65.60625304700807,47.93462736008223,33.928151901985984,68.07125012884734,3201.354206683781,0.1395997832816166,3201.354206683781,3201.354206683781,0.08,0.08,0.04,,,,,,0.05,60.0,5000.0,1000.0
MPPI,mppi,mppi_crazyflie.py,99,82587740,700,0.02,15,0.003455883769091965,1.0,1.0,33,65,48.57471800642088,41.77355301308645,29.491383582993876,57.40595325615802,6501.975321782765,0.10593917942006983,6501.975321782765,6501.975321782765,0.08,0.08,0.04,,,,,,,,,
RAMPPI,ramppi,RA_mppi_crazyflie.py,99,1641561613,700,0.02,15,0.0772300812567161,1.0,1.0,484,2,65.95701299374923,46.19783007223824,32.71038138499716,60.725762624045664,1274.8204777939645,0.19904679244486123,1274.8204777939645,1274.8204777939645,0.08,0.08,0.04,,0.95,60.0,5000.0,0.0,,,,
DRMPPI,drmppi,DR_mppi_crazyflie.py,99,1734398055,700,0.02,15,0.09860307931754209,0.0,0.0,-1,0,54.33167301816866,45.740806705601116,32.39281699497951,62.56004954981132,17225.791398564204,0.8240141621745534,17225.791398564204,17225.791398564204,0.08,0.08,0.04,0.004,0.95,60.0,5000.0,0.0,,,,
DRAMPPI,dramppi,DRA_mppi_crazyflie.py,99,889022348,700,0.02,15,0.09105271045027132,0.0,0.0,-1,0,65.33169298199937,46.48364117003179,32.91207562602358,67.35126072857898,2864.760369564227,0.16118144353028047,2864.760369564227,2864.760369564227,0.08,0.08,0.04,,,,,,0.05,60.0,5000.0,1000.0
