Algorithm,Method,SourceFile,Run,Seed,SimSteps,Dt,ObsUpdateSteps,RunMinDistance,SafetyViolation,Collision,FirstCollisionStep,CollisionSteps,RunMaxComputeTimeMs,RunMeanComputeTimeMs,WallTimeS,TotalControlEffort,TotalFullCost,TerminalFullCost,TotalTrackingControlCost,TerminalTrackingCost,TotalQRStageCost,TotalQSigmaInvStageCost,MovingCollisionRadius,MovingSafeRadius,DroneRadius,DrEpsCvar,CvarAlpha,CvarN,RiskCostA,RiskCostCu,SigmaCp,Nmc,OmegaSoft,OmegaHard
MPPI,mppi,mppi_crazyflie.py,0,1501552845,520,0.02,15,0.05235503367491019,1.0,1.0,130,12,135.91235399871948,15.766391196106829,9.5547693610024,46.21395276479973,18397.535139645526,3.390931575186397,2365.729842193652,3.390931575186397,2365.729842193652,2365.729842193652,0.08,0.08,0.04,,,,,,,,,
RAMPPI,ramppi,RA_mppi_crazyflie.py,0,488200390,520,0.02,15,0.0810512064674964,0.0,0.0,-1,0,24.76859599846648,17.89862916164286,10.814455618001375,48.79996869644785,1587.1285991135267,0.15577936064482267,1246.08440016557,0.15577936064482267,1246.08440016557,1246.08440016557,0.08,0.08,0.04,,0.95,10.0,2000.0,,,,,
DRMPPI,drmppi,DR_mppi_crazyflie.py,0,1693606510,520,0.02,15,0.08431198801993874,0.0,0.0,-1,0,30.218022999179084,21.419423330728304,12.652589160999923,55.08688853276577,5082.190015762793,0.5162970085383537,1878.9246970749446,0.5162970085383537,1878.9246970749446,1878.9246970749446,0.08,0.08,0.04,0.002,0.95,10.0,2000.0,,,,,
DRAMPPI,dramppi,DRA_mppi_crazyflie.py,0,680233354,520,0.02,15,0.016201704242470687,1.0,1.0,36,16,48.0115799982741,19.707570915425794,11.681233103998238,54.95934940022026,9478.667667724078,0.16325245975843394,1103.6058518062237,0.16325245975843394,1103.6058518062237,1103.6058518062237,0.08,0.08,0.04,,,,,,0.05,10.0,3000.0,1000.0
MPPI,mppi,mppi_crazyflie.py,1,438466540,520,0.02,15,0.04466124519822165,1.0,1.0,130,11,42.16892900149105,16.598326638478074,10.008869634999428,46.037703604615544,18642.867250600466,2.581997377524951,2319.1240287954815,2.581997377524951,2319.1240287954815,2319.1240287954815,0.08,0.08,0.04,,,,,,,,,
RAMPPI,ramppi,RA_mppi_crazyflie.py,1,1712329280,520,0.02,15,0.0694150812732824,1.0,1.0,37,16,49.57798499890487,18.76599501922381,11.35424417700051,50.62718879678208,1603.0623321870294,0.040088963689882504,1256.167325175958,0.040088963689882504,1256.167325175958,1256.167325175958,0.08,0.08,0.04,,0.95,10.0,2000.0,,,,,
DRMPPI,drmppi,DR_mppi_crazyflie.py,1,1380152455,520,0.02,15,0.08622274569265685,0.0,0.0,-1,0,36.64793700227165,20.085915503918493,11.987454076999711,54.558478119358476,5816.456888988048,0.054829367605596424,1839.9001129523772,0.054829367605596424,1839.9001129523772,1839.9001129523772,0.08,0.08,0.04,0.002,0.95,10.0,2000.0,,,,,
DRAMPPI,dramppi,DRA_mppi_crazyflie.py,1,1452245846,520,0.02,15,0.02603269860805746,1.0,1.0,36,12,43.97846999927424,20.116330898012027,11.925128139002481,57.33547087495258,15887.763082440608,0.053176191531516204,1167.5444194275908,0.053176191531516204,1167.5444194275908,1167.5444194275908,0.08,0.08,0.04,,,,,,0.05,10.0,3000.0,1000.0
MPPI,mppi,mppi_crazyflie.py,2,2122694021,520,0.02,15,0.04461024332558067,1.0,1.0,130,14,23.697414999332977,16.269242232640234,9.811720089997834,46.4484366297341,18426.657294804518,3.3817466639420575,2323.4222780475093,3.3817466639420575,2323.4222780475093,2323.4222780475093,0.08,0.08,0.04,,,,,,,,,
RAMPPI,ramppi,RA_mppi_crazyflie.py,2,839901363,520,0.02,15,0.07909982354048206,1.0,1.0,37,3,91.32006599975284,18.67043581735813,11.292547981000098,49.18305168637872,1381.4670678863017,0.0532994855748358,1225.750924112334,0.0532994855748358,1225.750924112334,1225.750924112334,0.08,0.08,0.04,,0.95,10.0,2000.0,,,,,
DRMPPI,drmppi,DR_mppi_crazyflie.py,2,1802651552,520,0.02,15,0.08279550068835854,0.0,0.0,-1,0,47.65667600076995,20.279231617398462,12.139585660999728,60.97148377076903,5670.076276543727,1.0132089676913731,1942.890138112357,1.0132089676913731,1942.890138112357,1942.890138112357,0.08,0.08,0.04,0.002,0.95,10.0,2000.0,,,,,
DRAMPPI,dramppi,DRA_mppi_crazyflie.py,2,714712467,520,0.02,15,0.047522910587283654,1.0,1.0,36,24,33.74030999839306,18.56390083462779,11.098032726000383,55.81349089305961,8614.808616213832,0.9286133800514254,1030.1708116474692,0.9286133800514254,1030.1708116474692,1030.1708116474692,0.08,0.08,0.04,,,,,,0.05,10.0,3000.0,1000.0
MPPI,mppi,mppi_crazyflie.py,3,1218704077,520,0.02,15,0.04699410343494745,1.0,1.0,130,5,43.71670699765673,15.588303942303565,9.453487590002624,46.60314828051942,18498.703547246987,2.9405853877048993,2371.421274106431,2.9405853877048993,2371.421274106431,2371.421274106431,0.08,0.08,0.04,,,,,,,,,
RAMPPI,ramppi,RA_mppi_crazyflie.py,3,1284858263,520,0.02,15,0.0679830938977986,1.0,1.0,47,6,24.508929000148783,17.239850746122663,10.437157895998098,50.21452063662756,2423.166154213098,0.040037596864001386,1355.6250346734162,0.040037596864001386,1355.6250346734162,1355.6250346734162,0.08,0.08,0.04,,0.95,10.0,2000.0,,,,,
DRMPPI,drmppi,DR_mppi_crazyflie.py,3,457721135,520,0.02,15,0.09029242660989585,0.0,0.0,-1,0,31.827761999011273,21.077489605683624,12.481081918998825,54.843649784840835,4996.833097441781,0.04784084874711657,1845.903531075326,0.04784084874711657,1845.903531075326,1845.903531075326,0.08,0.08,0.04,0.002,0.95,10.0,2000.0,,,,,
DRAMPPI,dramppi,DRA_mppi_crazyflie.py,3,401008609,520,0.02,15,0.043950418407845034,1.0,1.0,36,11,31.34385999874212,19.143352861465246,11.388183429000492,57.785541625358526,12533.489026481018,1.5946243454672167,1137.5025391672293,1.5946243454672167,1137.5025391672293,1137.5025391672293,0.08,0.08,0.04,,,,,,0.05,10.0,3000.0,1000.0
MPPI,mppi,mppi_crazyflie.py,4,492064534,520,0.02,15,0.04860096949523453,1.0,1.0,130,12,48.02785099673201,16.359610928744726,9.858391777997895,46.62544599029302,18411.033051320912,3.3762082698918907,2400.6130172829176,3.3762082698918907,2400.6130172829176,2400.6130172829176,0.08,0.08,0.04,,,,,,,,,
RAMPPI,ramppi,RA_mppi_crazyflie.py,4,1444732602,520,0.02,15,0.08134512037310494,0.0,0.0,-1,0,23.87471800102503,17.088481977015572,10.349296802996832,49.00769916295907,1639.2822236264933,0.02244508736661434,1338.4363557356974,0.02244508736661434,1338.4363557356974,1338.4363557356974,0.08,0.08,0.04,,0.95,10.0,2000.0,,,,,
DRMPPI,drmppi,DR_mppi_crazyflie.py,4,1317426686,520,0.02,15,0.08512105576422754,0.0,0.0,-1,0,39.492988002166385,21.393829357657523,12.657376113998907,55.223775183126676,4347.051510001367,0.22745501426590145,1910.4367159981105,0.22745501426590145,1910.4367159981105,1910.4367159981105,0.08,0.08,0.04,0.002,0.95,10.0,2000.0,,,,,
DRAMPPI,dramppi,DRA_mppi_crazyflie.py,4,2022506251,520,0.02,15,0.04463201098204231,1.0,1.0,36,30,42.726404000859475,19.54347519614692,11.603258065999398,56.006367640512146,21812.14803178503,0.0759475973202179,1107.8382558134663,0.0759475973202179,1107.8382558134663,1107.8382558134663,0.08,0.08,0.04,,,,,,0.05,10.0,3000.0,1000.0
MPPI,mppi,mppi_crazyflie.py,5,1516459118,520,0.02,15,0.04591280946052645,1.0,1.0,130,11,23.269113000424113,16.391606203838958,9.878901345000486,46.43641830381475,18487.97702748313,2.4493176830535313,2312.6988179804835,2.4493176830535313,2312.6988179804835,2312.6988179804835,0.08,0.08,0.04,,,,,,,,,
RAMPPI,ramppi,RA_mppi_crazyflie.py,5,533103612,520,0.02,15,0.07299188546608702,1.0,1.0,36,7,31.405664998601424,17.649965615419205,10.674395519999962,50.13288838121315,1703.0775341606197,0.15845275288593227,1177.0457327414008,0.15845275288593227,1177.0457327414008,1177.0457327414008,0.08,0.08,0.04,,0.95,10.0,2000.0,,,,,
DRMPPI,drmppi,DR_mppi_crazyflie.py,5,1964759878,520,0.02,15,0.09298607084142757,0.0,0.0,-1,0,34.270333002496045,21.30072226153481,12.605676805000257,55.4944696351768,4942.5693020355875,0.4315782486358798,1940.7193390852979,0.4315782486358798,1940.7193390852979,1940.7193390852979,0.08,0.08,0.04,0.002,0.95,10.0,2000.0,,,,,
DRAMPPI,dramppi,DRA_mppi_crazyflie.py,5,2037706756,520,0.02,15,0.05015093943125718,1.0,1.0,36,25,34.16736100189155,19.713647878954642,11.685805263001384,57.67424680301893,28223.968830740778,0.21876131019186507,1063.7581623498218,0.21876131019186507,1063.7581623498218,1063.7581623498218,0.08,0.08,0.04,,,,,,0.05,10.0,3000.0,1000.0
MPPI,mppi,mppi_crazyflie.py,6,1572889065,520,0.02,15,0.04413369547284898,1.0,1.0,130,9,47.669695002696244,17.44620581732586,10.50756337400162,46.5383848029022,18474.924144171768,2.6924634343311458,2371.0050152920753,2.6924634343311458,2371.0050152920753,2371.0050152920753,0.08,0.08,0.04,,,,,,,,,
RAMPPI,ramppi,RA_mppi_crazyflie.py,6,1432881518,520,0.02,15,0.07995574725625225,1.0,1.0,49,1,59.596496997983195,19.81625489627102,11.967619068000204,51.562877425853344,1304.2118193740473,0.20492785298345187,1273.32326153249,0.20492785298345187,1273.32326153249,1273.32326153249,0.08,0.08,0.04,,0.95,10.0,2000.0,,,,,
DRMPPI,drmppi,DR_mppi_crazyflie.py,6,280516901,520,0.02,15,0.08505493944782266,0.0,0.0,-1,0,36.49650200168253,23.66246573270613,13.987741272001585,56.301913618149314,5057.021603353809,0.07280260922367644,1847.2337219664294,0.07280260922367644,1847.2337219664294,1847.2337219664294,0.08,0.08,0.04,0.002,0.95,10.0,2000.0,,,,,
DRAMPPI,dramppi,DRA_mppi_crazyflie.py,6,205939248,520,0.02,15,0.02376727928817315,1.0,1.0,128,11,36.68090400242363,19.61979993653026,11.663915002001886,58.12919325618262,13053.10419792582,0.9354901257135133,1125.6586955829196,0.9354901257135133,1125.6586955829196,1125.6586955829196,0.08,0.08,0.04,,,,,,0.05,10.0,3000.0,1000.0
MPPI,mppi,mppi_crazyflie.py,7,571904914,520,0.02,15,0.052741310241362555,1.0,1.0,130,7,42.76010700050392,16.600664807713027,10.005473409997649,46.085947898193446,18392.072384163086,3.2609711857119983,2346.7356097493757,3.2609711857119983,2346.7356097493757,2346.7356097493757,0.08,0.08,0.04,,,,,,,,,
RAMPPI,ramppi,RA_mppi_crazyflie.py,7,948843457,520,0.02,15,0.07798735977726201,1.0,1.0,480,1,34.718351998890284,17.808698998144862,10.781239723000908,51.07445541607274,1633.7146661172962,0.06554418520516483,1394.536384413391,0.06554418520516483,1394.536384413391,1394.536384413391,0.08,0.08,0.04,,0.95,10.0,2000.0,,,,,
DRMPPI,drmppi,DR_mppi_crazyflie.py,7,155492488,520,0.02,15,0.09053700666621518,0.0,0.0,-1,0,34.495389998483006,21.6114912134729,12.78239242699783,55.26279112168106,5444.068577096665,0.42358738133269785,1854.7966585566617,0.42358738133269785,1854.7966585566617,1854.7966585566617,0.08,0.08,0.04,0.002,0.95,10.0,2000.0,,,,,
DRAMPPI,dramppi,DRA_mppi_crazyflie.py,7,1903701130,520,0.02,15,0.032449811217368216,1.0,1.0,36,25,47.23873799957801,19.650520928847143,11.685786794998421,63.52665032475794,19581.473352818157,0.3427633683412641,994.3635210301145,0.3427633683412641,994.3635210301145,994.3635210301145,0.08,0.08,0.04,,,,,,0.05,10.0,3000.0,1000.0
MPPI,mppi,mppi_crazyflie.py,8,1017961266,520,0.02,15,0.04321309824059208,1.0,1.0,130,10,44.3383729980269,16.4622236788021,9.90937880599813,46.235020028631546,18408.720497083243,3.930522419847684,2329.5272251778724,3.930522419847684,2329.5272251778724,2329.5272251778724,0.08,0.08,0.04,,,,,,,,,
RAMPPI,ramppi,RA_mppi_crazyflie.py,8,1497769985,520,0.02,15,0.06829422802274998,1.0,1.0,48,6,28.19773000010173,17.384906255735515,10.514314886000648,49.818333090778395,1984.3209136893192,0.07715100883080736,1268.3924627339172,0.07715100883080736,1268.3924627339172,1268.3924627339172,0.08,0.08,0.04,,0.95,10.0,2000.0,,,,,
DRMPPI,drmppi,DR_mppi_crazyflie.py,8,456523489,520,0.02,15,0.08792293053736572,0.0,0.0,-1,0,43.81244999967748,21.761403617291272,12.874348462999478,55.09556085466026,5833.2095666396535,0.18895190009336912,1824.1912328847338,0.18895190009336912,1824.1912328847338,1824.1912328847338,0.08,0.08,0.04,0.002,0.95,10.0,2000.0,,,,,
DRAMPPI,dramppi,DRA_mppi_crazyflie.py,8,701095136,520,0.02,15,0.05903355250858975,1.0,1.0,36,18,28.825835001043743,19.267294286559125,11.456593475999398,55.60995337058477,13456.066762495782,0.4236571791048065,1176.5677685265064,0.4236571791048065,1176.5677685265064,1176.5677685265064,0.08,0.08,0.04,,,,,,0.05,10.0,3000.0,1000.0
MPPI,mppi,mppi_crazyflie.py,9,249069576,520,0.02,15,0.04912320909785261,1.0,1.0,130,12,47.127598998486064,16.610873528903678,10.00436107600035,46.191047061346225,18558.945633467094,2.4973714100704427,2284.8795796383047,2.4973714100704427,2284.8795796383047,2284.8795796383047,0.08,0.08,0.04,,,,,,,,,
RAMPPI,ramppi,RA_mppi_crazyflie.py,9,1576098728,520,0.02,15,0.07856863276022907,1.0,1.0,49,2,51.412708999123424,18.351614511483113,11.079279729001428,49.64001559438428,1395.967086747593,0.21318450847324147,1208.498404425411,0.21318450847324147,1208.498404425411,1208.498404425411,0.08,0.08,0.04,,0.95,10.0,2000.0,,,,,
DRMPPI,drmppi,DR_mppi_crazyflie.py,9,1662748500,520,0.02,15,0.09218072348547364,0.0,0.0,-1,0,69.06428600268555,22.67682005586511,13.374345442996855,56.89440779535871,4294.435450887083,0.18918300966230084,1857.8502572487275,0.18918300966230084,1857.8502572487275,1857.8502572487275,0.08,0.08,0.04,0.002,0.95,10.0,2000.0,,,,,
DRAMPPI,dramppi,DRA_mppi_crazyflie.py,9,472736216,520,0.02,15,0.05037934931392915,1.0,1.0,36,17,54.061437000200385,22.835384426994445,13.56133936200058,57.47378953660204,7604.924685007189,0.0542116240783812,1106.6659045425508,0.0542116240783812,1106.6659045425508,1106.6659045425508,0.08,0.08,0.04,,,,,,0.05,10.0,3000.0,1000.0
MPPI,mppi,mppi_crazyflie.py,10,1535411295,520,0.02,15,0.042509436859060744,1.0,1.0,130,5,80.08502400116413,19.17579345382854,11.49362847899829,45.952236219763385,18276.10150774187,3.1664324356275837,2385.2704562505,3.1664324356275837,2385.2704562505,2385.2704562505,0.08,0.08,0.04,,,,,,,,,
RAMPPI,ramppi,RA_mppi_crazyflie.py,10,175223003,520,0.02,15,0.07708959968195125,1.0,1.0,48,3,47.5057130024652,19.783791628931514,11.926900799000578,49.71772157668886,1363.3059773986167,0.6362240892328745,1320.8086416272201,0.6362240892328745,1320.8086416272201,1320.8086416272201,0.08,0.08,0.04,,0.95,10.0,2000.0,,,,,
DRMPPI,drmppi,DR_mppi_crazyflie.py,10,840936862,520,0.02,15,0.08091055573208891,0.0,0.0,-1,0,40.463344997988315,23.85295788269734,14.079984871998022,57.14445901277476,5347.584048213755,0.4496446106301491,2041.7880972285936,0.4496446106301491,2041.7880972285936,2041.7880972285936,0.08,0.08,0.04,0.002,0.95,10.0,2000.0,,,,,
DRAMPPI,dramppi,DRA_mppi_crazyflie.py,10,343373188,520,0.02,15,0.05012289211391052,1.0,1.0,36,15,46.486360999551835,21.6483807673145,12.889905095998984,58.035995409388356,15844.27511111446,0.12075463310762967,1168.265623461032,0.12075463310762967,1168.265623461032,1168.265623461032,0.08,0.08,0.04,,,,,,0.05,10.0,3000.0,1000.0
MPPI,mppi,mppi_crazyflie.py,11,1597751082,520,0.02,15,0.0439410829152822,1.0,1.0,130,15,80.09296399904997,21.843219665466815,13.054059972997493,46.88558784575296,18540.799182027713,2.8604922228077387,2345.05031736989,2.8604922228077387,2345.05031736989,2345.05031736989,0.08,0.08,0.04,,,,,,,,,
RAMPPI,ramppi,RA_mppi_crazyflie.py,11,730359585,520,0.02,15,0.07531650706464503,1.0,1.0,36,9,32.066608997411095,18.299477107694447,11.07281669599979,49.7133074635137,1763.872202044301,0.02680412586086068,1239.4017126330525,0.02680412586086068,1239.4017126330525,1239.4017126330525,0.08,0.08,0.04,,0.95,10.0,2000.0,,,,,
DRMPPI,drmppi,DR_mppi_crazyflie.py,11,1016641002,520,0.02,15,0.0840184482246091,0.0,0.0,-1,0,27.800507999927504,21.325355159618855,12.613561706999462,54.59285577529883,5316.056991199997,0.16596901434780476,1897.4350680145637,0.16596901434780476,1897.4350680145637,1897.4350680145637,0.08,0.08,0.04,0.002,0.95,10.0,2000.0,,,,,
DRAMPPI,dramppi,DRA_mppi_crazyflie.py,11,998994690,520,0.02,15,0.011587212542090101,1.0,1.0,36,24,36.89382200172986,19.894052548198278,11.794078778002586,57.4994631270236,15054.259533742768,0.4963727110638397,1188.8934136408259,0.4963727110638397,1188.8934136408259,1188.8934136408259,0.08,0.08,0.04,,,,,,0.05,10.0,3000.0,1000.0
MPPI,mppi,mppi_crazyflie.py,12,1021240743,520,0.02,15,0.044361277673038386,1.0,1.0,130,7,38.96507200261112,16.31761766937136,9.845592302001023,46.63697242433133,18317.099656251692,3.447828139681773,2413.371203324237,3.447828139681773,2413.371203324237,2413.371203324237,0.08,0.08,0.04,,,,,,,,,
RAMPPI,ramppi,RA_mppi_crazyflie.py,12,572134801,520,0.02,15,0.08064458882982772,0.0,0.0,-1,0,20.82957200036617,17.15104440777745,10.381588944001123,51.250966100190425,1654.3704088949667,0.19049342317832257,1252.1958456326017,0.19049342317832257,1252.1958456326017,1252.1958456326017,0.08,0.08,0.04,,0.95,10.0,2000.0,,,,,
DRMPPI,drmppi,DR_mppi_crazyflie.py,12,1198399760,520,0.02,15,0.08891859660987367,0.0,0.0,-1,0,45.45730799873127,21.827710905766324,12.911334860997158,55.017534986730055,5469.571429919479,0.1087291142435961,1892.748218231171,0.1087291142435961,1892.748218231171,1892.748218231171,0.08,0.08,0.04,0.002,0.95,10.0,2000.0,,,,,
DRAMPPI,dramppi,DRA_mppi_crazyflie.py,12,1751866485,520,0.02,15,0.0458917998264703,1.0,1.0,36,22,32.8713950002566,20.859812705797456,12.403543898999487,58.08264356468615,9038.510430161978,0.2618357869794349,1054.5888143751622,0.2618357869794349,1054.5888143751622,1054.5888143751622,0.08,0.08,0.04,,,,,,0.05,10.0,3000.0,1000.0
MPPI,mppi,mppi_crazyflie.py,13,1070889713,520,0.02,15,0.048567219812924306,1.0,1.0,130,12,387.4097280022397,23.160804330802,13.633472821002215,46.3680245563248,18402.201171820197,2.668863995797721,2320.8667952289984,2.668863995797721,2320.8667952289984,2320.8667952289984,0.08,0.08,0.04,,,,,,,,,
RAMPPI,ramppi,RA_mppi_crazyflie.py,13,415096539,520,0.02,15,0.08012243583161952,0.0,0.0,-1,0,32.95343400168349,18.34248689420537,11.098233862998313,50.147359718839255,1443.6485304114317,0.14371722899879819,1317.102447183569,0.14371722899879819,1317.102447183569,1317.102447183569,0.08,0.08,0.04,,0.95,10.0,2000.0,,,,,
DRMPPI,drmppi,DR_mppi_crazyflie.py,13,52416235,520,0.02,15,0.08963061229989844,0.0,0.0,-1,0,38.03912800140097,22.664943842489894,13.43176974599919,56.246500911910545,4860.997611515308,0.2803755472038095,1811.9444683780532,0.2803755472038095,1811.9444683780532,1811.9444683780532,0.08,0.08,0.04,0.002,0.95,10.0,2000.0,,,,,
DRAMPPI,dramppi,DRA_mppi_crazyflie.py,13,278032723,520,0.02,15,0.03866758575295681,1.0,1.0,36,18,52.65344800136518,20.999732534584417,12.443243853002059,56.027909125641855,5352.232712328222,0.2880184617108627,1126.8142227872384,0.2880184617108627,1126.8142227872384,1126.8142227872384,0.08,0.08,0.04,,,,,,0.05,10.0,3000.0,1000.0
MPPI,mppi,mppi_crazyflie.py,14,174946158,520,0.02,15,0.04375209425097776,1.0,1.0,130,8,47.888372999295825,16.59982091720779,10.008560301001125,46.50291968650554,18548.339080404436,3.597715912525837,2361.47443033256,3.597715912525837,2361.47443033256,2361.47443033256,0.08,0.08,0.04,,,,,,,,,
RAMPPI,ramppi,RA_mppi_crazyflie.py,14,196848554,520,0.02,15,0.06928294082624059,1.0,1.0,47,5,32.08819399878848,18.07587765957718,10.9335433510023,50.915888235029534,1277.2585246113429,0.1686482980259878,1127.6500013563552,0.1686482980259878,1127.6500013563552,1127.6500013563552,0.08,0.08,0.04,,0.95,10.0,2000.0,,,,,
DRMPPI,drmppi,DR_mppi_crazyflie.py,14,263030910,520,0.02,15,0.07998533916352303,1.0,1.0,131,1,31.741162998514483,21.521752094185313,12.73693411700151,56.99618683480229,3684.484794688544,0.21887171532049077,1774.581195224788,0.21887171532049077,1774.581195224788,1774.581195224788,0.08,0.08,0.04,0.002,0.95,10.0,2000.0,,,,,
DRAMPPI,dramppi,DRA_mppi_crazyflie.py,14,1285415020,520,0.02,15,0.04111340784631504,1.0,1.0,36,22,28.91435100173112,19.201312232668826,11.427439244998823,59.15541932544056,14785.41624604691,1.0927638403425772,1095.9922432821354,1.0927638403425772,1095.9922432821354,1095.9922432821354,0.08,0.08,0.04,,,,,,0.05,10.0,3000.0,1000.0
MPPI,mppi,mppi_crazyflie.py,15,1733223444,520,0.02,15,0.049696418432331343,1.0,1.0,130,5,42.50248100288445,16.497984342374995,9.9501448719966,46.631195998340644,18388.197368353278,2.660481041808643,2338.858647523985,2.660481041808643,2338.858647523985,2338.858647523985,0.08,0.08,0.04,,,,,,,,,
RAMPPI,ramppi,RA_mppi_crazyflie.py,15,1835544261,520,0.02,15,0.07503046481437353,1.0,1.0,36,9,29.4387829999323,17.32577219232693,10.484327043999656,50.73581531092298,1542.136718342298,0.044979682799558544,1333.8733794865252,0.044979682799558544,1333.8733794865252,1333.8733794865252,0.08,0.08,0.04,,0.95,10.0,2000.0,,,,,
DRMPPI,drmppi,DR_mppi_crazyflie.py,15,1403186970,520,0.02,15,0.09042787265347116,0.0,0.0,-1,0,38.450369000202045,21.167579523052364,12.538138206997246,55.23308175926019,4860.455413943389,0.09011527555562687,1910.5084729165756,0.09011527555562687,1910.5084729165756,1910.5084729165756,0.08,0.08,0.04,0.002,0.95,10.0,2000.0,,,,,
DRAMPPI,dramppi,DRA_mppi_crazyflie.py,15,1291971777,520,0.02,15,0.04890401088795659,1.0,1.0,36,12,29.59461699720123,19.089871421210074,11.352193029000773,56.30939348482518,5980.7072954542355,0.41142221527834827,1195.4231988822874,0.41142221527834827,1195.4231988822874,1195.4231988822874,0.08,0.08,0.04,,,,,,0.05,10.0,3000.0,1000.0
MPPI,mppi,mppi_crazyflie.py,16,712292067,520,0.02,15,0.04623411774456186,1.0,1.0,130,5,41.06467399833491,16.461652825084737,9.915477304999513,45.93973447801736,18551.431017825467,3.258656580575351,2386.3538042957794,3.258656580575351,2386.3538042957794,2386.3538042957794,0.08,0.08,0.04,,,,,,,,,
RAMPPI,ramppi,RA_mppi_crazyflie.py,16,2001429764,520,0.02,15,0.07723580785463029,1.0,1.0,36,8,37.79565500008175,18.800730173139666,11.35534883299988,51.13139758012882,1990.2085326856475,0.15714045549032085,1253.631993096471,0.15714045549032085,1253.631993096471,1253.631993096471,0.08,0.08,0.04,,0.95,10.0,2000.0,,,,,
DRMPPI,drmppi,DR_mppi_crazyflie.py,16,1375664061,520,0.02,15,0.0984653301114087,0.0,0.0,-1,0,41.337446000397904,21.549591626948175,12.828973149000376,54.594831249850046,4289.926983778656,0.32486192885742865,1925.6427514857787,0.32486192885742865,1925.6427514857787,1925.6427514857787,0.08,0.08,0.04,0.002,0.95,10.0,2000.0,,,,,
DRAMPPI,dramppi,DRA_mppi_crazyflie.py,16,1556456120,520,0.02,15,0.07047188739675553,1.0,1.0,36,13,39.71658800219302,18.524403374941848,11.062722012997256,57.575873475036964,12754.015840147105,0.06372529458975856,1135.168754538074,0.06372529458975856,1135.168754538074,1135.168754538074,0.08,0.08,0.04,,,,,,0.05,10.0,3000.0,1000.0
MPPI,mppi,mppi_crazyflie.py,17,1576053187,520,0.02,15,0.04592989701542729,1.0,1.0,130,12,24.424582999927225,16.574870848014072,9.995573820997379,46.44610350926336,18352.832805705515,3.2887429570525333,2317.6875949847217,3.2887429570525333,2317.6875949847217,2317.6875949847217,0.08,0.08,0.04,,,,,,,,,
RAMPPI,ramppi,RA_mppi_crazyflie.py,17,1848019881,520,0.02,15,0.07673051506920335,1.0,1.0,36,5,28.44902600190835,18.024335017393103,10.889064847000554,52.06014664876945,1689.6548843612682,0.10344105023067296,1274.4355559929345,0.10344105023067296,1274.4355559929345,1274.4355559929345,0.08,0.08,0.04,,0.95,10.0,2000.0,,,,,
DRMPPI,drmppi,DR_mppi_crazyflie.py,17,1508652585,520,0.02,15,0.08131134019082566,0.0,0.0,-1,0,33.52211600213195,21.215599340414954,12.563693542997498,56.427367347867666,4892.707810353847,0.11332833856360953,1811.3465726886232,0.11332833856360953,1811.3465726886232,1811.3465726886232,0.08,0.08,0.04,0.002,0.95,10.0,2000.0,,,,,
DRAMPPI,dramppi,DRA_mppi_crazyflie.py,17,1995737731,520,0.02,15,0.03148817419260414,1.0,1.0,36,30,30.671964002976893,19.44357416728403,11.52185666800142,55.40632449379538,15834.204986087601,0.17141270422421606,1118.740711566682,0.17141270422421606,1118.740711566682,1118.740711566682,0.08,0.08,0.04,,,,,,0.05,10.0,3000.0,1000.0
MPPI,mppi,mppi_crazyflie.py,18,1162788447,520,0.02,15,0.0402119744077169,1.0,1.0,130,9,42.59392799940542,16.376136221109707,9.86536314499972,46.29252363423982,18572.9198652345,2.542747335005252,2268.360850863826,2.542747335005252,2268.360850863826,2268.360850863826,0.08,0.08,0.04,,,,,,,,,
RAMPPI,ramppi,RA_mppi_crazyflie.py,18,1172925522,520,0.02,15,0.07566790873210787,1.0,1.0,48,3,27.72005299993907,17.415184221184834,10.529414956999972,49.96301452818729,1549.57122287062,0.16809561047123106,1414.7237613223376,0.16809561047123106,1414.7237613223376,1414.7237613223376,0.08,0.08,0.04,,0.95,10.0,2000.0,,,,,
DRMPPI,drmppi,DR_mppi_crazyflie.py,18,539174575,520,0.02,15,0.09645241101407614,0.0,0.0,-1,0,40.64184100207058,21.85445249991132,12.93822965200161,54.449960784040556,3866.4389761861494,0.07396014166750384,1816.1010132945516,0.07396014166750384,1816.1010132945516,1816.1010132945516,0.08,0.08,0.04,0.002,0.95,10.0,2000.0,,,,,
DRAMPPI,dramppi,DRA_mppi_crazyflie.py,18,2013637345,520,0.02,15,0.04883422317370759,1.0,1.0,36,18,39.84304099867586,19.06026174415624,11.31337642699873,58.08643697528712,20321.21626783677,0.6615327876817854,1125.1438163895357,0.6615327876817854,1125.1438163895357,1125.1438163895357,0.08,0.08,0.04,,,,,,0.05,10.0,3000.0,1000.0
MPPI,mppi,mppi_crazyflie.py,19,1187468716,520,0.02,15,0.045652444336417256,1.0,1.0,130,12,22.54855999854044,16.206100690431832,9.759239898998203,46.674244711214996,18235.439273007138,3.0670011292436365,2391.3454167415925,3.0670011292436365,2391.3454167415925,2391.3454167415925,0.08,0.08,0.04,,,,,,,,,
RAMPPI,ramppi,RA_mppi_crazyflie.py,19,1062978506,520,0.02,15,0.07772145018394104,1.0,1.0,49,3,24.391254999500234,17.262269513552244,10.450856392999412,51.627387611779135,1849.3861467878662,0.21315766680207884,1349.3261428110482,0.21315766680207884,1349.3261428110482,1349.3261428110482,0.08,0.08,0.04,,0.95,10.0,2000.0,,,,,
DRMPPI,drmppi,DR_mppi_crazyflie.py,19,679326770,520,0.02,15,0.09582283828912161,0.0,0.0,-1,0,32.88314399833325,21.529233009592783,12.749531131998083,56.663577505165,5448.322779961391,0.4454755795550663,1981.8599607972317,0.4454755795550663,1981.8599607972317,1981.8599607972317,0.08,0.08,0.04,0.002,0.95,10.0,2000.0,,,,,
DRAMPPI,dramppi,DRA_mppi_crazyflie.py,19,587923432,520,0.02,15,0.037448883806350725,1.0,1.0,36,10,28.585250001924578,19.402373911466732,11.487521476999973,55.45093729837757,11557.40924719449,0.050114906885353076,1103.9710241030054,0.050114906885353076,1103.9710241030054,1103.9710241030054,0.08,0.08,0.04,,,,,,0.05,10.0,3000.0,1000.0
MPPI,mppi,mppi_crazyflie.py,20,1359889667,520,0.02,15,0.047011569086264075,1.0,1.0,130,13,41.742113997315755,16.421558457638568,9.883117670000502,46.30411201325656,18445.2672995078,4.371120399003344,2408.4643239293778,4.371120399003344,2408.4643239293778,2408.4643239293778,0.08,0.08,0.04,,,,,,,,,
RAMPPI,ramppi,RA_mppi_crazyflie.py,20,970187386,520,0.02,15,0.0830685919419876,0.0,0.0,-1,0,27.875505002157297,17.473148551877014,10.572519727000326,49.57360987762723,1529.6735604615699,0.09107030638272559,1263.8585530172256,0.09107030638272559,1263.8585530172256,1263.8585530172256,0.08,0.08,0.04,,0.95,10.0,2000.0,,,,,
DRMPPI,drmppi,DR_mppi_crazyflie.py,20,1219839873,520,0.02,15,0.09193882667714168,0.0,0.0,-1,0,32.256274000246776,21.16180494233329,12.524791834999633,55.5790234881174,4811.121281645303,0.15518395901733834,1917.6430643949348,0.15518395901733834,1917.6430643949348,1917.6430643949348,0.08,0.08,0.04,0.002,0.95,10.0,2000.0,,,,,
DRAMPPI,dramppi,DRA_mppi_crazyflie.py,20,1428160212,520,0.02,15,0.0396872917555997,1.0,1.0,36,21,48.711570001614746,19.56436405555276,11.633794335000857,55.666434099768395,11611.036107096308,0.2170019899635629,1194.7367722581764,0.2170019899635629,1194.7367722581764,1194.7367722581764,0.08,0.08,0.04,,,,,,0.05,10.0,3000.0,1000.0
MPPI,mppi,mppi_crazyflie.py,21,1930609499,520,0.02,15,0.04878425956115003,1.0,1.0,130,7,42.262754002877045,16.253866598148868,9.814598747998389,46.28172611343157,18541.241587153952,2.5782894261905054,2300.21901413126,2.5782894261905054,2300.21901413126,2300.21901413126,0.08,0.08,0.04,,,,,,,,,
RAMPPI,ramppi,RA_mppi_crazyflie.py,21,710582861,520,0.02,15,0.07769400047389288,1.0,1.0,48,3,24.174342997866916,17.296899713493566,10.482764361997397,50.32886779677339,1445.5381886018115,0.08817771119641378,1215.22120491699,0.08817771119641378,1215.22120491699,1215.22120491699,0.08,0.08,0.04,,0.95,10.0,2000.0,,,,,
DRMPPI,drmppi,DR_mppi_crazyflie.py,21,1463614337,520,0.02,15,0.08724148280955203,0.0,0.0,-1,0,27.239996001299005,21.240763271110225,12.567673808000109,57.6408648267836,3987.2511964881483,0.04328507547091073,1940.3097062061656,0.04328507547091073,1940.3097062061656,1940.3097062061656,0.08,0.08,0.04,0.002,0.95,10.0,2000.0,,,,,
DRAMPPI,dramppi,DRA_mppi_crazyflie.py,21,1940152705,520,0.02,15,0.06283539071948763,1.0,1.0,36,15,26.31917699909536,19.23641909235392,11.430636295997829,57.41559551361246,11273.690472959119,0.10661217561551142,1314.1490655425723,0.10661217561551142,1314.1490655425723,1314.1490655425723,0.08,0.08,0.04,,,,,,0.05,10.0,3000.0,1000.0
MPPI,mppi,mppi_crazyflie.py,22,985452196,520,0.02,15,0.054060400847341955,1.0,1.0,130,8,23.948490001203027,16.430161078838303,9.894862967998051,45.987198473429274,18512.556088583176,2.988971784806112,2429.9301705103458,2.988971784806112,2429.9301705103458,2429.9301705103458,0.08,0.08,0.04,,,,,,,,,
RAMPPI,ramppi,RA_mppi_crazyflie.py,22,552062587,520,0.02,15,0.06971114745120512,1.0,1.0,47,5,23.3786799981317,17.368250117299166,10.514231379002013,50.25629249965419,1463.1070115957502,0.3199410594272962,1267.8213789283693,0.3199410594272962,1267.8213789283693,1267.8213789283693,0.08,0.08,0.04,,0.95,10.0,2000.0,,,,,
DRMPPI,drmppi,DR_mppi_crazyflie.py,22,623566272,520,0.02,15,0.08745961339162754,0.0,0.0,-1,0,29.376516002230346,21.267477215433946,12.58157894499891,52.71202258666195,5612.654780546186,0.12561041228325423,1764.9796972104625,0.12561041228325423,1764.9796972104625,1764.9796972104625,0.08,0.08,0.04,0.002,0.95,10.0,2000.0,,,,,
DRAMPPI,dramppi,DRA_mppi_crazyflie.py,22,729775797,520,0.02,15,0.06846895950882789,1.0,1.0,129,2,28.078264000214403,19.199322761582714,11.40944706099981,61.02179728700368,16443.682399411402,0.02763266112707212,1287.869840511576,0.02763266112707212,1287.869840511576,1287.869840511576,0.08,0.08,0.04,,,,,,0.05,10.0,3000.0,1000.0
MPPI,mppi,mppi_crazyflie.py,23,1352536665,520,0.02,15,0.04634188821436669,1.0,1.0,130,5,23.34820000032778,16.34103143652772,9.852413546999742,46.51011565042205,18650.164178689913,2.458210950790613,2395.839414872781,2.458210950790613,2395.839414872781,2395.839414872781,0.08,0.08,0.04,,,,,,,,,
RAMPPI,ramppi,RA_mppi_crazyflie.py,23,555883440,520,0.02,15,0.08078889854603573,0.0,0.0,-1,0,22.414112998376368,17.452651500032236,10.54923454299933,49.55554522650566,1720.9251053580708,0.470225697506253,1269.440235367235,0.470225697506253,1269.440235367235,1269.440235367235,0.08,0.08,0.04,,0.95,10.0,2000.0,,,,,
DRMPPI,drmppi,DR_mppi_crazyflie.py,23,1801800003,520,0.02,15,0.09570569750621763,0.0,0.0,-1,0,27.60660000058124,21.412805867385032,12.656313897998189,55.178448106041174,4336.211948449395,0.24126172037981425,1911.9575250091439,0.24126172037981425,1911.9575250091439,1911.9575250091439,0.08,0.08,0.04,0.002,0.95,10.0,2000.0,,,,,
DRAMPPI,dramppi,DRA_mppi_crazyflie.py,23,763315502,520,0.02,15,0.04015582887686706,1.0,1.0,36,13,25.40895099809859,19.35353895384581,11.482599888997356,57.03787925252507,14314.226260632291,0.9472619376973999,1132.3989275212089,0.9472619376973999,1132.3989275212089,1132.3989275212089,0.08,0.08,0.04,,,,,,0.05,10.0,3000.0,1000.0
MPPI,mppi,mppi_crazyflie.py,24,138897982,520,0.02,15,0.04469213688462752,1.0,1.0,130,11,23.36012399973697,16.335595557547304,9.847160860997974,46.959620135760616,18360.768945915996,4.090603085169347,2399.5255497490407,4.090603085169347,2399.5255497490407,2399.5255497490407,0.08,0.08,0.04,,,,,,,,,
RAMPPI,ramppi,RA_mppi_crazyflie.py,24,10785379,520,0.02,15,0.0754128446567981,1.0,1.0,48,4,28.283763997023925,17.460883623019843,10.552492851002171,48.796107230283894,1577.218577457204,0.015327070670240913,1207.160964128908,0.015327070670240913,1207.160964128908,1207.160964128908,0.08,0.08,0.04,,0.95,10.0,2000.0,,,,,
DRMPPI,drmppi,DR_mppi_crazyflie.py,24,53923185,520,0.02,15,0.08770761283733261,0.0,0.0,-1,0,32.300375001796056,21.260706511489282,12.580022880996694,54.071326763387134,4472.578740469186,0.046561993808561866,1911.205337974956,0.046561993808561866,1911.205337974956,1911.205337974956,0.08,0.08,0.04,0.002,0.95,10.0,2000.0,,,,,
DRAMPPI,dramppi,DRA_mppi_crazyflie.py,24,1349917978,520,0.02,15,0.054580884741201874,1.0,1.0,36,21,37.45155799697386,19.314472346104594,11.464632634000736,58.20068680623601,12132.73836839381,0.44308272440010277,1178.9481889399015,0.44308272440010277,1178.9481889399015,1178.9481889399015,0.08,0.08,0.04,,,,,,0.05,10.0,3000.0,1000.0
MPPI,mppi,mppi_crazyflie.py,25,744789065,520,0.02,15,0.04322178098661324,1.0,1.0,130,9,42.089335998753086,16.411891513486736,9.876400081997417,46.72983298075974,18448.62372235368,2.9794451735157805,2393.7288477644133,2.9794451735157805,2393.7288477644133,2393.7288477644133,0.08,0.08,0.04,,,,,,,,,
RAMPPI,ramppi,RA_mppi_crazyflie.py,25,606412246,520,0.02,15,0.08565609950776396,0.0,0.0,-1,0,27.288211000268348,17.461380186467487,10.550994191999052,49.9215913389055,1377.0502705089016,0.12750465643468847,1324.2852924035772,0.12750465643468847,1324.2852924035772,1324.2852924035772,0.08,0.08,0.04,,0.95,10.0,2000.0,,,,,
DRMPPI,drmppi,DR_mppi_crazyflie.py,25,1311962371,520,0.02,15,0.0864765261906402,0.0,0.0,-1,0,46.464660998026375,21.32527722114901,12.608473894997587,54.10862626978096,5802.640572746034,0.7029166990973049,1788.8087732975864,0.7029166990973049,1788.8087732975864,1788.8087732975864,0.08,0.08,0.04,0.002,0.95,10.0,2000.0,,,,,
DRAMPPI,dramppi,DRA_mppi_crazyflie.py,25,146217199,520,0.02,15,0.008476159510068616,1.0,1.0,36,20,27.99322400096571,19.280074976953845,11.43944643299983,56.63818159714222,11858.41250415137,0.12462219790439139,1233.4955472014817,0.12462219790439139,1233.4955472014817,1233.4955472014817,0.08,0.08,0.04,,,,,,0.05,10.0,3000.0,1000.0
MPPI,mppi,mppi_crazyflie.py,26,1162395141,520,0.02,15,0.04359291817750524,1.0,1.0,130,11,41.96965899973293,16.35902874425553,9.86488252900017,46.716988481026284,18682.424418641476,2.1980382002946417,2362.042816943045,2.1980382002946417,2362.042816943045,2362.042816943045,0.08,0.08,0.04,,,,,,,,,
RAMPPI,ramppi,RA_mppi_crazyflie.py,26,1324630141,520,0.02,15,0.08341014744646542,0.0,0.0,-1,0,24.61503700033063,17.350965599983354,10.502017814000283,51.076550986250865,1632.0677834175929,0.03410178183015203,1516.8549732047557,0.03410178183015203,1516.8549732047557,1516.8549732047557,0.08,0.08,0.04,,0.95,10.0,2000.0,,,,,
DRMPPI,drmppi,DR_mppi_crazyflie.py,26,68269102,520,0.02,15,0.09523436788437703,0.0,0.0,-1,0,26.982132003467996,21.09479606534268,12.488471902001038,53.64124497564166,4698.714261385956,0.10690990364815849,1909.6017033776159,0.10690990364815849,1909.6017033776159,1909.6017033776159,0.08,0.08,0.04,0.002,0.95,10.0,2000.0,,,,,
DRAMPPI,dramppi,DRA_mppi_crazyflie.py,26,378657889,520,0.02,15,0.06460151296794328,1.0,1.0,38,4,26.957573998515727,18.976520688486815,11.295756220999465,58.72260817558616,9148.972736724312,0.7582251404003234,1263.3913615820966,0.7582251404003234,1263.3913615820966,1263.3913615820966,0.08,0.08,0.04,,,,,,0.05,10.0,3000.0,1000.0
MPPI,mppi,mppi_crazyflie.py,27,838210359,520,0.02,15,0.04126983579331584,1.0,1.0,130,8,22.724508999090176,16.26754834813675,9.812881443998776,46.46096031404521,18506.6886409928,3.384304179981851,2312.0126957911916,3.384304179981851,2312.0126957911916,2312.0126957911916,0.08,0.08,0.04,,,,,,,,,
RAMPPI,ramppi,RA_mppi_crazyflie.py,27,653669083,520,0.02,15,0.0799023722415994,1.0,1.0,480,1,23.55487400200218,17.365926328819533,10.490103184001782,50.28264154926485,2038.5140320662963,0.37710803593162506,1266.5235018984276,0.37710803593162506,1266.5235018984276,1266.5235018984276,0.08,0.08,0.04,,0.95,10.0,2000.0,,,,,
DRMPPI,drmppi,DR_mppi_crazyflie.py,27,2041536189,520,0.02,15,0.09320655178139244,0.0,0.0,-1,0,36.428703999263234,21.416882377063583,12.65280635200179,53.8731405259294,4557.817712976127,0.05423221547624107,1987.466788462382,0.05423221547624107,1987.466788462382,1987.466788462382,0.08,0.08,0.04,0.002,0.95,10.0,2000.0,,,,,
DRAMPPI,dramppi,DRA_mppi_crazyflie.py,27,946797216,520,0.02,15,0.058361987268164946,1.0,1.0,36,21,33.53526099817827,19.40046235191543,11.50598501100103,55.873917554470275,15169.828656929314,0.47023366219779106,1142.7407831187722,0.47023366219779106,1142.7407831187722,1142.7407831187722,0.08,0.08,0.04,,,,,,0.05,10.0,3000.0,1000.0
MPPI,mppi,mppi_crazyflie.py,28,1389289275,520,0.02,15,0.04807669887257813,1.0,1.0,130,5,42.13992699806113,16.312927615357555,9.828330306998396,46.246446552380526,18516.100668218314,3.182655011352521,2370.792537893259,3.182655011352521,2370.792537893259,2370.792537893259,0.08,0.08,0.04,,,,,,,,,
RAMPPI,ramppi,RA_mppi_crazyflie.py,28,322557070,520,0.02,15,0.07771468046545331,1.0,1.0,48,3,29.668723997019697,17.47501352888671,10.54566464200252,49.526862080200786,1718.3338157778437,0.06603693552010431,1318.0776146892547,0.06603693552010431,1318.0776146892547,1318.0776146892547,0.08,0.08,0.04,,0.95,10.0,2000.0,,,,,
DRMPPI,drmppi,DR_mppi_crazyflie.py,28,1731742693,520,0.02,15,0.09427167932846073,0.0,0.0,-1,0,33.86557300109416,21.240666834665507,12.565095006000774,54.83080312151697,3905.8210922860426,0.2730753933565074,1829.3217264196292,0.2730753933565074,1829.3217264196292,1829.3217264196292,0.08,0.08,0.04,0.002,0.95,10.0,2000.0,,,,,
DRAMPPI,dramppi,DRA_mppi_crazyflie.py,28,467998669,520,0.02,15,0.07924082132803349,1.0,1.0,36,2,26.17805099725956,19.30324084994656,11.471909150997817,64.24849959752976,16945.524165574458,0.4465298972874069,1351.7287021248521,0.4465298972874069,1351.7287021248521,1351.7287021248521,0.08,0.08,0.04,,,,,,0.05,10.0,3000.0,1000.0
MPPI,mppi,mppi_crazyflie.py,29,1647913984,520,0.02,15,0.03981266706488285,1.0,1.0,130,12,23.904617999505717,16.30556360184458,9.814642258999811,46.70676814587773,18658.723517952407,2.970629634741402,2323.491048148802,2.970629634741402,2323.491048148802,2323.491048148802,0.08,0.08,0.04,,,,,,,,,
RAMPPI,ramppi,RA_mppi_crazyflie.py,29,1018622608,520,0.02,15,0.07407777194705506,1.0,1.0,479,3,22.840915000415407,17.380928305710068,10.49998245900133,49.555444424957415,1879.7989669548701,0.13229148352627346,1227.8003005191965,0.13229148352627346,1227.8003005191965,1227.8003005191965,0.08,0.08,0.04,,0.95,10.0,2000.0,,,,,
DRMPPI,drmppi,DR_mppi_crazyflie.py,29,873344961,520,0.02,15,0.09453552152076414,0.0,0.0,-1,0,40.01111099933041,21.2119932058438,12.556963248000102,56.2941663328766,5677.912904858704,0.19576134989641072,1796.1418230004017,0.19576134989641072,1796.1418230004017,1796.1418230004017,0.08,0.08,0.04,0.002,0.95,10.0,2000.0,,,,,
DRAMPPI,dramppi,DRA_mppi_crazyflie.py,29,1022994326,520,0.02,15,0.06532163656286981,1.0,1.0,36,11,31.748470999446,19.07155520573444,11.328978341000038,56.08722003657742,8449.041615008586,0.37734602182526084,1225.525716484276,0.37734602182526084,1225.525716484276,1225.525716484276,0.08,0.08,0.04,,,,,,0.05,10.0,3000.0,1000.0
MPPI,mppi,mppi_crazyflie.py,30,1150738891,520,0.02,15,0.04612694326600232,1.0,1.0,130,9,42.010527999082115,16.219147319155198,9.781201115998556,46.905734525238245,18258.437496170627,4.433234955259771,2325.5936122877565,4.433234955259771,2325.5936122877565,2325.5936122877565,0.08,0.08,0.04,,,,,,,,,
RAMPPI,ramppi,RA_mppi_crazyflie.py,30,548107305,520,0.02,15,0.07772717517050706,1.0,1.0,48,5,26.889902001130395,17.24573459811766,10.44633757200063,48.85263095133066,1545.34860332319,0.3343198817746816,1212.2422760782144,0.3343198817746816,1212.2422760782144,1212.2422760782144,0.08,0.08,0.04,,0.95,10.0,2000.0,,,,,
DRMPPI,drmppi,DR_mppi_crazyflie.py,30,260569130,520,0.02,15,0.09380338464318663,0.0,0.0,-1,0,29.730983998888405,21.144509334471177,12.514498841999739,54.711080805895875,5731.668573834326,0.11169053177573474,1849.7746602170246,0.11169053177573474,1849.7746602170246,1849.7746602170246,0.08,0.08,0.04,0.002,0.95,10.0,2000.0,,,,,
DRAMPPI,dramppi,DRA_mppi_crazyflie.py,30,639016547,520,0.02,15,0.06691293920697154,1.0,1.0,36,18,26.220048999675782,19.01018553079876,11.306536842999776,59.0469964374133,20390.067400265958,0.04224397190646848,1273.1697500858927,0.04224397190646848,1273.1697500858927,1273.1697500858927,0.08,0.08,0.04,,,,,,0.05,10.0,3000.0,1000.0
MPPI,mppi,mppi_crazyflie.py,31,2123951056,520,0.02,15,0.04486443443480309,1.0,1.0,130,11,22.117519998573698,16.248305649983543,9.787070878999657,46.32307049758905,18440.83187894933,3.347482276009105,2292.772690978811,3.347482276009105,2292.772690978811,2292.772690978811,0.08,0.08,0.04,,,,,,,,,
RAMPPI,ramppi,RA_mppi_crazyflie.py,31,599292075,520,0.02,15,0.07659275330057733,1.0,1.0,48,4,26.642238000931684,17.42335393652096,10.526815566998266,49.854331537212325,1954.0719116611494,0.09440196585157429,1299.5317972563892,0.09440196585157429,1299.5317972563892,1299.5317972563892,0.08,0.08,0.04,,0.95,10.0,2000.0,,,,,
DRMPPI,drmppi,DR_mppi_crazyflie.py,31,1433570083,520,0.02,15,0.08597690461997015,0.0,0.0,-1,0,33.04324399869074,21.282263209461515,12.598227082002268,53.90130481585427,4760.828360551646,0.2413267730076099,1885.3125001554458,0.2413267730076099,1885.3125001554458,1885.3125001554458,0.08,0.08,0.04,0.002,0.95,10.0,2000.0,,,,,
DRAMPPI,dramppi,DRA_mppi_crazyflie.py,31,559589597,520,0.02,15,0.054013988183653196,1.0,1.0,36,19,25.109184000029927,19.0613206096434,11.317009600999882,59.10538821377921,15564.041505403131,0.2119043575304332,1038.4107865697551,0.2119043575304332,1038.4107865697551,1038.4107865697551,0.08,0.08,0.04,,,,,,0.05,10.0,3000.0,1000.0
MPPI,mppi,mppi_crazyflie.py,32,1799442136,520,0.02,15,0.04430568229354382,1.0,1.0,130,15,22.53342599942698,16.24380173841648,9.781260432999261,46.65021535197765,18339.80032342872,2.983381112824375,2323.3595872370656,2.983381112824375,2323.3595872370656,2323.3595872370656,0.08,0.08,0.04,,,,,,,,,
RAMPPI,ramppi,RA_mppi_crazyflie.py,32,1036722625,520,0.02,15,0.0764066509081176,1.0,1.0,36,9,26.945808000164106,17.374592015438303,10.517092712001613,50.60970299050807,1587.4995687520745,0.10729204748363438,1333.3912573182024,0.10729204748363438,1333.3912573182024,1333.3912573182024,0.08,0.08,0.04,,0.95,10.0,2000.0,,,,,
DRMPPI,drmppi,DR_mppi_crazyflie.py,32,1218338984,520,0.02,15,0.0893522049561021,0.0,0.0,-1,0,38.7825170000724,21.265690594205246,12.586720385999797,55.898002795955335,5134.915562260684,0.6427695970083186,1834.7056374164888,0.6427695970083186,1834.7056374164888,1834.7056374164888,0.08,0.08,0.04,0.002,0.95,10.0,2000.0,,,,,
DRAMPPI,dramppi,DRA_mppi_crazyflie.py,32,455221513,520,0.02,15,0.057690495371265894,1.0,1.0,36,19,33.288310001807986,19.45270913258635,11.53551115799928,56.89696895571478,26621.11555669582,0.23338890709235935,1008.9874392370227,0.23338890709235935,1008.9874392370227,1008.9874392370227,0.08,0.08,0.04,,,,,,0.05,10.0,3000.0,1000.0
MPPI,mppi,mppi_crazyflie.py,33,1304975114,520,0.02,15,0.04383244267129018,1.0,1.0,130,14,42.27082299985341,16.439080336651667,9.894312742999318,46.5114580768319,18269.498267547853,2.5486407549774697,2327.472597700615,2.5486407549774697,2327.472597700615,2327.472597700615,0.08,0.08,0.04,,,,,,,,,
RAMPPI,ramppi,RA_mppi_crazyflie.py,33,1064358601,520,0.02,15,0.0795157020418396,1.0,1.0,480,1,28.29355699941516,17.438031590434267,10.53610095499971,48.75837725229955,1883.7543536917344,0.07765624556695541,1323.9599613808853,0.07765624556695541,1323.9599613808853,1323.9599613808853,0.08,0.08,0.04,,0.95,10.0,2000.0,,,,,
DRMPPI,drmppi,DR_mppi_crazyflie.py,33,1530335909,520,0.02,15,0.07888812158791547,1.0,1.0,48,1,29.75765399969532,21.104215678846792,12.49829815799967,57.19021157093449,4941.525240456051,0.2579430641528158,1952.568642633318,0.2579430641528158,1952.568642633318,1952.568642633318,0.08,0.08,0.04,0.002,0.95,10.0,2000.0,,,,,
DRAMPPI,dramppi,DRA_mppi_crazyflie.py,33,528842169,520,0.02,15,0.06918985172326736,1.0,1.0,36,19,28.74048399826279,19.184987571155105,11.403020418998494,56.699842855461,14230.856189647608,0.11912977706298031,1123.8176752266593,0.11912977706298031,1123.8176752266593,1123.8176752266593,0.08,0.08,0.04,,,,,,0.05,10.0,3000.0,1000.0
MPPI,mppi,mppi_crazyflie.py,34,1307520020,520,0.02,15,0.046893876650367906,1.0,1.0,130,6,29.800329000863712,16.352783449971096,9.865962757001398,46.22516398868454,18568.29105382998,2.3382204961591238,2375.344289844047,2.3382204961591238,2375.344289844047,2375.344289844047,0.08,0.08,0.04,,,,,,,,,
RAMPPI,ramppi,RA_mppi_crazyflie.py,34,1800627784,520,0.02,15,0.07296000328795656,1.0,1.0,36,12,29.798994000884704,17.47400107892995,10.566068861997337,50.467088365501105,2285.918594389885,0.22212087421257723,1232.5305958685194,0.22212087421257723,1232.5305958685194,1232.5305958685194,0.08,0.08,0.04,,0.95,10.0,2000.0,,,,,
DRMPPI,drmppi,DR_mppi_crazyflie.py,34,1003642109,520,0.02,15,0.08639628051672736,0.0,0.0,-1,0,30.85530899988953,21.258908576923066,12.576505858000019,55.887718664707236,4707.768185768668,0.11540201385421302,1746.327192564714,0.11540201385421302,1746.327192564714,1746.327192564714,0.08,0.08,0.04,0.002,0.95,10.0,2000.0,,,,,
DRAMPPI,dramppi,DRA_mppi_crazyflie.py,34,386827496,520,0.02,15,0.04491036576841627,1.0,1.0,36,28,29.078584997478174,18.994707740281367,11.293267930999718,58.82734345746006,40550.67021605198,0.11729934558177975,1166.8658623844883,0.11729934558177975,1166.8658623844883,1166.8658623844883,0.08,0.08,0.04,,,,,,0.05,10.0,3000.0,1000.0
MPPI,mppi,mppi_crazyflie.py,35,156365210,520,0.02,15,0.054398756029717166,1.0,1.0,130,5,43.03605499808327,16.41079815573483,9.888214357000834,46.13366499698512,18623.913997223233,2.8752899131335994,2365.430630659416,2.8752899131335994,2365.430630659416,2365.430630659416,0.08,0.08,0.04,,,,,,,,,
RAMPPI,ramppi,RA_mppi_crazyflie.py,35,1851466537,520,0.02,15,0.07640319841242162,1.0,1.0,130,1,23.90785500028869,17.366157024851137,10.51461443000153,50.90772627037635,1598.6753499627082,0.05411857536611168,1211.7964725941617,0.05411857536611168,1211.7964725941617,1211.7964725941617,0.08,0.08,0.04,,0.95,10.0,2000.0,,,,,
DRMPPI,drmppi,DR_mppi_crazyflie.py,35,1084556788,520,0.02,15,0.0945235583899258,0.0,0.0,-1,0,28.615469000214944,21.25532302122967,12.571564387999388,54.384757048375846,5435.338778804243,0.2553399475051978,1799.6822214104095,0.2553399475051978,1799.6822214104095,1799.6822214104095,0.08,0.08,0.04,0.002,0.95,10.0,2000.0,,,,,
DRAMPPI,dramppi,DRA_mppi_crazyflie.py,35,382895141,520,0.02,15,0.027302959390235554,1.0,1.0,36,13,24.306865998369176,19.53102938074293,11.568078205000347,59.19528142509691,17345.630368584665,0.8067137773348557,1114.7968831786368,0.8067137773348557,1114.7968831786368,1114.7968831786368,0.08,0.08,0.04,,,,,,0.05,10.0,3000.0,1000.0
MPPI,mppi,mppi_crazyflie.py,36,630896202,520,0.02,15,0.0422228617458626,1.0,1.0,130,7,43.86455500207376,16.282377959634267,9.814554505999695,46.40565877712592,18550.218337556515,2.4722433159347577,2287.1662895983563,2.4722433159347577,2287.1662895983563,2287.1662895983563,0.08,0.08,0.04,,,,,,,,,
RAMPPI,ramppi,RA_mppi_crazyflie.py,36,1611753761,520,0.02,15,0.08169180744448835,0.0,0.0,-1,0,35.939020999649074,17.478174155761597,10.577053905999492,49.438813864628266,1788.3396934894195,0.08510380735342067,1284.1355537976074,0.08510380735342067,1284.1355537976074,1284.1355537976074,0.08,0.08,0.04,,0.95,10.0,2000.0,,,,,
DRMPPI,drmppi,DR_mppi_crazyflie.py,36,795837702,520,0.02,15,0.08402554134219493,0.0,0.0,-1,0,31.683699999121018,21.380735617276514,12.64364963099797,60.62967075228439,5402.30287064944,0.8552864610053245,1930.2874356031725,0.8552864610053245,1930.2874356031725,1930.2874356031725,0.08,0.08,0.04,0.002,0.95,10.0,2000.0,,,,,
DRAMPPI,dramppi,DRA_mppi_crazyflie.py,36,1312371073,520,0.02,15,0.056095737362490926,1.0,1.0,36,20,37.08547000132967,18.916658594242527,11.25639062999835,57.331679294877844,18260.624039741757,1.0088003844423183,1281.44206458922,1.0088003844423183,1281.44206458922,1281.44206458922,0.08,0.08,0.04,,,,,,0.05,10.0,3000.0,1000.0
MPPI,mppi,mppi_crazyflie.py,37,1743985090,520,0.02,15,0.055685799944830326,1.0,1.0,130,4,23.70076599981985,16.21284043646413,9.776097221998498,46.38201364615847,18522.64756767511,3.092829220498749,2383.0877123102173,3.092829220498749,2383.0877123102173,2383.0877123102173,0.08,0.08,0.04,,,,,,,,,
RAMPPI,ramppi,RA_mppi_crazyflie.py,37,449157016,520,0.02,15,0.07370655853944723,1.0,1.0,48,4,21.518396999454126,17.225290844278508,10.436441343998013,50.11875354468529,1526.4628307551466,0.2303493081986187,1269.079176910828,0.2303493081986187,1269.079176910828,1269.079176910828,0.08,0.08,0.04,,0.95,10.0,2000.0,,,,,
DRMPPI,drmppi,DR_mppi_crazyflie.py,37,1846620139,520,0.02,15,0.09342805029173162,0.0,0.0,-1,0,35.37059600057546,21.223615826980115,12.55980520400044,54.26231002564135,4722.340387367927,0.170904630342191,1775.1067077360713,0.170904630342191,1775.1067077360713,1775.1067077360713,0.08,0.08,0.04,0.002,0.95,10.0,2000.0,,,,,
DRAMPPI,dramppi,DRA_mppi_crazyflie.py,37,1631813597,520,0.02,15,0.06187381753045297,1.0,1.0,36,15,48.6616550006147,19.116101796141894,11.361750569998549,57.50217773989665,10008.990111366886,0.33860081663010133,1355.9524939565615,0.33860081663010133,1355.9524939565615,1355.9524939565615,0.08,0.08,0.04,,,,,,0.05,10.0,3000.0,1000.0
MPPI,mppi,mppi_crazyflie.py,38,718941254,520,0.02,15,0.045055160441017005,1.0,1.0,130,13,43.243453998002224,16.4252291615552,9.89245682100227,46.60366400388732,18462.56549641559,3.2804082271537145,2392.9797408261725,3.2804082271537145,2392.9797408261725,2392.9797408261725,0.08,0.08,0.04,,,,,,,,,
RAMPPI,ramppi,RA_mppi_crazyflie.py,38,535282996,520,0.02,15,0.07700098875412574,1.0,1.0,130,2,26.106852001248626,17.39533699223662,10.524971557999379,50.43191334969241,1405.9183503216457,0.10046776029967959,1286.6087487742093,0.10046776029967959,1286.6087487742093,1286.6087487742093,0.08,0.08,0.04,,0.95,10.0,2000.0,,,,,
DRMPPI,drmppi,DR_mppi_crazyflie.py,38,739473027,520,0.02,15,0.09309273817107211,0.0,0.0,-1,0,35.43440599969472,21.31672233263089,12.612692091999634,55.252306657467024,4625.623093773313,0.4771788894227457,1846.6141603235076,0.4771788894227457,1846.6141603235076,1846.6141603235076,0.08,0.08,0.04,0.002,0.95,10.0,2000.0,,,,,
DRAMPPI,dramppi,DRA_mppi_crazyflie.py,38,183763894,520,0.02,15,0.06008775058034263,1.0,1.0,36,11,32.50966000268818,19.343264871041846,11.480413883997244,55.906560563385895,6838.80385389347,0.2984481049305142,1255.3225904488247,0.2984481049305142,1255.3225904488247,1255.3225904488247,0.08,0.08,0.04,,,,,,0.05,10.0,3000.0,1000.0
MPPI,mppi,mppi_crazyflie.py,39,921601425,520,0.02,15,0.050768874991051885,1.0,1.0,130,8,23.20453699940117,16.34778062108615,9.856964236001659,46.19799997395933,18445.24754502181,3.139286553013764,2355.725685813237,3.139286553013764,2355.725685813237,2355.725685813237,0.08,0.08,0.04,,,,,,,,,
RAMPPI,ramppi,RA_mppi_crazyflie.py,39,1327266703,520,0.02,15,0.07709337437070368,1.0,1.0,48,2,31.445071999769425,17.403129209574566,10.542977938999684,49.43816929431189,1375.8410635784724,0.05247657677068838,1310.8253480425062,0.05247657677068838,1310.8253480425062,1310.8253480425062,0.08,0.08,0.04,,0.95,10.0,2000.0,,,,,
DRMPPI,drmppi,DR_mppi_crazyflie.py,39,1656962606,520,0.02,15,0.09122929538900813,0.0,0.0,-1,0,31.424722998053767,21.32111755196932,12.610905481000373,55.91084444369632,5403.44941456728,0.24864779386338823,1858.7833988564985,0.24864779386338823,1858.7833988564985,1858.7833988564985,0.08,0.08,0.04,0.002,0.95,10.0,2000.0,,,,,
DRAMPPI,dramppi,DRA_mppi_crazyflie.py,39,1153130709,520,0.02,15,0.0557294969281234,1.0,1.0,36,17,28.110885999922175,19.4175781211785,11.509944711000571,55.735896279583145,14307.324243342398,0.6300818459500511,1159.5168511953034,0.6300818459500511,1159.5168511953034,1159.5168511953034,0.08,0.08,0.04,,,,,,0.05,10.0,3000.0,1000.0
MPPI,mppi,mppi_crazyflie.py,40,232026619,520,0.02,15,0.04424319387363706,1.0,1.0,130,12,26.264987001923146,16.23949188653149,9.800879515998531,46.40017388435051,18582.577631123113,3.5871296707598623,2382.874710088852,3.5871296707598623,2382.874710088852,2382.874710088852,0.08,0.08,0.04,,,,,,,,,
RAMPPI,ramppi,RA_mppi_crazyflie.py,40,1362635735,520,0.02,15,0.07904270637613679,1.0,1.0,36,6,24.08264599944232,17.227956746200316,10.419130840000435,50.88299727965667,1825.620889806322,0.06198924900957789,1398.8330439300446,0.06198924900957789,1398.8330439300446,1398.8330439300446,0.08,0.08,0.04,,0.95,10.0,2000.0,,,,,
DRMPPI,drmppi,DR_mppi_crazyflie.py,40,211875280,520,0.02,15,0.08533320418451855,0.0,0.0,-1,0,37.43661300177337,21.086382334620932,12.485336376001214,58.42358026474792,5044.989635792016,0.17802069337235435,1948.5445264100763,0.17802069337235435,1948.5445264100763,1948.5445264100763,0.08,0.08,0.04,0.002,0.95,10.0,2000.0,,,,,
DRAMPPI,dramppi,DRA_mppi_crazyflie.py,40,374465546,520,0.02,15,0.07422355567171134,1.0,1.0,36,16,27.159912999195512,18.843870780717854,11.209412530999543,57.11414997837077,10604.574619681503,0.4141287346025028,1321.9121259317048,0.4141287346025028,1321.9121259317048,1321.9121259317048,0.08,0.08,0.04,,,,,,0.05,10.0,3000.0,1000.0
MPPI,mppi,mppi_crazyflie.py,41,2065851859,520,0.02,15,0.04270832398665612,1.0,1.0,130,14,41.82823300288874,16.408588128825404,9.889180674003,47.211935273461,18331.716874548147,3.160876839216013,2388.109591514368,3.160876839216013,2388.109591514368,2388.109591514368,0.08,0.08,0.04,,,,,,,,,
RAMPPI,ramppi,RA_mppi_crazyflie.py,41,532929183,520,0.02,15,0.07779185540335778,1.0,1.0,49,3,39.86684900155524,17.29796272119739,10.475513903002138,50.447922626887475,1732.623947965073,0.3511217431932335,1281.1673274729171,0.3511217431932335,1281.1673274729171,1281.1673274729171,0.08,0.08,0.04,,0.95,10.0,2000.0,,,,,
DRMPPI,drmppi,DR_mppi_crazyflie.py,41,1235511627,520,0.02,15,0.07839201801704343,1.0,1.0,48,1,42.42579100173316,21.511780005710953,12.714159572002245,58.391947568923044,5281.7551589823015,0.5995560406569469,2159.9223356993602,0.5995560406569469,2159.9223356993602,2159.9223356993602,0.08,0.08,0.04,0.002,0.95,10.0,2000.0,,,,,
DRAMPPI,dramppi,DRA_mppi_crazyflie.py,41,1470646160,520,0.02,15,0.05743921077784802,1.0,1.0,36,20,36.12004600290675,19.425840540379095,11.520094218998565,55.76695128962428,14412.079407627574,0.2329169181396627,1278.5482158900738,0.2329169181396627,1278.5482158900738,1278.5482158900738,0.08,0.08,0.04,,,,,,0.05,10.0,3000.0,1000.0
MPPI,mppi,mppi_crazyflie.py,42,1763790482,520,0.02,15,0.053701718202397074,1.0,1.0,130,12,46.49107300065225,16.21997312115407,9.780454962001386,46.51326364200965,18191.54483758806,2.838276241477347,2303.749662779978,2.838276241477347,2303.749662779978,2303.749662779978,0.08,0.08,0.04,,,,,,,,,
RAMPPI,ramppi,RA_mppi_crazyflie.py,42,173670537,520,0.02,15,0.08740851103254905,0.0,0.0,-1,0,29.935081001895014,17.37512751354958,10.502003350997256,51.79954404066437,1414.7808306787038,1.0021335171120276,1299.2512809211364,1.0021335171120276,1299.2512809211364,1299.2512809211364,0.08,0.08,0.04,,0.95,10.0,2000.0,,,,,
DRMPPI,drmppi,DR_mppi_crazyflie.py,42,1805008944,520,0.02,15,0.08936251386310806,0.0,0.0,-1,0,27.25276600176585,21.47493988455748,12.687118415000441,55.06277338291777,4964.936322444251,0.3617047692414594,1965.5861833410045,0.3617047692414594,1965.5861833410045,1965.5861833410045,0.08,0.08,0.04,0.002,0.95,10.0,2000.0,,,,,
DRAMPPI,dramppi,DRA_mppi_crazyflie.py,42,1879206247,520,0.02,15,0.029382631206846036,1.0,1.0,36,33,29.736550997768063,19.407214873011142,11.514767582000786,55.95608177469469,16723.22537617588,0.6417172099024913,952.6037393106328,0.6417172099024913,952.6037393106328,952.6037393106328,0.08,0.08,0.04,,,,,,0.05,10.0,3000.0,1000.0
MPPI,mppi,mppi_crazyflie.py,43,1488659697,520,0.02,15,0.04873012304301546,1.0,1.0,130,11,42.30525700040744,16.31257842112833,9.831710064001527,46.479928248545164,18403.435856027514,2.587773880948093,2358.734473779486,2.587773880948093,2358.734473779486,2358.734473779486,0.08,0.08,0.04,,,,,,,,,
RAMPPI,ramppi,RA_mppi_crazyflie.py,43,920614173,520,0.02,15,0.07649876798415736,1.0,1.0,36,5,26.52967700123554,17.295969197997554,10.470748382002057,49.26459692171356,1585.8439118262859,0.012213694593371675,1329.753645641626,0.012213694593371675,1329.753645641626,1329.753645641626,0.08,0.08,0.04,,0.95,10.0,2000.0,,,,,
DRMPPI,drmppi,DR_mppi_crazyflie.py,43,575464499,520,0.02,15,0.08402246626558861,0.0,0.0,-1,0,32.44854000149644,21.391713801879703,12.64591971399932,53.82144738178346,4501.329949226851,0.06010798120147192,1887.4489616188896,0.06010798120147192,1887.4489616188896,1887.4489616188896,0.08,0.08,0.04,0.002,0.95,10.0,2000.0,,,,,
DRAMPPI,dramppi,DRA_mppi_crazyflie.py,43,1327991421,520,0.02,15,0.04174596757977832,1.0,1.0,36,26,24.184013000194682,19.13750032119004,11.35957429300106,58.238615431740115,16372.778286489161,0.806073646153164,1227.2692132930104,0.806073646153164,1227.2692132930104,1227.2692132930104,0.08,0.08,0.04,,,,,,0.05,10.0,3000.0,1000.0
MPPI,mppi,mppi_crazyflie.py,44,1444571963,520,0.02,15,0.048644829744730715,1.0,1.0,130,9,22.763940000004368,16.228443938416603,9.775781156000448,46.6416603420425,18449.839311983415,3.8165031491314823,2334.115759082918,3.8165031491314823,2334.115759082918,2334.115759082918,0.08,0.08,0.04,,,,,,,,,
RAMPPI,ramppi,RA_mppi_crazyflie.py,44,672388949,520,0.02,15,0.07900371658200064,1.0,1.0,40,5,22.505023000121582,17.321680453880198,10.477775668001414,50.80878953818814,1223.1837618723328,0.0802066134266058,1153.980949955327,0.0802066134266058,1153.980949955327,1153.980949955327,0.08,0.08,0.04,,0.95,10.0,2000.0,,,,,
DRMPPI,drmppi,DR_mppi_crazyflie.py,44,1463826282,520,0.02,15,0.0848274123692055,0.0,0.0,-1,0,28.20167699974263,21.229943144170157,12.558983102000639,54.91941543713797,5992.284339328937,0.34933308653521256,1816.4700562526866,0.34933308653521256,1816.4700562526866,1816.4700562526866,0.08,0.08,0.04,0.002,0.95,10.0,2000.0,,,,,
DRAMPPI,dramppi,DRA_mppi_crazyflie.py,44,384319804,520,0.02,15,0.0077106426808462,1.0,1.0,36,22,24.953347998234676,18.892287434727432,11.235701886998868,56.522943067538,28500.434075357607,0.09506049988340279,1056.3652925173499,0.09506049988340279,1056.3652925173499,1056.3652925173499,0.08,0.08,0.04,,,,,,0.05,10.0,3000.0,1000.0
MPPI,mppi,mppi_crazyflie.py,45,549845687,520,0.02,15,0.04975538386273873,1.0,1.0,130,12,22.325303001707653,16.251193246255124,9.792331806998845,47.01999959828094,18272.9286831808,1.851742818869976,2326.2806161088565,1.851742818869976,2326.2806161088565,2326.2806161088565,0.08,0.08,0.04,,,,,,,,,
RAMPPI,ramppi,RA_mppi_crazyflie.py,45,20856635,520,0.02,15,0.07120585835572776,1.0,1.0,48,5,31.13797900005011,17.311898609582734,10.47306117500193,49.915587422365476,1698.1635625502863,0.07969940351034774,1250.144100315801,0.07969940351034774,1250.144100315801,1250.144100315801,0.08,0.08,0.04,,0.95,10.0,2000.0,,,,,
DRMPPI,drmppi,DR_mppi_crazyflie.py,45,625331721,520,0.02,15,0.09373478481553964,0.0,0.0,-1,0,33.147008001833456,21.54494348845289,12.754403489998367,57.83376293654976,4638.060684901822,0.09530809713874182,1764.2935652899057,0.09530809713874182,1764.2935652899057,1764.2935652899057,0.08,0.08,0.04,0.002,0.95,10.0,2000.0,,,,,
DRAMPPI,dramppi,DRA_mppi_crazyflie.py,45,451063818,520,0.02,15,0.02606254366816547,1.0,1.0,36,33,27.83412899952964,18.929762976851915,11.264280608997069,54.99551448516678,27286.46444092514,0.0419129089292674,1040.4278052945685,0.0419129089292674,1040.4278052945685,1040.4278052945685,0.08,0.08,0.04,,,,,,0.05,10.0,3000.0,1000.0
MPPI,mppi,mppi_crazyflie.py,46,1765333524,520,0.02,15,0.042582443534769546,1.0,1.0,130,9,43.01092399691697,16.306467809625666,9.829946916001063,46.25638076494366,18485.748240793877,3.824618617245131,2339.7694385534573,3.824618617245131,2339.7694385534573,2339.7694385534573,0.08,0.08,0.04,,,,,,,,,
RAMPPI,ramppi,RA_mppi_crazyflie.py,46,1868312230,520,0.02,15,0.07506441592048818,1.0,1.0,36,6,28.075859998352826,17.39864553276745,10.531508151998423,48.622296226846714,1376.4679869576541,0.22599898327389636,1234.3997125395506,0.22599898327389636,1234.3997125395506,1234.3997125395506,0.08,0.08,0.04,,0.95,10.0,2000.0,,,,,
DRMPPI,drmppi,DR_mppi_crazyflie.py,46,1871869742,520,0.02,15,0.08777250258181615,0.0,0.0,-1,0,36.039500002516434,21.29539026920891,12.609407422998629,54.51510665310701,3907.8626866406207,0.31226178808495897,1900.5520723454147,0.31226178808495897,1900.5520723454147,1900.5520723454147,0.08,0.08,0.04,0.002,0.95,10.0,2000.0,,,,,
DRAMPPI,dramppi,DRA_mppi_crazyflie.py,46,2089136091,520,0.02,15,0.04228724008144458,1.0,1.0,36,26,27.440624002338154,19.539432832628407,11.58609627199985,57.86867745507044,4265.893295230673,0.06100649046643626,1022.6544406141833,0.06100649046643626,1022.6544406141833,1022.6544406141833,0.08,0.08,0.04,,,,,,0.05,10.0,3000.0,1000.0
MPPI,mppi,mppi_crazyflie.py,47,1350752517,520,0.02,15,0.04580832477342964,1.0,1.0,130,13,23.027314997307258,16.310174963333477,9.833404879002046,46.645607844333604,18453.79600290623,2.726626650370238,2340.690876519829,2.726626650370238,2340.690876519829,2340.690876519829,0.08,0.08,0.04,,,,,,,,,
RAMPPI,ramppi,RA_mppi_crazyflie.py,47,948741832,520,0.02,15,0.08063502073979166,0.0,0.0,-1,0,23.729455002467148,17.429173086496192,10.542908731997159,50.13856073382388,1712.690968713848,0.12929402085108763,1346.852494344589,0.12929402085108763,1346.852494344589,1346.852494344589,0.08,0.08,0.04,,0.95,10.0,2000.0,,,,,
DRMPPI,drmppi,DR_mppi_crazyflie.py,47,1250404833,520,0.02,15,0.09220381301409436,0.0,0.0,-1,0,27.498440998897422,21.241058122975048,12.572076357999322,53.47308041074761,4438.605809133423,0.273595369109992,1799.7028818386061,0.273595369109992,1799.7028818386061,1799.7028818386061,0.08,0.08,0.04,0.002,0.95,10.0,2000.0,,,,,
DRAMPPI,dramppi,DRA_mppi_crazyflie.py,47,813358346,520,0.02,15,0.04554516109784948,1.0,1.0,36,18,35.76888999668881,18.986543624927997,11.297733253002662,59.70130160740059,6774.5810864056975,0.04947302466923784,1186.157081810481,0.04947302466923784,1186.157081810481,1186.157081810481,0.08,0.08,0.04,,,,,,0.05,10.0,3000.0,1000.0
MPPI,mppi,mppi_crazyflie.py,48,1016531149,520,0.02,15,0.04429610590191035,1.0,1.0,130,8,23.70050299941795,16.29002517311864,9.826242300998274,46.67819132807186,18515.69845604348,3.9022068859027232,2438.880024173725,3.9022068859027232,2438.880024173725,2438.880024173725,0.08,0.08,0.04,,,,,,,,,
RAMPPI,ramppi,RA_mppi_crazyflie.py,48,592591844,520,0.02,15,0.0817517587251031,0.0,0.0,-1,0,23.379571000987198,17.387774702029464,10.529225299000245,50.525996253151995,1727.8623764549573,0.1706308478891125,1413.8924803773978,0.1706308478891125,1413.8924803773978,1413.8924803773978,0.08,0.08,0.04,,0.95,10.0,2000.0,,,,,
DRMPPI,drmppi,DR_mppi_crazyflie.py,48,1488505754,520,0.02,15,0.09826926293441378,0.0,0.0,-1,0,30.290806000266457,21.142623903891106,12.517413513000065,57.88112492399522,4859.642112482008,0.1998355066004882,1977.180667915145,0.1998355066004882,1977.180667915145,1977.180667915145,0.08,0.08,0.04,0.002,0.95,10.0,2000.0,,,,,
DRAMPPI,dramppi,DRA_mppi_crazyflie.py,48,2074692775,520,0.02,15,0.03808196502310499,1.0,1.0,36,14,25.884401002258528,18.839964015331553,11.208533744000306,57.45483058297324,12907.60288081915,1.1624667639389588,1142.8978039856001,1.1624667639389588,1142.8978039856001,1142.8978039856001,0.08,0.08,0.04,,,,,,0.05,10.0,3000.0,1000.0
MPPI,mppi,mppi_crazyflie.py,49,341015522,520,0.02,15,0.046276823873464136,1.0,1.0,130,8,22.763363002013648,16.204100201929787,9.758635943002446,46.626365747146124,18344.435050424407,3.187778415820632,2336.5311121006807,3.187778415820632,2336.5311121006807,2336.5311121006807,0.08,0.08,0.04,,,,,,,,,
RAMPPI,ramppi,RA_mppi_crazyflie.py,49,124989142,520,0.02,15,0.0711490101431672,1.0,1.0,47,5,30.55889199822559,17.404130830758593,10.529448138000589,50.210236461317216,1712.3023897486994,0.05020760913135788,1333.5108508601948,0.05020760913135788,1333.5108508601948,1333.5108508601948,0.08,0.08,0.04,,0.95,10.0,2000.0,,,,,
DRMPPI,drmppi,DR_mppi_crazyflie.py,49,812260400,520,0.02,15,0.08733705222721895,0.0,0.0,-1,0,27.425484000559663,21.23447447502258,12.567559314000391,56.83795542156818,4984.936902442473,0.32797559639454504,1841.6567487511147,0.32797559639454504,1841.6567487511147,1841.6567487511147,0.08,0.08,0.04,0.002,0.95,10.0,2000.0,,,,,
DRAMPPI,dramppi,DRA_mppi_crazyflie.py,49,877749363,520,0.02,15,0.030608099203261647,1.0,1.0,36,19,32.856420999451075,19.054595990333976,11.34178872099801,55.47042255786934,11720.894808397205,0.04826850806125004,1142.7971131975303,0.04826850806125004,1142.7971131975303,1142.7971131975303,0.08,0.08,0.04,,,,,,0.05,10.0,3000.0,1000.0
MPPI,mppi,mppi_crazyflie.py,50,885012874,520,0.02,15,0.04239569849425134,1.0,1.0,130,6,22.19442500063451,16.164532109626006,9.75849708199894,46.400995365792156,18421.487260481306,3.0995484501927963,2332.962812162412,3.0995484501927963,2332.962812162412,2332.962812162412,0.08,0.08,0.04,,,,,,,,,
RAMPPI,ramppi,RA_mppi_crazyflie.py,50,362127685,520,0.02,15,0.08358583303271284,0.0,0.0,-1,0,23.40428699972108,17.223038098151076,10.439023727998574,49.72110525822047,1935.2815898055596,0.15702988699935794,1350.4079999465073,0.15702988699935794,1350.4079999465073,1350.4079999465073,0.08,0.08,0.04,,0.95,10.0,2000.0,,,,,
DRMPPI,drmppi,DR_mppi_crazyflie.py,50,352109286,520,0.02,15,0.07945970895977723,1.0,1.0,47,2,28.180765999422874,21.147433871122374,12.524461941000482,55.29966770088314,5451.595298890354,0.48868768331302537,1866.2351762668015,0.48868768331302537,1866.2351762668015,1866.2351762668015,0.08,0.08,0.04,0.002,0.95,10.0,2000.0,,,,,
DRAMPPI,dramppi,DRA_mppi_crazyflie.py,50,515705438,520,0.02,15,0.044384614448378726,1.0,1.0,36,23,25.245270000596065,19.160035661458934,11.38332697399892,58.362758064158314,18027.06815972201,0.48979135994164286,1115.7089866380143,0.48979135994164286,1115.7089866380143,1115.7089866380143,0.08,0.08,0.04,,,,,,0.05,10.0,3000.0,1000.0
MPPI,mppi,mppi_crazyflie.py,51,1242333319,520,0.02,15,0.04516043695239372,1.0,1.0,130,9,41.38367799896514,16.29752338457575,9.82536288999836,46.36919511743227,18265.513845943606,3.2854362098553525,2334.8087220400002,3.2854362098553525,2334.8087220400002,2334.8087220400002,0.08,0.08,0.04,,,,,,,,,
RAMPPI,ramppi,RA_mppi_crazyflie.py,51,1675054115,520,0.02,15,0.05549582477464542,1.0,1.0,47,8,33.942173002287745,17.340972882769936,10.492921222001314,49.983558459330965,1677.6135923475006,0.018348661638025864,1305.9106743622003,0.018348661638025864,1305.9106743622003,1305.9106743622003,0.08,0.08,0.04,,0.95,10.0,2000.0,,,,,
DRMPPI,drmppi,DR_mppi_crazyflie.py,51,1015525194,520,0.02,15,0.09433924289107834,0.0,0.0,-1,0,31.511074001173256,21.169808038365982,12.528358054001728,53.829813190278756,5013.674629415342,0.10404491861808922,1851.8139619302597,0.10404491861808922,1851.8139619302597,1851.8139619302597,0.08,0.08,0.04,0.002,0.95,10.0,2000.0,,,,,
DRAMPPI,dramppi,DRA_mppi_crazyflie.py,51,437587580,520,0.02,15,0.026253202848278475,1.0,1.0,36,31,27.2931889994652,19.111401144381,11.349549193000712,58.08616742455085,30021.549745520828,0.23976358552451923,1063.1477019105832,0.23976358552451923,1063.1477019105832,1063.1477019105832,0.08,0.08,0.04,,,,,,0.05,10.0,3000.0,1000.0
MPPI,mppi,mppi_crazyflie.py,52,916418952,520,0.02,15,0.045524931222487124,1.0,1.0,130,12,23.97974400082603,16.2003117769018,9.766486324999278,46.33750273656883,18514.04908677394,3.336294785700925,2439.326785064997,3.336294785700925,2439.326785064997,2439.326785064997,0.08,0.08,0.04,,,,,,,,,
RAMPPI,ramppi,RA_mppi_crazyflie.py,52,1185520397,520,0.02,15,0.0883713316363522,0.0,0.0,-1,0,23.587081999721704,17.198553428799922,10.406006600002002,50.33091967055769,1440.6333935552975,0.7279224855862937,1322.947569749638,0.7279224855862937,1322.947569749638,1322.947569749638,0.08,0.08,0.04,,0.95,10.0,2000.0,,,,,
DRMPPI,drmppi,DR_mppi_crazyflie.py,52,2008950748,520,0.02,15,0.08971765164085035,0.0,0.0,-1,0,30.5355509990477,21.15808268269505,12.520941168000718,55.05878964792805,4911.2793323773585,0.06780946987531229,1769.4055644939265,0.06780946987531229,1769.4055644939265,1769.4055644939265,0.08,0.08,0.04,0.002,0.95,10.0,2000.0,,,,,
DRAMPPI,dramppi,DRA_mppi_crazyflie.py,52,788113918,520,0.02,15,0.017388309164221485,1.0,1.0,36,18,25.389331000042148,19.396020317519568,11.493722121998871,58.970882627888855,17951.684215833044,1.1994898021849059,1244.284282901293,1.1994898021849059,1244.284282901293,1244.284282901293,0.08,0.08,0.04,,,,,,0.05,10.0,3000.0,1000.0
MPPI,mppi,mppi_crazyflie.py,53,512725733,520,0.02,15,0.04607266887170344,1.0,1.0,130,13,21.818664001330035,16.23560758655283,9.786783274998015,46.51253928941077,18340.829166385625,3.991339183813318,2404.1609355389273,3.991339183813318,2404.1609355389273,2404.1609355389273,0.08,0.08,0.04,,,,,,,,,
RAMPPI,ramppi,RA_mppi_crazyflie.py,53,1089379200,520,0.02,15,0.06710572213590757,1.0,1.0,47,7,21.19285799926729,17.34283475002835,10.490610586002731,49.388262276600145,1875.8593940652559,0.29361195567943316,1192.5496050372817,0.29361195567943316,1192.5496050372817,1192.5496050372817,0.08,0.08,0.04,,0.95,10.0,2000.0,,,,,
DRMPPI,drmppi,DR_mppi_crazyflie.py,53,130662949,520,0.02,15,0.08052903850765894,0.0,0.0,-1,0,27.881996000360232,21.25026731341327,12.573606576999737,53.9167364252266,4856.8339755287,0.3800082824815586,1874.863616428748,0.3800082824815586,1874.863616428748,1874.863616428748,0.08,0.08,0.04,0.002,0.95,10.0,2000.0,,,,,
DRAMPPI,dramppi,DRA_mppi_crazyflie.py,53,716052215,520,0.02,15,0.060941148080685466,1.0,1.0,36,14,25.142109003354562,18.898040276921027,11.23906765799984,56.46483190648675,13445.688638528056,0.13742639858901975,1095.2653645529676,0.13742639858901975,1095.2653645529676,1095.2653645529676,0.08,0.08,0.04,,,,,,0.05,10.0,3000.0,1000.0
MPPI,mppi,mppi_crazyflie.py,54,351559949,520,0.02,15,0.04703052524035143,1.0,1.0,130,15,22.460956999566406,16.270587117448414,9.805803546998504,46.43512187125678,18431.890095233295,2.896960224375349,2351.3570532060608,2.896960224375349,2351.3570532060608,2351.3570532060608,0.08,0.08,0.04,,,,,,,,,
RAMPPI,ramppi,RA_mppi_crazyflie.py,54,607140171,520,0.02,15,0.08606957460623235,0.0,0.0,-1,0,28.065545000572456,17.274970257732583,10.449308032002591,50.83513216825729,1539.7849218135389,0.1713233273449283,1313.9261531102375,0.1713233273449283,1313.9261531102375,1313.9261531102375,0.08,0.08,0.04,,0.95,10.0,2000.0,,,,,
DRMPPI,drmppi,DR_mppi_crazyflie.py,54,274213066,520,0.02,15,0.07961724081522398,1.0,1.0,48,1,43.69006600245484,21.239615026983163,12.578727042997343,53.67069202943321,5517.267863059455,0.21521771563958234,1908.2206902278754,0.21521771563958234,1908.2206902278754,1908.2206902278754,0.08,0.08,0.04,0.002,0.95,10.0,2000.0,,,,,
DRAMPPI,dramppi,DRA_mppi_crazyflie.py,54,605225963,520,0.02,15,0.04413988064815597,1.0,1.0,36,24,34.58186100033345,19.2852856769325,11.446622619001573,57.005224319384624,11431.268376264505,0.511660092118459,1085.6768229577801,0.511660092118459,1085.6768229577801,1085.6768229577801,0.08,0.08,0.04,,,,,,0.05,10.0,3000.0,1000.0
MPPI,mppi,mppi_crazyflie.py,55,754096503,520,0.02,15,0.047065390150040146,1.0,1.0,130,11,41.40525800175965,16.390364692275536,9.879268645003322,46.73855063008645,18444.433211773103,2.8960922554223276,2391.217421504561,2.8960922554223276,2391.217421504561,2391.217421504561,0.08,0.08,0.04,,,,,,,,,
RAMPPI,ramppi,RA_mppi_crazyflie.py,55,183354928,520,0.02,15,0.07619483044839113,1.0,1.0,36,5,28.423351999663282,17.47947691540573,10.579977932000475,49.436460571134184,1436.0566051332091,0.18784078214114666,1254.922067383261,0.18784078214114666,1254.922067383261,1254.922067383261,0.08,0.08,0.04,,0.95,10.0,2000.0,,,,,
DRMPPI,drmppi,DR_mppi_crazyflie.py,55,739260265,520,0.02,15,0.08812600854806411,0.0,0.0,-1,0,33.58341599960113,21.239171632749695,12.570384069000283,55.368866073534335,4827.182999987731,1.015492332017895,1728.6539215046514,1.015492332017895,1728.6539215046514,1728.6539215046514,0.08,0.08,0.04,0.002,0.95,10.0,2000.0,,,,,
DRAMPPI,dramppi,DRA_mppi_crazyflie.py,55,1034686946,520,0.02,15,0.057205811022195366,1.0,1.0,36,11,35.9117910011264,18.94348772889666,11.271518726000068,56.93300021048053,14820.215400570813,0.451225439534056,1314.4625834947633,0.451225439534056,1314.4625834947633,1314.4625834947633,0.08,0.08,0.04,,,,,,0.05,10.0,3000.0,1000.0
MPPI,mppi,mppi_crazyflie.py,56,201839291,520,0.02,15,0.048694817105693636,1.0,1.0,130,7,21.655270000337623,16.239412790442795,9.790736611001194,46.71313657576577,18332.082035598265,2.530735155838353,2428.7250895087673,2.530735155838353,2428.7250895087673,2428.7250895087673,0.08,0.08,0.04,,,,,,,,,
RAMPPI,ramppi,RA_mppi_crazyflie.py,56,1896964420,520,0.02,15,0.07855846304958819,1.0,1.0,49,1,28.103633998398436,17.334633430842725,10.48630632700224,48.92806339625086,1997.2350988595822,0.03817914036329706,1324.4518334145896,0.03817914036329706,1324.4518334145896,1324.4518334145896,0.08,0.08,0.04,,0.95,10.0,2000.0,,,,,
DRMPPI,drmppi,DR_mppi_crazyflie.py,56,1881585973,520,0.02,15,0.08524831615691046,0.0,0.0,-1,0,28.387747002852848,21.274820003796215,12.584734109001147,54.786764745780836,4513.700384391426,0.04745018355768998,1853.3388871577529,0.04745018355768998,1853.3388871577529,1853.3388871577529,0.08,0.08,0.04,0.002,0.95,10.0,2000.0,,,,,
DRAMPPI,dramppi,DRA_mppi_crazyflie.py,56,2034156137,520,0.02,15,0.029823101876999537,1.0,1.0,36,30,24.412544000369962,19.34194562686221,11.467851371999132,56.126885567351664,16332.762548042774,0.6474684547755951,1108.5186995998001,0.6474684547755951,1108.5186995998001,1108.5186995998001,0.08,0.08,0.04,,,,,,0.05,10.0,3000.0,1000.0
MPPI,mppi,mppi_crazyflie.py,57,257125713,520,0.02,15,0.0486111585154864,1.0,1.0,130,7,22.580762997677084,16.24070354036331,9.78995469399888,45.96177012089499,18658.810804212993,3.156631869494533,2383.010456200493,3.156631869494533,2383.010456200493,2383.010456200493,0.08,0.08,0.04,,,,,,,,,
RAMPPI,ramppi,RA_mppi_crazyflie.py,57,58806094,520,0.02,15,0.07770219809850626,1.0,1.0,350,3,29.593813997053076,17.357414961546827,10.509244795000996,48.26276618117025,1641.2945656250993,0.9398091219361401,1290.0219311192204,0.9398091219361401,1290.0219311192204,1290.0219311192204,0.08,0.08,0.04,,0.95,10.0,2000.0,,,,,
DRMPPI,drmppi,DR_mppi_crazyflie.py,57,2081075819,520,0.02,15,0.09582097760456637,0.0,0.0,-1,0,37.55622899916489,21.329798671174032,12.62488152899823,55.041899032998984,4223.948680050998,0.15537310511793156,1830.4813797208983,0.15537310511793156,1830.4813797208983,1830.4813797208983,0.08,0.08,0.04,0.002,0.95,10.0,2000.0,,,,,
DRAMPPI,dramppi,DRA_mppi_crazyflie.py,57,1970857936,520,0.02,15,0.011540815100234735,1.0,1.0,36,21,25.99118799844291,19.353039978705056,11.474416060002113,56.695225294155556,12869.266868949786,1.0003321612914762,1118.6878023550444,1.0003321612914762,1118.6878023550444,1118.6878023550444,0.08,0.08,0.04,,,,,,0.05,10.0,3000.0,1000.0
MPPI,mppi,mppi_crazyflie.py,58,1721470524,520,0.02,15,0.044039470374170324,1.0,1.0,130,13,41.72847200243268,16.30832914236005,9.843380020996847,46.65057541752191,18211.05146093015,3.4994149473910823,2392.3421992034305,3.4994149473910823,2392.3421992034305,2392.3421992034305,0.08,0.08,0.04,,,,,,,,,
RAMPPI,ramppi,RA_mppi_crazyflie.py,58,260971939,520,0.02,15,0.07416231989860801,1.0,1.0,48,7,28.807877999497578,17.418335342398887,10.540018987998337,50.07995117107695,1656.076280638051,0.08519602504086485,1263.1291610653723,0.08519602504086485,1263.1291610653723,1263.1291610653723,0.08,0.08,0.04,,0.95,10.0,2000.0,,,,,
DRMPPI,drmppi,DR_mppi_crazyflie.py,58,1432184335,520,0.02,15,0.09513695509994777,0.0,0.0,-1,0,27.71630300048855,21.182661319233794,12.538402513997426,56.62086426816007,5361.674537174176,0.044711457514833866,1882.5159924017546,0.044711457514833866,1882.5159924017546,1882.5159924017546,0.08,0.08,0.04,0.002,0.95,10.0,2000.0,,,,,
DRAMPPI,dramppi,DRA_mppi_crazyflie.py,58,1605990834,520,0.02,15,0.024858031004044302,1.0,1.0,36,30,25.48879400274018,19.443371813493005,11.523861164001573,59.82833329129174,21698.45573176319,0.9840077017654131,1222.652547565944,0.9840077017654131,1222.652547565944,1222.652547565944,0.08,0.08,0.04,,,,,,0.05,10.0,3000.0,1000.0
MPPI,mppi,mppi_crazyflie.py,59,620819972,520,0.02,15,0.04267352230691584,1.0,1.0,130,12,43.16001999904984,16.2946840519348,9.820217357002548,46.033094217655794,18425.492786682604,2.460471183256973,2313.8702048882515,2.460471183256973,2313.8702048882515,2313.8702048882515,0.08,0.08,0.04,,,,,,,,,
RAMPPI,ramppi,RA_mppi_crazyflie.py,59,1925263632,520,0.02,15,0.079008479633093,1.0,1.0,49,2,36.456660000112606,17.413235302025825,10.535018948998186,50.25614807109015,1587.4777439186203,0.24962328480965038,1250.2467052465752,0.24962328480965038,1250.2467052465752,1250.2467052465752,0.08,0.08,0.04,,0.95,10.0,2000.0,,,,,
DRMPPI,drmppi,DR_mppi_crazyflie.py,59,1619008472,520,0.02,15,0.09029139253322499,0.0,0.0,-1,0,32.50095700059319,21.17817387686675,12.536383426999237,55.24719914412209,5451.073408755096,0.3233670442218377,1815.625185463401,0.3233670442218377,1815.625185463401,1815.625185463401,0.08,0.08,0.04,0.002,0.95,10.0,2000.0,,,,,
DRAMPPI,dramppi,DRA_mppi_crazyflie.py,59,360626498,520,0.02,15,0.05524820536180881,1.0,1.0,128,12,27.76566100146738,19.06398414225455,11.327898069001094,56.380374567454524,7028.342831005879,0.08394291338644397,1281.30529447197,0.08394291338644397,1281.30529447197,1281.30529447197,0.08,0.08,0.04,,,,,,0.05,10.0,3000.0,1000.0
MPPI,mppi,mppi_crazyflie.py,60,1240885929,520,0.02,15,0.05651623366713077,1.0,1.0,130,6,35.53790600199136,16.24723533282472,9.793336399001419,46.7614095999941,18401.578746001036,2.8051854409669343,2357.24165202528,2.8051854409669343,2357.24165202528,2357.24165202528,0.08,0.08,0.04,,,,,,,,,
RAMPPI,ramppi,RA_mppi_crazyflie.py,60,711811842,520,0.02,15,0.06990556099380754,1.0,1.0,36,13,27.131434002512833,17.303832909545655,10.475147127999662,49.509860736956625,1586.7968212791648,0.03624537004262084,1183.7120678436206,0.03624537004262084,1183.7120678436206,1183.7120678436206,0.08,0.08,0.04,,0.95,10.0,2000.0,,,,,
DRMPPI,drmppi,DR_mppi_crazyflie.py,60,1687037081,520,0.02,15,0.08570930118825339,0.0,0.0,-1,0,36.078414999792585,21.280495617289628,12.586063814997033,55.216258637957985,5356.994455031113,0.261072916223829,1993.177408982416,0.261072916223829,1993.177408982416,1993.177408982416,0.08,0.08,0.04,0.002,0.95,10.0,2000.0,,,,,
DRAMPPI,dramppi,DRA_mppi_crazyflie.py,60,812085169,520,0.02,15,0.0244874422847539,1.0,1.0,36,18,24.417721997451736,19.095795873090537,11.338680502998614,57.99463575983222,16317.013637503567,1.2446637403135017,1294.247199141463,1.2446637403135017,1294.247199141463,1294.247199141463,0.08,0.08,0.04,,,,,,0.05,10.0,3000.0,1000.0
MPPI,mppi,mppi_crazyflie.py,61,1851858492,520,0.02,15,0.047864644362212966,1.0,1.0,130,14,23.24781200150028,16.413012249946544,9.891816065999592,47.03596976576882,18357.917406091437,4.631864365566639,2447.5460389855525,4.631864365566639,2447.5460389855525,2447.5460389855525,0.08,0.08,0.04,,,,,,,,,
RAMPPI,ramppi,RA_mppi_crazyflie.py,61,744852464,520,0.02,15,0.0818316013858772,0.0,0.0,-1,0,28.70363200054271,17.48730730020655,10.57204325800194,50.73212566277995,1591.0353256824892,0.02361392064214864,1417.363618661272,0.02361392064214864,1417.363618661272,1417.363618661272,0.08,0.08,0.04,,0.95,10.0,2000.0,,,,,
DRMPPI,drmppi,DR_mppi_crazyflie.py,61,1426001516,520,0.02,15,0.09619061611655468,0.0,0.0,-1,0,31.805758000700735,21.21764968670994,12.556041261002974,53.72610868000737,4394.351975725066,0.10715945750881335,1779.676896981835,0.10715945750881335,1779.676896981835,1779.676896981835,0.08,0.08,0.04,0.002,0.95,10.0,2000.0,,,,,
DRAMPPI,dramppi,DRA_mppi_crazyflie.py,61,1108650675,520,0.02,15,0.020767791233416284,1.0,1.0,36,15,26.926782997179544,19.371200528768476,11.498776182997972,59.11718212282629,5387.67520592033,0.7677835598111017,1100.8893896944091,0.7677835598111017,1100.8893896944091,1100.8893896944091,0.08,0.08,0.04,,,,,,0.05,10.0,3000.0,1000.0
MPPI,mppi,mppi_crazyflie.py,62,900209675,520,0.02,15,0.049434070655007864,1.0,1.0,130,6,22.803326999564888,16.359608861484258,9.864475165999465,46.550904944916816,18456.021225979213,3.0083485855726013,2396.1350072302353,3.0083485855726013,2396.1350072302353,2396.1350072302353,0.08,0.08,0.04,,,,,,,,,
RAMPPI,ramppi,RA_mppi_crazyflie.py,62,19314526,520,0.02,15,0.08207424997457191,0.0,0.0,-1,0,23.661218998313416,17.388785065304546,10.520450965002965,49.50612733612492,1298.8954883628624,0.06356425084168775,1262.7955217521699,0.06356425084168775,1262.7955217521699,1262.7955217521699,0.08,0.08,0.04,,0.95,10.0,2000.0,,,,,
DRMPPI,drmppi,DR_mppi_crazyflie.py,62,2112775688,520,0.02,15,0.0871191093474023,0.0,0.0,-1,0,35.61800299939932,21.262139244215806,12.579256731001806,55.09980439539213,4814.224501087544,0.2354599981755859,1795.1236637971283,0.2354599981755859,1795.1236637971283,1795.1236637971283,0.08,0.08,0.04,0.002,0.95,10.0,2000.0,,,,,
DRAMPPI,dramppi,DRA_mppi_crazyflie.py,62,907694531,520,0.02,15,0.04380524165936163,1.0,1.0,36,16,25.460853001277428,19.113809844293428,11.35137760499856,56.3792556877884,13239.498752598864,0.6144917114737813,1171.7697554120236,0.6144917114737813,1171.7697554120236,1171.7697554120236,0.08,0.08,0.04,,,,,,0.05,10.0,3000.0,1000.0
MPPI,mppi,mppi_crazyflie.py,63,717277258,520,0.02,15,0.03720783127678842,1.0,1.0,130,15,42.93718599728891,16.577428878876024,9.979951683999388,46.3198795583768,18464.032861704556,2.767996230759366,2278.1463900079148,2.767996230759366,2278.1463900079148,2278.1463900079148,0.08,0.08,0.04,,,,,,,,,
RAMPPI,ramppi,RA_mppi_crazyflie.py,63,1884755621,520,0.02,15,0.07012955798747206,1.0,1.0,47,6,32.54860200104304,17.545947115335228,10.61468551500002,50.14168157038445,1642.5492058179284,0.37526099283776143,1177.2662958704768,0.37526099283776143,1177.2662958704768,1177.2662958704768,0.08,0.08,0.04,,0.95,10.0,2000.0,,,,,
DRMPPI,drmppi,DR_mppi_crazyflie.py,63,6988557,520,0.02,15,0.09225724527197732,0.0,0.0,-1,0,32.974519999697804,21.033114034519084,12.456514246001461,56.6833894231649,5071.2527127652365,0.12054261629957363,1938.8066128799317,0.12054261629957363,1938.8066128799317,1938.8066128799317,0.08,0.08,0.04,0.002,0.95,10.0,2000.0,,,,,
DRAMPPI,dramppi,DRA_mppi_crazyflie.py,63,187701136,520,0.02,15,0.04713448480480619,1.0,1.0,36,22,25.074830999074038,19.299850601761975,11.459707382000488,60.89438342555181,16301.75422345687,0.31170804955650405,1076.2867978247357,0.31170804955650405,1076.2867978247357,1076.2867978247357,0.08,0.08,0.04,,,,,,0.05,10.0,3000.0,1000.0
MPPI,mppi,mppi_crazyflie.py,64,1014468013,520,0.02,15,0.04831386662583178,1.0,1.0,130,12,21.531180002057226,16.360242742267964,9.863479292002012,46.43878222642218,18165.73818130406,2.8604515961447587,2382.204827734231,2.8604515961447587,2382.204827734231,2382.204827734231,0.08,0.08,0.04,,,,,,,,,
RAMPPI,ramppi,RA_mppi_crazyflie.py,64,1039564229,520,0.02,15,0.08309465859769034,0.0,0.0,-1,0,27.602465001109522,17.392888255667806,10.527514282999618,48.92366206573896,1518.4480786349654,0.3602361022051126,1331.5942465716264,0.3602361022051126,1331.5942465716264,1331.5942465716264,0.08,0.08,0.04,,0.95,10.0,2000.0,,,,,
DRMPPI,drmppi,DR_mppi_crazyflie.py,64,1838209004,520,0.02,15,0.0884118220006282,0.0,0.0,-1,0,36.455261000810424,21.127438007638723,12.516200040001422,55.515071124018505,5324.431813234118,0.3260017176652789,1868.5245029276598,0.3260017176652789,1868.5245029276598,1868.5245029276598,0.08,0.08,0.04,0.002,0.95,10.0,2000.0,,,,,
DRAMPPI,dramppi,DRA_mppi_crazyflie.py,64,1033428674,520,0.02,15,0.059999147125125225,1.0,1.0,36,17,28.90381099859951,19.032382032722897,11.31621452499894,54.604107696038064,16717.561693218937,0.8766269798202405,1127.4992246738707,0.8766269798202405,1127.4992246738707,1127.4992246738707,0.08,0.08,0.04,,,,,,0.05,10.0,3000.0,1000.0
MPPI,mppi,mppi_crazyflie.py,65,1515697862,520,0.02,15,0.039545453790554935,1.0,1.0,130,12,30.68541800166713,16.2279764730626,9.78742746900025,46.32588597833764,18439.09510714147,3.004991760591818,2266.963681610206,3.004991760591818,2266.963681610206,2266.963681610206,0.08,0.08,0.04,,,,,,,,,
RAMPPI,ramppi,RA_mppi_crazyflie.py,65,1680559477,520,0.02,15,0.08096065758343303,0.0,0.0,-1,0,22.996146999503253,17.414022942319626,10.541628846000094,50.801528916249325,1755.7315295337305,0.03934675612506695,1395.496459023583,0.03934675612506695,1395.496459023583,1395.496459023583,0.08,0.08,0.04,,0.95,10.0,2000.0,,,,,
DRMPPI,drmppi,DR_mppi_crazyflie.py,65,564881604,520,0.02,15,0.09611948727642267,0.0,0.0,-1,0,41.86041299908538,21.10011360000499,12.498233705002349,53.85583713525735,4360.756795414429,0.6251420483747983,1828.2849498140797,0.6251420483747983,1828.2849498140797,1828.2849498140797,0.08,0.08,0.04,0.002,0.95,10.0,2000.0,,,,,
DRAMPPI,dramppi,DRA_mppi_crazyflie.py,65,2071375914,520,0.02,15,0.04645917188636853,1.0,1.0,36,25,40.90698800064274,19.627978574904912,11.628791847000684,56.82765139625879,12685.25134693515,0.06277885717446217,1080.0449108337816,0.06277885717446217,1080.0449108337816,1080.0449108337816,0.08,0.08,0.04,,,,,,0.05,10.0,3000.0,1000.0
MPPI,mppi,mppi_crazyflie.py,66,2024285041,520,0.02,15,0.0463384119730809,1.0,1.0,130,12,23.12973200241686,16.21483199612787,9.779290165999555,46.530472651641375,18230.475733781775,3.0030201096972564,2275.187899399811,3.0030201096972564,2275.187899399811,2275.187899399811,0.08,0.08,0.04,,,,,,,,,
RAMPPI,ramppi,RA_mppi_crazyflie.py,66,1518478044,520,0.02,15,0.07709858753197468,1.0,1.0,48,3,28.931534001458203,17.188012407740853,10.404216184000688,51.419783799972905,1670.1684491318092,0.04013846039056822,1320.9092867927611,0.04013846039056822,1320.9092867927611,1320.9092867927611,0.08,0.08,0.04,,0.95,10.0,2000.0,,,,,
DRMPPI,drmppi,DR_mppi_crazyflie.py,66,99505552,520,0.02,15,0.09555936227556006,0.0,0.0,-1,0,33.76799800025765,21.18988703659852,12.547195291001117,54.44140222419698,4510.081525144793,0.34640879401514185,1725.7114815668558,0.34640879401514185,1725.7114815668558,1725.7114815668558,0.08,0.08,0.04,0.002,0.95,10.0,2000.0,,,,,
DRAMPPI,dramppi,DRA_mppi_crazyflie.py,66,587845131,520,0.02,15,0.016482586242587378,1.0,1.0,36,25,39.28158700000495,19.242066040442296,11.420775693997712,56.33112678857358,13156.593050480493,0.20092224756050828,1051.6826077434473,0.20092224756050828,1051.6826077434473,1051.6826077434473,0.08,0.08,0.04,,,,,,0.05,10.0,3000.0,1000.0
MPPI,mppi,mppi_crazyflie.py,67,284890506,520,0.02,15,0.05440368738691027,1.0,1.0,130,9,22.565587001736276,16.160872738468104,9.744648845000484,46.14250957353792,18545.85788690151,2.8304149127708333,2373.084989743607,2.8304149127708333,2373.084989743607,2373.084989743607,0.08,0.08,0.04,,,,,,,,,
RAMPPI,ramppi,RA_mppi_crazyflie.py,67,1439057354,520,0.02,15,0.033524800426830835,1.0,1.0,47,14,21.630498999002157,17.300530871104385,10.462494457999128,48.9287308501387,2391.5900415927044,0.025785380344327365,1014.4697172820592,0.025785380344327365,1014.4697172820592,1014.4697172820592,0.08,0.08,0.04,,0.95,10.0,2000.0,,,,,
DRMPPI,drmppi,DR_mppi_crazyflie.py,67,54750940,520,0.02,15,0.08947035202537897,0.0,0.0,-1,0,26.61504899879219,21.14464238081312,12.519530644000042,56.131848284618265,5167.382175475804,0.02951818787416885,1758.3462428249345,0.02951818787416885,1758.3462428249345,1758.3462428249345,0.08,0.08,0.04,0.002,0.95,10.0,2000.0,,,,,
DRAMPPI,dramppi,DRA_mppi_crazyflie.py,67,746325305,520,0.02,15,0.046880755361419,1.0,1.0,36,18,27.666119000059552,18.84533499810109,11.212682695000694,54.38434907839609,11050.18383015933,0.13487518783291177,1057.4078010472006,0.13487518783291177,1057.4078010472006,1057.4078010472006,0.08,0.08,0.04,,,,,,0.05,10.0,3000.0,1000.0
MPPI,mppi,mppi_crazyflie.py,68,6626651,520,0.02,15,0.051693614279191634,1.0,1.0,130,10,36.55661100128782,16.22367459419995,9.782123889002833,46.35623351741279,18258.130831374605,2.9137037238727452,2378.0759570800615,2.9137037238727452,2378.0759570800615,2378.0759570800615,0.08,0.08,0.04,,,,,,,,,
RAMPPI,ramppi,RA_mppi_crazyflie.py,68,1649541966,520,0.02,15,0.07758856444894037,1.0,1.0,49,2,44.36639500272577,17.453522328826065,10.569003822001832,50.29273575809593,1542.9612009151926,0.017940531431740785,1393.0315565789872,0.017940531431740785,1393.0315565789872,1393.0315565789872,0.08,0.08,0.04,,0.95,10.0,2000.0,,,,,
DRMPPI,drmppi,DR_mppi_crazyflie.py,68,807520703,520,0.02,15,0.09116832789920369,0.0,0.0,-1,0,46.44474499946227,22.617600784738336,13.394994408998173,55.09539153907765,4901.008684128159,0.4882883080303501,2143.2683400812743,0.4882883080303501,2143.2683400812743,2143.2683400812743,0.08,0.08,0.04,0.002,0.95,10.0,2000.0,,,,,
DRAMPPI,dramppi,DRA_mppi_crazyflie.py,68,1451208065,520,0.02,15,0.058331535333489816,1.0,1.0,36,17,25.83170299840276,19.234925526919913,11.441898699999001,58.29387213389536,10819.927194413172,0.044190273801637314,1209.6891170138713,0.044190273801637314,1209.6891170138713,1209.6891170138713,0.08,0.08,0.04,,,,,,0.05,10.0,3000.0,1000.0
MPPI,mppi,mppi_crazyflie.py,69,364289331,520,0.02,15,0.05239756827941356,1.0,1.0,130,15,23.754204998112982,16.455869815301693,9.913284638998448,46.61700648155625,18392.30703363869,2.917098133840441,2309.8940257640834,2.917098133840441,2309.8940257640834,2309.8940257640834,0.08,0.08,0.04,,,,,,,,,
RAMPPI,ramppi,RA_mppi_crazyflie.py,69,2099234044,520,0.02,15,0.07014586754881218,1.0,1.0,48,9,27.08364800128038,17.339778001874386,10.494071257999167,49.91264979470947,1594.9766936431831,0.034151073927214205,1201.865309208124,0.034151073927214205,1201.865309208124,1201.865309208124,0.08,0.08,0.04,,0.95,10.0,2000.0,,,,,
DRMPPI,drmppi,DR_mppi_crazyflie.py,69,927581971,520,0.02,15,0.08489906009912014,0.0,0.0,-1,0,27.952802000072552,21.04769329034053,12.46731252400059,53.995170123930954,4130.299833976177,0.146923661104461,1868.6460919640447,0.146923661104461,1868.6460919640447,1868.6460919640447,0.08,0.08,0.04,0.002,0.95,10.0,2000.0,,,,,
DRAMPPI,dramppi,DRA_mppi_crazyflie.py,69,1861245099,520,0.02,15,0.04571838814406696,1.0,1.0,36,22,25.07258500190801,19.41221484610371,11.536426156999369,57.00018255524897,14221.155323651266,0.37141821663250424,1165.9933008089909,0.37141821663250424,1165.9933008089909,1165.9933008089909,0.08,0.08,0.04,,,,,,0.05,10.0,3000.0,1000.0
MPPI,mppi,mppi_crazyflie.py,70,2121343971,520,0.02,15,0.047462737439964486,1.0,1.0,130,8,23.577615000249352,16.437429172982284,9.905481573001452,46.14867457993071,18333.594849560348,2.3285271847888205,2347.9730658506705,2.3285271847888205,2347.9730658506705,2347.9730658506705,0.08,0.08,0.04,,,,,,,,,
RAMPPI,ramppi,RA_mppi_crazyflie.py,70,99016206,520,0.02,15,0.08062231730219814,0.0,0.0,-1,0,29.47397099705995,17.558212444265127,10.611250461999589,49.48274641745243,1728.5577092469873,0.028579132142273193,1450.3990165067862,0.028579132142273193,1450.3990165067862,1450.3990165067862,0.08,0.08,0.04,,0.95,10.0,2000.0,,,,,
DRMPPI,drmppi,DR_mppi_crazyflie.py,70,2071606571,520,0.02,15,0.09411505056460713,0.0,0.0,-1,0,29.9073860005592,21.295546609543145,12.596119914000155,54.583496587387,4784.3348849939675,0.19399726908093057,1903.6999421565286,0.19399726908093057,1903.6999421565286,1903.6999421565286,0.08,0.08,0.04,0.002,0.95,10.0,2000.0,,,,,
DRAMPPI,dramppi,DRA_mppi_crazyflie.py,70,623465425,520,0.02,15,0.060606672011226624,1.0,1.0,36,26,25.862141999823507,19.466198853737858,11.541878314001224,58.84740856118712,22249.812866727654,1.4962418281412504,1094.0479730613083,1.4962418281412504,1094.0479730613083,1094.0479730613083,0.08,0.08,0.04,,,,,,0.05,10.0,3000.0,1000.0
MPPI,mppi,mppi_crazyflie.py,71,2010345979,520,0.02,15,0.04788615232712577,1.0,1.0,130,8,41.04765599913662,16.478139471200848,9.927235914998164,46.34578004983267,18373.54194450703,3.0504210497335156,2379.528128616168,3.0504210497335156,2379.528128616168,2379.528128616168,0.08,0.08,0.04,,,,,,,,,
RAMPPI,ramppi,RA_mppi_crazyflie.py,71,1851970779,520,0.02,15,0.06729207208264497,1.0,1.0,36,13,27.436893000412965,17.460208284487287,10.567064038998069,50.2062773611365,1815.7227938993344,0.4076265189314958,1186.5772619491609,0.4076265189314958,1186.5772619491609,1186.5772619491609,0.08,0.08,0.04,,0.95,10.0,2000.0,,,,,
DRMPPI,drmppi,DR_mppi_crazyflie.py,71,166478992,520,0.02,15,0.09100593071156883,0.0,0.0,-1,0,32.90684300009161,21.19611717301338,12.553932795999572,57.45394417217669,5357.739277293965,0.6996151077704433,1864.3510704043467,0.6996151077704433,1864.3510704043467,1864.3510704043467,0.08,0.08,0.04,0.002,0.95,10.0,2000.0,,,,,
DRAMPPI,dramppi,DRA_mppi_crazyflie.py,71,1290310897,520,0.02,15,0.05709150676427722,1.0,1.0,36,17,25.391385999682825,19.0242335345689,11.322539304001111,56.964779449227734,15942.726029508227,0.346103650540263,1059.0052550748715,0.346103650540263,1059.0052550748715,1059.0052550748715,0.08,0.08,0.04,,,,,,0.05,10.0,3000.0,1000.0
MPPI,mppi,mppi_crazyflie.py,72,174356552,520,0.02,15,0.04892206972753243,1.0,1.0,130,9,25.44308500000625,16.429042201952353,9.904909660002886,46.3457873728816,18385.997851170578,2.796390303286254,2362.1944042545415,2.796390303286254,2362.1944042545415,2362.1944042545415,0.08,0.08,0.04,,,,,,,,,
RAMPPI,ramppi,RA_mppi_crazyflie.py,72,739288336,520,0.02,15,0.0811758006555239,0.0,0.0,-1,0,24.043117002293002,17.512901573123738,10.595639227001811,49.63498148553287,1422.478404039135,0.14715738504598508,1179.0852316134858,0.14715738504598508,1179.0852316134858,1179.0852316134858,0.08,0.08,0.04,,0.95,10.0,2000.0,,,,,
DRMPPI,drmppi,DR_mppi_crazyflie.py,72,1893757008,520,0.02,15,0.0903304721977554,0.0,0.0,-1,0,27.134159998240648,21.341416696157886,12.627260485998704,56.437483235671806,3963.6131876458953,0.22441171035026966,1929.273721107021,0.22441171035026966,1929.273721107021,1929.273721107021,0.08,0.08,0.04,0.002,0.95,10.0,2000.0,,,,,
DRAMPPI,dramppi,DRA_mppi_crazyflie.py,72,119405623,520,0.02,15,0.04849714264382571,1.0,1.0,36,26,27.605310999206267,19.173354000122345,11.4099128989983,56.166448846464235,22710.518565103954,0.7155676613473123,1095.2181340874597,0.7155676613473123,1095.2181340874597,1095.2181340874597,0.08,0.08,0.04,,,,,,0.05,10.0,3000.0,1000.0
MPPI,mppi,mppi_crazyflie.py,73,1256948811,520,0.02,15,0.038779758310261314,1.0,1.0,130,13,50.74655200223788,16.671200357751122,10.042055709000124,46.467855095993755,18480.29388260691,2.8425924739095834,2360.760158726085,2.8425924739095834,2360.760158726085,2360.760158726085,0.08,0.08,0.04,,,,,,,,,
RAMPPI,ramppi,RA_mppi_crazyflie.py,73,1638256583,520,0.02,15,0.07760511978150061,1.0,1.0,49,2,25.066013000468956,17.542071344171116,10.62401924200094,49.40036791432939,1504.1290400714622,0.8996208566156441,1315.821079706556,0.8996208566156441,1315.821079706556,1315.821079706556,0.08,0.08,0.04,,0.95,10.0,2000.0,,,,,
DRMPPI,drmppi,DR_mppi_crazyflie.py,73,1436250863,520,0.02,15,0.08890195947672101,0.0,0.0,-1,0,28.893542003061157,21.358269761598283,12.63235526200151,56.14732533615711,5457.91993571907,0.4689403671774485,1780.1365825560858,0.4689403671774485,1780.1365825560858,1780.1365825560858,0.08,0.08,0.04,0.002,0.95,10.0,2000.0,,,,,
DRAMPPI,dramppi,DRA_mppi_crazyflie.py,73,3261571,520,0.02,15,0.053650289496916685,1.0,1.0,36,26,24.9356730018917,19.088900401983175,11.359116792998975,54.31258858397577,25776.682072456242,0.03890643452747651,1053.5883822884255,0.03890643452747651,1053.5883822884255,1053.5883822884255,0.08,0.08,0.04,,,,,,0.05,10.0,3000.0,1000.0
MPPI,mppi,mppi_crazyflie.py,74,1453808600,520,0.02,15,0.04141867718317058,1.0,1.0,130,10,23.0540500015195,16.519246390495166,9.960096959999646,46.73782966650209,18473.225369032367,2.589758564979295,2362.9830156169223,2.589758564979295,2362.9830156169223,2362.9830156169223,0.08,0.08,0.04,,,,,,,,,
RAMPPI,ramppi,RA_mppi_crazyflie.py,74,199379981,520,0.02,15,0.06742578926308386,1.0,1.0,350,8,28.059823001967743,17.37976049421727,10.520636508997995,49.48427526644123,2025.5361134686345,0.03975606080164181,1212.5415791868008,0.03975606080164181,1212.5415791868008,1212.5415791868008,0.08,0.08,0.04,,0.95,10.0,2000.0,,,,,
DRMPPI,drmppi,DR_mppi_crazyflie.py,74,1729115319,520,0.02,15,0.09538456757752235,0.0,0.0,-1,0,31.40410799824167,21.30372946912058,12.605123116998584,55.15918978338188,5246.3399859621595,1.0682858748957555,1815.194072613259,1.0682858748957555,1815.194072613259,1815.194072613259,0.08,0.08,0.04,0.002,0.95,10.0,2000.0,,,,,
DRAMPPI,dramppi,DRA_mppi_crazyflie.py,74,2133533936,520,0.02,15,0.026316248743313172,1.0,1.0,47,22,41.9808059996285,19.149581523071483,11.390987041999324,57.52229986757443,16769.995098668405,0.49178888631892087,1164.5947779546398,0.49178888631892087,1164.5947779546398,1164.5947779546398,0.08,0.08,0.04,,,,,,0.05,10.0,3000.0,1000.0
MPPI,mppi,mppi_crazyflie.py,75,2073482013,520,0.02,15,0.04532704165906567,1.0,1.0,130,7,41.6714109996974,16.488027684625614,9.929630250000628,46.16615734923694,18211.801417005245,3.4752892572036806,2321.3198528039607,3.4752892572036806,2321.3198528039607,2321.3198528039607,0.08,0.08,0.04,,,,,,,,,
RAMPPI,ramppi,RA_mppi_crazyflie.py,75,1666475392,520,0.02,15,0.07117135712184684,1.0,1.0,48,8,30.107548998785205,17.48448553074083,10.568149530998198,49.14909209148397,1527.670875631931,0.07704507151824747,1184.5048409445765,0.07704507151824747,1184.5048409445765,1184.5048409445765,0.08,0.08,0.04,,0.95,10.0,2000.0,,,,,
DRMPPI,drmppi,DR_mppi_crazyflie.py,75,725704790,520,0.02,15,0.09603507927875504,0.0,0.0,-1,0,34.40908999982639,21.493392065363317,12.720920773001126,54.53159359225849,4854.951176206903,0.27363545881442985,1891.569526210725,0.27363545881442985,1891.569526210725,1891.569526210725,0.08,0.08,0.04,0.002,0.95,10.0,2000.0,,,,,
DRAMPPI,dramppi,DRA_mppi_crazyflie.py,75,1864597479,520,0.02,15,0.05569504747232967,1.0,1.0,36,26,34.21271200204501,19.291108869212902,11.456427840003016,57.32629159599013,9879.818218795055,0.43259805805345153,1131.0238830072412,0.43259805805345153,1131.0238830072412,1131.0238830072412,0.08,0.08,0.04,,,,,,0.05,10.0,3000.0,1000.0
MPPI,mppi,mppi_crazyflie.py,76,1248844022,520,0.02,15,0.04937752820850385,1.0,1.0,130,11,41.87830000228132,16.41399483848475,9.891642640999635,46.41618904678404,18444.684706514454,3.55863331741652,2332.980664438379,3.55863331741652,2332.980664438379,2332.980664438379,0.08,0.08,0.04,,,,,,,,,
RAMPPI,ramppi,RA_mppi_crazyflie.py,76,1024689542,520,0.02,15,0.07142675987049613,1.0,1.0,47,5,41.60635000152979,17.287210495998387,10.463419056999555,50.23074964891207,1681.198229644786,0.12895198485870024,1358.0435201827333,0.12895198485870024,1358.0435201827333,1358.0435201827333,0.08,0.08,0.04,,0.95,10.0,2000.0,,,,,
DRMPPI,drmppi,DR_mppi_crazyflie.py,76,1262611793,520,0.02,15,0.07826445436442074,1.0,1.0,131,1,31.80223500021384,21.264795717266118,12.587306191999232,54.95052246586719,5169.9562064551565,1.0737882124375353,1950.739230300149,1.0737882124375353,1950.739230300149,1950.739230300149,0.08,0.08,0.04,0.002,0.95,10.0,2000.0,,,,,
DRAMPPI,dramppi,DRA_mppi_crazyflie.py,76,362599693,520,0.02,15,0.0596037577980795,1.0,1.0,36,19,31.317622000642586,19.13080877112896,11.365797593000025,60.43835891513021,16716.338929807753,0.1886720048657733,1260.3980922930418,0.1886720048657733,1260.3980922930418,1260.3980922930418,0.08,0.08,0.04,,,,,,0.05,10.0,3000.0,1000.0
MPPI,mppi,mppi_crazyflie.py,77,266665320,520,0.02,15,0.04610564863836347,1.0,1.0,130,6,42.771164000441786,16.43477076156789,9.903562997002155,46.43952422902089,18378.79474927249,3.9533335966978447,2367.1324969107022,3.9533335966978447,2367.1324969107022,2367.1324969107022,0.08,0.08,0.04,,,,,,,,,
RAMPPI,ramppi,RA_mppi_crazyflie.py,77,1146707564,520,0.02,15,0.0730333678516095,1.0,1.0,49,9,28.675383000518195,17.25432008277214,10.452225176999491,51.130431470478506,2247.316681249478,0.03025586974991762,1213.0838271073092,0.03025586974991762,1213.0838271073092,1213.0838271073092,0.08,0.08,0.04,,0.95,10.0,2000.0,,,,,
DRMPPI,drmppi,DR_mppi_crazyflie.py,77,1211918957,520,0.02,15,0.09848149453458477,0.0,0.0,-1,0,42.85698600142496,22.199699848093026,13.148918611997942,54.905348047045024,4108.205152296314,0.04242539219386282,1809.2275602389088,0.04242539219386282,1809.2275602389088,1809.2275602389088,0.08,0.08,0.04,0.002,0.95,10.0,2000.0,,,,,
DRAMPPI,dramppi,DRA_mppi_crazyflie.py,77,914466991,520,0.02,15,0.04722758540896932,1.0,1.0,36,24,34.37575800126069,19.36414583855227,11.498779403002118,60.269427189663574,20694.05352313237,0.12674719388932398,1082.2577877249857,0.12674719388932398,1082.2577877249857,1082.2577877249857,0.08,0.08,0.04,,,,,,0.05,10.0,3000.0,1000.0
MPPI,mppi,mppi_crazyflie.py,78,1501800953,520,0.02,15,0.0471867318149347,1.0,1.0,130,12,22.86934299991117,16.634407242327143,10.026465023998753,46.55528556934693,18492.343644914843,2.891595674301854,2328.6192666017278,2.891595674301854,2328.6192666017278,2328.6192666017278,0.08,0.08,0.04,,,,,,,,,
RAMPPI,ramppi,RA_mppi_crazyflie.py,78,350103392,520,0.02,15,0.08020516183985074,0.0,0.0,-1,0,23.637333997612586,17.403797111567727,10.536839031999989,50.04739722526282,1669.3634233003668,0.044850145190309484,1175.8202521589928,0.044850145190309484,1175.8202521589928,1175.8202521589928,0.08,0.08,0.04,,0.95,10.0,2000.0,,,,,
DRMPPI,drmppi,DR_mppi_crazyflie.py,78,959883461,520,0.02,15,0.07847734176580486,1.0,1.0,48,1,30.4495960008353,21.206468032673563,12.561201986001834,59.71100018405328,4872.448757158357,0.4429562570299581,2003.8416206941756,0.4429562570299581,2003.8416206941756,2003.8416206941756,0.08,0.08,0.04,0.002,0.95,10.0,2000.0,,,,,
DRAMPPI,dramppi,DRA_mppi_crazyflie.py,78,356219371,520,0.02,15,0.060379293106117005,1.0,1.0,36,13,44.17683799692895,19.415130584666958,11.557569813001464,58.283044839389,6852.132295052397,0.6533908883946646,1163.717294546571,0.6533908883946646,1163.717294546571,1163.717294546571,0.08,0.08,0.04,,,,,,0.05,10.0,3000.0,1000.0
MPPI,mppi,mppi_crazyflie.py,79,893996554,520,0.02,15,0.05267092708670596,1.0,1.0,130,5,21.91975499954424,16.191701432741795,9.771688107997761,46.23819175065961,18404.360788240447,2.710270370249726,2388.5677283510354,2.710270370249726,2388.5677283510354,2388.5677283510354,0.08,0.08,0.04,,,,,,,,,
RAMPPI,ramppi,RA_mppi_crazyflie.py,79,554373264,520,0.02,15,0.05543723355561571,1.0,1.0,48,7,29.75259999948321,17.438085188398244,10.543494345001818,49.97578698424316,1662.0679965040463,0.04176660684325333,1158.514758136902,0.04176660684325333,1158.514758136902,1158.514758136902,0.08,0.08,0.04,,0.95,10.0,2000.0,,,,,
DRMPPI,drmppi,DR_mppi_crazyflie.py,79,1517788887,520,0.02,15,0.08954448008148434,0.0,0.0,-1,0,35.12545199919259,21.272406936427267,12.597890181998082,55.224852379579104,5312.426592621505,0.8393813019772528,1900.08049581499,0.8393813019772528,1900.08049581499,1900.08049581499,0.08,0.08,0.04,0.002,0.95,10.0,2000.0,,,,,
DRAMPPI,dramppi,DRA_mppi_crazyflie.py,79,2025273723,520,0.02,15,0.014013066279165312,1.0,1.0,36,21,37.95168500073487,18.953678923074992,11.285113502999593,57.51235525741461,11807.19647270996,0.05451227556348317,1074.5327004119613,0.05451227556348317,1074.5327004119613,1074.5327004119613,0.08,0.08,0.04,,,,,,0.05,10.0,3000.0,1000.0
MPPI,mppi,mppi_crazyflie.py,80,1506047923,520,0.02,15,0.04982774938136347,1.0,1.0,130,10,43.19840999960434,16.345581171257297,9.849940656000399,46.40243448888577,18514.712219023786,2.733829867240521,2348.9612490689224,2.733829867240521,2348.9612490689224,2348.9612490689224,0.08,0.08,0.04,,,,,,,,,
RAMPPI,ramppi,RA_mppi_crazyflie.py,80,2119151770,520,0.02,15,0.07765330809698497,1.0,1.0,36,5,41.87467599695083,17.3421868269123,10.490654281999014,49.8155889983131,1609.6063679209888,0.07052488561367103,1332.1673956081193,0.07052488561367103,1332.1673956081193,1332.1673956081193,0.08,0.08,0.04,,0.95,10.0,2000.0,,,,,
DRMPPI,drmppi,DR_mppi_crazyflie.py,80,256588160,520,0.02,15,0.08750525685737638,0.0,0.0,-1,0,31.033710998599418,21.160434682769846,12.53055127100015,54.401842287569934,5406.896044006489,0.02997859519535657,1797.8806378060592,0.02997859519535657,1797.8806378060592,1797.8806378060592,0.08,0.08,0.04,0.002,0.95,10.0,2000.0,,,,,
DRAMPPI,dramppi,DRA_mppi_crazyflie.py,80,1511112118,520,0.02,15,0.06423923303065271,1.0,1.0,36,18,30.406366000534035,18.918377746201887,11.262834576002206,56.80119470504998,7164.533341785753,0.39976515701433474,1149.9250656877812,0.39976515701433474,1149.9250656877812,1149.9250656877812,0.08,0.08,0.04,,,,,,0.05,10.0,3000.0,1000.0
MPPI,mppi,mppi_crazyflie.py,81,618892199,520,0.02,15,0.05020437217052916,1.0,1.0,130,13,26.6209789988352,16.352955711485826,9.85577802699845,46.71360222094875,18440.123847634666,2.4600276637689844,2393.953993414325,2.4600276637689844,2393.953993414325,2393.953993414325,0.08,0.08,0.04,,,,,,,,,
RAMPPI,ramppi,RA_mppi_crazyflie.py,81,1552968719,520,0.02,15,0.07680390609635614,1.0,1.0,48,3,28.285606997087598,17.299464374977667,10.463733735999995,49.913940040187505,1525.9302083193056,0.24917615914625582,1254.9474834470002,0.24917615914625582,1254.9474834470002,1254.9474834470002,0.08,0.08,0.04,,0.95,10.0,2000.0,,,,,
DRMPPI,drmppi,DR_mppi_crazyflie.py,81,1066920603,520,0.02,15,0.08772930492010016,0.0,0.0,-1,0,42.832504001125926,21.234604961514727,12.586623081002472,54.9518295195621,4814.457330412933,0.10389850786625901,1792.6520630214877,0.10389850786625901,1792.6520630214877,1792.6520630214877,0.08,0.08,0.04,0.002,0.95,10.0,2000.0,,,,,
DRAMPPI,dramppi,DRA_mppi_crazyflie.py,81,1573027062,520,0.02,15,0.016867508508642496,1.0,1.0,36,25,91.22089900120045,19.45429022690195,11.538117746000353,56.60003084702333,10959.452579639617,0.23527458884847882,1331.5195610664769,0.23527458884847882,1331.5195610664769,1331.5195610664769,0.08,0.08,0.04,,,,,,0.05,10.0,3000.0,1000.0
MPPI,mppi,mppi_crazyflie.py,82,251207300,520,0.02,15,0.04579772716495477,1.0,1.0,130,8,29.571269998996286,16.410672644367597,9.892395928000042,46.44225801851812,18261.203861514256,3.21340081321553,2362.4687863019712,3.21340081321553,2362.4687863019712,2362.4687863019712,0.08,0.08,0.04,,,,,,,,,
RAMPPI,ramppi,RA_mppi_crazyflie.py,82,1111098414,520,0.02,15,0.08463935808897087,0.0,0.0,-1,0,30.163269002514426,17.44281681548483,10.552225823001208,50.81289964115999,1663.0244833657002,0.5623375985610826,1391.877169347008,0.5623375985610826,1391.877169347008,1391.877169347008,0.08,0.08,0.04,,0.95,10.0,2000.0,,,,,
DRMPPI,drmppi,DR_mppi_crazyflie.py,82,873636115,520,0.02,15,0.08251197466936136,0.0,0.0,-1,0,37.52218099907623,21.469014838273253,12.724359155999991,55.810021544745716,4386.606318970174,0.037538947306359635,1754.8101020542751,0.037538947306359635,1754.8101020542751,1754.8101020542751,0.08,0.08,0.04,0.002,0.95,10.0,2000.0,,,,,
DRAMPPI,dramppi,DRA_mppi_crazyflie.py,82,381020095,520,0.02,15,0.042590300888590525,1.0,1.0,36,17,30.511437998939073,19.054229351835463,11.32548554299865,58.00705516917571,8608.951166898412,0.12154587093713236,1003.6404417150763,0.12154587093713236,1003.6404417150763,1003.6404417150763,0.08,0.08,0.04,,,,,,0.05,10.0,3000.0,1000.0
MPPI,mppi,mppi_crazyflie.py,83,456038052,520,0.02,15,0.046860551430762225,1.0,1.0,130,5,41.98681900015799,16.47668948262435,9.925283732001844,46.40658498035735,18463.26531218053,2.688644455578353,2364.3579459801404,2.688644455578353,2364.3579459801404,2364.3579459801404,0.08,0.08,0.04,,,,,,,,,
RAMPPI,ramppi,RA_mppi_crazyflie.py,83,1884730877,520,0.02,15,0.08151315932358016,0.0,0.0,-1,0,28.433077997760847,17.421805115512914,10.528780697000911,49.425619304546494,1564.584371839553,0.01980399415454065,1259.6076657078152,0.01980399415454065,1259.6076657078152,1259.6076657078152,0.08,0.08,0.04,,0.95,10.0,2000.0,,,,,
DRMPPI,drmppi,DR_mppi_crazyflie.py,83,1413668945,520,0.02,15,0.09821399922735198,0.0,0.0,-1,0,31.677434999437537,21.332289853846586,12.631922176999069,55.1981926410096,4939.699456623073,1.1477452520285643,2096.7633503337547,1.1477452520285643,2096.7633503337547,2096.7633503337547,0.08,0.08,0.04,0.002,0.95,10.0,2000.0,,,,,
DRAMPPI,dramppi,DRA_mppi_crazyflie.py,83,1890623891,520,0.02,15,0.06550536176415898,1.0,1.0,36,19,48.02347800068674,20.474952026961546,12.127874845999031,56.755708337833866,18788.882664489247,0.3147261230872909,1250.3349804354245,0.3147261230872909,1250.3349804354245,1250.3349804354245,0.08,0.08,0.04,,,,,,0.05,10.0,3000.0,1000.0
MPPI,mppi,mppi_crazyflie.py,84,1316924057,520,0.02,15,0.042204846491126845,1.0,1.0,130,12,30.858730999170803,16.27297856342081,9.80938984399836,46.64685357173037,18623.78339796359,2.282807328602254,2374.2464099692697,2.282807328602254,2374.2464099692697,2374.2464099692697,0.08,0.08,0.04,,,,,,,,,
RAMPPI,ramppi,RA_mppi_crazyflie.py,84,1523713848,520,0.02,15,0.0862878827068004,0.0,0.0,-1,0,22.60875899810344,17.30843862306546,10.461970639000356,49.293998668918846,1563.5524714089663,0.040446601306705215,1358.0874694294164,0.040446601306705215,1358.0874694294164,1358.0874694294164,0.08,0.08,0.04,,0.95,10.0,2000.0,,,,,
DRMPPI,drmppi,DR_mppi_crazyflie.py,84,1898326207,520,0.02,15,0.0819334563967549,0.0,0.0,-1,0,33.57101000074181,21.17487746916315,12.541971597001975,54.236647295233055,4329.58034427399,0.02899996562569621,1765.2571873569277,0.02899996562569621,1765.2571873569277,1765.2571873569277,0.08,0.08,0.04,0.002,0.95,10.0,2000.0,,,,,
DRAMPPI,dramppi,DRA_mppi_crazyflie.py,84,2004523098,520,0.02,15,0.03601831764936318,1.0,1.0,36,37,25.22297100222204,19.330404648070935,11.497505999002897,57.2013211940707,13214.467140815388,0.10658153193589802,1051.1336892660188,0.10658153193589802,1051.1336892660188,1051.1336892660188,0.08,0.08,0.04,,,,,,0.05,10.0,3000.0,1000.0
MPPI,mppi,mppi_crazyflie.py,85,119587632,520,0.02,15,0.05382151684344122,1.0,1.0,130,5,23.471301999961725,16.585286136565767,9.977460820999113,46.86084985921882,18418.65251326561,2.8827779781130594,2416.7353800282617,2.8827779781130594,2416.7353800282617,2416.7353800282617,0.08,0.08,0.04,,,,,,,,,
RAMPPI,ramppi,RA_mppi_crazyflie.py,85,2104530023,520,0.02,15,0.0704193831833732,1.0,1.0,36,13,24.252238999906695,17.48139151722381,10.584097705999739,51.20665904440919,1813.7827678611075,0.0769649829969459,1322.5920285197994,0.0769649829969459,1322.5920285197994,1322.5920285197994,0.08,0.08,0.04,,0.95,10.0,2000.0,,,,,
DRMPPI,drmppi,DR_mppi_crazyflie.py,85,1257243612,520,0.02,15,0.09229525818174693,0.0,0.0,-1,0,31.25398900010623,21.218606290375856,12.565307494998706,55.40994642091621,4257.270004308916,0.5610058300893797,1732.9285328222243,0.5610058300893797,1732.9285328222243,1732.9285328222243,0.08,0.08,0.04,0.002,0.95,10.0,2000.0,,,,,
DRAMPPI,dramppi,DRA_mppi_crazyflie.py,85,1081206008,520,0.02,15,0.04957671182104637,1.0,1.0,36,15,24.83790399855934,19.148875190400688,11.370425419998355,58.19242866400957,15882.731014983405,0.31389778135859514,1175.953192588923,0.31389778135859514,1175.953192588923,1175.953192588923,0.08,0.08,0.04,,,,,,0.05,10.0,3000.0,1000.0
MPPI,mppi,mppi_crazyflie.py,86,1790094770,520,0.02,15,0.04148315525697345,1.0,1.0,130,5,23.99214899924118,16.246136632568007,9.793659481001669,45.98668803728691,18189.435019306253,2.8048918498428015,2371.1863998094364,2.8048918498428015,2371.1863998094364,2371.1863998094364,0.08,0.08,0.04,,,,,,,,,
RAMPPI,ramppi,RA_mppi_crazyflie.py,86,1626868127,520,0.02,15,0.07115762735049902,1.0,1.0,36,15,27.611692999926163,17.313477998029086,10.474798268001905,49.674776002408905,2261.895961506351,0.23326898083503883,1115.1561551529185,0.23326898083503883,1115.1561551529185,1115.1561551529185,0.08,0.08,0.04,,0.95,10.0,2000.0,,,,,
DRMPPI,drmppi,DR_mppi_crazyflie.py,86,598146073,520,0.02,15,0.08949450297751765,0.0,0.0,-1,0,28.266097000596346,21.17876082109853,12.538456818998384,57.64187466332373,4502.659036807653,0.326174164608573,1868.2321148374313,0.326174164608573,1868.2321148374313,1868.2321148374313,0.08,0.08,0.04,0.002,0.95,10.0,2000.0,,,,,
DRAMPPI,dramppi,DRA_mppi_crazyflie.py,86,1324178195,520,0.02,15,0.04425928445248939,1.0,1.0,128,4,29.86434500053292,19.165641853914376,11.380895466001675,56.16632769472406,20931.793073568242,0.3136644486168766,1175.8561744586948,0.3136644486168766,1175.8561744586948,1175.8561744586948,0.08,0.08,0.04,,,,,,0.05,10.0,3000.0,1000.0
MPPI,mppi,mppi_crazyflie.py,87,1357457713,520,0.02,15,0.03853011686030579,1.0,1.0,130,12,30.010471997229615,16.218403828854488,9.782233201000054,46.73827751046946,18375.62947543389,3.61095317116433,2287.88523938456,3.61095317116433,2287.88523938456,2287.88523938456,0.08,0.08,0.04,,,,,,,,,
RAMPPI,ramppi,RA_mppi_crazyflie.py,87,246722394,520,0.02,15,0.08113037912272544,0.0,0.0,-1,0,36.225300002115546,17.853386834730582,10.797175515999697,48.93871760410446,1987.3455823611403,0.1068849536359344,1180.1605423446522,0.1068849536359344,1180.1605423446522,1180.1605423446522,0.08,0.08,0.04,,0.95,10.0,2000.0,,,,,
DRMPPI,drmppi,DR_mppi_crazyflie.py,87,93929840,520,0.02,15,0.08600792402727826,0.0,0.0,-1,0,31.1443259997759,21.261626786634643,12.587018308000552,55.76125792444184,5137.164504650142,0.30824386964396694,1780.845564144052,0.30824386964396694,1780.845564144052,1780.845564144052,0.08,0.08,0.04,0.002,0.95,10.0,2000.0,,,,,
DRAMPPI,dramppi,DRA_mppi_crazyflie.py,87,678580093,520,0.02,15,0.04521568825774459,1.0,1.0,36,21,28.886779997264966,19.055241932605547,11.342091256999993,58.73770434730699,15961.543574231266,0.35556739746597266,1283.9972238757052,0.35556739746597266,1283.9972238757052,1283.9972238757052,0.08,0.08,0.04,,,,,,0.05,10.0,3000.0,1000.0
MPPI,mppi,mppi_crazyflie.py,88,1549464331,520,0.02,15,0.04795772006345307,1.0,1.0,130,14,41.23125899786828,16.65207137309083,10.038131937999424,46.67337747192971,18359.031733003565,2.8028455899884226,2347.359926277957,2.8028455899884226,2347.359926277957,2347.359926277957,0.08,0.08,0.04,,,,,,,,,
RAMPPI,ramppi,RA_mppi_crazyflie.py,88,145457436,520,0.02,15,0.08130148740702256,0.0,0.0,-1,0,27.36014399852138,17.233364742367904,10.447809662997315,50.178475530605,1750.645439634306,0.11927407894609635,1360.2229670575896,0.11927407894609635,1360.2229670575896,1360.2229670575896,0.08,0.08,0.04,,0.95,10.0,2000.0,,,,,
DRMPPI,drmppi,DR_mppi_crazyflie.py,88,1616432772,520,0.02,15,0.09542329447938297,0.0,0.0,-1,0,34.25081899695215,21.27536984426115,12.597849142999621,54.71874401036857,4020.40458083304,0.9901645342076799,1860.9933479966392,0.9901645342076799,1860.9933479966392,1860.9933479966392,0.08,0.08,0.04,0.002,0.95,10.0,2000.0,,,,,
DRAMPPI,dramppi,DRA_mppi_crazyflie.py,88,1904541351,520,0.02,15,0.015474390808572115,1.0,1.0,36,18,38.33214699989185,19.375336913519558,11.500292317003186,57.19907998681013,13986.799698191158,0.6787701374376169,1292.5024202796221,0.6787701374376169,1292.5024202796221,1292.5024202796221,0.08,0.08,0.04,,,,,,0.05,10.0,3000.0,1000.0
MPPI,mppi,mppi_crazyflie.py,89,810574663,520,0.02,15,0.051138584758911004,1.0,1.0,130,12,41.7047300034028,16.391026873057292,9.878478260998236,46.54607133380273,18439.35600780952,1.8241248088923747,2334.237004408713,1.8241248088923747,2334.237004408713,2334.237004408713,0.08,0.08,0.04,,,,,,,,,
RAMPPI,ramppi,RA_mppi_crazyflie.py,89,47395820,520,0.02,15,0.07798118658144765,1.0,1.0,36,7,35.749452999880305,17.57685420197259,10.635606814001221,49.025091578616504,1805.8224031251666,0.12034603905013817,1349.7473205503716,0.12034603905013817,1349.7473205503716,1349.7473205503716,0.08,0.08,0.04,,0.95,10.0,2000.0,,,,,
DRMPPI,drmppi,DR_mppi_crazyflie.py,89,1498026502,520,0.02,15,0.08883508699518702,0.0,0.0,-1,0,31.312840997998137,21.371635834580395,12.638581017999968,55.14011210936957,4651.568567267031,0.09709437275348179,1826.9506608593515,0.09709437275348179,1826.9506608593515,1826.9506608593515,0.08,0.08,0.04,0.002,0.95,10.0,2000.0,,,,,
DRAMPPI,dramppi,DRA_mppi_crazyflie.py,89,1153814408,520,0.02,15,0.05599522070844832,1.0,1.0,36,17,24.729771001148038,19.36052430776097,11.494643940997776,57.96030430985665,23401.26116260103,0.1707222144741318,1229.7413646982402,0.1707222144741318,1229.7413646982402,1229.7413646982402,0.08,0.08,0.04,,,,,,0.05,10.0,3000.0,1000.0
MPPI,mppi,mppi_crazyflie.py,90,1613526909,520,0.02,15,0.04427148114659126,1.0,1.0,130,13,22.640086001047166,16.509124315402566,9.950805837001099,46.47865325400101,18471.694929221423,3.0779221502177427,2299.6150472443805,3.0779221502177427,2299.6150472443805,2299.6150472443805,0.08,0.08,0.04,,,,,,,,,
RAMPPI,ramppi,RA_mppi_crazyflie.py,90,381419093,520,0.02,15,0.08169579017345234,0.0,0.0,-1,0,22.681462000036845,17.35288989624538,10.50497193299816,50.688691327891576,1597.2712903685056,0.03834549427426193,1234.6557238809066,0.03834549427426193,1234.6557238809066,1234.6557238809066,0.08,0.08,0.04,,0.95,10.0,2000.0,,,,,
DRMPPI,drmppi,DR_mppi_crazyflie.py,90,858316104,520,0.02,15,0.08224140767014224,0.0,0.0,-1,0,31.116539001232013,21.23739710381974,12.562287307999213,55.10815848208046,5530.15952980767,0.09671855388663189,1734.0968203026348,0.09671855388663189,1734.0968203026348,1734.0968203026348,0.08,0.08,0.04,0.002,0.95,10.0,2000.0,,,,,
DRAMPPI,dramppi,DRA_mppi_crazyflie.py,90,315669163,520,0.02,15,0.03389619143779937,1.0,1.0,36,27,25.010098001075676,19.21251193455716,11.38826640300249,56.75106539154221,5805.755922378335,1.32559226402744,1065.3396417943156,1.32559226402744,1065.3396417943156,1065.3396417943156,0.08,0.08,0.04,,,,,,0.05,10.0,3000.0,1000.0
MPPI,mppi,mppi_crazyflie.py,91,216152923,520,0.02,15,0.046399328597580766,1.0,1.0,130,5,23.092081002687337,16.235824725033755,9.788098244000139,46.510950688335036,18320.16358349558,2.993398257239391,2357.0446702423596,2.993398257239391,2357.0446702423596,2357.0446702423596,0.08,0.08,0.04,,,,,,,,,
RAMPPI,ramppi,RA_mppi_crazyflie.py,91,356148308,520,0.02,15,0.07481396499087964,1.0,1.0,48,4,22.666069999104366,17.067903798117467,10.338597855003172,49.16555986956359,1585.4093062163495,0.21425694810067394,1301.3643468624296,0.21425694810067394,1301.3643468624296,1301.3643468624296,0.08,0.08,0.04,,0.95,10.0,2000.0,,,,,
DRMPPI,drmppi,DR_mppi_crazyflie.py,91,1096941264,520,0.02,15,0.09513956420841847,0.0,0.0,-1,0,27.336279999872204,21.208280013489947,12.550511959998403,55.34261664787405,4896.970812116118,0.09664121245403193,1953.6916449186501,0.09664121245403193,1953.6916449186501,1953.6916449186501,0.08,0.08,0.04,0.002,0.95,10.0,2000.0,,,,,
DRAMPPI,dramppi,DRA_mppi_crazyflie.py,91,1883244328,520,0.02,15,0.054723260288274324,1.0,1.0,36,14,24.90475400190917,18.82032816916203,11.20056495099925,55.83920967688495,14470.596106214602,0.8281618389078251,1105.4999111788434,0.8281618389078251,1105.4999111788434,1105.4999111788434,0.08,0.08,0.04,,,,,,0.05,10.0,3000.0,1000.0
MPPI,mppi,mppi_crazyflie.py,92,453265976,520,0.02,15,0.046981827095247154,1.0,1.0,130,5,24.371252999117132,16.24591317692578,9.791907495997293,46.24009883319197,18681.063845812325,3.7223778642558996,2364.509047839573,3.7223778642558996,2364.509047839573,2364.509047839573,0.08,0.08,0.04,,,,,,,,,
RAMPPI,ramppi,RA_mppi_crazyflie.py,92,1061866508,520,0.02,15,0.07979094019789992,1.0,1.0,36,1,28.076470000087284,17.28330480958063,10.465560150001693,51.31070707102242,1601.415855530998,0.30904774724060496,1283.5492576746196,0.30904774724060496,1283.5492576746196,1283.5492576746196,0.08,0.08,0.04,,0.95,10.0,2000.0,,,,,
DRMPPI,drmppi,DR_mppi_crazyflie.py,92,1396572665,520,0.02,15,0.09170487664359976,0.0,0.0,-1,0,30.916580002667615,21.224123119212052,12.57160440699954,53.19391645870077,5017.444912334388,1.0998973782609878,1868.5137262671303,1.0998973782609878,1868.5137262671303,1868.5137262671303,0.08,0.08,0.04,0.002,0.95,10.0,2000.0,,,,,
DRAMPPI,dramppi,DRA_mppi_crazyflie.py,92,732078238,520,0.02,15,0.06791752033649892,1.0,1.0,36,15,33.08008699968923,19.140947369333634,11.371928281998407,56.37710350083729,14648.55436204315,0.035583147083234914,1113.129567829422,0.035583147083234914,1113.129567829422,1113.129567829422,0.08,0.08,0.04,,,,,,0.05,10.0,3000.0,1000.0
MPPI,mppi,mppi_crazyflie.py,93,8429317,520,0.02,15,0.05029888193160921,1.0,1.0,130,7,23.40814800118096,16.289879477013667,9.82111414999963,46.29887851447616,18436.200744315287,3.592822686146908,2321.0090524411858,3.592822686146908,2321.0090524411858,2321.0090524411858,0.08,0.08,0.04,,,,,,,,,
RAMPPI,ramppi,RA_mppi_crazyflie.py,93,2145786761,520,0.02,15,0.08066867518541268,0.0,0.0,-1,0,27.198042000236455,17.368674698061042,10.508199981999496,50.56305289135881,1503.2219881041337,0.8343405588312184,1375.0994058427814,0.8343405588312184,1375.0994058427814,1375.0994058427814,0.08,0.08,0.04,,0.95,10.0,2000.0,,,,,
DRMPPI,drmppi,DR_mppi_crazyflie.py,93,1482034302,520,0.02,15,0.0946051855577492,0.0,0.0,-1,0,42.326441001932835,21.03757310965543,12.524013315000047,57.19086665962584,5435.349426269996,0.03817008665229192,1969.750216058768,0.03817008665229192,1969.750216058768,1969.750216058768,0.08,0.08,0.04,0.002,0.95,10.0,2000.0,,,,,
DRAMPPI,dramppi,DRA_mppi_crazyflie.py,93,1172472159,520,0.02,15,0.06951167374558383,1.0,1.0,36,20,60.704119001457,19.151775467379103,11.42878542499966,55.33247944803319,10937.56120886486,0.4493114365870499,1176.796528735944,0.4493114365870499,1176.796528735944,1176.796528735944,0.08,0.08,0.04,,,,,,0.05,10.0,3000.0,1000.0
MPPI,mppi,mppi_crazyflie.py,94,717185555,520,0.02,15,0.04935842509615299,1.0,1.0,130,9,41.25182699863217,16.074205305673015,9.72454799299885,46.28354994733973,18396.050971732424,3.3656910939183042,2373.5429086653644,3.3656910939183042,2373.5429086653644,2373.5429086653644,0.08,0.08,0.04,,,,,,,,,
RAMPPI,ramppi,RA_mppi_crazyflie.py,94,651398631,520,0.02,15,0.08138205152491809,0.0,0.0,-1,0,34.7441970006912,16.89927174419119,10.27480076700158,49.95228099916082,1508.3059040033513,0.11143921822672638,1221.7345585738021,0.11143921822672638,1221.7345585738021,1221.7345585738021,0.08,0.08,0.04,,0.95,10.0,2000.0,,,,,
DRMPPI,drmppi,DR_mppi_crazyflie.py,94,672345613,520,0.02,15,0.0899904834047305,0.0,0.0,-1,0,29.499656000552932,21.71175229425269,12.888256158999866,56.00539521622339,5063.387439243938,0.15098943269212423,1890.7337328115493,0.15098943269212423,1890.7337328115493,1890.7337328115493,0.08,0.08,0.04,0.002,0.95,10.0,2000.0,,,,,
DRAMPPI,dramppi,DRA_mppi_crazyflie.py,94,795968466,520,0.02,15,0.044491485060619375,1.0,1.0,36,19,23.978833000001032,17.967415521105487,10.758817215999443,54.91261364356768,11728.843047572123,0.38829858471466777,1029.3695834687232,0.38829858471466777,1029.3695834687232,1029.3695834687232,0.08,0.08,0.04,,,,,,0.05,10.0,3000.0,1000.0
MPPI,mppi,mppi_crazyflie.py,95,1306675424,520,0.02,15,0.048306891612437876,1.0,1.0,130,11,42.61321100057103,15.608069123097197,9.452748605999659,46.343611086084636,18820.28831470809,2.8970375030652984,2297.0028404738364,2.8970375030652984,2297.0028404738364,2297.0028404738364,0.08,0.08,0.04,,,,,,,,,
RAMPPI,ramppi,RA_mppi_crazyflie.py,95,1494362740,520,0.02,15,0.07835015900615314,1.0,1.0,50,2,63.46080900038942,17.5424251423045,10.600263072999951,49.55625104597891,1742.3629633235983,0.07123291919416064,1239.5930168521566,0.07123291919416064,1239.5930168521566,1239.5930168521566,0.08,0.08,0.04,,0.95,10.0,2000.0,,,,,
DRMPPI,drmppi,DR_mppi_crazyflie.py,95,1631225449,520,0.02,15,0.09090686055573183,0.0,0.0,-1,0,37.6748310009134,21.283131955799316,12.614876558996912,56.988855242019085,4554.962923754346,0.08345027165334677,1919.1977221609184,0.08345027165334677,1919.1977221609184,1919.1977221609184,0.08,0.08,0.04,0.002,0.95,10.0,2000.0,,,,,
DRAMPPI,dramppi,DRA_mppi_crazyflie.py,95,258227539,520,0.02,15,0.04041942637313738,1.0,1.0,36,19,29.062939996947534,19.18318688081994,11.396624316999805,56.60759157059047,24803.480615056436,0.735484359662646,1091.4100213027352,0.735484359662646,1091.4100213027352,1091.4100213027352,0.08,0.08,0.04,,,,,,0.05,10.0,3000.0,1000.0
MPPI,mppi,mppi_crazyflie.py,96,685281259,520,0.02,15,0.046749621032565726,1.0,1.0,130,12,42.09394799909205,16.54410026351168,9.958207687002869,46.1945624910677,18386.523057866434,3.9265704991269192,2348.7297817419203,3.9265704991269192,2348.7297817419203,2348.7297817419203,0.08,0.08,0.04,,,,,,,,,
RAMPPI,ramppi,RA_mppi_crazyflie.py,96,1628267602,520,0.02,15,0.07259470018601236,1.0,1.0,42,7,28.192616999149323,17.219088874886577,10.425407031998475,49.378773015971156,2160.399791615126,0.1397472976229711,1241.2481664916206,0.1397472976229711,1241.2481664916206,1241.2481664916206,0.08,0.08,0.04,,0.95,10.0,2000.0,,,,,
DRMPPI,drmppi,DR_mppi_crazyflie.py,96,1460902891,520,0.02,15,0.09303358191519405,0.0,0.0,-1,0,32.12973100016825,21.211938205795796,12.558621700001822,55.42807479706964,4756.165620207908,0.32678389979105255,1822.9932132517304,0.32678389979105255,1822.9932132517304,1822.9932132517304,0.08,0.08,0.04,0.002,0.95,10.0,2000.0,,,,,
DRAMPPI,dramppi,DRA_mppi_crazyflie.py,96,1897876483,520,0.02,15,0.0766605586270054,1.0,1.0,36,3,30.572908999602078,19.16561659621808,11.395134072001383,58.37591991835136,9624.03566775003,0.03718506256901047,1109.1042479194548,0.03718506256901047,1109.1042479194548,1109.1042479194548,0.08,0.08,0.04,,,,,,0.05,10.0,3000.0,1000.0
MPPI,mppi,mppi_crazyflie.py,97,275775921,520,0.02,15,0.04745820534456217,1.0,1.0,130,11,42.95146000004024,16.622636621118893,10.015157204998104,47.056575486543124,18146.449144545153,3.643596491764888,2404.5206591403116,3.643596491764888,2404.5206591403116,2404.5206591403116,0.08,0.08,0.04,,,,,,,,,
RAMPPI,ramppi,RA_mppi_crazyflie.py,97,1020336363,520,0.02,15,0.07877507713195113,1.0,1.0,49,3,23.82919400042738,17.40272364620698,10.54298739799924,52.13097743411163,1544.9636746361432,0.3557159830471885,1294.4732951932913,0.3557159830471885,1294.4732951932913,1294.4732951932913,0.08,0.08,0.04,,0.95,10.0,2000.0,,,,,
DRMPPI,drmppi,DR_mppi_crazyflie.py,97,465781327,520,0.02,15,0.09572751452104422,0.0,0.0,-1,0,26.4179050027451,21.33168786929393,12.604478028999438,55.4497633171771,4830.899727695228,0.09924380415536764,2127.4063664470777,0.09924380415536764,2127.4063664470777,2127.4063664470777,0.08,0.08,0.04,0.002,0.95,10.0,2000.0,,,,,
DRAMPPI,dramppi,DRA_mppi_crazyflie.py,97,939104702,520,0.02,15,0.03219139816451461,1.0,1.0,36,20,27.839974998641992,19.693002001874376,11.674233311001444,56.40725368808548,8921.50747153658,0.7621816960253924,1071.2348837674515,0.7621816960253924,1071.2348837674515,1071.2348837674515,0.08,0.08,0.04,,,,,,0.05,10.0,3000.0,1000.0
MPPI,mppi,mppi_crazyflie.py,98,1641166656,520,0.02,15,0.04384333930894806,1.0,1.0,130,16,21.567533000052208,16.516931759612746,9.954037709998374,46.19427845689407,18584.499732974047,3.2113190747829257,2316.0957186129344,3.2113190747829257,2316.0957186129344,2316.0957186129344,0.08,0.08,0.04,,,,,,,,,
RAMPPI,ramppi,RA_mppi_crazyflie.py,98,307336634,520,0.02,15,0.07627946122202549,1.0,1.0,36,6,23.477310001908336,17.43846110578558,10.559321255001123,48.939497938900296,1388.8402608427832,0.02028222151828321,1268.1121541847708,0.02028222151828321,1268.1121541847708,1268.1121541847708,0.08,0.08,0.04,,0.95,10.0,2000.0,,,,,
DRMPPI,drmppi,DR_mppi_crazyflie.py,98,1089234112,520,0.02,15,0.0908193948933214,0.0,0.0,-1,0,30.59346900045057,21.310142534632458,12.609349275000568,56.61040931157681,4424.439308269518,0.08266107208936227,1950.3248134497142,0.08266107208936227,1950.3248134497142,1950.3248134497142,0.08,0.08,0.04,0.002,0.95,10.0,2000.0,,,,,
DRAMPPI,dramppi,DRA_mppi_crazyflie.py,98,907832086,520,0.02,15,0.03308768385244556,1.0,1.0,128,5,30.576734003261663,19.411721965396,11.522420357003284,57.08107306790538,12008.765763248186,0.22700389830031023,1135.9340327274028,0.22700389830031023,1135.9340327274028,1135.9340327274028,0.08,0.08,0.04,,,,,,0.05,10.0,3000.0,1000.0
MPPI,mppi,mppi_crazyflie.py,99,82587740,520,0.02,15,0.04462144766183307,1.0,1.0,130,7,25.367434998770477,16.47652266162997,9.932747249997192,46.55216056114158,18495.747966629096,2.254826625039077,2325.321006455234,2.254826625039077,2325.321006455234,2325.321006455234,0.08,0.08,0.04,,,,,,,,,
RAMPPI,ramppi,RA_mppi_crazyflie.py,99,1641561613,520,0.02,15,0.06644179067753803,1.0,1.0,38,12,32.86888699949486,17.27366861731263,10.454722436999873,49.14101686314193,2017.6119978307843,0.13067823103886983,1308.6900136729985,0.13067823103886983,1308.6900136729985,1308.6900136729985,0.08,0.08,0.04,,0.95,10.0,2000.0,,,,,
DRMPPI,drmppi,DR_mppi_crazyflie.py,99,1734398055,520,0.02,15,0.08991154476377036,0.0,0.0,-1,0,31.06153800035827,21.181210551898964,12.542713328999525,54.78891929453384,4694.677688633887,1.1066695176575734,1914.8640907805077,1.1066695176575734,1914.8640907805077,1914.8640907805077,0.08,0.08,0.04,0.002,0.95,10.0,2000.0,,,,,
DRAMPPI,dramppi,DRA_mppi_crazyflie.py,99,889022348,520,0.02,15,0.04594304190575869,1.0,1.0,36,9,29.66638199723093,18.950130855836715,11.269331701001647,55.947236211120995,9003.351588343761,0.5061178999346859,1045.2824283426376,0.5061178999346859,1045.2824283426376,1045.2824283426376,0.08,0.08,0.04,,,,,,0.05,10.0,3000.0,1000.0
