Algorithm,RunMinDistance_Min,RunMinDistance_Mean,RunMinDistance_Std,SafetyViolation_Prob,Collision_Prob,TotalQSigmaInvStageCost_Mean,TotalQSigmaInvStageCost_Std,RunMaxComputeTimeMs_Max,RunMaxComputeTimeMs_Mean,RunMaxComputeTimeMs_Std
MPPI,0.0051694815047085285,0.06691710552666336,0.039659407608578306,1.0,1.0,218.49210297137498,10.509607554186825,6.109063979238272,2.159062889695633,0.6855025166061677
RAMPPI,0.019303495064377785,0.4724021987337619,0.18517503061718157,1.0,0.375,460.36755851849915,80.11409512277562,35.640793037600815,8.422844258020632,8.068211128842314
DRMPPI,0.015031540766358376,0.6785889315139503,0.12403895685047128,0.865,0.045,500.9773237082362,74.63168760531525,26.056646020151675,5.7445078156888485,5.531896414190575
DRAMPPI,0.022923989221453667,0.41989156666211785,0.18684351573243907,1.0,0.525,470.444139559418,99.92065074426357,58.877939998637885,9.54324516147608,5.541894961538824
