Algorithm,RunMinDistance_Min,RunMinDistance_Mean,RunMinDistance_Std,SafetyViolation_Prob,Collision_Prob,TotalQSigmaInvStageCost_Mean,TotalQSigmaInvStageCost_Std,RunMaxComputeTimeMs_Max,RunMaxComputeTimeMs_Mean,RunMaxComputeTimeMs_Std
MPPI,1.023347020149231,1.0663577556610107,0.019820449024448402,0.0,0.0,49167.08784927755,738.212314101062,467.46474300016416,109.77346249998543,87.35812056765434
RAMPPI,1.0300875902175903,1.0627800544102988,0.020562922291655798,0.0,0.0,54022.84834061224,1530.7104022182518,276.44165199944837,106.16227983329433,51.21849989695645
DRMPPI,1.019106149673462,1.052420437335968,0.017041528250808628,0.0,0.0,53403.7391345406,1235.9320477031747,487.891320000017,112.11244243333265,94.31643411318143
DRAMPPI,1.0207023620605469,1.0443009336789448,0.013540110018331835,0.0,0.0,51091.710979480435,1435.2350137847216,975.1376140002321,255.97063733342415,188.09911643368386
