epsilon,Run,Seed,RunMinDistance,SafetyViolation,Collision,RunMaxComputeTimeMs
0.0005,0,1501552845,0.06825781015139505,1.0,1.0,270.47099999617785
0.0005,1,488200390,0.07653695067474407,1.0,1.0,171.1673309910111
0.0005,2,1693606510,0.07152822417220064,1.0,1.0,172.31586697744206
0.0005,3,680233354,0.07736586415855141,1.0,1.0,173.6807280103676
0.0005,4,438466540,0.07638992772528462,1.0,1.0,174.95468497509137
0.0005,5,1712329280,0.07968229683859629,1.0,1.0,172.7735349559225
0.0005,6,1380152455,0.07535951038497586,1.0,1.0,175.38190499180928
0.0005,7,1452245846,0.0781031144451593,1.0,1.0,174.91675302153453
0.0005,8,2122694021,0.08026578690972513,0.0,0.0,175.14726403169334
0.0005,9,839901363,0.07896629668253008,1.0,1.0,175.14709098031744
0.0005,10,1802651552,0.07191090149191937,1.0,1.0,175.30901898862794
0.0005,11,714712467,0.07691899476943227,1.0,1.0,175.62451399862766
0.0005,12,1218704077,0.06716730913924618,1.0,1.0,175.26652902597561
0.0005,13,1284858263,0.07479555045980674,1.0,1.0,174.46955997729674
0.0005,14,457721135,0.07079404181318573,1.0,1.0,174.23131398390979
0.0005,15,401008609,0.07272390256779289,1.0,1.0,173.77551802201197
0.0005,16,492064534,0.07098072403521943,1.0,1.0,173.49348502466455
0.0005,17,1444732602,0.08425193235001863,0.0,0.0,173.75774995889515
0.0005,18,1317426686,0.06378446352610441,1.0,1.0,174.59051398327574
0.0005,19,2022506251,0.0805236417704192,0.0,0.0,175.03039294388145
0.0005,20,1516459118,0.0703690103255086,1.0,1.0,171.34993302170187
0.0005,21,533103612,0.06873118294008208,1.0,1.0,175.17782404320315
0.0005,22,1964759878,0.07885931657098669,1.0,1.0,174.09363796468824
0.0005,23,2037706756,0.07289337017079994,1.0,1.0,175.17548199975863
0.0005,24,1572889065,0.06904512471169715,1.0,1.0,175.09183497168124
0.0005,25,1432881518,0.07446095964674732,1.0,1.0,174.69043302116916
0.0005,26,280516901,0.06873613973077367,1.0,1.0,174.5352249708958
0.0005,27,205939248,0.07343127781281683,1.0,1.0,173.58695302391425
0.0005,28,571904914,0.0783482245292731,1.0,1.0,175.6633180193603
0.0005,29,948843457,0.07613389297950607,1.0,1.0,174.83937897486612
0.0005,30,155492488,0.07090739025461235,1.0,1.0,174.48534595314413
0.0005,31,1903701130,0.06724813966985511,1.0,1.0,174.6145139914006
0.0005,32,1017961266,0.07200572122104369,1.0,1.0,175.12371396878734
0.0005,33,1497769985,0.06754361624890168,1.0,1.0,175.2587939845398
0.0005,34,456523489,0.07255626666352984,1.0,1.0,175.0086609972641
0.0005,35,701095136,0.08213121279321482,0.0,0.0,175.0541800283827
0.0005,36,249069576,0.08159960912577213,0.0,0.0,175.1407939591445
0.0005,37,1576098728,0.07451474252519652,1.0,1.0,175.03503599436954
0.0005,38,1662748500,0.0809491989630542,0.0,0.0,174.04076596722007
0.0005,39,472736216,0.07509667345370442,1.0,1.0,83.14532396616414
0.0005,40,1535411295,0.07451723550841925,1.0,1.0,83.18719698581845
0.0005,41,175223003,0.07735046888721177,1.0,1.0,83.22829904500395
0.0005,42,840936862,0.07364107979138165,1.0,1.0,83.12587399268523
0.0005,43,343373188,0.07475404370608865,1.0,1.0,235.17495597479865
0.0005,44,1597751082,0.0703155976381927,1.0,1.0,241.89848901005462
0.0005,45,730359585,0.07064793164457157,1.0,1.0,229.53772195614874
0.0005,46,1016641002,0.07664678746708681,1.0,1.0,225.50303395837545
0.0005,47,998994690,0.07292729458459911,1.0,1.0,236.52443394530565
0.0005,48,1021240743,0.07530249738026817,1.0,1.0,240.32791994977742
0.0005,49,572134801,0.07699247048605291,1.0,1.0,245.91669801156968
0.0005,50,1198399760,0.07593878039317739,1.0,1.0,230.06883700145409
0.0005,51,1751866485,0.07658893687895212,1.0,1.0,241.47640500450507
0.0005,52,1070889713,0.07714124368989042,1.0,1.0,239.83078397577628
0.0005,53,415096539,0.07408051320759777,1.0,1.0,197.2706780070439
0.0005,54,52416235,0.08128470898941645,0.0,0.0,233.8612879975699
0.0005,55,278032723,0.0772877415116093,1.0,1.0,240.2739980025217
0.0005,56,174946158,0.07485836739243723,1.0,1.0,197.53858901094645
0.0005,57,196848554,0.06269010291956925,1.0,1.0,239.55772502813488
0.0005,58,263030910,0.07032087343983226,1.0,1.0,237.6293310080655
0.0005,59,1285415020,0.08190588072368227,0.0,0.0,157.51651104073972
0.0005,60,1733223444,0.06807925183639028,1.0,1.0,249.91218402283266
0.0005,61,1835544261,0.07821382793502625,1.0,1.0,233.99094998603687
0.0005,62,1403186970,0.07729066566893578,1.0,1.0,157.5355040258728
0.0005,63,1291971777,0.07234523451018111,1.0,1.0,223.3269570278935
0.0005,64,712292067,0.07443966328938782,1.0,1.0,241.40103696845472
0.0005,65,2001429764,0.06877089064979951,1.0,1.0,197.479636000935
0.0005,66,1375664061,0.07648691011265332,1.0,1.0,241.3044319837354
0.0005,67,1556456120,0.07977710961781245,1.0,1.0,237.7806399599649
0.0005,68,1576053187,0.07161544669637622,1.0,1.0,199.4686119724065
0.0005,69,1848019881,0.07729340763527554,1.0,1.0,245.97360903862864
0.0005,70,1508652585,0.06859043327967712,1.0,1.0,227.49817499425262
0.0005,71,1995737731,0.07999819542357213,1.0,1.0,228.93883101642132
0.0005,72,1162788447,0.07394389829718857,1.0,1.0,213.45888398354873
0.0005,73,1172925522,0.07567170592221596,1.0,1.0,237.58968798210844
0.0005,74,539174575,0.07156764621315605,1.0,1.0,215.87402996374294
0.0005,75,2013637345,0.06902861916042648,1.0,1.0,157.74891601176932
0.0005,76,1187468716,0.0705747479636634,1.0,1.0,243.8388679875061
0.0005,77,1062978506,0.08100517772684579,0.0,0.0,234.98460202245042
0.0005,78,679326770,0.0732307896097753,1.0,1.0,195.36358298501
0.0005,79,587923432,0.07248994110680186,1.0,1.0,223.8702560425736
0.0005,80,1359889667,0.08308939637666284,0.0,0.0,238.25771099654958
0.0005,81,970187386,0.06781943036593874,1.0,1.0,221.79967403644696
0.0005,82,1219839873,0.0740925952269379,1.0,1.0,157.52318600425497
0.0005,83,1428160212,0.07171944315300258,1.0,1.0,236.10319703584537
0.0005,84,1930609499,0.08179202702774853,0.0,0.0,243.3754230150953
0.0005,85,710582861,0.0832382112731097,0.0,0.0,198.58277402818203
0.0005,86,1463614337,0.07042742859619146,1.0,1.0,234.18505501467735
0.0005,87,1940152705,0.07627865014409983,1.0,1.0,241.94803601130843
0.0005,88,985452196,0.07550899789555632,1.0,1.0,235.31681299209595
0.0005,89,552062587,0.07304585708946962,1.0,1.0,157.4341679806821
0.0005,90,623566272,0.06946144020071397,1.0,1.0,211.1059910384938
0.0005,91,729775797,0.07827030360075726,1.0,1.0,239.20945002464578
0.0005,92,1352536665,0.0800721743344814,0.0,0.0,236.89938598545268
0.0005,93,555883440,0.07942971096507383,1.0,1.0,211.0459510004148
0.0005,94,1801800003,0.06630021413189605,1.0,1.0,227.76744404109195
0.0005,95,763315502,0.07421595847938674,1.0,1.0,240.95651204697788
0.0005,96,138897982,0.0735704293974811,1.0,1.0,225.34003702457994
0.0005,97,10785379,0.06915656484731617,1.0,1.0,218.7484939931892
0.0005,98,53923185,0.06519034579679944,1.0,1.0,237.33875702600926
0.0005,99,1349917978,0.07068784157594288,1.0,1.0,237.04216798068956
0.002,0,1501552845,0.08128395595904604,0.0,0.0,320.65906998468563
0.002,1,488200390,0.07904320204333748,1.0,1.0,171.61242896690965
0.002,2,1693606510,0.08228664029516708,0.0,0.0,173.4412660007365
0.002,3,680233354,0.08979406230620017,0.0,0.0,173.80858602700755
0.002,4,438466540,0.08708658909898695,0.0,0.0,174.9912790255621
0.002,5,1712329280,0.08596298114113406,0.0,0.0,172.49028501100838
0.002,6,1380152455,0.08585945289262192,0.0,0.0,175.0125619582832
0.002,7,1452245846,0.08993651598389503,0.0,0.0,174.72331604221836
0.002,8,2122694021,0.08723310147833328,0.0,0.0,175.12361996341497
0.002,9,839901363,0.08467305681605669,0.0,0.0,175.0263260328211
0.002,10,1802651552,0.08275139815996758,0.0,0.0,174.23507705098018
0.002,11,714712467,0.08761795988274737,0.0,0.0,175.66807998809963
0.002,12,1218704077,0.08207586916481038,0.0,0.0,175.66013103350997
0.002,13,1284858263,0.08342421253759316,0.0,0.0,174.95945596601814
0.002,14,457721135,0.0895572929800164,0.0,0.0,174.96649199165404
0.002,15,401008609,0.08772217422679374,0.0,0.0,174.1487059625797
0.002,16,492064534,0.0790714546379979,1.0,1.0,174.1598200169392
0.002,17,1444732602,0.09393631359427683,0.0,0.0,173.85975498473272
0.002,18,1317426686,0.07593674576148843,1.0,1.0,174.55717700067908
0.002,19,2022506251,0.09039661588752446,0.0,0.0,175.38031400181353
0.002,20,1516459118,0.0785653060395877,1.0,1.0,171.19059601100162
0.002,21,533103612,0.07904039494130573,1.0,1.0,175.20027502905577
0.002,22,1964759878,0.09171943058873865,0.0,0.0,174.1412749979645
0.002,23,2037706756,0.08488371895146596,0.0,0.0,174.7412090189755
0.002,24,1572889065,0.08180789907244909,0.0,0.0,175.50774797564372
0.002,25,1432881518,0.09215452655653142,0.0,0.0,174.66103902552277
0.002,26,280516901,0.08024741835956499,0.0,0.0,174.58247003378347
0.002,27,205939248,0.07931223006382201,1.0,1.0,173.81450202083215
0.002,28,571904914,0.08798529809382162,0.0,0.0,175.3191840252839
0.002,29,948843457,0.0871501157291609,0.0,0.0,175.56409997632727
0.002,30,155492488,0.08351659776322898,0.0,0.0,174.9296230264008
0.002,31,1903701130,0.07686791636700557,1.0,1.0,174.64541899971664
0.002,32,1017961266,0.08363519323442976,0.0,0.0,175.14273599954322
0.002,33,1497769985,0.07959805869969673,1.0,1.0,175.3043300122954
0.002,34,456523489,0.08622986906991663,0.0,0.0,175.02602201420814
0.002,35,701095136,0.08934902306662645,0.0,0.0,174.84847299056128
0.002,36,249069576,0.08905160708795704,0.0,0.0,175.12843199074268
0.002,37,1576098728,0.08758702476521966,0.0,0.0,175.15581095358357
0.002,38,1662748500,0.09231961162470122,0.0,0.0,174.95912895537913
0.002,39,472736216,0.08774073982149293,0.0,0.0,83.13018002081662
0.002,40,1535411295,0.0877985758796999,0.0,0.0,83.20464700227603
0.002,41,175223003,0.089001204257543,0.0,0.0,83.22612900519744
0.002,42,840936862,0.08379652323745392,0.0,0.0,83.15492304973304
0.002,43,343373188,0.0850776538309763,0.0,0.0,235.18215998774394
0.002,44,1597751082,0.078098821518932,1.0,1.0,243.55508299777284
0.002,45,730359585,0.08261254101358248,0.0,0.0,226.4889880316332
0.002,46,1016641002,0.08984971626194228,0.0,0.0,227.7744309976697
0.002,47,998994690,0.08198830040534043,0.0,0.0,239.90483803208917
0.002,48,1021240743,0.0825335237097255,0.0,0.0,240.34373299218714
0.002,49,572134801,0.08842384336159209,0.0,0.0,246.49912200402468
0.002,50,1198399760,0.0860899652859469,0.0,0.0,230.67077400628477
0.002,51,1751866485,0.08975177098709733,0.0,0.0,242.00178298633546
0.002,52,1070889713,0.08789882979162107,0.0,0.0,241.87715200241655
0.002,53,415096539,0.08641103755444822,0.0,0.0,197.7907550171949
0.002,54,52416235,0.09066135871757512,0.0,0.0,239.97877503279597
0.002,55,278032723,0.08179531335567829,0.0,0.0,239.99445198569447
0.002,56,174946158,0.08712253215034936,0.0,0.0,197.024232998956
0.002,57,196848554,0.07852262536307948,1.0,1.0,240.04689295543358
0.002,58,263030910,0.07203044600006818,1.0,1.0,236.36999301379547
0.002,59,1285415020,0.09337868022886027,0.0,0.0,157.51064097275957
0.002,60,1733223444,0.07623092325870749,1.0,1.0,248.53259598603472
0.002,61,1835544261,0.08902059894742469,0.0,0.0,233.95950603298843
0.002,62,1403186970,0.09140796677955336,0.0,0.0,157.51966700190678
0.002,63,1291971777,0.0850445738401918,0.0,0.0,222.61210501892492
0.002,64,712292067,0.08739339568363824,0.0,0.0,241.3446749560535
0.002,65,2001429764,0.08422393863611996,0.0,0.0,198.07930395472795
0.002,66,1375664061,0.08849531134395755,0.0,0.0,241.8799430015497
0.002,67,1556456120,0.08835855796504175,0.0,0.0,237.7791580511257
0.002,68,1576053187,0.08112472979541915,0.0,0.0,199.0192929515615
0.002,69,1848019881,0.08583901195600736,0.0,0.0,248.3664460014552
0.002,70,1508652585,0.07664166163845339,1.0,1.0,228.0487300013192
0.002,71,1995737731,0.09158338297253392,0.0,0.0,232.62801399687305
0.002,72,1162788447,0.08516267584958444,0.0,0.0,210.40977002121508
0.002,73,1172925522,0.08873259434308212,0.0,0.0,238.89652302023023
0.002,74,539174575,0.08423480964105987,0.0,0.0,218.0451070307754
0.002,75,2013637345,0.07982069406189389,1.0,1.0,157.7102540177293
0.002,76,1187468716,0.09076351125448691,0.0,0.0,244.6294700494036
0.002,77,1062978506,0.08560413105932779,0.0,0.0,234.98079599812627
0.002,78,679326770,0.08467707293901969,0.0,0.0,195.60716103296727
0.002,79,587923432,0.08404284466572817,0.0,0.0,223.31336804199964
0.002,80,1359889667,0.09081342014875404,0.0,0.0,237.54623002605513
0.002,81,970187386,0.08006216742115259,0.0,0.0,224.95909500867128
0.002,82,1219839873,0.08533325016933867,0.0,0.0,157.48300799168646
0.002,83,1428160212,0.08530091512325946,0.0,0.0,236.1349330167286
0.002,84,1930609499,0.09211622298904838,0.0,0.0,243.35337796946988
0.002,85,710582861,0.08488286432046564,0.0,0.0,198.1042409897782
0.002,86,1463614337,0.08335734689113593,0.0,0.0,232.10358899086714
0.002,87,1940152705,0.08070786430259401,0.0,0.0,242.47701099375263
0.002,88,985452196,0.08738187449129729,0.0,0.0,235.3316679946147
0.002,89,552062587,0.08533016573433022,0.0,0.0,157.46555401710793
0.002,90,623566272,0.08081605906754849,0.0,0.0,214.79550300864503
0.002,91,729775797,0.09056032049082764,0.0,0.0,239.9252960458398
0.002,92,1352536665,0.08325538650482407,0.0,0.0,238.47547196783125
0.002,93,555883440,0.09055001946240186,0.0,0.0,220.03225004300475
0.002,94,1801800003,0.07658498434860449,1.0,1.0,223.90476299915463
0.002,95,763315502,0.08416181397444564,0.0,0.0,241.0240129684098
0.002,96,138897982,0.08683869221007136,0.0,0.0,224.17616797611117
0.002,97,10785379,0.07890563458279845,1.0,1.0,217.0774749829434
0.002,98,53923185,0.08004949991177973,0.0,0.0,233.30025398172438
0.002,99,1349917978,0.07985570918722835,1.0,1.0,236.2868159543723
0.0,0,1501552845,0.06561306995071242,1.0,1.0,277.71440404467285
0.0,1,488200390,0.07127972214943808,1.0,1.0,171.13865894498304
0.0,2,1693606510,0.06717510124305465,1.0,1.0,172.28897800669074
0.0,3,680233354,0.0708651263536997,1.0,1.0,174.03083998942748
0.0,4,438466540,0.07061134513751846,1.0,1.0,174.95858599431813
0.0,5,1712329280,0.07421404126333435,1.0,1.0,172.21935698762536
0.0,6,1380152455,0.07191750424302847,1.0,1.0,174.95225695893168
0.0,7,1452245846,0.07588335148395331,1.0,1.0,174.92743994807824
0.0,8,2122694021,0.07569104892699942,1.0,1.0,175.854524015449
0.0,9,839901363,0.07211546207388683,1.0,1.0,175.03573204157874
0.0,10,1802651552,0.07665383877244941,1.0,1.0,174.24974800087512
0.0,11,714712467,0.07061255773137502,1.0,1.0,175.79959303839132
0.0,12,1218704077,0.06460243307298506,1.0,1.0,175.62543699750677
0.0,13,1284858263,0.07153843892781461,1.0,1.0,174.60157995810732
0.0,14,457721135,0.06995739542399206,1.0,1.0,174.75207604002208
0.0,15,401008609,0.06871101561853636,1.0,1.0,174.22491597244516
0.0,16,492064534,0.06928560791841391,1.0,1.0,173.63350797677413
0.0,17,1444732602,0.07341648817124583,1.0,1.0,173.86618198361248
0.0,18,1317426686,0.06257115782478234,1.0,1.0,174.35422103153542
0.0,19,2022506251,0.07273672763795035,1.0,1.0,175.46996305463836
0.0,20,1516459118,0.06767038256693218,1.0,1.0,171.21469404082745
0.0,21,533103612,0.0677265683252531,1.0,1.0,174.97956001898274
0.0,22,1964759878,0.07592204261778933,1.0,1.0,174.36570796417072
0.0,23,2037706756,0.06908400012867388,1.0,1.0,174.9460159917362
0.0,24,1572889065,0.0651479796063717,1.0,1.0,175.12209404958412
0.0,25,1432881518,0.07465859695678827,1.0,1.0,174.47897902457044
0.0,26,280516901,0.06461628107244206,1.0,1.0,174.60575298173353
0.0,27,205939248,0.07029005431788996,1.0,1.0,173.5175959765911
0.0,28,571904914,0.07398060443231332,1.0,1.0,175.6477240123786
0.0,29,948843457,0.0726811982670056,1.0,1.0,174.85178698552772
0.0,30,155492488,0.06740615301715147,1.0,1.0,174.50543801533058
0.0,31,1903701130,0.06148764271430582,1.0,1.0,174.63091301033273
0.0,32,1017961266,0.07053540816403898,1.0,1.0,175.13041599886492
0.0,33,1497769985,0.06211365801828925,1.0,1.0,175.2304660039954
0.0,34,456523489,0.06848955225056777,1.0,1.0,175.01929902937263
0.0,35,701095136,0.07938177436707727,1.0,1.0,175.07413000566885
0.0,36,249069576,0.07552284546944908,1.0,1.0,174.69125101342797
0.0,37,1576098728,0.0705865798230496,1.0,1.0,175.03622104413807
0.0,38,1662748500,0.07658586307256031,1.0,1.0,174.28697500145063
0.0,39,472736216,0.06891401494831868,1.0,1.0,83.15513900015503
0.0,40,1535411295,0.07248298553081814,1.0,1.0,83.27073598047718
0.0,41,175223003,0.0724221432577885,1.0,1.0,84.42151302006096
0.0,42,840936862,0.06857385603181451,1.0,1.0,83.23438797378913
0.0,43,343373188,0.06940415764875464,1.0,1.0,235.1981810061261
0.0,44,1597751082,0.068509059454508,1.0,1.0,243.61473397584632
0.0,45,730359585,0.06977270757472048,1.0,1.0,226.5488610137254
0.0,46,1016641002,0.07203982928929208,1.0,1.0,227.78271901188418
0.0,47,998994690,0.06810169427771126,1.0,1.0,236.97739298222587
0.0,48,1021240743,0.0728518894791394,1.0,1.0,241.05544399935752
0.0,49,572134801,0.07583730916385704,1.0,1.0,246.49091198807582
0.0,50,1198399760,0.07367553211385876,1.0,1.0,233.4151670220308
0.0,51,1751866485,0.07148791840742377,1.0,1.0,241.9951710035093
0.0,52,1070889713,0.07253918072939029,1.0,1.0,239.88931602798402
0.0,53,415096539,0.07423223279764946,1.0,1.0,197.22579297376797
0.0,54,52416235,0.07574450222518428,1.0,1.0,234.06765202526003
0.0,55,278032723,0.07368545996095242,1.0,1.0,240.37408496951684
0.0,56,174946158,0.07198125361953364,1.0,1.0,196.94689102470875
0.0,57,196848554,0.05401603665103201,1.0,1.0,240.40490196784958
0.0,58,263030910,0.0670002282576981,1.0,1.0,237.652433977928
0.0,59,1285415020,0.07827322370570823,1.0,1.0,157.6421609497629
0.0,60,1733223444,0.06530349485635213,1.0,1.0,249.93002804694697
0.0,61,1835544261,0.07365954408100883,1.0,1.0,233.46902703633532
0.0,62,1403186970,0.07430404727320161,1.0,1.0,157.54014503909275
0.0,63,1291971777,0.06531708200258088,1.0,1.0,222.5884419749491
0.0,64,712292067,0.07079208883291067,1.0,1.0,243.14576003234833
0.0,65,2001429764,0.06817945139156241,1.0,1.0,196.72719802474603
0.0,66,1375664061,0.07115045336804224,1.0,1.0,241.35337996995077
0.0,67,1556456120,0.07407263243679758,1.0,1.0,237.48885100940242
0.0,68,1576053187,0.0691088312460998,1.0,1.0,199.05962300254032
0.0,69,1848019881,0.07358269847064002,1.0,1.0,248.05457500042394
0.0,70,1508652585,0.06869491497967269,1.0,1.0,229.50195701560006
0.0,71,1995737731,0.07671868288766462,1.0,1.0,225.27289303252473
0.0,72,1162788447,0.07054749815826541,1.0,1.0,216.09474200522527
0.0,73,1172925522,0.07151286370459824,1.0,1.0,238.42125403461978
0.0,74,539174575,0.07271112572500657,1.0,1.0,215.9316370380111
0.0,75,2013637345,0.0664814623707861,1.0,1.0,157.5827479828149
0.0,76,1187468716,0.06661462877167756,1.0,1.0,243.14677604706958
0.0,77,1062978506,0.07678673503546718,1.0,1.0,239.2403610283509
0.0,78,679326770,0.06898607068997963,1.0,1.0,195.50328503828496
0.0,79,587923432,0.06951741354923249,1.0,1.0,223.87909999815747
0.0,80,1359889667,0.07544454555071213,1.0,1.0,238.3157709846273
0.0,81,970187386,0.06191092687084262,1.0,1.0,225.05601699231192
0.0,82,1219839873,0.07032145891250982,1.0,1.0,157.5618869974278
0.0,83,1428160212,0.06591002686202814,1.0,1.0,236.12066800706089
0.0,84,1930609499,0.07650443471714927,1.0,1.0,243.15317103173584
0.0,85,710582861,0.06985098996820313,1.0,1.0,199.08374000806361
0.0,86,1463614337,0.075426860983274,1.0,1.0,234.2115330393426
0.0,87,1940152705,0.07126412858774427,1.0,1.0,240.60962098883465
0.0,88,985452196,0.06986088107873586,1.0,1.0,228.793062036857
0.0,89,552062587,0.0692631753730272,1.0,1.0,157.76419901521876
0.0,90,623566272,0.06695242327333542,1.0,1.0,211.08668600209057
0.0,91,729775797,0.07126073899497887,1.0,1.0,239.28572400473058
0.0,92,1352536665,0.07543431863960545,1.0,1.0,236.93795804865658
0.0,93,555883440,0.07443567257230223,1.0,1.0,225.1616029534489
0.0,94,1801800003,0.0641110209950533,1.0,1.0,223.92443503485993
0.0,95,763315502,0.07005792222681588,1.0,1.0,241.38003401458263
0.0,96,138897982,0.06668563903201331,1.0,1.0,225.37421499146149
0.0,97,10785379,0.0639522759082742,1.0,1.0,218.76051899744198
0.0,98,53923185,0.0633327551855598,1.0,1.0,233.30829699989408
0.0,99,1349917978,0.06427597391562391,1.0,1.0,238.42824500752613
0.001,0,1501552845,0.07289593856675969,1.0,1.0,297.02594998525456
0.001,1,488200390,0.08157700168375931,0.0,0.0,171.5190929826349
0.001,2,1693606510,0.07601434125578664,1.0,1.0,172.32541198609397
0.001,3,680233354,0.08164280251685975,0.0,0.0,173.70024102274328
0.001,4,438466540,0.07740755012454809,1.0,1.0,174.9730470473878
0.001,5,1712329280,0.08200273651854947,0.0,0.0,172.10906697437167
0.001,6,1380152455,0.07872433400264497,1.0,1.0,174.96886500157416
0.001,7,1452245846,0.08196793077362699,0.0,0.0,174.91179099306464
0.001,8,2122694021,0.08495928101373439,0.0,0.0,175.12979201273993
0.001,9,839901363,0.08151749357197256,0.0,0.0,175.15177000313997
0.001,10,1802651552,0.07386017660565009,1.0,1.0,174.71174098318443
0.001,11,714712467,0.08124504494633779,0.0,0.0,175.73804402491078
0.001,12,1218704077,0.07335975773335002,1.0,1.0,175.5126949865371
0.001,13,1284858263,0.07661662222413348,1.0,1.0,174.49922300875187
0.001,14,457721135,0.07960131227428713,1.0,1.0,174.52231497736648
0.001,15,401008609,0.07650793478882506,1.0,1.0,173.7683400278911
0.001,16,492064534,0.07475798614126007,1.0,1.0,174.12520397920161
0.001,17,1444732602,0.0873370713850227,0.0,0.0,173.7906659836881
0.001,18,1317426686,0.06761903292262657,1.0,1.0,174.08994701690972
0.001,19,2022506251,0.08240865683507866,0.0,0.0,174.89289003424346
0.001,20,1516459118,0.07046456751669747,1.0,1.0,171.35719500947744
0.001,21,533103612,0.07424783102155437,1.0,1.0,175.17552903154865
0.001,22,1964759878,0.08330497427268867,0.0,0.0,174.3253049789928
0.001,23,2037706756,0.0772001177263726,1.0,1.0,174.96517102699727
0.001,24,1572889065,0.07332429066464526,1.0,1.0,175.28257495723665
0.001,25,1432881518,0.07964716973858858,1.0,1.0,174.35715498868376
0.001,26,280516901,0.07213292233166896,1.0,1.0,174.39215997001156
0.001,27,205939248,0.07709262810933429,1.0,1.0,173.37791598401964
0.001,28,571904914,0.07880827771554451,1.0,1.0,175.64632301218808
0.001,29,948843457,0.08045275183540107,0.0,0.0,175.41458300547674
0.001,30,155492488,0.0745284613561406,1.0,1.0,174.5103860157542
0.001,31,1903701130,0.06940012878441129,1.0,1.0,174.63601002236828
0.001,32,1017961266,0.07470266704004451,1.0,1.0,174.9511729576625
0.001,33,1497769985,0.08214826010509242,0.0,0.0,175.227437983267
0.001,34,456523489,0.07773966597160735,1.0,1.0,175.0060340273194
0.001,35,701095136,0.08657880490027647,0.0,0.0,174.72652602009475
0.001,36,249069576,0.07877855838223043,1.0,1.0,175.20398402120918
0.001,37,1576098728,0.07913118679748239,1.0,1.0,175.0545110553503
0.001,38,1662748500,0.0850956482893102,0.0,0.0,174.1442260099575
0.001,39,472736216,0.07898651118531089,1.0,1.0,83.1277510151267
0.001,40,1535411295,0.08014752815958848,0.0,0.0,83.23202095925808
0.001,41,175223003,0.08113193020952057,0.0,0.0,83.17247201921418
0.001,42,840936862,0.07634112575475012,1.0,1.0,83.19878805195913
0.001,43,343373188,0.08050997276790721,0.0,0.0,237.28487896732986
0.001,44,1597751082,0.07204464204905904,1.0,1.0,243.89520898694173
0.001,45,730359585,0.07567253971608001,1.0,1.0,221.02976200403646
0.001,46,1016641002,0.07991674787194965,1.0,1.0,228.08446100680158
0.001,47,998994690,0.07472581914548089,1.0,1.0,236.97647196240723
0.001,48,1021240743,0.07590663285981106,1.0,1.0,241.0650319652632
0.001,49,572134801,0.08047137065440053,0.0,0.0,242.1200120006688
0.001,50,1198399760,0.07669690591325427,1.0,1.0,233.36959799053147
0.001,51,1751866485,0.08174165991965925,0.0,0.0,242.12907697074115
0.001,52,1070889713,0.07919092487178153,1.0,1.0,241.79993895813823
0.001,53,415096539,0.07766667186345409,1.0,1.0,197.7748129866086
0.001,54,52416235,0.085077761732651,0.0,0.0,239.1592730418779
0.001,55,278032723,0.07941526415053793,1.0,1.0,240.3646659804508
0.001,56,174946158,0.07705337895970203,1.0,1.0,196.47312100278214
0.001,57,196848554,0.06807918470071408,1.0,1.0,240.35592301515862
0.001,58,263030910,0.07270114306689299,1.0,1.0,237.60735598625615
0.001,59,1285415020,0.08371475904749796,0.0,0.0,157.58169704349712
0.001,60,1733223444,0.07147690628280824,1.0,1.0,249.8193479841575
0.001,61,1835544261,0.08056532802915814,0.0,0.0,233.4873199579306
0.001,62,1403186970,0.08011592758739562,0.0,0.0,157.5486149522476
0.001,63,1291971777,0.07752517685588568,1.0,1.0,223.74401398701593
0.001,64,712292067,0.07918883090364863,1.0,1.0,243.22153598768637
0.001,65,2001429764,0.07432791300509742,1.0,1.0,197.73460400756449
0.001,66,1375664061,0.08019341605439918,0.0,0.0,241.788613027893
0.001,67,1556456120,0.0806852776609635,0.0,0.0,237.93999396730214
0.001,68,1576053187,0.0750355883858961,1.0,1.0,199.3462880491279
0.001,69,1848019881,0.08041543381549285,0.0,0.0,248.8707680022344
0.001,70,1508652585,0.07210008905504522,1.0,1.0,230.43881700141355
0.001,71,1995737731,0.08269819645175677,0.0,0.0,225.3873769659549
0.001,72,1162788447,0.07712636774071453,1.0,1.0,215.60811600647867
0.001,73,1172925522,0.07949693005476291,1.0,1.0,238.96515398519114
0.001,74,539174575,0.07742236050989389,1.0,1.0,220.04124004160985
0.001,75,2013637345,0.07336720597093914,1.0,1.0,157.7070250059478
0.001,76,1187468716,0.07369927000614439,1.0,1.0,243.8468339969404
0.001,77,1062978506,0.07966795633542305,1.0,1.0,240.16424000728875
0.001,78,679326770,0.0772756833096393,1.0,1.0,195.5990350106731
0.001,79,587923432,0.07582684940204741,1.0,1.0,226.08717699768022
0.001,80,1359889667,0.08742712201334557,0.0,0.0,238.0231450079009
0.001,81,970187386,0.07098552247012141,1.0,1.0,225.09972599800676
0.001,82,1219839873,0.07828821700850631,1.0,1.0,157.59113401873037
0.001,83,1428160212,0.07623699781932711,1.0,1.0,239.39266498200595
0.001,84,1930609499,0.08495878281829082,0.0,0.0,243.12644300516695
0.001,85,710582861,0.0749132785349555,1.0,1.0,198.17399798193946
0.001,86,1463614337,0.0761023377314394,1.0,1.0,236.95913498522714
0.001,87,1940152705,0.08095827555056256,0.0,0.0,240.62877101823688
0.001,88,985452196,0.07920471375644442,1.0,1.0,228.8190730032511
0.001,89,552062587,0.07915602375011502,1.0,1.0,157.4922379804775
0.001,90,623566272,0.07362687831827239,1.0,1.0,212.13554200949147
0.001,91,729775797,0.07953792297216127,1.0,1.0,240.06261205067858
0.001,92,1352536665,0.08690818335233208,0.0,0.0,239.10583299584687
0.001,93,555883440,0.08572126870182495,0.0,0.0,212.41848298814148
0.001,94,1801800003,0.07225577289943869,1.0,1.0,227.22440800862387
0.001,95,763315502,0.07551651711045436,1.0,1.0,242.04624502453953
0.001,96,138897982,0.07590350997845624,1.0,1.0,227.6046039769426
0.001,97,10785379,0.07184522749516246,1.0,1.0,224.92888796841726
0.001,98,53923185,0.06881285063949064,1.0,1.0,237.3552920180373
0.001,99,1349917978,0.07422472306718922,1.0,1.0,238.43876499449834
0.0015,0,1501552845,0.07880565781031634,1.0,1.0,323.9437890006229
0.0015,1,488200390,0.08109739869287756,0.0,0.0,171.48596997139975
0.0015,2,1693606510,0.0796505020381618,1.0,1.0,172.35302203334868
0.0015,3,680233354,0.08705322649189519,0.0,0.0,173.71811397606507
0.0015,4,438466540,0.08209634407521775,0.0,0.0,174.96099299751222
0.0015,5,1712329280,0.08626257236036469,0.0,0.0,172.1560790319927
0.0015,6,1380152455,0.0801327224566126,0.0,0.0,174.9380849651061
0.0015,7,1452245846,0.08573949188442608,0.0,0.0,174.51290803728625
0.0015,8,2122694021,0.0809519854432298,0.0,0.0,175.11839902726933
0.0015,9,839901363,0.08477266557684225,0.0,0.0,175.3626250429079
0.0015,10,1802651552,0.0775985818396103,1.0,1.0,174.16907200822607
0.0015,11,714712467,0.08322045576041077,0.0,0.0,175.68110098363832
0.0015,12,1218704077,0.08168739615274123,0.0,0.0,175.73243199149147
0.0015,13,1284858263,0.08075613136094369,0.0,0.0,174.51183800585568
0.0015,14,457721135,0.08223357052754306,0.0,0.0,174.5248850202188
0.0015,15,401008609,0.08260879184579924,0.0,0.0,173.76791196875274
0.0015,16,492064534,0.07624841350345726,1.0,1.0,174.13052404299378
0.0015,17,1444732602,0.09079790537255533,0.0,0.0,173.8108480349183
0.0015,18,1317426686,0.07203622009935368,1.0,1.0,174.11906499182805
0.0015,19,2022506251,0.08844812780210867,0.0,0.0,174.89082599058747
0.0015,20,1516459118,0.0747213565407242,1.0,1.0,171.84084298787639
0.0015,21,533103612,0.07663779336358445,1.0,1.0,175.14902603579685
0.0015,22,1964759878,0.08773263904606789,0.0,0.0,174.30295702069998
0.0015,23,2037706756,0.08094009253248215,0.0,0.0,175.00150902196765
0.0015,24,1572889065,0.07762877594992372,1.0,1.0,175.2681570360437
0.0015,25,1432881518,0.08442013749103439,0.0,0.0,174.74334401777014
0.0015,26,280516901,0.07628385741447888,1.0,1.0,174.6570430113934
0.0015,27,205939248,0.07577082951791889,1.0,1.0,173.62442397279665
0.0015,28,571904914,0.08310774872263406,0.0,0.0,175.55132100824267
0.0015,29,948843457,0.08147354352837571,0.0,0.0,174.94538897881284
0.0015,30,155492488,0.07948256221010863,1.0,1.0,174.95063302339986
0.0015,31,1903701130,0.06993938231666375,1.0,1.0,174.75477396510541
0.0015,32,1017961266,0.08047842601496621,0.0,0.0,175.14253099216148
0.0015,33,1497769985,0.0763299020966522,1.0,1.0,175.23028695723042
0.0015,34,456523489,0.0819121457953182,0.0,0.0,175.15132302651182
0.0015,35,701095136,0.08797091457512365,0.0,0.0,174.7580340015702
0.0015,36,249069576,0.08409607716838458,0.0,0.0,175.101802975405
0.0015,37,1576098728,0.08141426187191673,0.0,0.0,175.08661397732794
0.0015,38,1662748500,0.0884343960603814,0.0,0.0,174.16153399972245
0.0015,39,472736216,0.08431734241103975,0.0,0.0,83.12439796281978
0.0015,40,1535411295,0.07959300555138783,1.0,1.0,86.10238303663209
0.0015,41,175223003,0.08476294665023001,0.0,0.0,83.1890549743548
0.0015,42,840936862,0.0798154944114291,1.0,1.0,83.11187801882625
0.0015,43,343373188,0.083153619590178,0.0,0.0,237.30849102139473
0.0015,44,1597751082,0.07698079562326059,1.0,1.0,244.1548680071719
0.0015,45,730359585,0.08024630300058352,0.0,0.0,221.01930296048522
0.0015,46,1016641002,0.08288611005545772,0.0,0.0,229.69268297310919
0.0015,47,998994690,0.0770919494071453,1.0,1.0,239.20283501502126
0.0015,48,1021240743,0.07946010398307422,1.0,1.0,241.07218702556565
0.0015,49,572134801,0.08281885322945848,0.0,0.0,242.14581499109045
0.0015,50,1198399760,0.08249287666427649,0.0,0.0,233.39204798685387
0.0015,51,1751866485,0.08568522766892596,0.0,0.0,242.30771901784465
0.0015,52,1070889713,0.08207642356687063,0.0,0.0,241.8371219537221
0.0015,53,415096539,0.08154813808596162,0.0,0.0,197.8040459798649
0.0015,54,52416235,0.08950342248139334,0.0,0.0,239.15868799667805
0.0015,55,278032723,0.0811674436044562,0.0,0.0,240.01495499396697
0.0015,56,174946158,0.08205209531568759,0.0,0.0,196.88483799109235
0.0015,57,196848554,0.07562996811819293,1.0,1.0,240.40320300264284
0.0015,58,263030910,0.07552175796553275,1.0,1.0,237.63658798998222
0.0015,59,1285415020,0.08981818287622226,0.0,0.0,157.59955398971215
0.0015,60,1733223444,0.07460843412324644,1.0,1.0,249.81855205260217
0.0015,61,1835544261,0.08455454347898181,0.0,0.0,233.47920895321295
0.0015,62,1403186970,0.0864054535759074,0.0,0.0,157.5655229971744
0.0015,63,1291971777,0.08062008807276932,0.0,0.0,223.74583198688924
0.0015,64,712292067,0.08366363210726044,0.0,0.0,243.22426598519087
0.0015,65,2001429764,0.08035862273556474,0.0,0.0,197.77451799018309
0.0015,66,1375664061,0.08437031384558402,0.0,0.0,242.2454750048928
0.0015,67,1556456120,0.08554240280664968,0.0,0.0,237.9746829974465
0.0015,68,1576053187,0.08363407994346016,0.0,0.0,199.35919396812096
0.0015,69,1848019881,0.08481273753810148,0.0,0.0,248.87552799191326
0.0015,70,1508652585,0.07388864059326429,1.0,1.0,230.48001702409238
0.0015,71,1995737731,0.08885919525889613,0.0,0.0,225.40646803099662
0.0015,72,1162788447,0.08125375232290341,0.0,0.0,215.6223080237396
0.0015,73,1172925522,0.08828531542347898,0.0,0.0,238.95191395422444
0.0015,74,539174575,0.0802065733131404,0.0,0.0,220.4817399615422
0.0015,75,2013637345,0.07598525902047458,1.0,1.0,157.69893600372598
0.0015,76,1187468716,0.07576102293137653,1.0,1.0,243.84579702746123
0.0015,77,1062978506,0.08163284623209009,0.0,0.0,240.1387239806354
0.0015,78,679326770,0.08061404530592553,0.0,0.0,195.5906889634207
0.0015,79,587923432,0.08118060090072655,0.0,0.0,226.1024049948901
0.0015,80,1359889667,0.08915281685833497,0.0,0.0,238.00713499076664
0.0015,81,970187386,0.0749378108724464,1.0,1.0,225.03327997401357
0.0015,82,1219839873,0.08227347330125322,0.0,0.0,157.60890097590163
0.0015,83,1428160212,0.08246804406455151,0.0,0.0,239.39871898619458
0.0015,84,1930609499,0.08812152717610733,0.0,0.0,244.033541996032
0.0015,85,710582861,0.08173544947272228,0.0,0.0,198.15914798527956
0.0015,86,1463614337,0.08034653868734559,0.0,0.0,236.9662540149875
0.0015,87,1940152705,0.07720418541939968,1.0,1.0,240.61747698578984
0.0015,88,985452196,0.08399994256881112,0.0,0.0,228.8404279970564
0.0015,89,552062587,0.08352155227146416,0.0,0.0,157.50183101044968
0.0015,90,623566272,0.07982214518239492,1.0,1.0,212.18569297343493
0.0015,91,729775797,0.08612546822559101,0.0,0.0,240.3775620041415
0.0015,92,1352536665,0.0801005763166444,0.0,0.0,239.13984594400972
0.0015,93,555883440,0.08927932492344093,0.0,0.0,212.44222403038293
0.0015,94,1801800003,0.07646089728889155,1.0,1.0,227.2324090008624
0.0015,95,763315502,0.07916007158691116,1.0,1.0,241.81343097006902
0.0015,96,138897982,0.08450562491651017,0.0,0.0,227.60377899976447
0.0015,97,10785379,0.0746462529107513,1.0,1.0,224.9721339903772
0.0015,98,53923185,0.0747204297564666,1.0,1.0,237.3584220185876
0.0015,99,1349917978,0.07673870040463651,1.0,1.0,238.15794801339507
0.0025,0,1501552845,0.08529133761400044,0.0,0.0,235.59261596528813
0.0025,1,488200390,0.08542391682609948,0.0,0.0,220.0382410082966
0.0025,2,1693606510,0.08591875470381469,0.0,0.0,221.64219699334353
0.0025,3,680233354,0.0907580160179034,0.0,0.0,238.85454999981448
0.0025,4,438466540,0.08866576434596211,0.0,0.0,238.55288297636434
0.0025,5,1712329280,0.09108769393218506,0.0,0.0,232.80264798086137
0.0025,6,1380152455,0.08896638593391891,0.0,0.0,241.42391595523804
0.0025,7,1452245846,0.09122088188530289,0.0,0.0,224.68787402613088
0.0025,8,2122694021,0.09045493139127966,0.0,0.0,229.23045296920463
0.0025,9,839901363,0.08860952488337018,0.0,0.0,235.09572498733178
0.0025,10,1802651552,0.08501117128480126,0.0,0.0,242.02759697800502
0.0025,11,714712467,0.0921627587344107,0.0,0.0,233.15498599549755
0.0025,12,1218704077,0.08866864458425809,0.0,0.0,232.76992497267202
0.0025,13,1284858263,0.08794853036124886,0.0,0.0,238.05094696581364
0.0025,14,457721135,0.093107802391489,0.0,0.0,217.78013097355142
0.0025,15,401008609,0.08956935249337149,0.0,0.0,225.36754701286554
0.0025,16,492064534,0.08272650330889778,0.0,0.0,230.6748729897663
0.0025,17,1444732602,0.09631671969945294,0.0,0.0,246.29538599401712
0.0025,18,1317426686,0.08091902572942498,0.0,0.0,236.45814799237996
0.0025,19,2022506251,0.09355251079392689,0.0,0.0,231.53603001264855
0.0025,20,1516459118,0.08182429273120229,0.0,0.0,230.00027402304113
0.0025,21,533103612,0.08277614834184077,0.0,0.0,220.53286497248337
0.0025,22,1964759878,0.09531559404222323,0.0,0.0,239.875785948243
0.0025,23,2037706756,0.08964143219938271,0.0,0.0,239.31850597728044
0.0025,24,1572889065,0.08536647280576042,0.0,0.0,234.41755899693817
0.0025,25,1432881518,0.09400811135866166,0.0,0.0,242.07071302225813
0.0025,26,280516901,0.08452334427197664,0.0,0.0,233.5021360195242
0.0025,27,205939248,0.0825307479375056,0.0,0.0,237.35499300528318
0.0025,28,571904914,0.09114102140959311,0.0,0.0,235.540552996099
0.0025,29,948843457,0.09055570188213483,0.0,0.0,218.2572849560529
0.0025,30,155492488,0.08742799462734499,0.0,0.0,221.86950000468642
0.0025,31,1903701130,0.08195580457339627,0.0,0.0,217.55224600201473
0.0025,32,1017961266,0.08661385853574569,0.0,0.0,203.99596699280664
0.0025,33,1497769985,0.08428670715766975,0.0,0.0,235.48757197568193
0.0025,34,456523489,0.0899086219438614,0.0,0.0,239.02213998371735
0.0025,35,701095136,0.09614351201426714,0.0,0.0,215.93942103208974
0.0025,36,249069576,0.09294975872311664,0.0,0.0,230.22442200453952
0.0025,37,1576098728,0.09121514671743734,0.0,0.0,227.57313103647903
0.0025,38,1662748500,0.09459889399414818,0.0,0.0,230.52380996523425
0.0025,39,472736216,0.09107398534566064,0.0,0.0,237.39282798487693
0.0025,40,1535411295,0.08989319225111064,0.0,0.0,235.9429820207879
0.0025,41,175223003,0.09325619459874585,0.0,0.0,229.49166997568682
0.0025,42,840936862,0.08823081274721684,0.0,0.0,238.14080900046974
0.0025,43,343373188,0.08964716853309375,0.0,0.0,208.72662001056597
0.0025,44,1597751082,0.08322058161539625,0.0,0.0,217.1518729883246
0.0025,45,730359585,0.08641356368438306,0.0,0.0,228.61092298990116
0.0025,46,1016641002,0.09311489314481823,0.0,0.0,240.30004197265953
0.0025,47,998994690,0.089849107128295,0.0,0.0,228.000572999008
0.0025,48,1021240743,0.08667852268553151,0.0,0.0,220.43783398112282
0.0025,49,572134801,0.09081705461442356,0.0,0.0,213.16239901352674
0.0025,50,1198399760,0.08863214550772387,0.0,0.0,238.94423799356446
0.0025,51,1751866485,0.09190817999183268,0.0,0.0,229.75880705052987
0.0025,52,1070889713,0.08917770648948128,0.0,0.0,219.57723796367645
0.0025,53,415096539,0.09057599744634073,0.0,0.0,238.81095403339714
0.0025,54,52416235,0.0947190634941876,0.0,0.0,227.6210929849185
0.0025,55,278032723,0.08509397204616681,0.0,0.0,241.8883399805054
0.0025,56,174946158,0.0936723336362139,0.0,0.0,239.82747102854773
0.0025,57,196848554,0.08110976820351751,0.0,0.0,240.04049901850522
0.0025,58,263030910,0.0793527974464462,1.0,1.0,240.26002996833995
0.0025,59,1285415020,0.09720197892867491,0.0,0.0,232.06101305549964
0.0025,60,1733223444,0.08008233362753904,0.0,0.0,238.25887101702392
0.0025,61,1835544261,0.09169888188351726,0.0,0.0,237.18817997723818
0.0025,62,1403186970,0.0924590564804231,0.0,0.0,240.169266005978
0.0025,63,1291971777,0.08739966041884824,0.0,0.0,229.65623199706897
0.0025,64,712292067,0.08981915710232521,0.0,0.0,234.51570502948016
0.0025,65,2001429764,0.08768008097433727,0.0,0.0,237.09550098283216
0.0025,66,1375664061,0.09176909969022218,0.0,0.0,229.11571897566319
0.0025,67,1556456120,0.0873209351688849,0.0,0.0,235.11109896935523
0.0025,68,1576053187,0.08522555038087996,0.0,0.0,235.50653498386964
0.0025,69,1848019881,0.09248223248386277,0.0,0.0,229.0453299647197
0.0025,70,1508652585,0.08156215161837022,0.0,0.0,233.83279598783702
0.0025,71,1995737731,0.09491622155981588,0.0,0.0,230.35005200654268
0.0025,72,1162788447,0.08767424342565114,0.0,0.0,243.2512789964676
0.0025,73,1172925522,0.09151243177716523,0.0,0.0,229.1463309666142
0.0025,74,539174575,0.08766026555437995,0.0,0.0,231.69695999240503
0.0025,75,2013637345,0.0860859585236672,0.0,0.0,238.9882419956848
0.0025,76,1187468716,0.09307374656874756,0.0,0.0,238.65871195448563
0.0025,77,1062978506,0.08900487241127823,0.0,0.0,235.21759698633105
0.0025,78,679326770,0.08740049039751363,0.0,0.0,83.22343800682575
0.0025,79,587923432,0.08800831106011568,0.0,0.0,83.19963898975402
0.0025,80,1359889667,0.08990127318145189,0.0,0.0,83.21606402751058
0.0025,81,970187386,0.08449343380907115,0.0,0.0,83.24072498362511
0.0025,82,1219839873,0.08843581164842329,0.0,0.0,285.12878803303465
0.0025,83,1428160212,0.09089024899598674,0.0,0.0,307.53897002432495
0.0025,84,1930609499,0.09537344989672215,0.0,0.0,310.00049895374104
0.0025,85,710582861,0.08699539865408273,0.0,0.0,311.14524602890015
0.0025,86,1463614337,0.08728928830419384,0.0,0.0,308.05808800505474
0.0025,87,1940152705,0.08313974274251065,0.0,0.0,305.4497590055689
0.0025,88,985452196,0.0896184893109953,0.0,0.0,340.49092303030193
0.0025,89,552062587,0.0859097933199502,0.0,0.0,340.73202998843044
0.0025,90,623566272,0.08346398067221258,0.0,0.0,340.69357300177217
0.0025,91,729775797,0.09330878501527894,0.0,0.0,342.0209170435555
0.0025,92,1352536665,0.08594143333548607,0.0,0.0,340.8928040298633
0.0025,93,555883440,0.09880397951115677,0.0,0.0,342.79145899927244
0.0025,94,1801800003,0.0797208056995137,1.0,1.0,340.66336299292743
0.0025,95,763315502,0.08883500004201286,0.0,0.0,340.61099600512534
0.0025,96,138897982,0.08896762124237725,0.0,0.0,340.5731900129467
0.0025,97,10785379,0.0819666623673377,0.0,0.0,340.5911009758711
0.0025,98,53923185,0.08277521085730986,0.0,0.0,341.62814298179
0.0025,99,1349917978,0.08213245636615364,0.0,0.0,342.548827000428
0.003,0,1501552845,0.08808497380090463,0.0,0.0,235.53338699275628
0.003,1,488200390,0.090287482254933,0.0,0.0,219.98968697153032
0.003,2,1693606510,0.0889565922170427,0.0,0.0,220.01930401893333
0.003,3,680233354,0.09609016926687516,0.0,0.0,238.85985102970153
0.003,4,438466540,0.09150459761048439,0.0,0.0,239.63247099891305
0.003,5,1712329280,0.09367333550822163,0.0,0.0,235.39575701579452
0.003,6,1380152455,0.09118413784973133,0.0,0.0,241.42851098440588
0.003,7,1452245846,0.09338166858323985,0.0,0.0,227.30886697536334
0.003,8,2122694021,0.08829849176444886,0.0,0.0,229.2170730070211
0.003,9,839901363,0.08678943814329902,0.0,0.0,231.60877299960703
0.003,10,1802651552,0.08801348102746794,0.0,0.0,241.4974420098588
0.003,11,714712467,0.09265644379282108,0.0,0.0,234.8679869901389
0.003,12,1218704077,0.09171045953724358,0.0,0.0,232.77003900147974
0.003,13,1284858263,0.0910472608860736,0.0,0.0,238.02879999857396
0.003,14,457721135,0.09256155670543978,0.0,0.0,224.89804698852822
0.003,15,401008609,0.0927251543619779,0.0,0.0,224.06734700780362
0.003,16,492064534,0.08588036886682449,0.0,0.0,234.57595298532397
0.003,17,1444732602,0.09906396624218382,0.0,0.0,246.263975976035
0.003,18,1317426686,0.08454729212143901,0.0,0.0,236.4545040181838
0.003,19,2022506251,0.09576615631298264,0.0,0.0,231.4865819644183
0.003,20,1516459118,0.0861025988060975,0.0,0.0,231.30355402827263
0.003,21,533103612,0.08681974354569921,0.0,0.0,225.31867597717792
0.003,22,1964759878,0.09496843534729153,0.0,0.0,240.31216005096212
0.003,23,2037706756,0.09122157509504783,0.0,0.0,240.16003898577765
0.003,24,1572889065,0.08904906296652994,0.0,0.0,232.22978902049363
0.003,25,1432881518,0.09890878740288175,0.0,0.0,241.99939897516742
0.003,26,280516901,0.08745617219265615,0.0,0.0,231.35030100820586
0.003,27,205939248,0.08560805964844223,0.0,0.0,239.64612802956253
0.003,28,571904914,0.09377246808642807,0.0,0.0,234.5774659770541
0.003,29,948843457,0.09274375118664267,0.0,0.0,222.34908596146852
0.003,30,155492488,0.09026859490341926,0.0,0.0,223.55305100791156
0.003,31,1903701130,0.0857118914158309,0.0,0.0,216.7779339943081
0.003,32,1017961266,0.085068863290298,0.0,0.0,205.08250396233052
0.003,33,1497769985,0.08640319378137516,0.0,0.0,231.0013149981387
0.003,34,456523489,0.09350001678000121,0.0,0.0,239.66242000460625
0.003,35,701095136,0.09607688795149448,0.0,0.0,218.2810019585304
0.003,36,249069576,0.09601358596173663,0.0,0.0,232.22409503068775
0.003,37,1576098728,0.08752303877715709,0.0,0.0,221.95385000668466
0.003,38,1662748500,0.0968747663717885,0.0,0.0,230.52422201726586
0.003,39,472736216,0.0938252435361308,0.0,0.0,236.39303597155958
0.003,40,1535411295,0.09212358555154575,0.0,0.0,235.7293979730457
0.003,41,175223003,0.09470518563692891,0.0,0.0,232.73833899293095
0.003,42,840936862,0.08981861402231554,0.0,0.0,238.89814701396972
0.003,43,343373188,0.0924382143240094,0.0,0.0,208.69482803391293
0.003,44,1597751082,0.08739893392774983,0.0,0.0,216.384741012007
0.003,45,730359585,0.09057008872430913,0.0,0.0,228.89260499505326
0.003,46,1016641002,0.09730675642257876,0.0,0.0,240.30699202558026
0.003,47,998994690,0.09047312870064286,0.0,0.0,227.97263698885217
0.003,48,1021240743,0.08998784615015372,0.0,0.0,221.04645398212597
0.003,49,572134801,0.09540886418274278,0.0,0.0,213.18384702317417
0.003,50,1198399760,0.0910264587261033,0.0,0.0,235.7782989856787
0.003,51,1751866485,0.09398530609995027,0.0,0.0,229.77035102667287
0.003,52,1070889713,0.09244469779298553,0.0,0.0,219.6160849998705
0.003,53,415096539,0.09359895179649924,0.0,0.0,239.44696102989838
0.003,54,52416235,0.09549328485578912,0.0,0.0,227.98836696892977
0.003,55,278032723,0.08913726703755236,0.0,0.0,241.86832597479224
0.003,56,174946158,0.0960193326275368,0.0,0.0,240.76182302087545
0.003,57,196848554,0.08530256467846066,0.0,0.0,238.5823850054294
0.003,58,263030910,0.08718767484834054,0.0,0.0,240.22377200890332
0.003,59,1285415020,0.0974989845213739,0.0,0.0,235.70707498583943
0.003,60,1733223444,0.08264871318319655,0.0,0.0,238.77121100667864
0.003,61,1835544261,0.09415828517230905,0.0,0.0,237.55027097649872
0.003,62,1403186970,0.0963882390818344,0.0,0.0,240.1764400419779
0.003,63,1291971777,0.09078229559285084,0.0,0.0,232.38879803102463
0.003,64,712292067,0.09195082504133131,0.0,0.0,234.01317099342123
0.003,65,2001429764,0.0907498657605237,0.0,0.0,237.53429600037634
0.003,66,1375664061,0.09555584408998238,0.0,0.0,229.1238540201448
0.003,67,1556456120,0.09526240734497228,0.0,0.0,235.83136399975047
0.003,68,1576053187,0.08912849769763416,0.0,0.0,234.8504569963552
0.003,69,1848019881,0.09430161012608328,0.0,0.0,229.01098895817995
0.003,70,1508652585,0.08448996811342893,0.0,0.0,234.42594398511574
0.003,71,1995737731,0.0970051934653468,0.0,0.0,230.3295750170946
0.003,72,1162788447,0.08909084257204346,0.0,0.0,246.39430397655815
0.003,73,1172925522,0.09518212383912482,0.0,0.0,228.6597840138711
0.003,74,539174575,0.09335552831141654,0.0,0.0,233.60333900200203
0.003,75,2013637345,0.09005808012449518,0.0,0.0,239.4259430002421
0.003,76,1187468716,0.09658517476804675,0.0,0.0,238.63906500628218
0.003,77,1062978506,0.08894753174030476,0.0,0.0,235.39114301092923
0.003,78,679326770,0.08966278315393547,0.0,0.0,83.26394396135584
0.003,79,587923432,0.09071888486388706,0.0,0.0,83.23812601156533
0.003,80,1359889667,0.08970239753907573,0.0,0.0,83.17445899592713
0.003,81,970187386,0.08741369270631386,0.0,0.0,83.2209070213139
0.003,82,1219839873,0.09161389610368093,0.0,0.0,284.8115590168163
0.003,83,1428160212,0.09355189415175959,0.0,0.0,308.40986798284575
0.003,84,1930609499,0.09858937770673556,0.0,0.0,309.4852290232666
0.003,85,710582861,0.08979585082160495,0.0,0.0,305.97245204262435
0.003,86,1463614337,0.08957320349541899,0.0,0.0,308.1491650082171
0.003,87,1940152705,0.08477755905423545,0.0,0.0,310.9590989770368
0.003,88,985452196,0.0889311760301233,0.0,0.0,340.53147200029343
0.003,89,552062587,0.08827146158182057,0.0,0.0,340.5837130267173
0.003,90,623566272,0.08937292955965676,0.0,0.0,341.3564919610508
0.003,91,729775797,0.09533596939070059,0.0,0.0,340.47762799309567
0.003,92,1352536665,0.08803646959440584,0.0,0.0,340.9526550094597
0.003,93,555883440,0.09540316427885874,0.0,0.0,342.93425496434793
0.003,94,1801800003,0.08547724424524768,0.0,0.0,340.5295300181024
0.003,95,763315502,0.09203469086342106,0.0,0.0,340.898843947798
0.003,96,138897982,0.0898791293349818,0.0,0.0,340.5517559731379
0.003,97,10785379,0.08337098398135002,0.0,0.0,340.5898589990102
0.003,98,53923185,0.0863945489666048,0.0,0.0,340.2930579613894
0.003,99,1349917978,0.08689095177347307,0.0,0.0,341.4027389953844
0.0035,0,1501552845,0.0895473670749564,0.0,0.0,235.2357609779574
0.0035,1,488200390,0.09241232099797313,0.0,0.0,220.028052048292
0.0035,2,1693606510,0.09043045615716075,0.0,0.0,219.9521340080537
0.0035,3,680233354,0.09741266803428214,0.0,0.0,238.49215201335028
0.0035,4,438466540,0.09375050537342534,0.0,0.0,238.5840509668924
0.0035,5,1712329280,0.09671795655836214,0.0,0.0,232.8261150396429
0.0035,6,1380152455,0.09381053568649902,0.0,0.0,241.45310802850872
0.0035,7,1452245846,0.09612853693774061,0.0,0.0,227.81156201381236
0.0035,8,2122694021,0.09307589473223753,0.0,0.0,226.4553499990143
0.0035,9,839901363,0.08715596856562888,0.0,0.0,229.4843809795566
0.0035,10,1802651552,0.08587884396924335,0.0,0.0,242.01592500321567
0.0035,11,714712467,0.09269666620892457,0.0,0.0,233.19461196660995
0.0035,12,1218704077,0.09333052571568584,0.0,0.0,232.59917402174324
0.0035,13,1284858263,0.0930898709398378,0.0,0.0,238.03646699525416
0.0035,14,457721135,0.09487270721188035,0.0,0.0,221.35943901957944
0.0035,15,401008609,0.09485282745103306,0.0,0.0,224.04763399390504
0.0035,16,492064534,0.08882457392308332,0.0,0.0,234.5890500000678
0.0035,17,1444732602,0.10461695982424384,0.0,0.0,246.30807200446725
0.0035,18,1317426686,0.08729612698916711,0.0,0.0,232.81166597735137
0.0035,19,2022506251,0.09617090932392565,0.0,0.0,231.53269500471652
0.0035,20,1516459118,0.08506982034929107,0.0,0.0,231.8155980319716
0.0035,21,533103612,0.08587850747393298,0.0,0.0,225.3433230216615
0.0035,22,1964759878,0.09537713998123744,0.0,0.0,240.0608909665607
0.0035,23,2037706756,0.09316522965323094,0.0,0.0,239.4566839793697
0.0035,24,1572889065,0.09300551247374485,0.0,0.0,230.0519549753517
0.0035,25,1432881518,0.1020975351967105,0.0,0.0,241.53379298513755
0.0035,26,280516901,0.09014410477528352,0.0,0.0,229.09244301263243
0.0035,27,205939248,0.0882227003087742,0.0,0.0,239.6502519841306
0.0035,28,571904914,0.09775637746358534,0.0,0.0,231.53267800807953
0.0035,29,948843457,0.0971966839627192,0.0,0.0,222.36853797221556
0.0035,30,155492488,0.09239248392317984,0.0,0.0,223.62250299192965
0.0035,31,1903701130,0.08818120252870969,0.0,0.0,217.5717240315862
0.0035,32,1017961266,0.08467995190648706,0.0,0.0,205.06909198593348
0.0035,33,1497769985,0.09813834349581094,0.0,0.0,235.11658405186608
0.0035,34,456523489,0.09379932775039754,0.0,0.0,238.67792898090556
0.0035,35,701095136,0.1007321705774267,0.0,0.0,219.60612799739465
0.0035,36,249069576,0.09678065597289065,0.0,0.0,232.18248900957406
0.0035,37,1576098728,0.09582708849767035,0.0,0.0,219.67096498701721
0.0035,38,1662748500,0.09765874274909025,0.0,0.0,231.21885198634118
0.0035,39,472736216,0.09389805403418752,0.0,0.0,238.93561901059002
0.0035,40,1535411295,0.09456436273852638,0.0,0.0,235.41642603231594
0.0035,41,175223003,0.09504574905009595,0.0,0.0,233.92540903296322
0.0035,42,840936862,0.09104903081038332,0.0,0.0,239.4448730046861
0.0035,43,343373188,0.09373013877699926,0.0,0.0,210.2889139787294
0.0035,44,1597751082,0.09199036346248428,0.0,0.0,219.02353398036212
0.0035,45,730359585,0.09026766576882624,0.0,0.0,231.45098699023947
0.0035,46,1016641002,0.10004725295962046,0.0,0.0,240.3625639853999
0.0035,47,998994690,0.0915660099531484,0.0,0.0,228.0088149709627
0.0035,48,1021240743,0.09151672167955988,0.0,0.0,223.97403698414564
0.0035,49,572134801,0.09778986942038755,0.0,0.0,213.69288302958012
0.0035,50,1198399760,0.09167584864498783,0.0,0.0,235.76129699358717
0.0035,51,1751866485,0.08725511390205255,0.0,0.0,231.0947380028665
0.0035,52,1070889713,0.0959929321101381,0.0,0.0,219.63118197163567
0.0035,53,415096539,0.09540845876855648,0.0,0.0,239.4828440155834
0.0035,54,52416235,0.09468481343877608,0.0,0.0,228.77617698395625
0.0035,55,278032723,0.09319702796749715,0.0,0.0,241.9023829861544
0.0035,56,174946158,0.09648973301703782,0.0,0.0,240.79283099854365
0.0035,57,196848554,0.08807796802202053,0.0,0.0,240.14390801312402
0.0035,58,263030910,0.07889574930410904,1.0,1.0,240.2684580301866
0.0035,59,1285415020,0.09656917215402948,0.0,0.0,235.6090660323389
0.0035,60,1733223444,0.08237178610142491,0.0,0.0,238.84389002341777
0.0035,61,1835544261,0.0959872287571661,0.0,0.0,239.1773569979705
0.0035,62,1403186970,0.09801613535028798,0.0,0.0,240.26773299556226
0.0035,63,1291971777,0.09422612134991237,0.0,0.0,232.3864350328222
0.0035,64,712292067,0.0941864842220573,0.0,0.0,234.54051796579733
0.0035,65,2001429764,0.09235823153686908,0.0,0.0,238.96063800202683
0.0035,66,1375664061,0.09839336191658342,0.0,0.0,229.16633397107944
0.0035,67,1556456120,0.09565377111401135,0.0,0.0,235.17627402907237
0.0035,68,1576053187,0.09394024262660332,0.0,0.0,234.88204198656604
0.0035,69,1848019881,0.09603826437589542,0.0,0.0,229.048433015123
0.0035,70,1508652585,0.08729912444879709,0.0,0.0,234.55878999084234
0.0035,71,1995737731,0.09885276040963006,0.0,0.0,232.80934197828174
0.0035,72,1162788447,0.09064719559234684,0.0,0.0,246.39453500276431
0.0035,73,1172925522,0.09792305513854734,0.0,0.0,229.20037800213322
0.0035,74,539174575,0.09481030052266948,0.0,0.0,227.4331680382602
0.0035,75,2013637345,0.09029436937080605,0.0,0.0,239.02837897185236
0.0035,76,1187468716,0.0868739736625549,0.0,0.0,235.44351098826155
0.0035,77,1062978506,0.09483323292717223,0.0,0.0,235.3842569864355
0.0035,78,679326770,0.09152909567058662,0.0,0.0,83.21244502440095
0.0035,79,587923432,0.0923970800298425,0.0,0.0,83.29016296193004
0.0035,80,1359889667,0.08697433768114556,0.0,0.0,83.22883897926658
0.0035,81,970187386,0.09069968383569274,0.0,0.0,83.24904600158334
0.0035,82,1219839873,0.09362198746567636,0.0,0.0,285.01123300520703
0.0035,83,1428160212,0.09780946778156178,0.0,0.0,308.46785800531507
0.0035,84,1930609499,0.09870198706812296,0.0,0.0,306.3792860484682
0.0035,85,710582861,0.09306996081786947,0.0,0.0,305.99929398158565
0.0035,86,1463614337,0.091350320525326,0.0,0.0,306.2284869956784
0.0035,87,1940152705,0.0871756755568444,0.0,0.0,307.3913429980166
0.0035,88,985452196,0.08504221910558718,0.0,0.0,340.45944502577186
0.0035,89,552062587,0.08992108721898535,0.0,0.0,340.4333970393054
0.0035,90,623566272,0.09172498174779818,0.0,0.0,340.6840059906244
0.0035,91,729775797,0.09834440208488078,0.0,0.0,344.2257259739563
0.0035,92,1352536665,0.0907487007930861,0.0,0.0,341.00919001502916
0.0035,93,555883440,0.09972138847324873,0.0,0.0,341.7890599812381
0.0035,94,1801800003,0.08844952968685595,0.0,0.0,340.5738159781322
0.0035,95,763315502,0.09263593608842342,0.0,0.0,340.87631496367976
0.0035,96,138897982,0.09465772113262719,0.0,0.0,340.6609410303645
0.0035,97,10785379,0.08420533331236053,0.0,0.0,340.5958769726567
0.0035,98,53923185,0.08979633393990849,0.0,0.0,343.1814009672962
0.0035,99,1349917978,0.08976298917350488,0.0,0.0,343.0113680078648
0.004,0,1501552845,0.0929995676574643,0.0,0.0,235.99870095495135
0.004,1,488200390,0.09426451776022748,0.0,0.0,221.62683197529987
0.004,2,1693606510,0.09327342869779208,0.0,0.0,223.04875403642654
0.004,3,680233354,0.09862668542999568,0.0,0.0,238.8462870148942
0.004,4,438466540,0.0966021660094555,0.0,0.0,239.63734204880893
0.004,5,1712329280,0.10110589041622237,0.0,0.0,235.37133599165827
0.004,6,1380152455,0.09531757669763741,0.0,0.0,241.54818995157257
0.004,7,1452245846,0.09810729677972015,0.0,0.0,227.77842596406117
0.004,8,2122694021,0.09632465028796623,0.0,0.0,229.22289097914472
0.004,9,839901363,0.09060493717031713,0.0,0.0,235.16738100443035
0.004,10,1802651552,0.08832812529011443,0.0,0.0,242.01583699323237
0.004,11,714712467,0.09195333975748599,0.0,0.0,235.55734497494996
0.004,12,1218704077,0.09024851723365933,0.0,0.0,236.4931859774515
0.004,13,1284858263,0.09523859038676273,0.0,0.0,235.23899994324893
0.004,14,457721135,0.09748374170357361,0.0,0.0,217.78915700269863
0.004,15,401008609,0.09570466799645726,0.0,0.0,226.07159498147666
0.004,16,492064534,0.09219576207333519,0.0,0.0,235.3495650459081
0.004,17,1444732602,0.10754194178890986,0.0,0.0,246.39675999060273
0.004,18,1317426686,0.08942690594216905,0.0,0.0,236.45888298051432
0.004,19,2022506251,0.09513250813212563,0.0,0.0,233.33932599052787
0.004,20,1516459118,0.09089551324681393,0.0,0.0,232.49973997008055
0.004,21,533103612,0.08408861154383092,0.0,0.0,224.8904390144162
0.004,22,1964759878,0.092873093498492,0.0,0.0,240.094997046981
0.004,23,2037706756,0.09588614875695665,0.0,0.0,239.47301099542528
0.004,24,1572889065,0.09450203027548099,0.0,0.0,234.43200095789507
0.004,25,1432881518,0.09990993502009801,0.0,0.0,239.67386403819546
0.004,26,280516901,0.0938277310698948,0.0,0.0,233.51661197375506
0.004,27,205939248,0.09227901793394035,0.0,0.0,240.15760800102726
0.004,28,571904914,0.10067038237326693,0.0,0.0,235.55944103281945
0.004,29,948843457,0.09736770404250523,0.0,0.0,222.3324179649353
0.004,30,155492488,0.09438680666813427,0.0,0.0,223.0842729914002
0.004,31,1903701130,0.08973133016910885,0.0,0.0,219.63023202260956
0.004,32,1017961266,0.08380932568500031,0.0,0.0,210.12962103122845
0.004,33,1497769985,0.10078101711583236,0.0,0.0,229.92589802015573
0.004,34,456523489,0.0956530717125601,0.0,0.0,239.04167802538723
0.004,35,701095136,0.10342207166584988,0.0,0.0,219.65808601817116
0.004,36,249069576,0.10008386494232864,0.0,0.0,232.2110150125809
0.004,37,1576098728,0.09922100776032294,0.0,0.0,214.09413201035932
0.004,38,1662748500,0.10033775054221471,0.0,0.0,232.9988320125267
0.004,39,472736216,0.09806911774875282,0.0,0.0,239.9099130416289
0.004,40,1535411295,0.09649316914106845,0.0,0.0,235.36901001352817
0.004,41,175223003,0.09759641390985521,0.0,0.0,233.90734696295112
0.004,42,840936862,0.09354756072324387,0.0,0.0,239.0004809712991
0.004,43,343373188,0.09407191168692837,0.0,0.0,212.36102998955175
0.004,44,1597751082,0.09269012461062517,0.0,0.0,219.05133099062368
0.004,45,730359585,0.09122447896055867,0.0,0.0,231.4564490225166
0.004,46,1016641002,0.09946487732173101,0.0,0.0,239.6309850155376
0.004,47,998994690,0.09311115673318263,0.0,0.0,230.99851299775764
0.004,48,1021240743,0.09408806231892174,0.0,0.0,223.98349200375378
0.004,49,572134801,0.09942050429262948,0.0,0.0,213.669695018325
0.004,50,1198399760,0.09090582307023481,0.0,0.0,236.25545401591808
0.004,51,1751866485,0.1012259093811465,0.0,0.0,231.09799000667408
0.004,52,1070889713,0.09731601916036944,0.0,0.0,222.36936603439972
0.004,53,415096539,0.0967522147939152,0.0,0.0,239.67306199483573
0.004,54,52416235,0.0966288899120282,0.0,0.0,229.69807899789885
0.004,55,278032723,0.09775659917121078,0.0,0.0,243.60974796582013
0.004,56,174946158,0.10516775766287484,0.0,0.0,240.61591300414875
0.004,57,196848554,0.09302749493185834,0.0,0.0,240.11228396557271
0.004,58,263030910,0.09090551485547867,0.0,0.0,239.51774201123044
0.004,59,1285415020,0.09402813378128988,0.0,0.0,232.06823103828356
0.004,60,1733223444,0.08130285484306754,0.0,0.0,238.5124409920536
0.004,61,1835544261,0.09662840915820853,0.0,0.0,239.13528595585376
0.004,62,1403186970,0.09842479495008924,0.0,0.0,240.47694698674604
0.004,63,1291971777,0.0950854941496948,0.0,0.0,232.06553800264373
0.004,64,712292067,0.0984765177588762,0.0,0.0,234.52101700240746
0.004,65,2001429764,0.09360480953626257,0.0,0.0,238.95316501148045
0.004,66,1375664061,0.1006619749195766,0.0,0.0,231.0378819820471
0.004,67,1556456120,0.09751145912226063,0.0,0.0,236.09279503580183
0.004,68,1576053187,0.09539716880819869,0.0,0.0,235.54388200864196
0.004,69,1848019881,0.09836725057849291,0.0,0.0,231.63578001549467
0.004,70,1508652585,0.09095890475048077,0.0,0.0,234.58276299061254
0.004,71,1995737731,0.10037983768027217,0.0,0.0,234.25563902128488
0.004,72,1162788447,0.09231992514034217,0.0,0.0,246.4480330236256
0.004,73,1172925522,0.09830565490104114,0.0,0.0,230.2408970426768
0.004,74,539174575,0.09767218179716507,0.0,0.0,224.9744270229712
0.004,75,2013637345,0.09282447256364389,0.0,0.0,239.02507202001289
0.004,76,1187468716,0.08940043603044275,0.0,0.0,234.09683199133724
0.004,77,1062978506,0.09572962389446897,0.0,0.0,235.37628701888025
0.004,78,679326770,0.09358274255256635,0.0,0.0,83.19463400403038
0.004,79,587923432,0.09185320041206026,0.0,0.0,83.19606602890417
0.004,80,1359889667,0.08715752055484288,0.0,0.0,83.16381002077833
0.004,81,970187386,0.09244512308008741,0.0,0.0,83.1691279890947
0.004,82,1219839873,0.09783488042708893,0.0,0.0,285.36987002007663
0.004,83,1428160212,0.10135506406884924,0.0,0.0,313.4072870016098
0.004,84,1930609499,0.1010268410887487,0.0,0.0,310.00326602952555
0.004,85,710582861,0.09211250017670501,0.0,0.0,311.1482480308041
0.004,86,1463614337,0.09371578392890002,0.0,0.0,312.58489802712575
0.004,87,1940152705,0.09019249880718795,0.0,0.0,310.91485399520025
0.004,88,985452196,0.08667641203102366,0.0,0.0,341.54885000316426
0.004,89,552062587,0.09408101961569547,0.0,0.0,340.4239139636047
0.004,90,623566272,0.09389150296133948,0.0,0.0,340.6709840055555
0.004,91,729775797,0.09968161704951904,0.0,0.0,340.5370009713806
0.004,92,1352536665,0.0943074983585175,0.0,0.0,340.97192401532084
0.004,93,555883440,0.10490686019601331,0.0,0.0,341.755386965815
0.004,94,1801800003,0.09234266060093464,0.0,0.0,340.56226001121104
0.004,95,763315502,0.09531174449499431,0.0,0.0,340.84587695542723
0.004,96,138897982,0.09518532745086539,0.0,0.0,340.5794409918599
0.004,97,10785379,0.08631555852473471,0.0,0.0,340.52181598963216
0.004,98,53923185,0.09378551682783527,0.0,0.0,340.7369229826145
0.004,99,1349917978,0.09261634985952416,0.0,0.0,352.79215703485534
0.0045,0,1501552845,0.09683718243610386,0.0,0.0,236.03268095757812
0.0045,1,488200390,0.09770011603793714,0.0,0.0,221.62341699004173
0.0045,2,1693606510,0.09514763671126825,0.0,0.0,223.06757798651233
0.0045,3,680233354,0.10149595091947454,0.0,0.0,238.875100039877
0.0045,4,438466540,0.09799739802927758,0.0,0.0,239.67682698275894
0.0045,5,1712329280,0.1041139866423699,0.0,0.0,235.3836419642903
0.0045,6,1380152455,0.09828247122444995,0.0,0.0,241.89127201680094
0.0045,7,1452245846,0.0989526911327702,0.0,0.0,229.1460509877652
0.0045,8,2122694021,0.09859336817085783,0.0,0.0,229.26427598576993
0.0045,9,839901363,0.09239899137090014,0.0,0.0,235.16620101872832
0.0045,10,1802651552,0.08493681961098182,0.0,0.0,242.00505000771955
0.0045,11,714712467,0.09122776659356222,0.0,0.0,235.57402100414038
0.0045,12,1218704077,0.09209037000102929,0.0,0.0,236.5282439859584
0.0045,13,1284858263,0.09664828197372083,0.0,0.0,235.24266999447718
0.0045,14,457721135,0.09179551699037902,0.0,0.0,217.8032259689644
0.0045,15,401008609,0.097675588333251,0.0,0.0,226.0841410025023
0.0045,16,492064534,0.09289569714711692,0.0,0.0,235.37389701232314
0.0045,17,1444732602,0.09839523052470515,0.0,0.0,246.4179960079491
0.0045,18,1317426686,0.0925764624562694,0.0,0.0,236.44738597795367
0.0045,19,2022506251,0.0961499269886072,0.0,0.0,234.09156600246206
0.0045,20,1516459118,0.09500850433791462,0.0,0.0,232.5433420483023
0.0045,21,533103612,0.08557567696981076,0.0,0.0,225.7821710081771
0.0045,22,1964759878,0.09579790606664108,0.0,0.0,240.0638919789344
0.0045,23,2037706756,0.0990041148214174,0.0,0.0,240.7142139854841
0.0045,24,1572889065,0.09568649561822587,0.0,0.0,236.03530001128092
0.0045,25,1432881518,0.10295924318480583,0.0,0.0,239.67684898525476
0.0045,26,280516901,0.09383747369562127,0.0,0.0,233.53809904074296
0.0045,27,205939248,0.09517575119253185,0.0,0.0,240.15271000098437
0.0045,28,571904914,0.10307449578022276,0.0,0.0,235.5567580088973
0.0045,29,948843457,0.1032466098647963,0.0,0.0,224.21186399878934
0.0045,30,155492488,0.09627087300419855,0.0,0.0,223.42860494973138
0.0045,31,1903701130,0.0950123797007954,0.0,0.0,219.60774599574506
0.0045,32,1017961266,0.08535993750655194,0.0,0.0,210.1689779665321
0.0045,33,1497769985,0.09563933858505427,0.0,0.0,229.91708596237004
0.0045,34,456523489,0.08985301376786534,0.0,0.0,239.07990899169818
0.0045,35,701095136,0.10728917811681486,0.0,0.0,219.83255102531984
0.0045,36,249069576,0.10544002429461274,0.0,0.0,232.21588897285983
0.0045,37,1576098728,0.1054478756518612,0.0,0.0,214.1260380158201
0.0045,38,1662748500,0.09910520693732183,0.0,0.0,232.89047402795404
0.0045,39,472736216,0.09630150331593533,0.0,0.0,240.10689504211769
0.0045,40,1535411295,0.09346396424244574,0.0,0.0,235.3819480049424
0.0045,41,175223003,0.09790340464561076,0.0,0.0,233.92577498452738
0.0045,42,840936862,0.09681301675656424,0.0,0.0,239.00324100395665
0.0045,43,343373188,0.09816318812309585,0.0,0.0,212.38522796193138
0.0045,44,1597751082,0.09903974816796245,0.0,0.0,219.046114012599
0.0045,45,730359585,0.09072382968814259,0.0,0.0,231.45620099967346
0.0045,46,1016641002,0.10231670644894333,0.0,0.0,239.64950803201646
0.0045,47,998994690,0.09538357427590878,0.0,0.0,231.03760700905696
0.0045,48,1021240743,0.09341980188042708,0.0,0.0,224.96474598301575
0.0045,49,572134801,0.09952562258028153,0.0,0.0,213.67539401398972
0.0045,50,1198399760,0.08407878459202016,0.0,0.0,236.29654402611777
0.0045,51,1751866485,0.10427164256047468,0.0,0.0,231.65983601938933
0.0045,52,1070889713,0.10087222234224183,0.0,0.0,223.02659397246316
0.0045,53,415096539,0.1004951363889375,0.0,0.0,239.67126198112965
0.0045,54,52416235,0.09326473311148092,0.0,0.0,231.36460001114756
0.0045,55,278032723,0.10165396085334336,0.0,0.0,243.91224200371653
0.0045,56,174946158,0.09206218740967963,0.0,0.0,240.97117403289303
0.0045,57,196848554,0.0940216103428484,0.0,0.0,240.1326679973863
0.0045,58,263030910,0.08767858229524879,0.0,0.0,239.48747996473685
0.0045,59,1285415020,0.09405950079299767,0.0,0.0,232.07264603115618
0.0045,60,1733223444,0.08946385438402298,0.0,0.0,238.50600502919406
0.0045,61,1835544261,0.09619987132904485,0.0,0.0,242.22775996895507
0.0045,62,1403186970,0.0997606556102145,0.0,0.0,240.45933596789837
0.0045,63,1291971777,0.09472123133498028,0.0,0.0,232.0786640048027
0.0045,64,712292067,0.09897907076480202,0.0,0.0,234.55684300279245
0.0045,65,2001429764,0.09585081465902127,0.0,0.0,238.93227899679914
0.0045,66,1375664061,0.10490982836974509,0.0,0.0,231.5739810001105
0.0045,67,1556456120,0.09643236456755304,0.0,0.0,236.14058597013354
0.0045,68,1576053187,0.08831795244096215,0.0,0.0,235.55210302583873
0.0045,69,1848019881,0.10004846423970835,0.0,0.0,231.66062298696488
0.0045,70,1508652585,0.09375233692864701,0.0,0.0,234.56639802316204
0.0045,71,1995737731,0.10239252289641859,0.0,0.0,234.95886294404045
0.0045,72,1162788447,0.09385214789408611,0.0,0.0,246.4523229864426
0.0045,73,1172925522,0.10514733010863744,0.0,0.0,232.6012239791453
0.0045,74,539174575,0.10060462209816326,0.0,0.0,225.26792401913553
0.0045,75,2013637345,0.09417395824041161,0.0,0.0,238.98024501977488
0.0045,76,1187468716,0.09227030865893794,0.0,0.0,234.13498705485836
0.0045,77,1062978506,0.10314081750216926,0.0,0.0,235.18825502833351
0.0045,78,679326770,0.09551842576815125,0.0,0.0,83.24168401304632
0.0045,79,587923432,0.09093616954798997,0.0,0.0,83.24397105025128
0.0045,80,1359889667,0.08478175287337646,0.0,0.0,83.20211799582466
0.0045,81,970187386,0.09365096443163938,0.0,0.0,83.18474295083433
0.0045,82,1219839873,0.09949472859532697,0.0,0.0,285.378466011025
0.0045,83,1428160212,0.1043300528670808,0.0,0.0,313.435950956773
0.0045,84,1930609499,0.09805067520947931,0.0,0.0,309.99867495847866
0.0045,85,710582861,0.09797097187050384,0.0,0.0,311.157105024904
0.0045,86,1463614337,0.09583183635745605,0.0,0.0,312.56308301817626
0.0045,87,1940152705,0.09299259038067582,0.0,0.0,310.9589860541746
0.0045,88,985452196,0.08401149133196455,0.0,0.0,340.53009701892734
0.0045,89,552062587,0.09663190911789546,0.0,0.0,340.4199899523519
0.0045,90,623566272,0.09712714006403436,0.0,0.0,340.4777789837681
0.0045,91,729775797,0.09837631693499044,0.0,0.0,352.19057399081066
0.0045,92,1352536665,0.09648818833450899,0.0,0.0,343.60624599503353
0.0045,93,555883440,0.10585192720594325,0.0,0.0,340.8221729914658
0.0045,94,1801800003,0.09415253784929177,0.0,0.0,340.5652219662443
0.0045,95,763315502,0.09231499138851437,0.0,0.0,340.6168009969406
0.0045,96,138897982,0.09504071958902836,0.0,0.0,340.86782403755933
0.0045,97,10785379,0.08848646332782426,0.0,0.0,340.51947499392554
0.0045,98,53923185,0.09863496984408575,0.0,0.0,343.02829299122095
0.0045,99,1349917978,0.09547304814429085,0.0,0.0,342.36545098247007
0.005,0,1501552845,0.10093549352019045,0.0,0.0,346.79643297567964
0.005,1,488200390,0.09258326452601705,0.0,0.0,340.5236839898862
0.005,2,1693606510,0.099422763720198,0.0,0.0,340.48745303880423
0.005,3,680233354,0.10254416973446942,0.0,0.0,340.5009190319106
0.005,4,438466540,0.09961251652226259,0.0,0.0,340.53767297882587
0.005,5,1712329280,0.10491057602485583,0.0,0.0,340.6342940288596
0.005,6,1380152455,0.09971895184546022,0.0,0.0,340.52483196137473
0.005,7,1452245846,0.10130859507282257,0.0,0.0,341.42707398859784
0.005,8,2122694021,0.0998831524859973,0.0,0.0,340.1363609591499
0.005,9,839901363,0.09494061028371491,0.0,0.0,340.72961297351867
0.005,10,1802651552,0.08427497363408216,0.0,0.0,340.44427797198296
0.005,11,714712467,0.08918907973160635,0.0,0.0,340.4897659784183
0.005,12,1218704077,0.09062600233762833,0.0,0.0,340.71255003800616
0.005,13,1284858263,0.09935122445334067,0.0,0.0,352.3997099837288
0.005,14,457721135,0.0937023919701168,0.0,0.0,340.58370895218104
0.005,15,401008609,0.09457886992858179,0.0,0.0,340.5316430144012
0.005,16,492064534,0.09621664680474719,0.0,0.0,340.70385398808867
0.005,17,1444732602,0.09666650941522553,0.0,0.0,340.51470999838784
0.005,18,1317426686,0.09255955403965802,0.0,0.0,339.9760299944319
0.005,19,2022506251,0.09516308981779238,0.0,0.0,340.16844001598656
0.005,20,1516459118,0.09732207999842629,0.0,0.0,340.48134699696675
0.005,21,533103612,0.08464943600554171,0.0,0.0,340.6072849757038
0.005,22,1964759878,0.09460710535904684,0.0,0.0,344.88235000753775
0.005,23,2037706756,0.1024868491643084,0.0,0.0,340.6907309545204
0.005,24,1572889065,0.09682323779873944,0.0,0.0,340.59570799581707
0.005,25,1432881518,0.10117605971568855,0.0,0.0,340.6246940139681
0.005,26,280516901,0.09412919208717346,0.0,0.0,340.8653450314887
0.005,27,205939248,0.09865516047278315,0.0,0.0,340.76143900165334
0.005,28,571904914,0.10302541600648166,0.0,0.0,340.78325203154236
0.005,29,948843457,0.10692518766949465,0.0,0.0,340.1031589601189
0.005,30,155492488,0.09951910409377764,0.0,0.0,340.5612870119512
0.005,31,1903701130,0.09691655894592752,0.0,0.0,340.79762804321945
0.005,32,1017961266,0.08314837112517363,0.0,0.0,340.64320998732
0.005,33,1497769985,0.09033655370324427,0.0,0.0,342.8044210304506
0.005,34,456523489,0.08735625411110948,0.0,0.0,340.48255399102345
0.005,35,701095136,0.11078097694435905,0.0,0.0,344.21012102393433
0.005,36,249069576,0.10897631837208951,0.0,0.0,343.4835330117494
0.005,37,1576098728,0.10935259254378678,0.0,0.0,340.68080101860687
0.005,38,1662748500,0.10195317082726701,0.0,0.0,340.73629800695926
0.005,39,472736216,0.10090626802741526,0.0,0.0,340.15428699785843
0.005,40,1535411295,0.0935901567974804,0.0,0.0,340.342323994264
0.005,41,175223003,0.09970108895733262,0.0,0.0,340.4948689858429
0.005,42,840936862,0.09884456207155215,0.0,0.0,340.5587400193326
0.005,43,343373188,0.09531604692306575,0.0,0.0,340.4675700003281
0.005,44,1597751082,0.09696519786857258,0.0,0.0,340.7492389669642
0.005,45,730359585,0.09141021092537038,0.0,0.0,344.09171098377556
0.005,46,1016641002,0.1051877223153637,0.0,0.0,350.35563696874306
0.005,47,998994690,0.09331826580557404,0.0,0.0,341.18218201911077
0.005,48,1021240743,0.09325894028737464,0.0,0.0,340.6352140009403
0.005,49,572134801,0.10122590389058053,0.0,0.0,349.21135497279465
0.005,50,1198399760,0.08343940990625459,0.0,0.0,313.44557501142845
0.005,51,1751866485,0.10846627819226906,0.0,0.0,340.4085229849443
0.005,52,1070889713,0.10317097000204922,0.0,0.0,340.5900269863196
0.005,53,415096539,0.10012932228251216,0.0,0.0,346.9561749952845
0.005,54,52416235,0.09490821575789586,0.0,0.0,340.4933669953607
0.005,55,278032723,0.10500196869447341,0.0,0.0,340.60389298247173
0.005,56,174946158,0.10910818549599069,0.0,0.0,345.8140099537559
0.005,57,196848554,0.09756359951939506,0.0,0.0,340.6536419643089
0.005,58,263030910,0.09214939516831316,0.0,0.0,340.5084270052612
0.005,59,1285415020,0.09370717877497572,0.0,0.0,349.79502198984846
0.005,60,1733223444,0.08825970877108172,0.0,0.0,340.27932898607105
0.005,61,1835544261,0.0983796467923362,0.0,0.0,340.3421880211681
0.005,62,1403186970,0.09799749221469414,0.0,0.0,340.54475103039294
0.005,63,1291971777,0.09462236242606989,0.0,0.0,341.0300349933095
0.005,64,712292067,0.10085782403930518,0.0,0.0,341.78418695228174
0.005,65,2001429764,0.09753232748734642,0.0,0.0,343.80398597568274
0.005,66,1375664061,0.10869748642685866,0.0,0.0,342.83742698607966
0.005,67,1556456120,0.10138429475407575,0.0,0.0,340.50885296892375
0.005,68,1576053187,0.09479066864331226,0.0,0.0,342.132356017828
0.005,69,1848019881,0.10270806359327997,0.0,0.0,343.37301400955766
0.005,70,1508652585,0.09756380615418486,0.0,0.0,341.3834309903905
0.005,71,1995737731,0.10929167462507608,0.0,0.0,310.62684301286936
0.005,72,1162788447,0.09554126260593652,0.0,0.0,340.2467960258946
0.005,73,1172925522,0.10340798141642218,0.0,0.0,341.8410880258307
0.005,74,539174575,0.10837327567945362,0.0,0.0,342.49655599705875
0.005,75,2013637345,0.09950573823799165,0.0,0.0,340.69303201977164
0.005,76,1187468716,0.09456773316903819,0.0,0.0,340.62129602534696
0.005,77,1062978506,0.1027700944317685,0.0,0.0,340.8734639524482
0.005,78,679326770,0.09719161124785712,0.0,0.0,340.5052699963562
0.005,79,587923432,0.09275683401967569,0.0,0.0,343.46918400842696
0.005,80,1359889667,0.08665727352867927,0.0,0.0,342.73690002737567
0.005,81,970187386,0.09462074255965276,0.0,0.0,350.6158860400319
0.005,82,1219839873,0.10293427313177142,0.0,0.0,307.1325680357404
0.005,83,1428160212,0.11050534333367704,0.0,0.0,340.2642860310152
0.005,84,1930609499,0.0957961586834172,0.0,0.0,340.55204602191225
0.005,85,710582861,0.10087813673434935,0.0,0.0,341.20727702975273
0.005,86,1463614337,0.09516627126536259,0.0,0.0,340.48191097099334
0.005,87,1940152705,0.09654668282746638,0.0,0.0,340.5114060151391
0.005,88,985452196,0.08444985474942043,0.0,0.0,350.53871700074524
0.005,89,552062587,0.10075406740023056,0.0,0.0,340.5186990275979
0.005,90,623566272,0.10059914681953934,0.0,0.0,340.3611980029382
0.005,91,729775797,0.09980403327387526,0.0,0.0,340.44785099104047
0.005,92,1352536665,0.10745480863038523,0.0,0.0,341.55609004665166
0.005,93,555883440,0.10674043443952866,0.0,0.0,305.0802369834855
0.005,94,1801800003,0.09536434002056905,0.0,0.0,340.7352850190364
0.005,95,763315502,0.09103424324333724,0.0,0.0,346.46706300554797
0.005,96,138897982,0.09634218130449936,0.0,0.0,340.88995604543015
0.005,97,10785379,0.09104301756130957,0.0,0.0,340.730978990905
0.005,98,53923185,0.10386218770899376,0.0,0.0,340.597809990868
0.005,99,1349917978,0.10012041698501492,0.0,0.0,340.60731198405847
0.0055,0,1501552845,0.10352879612439271,0.0,0.0,346.81234700838104
0.0055,1,488200390,0.08973399238648021,0.0,0.0,341.38940199045464
0.0055,2,1693606510,0.10110660071720944,0.0,0.0,340.7454359694384
0.0055,3,680233354,0.10312305308242826,0.0,0.0,340.66667198203504
0.0055,4,438466540,0.1026363262059681,0.0,0.0,342.9324409808032
0.0055,5,1712329280,0.10902039398604423,0.0,0.0,340.6741410144605
0.0055,6,1380152455,0.10218509628296406,0.0,0.0,340.4876989661716
0.0055,7,1452245846,0.10385328804067985,0.0,0.0,341.4672879735008
0.0055,8,2122694021,0.09925039307777729,0.0,0.0,340.1951910345815
0.0055,9,839901363,0.09692399403401476,0.0,0.0,340.6673959689215
0.0055,10,1802651552,0.08347035302255448,0.0,0.0,340.56721098022535
0.0055,11,714712467,0.08345123143553847,0.0,0.0,342.29033801238984
0.0055,12,1218704077,0.09097004366721884,0.0,0.0,340.7225940027274
0.0055,13,1284858263,0.10216051437505368,0.0,0.0,342.1320230117999
0.0055,14,457721135,0.09461878475506277,0.0,0.0,340.4969669645652
0.0055,15,401008609,0.09208163728842608,0.0,0.0,340.5657039838843
0.0055,16,492064534,0.1004309028527535,0.0,0.0,340.6641560140997
0.0055,17,1444732602,0.0965395910918986,0.0,0.0,340.60989803401753
0.0055,18,1317426686,0.09190161116577981,0.0,0.0,339.9529600283131
0.0055,19,2022506251,0.09494848191442838,0.0,0.0,340.491373965051
0.0055,20,1516459118,0.10123228332144521,0.0,0.0,340.42117500212044
0.0055,21,533103612,0.08486306214833352,0.0,0.0,340.7451920211315
0.0055,22,1964759878,0.09483418638125239,0.0,0.0,345.254682993982
0.0055,23,2037706756,0.1062732713321759,0.0,0.0,340.69108101539314
0.0055,24,1572889065,0.10157324472500315,0.0,0.0,340.6596349668689
0.0055,25,1432881518,0.10236011093022883,0.0,0.0,340.9309189883061
0.0055,26,280516901,0.09472826835282341,0.0,0.0,340.6127740163356
0.0055,27,205939248,0.10267874697398383,0.0,0.0,340.74730100110173
0.0055,28,571904914,0.10514042359411209,0.0,0.0,340.5131410108879
0.0055,29,948843457,0.10615255754774361,0.0,0.0,340.2183029684238
0.0055,30,155492488,0.10324668114725782,0.0,0.0,340.7969370018691
0.0055,31,1903701130,0.09898442359411898,0.0,0.0,343.4303380199708
0.0055,32,1017961266,0.083312455320362,0.0,0.0,340.78158502234146
0.0055,33,1497769985,0.09359321644316079,0.0,0.0,345.4512520111166
0.0055,34,456523489,0.08716722515901112,0.0,0.0,340.52896697539836
0.0055,35,701095136,0.11197388104053471,0.0,0.0,340.6154860276729
0.0055,36,249069576,0.11071896583973019,0.0,0.0,340.8197350217961
0.0055,37,1576098728,0.11126554713664918,0.0,0.0,340.488093032036
0.0055,38,1662748500,0.09893589219985695,0.0,0.0,340.5145120341331
0.0055,39,472736216,0.0967360796627163,0.0,0.0,340.0133850518614
0.0055,40,1535411295,0.09089517752800502,0.0,0.0,340.1884179911576
0.0055,41,175223003,0.10263219237120565,0.0,0.0,340.46204201877117
0.0055,42,840936862,0.10203019586425066,0.0,0.0,340.5932850437239
0.0055,43,343373188,0.09740555489706451,0.0,0.0,340.58641199953854
0.0055,44,1597751082,0.096015489199882,0.0,0.0,340.52521095145494
0.0055,45,730359585,0.09023317048769687,0.0,0.0,341.3776560337283
0.0055,46,1016641002,0.10684782804270117,0.0,0.0,340.60965897515416
0.0055,47,998994690,0.09090649090140236,0.0,0.0,340.5692770029418
0.0055,48,1021240743,0.09144397475120562,0.0,0.0,340.62342601828277
0.0055,49,572134801,0.10134152334265169,0.0,0.0,342.8036200348288
0.0055,50,1198399760,0.08511719041594544,0.0,0.0,313.46320000011474
0.0055,51,1751866485,0.10911189993714006,0.0,0.0,340.40983801241964
0.0055,52,1070889713,0.1021402418046595,0.0,0.0,340.50746099092066
0.0055,53,415096539,0.09408372304400424,0.0,0.0,340.4737560194917
0.0055,54,52416235,0.09633181001698306,0.0,0.0,346.84349899180233
0.0055,55,278032723,0.10803662970490926,0.0,0.0,340.61035403283313
0.0055,56,174946158,0.09012676360325708,0.0,0.0,349.58329901564866
0.0055,57,196848554,0.10018037695213466,0.0,0.0,350.4371420131065
0.0055,58,263030910,0.08985393749429826,0.0,0.0,340.76120803365484
0.0055,59,1285415020,0.09182003245265154,0.0,0.0,347.33075299300253
0.0055,60,1733223444,0.08737289671240044,0.0,0.0,340.39800899336115
0.0055,61,1835544261,0.09452607296048439,0.0,0.0,340.25574900442734
0.0055,62,1403186970,0.09860041560586626,0.0,0.0,340.52697295555845
0.0055,63,1291971777,0.09374178716617927,0.0,0.0,340.83243197528645
0.0055,64,712292067,0.10293386635736512,0.0,0.0,341.8890380416997
0.0055,65,2001429764,0.10080622641754898,0.0,0.0,340.75596497859806
0.0055,66,1375664061,0.11195454244443197,0.0,0.0,340.506121981889
0.0055,67,1556456120,0.10063559243093224,0.0,0.0,340.54459602339193
0.0055,68,1576053187,0.09211984190321656,0.0,0.0,340.7454249681905
0.0055,69,1848019881,0.10529011728602695,0.0,0.0,343.7847109744325
0.0055,70,1508652585,0.10112457117448323,0.0,0.0,348.7414439441636
0.0055,71,1995737731,0.10801051860810373,0.0,0.0,310.6393929920159
0.0055,72,1162788447,0.09794042984884205,0.0,0.0,340.8020610222593
0.0055,73,1172925522,0.10423297193599776,0.0,0.0,341.8254969874397
0.0055,74,539174575,0.11208059048395097,0.0,0.0,342.50143205281347
0.0055,75,2013637345,0.10244489736649369,0.0,0.0,340.6963819870725
0.0055,76,1187468716,0.10219051687638274,0.0,0.0,340.63929901458323
0.0055,77,1062978506,0.10708054245660797,0.0,0.0,340.4008650104515
0.0055,78,679326770,0.10000446812230215,0.0,0.0,343.1708629941568
0.0055,79,587923432,0.09644465298037402,0.0,0.0,340.55889199953526
0.0055,80,1359889667,0.08837997522193347,0.0,0.0,340.4976900201291
0.0055,81,970187386,0.09738205277983665,0.0,0.0,340.48234298825264
0.0055,82,1219839873,0.10713692131796275,0.0,0.0,307.1533559705131
0.0055,83,1428160212,0.1131144744099394,0.0,0.0,340.5081320088357
0.0055,84,1930609499,0.09457041543774017,0.0,0.0,340.5962469987571
0.0055,85,710582861,0.10302018657025315,0.0,0.0,342.43077400606126
0.0055,86,1463614337,0.09575789279866077,0.0,0.0,342.76869002496824
0.0055,87,1940152705,0.09926640863756558,0.0,0.0,343.7326899729669
0.0055,88,985452196,0.08398598393319741,0.0,0.0,343.93250197172165
0.0055,89,552062587,0.09869444277671417,0.0,0.0,341.5717009920627
0.0055,90,623566272,0.10183399722959753,0.0,0.0,343.41292700264603
0.0055,91,729775797,0.10473293453544429,0.0,0.0,341.7230930062942
0.0055,92,1352536665,0.11116449262150604,0.0,0.0,340.6427259906195
0.0055,93,555883440,0.10943129482686163,0.0,0.0,305.63753098249435
0.0055,94,1801800003,0.09632660484752893,0.0,0.0,340.4413990210742
0.0055,95,763315502,0.09381933794615879,0.0,0.0,347.42620098404586
0.0055,96,138897982,0.09971068846668463,0.0,0.0,342.6217469968833
0.0055,97,10785379,0.09033789625209321,0.0,0.0,340.7486609648913
0.0055,98,53923185,0.10471891241640954,0.0,0.0,340.6102859880775
0.0055,99,1349917978,0.10087509416929642,0.0,0.0,340.79310699598864
0.006,0,1501552845,0.10780257504827184,0.0,0.0,349.92814500583336
0.006,1,488200390,0.08934265825079006,0.0,0.0,341.00280702114105
0.006,2,1693606510,0.10105431424646985,0.0,0.0,340.72590799769387
0.006,3,680233354,0.10501771301102969,0.0,0.0,340.7096340088174
0.006,4,438466540,0.10570189480145116,0.0,0.0,340.53613198921084
0.006,5,1712329280,0.1100502129426015,0.0,0.0,340.67212196532637
0.006,6,1380152455,0.10813058635512121,0.0,0.0,340.5148729798384
0.006,7,1452245846,0.10463405896461227,0.0,0.0,341.2276830058545
0.006,8,2122694021,0.09996359562864154,0.0,0.0,340.1368139893748
0.006,9,839901363,0.09834442479102967,0.0,0.0,340.624846983701
0.006,10,1802651552,0.08652872423484806,0.0,0.0,340.6301779905334
0.006,11,714712467,0.08410625580875274,0.0,0.0,340.4952389537357
0.006,12,1218704077,0.09575232230817567,0.0,0.0,340.7330599729903
0.006,13,1284858263,0.10364391716390366,0.0,0.0,341.12691902555525
0.006,14,457721135,0.0892826085471965,0.0,0.0,340.59426601743326
0.006,15,401008609,0.09494302060040759,0.0,0.0,340.5184570001438
0.006,16,492064534,0.1027370009981779,0.0,0.0,342.9335139808245
0.006,17,1444732602,0.09886674332241159,0.0,0.0,340.5053860042244
0.006,18,1317426686,0.09081102004580194,0.0,0.0,339.99586099525914
0.006,19,2022506251,0.09681805085959895,0.0,0.0,340.16434295335785
0.006,20,1516459118,0.1066778289563493,0.0,0.0,340.8328130026348
0.006,21,533103612,0.08770909107392251,0.0,0.0,349.2650499683805
0.006,22,1964759878,0.09877501454504697,0.0,0.0,345.2356720226817
0.006,23,2037706756,0.10821247532784874,0.0,0.0,340.51311400253326
0.006,24,1572889065,0.10398986875392918,0.0,0.0,340.75193299213424
0.006,25,1432881518,0.10250520819913309,0.0,0.0,340.5651850043796
0.006,26,280516901,0.0988680056111387,0.0,0.0,340.62956302659586
0.006,27,205939248,0.10686014963903889,0.0,0.0,340.66278499085456
0.006,28,571904914,0.1045448436780229,0.0,0.0,340.8852340071462
0.006,29,948843457,0.11109835046048434,0.0,0.0,340.13305901316926
0.006,30,155492488,0.10112528886094395,0.0,0.0,340.5872069997713
0.006,31,1903701130,0.09875274586476286,0.0,0.0,340.86987300543115
0.006,32,1017961266,0.08579541556570869,0.0,0.0,340.5964149860665
0.006,33,1497769985,0.0977743877271447,0.0,0.0,342.5310649909079
0.006,34,456523489,0.08570007392180447,0.0,0.0,340.63607797725126
0.006,35,701095136,0.10024165486527233,0.0,0.0,340.71249701082706
0.006,36,249069576,0.11134401488061663,0.0,0.0,340.6231649569236
0.006,37,1576098728,0.11254276906796366,0.0,0.0,340.493488998618
0.006,38,1662748500,0.10164857281562019,0.0,0.0,340.6192520051263
0.006,39,472736216,0.09935585964845536,0.0,0.0,339.91476200753823
0.006,40,1535411295,0.09179415146432407,0.0,0.0,340.19408299354836
0.006,41,175223003,0.10398714857960724,0.0,0.0,340.5390639672987
0.006,42,840936862,0.10149430864965933,0.0,0.0,340.53729596780613
0.006,43,343373188,0.10075860052978686,0.0,0.0,340.76963999541476
0.006,44,1597751082,0.09876321952301745,0.0,0.0,340.63346398761496
0.006,45,730359585,0.0907799006986869,0.0,0.0,340.55336797609925
0.006,46,1016641002,0.10946654957055482,0.0,0.0,344.0468480112031
0.006,47,998994690,0.09681614693840555,0.0,0.0,347.6582720177248
0.006,48,1021240743,0.09927334631683156,0.0,0.0,340.51383403129876
0.006,49,572134801,0.10345736607982413,0.0,0.0,342.87277999101207
0.006,50,1198399760,0.0871254927917773,0.0,0.0,307.653799012769
0.006,51,1751866485,0.11420473844008125,0.0,0.0,340.43010300956666
0.006,52,1070889713,0.10012430580841263,0.0,0.0,344.9938319972716
0.006,53,415096539,0.0945593428010729,0.0,0.0,340.44265700504184
0.006,54,52416235,0.09888411934801708,0.0,0.0,346.85991500737146
0.006,55,278032723,0.10996344185734021,0.0,0.0,340.5079150106758
0.006,56,174946158,0.10335731741880035,0.0,0.0,344.13571801269427
0.006,57,196848554,0.10140647663505357,0.0,0.0,347.6873750332743
0.006,58,263030910,0.09085835154922196,0.0,0.0,340.5347299994901
0.006,59,1285415020,0.09235490830974317,0.0,0.0,340.617154026404
0.006,60,1733223444,0.08609854379229824,0.0,0.0,340.221623016987
0.006,61,1835544261,0.09321392147167698,0.0,0.0,340.37139400606975
0.006,62,1403186970,0.09609396875383143,0.0,0.0,340.70651401998475
0.006,63,1291971777,0.09939689095935392,0.0,0.0,340.4959460021928
0.006,64,712292067,0.10154844436978121,0.0,0.0,340.6253869761713
0.006,65,2001429764,0.10152775571767148,0.0,0.0,343.85272598592564
0.006,66,1375664061,0.11201771073442131,0.0,0.0,340.53187700919807
0.006,67,1556456120,0.10235771005220638,0.0,0.0,340.5386329977773
0.006,68,1576053187,0.09153153217314784,0.0,0.0,340.7213070313446
0.006,69,1848019881,0.10825754709242276,0.0,0.0,340.6145829940215
0.006,70,1508652585,0.10574499834600733,0.0,0.0,342.09447901230305
0.006,71,1995737731,0.11168000788971964,0.0,0.0,310.64380396855995
0.006,72,1162788447,0.09890648568885195,0.0,0.0,340.3867890010588
0.006,73,1172925522,0.10769118619073842,0.0,0.0,340.5476319603622
0.006,74,539174575,0.11171534938532911,0.0,0.0,340.4436159762554
0.006,75,2013637345,0.10432562927353718,0.0,0.0,341.453893983271
0.006,76,1187468716,0.10352721162418087,0.0,0.0,340.7107060193084
0.006,77,1062978506,0.10858271292515918,0.0,0.0,340.7593489973806
0.006,78,679326770,0.10174532507137934,0.0,0.0,340.6242089695297
0.006,79,587923432,0.09585480205124543,0.0,0.0,340.8289600047283
0.006,80,1359889667,0.08904224010408841,0.0,0.0,349.12023798096925
0.006,81,970187386,0.10098716607152224,0.0,0.0,340.39182699052617
0.006,82,1219839873,0.11175356733430022,0.0,0.0,313.34454100579023
0.006,83,1428160212,0.11742760247987542,0.0,0.0,340.52580303978175
0.006,84,1930609499,0.09907171945160677,0.0,0.0,340.4886620119214
0.006,85,710582861,0.09991220291613286,0.0,0.0,340.51797300344333
0.006,86,1463614337,0.09969931030351192,0.0,0.0,350.39662499912083
0.006,87,1940152705,0.10208473845587364,0.0,0.0,343.71580998413265
0.006,88,985452196,0.0843214324652337,0.0,0.0,350.0898680067621
0.006,89,552062587,0.10614352648729389,0.0,0.0,341.4602989796549
0.006,90,623566272,0.10364552614629767,0.0,0.0,348.9321710076183
0.006,91,729775797,0.10346712390566741,0.0,0.0,344.53736298019066
0.006,92,1352536665,0.11305605387640982,0.0,0.0,340.6134260003455
0.006,93,555883440,0.10967788383783146,0.0,0.0,305.0882660318166
0.006,94,1801800003,0.10219700775449511,0.0,0.0,340.4315729858354
0.006,95,763315502,0.09354521794564506,0.0,0.0,349.7878370108083
0.006,96,138897982,0.09618380559531094,0.0,0.0,340.6010300386697
0.006,97,10785379,0.09280432869273636,0.0,0.0,340.7311189803295
0.006,98,53923185,0.10878438446598297,0.0,0.0,340.5902099912055
0.006,99,1349917978,0.10711033688874849,0.0,0.0,340.61581501737237
0.0065,0,1501552845,0.10032006510661756,0.0,0.0,348.620587028563
0.0065,1,488200390,0.09004029005055947,0.0,0.0,349.169606983196
0.0065,2,1693606510,0.10561981614577788,0.0,0.0,340.5293260002509
0.0065,3,680233354,0.10792738014010475,0.0,0.0,340.47498798463494
0.0065,4,438466540,0.10684267053206527,0.0,0.0,340.4988620313816
0.0065,5,1712329280,0.10617033768740429,0.0,0.0,340.4499720199965
0.0065,6,1380152455,0.11275530853422706,0.0,0.0,340.5435479944572
0.0065,7,1452245846,0.1056923416554848,0.0,0.0,340.6321890070103
0.0065,8,2122694021,0.10269917661681209,0.0,0.0,340.1253679767251
0.0065,9,839901363,0.09859380213925055,0.0,0.0,340.575197013095
0.0065,10,1802651552,0.08466922917980106,0.0,0.0,340.4367149923928
0.0065,11,714712467,0.08456699995227718,0.0,0.0,340.4746930464171
0.0065,12,1218704077,0.09366411063586733,0.0,0.0,341.5206939680502
0.0065,13,1284858263,0.10840191163464448,0.0,0.0,340.7379570417106
0.0065,14,457721135,0.08676564418300509,0.0,0.0,340.58998798718676
0.0065,15,401008609,0.09642369059136084,0.0,0.0,340.69432300748304
0.0065,16,492064534,0.10619780543135612,0.0,0.0,340.4922659974545
0.0065,17,1444732602,0.10262710376612347,0.0,0.0,340.4918860178441
0.0065,18,1317426686,0.08446539838290412,0.0,0.0,339.9652049993165
0.0065,19,2022506251,0.10065680856318014,0.0,0.0,340.41569102555513
0.0065,20,1516459118,0.10900144203456229,0.0,0.0,340.4522879864089
0.0065,21,533103612,0.08759526563375324,0.0,0.0,344.876276969444
0.0065,22,1964759878,0.10559291934235919,0.0,0.0,344.24904198385775
0.0065,23,2037706756,0.10952784013329757,0.0,0.0,340.82312998361886
0.0065,24,1572889065,0.10407856653331875,0.0,0.0,340.65735898911953
0.0065,25,1432881518,0.10164130320520383,0.0,0.0,340.5618520337157
0.0065,26,280516901,0.09855428406826376,0.0,0.0,340.7177049666643
0.0065,27,205939248,0.1007931552402134,0.0,0.0,340.5412680003792
0.0065,28,571904914,0.10716803222502763,0.0,0.0,340.8620580448769
0.0065,29,948843457,0.11138751785935633,0.0,0.0,340.1510690455325
0.0065,30,155492488,0.10150711653185504,0.0,0.0,340.60777502600104
0.0065,31,1903701130,0.09466567411275328,0.0,0.0,343.5588880092837
0.0065,32,1017961266,0.08608176612287764,0.0,0.0,340.60090698767453
0.0065,33,1497769985,0.09882939718284232,0.0,0.0,343.3561719721183
0.0065,34,456523489,0.08783115171676546,0.0,0.0,340.7801680150442
0.0065,35,701095136,0.09890833779372211,0.0,0.0,344.9371680035256
0.0065,36,249069576,0.11053999132450787,0.0,0.0,343.266437004786
0.0065,37,1576098728,0.1146765496507044,0.0,0.0,340.71039798436686
0.0065,38,1662748500,0.10158731533048772,0.0,0.0,340.83582303719595
0.0065,39,472736216,0.10070158837352815,0.0,0.0,340.1229499722831
0.0065,40,1535411295,0.09880308051046006,0.0,0.0,340.43647098587826
0.0065,41,175223003,0.10344513789395376,0.0,0.0,340.69754398660734
0.0065,42,840936862,0.10418524557054296,0.0,0.0,340.5782759655267
0.0065,43,343373188,0.10230990517583226,0.0,0.0,340.50272800959647
0.0065,44,1597751082,0.10274392580784777,0.0,0.0,353.0286579625681
0.0065,45,730359585,0.09133159659972866,0.0,0.0,341.37931501027197
0.0065,46,1016641002,0.11293874223025303,0.0,0.0,340.6887640012428
0.0065,47,998994690,0.09513400231866252,0.0,0.0,344.0298180212267
0.0065,48,1021240743,0.09541275856816807,0.0,0.0,340.52184596657753
0.0065,49,572134801,0.10819353018587913,0.0,0.0,342.8601769846864
0.0065,50,1198399760,0.08534664320710375,0.0,0.0,307.6561330235563
0.0065,51,1751866485,0.1169715731647514,0.0,0.0,340.5321129830554
0.0065,52,1070889713,0.10006323311506853,0.0,0.0,340.6706789974123
0.0065,53,415096539,0.09910153043871203,0.0,0.0,346.3583199772984
0.0065,54,52416235,0.10051366234708385,0.0,0.0,344.05986504862085
0.0065,55,278032723,0.10973650754322671,0.0,0.0,340.5012720031664
0.0065,56,174946158,0.10654882621392484,0.0,0.0,340.7027219654992
0.0065,57,196848554,0.10330274053060945,0.0,0.0,340.65658296458423
0.0065,58,263030910,0.09401667990000694,0.0,0.0,340.4809589846991
0.0065,59,1285415020,0.09323672935634157,0.0,0.0,340.4906149953604
0.0065,60,1733223444,0.0919788478530891,0.0,0.0,340.09232302196324
0.0065,61,1835544261,0.0936565090700305,0.0,0.0,340.2303430484608
0.0065,62,1403186970,0.09970548804703308,0.0,0.0,340.642602997832
0.0065,63,1291971777,0.0999079316141644,0.0,0.0,340.57786100311205
0.0065,64,712292067,0.1098504513740114,0.0,0.0,340.3982120216824
0.0065,65,2001429764,0.10448056437522285,0.0,0.0,349.81318400241435
0.0065,66,1375664061,0.11238766702319275,0.0,0.0,343.93843403086066
0.0065,67,1556456120,0.10685841249393434,0.0,0.0,340.76006698887795
0.0065,68,1576053187,0.0943649637153438,0.0,0.0,340.64673603279516
0.0065,69,1848019881,0.09747162700415997,0.0,0.0,340.6246329541318
0.0065,70,1508652585,0.10556723475434124,0.0,0.0,344.73762998823076
0.0065,71,1995737731,0.11078717927438389,0.0,0.0,316.90568703925237
0.0065,72,1162788447,0.10194122923673504,0.0,0.0,343.14673399785534
0.0065,73,1172925522,0.11110064769376041,0.0,0.0,342.57170802447945
0.0065,74,539174575,0.11233838450673789,0.0,0.0,342.4749349942431
0.0065,75,2013637345,0.1080690887227324,0.0,0.0,340.5272409436293
0.0065,76,1187468716,0.10350109554618099,0.0,0.0,340.61884897528216
0.0065,77,1062978506,0.11108622954507104,0.0,0.0,340.48693999648094
0.0065,78,679326770,0.1039250604484254,0.0,0.0,340.74596798745915
0.0065,79,587923432,0.09806982463456401,0.0,0.0,340.7520800246857
0.0065,80,1359889667,0.08898932409929375,0.0,0.0,349.09819799941033
0.0065,81,970187386,0.10194886912935265,0.0,0.0,342.8140030009672
0.0065,82,1219839873,0.11395567398497261,0.0,0.0,312.41273501655087
0.0065,83,1428160212,0.11969449473564381,0.0,0.0,340.2910109725781
0.0065,84,1930609499,0.09565556237290676,0.0,0.0,340.47670697327703
0.0065,85,710582861,0.10468489380430057,0.0,0.0,342.4936489900574
0.0065,86,1463614337,0.0973460964076403,0.0,0.0,342.9433860001154
0.0065,87,1940152705,0.10613055453221484,0.0,0.0,343.7024799641222
0.0065,88,985452196,0.09009575323069918,0.0,0.0,350.0792680424638
0.0065,89,552062587,0.10646819338298211,0.0,0.0,341.597268008627
0.0065,90,623566272,0.10860119116374914,0.0,0.0,340.9134739777073
0.0065,91,729775797,0.10576248492308707,0.0,0.0,344.77096900809556
0.0065,92,1352536665,0.11476880753353415,0.0,0.0,342.4532050266862
0.0065,93,555883440,0.11311685000396,0.0,0.0,310.59537100372836
0.0065,94,1801800003,0.10290536501236504,0.0,0.0,340.46729595866054
0.0065,95,763315502,0.09658075949742123,0.0,0.0,341.16455097682774
0.0065,96,138897982,0.09298217454446406,0.0,0.0,340.92986094765365
0.0065,97,10785379,0.09767075113383342,0.0,0.0,340.575059002731
0.0065,98,53923185,0.11001383335365789,0.0,0.0,340.5626759631559
0.0065,99,1349917978,0.10906131346120962,0.0,0.0,340.5782640329562
0.007,0,1501552845,0.10118770319905333,0.0,0.0,350.1051479834132
0.007,1,488200390,0.09240172760185464,0.0,0.0,351.62517498247325
0.007,2,1693606510,0.11416216762203688,0.0,0.0,340.48440703190863
0.007,3,680233354,0.10850984859619484,0.0,0.0,340.73235298274085
0.007,4,438466540,0.10729761698608263,0.0,0.0,340.5279980506748
0.007,5,1712329280,0.10737057644992157,0.0,0.0,340.64926498103887
0.007,6,1380152455,0.11044314450512288,0.0,0.0,340.5005499953404
0.007,7,1452245846,0.10606259137599222,0.0,0.0,340.6345389666967
0.007,8,2122694021,0.10268270468167259,0.0,0.0,340.11433797422796
0.007,9,839901363,0.10234823278499201,0.0,0.0,340.58680501766503
0.007,10,1802651552,0.08589588684024894,0.0,0.0,340.6114639947191
0.007,11,714712467,0.08478626964932272,0.0,0.0,340.5143719865009
0.007,12,1218704077,0.09506826309505587,0.0,0.0,341.7094699689187
0.007,13,1284858263,0.11026140208855693,0.0,0.0,340.682060981635
0.007,14,457721135,0.08997648018372156,0.0,0.0,340.68525600014254
0.007,15,401008609,0.0958166376890448,0.0,0.0,340.7293609925546
0.007,16,492064534,0.10697605245428495,0.0,0.0,340.4674610355869
0.007,17,1444732602,0.1021756561367932,0.0,0.0,340.45660897390917
0.007,18,1317426686,0.08350312869693803,0.0,0.0,340.0974399992265
0.007,19,2022506251,0.09983435382138808,0.0,0.0,340.4382760054432
0.007,20,1516459118,0.10841468081018654,0.0,0.0,340.46720899641514
0.007,21,533103612,0.0873696516634682,0.0,0.0,344.90835200995207
0.007,22,1964759878,0.10110889101831237,0.0,0.0,342.58939896244556
0.007,23,2037706756,0.1103627802864789,0.0,0.0,341.9950469979085
0.007,24,1572889065,0.10891438042155996,0.0,0.0,340.58687003562227
0.007,25,1432881518,0.10382474302303384,0.0,0.0,340.72305395966396
0.007,26,280516901,0.10975294825930772,0.0,0.0,340.6881589908153
0.007,27,205939248,0.11191026240261628,0.0,0.0,340.5615820083767
0.007,28,571904914,0.10942411175413859,0.0,0.0,340.80389398150146
0.007,29,948843457,0.11519576201064785,0.0,0.0,340.2219610288739
0.007,30,155492488,0.1071227791474645,0.0,0.0,340.5519939842634
0.007,31,1903701130,0.0968648643007692,0.0,0.0,340.6887149903923
0.007,32,1017961266,0.08370971960360603,0.0,0.0,340.79437202308327
0.007,33,1497769985,0.09865051245762899,0.0,0.0,343.7953669927083
0.007,34,456523489,0.09463398632913693,0.0,0.0,340.7814980018884
0.007,35,701095136,0.101704758013643,0.0,0.0,340.6621520407498
0.007,36,249069576,0.11397075897048724,0.0,0.0,342.6534160389565
0.007,37,1576098728,0.11527620777205476,0.0,0.0,340.5184210278094
0.007,38,1662748500,0.10305267999654147,0.0,0.0,340.46237799338996
0.007,39,472736216,0.10119743732420942,0.0,0.0,340.1972239953466
0.007,40,1535411295,0.10208282619864649,0.0,0.0,340.42401297483593
0.007,41,175223003,0.10581399432700916,0.0,0.0,340.7062600017525
0.007,42,840936862,0.10267151098231973,0.0,0.0,340.58252797694877
0.007,43,343373188,0.10788232966226619,0.0,0.0,340.5107220169157
0.007,44,1597751082,0.10445820782557692,0.0,0.0,340.5307280481793
0.007,45,730359585,0.09079161974938844,0.0,0.0,341.41257201554254
0.007,46,1016641002,0.11643196017521767,0.0,0.0,340.70043498650193
0.007,47,998994690,0.09652210249672276,0.0,0.0,352.34506899723783
0.007,48,1021240743,0.09429787082177987,0.0,0.0,343.1729159783572
0.007,49,572134801,0.10448786547816222,0.0,0.0,351.8963640090078
0.007,50,1198399760,0.08968444018023476,0.0,0.0,309.95247897226363
0.007,51,1751866485,0.1197866846786199,0.0,0.0,340.547816012986
0.007,52,1070889713,0.09357718858680496,0.0,0.0,340.7274420023896
0.007,53,415096539,0.10521408745849029,0.0,0.0,344.78205000050366
0.007,54,52416235,0.09652629820891413,0.0,0.0,340.48110904404894
0.007,55,278032723,0.11108797616543414,0.0,0.0,340.82784003112465
0.007,56,174946158,0.08857925910319546,0.0,0.0,345.8735509775579
0.007,57,196848554,0.09956787911218566,0.0,0.0,340.74859198881313
0.007,58,263030910,0.09941808095351878,0.0,0.0,340.6237860326655
0.007,59,1285415020,0.09787913281190343,0.0,0.0,351.6221859608777
0.007,60,1733223444,0.09187728493574517,0.0,0.0,340.2708809589967
0.007,61,1835544261,0.09308943029710853,0.0,0.0,340.16336395870894
0.007,62,1403186970,0.09486331528434483,0.0,0.0,340.5159480171278
0.007,63,1291971777,0.09873374482873866,0.0,0.0,340.9275729791261
0.007,64,712292067,0.10801982360803944,0.0,0.0,340.7073160051368
0.007,65,2001429764,0.10478969757824097,0.0,0.0,343.44175999285653
0.007,66,1375664061,0.11688918916301431,0.0,0.0,342.84480701899156
0.007,67,1556456120,0.10443903152352148,0.0,0.0,340.78907797811553
0.007,68,1576053187,0.0984713531413026,0.0,0.0,341.4120030356571
0.007,69,1848019881,0.09901427941361397,0.0,0.0,340.65485798055306
0.007,70,1508652585,0.10657227400748964,0.0,0.0,342.3899850458838
0.007,71,1995737731,0.10747441706458549,0.0,0.0,316.70380698051304
0.007,72,1162788447,0.10386398742217175,0.0,0.0,340.3480109991506
0.007,73,1172925522,0.11150903631841348,0.0,0.0,352.4286450119689
0.007,74,539174575,0.10941052775524929,0.0,0.0,341.02451603394
0.007,75,2013637345,0.1057068620058875,0.0,0.0,340.5339199816808
0.007,76,1187468716,0.10529822790129034,0.0,0.0,340.5861079809256
0.007,77,1062978506,0.11316346171838262,0.0,0.0,340.638708032202
0.007,78,679326770,0.10700664431848786,0.0,0.0,340.5445140087977
0.007,79,587923432,0.09571235429316625,0.0,0.0,340.8642209833488
0.007,80,1359889667,0.09084358999149815,0.0,0.0,349.1131369955838
0.007,81,970187386,0.10549883677414441,0.0,0.0,342.846637009643
0.007,82,1219839873,0.11813946834653087,0.0,0.0,313.34513798356056
0.007,83,1428160212,0.1213503937907816,0.0,0.0,340.3106180485338
0.007,84,1930609499,0.10049193602687741,0.0,0.0,340.5182840069756
0.007,85,710582861,0.10334820148106806,0.0,0.0,342.49745501438156
0.007,86,1463614337,0.0990570253593422,0.0,0.0,340.6626559444703
0.007,87,1940152705,0.10797079389522468,0.0,0.0,340.6057439860888
0.007,88,985452196,0.09460050607254049,0.0,0.0,350.1070770435035
0.007,89,552062587,0.11102907327966033,0.0,0.0,351.5882980427705
0.007,90,623566272,0.10968123436846766,0.0,0.0,348.9648250397295
0.007,91,729775797,0.10749489923951412,0.0,0.0,340.7989789848216
0.007,92,1352536665,0.09533417253056961,0.0,0.0,340.47231299337
0.007,93,555883440,0.11552757773092195,0.0,0.0,311.15939002484083
0.007,94,1801800003,0.10576641922046826,0.0,0.0,340.48250794876367
0.007,95,763315502,0.10064998119350847,0.0,0.0,348.2709070085548
0.007,96,138897982,0.098490016495766,0.0,0.0,340.6528140185401
0.007,97,10785379,0.1005607064176418,0.0,0.0,340.6406060094014
0.007,98,53923185,0.11104772606450977,0.0,0.0,340.5508349533193
0.007,99,1349917978,0.11254835135733061,0.0,0.0,340.80358903156593
0.0075,0,1501552845,0.103474621356664,0.0,0.0,340.5796169536188
0.0075,1,488200390,0.09332672345616304,0.0,0.0,340.6808720319532
0.0075,2,1693606510,0.11078195297525503,0.0,0.0,340.80260898917913
0.0075,3,680233354,0.1107401969856884,0.0,0.0,340.53103101905435
0.0075,4,438466540,0.10848870779205143,0.0,0.0,303.2063720165752
0.0075,5,1712329280,0.10715322610171217,0.0,0.0,340.4038379667327
0.0075,6,1380152455,0.1157198364415276,0.0,0.0,340.4826170299202
0.0075,7,1452245846,0.10734391994579208,0.0,0.0,340.7054350245744
0.0075,8,2122694021,0.10519836520822717,0.0,0.0,340.865412959829
0.0075,9,839901363,0.10377702712029024,0.0,0.0,340.60399199370295
0.0075,10,1802651552,0.08717277635685905,0.0,0.0,340.8306520432234
0.0075,11,714712467,0.08968770608243695,0.0,0.0,340.59961000457406
0.0075,12,1218704077,0.0994775372826544,0.0,0.0,340.54144303081557
0.0075,13,1284858263,0.11002053744924188,0.0,0.0,340.5780309694819
0.0075,14,457721135,0.09183298851927234,0.0,0.0,340.4469730448909
0.0075,15,401008609,0.103424462803902,0.0,0.0,312.6644989824854
0.0075,16,492064534,0.10563943048518876,0.0,0.0,340.4975330340676
0.0075,17,1444732602,0.10652816280819664,0.0,0.0,340.54028399987146
0.0075,18,1317426686,0.08464440901106418,0.0,0.0,340.5330780078657
0.0075,19,2022506251,0.1017317736827273,0.0,0.0,341.7237380053848
0.0075,20,1516459118,0.10819350100993007,0.0,0.0,340.64483997644857
0.0075,21,533103612,0.09025956574621315,0.0,0.0,348.16123894415796
0.0075,22,1964759878,0.10364023138376444,0.0,0.0,341.67721297126263
0.0075,23,2037706756,0.11323487687917476,0.0,0.0,340.9280880005099
0.0075,24,1572889065,0.10876610306258852,0.0,0.0,340.63840500311926
0.0075,25,1432881518,0.10437161306162458,0.0,0.0,340.55501996772364
0.0075,26,280516901,0.11154426685977761,0.0,0.0,300.3560689976439
0.0075,27,205939248,0.11141431074056962,0.0,0.0,340.3676130110398
0.0075,28,571904914,0.10747876376275577,0.0,0.0,340.5415060115047
0.0075,29,948843457,0.11875793736903649,0.0,0.0,340.7221650122665
0.0075,30,155492488,0.10207462752889353,0.0,0.0,340.74403502745554
0.0075,31,1903701130,0.09741309460183127,0.0,0.0,340.479519974906
0.0075,32,1017961266,0.0862908344572317,0.0,0.0,340.5320960446261
0.0075,33,1497769985,0.10046334794684031,0.0,0.0,340.5917420168407
0.0075,34,456523489,0.0937866968887677,0.0,0.0,341.7526630219072
0.0075,35,701095136,0.10411410062268103,0.0,0.0,340.7692839973606
0.0075,36,249069576,0.11368685300315533,0.0,0.0,340.74920299462974
0.0075,37,1576098728,0.11865095306611823,0.0,0.0,303.8298549945466
0.0075,38,1662748500,0.11366220021440808,0.0,0.0,340.15684499172494
0.0075,39,472736216,0.10414208710500891,0.0,0.0,344.2220540018752
0.0075,40,1535411295,0.10735347256108231,0.0,0.0,340.5446649994701
0.0075,41,175223003,0.10888912412464433,0.0,0.0,340.5768980155699
0.0075,42,840936862,0.10664603133783158,0.0,0.0,340.5724419862963
0.0075,43,343373188,0.10641701237278241,0.0,0.0,340.5518380459398
0.0075,44,1597751082,0.1084466250855762,0.0,0.0,340.65905294846743
0.0075,45,730359585,0.09463951984868921,0.0,0.0,349.0781919681467
0.0075,46,1016641002,0.11971507175523853,0.0,0.0,345.61173198744655
0.0075,47,998994690,0.09548122765196049,0.0,0.0,340.56724596302956
0.0075,48,1021240743,0.09834550392678988,0.0,0.0,305.6607929756865
0.0075,49,572134801,0.10896082686601505,0.0,0.0,305.75220804894343
0.0075,50,1198399760,0.11777659064196595,0.0,0.0,300.79539999132976
0.0075,51,1751866485,0.1170647626175566,0.0,0.0,306.1518199974671
0.0075,52,1070889713,0.09862807050900686,0.0,0.0,283.974825986661
0.0075,53,415096539,0.10459382252776002,0.0,0.0,305.32076995586976
0.0075,54,52416235,0.10077856975166895,0.0,0.0,291.7998139746487
0.0075,55,278032723,0.11103082578034942,0.0,0.0,307.99183796625584
0.0075,56,174946158,0.08731410181521329,0.0,0.0,296.80244298651814
0.0075,57,196848554,0.10683338725416064,0.0,0.0,304.22060599084944
0.0075,58,263030910,0.09423892384329409,0.0,0.0,290.77685199445114
0.0075,59,1285415020,0.10106524965718727,0.0,0.0,302.71478998474777
0.0075,60,1733223444,0.09360144461256602,0.0,0.0,302.7950600371696
0.0075,61,1835544261,0.09667144344313508,0.0,0.0,270.97749401582405
0.0075,62,1403186970,0.10227835788801025,0.0,0.0,308.6039120098576
0.0075,63,1291971777,0.09986631597084096,0.0,0.0,301.46060697734356
0.0075,64,712292067,0.11209414929037496,0.0,0.0,284.20899400953203
0.0075,65,2001429764,0.11058260601909489,0.0,0.0,296.6336370445788
0.0075,66,1375664061,0.11781596979703735,0.0,0.0,296.0384429898113
0.0075,67,1556456120,0.10346602748468305,0.0,0.0,304.1653779800981
0.0075,68,1576053187,0.09700726202080986,0.0,0.0,304.96895097894594
0.0075,69,1848019881,0.10470635982402539,0.0,0.0,306.45219201687723
0.0075,70,1508652585,0.1091539176150251,0.0,0.0,307.0656509953551
0.0075,71,1995737731,0.11568099181178723,0.0,0.0,291.0952650127001
0.0075,72,1162788447,0.10536053823717405,0.0,0.0,285.7018479844555
0.0075,73,1172925522,0.11792767012904273,0.0,0.0,290.37612897809595
0.0075,74,539174575,0.11589993365350014,0.0,0.0,247.80307000037283
0.0075,75,2013637345,0.10827371080396266,0.0,0.0,247.56716802949086
0.0075,76,1187468716,0.10745499761534952,0.0,0.0,290.3847629786469
0.0075,77,1062978506,0.1132242028230804,0.0,0.0,281.7980429972522
0.0075,78,679326770,0.11144392014227278,0.0,0.0,301.0486190323718
0.0075,79,587923432,0.10345392297546915,0.0,0.0,307.40688799414784
0.0075,80,1359889667,0.09073261636025685,0.0,0.0,300.3862440236844
0.0075,81,970187386,0.1093992270302813,0.0,0.0,300.4727330408059
0.0075,82,1219839873,0.11254772558376383,0.0,0.0,305.62321603065357
0.0075,83,1428160212,0.12454518809734155,0.0,0.0,304.08404901390895
0.0075,84,1930609499,0.0998409755227242,0.0,0.0,291.17808101000264
0.0075,85,710582861,0.1037263651578999,0.0,0.0,294.6350169950165
0.0075,86,1463614337,0.10590820992061963,0.0,0.0,303.4462539944798
0.0075,87,1940152705,0.11194546269898709,0.0,0.0,311.51789700379595
0.0075,88,985452196,0.09396603040762531,0.0,0.0,295.41548900306225
0.0075,89,552062587,0.11684217586604442,0.0,0.0,310.21354597760364
0.0075,90,623566272,0.10920545759387383,0.0,0.0,295.0092639657669
0.0075,91,729775797,0.11106932566359737,0.0,0.0,305.9977110242471
0.0075,92,1352536665,0.09660701340473803,0.0,0.0,296.41386604635045
0.0075,93,555883440,0.11480055001298334,0.0,0.0,305.5872080149129
0.0075,94,1801800003,0.10554484186228277,0.0,0.0,311.6144409868866
0.0075,95,763315502,0.09753348347038814,0.0,0.0,287.73489099694416
0.0075,96,138897982,0.09369789133998337,0.0,0.0,304.66354300733656
0.0075,97,10785379,0.09841838252515622,0.0,0.0,298.23437199229375
0.0075,98,53923185,0.11671232551764253,0.0,0.0,300.33250199630857
0.0075,99,1349917978,0.11288669660977084,0.0,0.0,302.44449799647555
0.0085,0,1501552845,0.11024029182380636,0.0,0.0,340.5388930113986
0.0085,1,488200390,0.09940959631777976,0.0,0.0,340.51346802152693
0.0085,2,1693606510,0.11427349725409282,0.0,0.0,340.5715720145963
0.0085,3,680233354,0.10739765849880478,0.0,0.0,340.5437899637036
0.0085,4,438466540,0.11596611006586297,0.0,0.0,305.37722003646195
0.0085,5,1712329280,0.10637203028372025,0.0,0.0,340.40280303452164
0.0085,6,1380152455,0.11520566949060139,0.0,0.0,340.47365898732096
0.0085,7,1452245846,0.11184630297155378,0.0,0.0,340.6913459766656
0.0085,8,2122694021,0.11024364044495202,0.0,0.0,340.8582819974981
0.0085,9,839901363,0.11659732581193744,0.0,0.0,340.7636019983329
0.0085,10,1802651552,0.08997134719658062,0.0,0.0,340.55975801311433
0.0085,11,714712467,0.09715646068309,0.0,0.0,340.4795340029523
0.0085,12,1218704077,0.09945107326200012,0.0,0.0,340.69665102288127
0.0085,13,1284858263,0.11050156895258909,0.0,0.0,340.6422520056367
0.0085,14,457721135,0.09524066192046145,0.0,0.0,340.5322289909236
0.0085,15,401008609,0.10617065491482745,0.0,0.0,304.7981390263885
0.0085,16,492064534,0.09812844954682216,0.0,0.0,340.59656399767846
0.0085,17,1444732602,0.10622708440916023,0.0,0.0,340.7466119970195
0.0085,18,1317426686,0.08970544873330223,0.0,0.0,344.0603769849986
0.0085,19,2022506251,0.10722971728065048,0.0,0.0,340.79254302196205
0.0085,20,1516459118,0.1165782027018506,0.0,0.0,340.9205370116979
0.0085,21,533103612,0.09486005782835699,0.0,0.0,341.1559459636919
0.0085,22,1964759878,0.10409088516744254,0.0,0.0,340.559983975254
0.0085,23,2037706756,0.1086558633573963,0.0,0.0,340.72253899648786
0.0085,24,1572889065,0.10963027729431107,0.0,0.0,340.6343919923529
0.0085,25,1432881518,0.10398107445972529,0.0,0.0,340.66373395035043
0.0085,26,280516901,0.10658031848701958,0.0,0.0,300.70822802372277
0.0085,27,205939248,0.10409462312279227,0.0,0.0,340.3373710461892
0.0085,28,571904914,0.1072744273736837,0.0,0.0,340.5645639868453
0.0085,29,948843457,0.1286232531010844,0.0,0.0,340.56385298026726
0.0085,30,155492488,0.10877756837170206,0.0,0.0,340.57986800326034
0.0085,31,1903701130,0.09333595997463957,0.0,0.0,340.5216140090488
0.0085,32,1017961266,0.08785379822407191,0.0,0.0,340.49068501917645
0.0085,33,1497769985,0.10219957078942868,0.0,0.0,340.5727539793588
0.0085,34,456523489,0.0997034368331014,0.0,0.0,342.310770007316
0.0085,35,701095136,0.09969298849285844,0.0,0.0,340.62778699444607
0.0085,36,249069576,0.11605034446695926,0.0,0.0,340.80120304133743
0.0085,37,1576098728,0.12310134043850579,0.0,0.0,303.8413320318796
0.0085,38,1662748500,0.11474925729892983,0.0,0.0,340.1404130272567
0.0085,39,472736216,0.10399214961604483,0.0,0.0,344.2383570363745
0.0085,40,1535411295,0.11828584280949563,0.0,0.0,340.6032109633088
0.0085,41,175223003,0.11458090249755065,0.0,0.0,340.61761701013893
0.0085,42,840936862,0.08989547053058558,0.0,0.0,340.57097003096715
0.0085,43,343373188,0.10579278845928518,0.0,0.0,340.82149900496006
0.0085,44,1597751082,0.10760278102079165,0.0,0.0,341.85331501066685
0.0085,45,730359585,0.10382248370336493,0.0,0.0,349.07808498246595
0.0085,46,1016641002,0.11735988298964484,0.0,0.0,342.9413050180301
0.0085,47,998994690,0.10516871948069863,0.0,0.0,340.868747967761
0.0085,48,1021240743,0.09809634078992023,0.0,0.0,312.32182402163744
0.0085,49,572134801,0.11163921269280068,0.0,0.0,312.26906803203747
0.0085,50,1198399760,0.09959324122253675,0.0,0.0,308.12110897386447
0.0085,51,1751866485,0.12293889423657872,0.0,0.0,306.2107560108416
0.0085,52,1070889713,0.09863342800456092,0.0,0.0,288.08335500070825
0.0085,53,415096539,0.10220961201614553,0.0,0.0,308.1712989951484
0.0085,54,52416235,0.10210294322648947,0.0,0.0,291.6555569972843
0.0085,55,278032723,0.11131489998316219,0.0,0.0,303.35954402107745
0.0085,56,174946158,0.08941189858898889,0.0,0.0,292.61593701085076
0.0085,57,196848554,0.10658066328697585,0.0,0.0,304.264699050691
0.0085,58,263030910,0.09329149367658682,0.0,0.0,290.7928340137005
0.0085,59,1285415020,0.10121689792136544,0.0,0.0,296.45716201048344
0.0085,60,1733223444,0.08970032210393349,0.0,0.0,302.80013603623956
0.0085,61,1835544261,0.09853289887436484,0.0,0.0,272.51376397907734
0.0085,62,1403186970,0.10127785276101697,0.0,0.0,299.88653399050236
0.0085,63,1291971777,0.10466704509356053,0.0,0.0,307.0093540009111
0.0085,64,712292067,0.11496333612361155,0.0,0.0,283.3457349915989
0.0085,65,2001429764,0.11220232560008551,0.0,0.0,296.67096299817786
0.0085,66,1375664061,0.11449545848911094,0.0,0.0,296.037541993428
0.0085,67,1556456120,0.10264921417013684,0.0,0.0,304.2304730042815
0.0085,68,1576053187,0.10113297572546309,0.0,0.0,304.991647019051
0.0085,69,1848019881,0.10817679954042468,0.0,0.0,306.46886897739023
0.0085,70,1508652585,0.11858054877932327,0.0,0.0,301.8940920010209
0.0085,71,1995737731,0.11550714266914833,0.0,0.0,286.28806699998677
0.0085,72,1162788447,0.1101452511725325,0.0,0.0,282.9242459847592
0.0085,73,1172925522,0.12131425283757943,0.0,0.0,290.3944920399226
0.0085,74,539174575,0.10497484481837487,0.0,0.0,262.4632449587807
0.0085,75,2013637345,0.11743267059638403,0.0,0.0,246.01528700441122
0.0085,76,1187468716,0.11009606245628006,0.0,0.0,276.43353602616116
0.0085,77,1062978506,0.12646004401753708,0.0,0.0,278.1884709838778
0.0085,78,679326770,0.11670569873758348,0.0,0.0,298.1665109982714
0.0085,79,587923432,0.10855921881968922,0.0,0.0,299.6115230489522
0.0085,80,1359889667,0.09233276568684638,0.0,0.0,303.28463000478223
0.0085,81,970187386,0.10590778536474714,0.0,0.0,300.88996002450585
0.0085,82,1219839873,0.1166496906020673,0.0,0.0,307.69174703164026
0.0085,83,1428160212,0.11870652796072073,0.0,0.0,303.8848959840834
0.0085,84,1930609499,0.10562887974097404,0.0,0.0,297.83686896553263
0.0085,85,710582861,0.10574121199799193,0.0,0.0,296.3324880111031
0.0085,86,1463614337,0.09274759486182046,0.0,0.0,300.1104290015064
0.0085,87,1940152705,0.11553700971282455,0.0,0.0,301.51434597792104
0.0085,88,985452196,0.09731403762111292,0.0,0.0,290.3959359973669
0.0085,89,552062587,0.12289999872794818,0.0,0.0,303.9839960401878
0.0085,90,623566272,0.11579227549957442,0.0,0.0,295.0852640205994
0.0085,91,729775797,0.10668245530502518,0.0,0.0,302.6936459937133
0.0085,92,1352536665,0.09796679262701527,0.0,0.0,296.46367096574977
0.0085,93,555883440,0.11777895884965453,0.0,0.0,302.39133397117257
0.0085,94,1801800003,0.10831838818429759,0.0,0.0,304.44490897934884
0.0085,95,763315502,0.1053199153568234,0.0,0.0,283.10484800022095
0.0085,96,138897982,0.09397433710346627,0.0,0.0,304.67364797368646
0.0085,97,10785379,0.10382554317120088,0.0,0.0,308.1466110306792
0.0085,98,53923185,0.12168254518078081,0.0,0.0,300.3903420176357
0.0085,99,1349917978,0.11114143752879901,0.0,0.0,298.3582919696346
0.008,0,1501552845,0.10636591429388208,0.0,0.0,340.75276501243934
0.008,1,488200390,0.0947720160738098,0.0,0.0,340.7016909914091
0.008,2,1693606510,0.1142287591697469,0.0,0.0,340.5624079750851
0.008,3,680233354,0.10938131647479991,0.0,0.0,340.57210496393964
0.008,4,438466540,0.11160418737764587,0.0,0.0,303.1681730062701
0.008,5,1712329280,0.10534929376265333,0.0,0.0,340.58088599704206
0.008,6,1380152455,0.1143586579861401,0.0,0.0,340.7072140253149
0.008,7,1452245846,0.10496797876795756,0.0,0.0,340.60801996383816
0.008,8,2122694021,0.11204798252401485,0.0,0.0,340.6217739684507
0.008,9,839901363,0.10761737018958292,0.0,0.0,340.4817519476637
0.008,10,1802651552,0.0874467735386687,0.0,0.0,340.63942002831027
0.008,11,714712467,0.09424279417545059,0.0,0.0,340.49179701833054
0.008,12,1218704077,0.10234513011238658,0.0,0.0,340.5820890329778
0.008,13,1284858263,0.11028213485495712,0.0,0.0,340.6339500215836
0.008,14,457721135,0.09345507553483492,0.0,0.0,340.4617659980431
0.008,15,401008609,0.11057313309200788,0.0,0.0,304.7460640082136
0.008,16,492064534,0.09558536134472519,0.0,0.0,340.5803610221483
0.008,17,1444732602,0.10580836366124555,0.0,0.0,340.5207779724151
0.008,18,1317426686,0.08755356404355437,0.0,0.0,342.19883498735726
0.008,19,2022506251,0.10445813415964303,0.0,0.0,341.6039730072953
0.008,20,1516459118,0.10847344566843523,0.0,0.0,340.6505989842117
0.008,21,533103612,0.09331269106902103,0.0,0.0,341.145079000853
0.008,22,1964759878,0.10584262556357467,0.0,0.0,340.76497197384015
0.008,23,2037706756,0.1121758818205628,0.0,0.0,340.903531992808
0.008,24,1572889065,0.11274800087298206,0.0,0.0,340.6452769995667
0.008,25,1432881518,0.10699511771854144,0.0,0.0,340.6205080100335
0.008,26,280516901,0.11491153393439882,0.0,0.0,300.37974304286763
0.008,27,205939248,0.11364027029110979,0.0,0.0,340.3444049763493
0.008,28,571904914,0.10724162201427896,0.0,0.0,340.50827799364924
0.008,29,948843457,0.12234567299696578,0.0,0.0,340.61621699947864
0.008,30,155492488,0.10176969940280078,0.0,0.0,340.625083015766
0.008,31,1903701130,0.09674125678290367,0.0,0.0,340.6322219525464
0.008,32,1017961266,0.08858899159122659,0.0,0.0,340.52081196568906
0.008,33,1497769985,0.09976139691629662,0.0,0.0,342.02021500095725
0.008,34,456523489,0.11387717481549293,0.0,0.0,344.3973539979197
0.008,35,701095136,0.09224935741836646,0.0,0.0,340.60684603173286
0.008,36,249069576,0.11610199472046584,0.0,0.0,341.00050799315795
0.008,37,1576098728,0.12404311534896627,0.0,0.0,300.14138302067295
0.008,38,1662748500,0.11463070071292118,0.0,0.0,340.1131699793041
0.008,39,472736216,0.10415236239385993,0.0,0.0,340.5851609422825
0.008,40,1535411295,0.10222696607727191,0.0,0.0,340.7785969902761
0.008,41,175223003,0.10771606074409934,0.0,0.0,340.5997969675809
0.008,42,840936862,0.09648122936200819,0.0,0.0,340.58045397978276
0.008,43,343373188,0.10483678632827416,0.0,0.0,340.54423100315034
0.008,44,1597751082,0.10381423193419473,0.0,0.0,342.2016400145367
0.008,45,730359585,0.10847199481676635,0.0,0.0,340.7329519977793
0.008,46,1016641002,0.11853994110476226,0.0,0.0,340.695389022585
0.008,47,998994690,0.10009713762568351,0.0,0.0,341.3625900284387
0.008,48,1021240743,0.10127483722044266,0.0,0.0,305.6906450074166
0.008,49,572134801,0.10671187862269196,0.0,0.0,305.75673398561776
0.008,50,1198399760,0.09396628173582074,0.0,0.0,300.7979769608937
0.008,51,1751866485,0.12443285936580065,0.0,0.0,306.1614220496267
0.008,52,1070889713,0.09526624101796201,0.0,0.0,283.9662460028194
0.008,53,415096539,0.10464674490587965,0.0,0.0,305.29821797972545
0.008,54,52416235,0.10061702529227158,0.0,0.0,292.46234300080687
0.008,55,278032723,0.11362700484462153,0.0,0.0,308.4794559981674
0.008,56,174946158,0.09203014801400851,0.0,0.0,292.5898359972052
0.008,57,196848554,0.1049709672185351,0.0,0.0,306.5855600289069
0.008,58,263030910,0.0958018340255448,0.0,0.0,297.1985069452785
0.008,59,1285415020,0.09955477502075963,0.0,0.0,295.9437769604847
0.008,60,1733223444,0.09098599863616755,0.0,0.0,302.7814269880764
0.008,61,1835544261,0.09622441112039085,0.0,0.0,272.953549050726
0.008,62,1403186970,0.1040199225809412,0.0,0.0,308.5714610060677
0.008,63,1291971777,0.1008921371294111,0.0,0.0,306.9782209931873
0.008,64,712292067,0.10566543283529274,0.0,0.0,284.19306402793154
0.008,65,2001429764,0.11039322457046834,0.0,0.0,296.6150770080276
0.008,66,1375664061,0.11999101146625639,0.0,0.0,296.06168100144714
0.008,67,1556456120,0.10196354847861602,0.0,0.0,296.84785002609715
0.008,68,1576053187,0.0959507914303378,0.0,0.0,304.96317200595513
0.008,69,1848019881,0.10583792745637388,0.0,0.0,306.3637989689596
0.008,70,1508652585,0.11171052365700443,0.0,0.0,307.0608520065434
0.008,71,1995737731,0.11805841842000313,0.0,0.0,286.7148740333505
0.008,72,1162788447,0.11041505021576462,0.0,0.0,282.94496500166133
0.008,73,1172925522,0.11627536241495383,0.0,0.0,290.3805419919081
0.008,74,539174575,0.10469287852886978,0.0,0.0,262.4228989589028
0.008,75,2013637345,0.11364709330412116,0.0,0.0,247.36023996956646
0.008,76,1187468716,0.11003316088159742,0.0,0.0,288.9049439691007
0.008,77,1062978506,0.122768022677915,0.0,0.0,285.1270040264353
0.008,78,679326770,0.11251879106793045,0.0,0.0,301.09489598544315
0.008,79,587923432,0.1076864246701327,0.0,0.0,304.9824589979835
0.008,80,1359889667,0.09229379081883005,0.0,0.0,297.8997199679725
0.008,81,970187386,0.10798431420802987,0.0,0.0,297.54888103343546
0.008,82,1219839873,0.11609039394463394,0.0,0.0,304.8674010206014
0.008,83,1428160212,0.125779335586267,0.0,0.0,304.07515895785764
0.008,84,1930609499,0.10208162923528083,0.0,0.0,292.2428480233066
0.008,85,710582861,0.10980184270309117,0.0,0.0,292.1141469851136
0.008,86,1463614337,0.10408735722767574,0.0,0.0,300.06208398845047
0.008,87,1940152705,0.1166934229403424,0.0,0.0,305.0827350234613
0.008,88,985452196,0.09545907352352662,0.0,0.0,290.323601977434
0.008,89,552062587,0.10242956776006822,0.0,0.0,304.4140149722807
0.008,90,623566272,0.11096245667794769,0.0,0.0,295.49282195512205
0.008,91,729775797,0.11083025407458058,0.0,0.0,302.6617529685609
0.008,92,1352536665,0.09478668163318141,0.0,0.0,300.1782370265573
0.008,93,555883440,0.11648586589817225,0.0,0.0,302.37655696691945
0.008,94,1801800003,0.10898380958790527,0.0,0.0,306.7360209533945
0.008,95,763315502,0.10209872452934211,0.0,0.0,283.0809190054424
0.008,96,138897982,0.0969096257946269,0.0,0.0,304.679638997186
0.008,97,10785379,0.10049943170295939,0.0,0.0,308.150333003141
0.008,98,53923185,0.11718584798098472,0.0,0.0,301.62081198068336
0.008,99,1349917978,0.11301496354307117,0.0,0.0,306.2713730032556
0.009,0,1501552845,0.11274030081091628,0.0,0.0,340.4587429831736
0.009,1,488200390,0.10283523372588921,0.0,0.0,340.49981203861535
0.009,2,1693606510,0.11282180278301907,0.0,0.0,340.487552981358
0.009,3,680233354,0.11159246110135156,0.0,0.0,340.61738196760416
0.009,4,438466540,0.11920718052814822,0.0,0.0,306.4507450326346
0.009,5,1712329280,0.10348782711211808,0.0,0.0,340.38237703498453
0.009,6,1380152455,0.10039038841613465,0.0,0.0,340.4724990250543
0.009,7,1452245846,0.1063371772788997,0.0,0.0,340.77510196948424
0.009,8,2122694021,0.11415986081945079,0.0,0.0,340.571845008526
0.009,9,839901363,0.10960842090286561,0.0,0.0,340.4671560274437
0.009,10,1802651552,0.08735733872301107,0.0,0.0,340.854145004414
0.009,11,714712467,0.0921751029831841,0.0,0.0,340.6790680019185
0.009,12,1218704077,0.10701169949453003,0.0,0.0,340.5683960299939
0.009,13,1284858263,0.11070044810536879,0.0,0.0,340.48012999119237
0.009,14,457721135,0.09585073378232571,0.0,0.0,340.5095610069111
0.009,15,401008609,0.10778193473425986,0.0,0.0,304.75067999213934
0.009,16,492064534,0.09935480449084685,0.0,0.0,342.3557450296357
0.009,17,1444732602,0.10593613768025889,0.0,0.0,340.54450294934213
0.009,18,1317426686,0.09039819670397262,0.0,0.0,340.5197629472241
0.009,19,2022506251,0.11534565081120197,0.0,0.0,340.5588759924285
0.009,20,1516459118,0.1189331415039466,0.0,0.0,340.67094704369083
0.009,21,533103612,0.10883180879126544,0.0,0.0,348.18660403834656
0.009,22,1964759878,0.10730145677436333,0.0,0.0,340.5071300221607
0.009,23,2037706756,0.1087338736674113,0.0,0.0,340.75825597392395
0.009,24,1572889065,0.11603175423491406,0.0,0.0,340.7564440276474
0.009,25,1432881518,0.11114295095278647,0.0,0.0,340.5744530027732
0.009,26,280516901,0.10834701699103354,0.0,0.0,297.8068530210294
0.009,27,205939248,0.1142067248292293,0.0,0.0,340.27218795381486
0.009,28,571904914,0.10893676418632432,0.0,0.0,340.8032729639672
0.009,29,948843457,0.12428155943802513,0.0,0.0,340.56364896241575
0.009,30,155492488,0.10798181709136305,0.0,0.0,340.7659289659932
0.009,31,1903701130,0.10205896496014066,0.0,0.0,340.75805597240105
0.009,32,1017961266,0.09081690233393623,0.0,0.0,340.5220319982618
0.009,33,1497769985,0.10488699052882787,0.0,0.0,340.6504460144788
0.009,34,456523489,0.10057953920662943,0.0,0.0,340.72857297724113
0.009,35,701095136,0.1048762396868819,0.0,0.0,340.6346379779279
0.009,36,249069576,0.12176897729823992,0.0,0.0,340.6555759720504
0.009,37,1576098728,0.1250846396624425,0.0,0.0,300.14550499618053
0.009,38,1662748500,0.10934227700528502,0.0,0.0,340.11280396953225
0.009,39,472736216,0.10795430767175908,0.0,0.0,340.617575973738
0.009,40,1535411295,0.11458312710491576,0.0,0.0,340.5630730558187
0.009,41,175223003,0.11242382888775475,0.0,0.0,340.57623299304396
0.009,42,840936862,0.11809499654800021,0.0,0.0,340.67026199772954
0.009,43,343373188,0.10853174985258453,0.0,0.0,340.5604939907789
0.009,44,1597751082,0.10820695146553294,0.0,0.0,341.9466100167483
0.009,45,730359585,0.10434643796309681,0.0,0.0,350.7496539968997
0.009,46,1016641002,0.12294685824728162,0.0,0.0,341.5424450067803
0.009,47,998994690,0.1054913293138869,0.0,0.0,340.6305370153859
0.009,48,1021240743,0.10596923011886647,0.0,0.0,312.3196979868226
0.009,49,572134801,0.10793503123922374,0.0,0.0,311.7906679981388
0.009,50,1198399760,0.09629560110726716,0.0,0.0,308.1775809987448
0.009,51,1751866485,0.1262430345631523,0.0,0.0,309.311933000572
0.009,52,1070889713,0.1017442855797656,0.0,0.0,288.805941992905
0.009,53,415096539,0.1030364433695219,0.0,0.0,309.04382304288447
0.009,54,52416235,0.10130457832783729,0.0,0.0,295.6405110307969
0.009,55,278032723,0.12106661933789066,0.0,0.0,307.9851379734464
0.009,56,174946158,0.089603716274275,0.0,0.0,299.9089289805852
0.009,57,196848554,0.10647489796480131,0.0,0.0,311.90143496496603
0.009,58,263030910,0.09826575894785637,0.0,0.0,293.8025920302607
0.009,59,1285415020,0.10093765604214165,0.0,0.0,302.11891600629315
0.009,60,1733223444,0.09839512945607888,0.0,0.0,308.831772999838
0.009,61,1835544261,0.09872529211595038,0.0,0.0,272.49891497194767
0.009,62,1403186970,0.1042973344635477,0.0,0.0,299.8958819662221
0.009,63,1291971777,0.10432400212374132,0.0,0.0,308.43032302800566
0.009,64,712292067,0.10841171108546176,0.0,0.0,283.3908800384961
0.009,65,2001429764,0.11291820671659977,0.0,0.0,299.0948250517249
0.009,66,1375664061,0.1131984073116597,0.0,0.0,304.18754497077316
0.009,67,1556456120,0.1091139633017389,0.0,0.0,296.8625749927014
0.009,68,1576053187,0.10406040844890746,0.0,0.0,311.4572750055231
0.009,69,1848019881,0.10479281724365615,0.0,0.0,312.8404160379432
0.009,70,1508652585,0.12068433173853547,0.0,0.0,307.7228339971043
0.009,71,1995737731,0.12034134173777535,0.0,0.0,291.09094897285104
0.009,72,1162788447,0.1130163592746351,0.0,0.0,285.6585439876653
0.009,73,1172925522,0.12167682355375414,0.0,0.0,297.1159990411252
0.009,74,539174575,0.10546273820922634,0.0,0.0,246.17772101191804
0.009,75,2013637345,0.11919552106095066,0.0,0.0,247.57832603063434
0.009,76,1187468716,0.11212039402635757,0.0,0.0,288.7955500045791
0.009,77,1062978506,0.12121565027510675,0.0,0.0,281.7796780145727
0.009,78,679326770,0.11679075464167316,0.0,0.0,304.13914896780625
0.009,79,587923432,0.11041158442271073,0.0,0.0,307.4023960507475
0.009,80,1359889667,0.09205912237484049,0.0,0.0,299.35059999115765
0.009,81,970187386,0.10627074868318762,0.0,0.0,300.4311330150813
0.009,82,1219839873,0.1197507592542249,0.0,0.0,307.6657570200041
0.009,83,1428160212,0.1276378075853167,0.0,0.0,310.6773130130023
0.009,84,1930609499,0.10165951151011351,0.0,0.0,297.8616899927147
0.009,85,710582861,0.10613926158997447,0.0,0.0,296.6951110283844
0.009,86,1463614337,0.10109714673392774,0.0,0.0,307.0476690190844
0.009,87,1940152705,0.10866746164360216,0.0,0.0,307.9142919741571
0.009,88,985452196,0.09873688214279328,0.0,0.0,295.43491097865626
0.009,89,552062587,0.1101745161766531,0.0,0.0,310.1649319869466
0.009,90,623566272,0.11352167225309477,0.0,0.0,301.1825089924969
0.009,91,729775797,0.10997435314614389,0.0,0.0,310.84844400174916
0.009,92,1352536665,0.0898684545311904,0.0,0.0,300.19829398952425
0.009,93,555883440,0.11972685858305718,0.0,0.0,308.4219750016928
0.009,94,1801800003,0.11072080209391329,0.0,0.0,311.6155560128391
0.009,95,763315502,0.09728524559234403,0.0,0.0,283.1749200122431
0.009,96,138897982,0.09458390042805652,0.0,0.0,308.1499100080691
0.009,97,10785379,0.10988941109880847,0.0,0.0,311.6232380270958
0.009,98,53923185,0.10776327964473228,0.0,0.0,304.5980549650267
0.009,99,1349917978,0.11851969290789312,0.0,0.0,306.2507630093023
0.0095,0,1501552845,0.10868931664120417,0.0,0.0,340.47957201255485
0.0095,1,488200390,0.1047362132628639,0.0,0.0,340.5099489609711
0.0095,2,1693606510,0.11557882678350592,0.0,0.0,340.50347399897873
0.0095,3,680233354,0.11325014541807482,0.0,0.0,340.85003298241645
0.0095,4,438466540,0.12413003726666441,0.0,0.0,308.1568460329436
0.0095,5,1712329280,0.10755317666074457,0.0,0.0,340.3997910209
0.0095,6,1380152455,0.09846823850328394,0.0,0.0,340.4728469904512
0.0095,7,1452245846,0.10665974463371476,0.0,0.0,340.60473600402474
0.0095,8,2122694021,0.12160186238530808,0.0,0.0,340.58225102489814
0.0095,9,839901363,0.10801251094985,0.0,0.0,340.4799129930325
0.0095,10,1802651552,0.09190864981794497,0.0,0.0,340.61157499672845
0.0095,11,714712467,0.09660837549629009,0.0,0.0,340.6914149527438
0.0095,12,1218704077,0.1066807396012284,0.0,0.0,340.5105890124105
0.0095,13,1284858263,0.10935988912878308,0.0,0.0,340.51681600976735
0.0095,14,457721135,0.10108899575907723,0.0,0.0,340.60849697561935
0.0095,15,401008609,0.11392614006115069,0.0,0.0,306.43623700598255
0.0095,16,492064534,0.10464766958882087,0.0,0.0,340.5254280078225
0.0095,17,1444732602,0.10522360880421036,0.0,0.0,340.53781599504873
0.0095,18,1317426686,0.08767238736982869,0.0,0.0,340.42160300305113
0.0095,19,2022506251,0.11227639818044757,0.0,0.0,341.55608800938353
0.0095,20,1516459118,0.12319571311849696,0.0,0.0,340.6619079760276
0.0095,21,533103612,0.10300868300997691,0.0,0.0,347.98933495767415
0.0095,22,1964759878,0.10467035667225415,0.0,0.0,340.6533050001599
0.0095,23,2037706756,0.11263706297494963,0.0,0.0,340.68255696911365
0.0095,24,1572889065,0.11408595797888998,0.0,0.0,340.7505640061572
0.0095,25,1432881518,0.10715908367146341,0.0,0.0,340.60857602162287
0.0095,26,280516901,0.10827201486327037,0.0,0.0,297.79849003534764
0.0095,27,205939248,0.11571312517881828,0.0,0.0,340.2785380021669
0.0095,28,571904914,0.11049046101889569,0.0,0.0,340.47783800633624
0.0095,29,948843457,0.10891169609349423,0.0,0.0,340.9511909703724
0.0095,30,155492488,0.11186429241168391,0.0,0.0,340.513744042255
0.0095,31,1903701130,0.10190620834547812,0.0,0.0,340.6180019956082
0.0095,32,1017961266,0.09242640416058402,0.0,0.0,340.7351409550756
0.0095,33,1497769985,0.10635947063694355,0.0,0.0,341.2551269866526
0.0095,34,456523489,0.10360079336816069,0.0,0.0,342.3068810370751
0.0095,35,701095136,0.09963596632887402,0.0,0.0,340.6478220131248
0.0095,36,249069576,0.12607868127869665,0.0,0.0,340.8344159834087
0.0095,37,1576098728,0.12691329227233122,0.0,0.0,303.87943104142323
0.0095,38,1662748500,0.10680537444375823,0.0,0.0,340.14362801099196
0.0095,39,472736216,0.11101493903060457,0.0,0.0,344.2293200059794
0.0095,40,1535411295,0.11804902593409453,0.0,0.0,340.79887002008036
0.0095,41,175223003,0.11476259937998816,0.0,0.0,340.61988396570086
0.0095,42,840936862,0.11956903727187104,0.0,0.0,340.572009969037
0.0095,43,343373188,0.11022215871507672,0.0,0.0,340.53653897717595
0.0095,44,1597751082,0.11324486731860095,0.0,0.0,341.9325309805572
0.0095,45,730359585,0.10322539422013086,0.0,0.0,350.7909569889307
0.0095,46,1016641002,0.1177803622276429,0.0,0.0,340.5759499873966
0.0095,47,998994690,0.11237198194476547,0.0,0.0,341.40285197645426
0.0095,48,1021240743,0.10807108463751582,0.0,0.0,312.34818999655545
0.0095,49,572134801,0.11038253422978812,0.0,0.0,311.7978050140664
0.0095,50,1198399760,0.10277259016294832,0.0,0.0,308.1640250165947
0.0095,51,1751866485,0.11489363075612305,0.0,0.0,312.0966530404985
0.0095,52,1070889713,0.10653090309198973,0.0,0.0,288.8122000149451
0.0095,53,415096539,0.11120399921485098,0.0,0.0,310.9680280322209
0.0095,54,52416235,0.10348481702727678,0.0,0.0,295.6903310259804
0.0095,55,278032723,0.12105964843774668,0.0,0.0,307.9990250407718
0.0095,56,174946158,0.10152094457993377,0.0,0.0,299.93623902555555
0.0095,57,196848554,0.10926006998095525,0.0,0.0,311.8932410143316
0.0095,58,263030910,0.1060852814656518,0.0,0.0,293.8109739916399
0.0095,59,1285415020,0.10530102472173275,0.0,0.0,302.15559201315045
0.0095,60,1733223444,0.10261621088225595,0.0,0.0,309.1660459758714
0.0095,61,1835544261,0.09940158824854528,0.0,0.0,272.52522797789425
0.0095,62,1403186970,0.1080447138265633,0.0,0.0,308.60875197686255
0.0095,63,1291971777,0.10717429760471928,0.0,0.0,308.4452060284093
0.0095,64,712292067,0.10587741055866744,0.0,0.0,284.5479300012812
0.0095,65,2001429764,0.11646856317935365,0.0,0.0,299.08357304520905
0.0095,66,1375664061,0.1124232762748873,0.0,0.0,305.6559980032034
0.0095,67,1556456120,0.09785531600877248,0.0,0.0,305.2205299609341
0.0095,68,1576053187,0.10464851528987468,0.0,0.0,311.465946957469
0.0095,69,1848019881,0.11191752501435055,0.0,0.0,312.82459100475535
0.0095,70,1508652585,0.12443374801125172,0.0,0.0,307.7153909835033
0.0095,71,1995737731,0.12312269811732283,0.0,0.0,291.1207290017046
0.0095,72,1162788447,0.11099788146708847,0.0,0.0,285.7200019643642
0.0095,73,1172925522,0.1279032263057022,0.0,0.0,297.14295198209584
0.0095,74,539174575,0.10659699728325257,0.0,0.0,245.9594770334661
0.0095,75,2013637345,0.1218319664513285,0.0,0.0,245.66626397427171
0.0095,76,1187468716,0.10824012840628489,0.0,0.0,274.33541999198496
0.0095,77,1062978506,0.12265951734943445,0.0,0.0,285.1722789928317
0.0095,78,679326770,0.11406398569714873,0.0,0.0,304.7859930084087
0.0095,79,587923432,0.11002796131837056,0.0,0.0,307.401956000831
0.0095,80,1359889667,0.09200545231498679,0.0,0.0,303.1509180436842
0.0095,81,970187386,0.10868328389929363,0.0,0.0,300.43705698335543
0.0095,82,1219839873,0.12006405134608635,0.0,0.0,312.6289430074394
0.0095,83,1428160212,0.12716862208180005,0.0,0.0,308.0194250214845
0.0095,84,1930609499,0.1055477202184125,0.0,0.0,297.8730669710785
0.0095,85,710582861,0.1053804202949122,0.0,0.0,300.85266300011426
0.0095,86,1463614337,0.09221060085766679,0.0,0.0,307.06088396254927
0.0095,87,1940152705,0.10922818663099186,0.0,0.0,311.5891490015201
0.0095,88,985452196,0.10299857630798664,0.0,0.0,295.4504559747875
0.0095,89,552062587,0.10810764344337644,0.0,0.0,310.223052976653
0.0095,90,623566272,0.11048873911677241,0.0,0.0,305.82117702579126
0.0095,91,729775797,0.12214945055002917,0.0,0.0,310.86650397628546
0.0095,92,1352536665,0.10244695602984329,0.0,0.0,300.12904497561976
0.0095,93,555883440,0.12092414846612969,0.0,0.0,308.39414399815723
0.0095,94,1801800003,0.11076594874742221,0.0,0.0,311.6163599770516
0.0095,95,763315502,0.10551526164086868,0.0,0.0,285.96400702372193
0.0095,96,138897982,0.10251299167901545,0.0,0.0,308.1777659826912
0.0095,97,10785379,0.11185447623019375,0.0,0.0,311.62106001283973
0.0095,98,53923185,0.11053657447086311,0.0,0.0,304.585360980127
0.0095,99,1349917978,0.11338867782988316,0.0,0.0,306.2164550065063
