id,frame,t,x,y,v,phi,phi_dot,a
18,251,10.0,217.76,34.63,40.74004418259754,0.0060974854076807,,0.2121320343559642
20,251,10.0,91.13,34.7,23.82005247685236,0.0,,0.0412310562561766
22,251,10.0,58.84,34.89,23.310308878262425,-0.0106378965755393,,0.2624880949681337
23,251,10.0,85.36,30.69,36.45019753032897,0.0068026161548074,,0.131529464379659
24,251,10.0,32.66,34.68,23.75,0,0,0
26,251,10.0,23.78,30.77,37.97029628538603,0.0065358546459321,,0.3176476034853718
40,251,10.0,406.72,42.15,41.33184002678807,-3.1415926536,,-0.3862641583
41,251,10.0,328.53,53.39,23.830102811360256,-3.1415926536,,-0.0640312424
44,251,10.0,267.19,43.86,23.46001918157784,-3.1415926536,,-0.0223606798
45,251,10.0,406.54,44.64,38.69068363314352,-3.1415926536,,-0.2370653918
18,252,10.04,219.4,34.64,40.7500441717552,0.0,-0.1524371351920185,0.2121320343559642
20,252,10.04,92.08,34.7,23.810052498892144,-0.0105259270317307,-0.2631481757932692,0.0412310562561766
22,252,10.04,59.78,34.88,23.32036234709916,0.0,0.2659474143884838,0.2624880949681337
23,252,10.04,86.83,30.7,36.44019758453568,0.0,-0.1700654038701866,0.1414213562373095
24,252,10.04,33.61,34.68,23.75,0,-0.066136949,-1.5583664311
26,252,10.04,25.31,30.78,37.98025802966588,0.0,-0.1633963661483043,0.3138470965295043
40,252,10.04,405.08,42.17,41.3317468781565,3.1293981361,0.1542623483,-0.3862641583
41,252,10.04,327.58,53.38,23.830102811360256,-3.1310667266,-0.2631481758,-0.0640312424
44,252,10.04,266.25,43.86,23.46001918157784,-3.1415926536,0.2659474144,-0.0223606798
45,252,10.04,404.99,44.65,38.690625479565455,3.1351411302,-0.0010472959,-0.2370653918
18,253,10.08,221.03,34.64,40.76004416091818,0.0,0.0,0.2137755832643194
20,253,10.08,93.03,34.69,23.810052498892144,0.0,0.2631481757932692,0.0412310562561766
22,253,10.08,60.73,34.88,23.330362191787763,-0.0106378965755468,-0.2659474143886707,0.2596150997149434
23,253,10.08,88.28,30.7,36.44019758453568,0.0068492079639361,0.1712301990984037,0.1513274595042155
24,253,10.08,34.56,34.68,23.6253306855,-0.0052909559,-0.0664887346,-3.1208444443
26,253,10.08,26.83,30.78,37.990222426303326,0.0065358546459298,0.1633963661482459,0.3138470965295043
40,253,10.08,403.42,42.18,41.32156821806259,3.1355686301,-0.148786297,-0.3862641583
41,253,10.08,326.63,53.38,23.830102811360256,-3.1415926536,-0.0,-0.0640312424
44,253,10.08,265.31,43.85,23.46001918157784,-3.130954757,-0.2659474144,-0.0223606798
45,253,10.08,403.45,44.66,38.6905699105092,3.1350992384,0.0020811654,-0.2370653918
18,254,10.12,222.66,34.64,40.77004415008647,0.0,0.0,0.2137755832643194
20,254,10.12,93.97,34.69,23.810052498892144,0.0,0.0,0.0412310562561766
22,254,10.12,61.67,34.87,23.34041987625758,0.0,0.2659474143886707,0.2596150997149434
23,254,10.12,89.74,30.71,36.43019763877215,0.0,-0.1712301990984037,0.161245154965971
24,254,10.12,35.5,34.67,23.5003324445,-0.0053190988,0.066136949,-1.566633569
26,254,10.12,28.36,30.79,38.00018947321184,0.0,-0.1633963661482459,0.3106444913401813
40,254,10.12,401.75,42.2,41.311482665234855,3.1296171782,0.148786297,-0.3862641583
41,254,10.12,325.66,53.38,23.830102811360256,-3.1415926536,0.2631481758,-0.0640312424
44,254,10.12,264.37,43.85,23.46001918157784,-3.1415926536,-0.0,-0.0223606798
45,254,10.12,401.89,44.67,38.68051705962576,3.135182485,-0.0020811654,-0.2370653918
18,255,10.16,224.3,34.64,40.78004413926008,0.0,0.0,0.215870331449229
20,255,10.16,94.93,34.69,23.810052498892144,0.0,0.0,0.0509901951359278
22,255,10.16,62.6,34.87,23.35041969644229,-0.0106378965755393,-0.2659474143884838,0.2596150997149434
23,255,10.16,91.19,30.71,36.4201976930384,0.0068492079639336,0.1712301990983413,0.161245154965971
24,255,10.16,36.44,34.67,23.5,0,0.0664887346,1.5583444443
26,255,10.16,29.88,30.79,38.010159168306565,0.0,0.0,0.3023243291566195
40,255,10.16,400.09,42.21,41.311318061761234,3.1355686301,-0.0009127086,-0.3862641583
41,255,10.16,324.71,53.37,23.820102854521853,-3.1310667266,-0.2631481758,-0.0583095189
44,255,10.16,263.43,43.85,23.46001918157784,-3.1415926536,-0.0,-0.0223606798
45,255,10.16,400.35,44.68,38.68046664661635,3.1350992384,0.0020811654,-0.2370653918
18,256,10.2,225.93,34.64,40.790044128438986,0.0061348923578747,0.1533723089468677,0.2256102834535695
20,256,10.2,95.89,34.69,23.810052498892144,-0.0105259270317232,-0.2631481757930822,0.0509901951359278
22,256,10.2,63.54,34.86,23.36048158750157,-0.0106378965755392,1.9949319973733278e-15,0.2570992026436488
23,256,10.2,92.65,30.72,36.4201976930384,0.0,-0.1712301990983413,0.1711724276862369
24,256,10.2,37.38,34.67,23.625,0,0,1.5625
26,256,10.2,31.42,30.79,38.02013150950428,0.0064515233929696,0.1612880848242414,0.3
40,256,10.2,398.44,42.22,41.30123969083736,3.1355321217,-0.1460916925,-0.3862641583
41,256,10.2,323.75,53.37,23.82013434051118,-3.1415926536,-0.0,-0.0583095189
44,256,10.2,262.49,43.85,23.46001918157784,-3.1415926536,-0.0,-0.0223606798
45,256,10.2,398.79,44.69,38.67041892713344,3.135182485,0.1602542153,-0.2370653918
18,257,10.24,227.56,34.65,40.790044128438986,0.0,-0.1533723089468677,0.2256102834535695
20,257,10.24,96.84,34.68,23.80005252095045,0.0,0.2631481757930822,0.0509901951359278
22,257,10.24,64.48,34.85,23.370481381435003,0.0,0.2659474143884818,0.2570992026436488
23,257,10.24,94.11,30.72,36.41019774733447,0.0068492079639361,0.1712301990984037,0.1711724276862369
24,257,10.24,38.33,34.67,23.625,0,-0.0664887346,-1.5583444443
26,257,10.24,32.97,30.8,38.03010649472336,0.0,-0.1612880848242414,0.2920616373302047
40,257,10.24,396.76,42.24,41.30108957400518,3.129688454,0.1460916925,-0.3862641583
41,257,10.24,322.8,53.37,23.82013434051118,-3.1415926536,-0.0,-0.05
44,257,10.24,261.56,43.85,23.46001918157784,-3.1415926536,-0.0,-0.0223606798
45,257,10.24,397.25,44.69,38.670373672877794,-3.1415926536,-0.1612880848,-0.2370653918
18,258,10.28,229.19,34.65,40.8000441176232,0.0,0.0,0.2280350850198275
20,258,10.28,97.8,34.68,23.80005252095045,0.0,0.0,0.0509901951359278
22,258,10.28,65.4,34.85,23.3804811755447,-0.0108691371772681,-0.2717284294317041,0.2549509756796392
23,258,10.28,95.57,30.73,36.40023214211689,0.0068026161548074,-0.0011647952282187,0.1811077027627483
24,258,10.28,39.27,34.67,23.5003324445,-0.0053190988,-0.0668442826,-3.1208222224
26,258,10.28,34.5,30.8,38.04008412188385,0.0,0.0,0.2920616373302047
40,258,10.28,395.11,42.25,41.291018393834754,3.1355321217,0.0,-0.3862641583
41,258,10.28,321.85,53.37,23.82013434051118,-3.1415926536,0.2631481758,-0.05
44,258,10.28,260.63,43.85,23.46001918157784,-3.1415926536,-0.0,-0.0223606798
45,258,10.28,395.7,44.7,38.66037376953306,3.1351411302,-0.0,-0.2370653918
18,259,10.32,230.82,34.65,40.81006003426116,0.0,0.0,0.2280350850198275
20,259,10.32,98.75,34.68,23.80005252095045,0.0,0.0,0.0509901951359278
22,259,10.32,66.32,34.84,23.39054723600968,-0.0106378965755467,0.0057810150430354,0.2549509756796392
23,259,10.32,97.04,30.74,36.40023214211689,0.0,-0.170065403870185,0.1811077027627483
24,259,10.32,40.21,34.66,23.3753342222,-0.0053475426,0.0664887346,-3.1291555557
26,259,10.32,36.02,30.8,38.05006438890741,0.0,0.0,0.2842534080710379
40,259,10.32,393.46,42.26,41.29094937150271,3.1355321217,-0.0018590125,-0.3862641583
41,259,10.32,320.9,53.36,23.82013434051118,-3.1310667266,-0.2631481758,-0.05
44,259,10.32,259.69,43.85,23.46001918157784,-3.1415926536,-0.0,-0.0282842712
45,259,10.32,394.15,44.71,38.66033109014976,3.1351411302,0.1612880848,-0.2370653918
18,260,10.36,232.44,34.65,40.82006001955411,0.0,0.0,0.2308679276123039
20,260,10.36,99.71,34.68,23.80005252095045,-0.0104162899309675,-0.2604072482741875,0.0509901951359278
22,260,10.36,67.26,34.83,23.400547002153605,0.0,0.2659474143886687,0.2531797780234432
23,260,10.36,98.49,30.74,36.39023220590932,0.006849207963936,0.1712301990984021,0.1902629759044045
24,260,10.36,41.14,34.66,23.25,0,0.0668442826,-0.0041777776
26,260,10.36,37.54,30.8,38.06004729371733,0.0065358546459298,0.1633963661482459,0.2831960451701259
40,260,10.36,391.83,42.27,41.28081879032925,3.1354577612,0.002771721,-0.3862641583
41,260,10.36,319.94,53.36,23.82013434051118,-3.1415926536,-0.0,-0.05
44,260,10.36,258.75,43.85,23.46001918157784,-3.1415926536,-0.0,-0.0282842712
45,260,10.36,392.58,44.71,38.66029099735282,-3.1415926536,-0.1623353807,-0.2370653918
18,261,10.4,234.07,34.65,40.83006000485427,0.0061348923578747,0.1533723089468677,0.2308679276123039
20,261,10.4,100.67,34.67,23.80005252095045,0.0,0.2604072482741875,0.0608276253029822
22,261,10.4,68.19,34.83,23.41054676849732,-0.010752273791099,-0.2688068447774754,0.2531797780234432
23,261,10.4,99.95,30.75,36.38023226973682,0.0,-0.1712301990984021,0.1902629759044045
24,261,10.4,42.07,34.66,23.375,0,0,0
26,261,10.4,39.07,30.81,38.060032842865496,0.0,-0.1633963661482459,0.2758622844826744
40,261,10.4,390.17,42.28,41.27075720167974,3.1355686301,-0.0018365473,-0.3862641583
41,261,10.4,318.99,53.36,23.810134396932742,-3.1415926536,0.2631481758,-0.0447213595
44,261,10.4,257.81,43.85,23.46001918157784,-3.1415926536,0.2631481758,-0.0282842712
45,261,10.4,391.04,44.72,38.65025355673621,3.1350992384,0.0020811654,-0.2370653918
18,262,10.44,235.7,34.66,40.84005999016162,0.0,-0.1533723089468677,0.2340939982143925
20,262,10.44,101.62,34.67,23.790052543027304,0.0,0.0,0.0608276253029822
22,262,10.44,69.12,34.82,23.420546535040558,-0.0107522737910991,-4.119968255444917e-15,0.2517935662402834
23,262,10.44,101.4,30.75,36.37023233359941,0.0068964423883495,0.1724110597087398,0.1902629759044045
24,262,10.44,43.01,34.66,23.25,0,-0.0675669095,-3.1207770579
26,262,10.44,40.58,30.81,38.07002101391593,0.0,0.0,0.2758622844826744
40,262,10.44,388.53,42.29,41.2706408964048,3.1354951682,-0.0009351738,-0.3862641583
41,262,10.44,318.04,53.35,23.810134396932742,-3.1310667266,-0.2631481758,-0.0447213595
44,262,10.44,256.86,43.84,23.46001918157784,-3.1310667266,-0.2631481758,-0.0282842712
45,262,10.44,389.48,44.73,38.65021862810093,3.135182485,0.1602542153,-0.2370653918
18,263,10.48,237.33,34.66,40.85007833529821,0.0,0.0,0.2340939982143925
20,263,10.48,102.57,34.67,23.790052543027304,0.0,0.0,0.0608276253029822
22,263,10.48,70.05,34.81,23.430546301783064,-0.0107522737911066,-1.8687308644960157e-13,0.2517935662402834
23,263,10.48,102.85,30.76,36.37023233359941,0.0,-0.1724110597087398,0.1902629759044045
24,263,10.48,43.93,34.66,23.1253378354,-0.0054053528,-0.0672036536,0.0042002385
26,263,10.48,42.11,30.81,38.08000525210048,0.0,0.0,0.268700576850888
40,263,10.48,386.9,42.3,41.26058652031015,3.1354577612,-0.0,-0.3862641583
41,263,10.48,317.08,53.35,23.810134396932742,-3.1415926536,0.2604072483,-0.0447213595
44,263,10.48,255.91,43.84,23.46001918157784,-3.1415926536,-0.0,-0.0282842712
45,263,10.48,387.94,44.73,38.64018633495444,-3.1415926536,-0.1612880848,-0.2370653918
18,264,10.52,238.96,34.66,40.86007831612661,0.0,0.0,0.2247220505424423
20,264,10.52,103.51,34.67,23.790052543027304,0.0,0.0,0.0608276253029822
22,264,10.52,70.98,34.8,23.440616459470515,0.0,0.2688068447776665,0.250798724079689
23,264,10.52,104.31,30.76,36.360232397497136,0.0069443328150141,0.1736083203753545,0.1902629759044045
24,264,10.52,44.86,34.65,23.2503360191,-0.0053762923,0.0675669095,1.5582770579
26,264,10.52,43.61,30.81,38.09000131268047,0.0,0.0,0.261725046566048
40,264,10.52,385.27,42.31,41.26048472812698,3.1354577612,0.0,-0.3827531842
41,264,10.52,316.12,53.34,23.810134396932742,-3.1311763637,-0.2604072483,-0.0447213595
44,264,10.52,254.96,43.84,23.46001918157784,-3.1415926536,-0.0,-0.0282842712
45,264,10.52,386.39,44.74,38.64015657318174,3.1351411302,0.1612880848,-0.2370653918
18,265,10.56,240.59,34.66,40.86007831612661,0.006134892357879,0.1533723089469767,0.2284731931759172
20,265,10.56,104.46,34.67,23.790052543027304,0.0,0.0,0.0608276253029822
22,265,10.56,71.91,34.8,23.45061619659492,-0.010752273791099,-0.2688068447774754,0.250798724079689
23,265,10.56,105.75,30.77,36.35023246143001,0.0068964423883495,-0.0011972606666163,0.2002498439450079
24,265,10.56,45.79,34.65,23.25,0,0.000359371,1.5624775392
26,265,10.56,45.13,30.81,38.09,0.0,0.0,0.261725046566048
40,265,10.56,383.64,42.32,41.25043757343672,3.1354577612,0.0018590125,-0.3827531842
41,265,10.56,315.17,53.34,23.810170095990493,-3.1415926536,-0.0,-0.0447213595
44,265,10.56,254.03,43.84,23.46001918157784,-3.1415926536,-0.0,-0.0282842712
45,265,10.56,384.84,44.74,38.63012943286626,-3.1415926536,-0.0,-0.232594067
18,266,10.6,242.22,34.67,40.87009909457034,0.0,-0.1533723089469767,0.2284731931759172
20,266,10.6,105.41,34.67,23.78005256512273,-0.0105259270317307,-0.2631481757932692,0.0608276253029822
22,266,10.6,72.84,34.79,23.460615933943423,-0.0105259270317232,0.0056586689843932,0.2501999200639361
23,266,10.6,107.2,30.78,36.34023252539808,0.0,-0.1724110597087381,0.2002498439450079
24,266,10.6,46.72,34.65,23.3753342222,-0.0053475426,-0.066136949,4.691633569
26,266,10.6,46.64,30.81,38.100001312335934,0.0,0.0,0.2549509756796392
40,266,10.6,381.99,42.33,41.250350301542895,3.1355321217,0.1515132965,-0.3827531842
41,266,10.6,314.22,53.34,23.810170095990493,-3.1415926536,0.2631481758,-0.0447213595
44,266,10.6,253.09,43.84,23.450019189757604,-3.1415926536,-0.0,-0.0282842712
45,266,10.6,383.28,44.74,38.63010484065504,-3.1415926536,-0.1623353807,-0.232594067
18,267,10.64,243.86,34.67,40.88009907033005,0.0,0.0,0.2325940669922601
20,267,10.64,106.36,34.66,23.78005256512273,0.0,0.2631481757932692,0.0608276253029822
22,267,10.64,73.79,34.78,23.47061567151573,-0.0106378965755393,-0.0027992385954015,0.2501999200639361
23,267,10.64,108.65,30.78,36.33023258940135,0.0068964423883471,0.1724110597086786,0.2002498439450079
24,267,10.64,47.66,34.64,23.6253306855,-0.0052909559,0.0668442826,3.1208222224
26,267,10.64,48.17,30.81,38.11000524796605,0.0,0.0,0.2483948469674844
40,267,10.64,380.34,42.33,41.24031037710555,-3.1415926536,-0.1506005879,-0.3827531842
41,267,10.64,313.27,53.33,23.810170095990493,-3.1310667266,-0.2631481758,-0.0412310563
44,267,10.64,252.16,43.84,23.450019189757604,-3.1415926536,-0.0,-0.0282842712
45,267,10.64,381.74,44.75,38.63010484065504,3.1350992384,0.1623353807,-0.232594067
18,268,10.68,245.51,34.67,40.89012227910305,0.0,0.0,0.223606797749979
20,268,10.68,107.32,34.66,23.78005256512273,0.0,0.0,0.0608276253029822
22,268,10.68,74.73,34.77,23.48061540931157,0.0,0.2659474143884838,0.25
23,268,10.68,110.1,30.79,36.33023258940135,0.0,-0.1724110597086786,0.2002498439450079
24,268,10.68,48.61,34.64,23.625,0,-0.0003517857,-1.5624780132
26,268,10.68,49.69,30.81,38.12001180482503,0.0,0.0,0.2420743687382041
40,268,10.68,378.68,42.34,41.24023763268102,3.1355686301,0.0,-0.3827531842
41,268,10.68,312.32,53.33,23.800170167458887,-3.1415926536,-0.0,-0.0316227766
44,268,10.68,251.23,43.84,23.450019189757604,-3.1415926536,0.2688068448,-0.0282842712
45,268,10.68,380.2,44.75,38.62008285853359,-3.1415926536,-0.0,-0.232594067
18,269,10.72,247.14,34.67,40.90012224920605,0.0060974854076807,0.1524371351920185,0.223606797749979
20,269,10.72,108.27,34.66,23.78005256512273,0.0,0.0,0.0608276253029822
22,269,10.72,75.67,34.77,23.490615147330647,-0.0106378965755469,-0.2659474143886727,0.25
23,269,10.72,111.54,30.79,36.320232653439874,0.0068964423883495,0.1724110597087398,0.2002498439450079
24,269,10.72,49.55,34.64,23.5003324445,-0.0053190988,-0.066136949,0.004133569
26,269,10.72,51.21,30.81,38.12002098635309,-0.0065358546459298,-0.1633963661482459,0.2420743687382041
40,269,10.72,377.02,42.35,41.23020494734413,3.1355686301,0.1506005879,-0.3733630941
41,269,10.72,311.37,53.33,23.800170167458887,-3.1415926536,0.2604072483,-0.0316227766
44,269,10.72,250.3,43.83,23.450019189757604,-3.1308403798,-0.2688068448,-0.0282842712
45,269,10.72,378.67,44.75,38.62006343858073,-3.1415926536,-0.1623353807,-0.232594067
18,270,10.76,248.78,34.68,40.91014788533524,0.0,-0.1524371351920185,0.2282542442102665
20,270,10.76,109.22,34.66,23.77005258723674,0.0,0.0,0.0608276253029822
22,270,10.76,76.61,34.76,23.50061488557268,-0.0105259270317232,0.0027992385955904,0.2402082429892862
23,270,10.76,112.99,30.8,36.31019829193997,0.006896442388347,-6.29487781345084e-14,0.1902629759044045
24,270,10.76,50.49,34.63,23.6253306855,-0.0052909559,0.0664887346,3.1208444443
26,270,10.76,52.74,30.8,38.1300327825718,0.0,0.1633963661482459,0.2360084744241189
40,270,10.76,375.37,42.35,41.23014673755115,-3.1415926536,-0.1496988096,-0.3733630941
41,270,10.76,310.41,53.32,23.800170167458887,-3.1311763637,-0.2604072483,-0.0316227766
44,270,10.76,249.36,43.83,23.45000852878309,-3.1415926536,-0.0,-0.0282842712
45,270,10.76,377.13,44.76,38.61004662001847,3.1350992384,0.1623353807,-0.219317122
18,271,10.8,250.43,34.68,40.91014788533524,0.0,0.0,0.2195449840010014
20,271,10.8,110.18,34.66,23.77005258723674,-0.0105259270317234,-0.2631481757930862,0.0608276253029822
22,271,10.8,77.56,34.75,23.510614624037377,0.0,0.2631481757930822,0.2402082429892862
23,271,10.8,114.44,30.81,36.30019834656554,0.0,-0.1724110597086769,0.1902629759044045
24,271,10.8,51.44,34.63,23.75,0,0.0003480828,1.5624782447
26,271,10.8,54.27,30.8,38.13004720689446,0.0,0.0,0.2302172886644267
29,271,10.8,-65.58,31.86,32.250968977692,-0.007751782712,0.004404251525,18.749449460463
40,271,10.8,373.7,42.36,41.22009825315801,3.1356047012,0.1496988096,-0.3733630941
41,271,10.8,309.45,53.32,23.800170167458887,-3.1415926536,0.2631481758,-0.0316227766
44,271,10.8,248.42,43.83,23.45000852878309,-3.1415926536,-0.0,-0.0282842712
45,271,10.8,375.6,44.76,38.6100323750188,-3.1415926536,-0.0,-0.219317122
18,272,10.84,252.07,34.68,40.92017595270089,0.0060605318583091,0.1515132964577296,0.2247220505424423
20,272,10.84,111.13,34.65,23.77005258723674,0.0,0.2631481757930862,0.0608276253029822
22,272,10.84,78.51,34.75,23.52061436272445,-0.0106378965755393,-0.2659474143884838,0.2402082429892862
23,272,10.84,115.89,30.81,36.29019840122123,0.0068964423883495,0.1724110597087381,0.1902629759044045
24,272,10.84,52.39,34.63,23.7503289451,-0.0052631093,-0.066136949,-1.558366431
26,272,10.84,55.8,30.8,38.140064236967405,0.0,0.0,0.2163330765278393
29,272,10.84,-64.29,31.85,33.00094695611,-0.007575612651,0.004648036169,20.311918987157
40,272,10.84,372.05,42.36,41.22007763214426,-3.1415926536,-0.1515132965,-0.3733630941
41,272,10.84,308.5,53.31,23.800170167458887,-3.1310667266,-0.2631481758,-0.0316227766
44,272,10.84,247.49,43.83,23.45000852878309,-3.1415926536,-0.0,-0.0282842712
45,272,10.84,374.06,44.76,38.61002072001516,-3.1415926536,-0.0,-0.219317122
18,273,10.88,253.72,34.69,40.93020644951599,0.0,-0.1515132964577296,0.2163330765278393
20,273,10.88,112.08,34.65,23.770075725584046,0.0,0.0,0.0608276253029822
22,273,10.88,79.45,34.74,23.53054398011232,-0.0106378965755469,-1.889547546207737e-13,0.2308679276123039
23,273,10.88,117.34,30.82,36.29019840122123,0.0,-0.1724110597087381,0.1902629759044045
24,273,10.88,53.34,34.62,23.6253306855,-0.0052909559,0.0657888662,-4.6916118136
26,273,10.88,57.33,30.8,38.14008390132355,-0.0065788524530174,-0.1644713113254374,0.2109502310972898
29,273,10.88,-62.94,31.84,33.875922496664,-0.007379939819,0.003455902594,15.6245680062
40,273,10.88,370.4,42.37,41.21004367869561,3.1355321217,0.1515132965,-0.3733630941
41,273,10.88,307.55,53.31,23.800170167458887,-3.1415926536,-0.0,-0.0316227766
44,273,10.88,246.55,43.83,23.45000852878309,-3.1415926536,-0.0,-0.0282842712
45,273,10.88,372.52,44.76,38.60001165802933,-3.1415926536,-0.1623353807,-0.2154065923
18,274,10.92,255.36,34.69,40.9402063990889,0.0060605318583135,0.1515132964578399,0.2163330765278393
20,274,10.92,113.03,34.65,23.760075757454985,0.0,0.0,0.0608276253029822
22,274,10.92,80.39,34.73,23.540543749030096,-0.0107522737910991,-0.0028594303888068,0.2308679276123039
23,274,10.92,118.78,30.82,36.28019845590705,0.006896442388347,0.1724110597086769,0.1902629759044045
24,274,10.92,54.28,34.62,23.375,0,-0.0010667046,-4.6874333305
26,274,10.92,58.85,30.79,38.150106159747445,0.0,0.1644713113254374,0.20591260281974
29,274,10.92,-61.58,31.83,34.250912396606,-0.007299140444,0.002322741605,10.937209653444
40,274,10.92,368.74,42.37,41.21003033243242,-3.1415926536,-0.0,-0.3733630941
41,274,10.92,306.59,53.31,23.800170167458887,-3.1415926536,-0.0,-0.03
44,274,10.92,245.6,43.83,23.45000852878309,-3.1415926536,-0.0,-0.0282842712
45,274,10.92,370.98,44.77,38.6000051813468,3.1350992384,0.1623353807,-0.2154065923
18,275,10.96,257.01,34.7,40.94023937399487,0.0,-0.1515132964578399,0.2080865204668481
20,275,10.96,113.96,34.65,23.760075757454985,-0.0106378965755391,-0.2659474143884798,0.0608276253029822
22,275,10.96,81.32,34.72,23.55054351814412,0.0,0.2688068447774795,0.231948270094864
23,275,10.96,120.23,30.83,36.27019851062302,0.0069443328150166,0.0011972606667393,0.1902629759044045
24,275,10.96,55.21,34.62,23.2503360191,-0.0053762923,-0.0672036536,-1.5582997615
26,275,10.96,60.37,30.79,38.15013106137383,0.0,0.0,0.20591260281974
29,275,10.96,-60.20,31.82,34.75089926894,-0.00719412049,0.002272786281,10.937215898035
40,275,10.96,367.1,42.37,41.20001092232865,-3.1415926536,-0.0,-0.37
41,275,10.96,305.64,53.31,23.800170167458887,-3.1415926536,0.2631481758,-0.03
44,275,10.96,244.66,43.83,23.45000852878309,-3.1415926536,-0.0,-0.0282842712
45,275,10.96,369.45,44.77,38.60000129533677,-3.1415926536,-0.0,-0.2154065923
18,276,11.0,258.65,34.7,40.95027472435319,0.0060974854076806,0.1524371351920159,0.2140093455903269
20,276,11.0,114.9,34.64,23.760075757454985,0.0,0.2659474143884798,0.0608276253029822
22,276,11.0,82.26,34.72,23.56054328745413,-0.0106378965755393,-0.2659474143884838,0.2220360331117451
23,276,11.0,121.67,30.84,36.26016685014011,0.0,-0.1736083203754162,0.1811077027627483
24,276,11.0,56.14,34.61,23.2503360191,-0.0053762923,0.0672036536,-0.0042002385
26,276,11.0,61.88,30.79,38.16015854264759,-0.0065358546459298,-0.1633963661482467,0.1923538406167134
29,276,11,-58.80,31.81,35.125889668449,-0.007117317541,-0.04211083641,9.388516370173
40,276,11.0,365.44,42.37,41.200001213592216,-3.1415926536,-0.0,-0.3605551275
41,276,11.0,304.69,53.3,23.79017023898736,-3.1310667266,-0.2631481758,-0.02
44,276,11.0,243.72,43.83,23.45000852878309,-3.1415926536,-0.0,-0.0282842712
45,276,11.0,367.92,44.77,38.59,-3.1415926536,-0.0,-0.211896201
18,277,11.04,260.29,34.71,40.96031249880792,0.0,-0.1524371351920159,0.206155281280883
20,277,11.04,115.85,34.64,23.760075757454985,0.0,0.0,0.0608276253029822
22,277,11.04,83.2,34.71,23.56054328745413,-0.0106378965755393,0.0,0.2236067977499789
23,277,11.04,123.13,30.84,36.26016685014011,0.0068964423883495,0.1724110597087381,0.1811077027627483
24,277,11.04,57.07,34.61,23.25,0,0.000359371,1.5624775391
26,277,11.04,63.41,30.78,38.16018867877883,0.0,0.1633963661482467,0.1878829422805593
29,277,11.04,-57.39,31.80,35.501980578554,-0.010562987403,-0.042147603175,7.825963258369
40,277,11.04,363.77,42.37,41.19,-3.1415926536,-0.0,-0.3605551275
41,277,11.04,303.75,53.3,23.79013450991818,-3.1415926536,-0.0,-0.02
44,277,11.04,242.79,43.83,23.45000852878309,-3.1415926536,-0.0,-0.0282842712
45,277,11.04,366.39,44.77,38.59000129567244,-3.1415926536,-0.0,-0.2024845673
18,278,11.08,261.93,34.71,40.96031249880792,0.0060605318583092,0.1515132964577322,0.206155281280883
20,278,11.08,116.79,34.64,23.75007578935276,0.0,0.0,0.0632455532033675
22,278,11.08,84.14,34.7,23.570477296821974,0.0,0.2659474143884838,0.2137755832643194
23,278,11.08,124.58,30.85,36.25016689616753,0.0,-0.1724110597087381,0.1811077027627483
24,278,11.08,58.0,34.61,23.3753342222,-0.0053475426,-0.066136949,4.691633569
26,278,11.08,64.93,30.78,38.16022143541623,-0.0065358546459322,-0.1633963661483055,0.1746424919657298
29,278,11.08,-55.96,31.78,35.751966729119,-0.010489125795,0.044319484189,1.54870754537
30,278,11.08,-72.08,27.42,36.750000000001,0,-0.083611728387,15.630225737874
40,278,11.08,362.14,42.37,41.19000485554717,-3.1415926536,-0.0,-0.3605551275
41,278,11.08,302.8,53.3,23.79013450991818,-3.1415926536,0.2688068448,-0.02
44,278,11.08,241.85,43.83,23.45000852878309,-3.1415926536,-0.0,-0.0360555128
45,278,11.08,364.86,44.77,38.590005182689474,-3.1415926536,-0.0,-0.2024845673
18,279,11.12,263.58,34.72,40.970352695577326,0.0,-0.1515132964577322,0.1984943324127921
20,279,11.12,117.74,34.64,23.75007578935276,0.0,0.0,0.0632455532033675
22,279,11.12,85.08,34.7,23.580477094410117,-0.0106378965755469,-0.2659474143886727,0.2137755832643194
23,279,11.12,126.03,30.85,36.24016694222034,0.0,0.0,0.1811077027627483
24,279,11.12,58.94,34.60,23.6253306855,-0.0052909559,0.0668442826,4.6833222224
26,279,11.12,66.46,30.77,38.17025674527223,-0.0064934152282241,0.0010609854427026,0.1708800749063506
29,279,11.12,-54.53,31.77,35.625877182183,-0.007017428668,0.042776320466,-4.701041849029
30,279,11.12,-70.61,27.42,37.375209029516,-0.003344469135,-0.04058427298,21.877536519279
40,279,11.12,360.49,42.37,41.180010927633326,-3.1415926536,-0.0,-0.3511409973
41,279,11.12,301.87,53.29,23.79013450991818,-3.1308403798,-0.2688068448,-0.02
44,279,11.12,240.92,43.83,23.45000852878309,-3.1415926536,-0.0,-0.0316227766
45,279,11.12,363.32,44.77,38.590011661050326,-3.1415926536,-0.0,-0.1992485885
18,280,11.16,265.22,34.72,40.98039531288101,0.0060974854076808,0.1524371351920212,0.191049731745428
20,280,11.16,118.69,34.64,23.75007578935276,-0.0104162899309675,-0.2604072482741875,0.0632455532033675
22,280,11.16,86.02,34.69,23.590476892169857,-0.0105259270317232,0.0027992385955904,0.206155281280883
23,280,11.16,127.48,30.85,36.23016698829857,0.0068492079639337,0.1712301990983429,0.1824828759089465
24,280,11.16,59.89,34.60,23.75,0,0,0
26,280,11.16,68.0,30.76,38.17029473294646,0.0,0.1623353807056029,0.1581138830084189
29,280,11.16,-53.11,31.76,35.375883381196,-0.007067020158,-0.00093313758,-4.687383356351
30,280,11.16,-69.09,27.41,38.500202921543,-0.003246741838,0.041805864193,21.872387131055
40,280,11.16,358.85,42.37,41.180030354529855,-3.1415926536,-0.0,-0.3511409973
41,280,11.16,300.92,53.29,23.79013450991818,-3.1415926536,-0.0,-0.02
44,280,11.16,239.99,43.83,23.440002133105708,-3.1415926536,-0.0,-0.0316227766
45,280,11.16,361.78,44.77,38.580011664072885,-3.1415926536,-0.0,-0.1992485885
18,281,11.2,266.86,34.73,40.98044045639334,0.0060605318583135,-0.0009238387341812,0.191049731745428
20,281,11.2,119.65,34.63,23.75007578935276,0.0,0.2604072482741875,0.0632455532033675
22,281,11.2,86.97,34.68,23.60041525058405,0.0,0.2631481757930822,0.206155281280883
23,281,11.2,128.94,30.86,36.23013800691352,0.0,-0.1712301990983429,0.1726267650163207
24,281,11.2,60.84,34.60,23.6253306855,-0.0052909559,-0.066136949,-1.558366431
26,281,11.2,69.54,30.76,38.17033534041848,-0.0064934152282264,-0.162335380705662,0.1552417469626002
29,281,11.2,-51.70,31.75,35.250886513675,-0.007092079674,-0.00062871729,-3.12492140935
30,281,11.2,-67.53,27.41,39.125,0,0.04058427298,12.49746348071
40,281,11.2,357.21,42.37,41.17005950930846,-3.1415926536,-0.0,-0.3511409973
41,281,11.2,299.97,53.29,23.79013450991818,-3.1415926536,0.2604072483,-0.01
44,281,11.2,239.05,43.83,23.440002133105708,-3.1415926536,0.2659474144,-0.0316227766
45,281,11.2,360.21,44.77,38.58002073612714,-3.1415926536,-0.0,-0.1897366596
18,282,11.24,268.51,34.74,40.99048792097992,0.0,-0.1515132964578399,0.1838477631085023
20,282,11.24,120.61,34.63,23.740075821277404,0.0,0.0,0.0632455532033675
22,282,11.24,87.92,34.68,23.610415074708023,-0.0106378965755393,-0.2659474143884838,0.196468827043885
23,282,11.24,130.39,30.86,36.22013804501579,0.0068964423883494,0.1724110597087364,0.1726267650163207
24,282,11.24,61.78,34.59,23.6253306855,-0.0052909559,0.066136949,1.558366431
26,282,11.24,71.08,30.75,38.17033534041848,-0.0065358546459321,-0.0010609854426419,0.1431782106327635
29,282,11.24,-50.29,31.74,35.125889668448,-0.007117317541,-0.000315473336,-1.562460565335
30,282,11.24,-65.96,27.41,39.5,0,0,9.374999999997
40,282,11.24,355.56,42.37,41.170077726426506,-3.1415926536,0.1524371352,-0.3383784863
41,282,11.24,299.01,53.28,23.79013450991818,-3.1311763637,-0.2604072483,-0.01
44,282,11.24,238.11,43.82,23.440002133105708,-3.130954757,-0.2659474144,-0.0316227766
45,282,11.24,358.66,44.77,38.58003240019376,-3.1415926536,0.1612880848,-0.1897366596
18,283,11.28,270.15,34.74,40.99053793255219,0.0060974854076806,0.1524371351920159,0.1838477631085023
20,283,11.28,121.56,34.63,23.740075821277404,0.0,0.0,0.0632455532033675
22,283,11.28,88.86,34.67,23.620357744962288,0.0,0.2659474143884838,0.1897366596101027
23,283,11.28,131.84,30.87,36.21013808313909,0.0,-0.1724110597087364,0.1746424919657298
24,283,11.28,62.73,34.59,23.75,0,0.066136949,1.558366431
26,283,11.28,72.61,30.74,38.17037856767994,0.0,0.163396366148304,0.1414213562373095
29,283,11.28,-48.89,31.73,35.125889668448,-0.007117317541,0.000315473336,1.562460565335
30,283,11.28,-64.37,27.41,39.875,0,0,6.250000000001
40,283,11.28,353.92,42.36,41.16012147698303,-3.1354951682,-0.1524371352,-0.3383784863
41,283,11.28,298.06,53.28,23.79013450991818,-3.1415926536,-0.0,-0.0141421356
44,283,11.28,237.18,43.82,23.440002133105708,-3.1415926536,-0.0,-0.0316227766
45,283,11.28,357.11,44.76,38.58004665627038,-3.1351411302,-0.1612880848,-0.1897366596
18,284,11.32,271.79,34.75,41.00059023965387,0.0060974854076808,5.269222558279552e-15,0.1769180601295413
20,284,11.32,122.51,34.63,23.740075821277404,0.0,0.0,0.0632455532033675
22,284,11.32,89.81,34.67,23.620357744962288,-0.0105259270317307,-0.2631481757932692,0.1897366596101027
23,284,11.32,133.28,30.87,36.21013808313909,0.0068964423883471,0.1724110597086786,0.1649242250247064
24,284,11.32,63.68,34.59,23.75,0,-0.066136949,-1.558366431
26,284,11.32,74.15,30.74,38.17042441472193,-0.0065358546459298,-0.1633963661482459,0.130384048104053
29,284,11.32,-47.48,31.72,35.250886513675,-0.007092079674,0.00062871729,3.12492140935
30,284,11.32,-62.77,27.41,40,0,0,3.125000000002
40,284,11.32,352.28,42.36,41.16014698710392,-3.1415926536,-0.0,-0.3289376841
41,284,11.32,297.1,53.28,23.79013450991818,-3.1415926536,0.2631481758,-0.0141421356
44,284,11.32,236.24,43.82,23.440002133105708,-3.1415926536,-0.0,-0.0316227766
45,284,11.32,355.58,44.76,38.58006350435416,-3.1415926536,-0.0,-0.1802775638
18,285,11.36,273.43,34.76,41.0006451168759,0.0060605318583135,-0.0009238387341812,0.1769180601295413
20,285,11.36,123.46,34.63,23.740075821277404,0.0,0.0,0.0632455532033675
22,285,11.36,90.76,34.66,23.63035759357018,0.0,0.2631481757932692,0.1802775637731994
23,285,11.36,134.73,30.88,36.200138121283466,0.0,-0.1724110597086786,0.1676305461424021
24,285,11.36,64.63,34.59,23.6253306855,-0.0052909559,-0.0668442826,-4.6833222224
26,285,11.36,75.68,30.73,38.17047288153502,-0.0064934152282264,0.0010609854425839,0.12
29,285,11.36,-46.07,31.71,35.375883381196,-0.007067020158,0.000313243954,1.562460844015
30,285,11.36,-61.17,27.41,40.125,0,0,1.5625
40,285,11.36,350.64,42.36,41.15020534578169,-3.1415926536,0.1524371352,-0.3289376841
41,285,11.36,296.15,53.27,23.79013450991818,-3.1310667266,-0.2631481758,-0.0141421356
44,285,11.36,235.3,43.82,23.440002133105708,-3.1415926536,-0.0,-0.0316227766
45,285,11.36,354.03,44.76,38.57008296594655,-3.1415926536,0.1633963661,-0.1772004515
18,286,11.4,275.08,34.77,41.01070226172676,0.0061348923578747,0.0018590124890278,0.170293863659264
20,286,11.4,124.41,34.63,23.740075821277404,-0.0105259270317307,-0.2631481757932692,0.0632455532033675
22,286,11.4,91.7,34.66,23.640304566565973,-0.0105259270317232,-0.2631481757930822,0.1708800749063506
23,286,11.4,136.17,30.88,36.19013815944891,0.0,0.0,0.1676305461424021
24,286,11.4,65.57,34.58,23.3753342222,-0.0053475426,0.066136949,-3.129133569
26,286,11.4,77.22,30.72,38.17047288153502,-0.0065788524530151,-0.0021359306197177,0.1204159457879229
29,286,11.4,-44.65,31.70,35.375883381196,-0.007067020158,0,0
30,286,11.4,-59.56,27.41,40.125,0,0,0
40,286,11.4,349.0,42.35,41.15023815240928,-3.1354951682,-0.0,-0.3195309062
41,286,11.4,295.19,53.27,23.79013450991818,-3.1415926536,-0.0,-0.0141421356
43,286,11.4,412.63,53.9,37.11,-3.1415926536,,-0.430464865
44,286,11.4,234.37,43.82,23.440002133105708,-3.1415926536,-0.0,-0.0316227766
45,286,11.4,352.5,44.75,38.5701050037461,-3.1350567989,-0.1633963661,-0.1772004515
18,287,11.44,276.71,34.78,41.010762002186695,0.0060974854076806,-0.0009351737548518,0.162788205960997
20,287,11.44,125.36,34.62,23.73010324461316,0.0,0.2631481757932692,0.0632455532033675
22,287,11.44,92.65,34.65,23.640304566565973,0.0,0.2631481757930822,0.1746424919657298
23,287,11.44,137.62,30.88,36.19013815944891,0.0068964423883495,0.1724110597087398,0.1615549442140351
24,287,11.44,66.5,34.58,23.375,0,0.000355548,1.5624777781
26,287,11.44,78.74,30.71,38.170523968109215,-0.0065358546459321,0.0010749451770757,0.1118033988749894
29,287,11.44,-43.24,31.69,35.375883381196,-0.007067020158,-0.043236335922,3.138628104308
30,287,11.44,-57.96,27.41,40.125,0,0,1.5625
40,287,11.44,347.36,42.34,41.15031105593249,-3.1354951682,-0.1524371352,-0.306757233
41,287,11.44,294.24,53.27,23.79013450991818,-3.1415926536,0.2631481758,-0.0141421356
43,287,11.44,411.15,53.9,37.09000134807224,-3.1415926536,-0.0,-0.430464865
44,287,11.44,233.43,43.82,23.440002133105708,-3.1415926536,-0.0,-0.0316227766
45,287,11.44,350.93,44.75,38.57012963421305,-3.1415926536,0.1612880848,-0.1676305461
18,288,11.48,278.35,34.79,41.02082398002264,0.0060974854076808,5.269222558279552e-15,0.162788205960997
20,288,11.48,126.31,34.62,23.73010324461316,0.0,0.0,0.0632455532033675
22,288,11.48,93.6,34.65,23.65030443778684,0.0,0.0,0.1655294535724684
23,288,11.48,139.07,30.89,36.180111940125336,0.0,-0.1724110597087398,0.1615549442140351
24,288,11.48,67.44,34.58,23.5003324445,-0.0053190988,-0.0668442826,0.0041777776
26,288,11.48,80.27,30.7,38.170577674434014,-0.0065358546459298,5.804818431487392e-14,0.1044030650891055
29,288,11.48,-41.82,31.68,35.626973629541,-0.010525927032,-0.044166118723,0.013802443446
30,288,11.48,-56.35,27.41,40.25,0,0,0
40,288,11.48,345.7,42.34,41.140351238170055,-3.1415926536,0.1515132965,-0.306757233
41,288,11.48,293.29,53.26,23.79013450991818,-3.1310667266,-0.2631481758,-0.0141421356
43,288,11.48,409.67,53.9,37.080001348435786,-3.1415926536,-0.0,-0.430464865
44,288,11.48,232.5,43.82,23.44,-3.1415926536,-0.0,-0.0316227766
45,288,11.48,349.38,44.74,38.57015685734244,-3.1351411302,-0.1612880848,-0.1676305461
18,289,11.52,279.99,34.8,41.02088858130696,0.0060974854076851,1.0831179703130189e-13,0.148660687473185
20,289,11.52,127.26,34.62,23.73010324461316,0.0,0.0,0.0632455532033675
22,289,11.52,94.55,34.65,23.660255704450872,-0.0106378965755393,-0.2659474143884838,0.1565247584249852
23,289,11.52,140.51,30.89,36.17011197107357,0.0,0.0,0.1655294535724684
24,289,11.52,68.38,34.57,23.3753342222,-0.0053475426,0.0664887346,-3.1291555557
26,289,11.52,81.8,30.69,38.170577674434014,-0.0065358546459321,-5.804818431487392e-14,0.1044030650891055
29,289,11.52,-40.39,31.66,35.376987576672,-0.010600309656,0.042607618631,-6.263549513657
30,289,11.52,-54.74,27.41,40.125,0,-0.038940683998,-1.560066205282
40,289,11.52,344.05,42.33,41.14043874340671,-3.1355321217,0.0009238387,-0.2973213749
41,289,11.52,292.35,53.26,23.79013450991818,-3.1415926536,-0.0,-0.01
43,289,11.52,408.18,53.9,37.06000539665368,-3.1415926536,-0.0,-0.430464865
44,289,11.52,231.57,43.82,23.44,-3.1415926536,-0.0,-0.03
45,289,11.52,347.82,44.74,38.57018667312877,-3.1415926536,0.1633963661,-0.158113883
18,290,11.56,281.63,34.81,41.03095538736577,0.0060974854076808,-1.0831179703130189e-13,0.148660687473185
20,290,11.56,128.21,34.62,23.73010324461316,0.0,0.0,0.0632455532033675
22,290,11.56,95.49,34.64,23.660255704450872,0.0,0.2659474143884838,0.147648230602334
23,290,11.56,141.96,30.89,36.17011197107357,0.0068964423883471,0.1724110597086786,0.161245154965971
24,290,11.56,69.31,34.57,23.25,0,0,0
26,290,11.56,83.33,30.68,38.17063400049834,-0.0065358546459298,5.804818431487392e-14,0.098488578017961
29,290,11.56,-38.99,31.65,35.125889668448,-0.007117317541,0.043852874769,-1.57626328746
30,290,11.56,-53.14,27.41,40.125194703577,-0.00311525472,-0.038819750975,1.564926236386
40,290,11.56,342.41,42.32,41.13048626019391,-3.1354951682,-0.0009238387,-0.287923601
41,290,11.56,291.41,53.26,23.79013450991818,-3.1415926536,0.2631481758,-0.01
43,290,11.56,406.7,53.9,37.050012145747,-3.1415926536,0.1689163484,-0.430464865
44,290,11.56,230.63,43.82,23.44,-3.1415926536,-0.0,-0.03
45,290,11.56,346.29,44.73,38.560186721539615,-3.1350567989,-0.1633963661,-0.158113883
18,291,11.6,283.27,34.82,41.03102484705933,0.006060531858309,-0.0009238387342941,0.1345362404707371
20,291,11.6,129.16,34.62,23.720134906867624,-0.0105259270317231,-0.2631481757930783,0.0632455532033675
22,291,11.6,96.45,34.64,23.67021123691126,-0.0105259270317232,-0.2631481757930822,0.138924439894498
23,291,11.6,143.41,30.9,36.16013827407191,0.0,-0.1724110597086786,0.1664331697709324
24,291,11.6,70.24,34.57,23.3753342222,-0.0053475426,-0.0664887346,3.1291555557
26,291,11.6,84.86,30.67,38.17063400049834,-0.0065358546459321,-5.804818431487392e-14,0.094339811320566
29,291,11.6,-37.58,31.64,35.250886513675,-0.007092079674,0.00062871729,3.12492140935
30,291,11.6,-51.53,27.40,40.250194098911,-0.003105580078,0.038940683998,1.560066205282
40,291,11.6,340.76,42.31,41.130588374104256,-3.1355321217,0.0,-0.2785677655
41,291,11.6,290.46,53.25,23.79013450991818,-3.1310667266,-0.2631481758,-0.01
43,291,11.6,405.22,53.89,37.03002160409848,-3.1348359997,-0.1689163484,-0.430464865
44,291,11.6,229.69,43.82,23.44,-3.1415926536,-0.0,-0.03
45,291,11.6,344.77,44.73,38.56021913838146,-3.1415926536,0.1644713113,-0.1486606875
18,292,11.64,284.92,34.83,41.03102484705933,0.0060974854076851,0.0009238387344024,0.1345362404707371
20,292,11.64,130.11,34.61,23.720134906867624,0.0,0.2631481757930783,0.053851648071345
22,292,11.64,97.4,34.63,23.67021123691126,0.0,0.2631481757930822,0.1360147050873544
23,292,11.64,144.86,30.9,36.16013827407191,0.0,0.0,0.1581138830084189
24,292,11.64,71.18,34.56,23.5003324445,-0.0053190988,0.0668442826,4.6833222224
26,292,11.64,86.39,30.66,38.170692946290615,-0.0065358546459321,0.0,0.0921954445729288
29,292,11.64,-36.17,31.63,35.375883381196,-0.007067020158,0.00093313758,4.687383356351
30,292,11.64,-49.92,27.40,40.25,0,0.038819750975,1.560073763615
40,292,11.64,339.11,42.3,41.130643077880514,-3.1355321217,-0.0,-0.2657066051
41,292,11.64,289.51,53.25,23.79013450991818,-3.1415926536,-0.0,-0.01
43,292,11.64,403.74,53.89,37.02003376551675,-3.1415926536,-0.0,-0.430464865
44,292,11.64,228.75,43.82,23.44,-3.1415926536,-0.0,-0.03
45,292,11.64,343.25,44.72,38.56025414854005,-3.1350138011,-0.1644713113,-0.1392838828
18,293,11.68,286.56,34.84,41.04109647658064,0.0120476098541834,0.1487531111624558,0.1272792206135785
20,293,11.68,131.05,34.61,23.720134906867624,0.0,0.0,0.053851648071345
22,293,11.68,98.35,34.63,23.68017102978777,0.0,0.0,0.1280624847486569
23,293,11.68,146.3,30.9,36.15013831232185,0.0,0.0,0.1640121946685672
24,293,11.68,72.12,34.56,23.75,0,0.0006998684,3.1249562579
26,293,11.68,87.92,30.65,38.16069312787701,-0.0065358546459298,5.804818431487392e-14,0.0921954445729288
29,293,11.68,-34.75,31.62,35.625877182183,-0.007017428668,0.000926589408,4.687384174893
30,293,11.68,-48.31,27.40,40.375,0,-0.038580124409,3.12741125969
40,293,11.68,337.46,42.29,41.12070038314036,-3.1355321217,0.0009238387,-0.2563201124
41,293,11.68,288.56,53.25,23.79013450991818,-3.1415926536,0.2631481758,-0.02
43,293,11.68,402.27,53.89,37.00004864861667,-3.1415926536,-0.0,-0.430464865
44,293,11.68,227.81,43.82,23.440002133105708,-3.1415926536,-0.0,-0.03
45,293,11.68,341.73,44.72,38.56025414854005,-3.1415926536,0.1623353807,-0.1392838828
18,294,11.72,288.22,34.86,41.04117079226664,0.0060974854076808,-0.1487531111625641,0.1204159457879229
20,294,11.72,132.0,34.61,23.720134906867624,-0.0105259270317234,-0.2631481757930862,0.053851648071345
22,294,11.72,99.3,34.63,23.68017102978777,-0.0105259270317307,-0.2631481757932692,0.1280624847486569
23,294,11.72,147.74,30.9,36.15013831232185,0.0068964423883495,0.1724110597087398,0.162788205960997
24,294,11.72,73.08,34.56,23.7503289451,-0.0052631093,-0.0664887346,-3.1208444443
26,294,11.72,89.45,30.64,38.16069312787701,-0.0064934152282264,0.0010609854425839,0.0921954445729288
29,294,11.72,-33.32,31.61,35.750874115188,-0.006992893005,0,0
30,294,11.72,-46.69,27.40,40.500192900775,-0.003086409953,-0.038819750975,-1.560073763615
40,294,11.72,335.82,42.28,41.12082197622027,-3.1354951682,0.0009351738,-0.2563201124
41,294,11.72,287.61,53.24,23.79013450991818,-3.1310667266,-0.2631481758,-0.02
43,294,11.72,400.79,53.89,36.990066234058034,-3.1415926536,0.1689163484,-0.430464865
44,294,11.72,226.86,43.82,23.440002133105708,-3.1415926536,-0.0,-0.03
45,294,11.72,340.19,44.71,38.56029175200831,-3.1350992384,0.0,-0.13
18,295,11.76,289.86,34.87,41.04124754439124,0.0060605318583135,-0.0009238387341812,0.1131370849898476
20,295,11.76,132.95,34.6,23.71017081338724,0.0,0.2631481757930862,0.0509901951359278
22,295,11.76,100.25,34.62,23.68017102978777,0.0,0.2631481757932692,0.1204159457879229
23,295,11.76,149.19,30.91,36.14013835059296,0.0,-0.1724110597087398,0.1697056274847714
24,295,11.76,74.02,34.55,23.5003324445,-0.0053190988,0.0657888662,-4.6916118136
26,295,11.76,90.99,30.63,38.16069312787701,-0.0065358546459298,-0.0010609854425839,0.094339811320566
29,295,11.76,-31.89,31.60,35.625877182183,-0.007017428668,-0.001239833362,-6.249845018908
30,295,11.76,-45.07,27.39,40.250194098911,-0.003105580078,0.038580124409,-6.25241125969
40,295,11.76,334.19,42.27,41.12088642040684,-3.1354577612,-0.0009351738,-0.2469817807
41,295,11.76,286.65,53.24,23.79013450991818,-3.1415926536,-0.0,-0.02
43,295,11.76,399.31,53.88,36.97008655656624,-3.1348359997,-0.1689163484,-0.439089968
44,295,11.76,225.92,43.82,23.440002133105708,-3.1415926536,-0.0,-0.03
45,295,11.76,338.65,44.7,38.550332034886544,-3.1350992384,-0.1623353807,-0.13
18,296,11.8,291.51,34.88,41.05132640975197,0.012269322953795,0.1552197773870374,0.1063014581273465
20,296,11.8,133.89,34.6,23.71017081338724,-0.0105259270317231,-0.2631481757930783,0.0509901951359278
22,296,11.8,101.19,34.62,23.690135077706923,0.0,0.0,0.1131370849898476
23,296,11.8,150.64,30.91,36.14016740415019,0.0,0.0,0.170293863659264
24,296,11.8,74.96,34.55,23.375,0,-0.000355548,-1.5624777781
26,296,11.8,92.52,30.62,38.15075490734095,-0.0065358546459321,-5.804818431487392e-14,0.098488578017961
29,296,11.8,-30.47,31.59,35.250886513675,-0.007092079674,-0.001566337519,-7.812304205357
30,296,11.8,-43.47,27.39,40,0,0.038819750975,-3.127426236386
40,296,11.8,332.55,42.26,41.11095352822651,-3.1354951682,-0.0,-0.2340939982
41,296,11.8,285.69,53.24,23.79013450991818,-3.1415926536,-0.0,-0.02
43,296,11.8,397.82,53.88,36.96008657998517,-3.1415926536,-0.0,-0.439089968
44,296,11.8,224.98,43.82,23.440002133105708,-3.1415926536,-0.0,-0.03
45,296,11.8,337.11,44.7,38.550332034886544,-3.1415926536,0.1612880848,-0.1208304597
18,297,11.84,293.14,34.9,41.05132640975197,0.0060240235161691,-0.1561324859406483,0.0921954445729288
20,297,11.84,134.84,34.59,23.71017081338724,0.0,0.2631481757930783,0.0509901951359278
22,297,11.84,102.13,34.62,23.690135077706923,-0.0105259270317232,-0.2631481757930822,0.1063014581273465
23,297,11.84,152.09,30.91,36.13016745048382,0.0068964423883495,0.1724110597087398,0.170293863659264
24,297,11.84,75.89,34.55,23.3753342222,-0.0053475426,-0.066136949,3.129133569
26,297,11.84,94.05,30.61,38.15075490734095,-0.0065358546459298,5.804818431487392e-14,0.0948683298050513
29,297,11.84,-29.07,31.58,35.000892845755,-0.007142735669,-0.000315473336,-1.562460565336
30,297,11.84,-41.87,27.39,40,0,-0.039062372844,0.002441400289
40,297,11.84,330.91,42.25,41.11102285275811,-3.1354951682,0.1505783284,-0.2154065923
41,297,11.84,284.73,53.24,23.79013450991818,-3.1415926536,0.2604072483,-0.02
43,297,11.84,396.33,53.88,36.94010963708689,-3.1415926536,0.1677827158,-0.439089968
44,297,11.84,224.03,43.82,23.440002133105708,-3.1415926536,-0.0,-0.03
45,297,11.84,335.56,44.69,38.55037483605055,-3.1351411302,0.0010472959,-0.1118033989
18,298,11.88,294.8,34.91,41.051408014829406,0.0060974854076851,0.0018365472879004,0.0860232526704262
20,298,11.88,135.78,34.59,23.71017081338724,-0.0105259270317309,-0.2631481757932731,0.0509901951359278
22,298,11.88,103.08,34.61,23.69010341893847,0.0,0.2631481757930822,0.1
23,298,11.88,153.54,30.92,36.13019927982685,0.0,-0.1724110597087398,0.1720465053408525
24,298,11.88,76.83,34.54,23.6253306855,-0.0052909559,0.0010554164,4.687434036
26,298,11.88,95.58,30.6,38.15075490734095,-0.0065358546459321,-5.804818431487392e-14,0.1019803902718557
29,298,11.88,-27.67,31.57,35.125889668448,-0.007117317541,0.000633199939,3.124920849006
30,298,11.88,-40.27,27.39,40.000195312023,-0.003124989828,-0.039062372844,0.002441400291
40,298,11.88,329.26,42.23,41.1110946096063,-3.129472035,-0.1505783284,-0.2061552813
41,298,11.88,283.77,53.23,23.79013450991818,-3.1311763637,-0.2604072483,-0.02
43,298,11.88,394.84,53.87,36.93013539103262,-3.134881345,-0.1677827158,-0.439089968
44,298,11.88,223.09,43.82,23.440008532421658,-3.1415926536,-0.0,-0.03
45,298,11.88,334.02,44.68,38.55037483605055,-3.1350992384,-0.0010472959,-0.1166190379
18,299,11.92,296.44,34.92,41.05149205570974,0.0121206185420879,0.1505783283600681,0.0806225774829855
20,299,11.92,136.73,34.58,23.71017081338724,0.0,0.2631481757932731,0.0509901951359278
22,299,11.92,104.03,34.61,23.70010337530197,0.0,0.0,0.094339811320566
23,299,11.92,154.98,30.92,36.12019933499814,0.0,0.0,0.1802775637731994
24,299,11.92,77.78,34.54,23.7503289451,-0.0052631093,0.0003480828,1.5624782447
26,299,11.92,97.11,30.59,38.14075510526765,-0.0065358546459321,0.0,0.1019803902718557
29,299,11.92,-26.26,31.56,35.250886513675,-0.007092079674,0.000315473336,1.562460565336
30,299,11.92,-38.67,27.38,40.000195312023,-0.003124989828,0.039062372844,-1.564941400288
40,299,11.92,327.62,42.22,41.1011690831295,-3.1354951682,-0.0009238387,-0.196977156
41,299,11.92,282.82,53.23,23.79013450991818,-3.1415926536,-0.0,-0.02
43,299,11.92,393.35,53.87,36.91016391185495,-3.1415926536,0.1677827158,-0.439089968
44,299,11.92,222.15,43.82,23.440008532421658,-3.1415926536,-0.0,-0.03
45,299,11.92,332.47,44.67,38.55042023117257,-3.1351411302,-0.1612880848,-0.1081665383
18,300,11.96,298.09,34.94,41.0614916923387,0.0060974854076849,-0.1505783283600734,0.076157731058639
20,300,11.96,137.68,34.58,23.70017088545988,0.0,0.0,0.0509901951359278
22,300,11.96,104.99,34.61,23.700075949245395,-0.0104162899309675,-0.2604072482741875,0.0894427190999915
23,300,11.96,156.42,30.92,36.12023394165658,0.006944332815014,0.173608320375351,0.1835755975068582
24,300,11.96,78.73,34.53,23.7503289451,-0.0052631093,0.0657888662,-0.0041118136
26,300,11.96,98.64,30.58,38.14075510526765,-0.0065358546459298,5.804818431487392e-14,0.1104536101718726
29,300,11.96,-24.85,31.55,35.250886513675,-0.007092079674,0.000313243954,1.562460844025
30,300,11.96,-37.07,27.38,39.875,0,-0.000122451778,-1.562492346735
40,300,11.96,325.97,42.21,41.10124572321379,-3.1355321217,0.1533496397,-0.1838477631
41,300,11.96,281.87,53.23,23.79013450991818,-3.1415926536,0.2659474144,-0.02
43,300,11.96,391.86,53.86,36.90019512143533,-3.134881345,-0.1677827158,-0.439089968
44,300,11.96,221.23,43.82,23.440008532421658,-3.1415926536,-0.0,-0.03
45,300,11.96,330.91,44.67,38.54042034020906,-3.1415926536,0.1612880848,-0.1
18,301,12.0,299.73,34.95,41.06157814794751,0.0121945174482494,0.152425801014113,0.0728010988928051
20,301,12.0,138.64,34.58,23.70017088545988,-0.0105259270317231,-0.2631481757930783,0.05
22,301,12.0,105.95,34.6,23.700075949245395,0.0,0.2604072482741875,0.0854400374531753
23,301,12.0,157.86,30.93,36.12023394165658,0.0,-0.173608320375351,0.1923538406167134
24,301,12.0,79.68,34.53,23.75,0,-0.0003480828,-1.5624782447
26,301,12.0,100.17,30.57,38.13075530329815,-0.0065788524530175,-0.0010749451771922,0.11
29,301,12,-23.44,31.54,35.375883381197,-0.007067020158,0.000624282075,3.124921963766
30,301,12,-35.48,27.38,39.875195924284,-0.00313478597,-0.039184824623,0.002449053543
40,301,12.0,324.33,42.19,41.10132479616685,-3.1293981361,-0.1514906273,-0.174642492
41,301,12.0,280.93,53.22,23.79010298422434,-3.130954757,-0.2659474144,-0.03
43,301,12.0,390.37,53.86,36.88022912076334,-3.1415926536,0.1700654039,-0.439089968
44,301,12.0,220.3,43.82,23.440008532421658,-3.1415926536,-0.2688068448,-0.03
45,301,12.0,329.36,44.66,38.5404683417314,-3.1351411302,-0.0020545694,-0.0989949494
18,302,12.04,301.37,34.97,41.06157814794751,0.0122693229537994,0.001870137638749,0.0608276253029822
20,302,12.04,139.59,34.57,23.70017088545988,0.0,0.2631481757930783,0.05
22,302,12.04,106.91,34.6,23.700075949245395,0.0,0.0,0.0824621125123532
23,302,12.04,159.3,30.93,36.110271391946085,0.0,0.0,0.196977156035922
24,302,12.04,80.63,34.53,23.6253306855,-0.0052909559,-0.066136949,-1.5583664311
26,302,12.04,101.69,30.56,38.13075530329815,-0.0065788524530151,5.843849709696869e-14,0.1104536101718726
29,302,12.04,-22.02,31.53,35.500880270776,-0.007042137108,0.000311038121,1.562461119741
30,302,12.04,-33.88,27.37,39.875195924283,-0.00313478597,0.039184824623,-0.002449053555
40,302,12.04,322.7,42.18,41.091325118569735,-3.1354577612,0.1533607649,-0.1655294536
41,302,12.04,279.98,53.22,23.79010298422434,-3.1415926536,0.2631481758,-0.03
43,302,12.04,388.9,53.85,36.870265797794296,-3.1347900374,-0.1700654039,-0.430464865
44,302,12.04,219.37,43.83,23.440008532421658,3.1308403798,0.2688068448,-0.02
45,302,12.04,327.79,44.65,38.5404683417314,-3.135223313,0.0020545694,-0.0989949494
18,303,12.08,303.0,34.99,41.06157814794751,0.0061348923578747,-0.1533607648981185,0.06
20,303,12.08,140.54,34.57,23.70017088545988,-0.0106378965755393,-0.2659474143884838,0.05
22,303,12.08,107.86,34.6,23.700052742557347,0.0,0.0,0.0806225774829855
23,303,12.08,160.74,30.93,36.11031154670366,0.0069928930053345,0.1748223251333631,0.2024845673131659
24,303,12.08,81.57,34.52,23.6253306855,-0.0052909559,0,0
26,303,12.08,103.21,30.55,38.1206938551753,-0.0065788524530174,-5.689893001203927e-14,0.1104536101718726
29,303,12.08,-20.60,31.52,35.500880270776,-0.007042137108,0,0
30,303,12.08,-32.29,27.37,39.875,0,0.000122451778,1.562492346745
40,303,12.08,321.07,42.16,41.09140664421213,-3.1293233306,-0.1533607649,-0.1565247584
41,303,12.08,279.03,53.21,23.79010298422434,-3.1310667266,-0.2631481758,-0.03
43,303,12.08,387.44,53.85,36.85026594205258,-3.1415926536,0.1689163484,-0.430464865
44,303,12.08,218.43,43.83,23.440008532421658,-3.1415926536,-0.0,-0.02
45,303,12.08,326.24,44.64,38.5404683417314,-3.1351411302,-0.0010338696,-0.0921954446
18,304,12.12,304.63,35.0,41.07157776370418,0.0121945174482538,0.1514906272594778,0.0608276253029822
20,304,12.12,141.48,34.56,23.70017088545988,0.0,0.2659474143884838,0.05
22,304,12.12,108.81,34.6,23.700052742557347,0.0,0.0,0.08
23,304,12.12,162.17,30.94,36.11035447070549,0.0,-0.1748223251333631,0.2024845673131659
24,304,12.12,82.52,34.52,23.6253306855,-0.0052909559,0,0
26,304,12.12,104.73,30.54,38.1206938551753,-0.0065788524530151,5.689893001203927e-14,0.1216552506059644
29,304,12.12,-19.18,31.51,35.500880270776,-0.007042137108,0.044012811246,-0.00825251295
30,304,12.12,-30.69,27.37,40.000195312023,-0.003124989828,-0.039062372844,1.56494140029
40,304,12.12,319.44,42.15,41.09149060328672,-3.1354577612,0.1514906273,-0.1389244399
41,304,12.12,278.07,53.21,23.79010298422434,-3.1415926536,-0.0,-0.03
43,304,12.12,385.96,53.84,36.84030537332719,-3.1348359997,-0.1689163484,-0.430464865
44,304,12.12,217.49,43.83,23.44001919794436,-3.1415926536,-0.0,-0.02
45,304,12.12,324.68,44.63,38.53046846328241,-3.135182485,0.0010338696,-0.0943398113
18,305,12.16,306.27,35.02,41.07166663285044,0.012269322953795,0.0018701376385317,0.0632455532033675
20,305,12.16,142.43,34.56,23.70017088545988,-0.0105259270317309,-0.2631481757932731,0.05
22,305,12.16,109.78,34.6,23.700033755250224,0.0,0.0,0.0806225774829855
23,305,12.16,163.61,30.94,36.1004002747892,0.0068964423883471,0.1724110597086786,0.208806130178211
24,305,12.16,83.46,34.51,23.6253306855,-0.0052909559,0.066136949,-0.004133569
26,305,12.16,106.25,30.53,38.1206938551753,-0.0065788524530175,-5.843849709696869e-14,0.1236931687685298
29,305,12.16,-17.76,31.50,35.50022006974,-0.003521112209,0.044012811246,-0.008252512949
30,305,12.16,-29.09,27.36,40.000195312023,-0.003124989828,0,0
40,305,12.16,317.8,42.13,41.09149060328672,-3.1293981361,-0.1533496397,-0.1303840481
41,305,12.16,277.11,53.21,23.79010298422434,-3.1415926536,-0.0,-0.03
43,305,12.16,384.49,53.84,36.82034763551263,-3.1415926536,0.1712301991,-0.430464865
44,305,12.16,216.55,43.83,23.44001919794436,-3.1415926536,-0.0,-0.02
45,305,12.16,323.13,44.62,38.5305190725482,-3.1351411302,-0.1612880848,-0.0894427191
18,306,12.2,307.9,35.04,41.07166663285044,0.0060974854076806,-0.1542959386528614,0.0721110255092797
20,306,12.2,143.38,34.55,23.690170957593363,0.0,0.2631481757932731,0.0412310562561766
22,306,12.2,110.73,34.6,23.700033755250224,-0.0105259270317232,-0.2631481757930822,0.0824621125123532
23,306,12.2,165.06,30.95,36.1004002747892,0.0069443328150166,0.0011972606667376,0.2184032966784155
24,306,12.2,84.41,34.51,23.625,0,0.066136949,-3.129133569
26,306,12.2,107.77,30.52,38.11069403723842,-0.0065788524530151,5.99780641818981e-14,0.1264911064067351
29,306,12.2,-16.34,31.50,35.50022006974,-0.003521112209,-0.044323849367,-1.554208606801
30,306,12.2,-27.49,27.36,40.000195312023,-0.003124989828,0,0
40,306,12.2,316.15,42.12,41.081577379647925,-3.1355321217,0.1515021671,-0.1166190379
41,306,12.2,276.16,53.21,23.79010298422434,-3.1415926536,0.2604072483,-0.03
43,306,12.2,383.03,53.83,36.810392554277385,-3.1347434456,-0.0023138507,-0.430464865
44,306,12.2,215.62,43.83,23.44001919794436,-3.1415926536,-0.0,-0.02
45,306,12.2,321.58,44.62,38.5305190725482,-3.1415926536,0.1623353807,-0.0894427191
18,307,12.24,309.54,35.05,41.07166663285044,0.0121206185420922,0.1505783283602894,0.0781024967590665
20,307,12.24,144.32,34.55,23.690170957593363,-0.0106378965755393,-0.2659474143884838,0.0412310562561766
22,307,12.24,111.68,34.59,23.700018987334165,0.0,0.2631481757930822,0.0854400374531753
23,307,12.24,166.5,30.96,36.10049999653744,0.0,-0.1736083203754162,0.2256102834535695
24,307,12.24,85.35,34.51,23.375,0,-0.0672036536,-4.6832997615
26,307,12.24,109.29,30.51,38.11063499864572,-0.0066224197426689,-0.0010891822413443,0.1264911064067351
29,307,12.24,-14.92,31.49,35.375883381196,-0.007067020158,-0.044637093321,-3.116669450817
30,307,12.24,-25.89,27.35,40.000195312023,-0.003124989828,-0.000122451778,-1.562492346745
40,307,12.24,314.5,42.1,41.081577379647925,-3.129472035,-0.1515021671,-0.1081665383
41,307,12.24,275.2,53.2,23.79010298422434,-3.1311763637,-0.2604072483,-0.03
43,307,12.24,381.55,53.82,36.79044033441296,-3.1348359997,-0.1689163484,-0.430464865
44,307,12.24,214.68,43.83,23.44001919794436,-3.1415926536,-0.0,-0.02
45,307,12.24,320.04,44.61,38.52051920730042,-3.1350992384,-0.0010472959,-0.0948683298
18,308,12.28,311.19,35.07,41.08166622716269,0.0120476098541876,-0.0018252171976129,0.0848528137423857
20,308,12.28,145.26,34.54,23.690170957593363,0.0,0.2659474143884838,0.0412310562561766
22,308,12.28,112.64,34.59,23.700018987334165,0.0,0.0,0.0894427190999915
23,308,12.28,167.94,30.96,36.10055401236939,0.0068964423883471,0.1724110597086786,0.233452350598575
24,308,12.28,86.28,34.51,23.2503360191,-0.0053762923,-0.0668442826,0.0041777776
26,308,12.28,110.8,30.5,38.10063516530925,-0.0065358546459321,0.0021641274184185,0.13
29,308,12.28,-13.51,31.48,35.250886513675,-0.007092079674,0,0
30,308,12.28,-24.29,27.35,39.875195924284,-0.00313478597,-0.000122451778,-1.562492346745
40,308,12.28,312.85,42.09,41.081577379647925,-3.1355321217,0.1496769499,-0.0921954446
41,308,12.28,274.25,53.2,23.790075661922558,-3.1415926536,-0.0,-0.0316227766
43,308,12.28,380.08,53.82,36.78049075257154,-3.1415926536,0.1689163484,-0.4219004622
44,308,12.28,213.74,43.83,23.44001919794436,-3.1415926536,-0.0,-0.02
45,308,12.28,318.49,44.6,38.52051920730042,-3.1351411302,0.0010472959,-0.0921954446
18,309,12.32,312.85,35.09,41.081577379647925,0.0060605318583092,-0.1496769498969601,0.0921954445729288
20,309,12.32,146.21,34.54,23.690170957593363,0.0,0.0,0.0412310562561766
22,309,12.32,113.59,34.59,23.70000843881706,0.0,0.0,0.094339811320566
23,309,12.32,169.39,30.97,36.10061079815687,0.0069443328150165,0.0011972606667341,0.233452350598575
24,309,12.32,87.21,34.50,23.3753342222,-0.0053475426,0.0672036536,3.1207997615
26,309,12.32,112.33,30.49,38.10063516530925,-0.0065788524530151,-0.0010749451770757,0.13
29,309,12.32,-12.10,31.47,35.375883381196,-0.007067020158,0.000313243954,1.562460844015
30,309,12.32,-22.70,27.34,39.875195924283,-0.00313478597,0.039184824623,1.560050946455
40,309,12.32,311.19,42.07,41.08166622716269,-3.1295450437,0.0018252172,-0.0848528137
41,309,12.32,273.3,53.2,23.790075661922558,-3.1415926536,-0.0,-0.0316227766
43,309,12.32,378.6,53.81,36.760544065614695,-3.1348359997,0.0,-0.4219004622
44,309,12.32,212.81,43.83,23.44001919794436,-3.1415926536,-0.2659474144,-0.02
45,309,12.32,316.95,44.59,38.51051934212261,-3.1350992384,-0.0010472959,-0.0905538514
18,310,12.36,314.5,35.1,41.081577379647925,0.0121206185420879,0.1515021670944654,0.1081665382639196
20,310,12.36,147.16,34.54,23.690170957593363,-0.0105259270317231,-0.2631481757930783,0.0447213595499957
22,310,12.36,114.54,34.59,23.69000844237925,0.0,0.0,0.094339811320566
23,310,12.36,170.83,30.98,36.090670539628384,0.0069443328150141,-5.826502474937102e-14,0.2418677324489564
24,310,12.36,88.15,34.50,23.5,0,0.000355548,1.5624777781
26,310,12.36,113.85,30.48,38.09057888769873,-0.0065788524530174,-5.689893001203927e-14,0.1341640786499874
29,310,12.36,-10.68,31.46,35.375883381196,-0.007067020158,0.043853953997,-3.133262024646
30,310,12.36,-21.10,27.34,40,0,0,0
40,310,12.36,309.54,42.05,41.07166663285044,-3.129472035,-0.1505783284,-0.0781024968
41,310,12.36,272.35,53.2,23.790075661922558,-3.1415926536,0.2659474144,-0.0316227766
43,310,12.36,377.12,53.8,36.75059999510212,-3.1348359997,0.0011490555,-0.4219004622
44,310,12.36,211.87,43.84,23.44001919794436,3.130954757,0.2659474144,-0.01
45,310,12.36,315.4,44.58,38.51051934212261,-3.1351411302,0.0021082813,-0.0905538514
18,311,12.4,316.15,35.12,41.081577379647925,0.0060605318583133,-0.1515021670943629,0.116619037896906
20,311,12.4,148.11,34.53,23.68017102978777,0.0,0.2631481757930783,0.0447213595499957
22,311,12.4,115.48,34.59,23.69000844237925,0.0,0.0,0.0921954445729288
23,311,12.4,172.27,30.99,36.09073288255588,0.0,-0.1736083203753545,0.2517935662402834
24,311,12.4,89.09,34.50,23.5003324445,-0.0053190988,-0.0668442826,-1.5583222224
26,311,12.4,115.37,30.47,38.09057888769873,0.0,0.1644713113254366,0.138924439894498
29,311,12.4,-9.27,31.45,35.125222419225,-0.003558703838,0.043853953997,-3.133262024646
30,311,12.4,-19.50,27.34,39.875195924284,-0.00313478597,-0.039308046531,-3.122543245067
40,311,12.4,307.9,42.04,41.07166663285044,-3.1354951682,0.1542959387,-0.0721110255
41,311,12.4,271.41,53.19,23.790075661922558,-3.130954757,-0.2659474144,-0.0412310563
42,311,12.4,292.9,44.39,23.48041737278109,-3.1415926536,,-0.2844292531
43,311,12.4,375.65,53.79,36.740600158407865,-3.1347900374,0.0011647952,-0.4134005322
44,311,12.4,210.95,43.84,23.44001919794436,-3.1415926536,-0.0,-0.01
45,311,12.4,313.87,44.57,38.51051934212261,-3.1350567989,-0.0021082813,-0.1
18,312,12.44,317.8,35.13,41.09149060328672,0.0121945174482494,0.1533496397484025,0.130384048104053
20,312,12.44,149.06,34.53,23.68017102978777,-0.0105259270317234,-0.2631481757930862,0.0447213595499957
22,312,12.44,116.42,34.59,23.690002110595096,0.0,0.0,0.0989949493661166
23,312,12.44,173.71,30.99,36.09079799616518,0.0068964423883495,0.1724110597087398,0.260768096208106
24,312,12.44,90.03,34.49,23.3753342222,-0.0053475426,0.0664887346,-1.5666555557
26,312,12.44,116.88,30.47,38.08052520646216,-0.0066224197426664,-0.1655604935666621,0.138924439894498
29,312,12.44,-7.87,31.45,35.125222419225,-0.003558703838,-0.044482671287,0.008340615296
30,312,12.44,-17.91,27.33,39.750196540395,-0.003144643722,-0.000123221908,-1.562492298612
40,312,12.44,306.27,42.02,41.07166663285044,-3.1293233306,-0.0018701376,-0.0632455532
41,312,12.44,270.46,53.19,23.790075661922558,-3.1415926536,-0.0,-0.0412310563
42,312,12.44,291.96,44.39,23.470479330426976,-3.1415926536,0.2688068448,-0.2844292531
43,312,12.44,374.19,53.78,36.72065903548028,-3.1347434456,-0.0011647952,-0.4134005322
44,312,12.44,210.02,43.84,23.44001919794436,-3.1415926536,-0.0,-0.01
45,312,12.44,312.32,44.56,38.500519477014855,-3.1351411302,0.0021082813,-0.1004987562
18,313,12.48,319.44,35.15,41.09149060328672,0.0061348923578747,-0.1514906272593695,0.138924439894498
20,313,12.48,150.01,34.52,23.68017102978777,0.0,0.2631481757930862,0.0447213595499957
22,313,12.48,117.37,34.59,23.690002110595096,0.0,0.0,0.0989949493661166
23,313,12.48,175.16,31.0,36.09093653536855,0.0068964423883494,-3.382710778154774e-15,0.260768096208106
24,313,12.48,90.96,34.49,23.375,0,0.0668442826,3.1208222224
26,313,12.48,118.39,30.46,38.08052520646216,-0.0065788524530175,0.0010891822412239,0.1360147050873544
29,313,12.48,-6.46,31.44,35.125889668448,-0.007117317541,-0.044482671287,0.008340615296
30,313,12.48,-16.32,27.33,39.750196540395,-0.003144643722,0.000123221908,1.562492298612
40,313,12.48,304.63,42.0,41.07157776370418,-3.1293981361,-0.1514906273,-0.0608276253
41,313,12.48,269.52,53.19,23.790052543027304,-3.1415926536,-0.0,-0.0412310563
42,313,12.48,291.03,44.38,23.460479534740976,-3.1308403798,-0.005658669,-0.2844292531
43,313,12.48,372.72,53.77,36.71072050505138,-3.1347900374,-0.1700654039,-0.4049691346
44,313,12.48,209.09,43.84,23.44001919794436,-3.1415926536,-0.0,-0.01
45,313,12.48,310.79,44.55,38.50046882831429,-3.1350567989,-0.1633963661,-0.1019803903
18,314,12.52,321.07,35.16,41.09140664421213,0.0122693229537994,0.1533607648981185,0.1565247584249852
20,314,12.52,150.96,34.52,23.68013513474955,0.0,0.0,0.0447213595499957
22,314,12.52,118.31,34.59,23.68,0.0,0.0,0.1063014581273465
23,314,12.52,176.61,31.01,36.09100996093071,0.0069443328150141,0.001197260666618,0.2701851217221259
24,314,12.52,91.9,34.49,23.625,0,0,3.125
26,314,12.52,119.91,30.45,38.07047412365651,-0.0065358546459298,0.0010749451771922,0.1360147050873544
29,314,12.52,-5.06,31.43,35.125889668448,-0.007117317541,0.000315473336,1.562460565335
30,314,12.52,-14.73,27.32,39.875195924284,-0.00313478597,0.000245673686,3.124984645357
40,314,12.52,303.0,41.99,41.06157814794751,-3.1354577612,0.1533607649,-0.06
41,314,12.52,268.56,53.19,23.790052543027304,-3.1415926536,-0.0,-0.0412310563
42,314,12.52,290.08,44.37,23.440479943891937,-3.1310667266,-0.2631481758,-0.2828427125
43,314,12.52,371.26,53.77,36.69078494663204,-3.1415926536,0.1700654039,-0.4049691346
44,314,12.52,208.15,43.84,23.44001919794436,-3.1415926536,-0.2659474144,-0.01
45,314,12.52,309.24,44.55,38.49046895011803,-3.1415926536,0.1644713113,-0.1019803903
18,315,12.56,322.7,35.18,41.091325118569735,0.0061348923578747,-0.1533607648981185,0.1655294535724684
20,315,12.56,151.91,34.52,23.68013513474955,-0.0105259270317306,-0.2631481757932652,0.0447213595499957
22,315,12.56,119.26,34.59,23.68,0.0,0.0,0.1140175425099138
23,315,12.56,178.05,31.02,36.09108615711088,0.0069443328150166,6.16911036144252e-14,0.27
24,315,12.56,92.85,34.49,23.625,0,-0.0664887346,-1.5583444443
26,315,12.56,121.44,30.44,38.07047412365651,-0.0065788524530175,-0.0010749451771922,0.1421267040355189
29,315,12.56,-3.65,31.42,35.250886513675,-0.007092079674,0.044640413927,1.554149525758
30,315,12.56,-13.13,27.32,40.000195312023,-0.003124989828,0,0
40,315,12.56,301.37,41.97,41.06157814794751,-3.1293233306,-0.0018701376,-0.0608276253
41,315,12.56,267.61,53.19,23.790052543027304,-3.1415926536,0.2604072483,-0.0412310563
42,315,12.56,289.15,44.37,23.430480148729348,-3.1415926536,0.2659474144,-0.2828427125
43,315,12.56,369.79,53.76,36.68085195302857,-3.1347900374,0.0011647952,-0.3966106403
44,315,12.56,207.21,43.85,23.44001919794436,3.130954757,0.2659474144,-0.01
45,315,12.56,307.72,44.54,38.49046895011803,-3.1350138011,-0.0,-0.1044030651
18,316,12.6,324.33,35.19,41.10132479616685,0.0121945174482534,0.1514906272594672,0.1746424919657298
20,316,12.6,152.86,34.51,23.68013513474955,0.0,0.2631481757932652,0.05
22,316,12.6,120.2,34.59,23.68,0.0,0.0,0.1140175425099138
23,316,12.6,179.49,31.03,36.09124686125433,0.0137922288368333,0.1711974005454164,0.28
24,316,12.6,93.79,34.49,23.5003324445,-0.0053190988,-0.066136949,0.004133569
26,316,12.6,122.96,30.43,38.06042564134038,0.0,0.1644713113254382,0.1421267040355189
29,316,12.6,-2.24,31.41,35.250221630509,-0.003546084427,0.044324940591,-0.008311039577
30,316,12.6,-11.53,27.31,39.875195924284,-0.00313478597,-0.000122451778,-1.562492346745
40,316,12.6,299.73,41.95,41.06157814794751,-3.1293981361,-0.152425801,-0.0728010989
41,316,12.6,266.65,53.18,23.790052543027304,-3.1311763637,-0.2604072483,-0.0412310563
42,316,12.6,288.21,44.36,23.420546535040558,-3.130954757,-0.0027992386,-0.2828427125
43,316,12.6,368.33,53.75,36.67092172280376,-3.1347434456,0.0,-0.3966106403
44,316,12.6,206.27,43.85,23.44001919794436,-3.1415926536,-0.0,-0.0
45,316,12.6,306.2,44.53,38.490420886241296,-3.1350138011,-0.0010749452,-0.1044030651
18,317,12.64,325.97,35.21,41.10124572321379,0.0060605318583092,-0.1533496397486027,0.1838477631085023
20,317,12.64,153.81,34.51,23.68013513474955,0.0,0.0,0.05
22,317,12.64,121.14,34.59,23.670002112378445,0.0,0.0,0.116619037896906
23,317,12.64,180.94,31.05,36.09133136918061,0.0068964423883471,-0.172394661212154,0.280178514522438
24,317,12.64,94.73,34.48,23.6253306855,-0.0052909559,0.0664887346,1.5583444443
26,317,12.64,124.48,30.43,38.06042564134038,-0.0065358546459298,-0.1633963661482459,0.1421267040355189
29,317,12.64,-0.83,31.41,35.250221630509,-0.003546084427,-0.044011696637,1.570771883592
30,317,12.64,-9.94,27.31,39.875195924284,-0.00313478597,0.000122451778,1.562492346745
40,317,12.64,298.09,41.94,41.0614916923387,-3.1354951682,0.1505783284,-0.0761577311
41,317,12.64,265.69,53.18,23.78005256512273,-3.1415926536,-0.0,-0.0412310563
42,317,12.64,287.26,44.35,23.41054676849732,-3.1310667266,-0.2631481758,-0.2816025568
43,317,12.64,366.87,53.74,36.65099452948037,-3.1347434456,0.0,-0.3883297568
44,317,12.64,205.32,43.85,23.44001919794436,-3.1415926536,-0.0,-0.0
45,317,12.64,304.67,44.52,38.48042099561801,-3.1350567989,-0.0,-0.1077032961
18,318,12.68,327.62,35.22,41.1011690831295,0.0060974854076808,0.0009238387342889,0.196977156035922
20,318,12.68,154.76,34.51,23.670103506322064,-0.0106378965755393,-0.2659474143884838,0.0424264068711928
22,318,12.68,122.09,34.59,23.670002112378445,0.0,0.0,0.116619037896906
23,318,12.68,182.39,31.06,36.09150869664498,0.0069443328150165,0.0011972606667341,0.2901723625709381
24,318,12.68,95.68,34.48,23.625,0,0.066136949,-1.566633569
26,318,12.68,126.01,30.42,38.05037976157399,-0.0065788524530175,-0.0010749451771922,0.148660687473185
29,318,12.68,0.58,31.40,35.375883381196,-0.007067020158,-0.043700658516,3.133233003343
30,318,12.68,-8.34,27.30,40.000195312023,-0.003124989828,0.000244140625,3.124984741174
40,318,12.68,296.44,41.92,41.05149205570974,-3.129472035,-0.1505783284,-0.0806225775
41,318,12.68,264.74,53.18,23.78005256512273,-3.1415926536,-0.0,-0.0412310563
42,318,12.68,286.32,44.35,23.400547002153605,-3.1415926536,0.2688068448,-0.2716615541
43,318,12.68,365.41,53.73,36.64106985337628,-3.1347434456,0.1712141352,-0.3883297568
44,318,12.68,204.38,43.85,23.44001919794436,-3.1415926536,-0.0,-0.0
45,318,12.68,303.14,44.51,38.48042099561801,-3.1350567989,-0.0010609854,-0.1118033989
18,319,12.72,329.26,35.23,41.1110946096063,0.0121206185420917,0.1505783283602736,0.206155281280883
20,319,12.72,155.7,34.5,23.670103506322064,0.0,0.2659474143884838,0.0424264068711928
22,319,12.72,123.04,34.59,23.670002112378445,0.0,0.0,0.1252996408614166
23,319,12.72,183.83,31.07,36.09160151614224,0.0068964423883471,-0.0011972606667341,0.2906888370749727
24,319,12.72,96.62,34.48,23.5,0,0,0
26,319,12.72,127.53,30.41,38.05033639798734,0.0,0.1644713113254382,0.1414213562373095
29,319,12.72,2.00,31.39,35.500880270776,-0.007042137108,0.044323849367,1.554208606801
30,319,12.72,-6.74,27.30,40.125194703577,-0.00311525472,0.000121688846,1.562492394429
40,319,12.72,294.8,41.91,41.051408014829406,-3.1354951682,-0.0018365473,-0.0860232527
41,319,12.72,263.79,53.18,23.780033641691933,-3.1415926536,-0.0,-0.0412310563
42,319,12.72,285.39,44.34,23.39054723600968,-3.1308403798,0.0,-0.2716615541
43,319,12.72,363.95,53.71,36.63114794816018,-3.1278948802,-0.1712141352,-0.3801315562
44,319,12.72,203.44,43.85,23.44001919794436,-3.1415926536,-0.0,-0.0
45,319,12.72,301.6,44.5,38.47037561553045,-3.1350992384,-0.1623353807,-0.1118033989
18,320,12.76,330.91,35.25,41.11102285275811,0.0060974854076808,-0.1505783283602736,0.2154065922853802
20,320,12.76,156.64,34.5,23.670103506322064,0.0,0.0,0.0424264068711928
22,320,12.76,123.99,34.59,23.66000845308387,0.0,0.0,0.1252996408614166
23,320,12.76,185.28,31.08,36.09179546655999,0.0138879959309692,0.174788838565553,0.3006659275674581
24,320,12.76,97.56,34.48,23.625,0,0,3.125
26,320,12.76,129.06,30.41,38.05033639798734,-0.0065788524530174,-0.1644713113254366,0.1414213562373095
29,320,12.76,3.42,31.38,35.50022006974,-0.003521112209,0.044012811246,-0.00825251295
30,320,12.76,-5.13,27.29,40.125194703577,-0.00311525472,-0.000121688846,-1.562492394429
40,320,12.76,293.14,41.9,41.05132640975197,-3.1355686301,0.1561324859,-0.0921954446
41,320,12.76,262.85,53.18,23.780033641691933,-3.1415926536,0.2631481758,-0.0412310563
42,320,12.76,284.46,44.33,23.380547470065792,-3.1308403798,-0.2688068448,-0.2707397274
43,320,12.76,362.49,53.7,36.6211482616261,-3.1347434456,0.0,-0.3720215048
44,320,12.76,202.5,43.85,23.44001919794436,-3.1415926536,-0.2631481758,-0.01
45,320,12.76,300.08,44.5,38.47037561553045,-3.1415926536,0.1623353807,-0.1166190379
18,321,12.8,332.55,35.26,41.11095352822651,0.0060974854076851,1.0831179703130189e-13,0.2340939982143925
20,321,12.8,157.59,34.5,23.670103506322064,-0.0105259270317234,-0.2631481757930862,0.0424264068711928
22,321,12.8,124.93,34.59,23.66000845308387,0.0,0.0,0.13
23,321,12.8,186.72,31.1,36.09189659743584,0.0068964423883471,-0.174788838565553,0.3014962686336267
24,321,12.8,98.51,34.48,23.75,0,0,0
26,321,12.8,130.58,30.4,38.04029574017531,0.0,0.1644713113254366,0.148660687473185
29,321,12.8,4.84,31.38,35.50022006974,-0.003521112209,-0.044012811246,0.00825251295
30,321,12.8,-3.53,27.29,40.000195312023,-0.003124989828,-0.000244140625,-3.124984741174
40,321,12.8,291.51,41.88,41.05132640975197,-3.1293233306,-0.1552197774,-0.1063014581
41,321,12.8,261.9,53.17,23.780033641691933,-3.1310667266,-0.2631481758,-0.0412310563
42,321,12.8,283.52,44.33,23.37054770432221,-3.1415926536,0.2659474144,-0.2607680962
43,321,12.8,361.03,53.69,36.61122915172338,-3.1347434456,-0.0011647952,-0.3720215048
44,321,12.8,201.55,43.86,23.44001919794436,3.1310667266,0.2631481758,-0.01
45,321,12.8,298.54,44.49,38.47033272536124,-3.1350992384,0.0010609854,-0.1166190379
18,322,12.84,334.19,35.27,41.12088642040684,0.0061348923578747,0.0009351737547382,0.2469817807045694
20,322,12.84,158.54,34.49,23.67007604550522,0.0,0.2631481757930862,0.0424264068711928
22,322,12.84,125.88,34.59,23.650008456658107,0.0,0.0,0.13
23,322,12.84,188.17,31.11,36.092107170405,0.0138879959309665,0.1747888385654845,0.3014962686336267
24,322,12.84,99.46,34.48,23.625,0,-0.066136949,-1.558366431
26,322,12.84,132.11,30.4,38.04025762268179,-0.0065788524530152,-0.1644713113253813,0.148660687473185
29,322,12.84,6.26,31.37,35.500880270776,-0.007042137108,-0.044012811246,0.00825251295
30,322,12.84,-1.93,27.28,39.875195924284,-0.00313478597,-0.000122451778,-1.562492346745
40,322,12.84,289.86,41.87,41.04124754439124,-3.1355321217,0.0009238387,-0.113137085
41,322,12.84,260.96,53.17,23.780033641691933,-3.1415926536,-0.0,-0.0447213595
42,322,12.84,282.58,44.32,23.36061857057728,-3.130954757,-0.0,-0.2607680962
43,322,12.84,359.56,53.68,36.59131317676369,-3.1347900374,0.0011647952,-0.3640054945
44,322,12.84,200.62,43.86,23.44001919794436,-3.1415926536,-0.0,-0.01
45,322,12.84,297.01,44.48,38.46033281187255,-3.1350567989,-0.1633963661,-0.1220655562
18,323,12.88,335.82,35.28,41.12082197622027,0.0060974854076808,-0.0009351737548465,0.2563201123595259
20,323,12.88,159.49,34.49,23.67007604550522,0.0,0.0,0.0424264068711928
22,323,12.88,126.83,34.59,23.650019027476485,0.0106378965755393,0.2659474143884838,0.1392838827718412
23,323,12.88,189.61,31.13,36.09221661244984,0.0068964423883495,-0.1747888385654233,0.3026549190084311
24,323,12.88,100.4,34.48,23.6253306855,-0.0052909559,-0.066136949,0.004133569
26,323,12.88,133.63,30.39,38.03025769042329,0.0,0.1644713113253813,0.1421267040355189
29,323,12.88,7.68,31.36,35.500880270776,-0.007042137108,0.044012811246,-0.00825251295
30,323,12.88,-0.34,27.28,39.875195924284,-0.00313478597,0,0
40,323,12.88,288.22,41.86,41.04117079226664,-3.1354951682,0.1487531112,-0.1204159458
41,323,12.88,260.01,53.17,23.780033641691933,-3.1415926536,-0.0,-0.0447213595
42,323,12.88,281.64,44.31,23.350618835482717,-3.130954757,-0.2659474144,-0.2601922366
43,323,12.88,358.1,53.67,36.58139964517487,-3.1347434456,0.1688848703,-0.3560898763
44,323,12.88,199.68,43.86,23.44001919794436,-3.1415926536,-0.0,-0.0141421356
45,323,12.88,295.47,44.48,38.46029251058811,-3.1415926536,0.1633963661,-0.1220655562
18,324,12.92,337.46,35.29,41.12070038314036,0.006060531858309,-0.0009238387342941,0.2563201123595259
20,324,12.92,160.44,34.49,23.67007604550522,0.0,0.0,0.0424264068711928
22,324,12.92,127.77,34.6,23.64001903552533,0.0,-0.2659474143884838,0.1360147050873544
23,324,12.92,191.06,31.14,36.10244313062484,0.0139851021648817,0.1772164944133032,0.3026549190084311
24,324,12.92,101.35,34.47,23.6253306855,-0.0052909559,0.066136949,-1.566633569
26,324,12.92,135.15,30.39,38.03022219235644,-0.0066224197426689,-0.1655604935667225,0.1421267040355189
29,324,12.92,9.10,31.35,35.50022006974,-0.003521112209,0.044012811246,-0.00825251295
30,324,12.92,1.26,27.27,39.875195924284,-0.00313478597,-0.000123221908,-1.562492298612
40,324,12.92,286.56,41.84,41.04109647658064,-3.1295450437,-0.1487531112,-0.1272792206
41,324,12.92,259.05,53.17,23.78001892345757,-3.1415926536,-0.0,-0.0447213595
42,324,12.92,280.71,44.31,23.34061910061513,-3.1415926536,0.2688068448,-0.2501999201
43,324,12.92,356.63,53.65,36.571488895039536,-3.1279880508,-0.1688848703,-0.3482814953
44,324,12.92,198.74,43.86,23.44001919794436,-3.1415926536,-0.0,-0.0223606798
45,324,12.92,293.94,44.47,38.450254875618185,-3.1350567989,-0.0031421509,-0.1220655562
18,325,12.96,339.11,35.3,41.130643077880514,0.0060605318583135,1.1286544615574101e-13,0.2657066051117284
20,325,12.96,161.38,34.49,23.67007604550522,0.0,0.0,0.0424264068711928
22,325,12.96,128.71,34.6,23.64001903552533,0.0,0.0,0.1456021977856103
23,325,12.96,192.49,31.16,36.10268134086442,0.0137922288368333,-0.0048218332012104,0.3140063693621516
24,325,12.96,102.29,34.47,23.5,0,0.066136949,-1.5666335689
26,325,12.96,136.66,30.38,38.03022219235644,0.0,0.1655604935667225,0.15
29,325,12.96,10.52,31.35,35.50022006974,-0.003521112209,-0.044012811246,0.008252512959
30,325,12.96,2.85,27.27,39.750196540395,-0.003144643722,0,0.000000000011
40,325,12.96,284.92,41.83,41.03102484705933,-3.1354951682,-0.0009238387,-0.1345362405
41,325,12.96,258.09,53.17,23.78001892345757,-3.1415926536,-0.0,-0.0447213595
42,325,12.96,279.78,44.3,23.330619365974837,-3.1308403798,-0.0,-0.25
43,325,12.96,355.17,53.64,36.5615809286196,-3.1347434456,0.0011808606,-0.3482814953
44,325,12.96,197.8,43.86,23.44001919794436,-3.1415926536,-0.0,-0.0223606798
45,325,12.96,292.38,44.46,38.450254875618185,-3.135182485,-0.1602542153,-0.1280624847
18,326,13.0,340.76,35.31,41.130588374104256,0.006060531858309,-1.1286544615574101e-13,0.2785677655436824
20,326,13.0,162.33,34.49,23.660052831724617,-0.0106378965755469,-0.2659474143886727,0.0360555127546398
22,326,13.0,129.66,34.6,23.630019043580983,0.0,0.0,0.1456021977856103
23,326,13.0,193.94,31.18,36.102804600196926,0.0138879959309668,0.0023941773533374,0.3140063693621516
24,326,13.0,103.23,34.47,23.5,0,0,0
26,326,13.0,138.18,30.38,38.02018937354206,-0.0065358546459298,-0.1633963661482459,0.1442220510185595
29,326,13,11.94,31.34,35.500880270777,-0.007042137108,-0.044012811246,0.00825251295
30,326,13,4.44,27.26,39.875195924284,-0.00313478597,0.000123221908,1.562492298612
40,326,13.0,283.27,41.82,41.03102484705933,-3.1355321217,0.0009238387,-0.1345362405
41,326,13.0,257.13,53.17,23.78001892345757,-3.1415926536,-0.0,-0.0447213595
42,326,13.0,278.85,44.29,23.32061963156211,-3.1308403798,0.0029215847,-0.24
43,326,13.0,353.72,53.63,36.551675748178766,-3.1346962112,0.1700332746,-0.3405877273
44,326,13.0,196.86,43.86,23.44001919794436,-3.1415926536,-0.0,-0.0223606798
45,326,13.0,290.84,44.46,38.45021976530173,-3.1415926536,0.1623353807,-0.1280624847
18,327,13.04,342.41,35.32,41.13048626019391,0.0060974854076808,0.0009238387342941,0.2879236009777594
20,327,13.04,163.27,34.48,23.660052831724617,0.0,0.2659474143886727,0.0360555127546398
22,327,13.04,130.61,34.6,23.62003386957775,0.0,0.0,0.1431782106327635
23,327,13.04,195.38,31.2,36.10305942714551,0.0069443328150166,-0.1735915778987538,0.3157530680769389
24,327,13.04,104.17,34.47,23.5,0,0,-1.5625
26,327,13.04,139.71,30.37,38.02015912644239,0.0,0.1633963661482459,0.1442220510185595
29,327,13.04,13.36,31.33,35.500880270776,-0.007042137108,0.043700658516,-3.133233003353
30,327,13.04,6.04,27.26,39.875195924284,-0.00313478597,-0.000247221233,-3.124984548646
40,327,13.04,281.63,41.81,41.03095538736577,-3.1354951682,0.0,-0.1486606875
41,327,13.04,256.18,53.17,23.78001892345757,-3.1415926536,-0.0,-0.0447213595
42,327,13.04,277.93,44.28,23.310619897377247,-3.1307235164,-0.2717284294,-0.24
43,327,13.04,352.26,53.61,36.5417733559826,-3.1278948802,-0.1723789305,-0.3330165161
44,327,13.04,195.91,43.86,23.440008532421658,-3.1415926536,-0.2688068448,-0.0223606798
45,327,13.04,289.3,44.45,38.4401873044344,-3.1350992384,-0.1623353807,-0.1280624847
18,328,13.08,344.05,35.33,41.14043874340671,0.0060605318583135,-0.0009238387341812,0.2973213749463701
20,328,13.08,164.21,34.48,23.660052831724617,0.0,0.0,0.0360555127546398
22,328,13.08,131.55,34.6,23.62003386957775,0.0106378965755393,0.2659474143884838,0.1529705854077835
23,328,13.08,196.82,31.21,36.103325331609,0.013792228836833,0.1711974005454096,0.3157530680769389
24,328,13.08,105.11,34.47,23.375,0,0,-3.125
26,328,13.08,141.22,30.37,38.02015912644239,-0.0065788524530174,-0.1644713113254366,0.138924439894498
29,328,13.08,14.78,31.32,35.250221630509,-0.003546084427,0.043542915876,-4.695723144397
30,328,13.08,7.63,27.25,39.625197160393,-0.003154563668,-0.000247221233,-3.124984548635
40,328,13.08,279.99,41.8,41.02088858130696,-3.1354951682,-0.0,-0.1486606875
41,328,13.08,255.23,53.17,23.780008410427445,-3.1415926536,0.2631481758,-0.0447213595
42,328,13.08,277.0,44.28,23.300620163420543,-3.1415926536,0.2688068448,-0.2302172887
43,328,13.08,350.79,53.6,36.53187375429845,-3.1347900374,0.1723789305,-0.3189043744
44,328,13.08,194.98,43.87,23.440008532421658,3.1308403798,0.2688068448,-0.0316227766
45,328,13.08,287.77,44.45,38.4401873044344,-3.1415926536,0.1623353807,-0.1280624847
18,329,13.12,345.7,35.34,41.140351238170055,0.0,-0.1515132964578399,0.3067572330035593
20,329,13.12,165.15,34.48,23.660052831724617,0.0,0.0,0.0360555127546398
22,329,13.12,132.49,34.61,23.610033883923165,0.0,-0.2659474143884838,0.1529705854077835
23,329,13.12,198.27,31.23,36.113461479066224,0.0138879959309668,0.0023941773533441,0.3178049716414141
24,329,13.12,106.04,34.47,23.25,0,0,0
26,329,13.12,142.74,30.36,38.01013154410281,0.0,0.1644713113254366,0.138924439894498
29,329,13.12,16.18,31.32,35.125222419225,-0.003558703838,-0.044011696637,1.570771883592
30,329,13.12,9.21,27.25,39.625197160393,-0.003154563668,0.000123999325,1.562492250023
40,329,13.12,278.35,41.79,41.02082398002264,-3.1354951682,-0.0,-0.162788206
41,329,13.12,254.28,53.16,23.780008410427445,-3.1310667266,-0.2631481758,-0.05
42,329,13.12,276.07,44.27,23.290549585615192,-3.1308403798,0.0,-0.2202271555
43,329,13.12,349.33,53.58,36.52197694539549,-3.1278948802,-0.1700332746,-0.3189043744
44,329,13.12,194.04,43.87,23.440008532421658,-3.1415926536,-0.0,-0.0316227766
45,329,13.12,286.23,44.44,38.4301574287694,-3.1350992384,-0.1623353807,-0.1345362405
18,330,13.16,347.36,35.34,41.15031105593249,0.0060974854076808,0.1524371351920212,0.3067572330035593
20,330,13.16,166.09,34.48,23.660052831724617,0.0,0.0,0.0282842712474619
22,330,13.16,133.44,34.61,23.610033883923165,0.0,0.0,0.1513274595042155
23,330,13.16,199.71,31.25,36.11374392111679,0.0208303200362179,0.1735581026312776,0.3080584360149873
24,330,13.16,106.97,34.47,23.375,0,0,4.6875
26,330,13.16,144.25,30.36,38.01010655075831,-0.0065358546459298,-0.1633963661482459,0.1341640786499874
29,330,13.16,17.59,31.31,35.375883381196,-0.007067020158,-0.043234060371,6.258184536982
30,330,13.16,10.80,27.24,39.750196540395,-0.003144643722,0.000123999325,1.562492250023
40,330,13.16,276.71,41.78,41.010762002186695,-3.1354951682,0.0009351738,-0.162788206
41,330,13.16,253.33,53.16,23.780008410427445,-3.1415926536,-0.0,-0.05
42,330,13.16,275.14,44.26,23.28054982168592,-3.1308403798,-0.0,-0.2202271555
43,330,13.16,347.88,53.57,36.51197748684669,-3.1346962112,0.1677040097,-0.31144823
44,330,13.16,193.09,43.87,23.440008532421658,-3.1415926536,-0.0,-0.0316227766
45,330,13.16,284.69,44.44,38.430130106467246,-3.1415926536,-0.0,-0.1345362405
18,331,13.2,349.0,35.35,41.15023815240928,0.0060974854076808,0.0,0.3195309061734091
20,331,13.2,167.04,34.48,23.660033812317344,0.0,0.0,0.0282842712474619
22,331,13.2,134.38,34.61,23.600033898280746,0.0,0.0,0.1513274595042155
23,331,13.2,201.15,31.28,36.11403743698563,0.0137922288368333,-0.175952279984615,0.3104834939252004
24,331,13.2,107.91,34.47,23.625,0,0,3.125
26,331,13.2,145.78,30.35,38.01010655075831,0.0,0.1633963661482459,0.1341640786499874
29,331,13.2,19.01,31.30,35.625877182183,-0.007017428668,0.044323849367,1.554208606801
30,331,13.2,12.39,27.24,39.750196540395,-0.003144643722,0.000123221908,1.562492298612
40,331,13.2,275.08,41.77,41.01070226172676,-3.1354577612,-0.0018590125,-0.1702938637
41,331,13.2,252.37,53.16,23.77000841396569,-3.1415926536,-0.0,-0.05
42,331,13.2,274.21,44.25,23.270550057959525,-3.1308403798,-0.2688068448,-0.2109502311
43,331,13.2,346.41,53.55,36.50208350217834,-3.1279880508,0.0023292649,-0.3041381265
44,331,13.2,192.15,43.87,23.43000853606332,-3.1415926536,-0.0,-0.0412310563
45,331,13.2,283.15,44.44,38.430130106467246,-3.1415926536,0.1644713113,-0.1345362405
18,332,13.24,350.64,35.36,41.15020534578169,0.0,-0.1524371351920212,0.3289376840679705
20,332,13.24,167.99,34.48,23.660033812317344,0.0,0.0,0.0223606797749978
22,332,13.24,135.33,34.61,23.590033912650487,0.0105259270317234,0.2631481757930862,0.161245154965971
23,332,13.24,202.6,31.3,36.1241871880877,0.0138879959309668,0.0023941773533374,0.3104834939252004
24,332,13.24,108.86,34.47,23.625,0,-0.0664887346,-1.5583444443
26,332,13.24,147.3,30.35,38.00008421043301,0.0,0.0,0.13
29,332,13.24,20.44,31.29,35.50022006974,-0.003521112209,0.043548430876,-3.133204185201
30,332,13.24,13.98,27.23,39.875195924284,-0.00313478597,0.000123221908,1.562492298612
40,332,13.24,273.43,41.76,41.0006451168759,-3.1355321217,0.0009238387,-0.1769180601
41,332,13.24,251.42,53.16,23.77000841396569,-3.1415926536,-0.0,-0.05
42,332,13.24,273.28,44.25,23.26055029443629,-3.1415926536,0.2717284294,-0.2109502311
43,332,13.24,344.95,53.53,36.49219231561733,-3.1278948802,-0.1700332746,-0.2969848481
44,332,13.24,191.2,43.87,23.43000853606332,-3.1415926536,-0.0,-0.0412310563
45,332,13.24,281.63,44.43,38.420105413702345,-3.1350138011,-0.1644713113,-0.1345362405
18,333,13.28,352.28,35.36,41.16014698710392,0.0,0.0,0.3289376840679705
20,333,13.28,168.94,34.48,23.660033812317344,0.0,0.0,0.0223606797749978
22,333,13.28,136.28,34.62,23.590033912650487,0.0,-0.2631481757930862,0.1603121954188139
23,333,13.28,204.04,31.32,36.12449722833524,0.013792228836833,-0.0023941773533441,0.3132091952673165
24,333,13.28,109.8,34.47,23.5003324445,-0.0053190988,-0.0664887346,-1.5583444443
26,333,13.28,148.83,30.35,38.00006447362952,-0.0065788524530175,-0.1644713113254397,0.13
29,333,13.28,21.85,31.29,35.375220847367,-0.003533554198,-0.043703955741,1.570713905534
30,333,13.28,15.58,27.23,39.875195924284,-0.00313478597,-0.000123221908,-1.562492298611
40,333,13.28,271.79,41.75,41.00059023965387,-3.1354951682,-0.0,-0.1769180601
41,333,13.28,250.47,53.16,23.770002103491706,-3.1415926536,-0.0,-0.05
42,333,13.28,272.36,44.24,23.250550531116463,-3.1307235164,-0.0029215847,-0.2009975124
43,333,13.28,343.5,53.52,36.49230329809288,-3.1346962112,0.1700332746,-0.2969848481
44,333,13.28,190.26,43.87,23.43000853606332,-3.1415926536,-0.0,-0.0412310563
45,333,13.28,280.09,44.43,38.420105413702345,-3.1415926536,-0.0,-0.142126704
18,334,13.32,353.92,35.36,41.16012147698303,0.0060974854076808,0.1524371351920212,0.3383784863137726
20,334,13.32,169.89,34.48,23.660033812317344,-0.0105259270317231,-0.2631481757930783,0.0223606797749978
22,334,13.32,137.23,34.62,23.58003392703242,0.0,0.0,0.1603121954188139
23,334,13.32,205.49,31.34,36.124656399750016,0.0208303200362179,0.1759522799846218,0.3036445290137795
24,334,13.32,110.74,34.46,23.5003324445,-0.0053190988,0.0664887346,-0.0041555557
26,334,13.32,150.35,30.34,38.00006447362952,0.0,0.1644713113254397,0.1264911064067351
29,334,13.32,23.27,31.28,35.625877182183,-0.007017428668,0.000155524865,1.562490279666
30,334,13.32,17.17,27.22,39.750196540395,-0.003144643722,0.039184824623,-1.564949053545
40,334,13.32,270.15,41.74,40.99053793255219,-3.1354951682,-0.1524371352,-0.1838477631
41,334,13.32,249.52,53.16,23.770002103491706,-3.1415926536,-0.0,-0.05
42,334,13.32,271.43,44.23,23.250550531116463,-3.1308403798,-0.2688068448,-0.1923538406
43,334,13.32,342.04,53.5,36.48241768304288,-3.1278948802,-0.0,-0.29
44,334,13.32,189.33,43.87,23.43000213401612,-3.1415926536,-0.0,-0.0412310563
45,334,13.32,278.56,44.43,38.41008331154724,-3.1415926536,-0.0,-0.142126704
18,335,13.36,355.56,35.37,41.170077726426506,0.0,-0.1524371351920212,0.3383784863137726
20,335,13.36,170.84,34.47,23.660033812317344,0.0,0.2631481757930783,0.0223606797749978
22,335,13.36,138.18,34.62,23.58003392703242,0.0,0.0,0.1603121954188139
23,335,13.36,206.93,31.37,36.134981665970166,0.0138879959309668,-0.1735581026312776,0.3067572330035593
24,335,13.36,111.68,34.46,23.5,0,0.0664887346,-1.5666555557
26,335,13.36,151.87,30.34,38.00004736839153,0.0,0.0,0.1264911064067351
29,335,13.36,24.70,31.27,35.50022006974,-0.003521112209,0.043391803011,-4.695694395928
30,335,13.36,18.76,27.22,39.75,0,-0.000123999325,-1.562492250023
40,335,13.36,268.51,41.74,40.99048792097992,-3.1415926536,0.1515132965,-0.1838477631
41,335,13.36,248.57,53.16,23.770002103491706,-3.1415926536,-0.0,-0.05
42,335,13.36,270.5,44.23,23.24048407413236,-3.1415926536,0.2717284294,-0.1824828759
43,335,13.36,340.58,53.48,36.472534872147286,-3.1278948802,-0.1723789305,-0.2831960452
44,335,13.36,188.39,43.87,23.43000213401612,-3.1415926536,-0.0,-0.0412310563
45,335,13.36,277.02,44.43,38.41006378541957,-3.1415926536,0.1633963661,-0.142126704
18,336,13.4,357.21,35.37,41.17005950930846,0.0,0.0,0.3511409973215887
20,336,13.4,171.79,34.47,23.660033812317344,0.0,0.0,0.0223606797749978
22,336,13.4,139.13,34.62,23.57003394142656,0.0,0.0,0.16
23,336,13.4,208.37,31.39,36.13514909336892,0.0208303200362179,0.1735581026312776,0.2973213749463701
24,336,13.4,112.62,34.46,23.375,0,0,-1.5625
26,336,13.4,153.39,30.34,38.00003289472261,0.0,0.0,0.1236931687685298
29,336,13.4,26.11,31.27,35.250221630509,-0.003546084427,-0.044637093321,-3.116669450817
30,336,13.4,20.35,27.22,39.625197160393,-0.003154563668,-0.039556829979,-3.122527696063
40,336,13.4,266.86,41.73,40.98044045639334,-3.1355321217,0.0009238387,-0.1910497317
41,336,13.4,247.62,53.16,23.770002103491706,-3.1415926536,-0.0,-0.05
42,336,13.4,269.58,44.22,23.230484282511203,-3.1307235164,-0.0029215847,-0.1824828759
43,336,13.4,339.11,53.47,36.4626548676862,-3.1347900374,0.1747403171,-0.2765863337
44,336,13.4,187.45,43.87,23.43000213401612,-3.1415926536,-0.0,-0.0509901951
45,336,13.4,275.49,44.42,38.40006380203032,-3.1350567989,-0.1633963661,-0.142126704
18,337,13.44,358.85,35.37,41.180030354529855,0.0,0.0,0.3511409973215887
20,337,13.44,172.73,34.47,23.660033812317344,0.0,0.0,0.0141421356237309
22,337,13.44,140.07,34.62,23.56003395583292,0.0106378965755469,0.2659474143886727,0.16
23,337,13.44,209.81,31.42,36.13549224792711,0.0138879959309668,-0.1735581026312776,0.3008321791298264
24,337,13.44,113.55,34.46,23.375,0,0,0
26,337,13.44,154.9,30.34,38.00002105262575,0.0,0.0,0.1236931687685298
29,337,13.44,27.52,31.26,35.250886513675,-0.007092079674,-0.00015774264,-1.562490141054
30,337,13.44,21.93,27.21,39.500197784315,-0.003164546398,0.039432045856,-1.564964504909
40,337,13.44,265.22,41.72,40.98039531288101,-3.1354951682,-0.1524371352,-0.1910497317
41,337,13.44,246.67,53.16,23.770002103491706,-3.1415926536,-0.0,-0.0565685425
42,337,13.44,268.65,44.21,23.230484282511203,-3.1308403798,-0.2688068448,-0.174642492
43,337,13.44,337.66,53.45,36.4626548676862,-3.1278004248,0.0,-0.2701851217
44,337,13.44,186.52,43.87,23.42000213492732,-3.1415926536,-0.0,-0.0509901951
45,337,13.44,273.96,44.42,38.40004687497139,-3.1415926536,-0.0,-0.142126704
18,338,13.48,360.49,35.37,41.180010927633326,0.0,0.0,0.3511409973215887
20,338,13.48,173.68,34.47,23.660033812317344,0.0,0.0,0.0141421356237309
22,338,13.48,141.01,34.63,23.56003395583292,0.0,-0.2659474143886727,0.16
23,338,13.48,211.25,31.44,36.145666406915225,0.0208303200362154,0.173558102631216,0.291547594742265
24,338,13.48,114.49,34.46,23.375,0,0,0
26,338,13.48,156.42,30.34,37.99002105816737,-0.0065788524530174,-0.1644713113254366,0.1216552506059644
29,338,13.48,28.93,31.25,35.125222419225,-0.003558703838,0.044167197951,-1.570801180631
30,338,13.48,23.51,27.21,39.5,0,-0.000125576396,-1.562492151456
40,338,13.48,263.58,41.72,40.970352695577326,-3.1415926536,0.1515132965,-0.1984943324
41,338,13.48,245.71,53.16,23.76000210437701,-3.1415926536,-0.0,-0.0565685425
42,338,13.48,267.73,44.21,23.22048449106952,-3.1415926536,0.2717284294,-0.164924225
43,338,13.48,336.21,53.43,36.45277767194155,-3.1278004248,0.0,-0.2701851217
44,338,13.48,185.58,43.87,23.42000213492732,-3.1415926536,-0.0,-0.0509901951
45,338,13.48,272.42,44.42,38.40003255206953,-3.1415926536,-0.0,-0.1360147051
18,339,13.52,362.14,35.37,41.19000485554717,0.0,0.0,0.3605551275463989
20,339,13.52,174.62,34.47,23.660033812317344,0.0,0.0,0.01
22,339,13.52,141.95,34.63,23.550033970251512,0.0,0.0,0.16
23,339,13.52,212.69,31.47,36.14602606096554,0.020686703779845,-0.0035904064092587,0.2954657340538831
24,339,13.52,115.42,34.46,23.375,0,0,1.5625
26,339,13.52,157.94,30.33,37.990011845220586,0.0,0.1644713113254366,0.1216552506059644
29,339,13.52,30.33,31.25,35.125222419225,-0.003558703838,-0.044167197951,1.570801180631
30,339,13.52,25.09,27.21,39.375198412198,-0.00317459251,-0.039808782612,-3.122511948984
40,339,13.52,261.93,41.71,40.96031249880792,-3.1355321217,-0.1515132965,-0.2061552813
41,339,13.52,244.76,53.16,23.76,-3.1415926536,-0.0,-0.0565685425
42,339,13.52,266.81,44.2,23.21042222795613,-3.1307235164,-0.2717284294,-0.155241747
43,339,13.52,334.76,53.41,36.44290328719708,-3.1278004248,0.0023941774,-0.2640075756
44,339,13.52,184.64,43.87,23.42000213492732,-3.1415926536,-0.0,-0.0509901951
45,339,13.52,270.88,44.42,38.39003256054884,-3.1415926536,-0.0,-0.144222051
18,340,13.56,363.77,35.37,41.19,0.0,0.0,0.3605551275463989
20,340,13.56,175.56,34.47,23.660033812317344,0.0,0.0,0.01
22,340,13.56,142.9,34.63,23.54003398468235,0.0,0.0,0.1603121954188139
23,340,13.56,214.14,31.5,36.15620831890424,0.0209759440340234,0.0072310063544578,0.2863564212655271
24,340,13.56,116.36,34.46,23.5,0,-0.0668442826,0.0041777776
26,340,13.56,159.46,30.33,37.99000526454294,0.0,0.0,0.1204159457879229
29,340,13.56,31.74,31.24,35.250886513675,-0.007092079674,0.00015774264,1.562490141055
30,340,13.56,26.66,27.20,39.250199044081,-0.003184702609,0.039682406375,-1.564980152481
40,340,13.56,260.29,41.71,40.96031249880792,-3.1415926536,0.1524371352,-0.2061552813
41,340,13.56,243.8,53.16,23.76,-3.1415926536,-0.0,-0.0565685425
42,340,13.56,265.89,44.2,23.21042222795613,-3.1415926536,0.2688068448,-0.1456021978
43,340,13.56,333.32,53.39,36.44303088383292,-3.1277046577,-0.004755564,-0.258069758
44,340,13.56,183.7,43.87,23.42000213492732,-3.1415926536,-0.0,-0.0509901951
45,340,13.56,269.35,44.42,38.39002083875444,-3.1415926536,-0.0,-0.144222051
18,341,13.6,365.44,35.37,41.200001213592216,0.0,0.0,0.3605551275463989
20,341,13.6,176.51,34.47,23.660033812317344,0.0,0.0,0.01
22,341,13.6,143.84,34.63,23.540019116389857,0.0,0.0,0.1603121954188139
23,341,13.6,215.57,31.53,36.156584462584405,0.0208303200362154,-0.003640599945199,0.2773084924772409
24,341,13.6,117.3,34.46,23.3753342222,-0.0053475426,-0.0668442826,-1.5583222224
26,341,13.6,160.97,30.33,37.99000526454294,0.0,0.0,0.11
29,341,13.6,33.15,31.23,35.250221630509,-0.003546084427,0.044324940591,-0.008311039577
30,341,13.6,28.23,27.20,39.25,0,0.039808782612,-0.002488051016
40,341,13.6,258.65,41.7,40.95027472435319,-3.1354951682,-0.1524371352,-0.2140093456
41,341,13.6,242.85,53.16,23.76,-3.1415926536,-0.0,-0.0565685425
42,341,13.6,264.96,44.19,23.200422409947624,-3.1308403798,-0.2688068448,-0.1486606875
43,341,13.6,331.86,53.37,36.43316209169882,-3.1278948802,0.0023613866,-0.2441311123
44,341,13.6,182.76,43.87,23.410002135839285,-3.1415926536,-0.0,-0.0509901951
45,341,13.6,267.82,44.42,38.38002084418402,-3.1415926536,-0.0,-0.144222051
18,342,13.64,367.1,35.37,41.20001092232865,0.0,0.0,0.37
20,342,13.64,177.46,34.47,23.660033812317344,0.0,0.0,0.01
22,342,13.64,144.78,34.63,23.53001912451412,0.0,0.0,0.1603121954188139
23,342,13.64,217.01,31.56,36.16677480782603,0.0206867037798446,-0.0035904064092689,0.2817800560721074
24,342,13.64,118.23,34.45,23.3753342222,-0.0053475426,0.0668442826,-0.0041777776
26,342,13.64,162.49,30.33,37.9900013161358,0.0,0.0,0.11
29,342,13.64,34.56,31.23,35.250221630509,-0.003546084427,-0.044324940591,0.008311039576
30,342,13.64,29.80,27.20,39.25,0,-0.039808782612,0.002488051016
40,342,13.64,257.01,41.7,40.94023937399487,-3.1415926536,0.1515132965,-0.2080865205
41,342,13.64,241.91,53.16,23.76,-3.1415926536,-0.0,-0.0565685425
42,342,13.64,264.04,44.19,23.20036422127894,-3.1415926536,0.2717284294,-0.1392838828
43,342,13.64,330.41,53.35,36.43329521193492,-3.1278004248,0.0,-0.2385372088
44,342,13.64,181.83,43.87,23.410002135839285,-3.1415926536,-0.0,-0.05
45,342,13.64,266.29,44.42,38.38001172485491,-3.1415926536,-0.0,-0.1389244399
18,343,13.68,368.74,35.37,41.21003033243242,0.0,0.0,0.3733630940518894
20,343,13.68,178.41,34.47,23.660033812317344,0.0,0.0,0.01
22,343,13.68,145.72,34.63,23.52001913264528,0.0,0.0,0.1603121954188139
23,343,13.68,218.46,31.59,36.16696973759344,0.020686703779845,1.0148132334464322e-14,0.2729468812791236
24,343,13.68,119.17,34.45,23.375,0,0.0668442826,-1.5666777776
26,343,13.68,164.0,30.33,37.99,0.0,0.0,0.1104536101718726
29,343,13.68,35.97,31.22,35.250886513675,-0.007092079674,-0.044324940591,0.008311039577
30,343,13.68,31.37,27.20,39.250199044081,-0.003184702609,-0.039808782612,0.002488051016
40,343,13.68,255.36,41.69,40.9402063990889,-3.1355321217,-0.1515132965,-0.2163330765
41,343,13.68,240.96,53.16,23.76,-3.1415926536,-0.0,-0.0565685425
42,343,13.68,263.12,44.18,23.190364378336103,-3.1307235164,-0.0,-0.13
43,343,13.68,328.96,53.33,36.42329611663393,-3.1278004248,-0.0,-0.2385372088
44,343,13.68,180.89,43.87,23.410002135839285,-3.1415926536,-0.0,-0.05
45,343,13.68,264.75,44.42,38.37001172791064,-3.1415926536,0.1633963661,-0.1476482306
18,344,13.72,370.4,35.37,41.21004367869561,-0.006060531858309,-0.151513296457727,0.3733630940518894
20,344,13.72,179.36,34.47,23.660033812317344,-0.0106378965755393,-0.2659474143884838,0.0
22,344,13.72,146.65,34.63,23.52001913264528,0.0106378965755393,0.2659474143884838,0.150332963783729
23,344,13.72,219.91,31.62,36.17716545004597,0.0208303200362154,0.0035904064092587,0.2641968962724581
24,344,13.72,120.1,34.45,23.25,0,0,0
26,344,13.72,165.51,30.33,37.99,0.0,0.0,0.1118033988749894
29,344,13.72,37.38,31.21,35.250886513675,-0.007092079674,0.044324940591,-0.008311039577
30,344,13.72,32.94,27.19,39.250199044081,-0.003184702609,0.039808782612,-0.002488051016
40,344,13.72,253.72,41.69,40.93020644951599,-3.1415926536,0.1515132965,-0.2163330765
41,344,13.72,240.01,53.16,23.75,-3.1415926536,-0.0,-0.0565685425
42,344,13.72,262.2,44.17,23.190364378336103,-3.1307235164,-0.2717284294,-0.1208304597
43,344,13.72,327.51,53.31,36.42343201841364,-3.1278004248,-0.0023613866,-0.2332380758
44,344,13.72,179.96,43.87,23.410002135839285,-3.1415926536,-0.0,-0.05
45,344,13.72,263.22,44.41,38.37000521240517,-3.1350567989,-0.1633963661,-0.1476482306
18,345,13.76,372.05,35.36,41.22007763214426,0.0,0.151513296457727,0.3733630940518894
20,345,13.76,180.3,34.46,23.660033812317344,0.0,0.2659474143884838,0.01
22,345,13.76,147.59,34.64,23.510019140783363,0.0,-0.2659474143884838,0.1513274595042155
23,345,13.76,221.35,31.65,36.17736585214573,0.0206867037798446,-0.0035904064092689,0.260768096208106
24,345,13.76,121.03,34.45,23.375,0,-0.066136949,4.691633569
26,345,13.76,167.02,30.33,37.9900013161358,0.0,0.0,0.1019803902718557
29,345,13.76,38.79,31.20,35.250221630509,-0.003546084427,0.044324940591,-0.008311039577
30,345,13.76,34.51,27.19,39.25,0,0.039808782612,1.560011948984
40,345,13.76,252.07,41.68,40.92017595270089,-3.1355321217,-0.1515132965,-0.2247220505
41,345,13.76,239.07,53.16,23.75,-3.1415926536,-0.0,-0.0565685425
42,345,13.76,261.27,44.17,23.18031061051599,-3.1415926536,0.2688068448,-0.1208304597
43,345,13.76,326.05,53.29,36.41357164574769,-3.1278948802,-0.0,-0.2282542442
44,345,13.76,179.02,43.87,23.410002135839285,-3.1415926536,-0.0,-0.05
45,345,13.76,261.69,44.41,38.36000521376398,-3.1415926536,-0.0,-0.1476482306
18,346,13.8,373.7,35.36,41.22009825315801,-0.005987952383912,-0.1496988095978001,0.3733630940518894
20,346,13.8,181.25,34.46,23.660033812317344,0.0,0.0,0.01
22,346,13.8,148.52,34.64,23.50001914892837,0.0,0.0,0.1513274595042155
23,346,13.8,222.8,31.68,36.18777279689923,0.0205450540334013,-0.0035412436610843,0.2523885892824792
24,346,13.8,121.97,34.45,23.6253306855,-0.0052909559,-0.0657888662,4.6916118136
26,346,13.8,168.53,30.33,37.9900013161358,0.0,0.0,0.1044030650891055
29,346,13.8,40.20,31.20,35.250221630509,-0.003546084427,-0.044011696637,1.570771883592
30,346,13.8,36.08,27.19,39.375,0,0,3.125000000001
40,346,13.8,250.43,41.68,40.91014788533524,-3.1415926536,-0.0,-0.219544984
41,346,13.8,238.11,53.16,23.75,-3.1415926536,-0.0,-0.0565685425
42,346,13.8,260.34,44.16,23.18031061051599,-3.1308403798,-0.2688068448,-0.1166190379
43,346,13.8,324.59,53.27,36.41371307625741,-3.1278948802,0.0023613866,-0.2236067977
44,346,13.8,178.09,43.87,23.40000213675204,-3.1415926536,-0.0,-0.05
45,346,13.8,260.14,44.41,38.36000521376398,-3.1415926536,-0.0,-0.1523154621
18,347,13.84,375.37,35.35,41.23014673755115,0.0,0.1496988095978001,0.3733630940518894
20,347,13.84,182.2,34.46,23.660033812317344,0.0,0.0,0.01
22,347,13.84,149.47,34.64,23.50000851063676,0.0,0.0,0.1414213562373095
23,347,13.84,224.26,31.71,36.19797922536561,0.0206867037798422,0.0035412436610231,0.2523885892824792
24,347,13.84,122.92,34.44,23.7503289451,-0.0052631093,0.066136949,1.558366431
26,347,13.84,170.06,30.33,38.000005263157526,0.0,0.0,0.1077032961426901
29,347,13.84,41.61,31.19,35.375883381196,-0.007067020158,0.000156627865,1.562490210728
30,347,13.84,37.66,27.19,39.5,0,0,1.562500000001
40,347,13.84,248.78,41.68,40.91014788533524,-3.1415926536,0.1524371352,-0.2282542442
41,347,13.84,237.16,53.16,23.750002105263064,-3.1415926536,-0.0,-0.0565685425
42,347,13.84,259.41,44.16,23.18031061051599,-3.1415926536,-0.0,-0.1081665383
43,347,13.84,323.14,53.25,36.41385725242521,-3.1278004248,-0.0023613866,-0.2236067977
44,347,13.84,177.16,43.87,23.40000213675204,-3.1415926536,-0.0,-0.05
45,347,13.84,258.61,44.41,38.35000130378094,-3.1415926536,-0.1612880848,-0.1523154621
18,348,13.88,377.02,35.35,41.23020494734413,-0.0060240235161691,-0.150600587904229,0.3733630940518894
20,348,13.88,183.16,34.46,23.660033812317344,0.0,0.0,0.01
22,348,13.88,150.41,34.64,23.490008514259845,0.0,0.0,0.1414213562373095
23,348,13.88,225.71,31.74,36.19797922536561,0.020686703779845,7.129713486264677e-14,0.244131112314674
24,348,13.88,123.87,34.44,23.75,0,0.0657888662,-1.5666118136
26,348,13.88,171.58,30.33,38.00001184210342,0.0065788524530175,0.1644713113254397,0.098488578017961
29,348,13.88,43.03,31.18,35.375220847367,-0.003533554198,0.043853953997,-3.133262024645
30,348,13.88,39.24,27.19,39.5,0,-0.039556829979,0.002472303936
40,348,13.88,247.14,41.67,40.90012224920605,-3.1354951682,-0.1524371352,-0.2236067977
41,348,13.88,236.2,53.16,23.750002105263064,-3.1415926536,-0.0,-0.0640312424
42,348,13.88,258.48,44.16,23.17026111203756,-3.1415926536,0.2688068448,-0.1081665383
43,348,13.88,321.68,53.23,36.403858311997645,-3.1278948802,0.0023613866,-0.219317122
44,348,13.88,176.23,43.87,23.40000213675204,-3.1415926536,-0.0,-0.05
45,348,13.88,257.06,44.42,38.35000130378094,3.1351411302,0.1612880848,-0.158113883
47,348,13.88,352.53,50.88,39.23246742176688,-3.1415926536,,-0.3992492956
18,349,13.92,378.68,35.34,41.24023763268102,-0.0060240235161736,-1.1214987272190059e-13,0.3827531841800927
20,349,13.92,184.1,34.46,23.660033812317344,0.0,0.0,0.01
22,349,13.92,151.36,34.64,23.490008514259845,0.0,0.0,0.1414213562373095
23,349,13.92,227.16,31.77,36.20818830043834,0.0208303200362179,0.0035904064093204,0.2360084744241189
24,349,13.92,124.82,34.44,23.625,0,0,-6.25
26,349,13.92,173.1,30.34,38.00001184210342,0.0,-0.1644713113254397,0.10295630140987
29,349,13.92,44.44,31.18,35.125222419225,-0.003558703838,-0.045114768394,-4.679100020155
30,349,13.92,40.82,27.19,39.500197784315,-0.003164546398,-0.039682406375,-1.560019847519
40,349,13.92,245.51,41.67,40.89012227910305,-3.1415926536,-0.0,-0.2236067977
41,349,13.92,235.25,53.16,23.750002105263064,-3.1415926536,-0.0,-0.0640312424
42,349,13.92,257.55,44.15,23.17026111203756,-3.1308403798,-0.2688068448,-0.1
43,349,13.92,320.23,53.21,36.40400527414531,-3.1278004248,-0.0046906515,-0.219317122
44,349,13.92,175.29,43.87,23.40000213675204,-3.1415926536,-0.0,-0.05
45,349,13.92,255.53,44.42,38.340001304121,-3.1415926536,-0.0,-0.158113883
47,349,13.92,350.97,50.87,39.21235774599635,-3.135182485,0.1602410466,-0.3992492956
18,350,13.96,380.34,35.33,41.24031037710555,0.0,0.1506005879043411,0.3827531841800927
20,350,13.96,185.04,34.46,23.660033812317344,0.0,0.0,0.02
22,350,13.96,152.29,34.64,23.48000851788602,0.0,0.0,0.131529464379659
23,350,13.96,228.6,31.8,36.208402339788485,0.0206867037798422,-0.0035904064093917,0.2280350850198276
24,350,13.96,125.76,34.44,23.25,0,0.0563678612,-6.2470609395
26,350,13.96,174.63,30.34,38.00002105262575,0.0,0.0,0.10295630140987
29,350,13.96,45.84,31.17,35.000892845755,-0.007142735669,0,0.000000000009
30,350,13.96,42.40,27.18,39.375198412198,-0.00317459251,0.039556829979,-4.689972303925
40,350,13.96,243.86,41.67,40.88009907033005,-3.1415926536,-0.0,-0.232594067
41,350,13.96,234.3,53.16,23.740002106149863,-3.1415926536,-0.0,-0.0640312424
42,350,13.96,256.62,44.15,23.170215795283397,-3.1415926536,-0.0,-0.0921954446
43,350,13.96,318.76,53.19,36.404154982639,-3.1279880508,0.0070848288,-0.2154065923
44,350,13.96,174.35,43.87,23.40000213675204,-3.1415926536,-0.0,-0.05
45,350,13.96,253.98,44.42,38.33,-3.1415926536,-0.0,-0.158113883
47,350,13.96,349.41,50.85,39.20235834742599,-3.1287728431,-0.0020411496,-0.39
18,351,14.0,381.99,35.33,41.250350301542895,-0.0060605318583092,-0.1515132964577322,0.3827531841800927
20,351,14.0,185.98,34.46,23.660033812317344,-0.0106378965755393,-0.2659474143884838,0.02
22,351,14.0,153.23,34.64,23.47000852151528,0.0,0.0,0.131529464379659
23,351,14.0,230.05,31.83,36.21861675989297,0.020686703779845,7.129713486264677e-14,0.2202271554554524
24,351,14.0,126.68,34.44,23.1252351248,0.0045094289,0.4087252411,0.1554316216
26,351,14.0,176.15,30.34,38.00002105262575,0.0,0.0,0.1
29,351,14,47.24,31.16,35.125222419225,-0.003558703838,0.04480039789,1.554119668373
30,351,14,43.97,27.18,39.125000000001,0,0.039682406375,-3.127480152481
40,351,14.0,242.22,41.67,40.87009909457034,-3.1415926536,0.1533723089,-0.2284731932
41,351,14.0,233.35,53.16,23.740002106149863,-3.1415926536,-0.0,-0.0640312424
42,351,14.0,255.69,44.15,23.160215888458374,-3.1415926536,0.2717284294,-0.0921954446
43,351,14.0,317.32,53.17,36.39430862099182,-3.1277046577,-0.004755564,-0.211896201
44,351,14.0,173.41,43.87,23.39000213766557,-3.1415926536,-0.0,-0.0509901951
45,351,14.0,252.44,44.42,38.33,-3.1415926536,-0.0,-0.164924225
47,351,14.0,347.84,50.83,39.18225108387725,-3.1288544891,-0.1592205968,-0.39
18,352,14.04,383.64,35.32,41.25043757343672,-0.0061348923578747,-0.0018590124891354,0.3827531841800927
20,352,14.04,186.92,34.45,23.660033812317344,0.0,0.2659474143884838,0.02
22,352,14.04,154.17,34.64,23.47000852151528,0.0,0.0,0.1216552506059644
23,352,14.04,231.5,31.86,36.218836259603925,0.0277706365934204,0.1770983203393849,0.2193171219946131
24,352,14.04,127.61,34.45,23.2624345297,0.0326980193,0.8468363909,3.8864761235
26,352,14.04,177.67,30.34,38.01003288606838,0.0065788524530174,0.1644713113254366,0.1
29,352,14.04,48.65,31.16,35.125222419225,-0.003558703838,-0.044482671287,0.008340615287
30,352,14.04,45.53,27.18,39.125,0,0,-1.562500000012
40,352,14.04,240.59,41.66,40.86007831612661,-3.1354577612,-0.1533723089,-0.2284731932
41,352,14.04,232.41,53.16,23.740002106149863,-3.1415926536,-0.0,-0.0640312424
42,352,14.04,254.77,44.14,23.160215888458374,-3.1307235164,-0.2717284294,-0.0848528137
43,352,14.04,315.86,53.15,36.39430862099182,-3.1278948802,0.1711820165,-0.211896201
44,352,14.04,172.47,43.87,23.39000213766557,-3.1415926536,-0.0,-0.0509901951
45,352,14.04,250.9,44.42,38.32,-3.1415926536,-0.0,-0.164924225
47,352,14.04,346.27,50.82,39.17214571605697,-3.135223313,0.1612617464,-0.3807886553
18,353,14.08,385.27,35.31,41.26048472812698,-0.006134892357879,-1.0896231833479321e-13,0.3827531841800927
20,353,14.08,187.86,34.45,23.660033812317344,0.0,0.0,0.02
22,353,14.08,155.1,34.64,23.4600021312872,0.0,0.0,0.1216552506059644
23,353,14.08,232.94,31.9,36.22905601861577,0.020686703779845,-0.1770983203393849,0.2121320343559642
24,353,14.08,128.54,34.50,23.4361532147,0.0722563402,0.8653022077,4.5019576502
26,353,14.08,179.19,30.35,38.01003288606838,0.0,-0.1644713113254366,0.0989949493661166
29,353,14.08,50.05,31.15,35.125889668448,-0.007117317541,0,0.000000000001
30,353,14.08,47.10,27.18,39,0,0,-3.125000000001
40,353,14.08,238.96,41.66,40.86007831612661,-3.1415926536,-0.0,-0.2247220505
41,353,14.08,231.47,53.16,23.740002106149863,-3.1415926536,-0.0,-0.0640312424
42,353,14.08,253.85,44.14,23.160215888458374,-3.1415926536,-0.0,-0.0848528137
43,353,14.08,314.4,53.12,36.39446386471437,-3.1210475996,-0.1711820165,-0.2088061302
44,353,14.08,171.53,43.87,23.39000213766557,-3.1415926536,-0.0,-0.0509901951
45,353,14.08,249.36,44.42,38.31,-3.1415926536,-0.0,-0.172626765
47,353,14.08,344.71,50.8,39.15214681214812,-3.1287728431,-0.0020411496,-0.3807886553
18,354,14.12,386.9,35.3,41.26058652031015,-0.0061348923578747,1.0896231833479321e-13,0.3862641583165593
20,354,14.12,188.8,34.45,23.660033812317344,0.0,0.0,0.03
22,354,14.12,156.02,34.64,23.4600021312872,0.0,0.0,0.1118033988749894
23,354,14.12,234.39,31.93,36.23905351964921,0.0206867037798446,-1.0148132334464322e-14,0.2051828452868319
24,354,14.12,129.48,34.58,23.6225911417,0.1019221959,0.7029708082,1.6644024477
26,354,14.12,180.71,30.35,38.01003288606838,0.0,0.0,0.1063014581273465
29,354,14.12,51.46,31.14,35.125222419225,-0.003558703838,0.044482671287,-0.008340615295
30,354,14.12,48.65,27.18,38.875,0,0,0.000000000001
40,354,14.12,237.33,41.66,40.85007833529821,-3.1415926536,-0.0,-0.2340939982
41,354,14.12,230.52,53.16,23.740008424598336,-3.1415926536,-0.0,-0.0640312424
42,354,14.12,252.92,44.14,23.16017486980614,-3.1415926536,0.2688068448,-0.0781024968
43,354,14.12,312.94,53.1,36.38462312571068,-3.1278948802,0.0,-0.2088061302
44,354,14.12,170.59,43.87,23.39000213766557,-3.1415926536,-0.0,-0.0509901951
45,354,14.12,247.81,44.42,38.31,-3.1415926536,-0.0,-0.172626765
47,354,14.12,343.14,50.78,39.14204389144747,-3.1288544891,-0.1592205968,-0.3716180835
18,355,14.16,388.53,35.29,41.2706408964048,-0.0060974854076806,0.0009351737548518,0.3862641583165593
20,355,14.16,189.75,34.45,23.660033812317344,0.0,0.0,0.03
22,355,14.16,156.96,34.64,23.45000213219606,0.0,0.0,0.1140175425099137
23,355,14.16,235.84,31.96,36.2392784144497,0.0277706365934204,0.1770983203393951,0.1984943324127921
24,355,14.16,130.42,34.69,23.5693054105,0.1284940048,0.5403939147,0.0105039927
26,355,14.16,182.23,30.35,38.01004735592945,0.0065788524530151,0.1644713113253782,0.1
29,355,14.16,52.86,31.14,35.125222419225,-0.003558703838,-0.044167197951,1.57080118063
30,355,14.16,50.21,27.18,39,0,0,3.125000000001
40,355,14.16,235.7,41.66,40.84005999016162,-3.1415926536,0.1533723089,-0.2340939982
41,355,14.16,229.57,53.16,23.730008428148523,-3.1415926536,-0.0,-0.0640312424
42,355,14.16,251.99,44.13,23.16017486980614,-3.1308403798,-0.2688068448,-0.0721110255
43,355,14.16,311.48,53.08,36.38478390756224,-3.1278948802,0.0023613866,-0.1992485885
44,355,14.16,169.66,43.87,23.39000213766557,-3.1415926536,-0.0,-0.0412310563
45,355,14.16,246.27,44.42,38.3,-3.1415926536,-0.0,-0.1824828759
47,355,14.16,341.57,50.77,39.1320444137538,-3.135223313,0.1592205968,-0.3624913792
18,356,14.2,390.17,35.28,41.27075720167974,-0.0060240235161693,0.0018365472877817,0.3862641583165593
20,356,14.2,190.69,34.45,23.660033812317344,0.0,0.0,0.0316227766016837
22,356,14.2,157.89,34.64,23.45000213219606,0.0,0.0,0.1044030650891055
23,356,14.2,237.28,32.0,36.24950344487494,0.020686703779845,-0.1770983203393849,0.1920937271229854
24,356,14.2,131.35,34.83,23.6234314612,0.1451537091,0.4311719903,1.4955912452
26,356,14.2,183.75,30.36,38.02004734347395,0.0,-0.1644713113253782,0.1081665382639196
29,356,14.2,54.27,31.13,35.250886513675,-0.007092079674,-0.044482671287,0.008340615294
30,356,14.2,51.77,27.18,39.125,0,0,1.562499999999
40,356,14.2,234.07,41.65,40.83006000485427,-3.1354577612,-0.1533723089,-0.2308679276
41,356,14.2,228.62,53.16,23.730008428148523,-3.1415926536,-0.0,-0.0640312424
42,356,14.2,251.05,44.13,23.150174945343284,-3.1415926536,-0.0,-0.0721110255
43,356,14.2,310.03,53.06,36.38494743709272,-3.1278004248,0.1723618736,-0.196468827
44,356,14.2,168.72,43.87,23.380002138579883,-3.1415926536,-0.0,-0.0412310563
45,356,14.2,244.73,44.42,38.29,-3.1415926536,-0.1633963661,-0.1811077028
47,356,14.2,340.0,50.75,39.11194446713178,-3.1288544891,-0.158199897,-0.3624913792
18,357,14.24,391.83,35.27,41.28081879032925,-0.006134892357879,-0.0027717210427425,0.3862641583165593
20,357,14.24,191.64,34.45,23.660052831724617,0.0,0.0,0.0316227766016837
22,357,14.24,158.81,34.64,23.45000213219606,0.0,0.0,0.0948683298050513
23,357,14.24,238.73,32.03,36.24950344487494,0.0275792123997398,0.1723127154973698,0.1780449381476485
24,357,14.24,132.29,34.97,23.6889527102,0.162987764,0.4483017423,3.3364236256
26,357,14.24,185.27,30.36,38.02004734347395,0.0,0.0,0.10295630140987
29,357,14.24,55.68,31.12,35.125889668448,-0.007117317541,0.044008328593,-3.133291251265
30,357,14.24,53.34,27.18,39.125,0,0,-1.562500000001
40,357,14.24,232.44,41.65,40.82006001955411,-3.1415926536,-0.0,-0.2308679276
41,357,14.24,227.68,53.16,23.730008428148523,-3.1415926536,-0.0,-0.0640312424
42,357,14.24,250.12,44.13,23.150138228529,-3.1415926536,-0.0,-0.0670820393
43,357,14.24,308.58,53.03,36.385113714265074,-3.1209059498,-0.1747232602,-0.196468827
44,357,14.24,167.8,43.87,23.380002138579883,-3.1415926536,-0.0,-0.0412310563
45,357,14.24,243.2,44.43,38.28,3.1350567989,0.1633963661,-0.1910497317
47,357,14.24,338.44,50.74,39.101846503713865,-3.135182485,0.1602410466,-0.3534119409
18,358,14.28,393.46,35.26,41.29094937150271,-0.006060531858309,0.0018590124892496,0.3862641583165593
20,358,14.28,192.58,34.45,23.670052809404545,0.0,0.0,0.0316227766016837
22,358,14.28,159.72,34.64,23.44,0.0,0.0,0.0948683298050513
23,358,14.28,240.18,32.07,36.259731107662674,0.020686703779845,-0.1723127154973698,0.1720465053408525
24,358,14.28,133.22,35.13,23.8903453512,0.1810178485,0.3472288529,3.0653864329
26,358,14.28,186.8,30.36,38.020064439713934,0.0065788524530175,0.1644713113254397,0.1118033988749895
29,358,14.28,57.08,31.11,35.000223213574,-0.003571413387,0.044323801929,-1.570830685928
30,358,14.28,54.90,27.18,39,0,-0.039935966357,0.002496000022
40,358,14.28,230.82,41.65,40.81006003426116,-3.1415926536,-0.0,-0.228035085
41,358,14.28,226.73,53.16,23.730008428148523,-3.1415926536,-0.0,-0.0640312424
42,358,14.28,249.19,44.13,23.150138228529,-3.1415926536,0.2688068448,-0.0670820393
43,358,14.28,307.12,53.01,36.385113714265074,-3.1278948802,0.1747232602,-0.1941648784
44,358,14.28,166.87,43.87,23.380002138579883,-3.1415926536,-0.0,-0.0412310563
45,358,14.28,241.67,44.43,38.28,-3.1415926536,-0.0,-0.1902629759
47,358,14.28,336.88,50.72,39.09184697606395,-3.1287728431,-0.0,-0.3443835072
18,359,14.32,395.11,35.25,41.291018393834754,-0.0060605318583092,-5.2258544713801306e-15,0.3862641583165593
20,359,14.32,193.53,34.45,23.670052809404545,-0.0106378965755469,-0.2659474143886727,0.0316227766016837
22,359,14.32,160.65,34.64,23.44,0.0,0.0,0.0854400374531753
23,359,14.32,241.63,32.1,36.26972842467944,0.0206867037798446,-1.0148132334464322e-14,0.1664331697709324
24,359,14.32,134.17,35.31,23.9341836248,0.1907660723,0.1558310696,-2.4782046365
26,359,14.32,188.32,30.37,38.03006442276952,0.0,-0.1644713113254397,0.1077032961426901
29,359,14.32,58.48,31.11,35.000223213574,-0.003571413387,-0.044323801929,1.57083068593
30,359,14.32,56.46,27.18,39.125199680002,-0.003194877309,-0.039935966357,1.564996000021
40,359,14.32,229.19,41.65,40.8000441176232,-3.1415926536,-0.0,-0.228035085
41,359,14.32,225.77,53.16,23.730018963329968,-3.1415926536,-0.0,-0.0640312424
42,359,14.32,248.26,44.12,23.150138228529,-3.1308403798,-0.2688068448,-0.0632455532
43,359,14.32,305.67,52.98,36.38528273904162,-3.1209059498,-0.1723618736,-0.1941648784
44,359,14.32,165.94,43.87,23.380002138579883,-3.1415926536,-0.0,-0.0316227766
45,359,14.32,240.14,44.43,38.27,-3.1415926536,-0.0,-0.1902629759
47,359,14.32,335.32,50.7,39.08175149606271,-3.1287728431,-0.1602410466,-0.3488552709
18,360,14.36,396.76,35.24,41.30108957400518,-0.0119041995583116,-0.1460916925000587,0.3862641583165593
20,360,14.36,194.47,34.44,23.670052809404545,0.0,0.2659474143886727,0.0412310562561766
22,360,14.36,161.58,34.64,23.44,0.0,0.0,0.0854400374531753
23,360,14.36,243.08,32.13,36.26972842467944,0.0277706365934204,0.1770983203393951,0.161245154965971
24,360,14.36,135.1,35.50,23.6920889803,0.193484334,0.0585299017,-2.9115959292
26,360,14.36,189.84,30.37,38.03006442276952,0.0066224197426665,0.1655604935666637,0.1170469991071962
29,360,14.36,59.88,31.10,35.125889668448,-0.007117317541,0.000316611998,3.124980211687
30,360,14.36,58.03,27.17,39.125199680002,-0.003194877309,0.039935966357,-0.002496000022
40,360,14.36,227.56,41.65,40.790044128438986,-3.1415926536,0.1533723089,-0.2256102835
41,360,14.36,224.82,53.16,23.72001897132462,-3.1415926536,-0.2604072483,-0.0640312424
42,360,14.36,247.34,44.12,23.150138228529,-3.1415926536,-0.0,-0.0632455532
43,360,14.36,304.22,52.96,36.37545601088734,-3.1278004248,0.0023941774,-0.1941648784
44,360,14.36,165.01,43.87,23.380002138579883,-3.1415926536,-0.0,-0.0360555128
45,360,14.36,238.6,44.43,38.26,-3.1415926536,-0.0,-0.2002498439
47,360,14.36,333.76,50.69,39.06165895094575,-3.135182485,0.0,-0.34
18,361,14.4,398.44,35.22,41.30123969083736,-0.0060605318583092,0.1460916925000587,0.3862641583165593
20,361,14.4,195.41,34.44,23.670052809404545,0.0,0.0,0.04
22,361,14.4,162.51,34.64,23.43,0.0,0.0,0.076157731058639
23,361,14.4,244.52,32.17,36.279958654882726,0.0205450540334013,-0.1806395640004794,0.1565247584249852
24,361,14.4,136.03,35.67,23.7012559505,0.1954484644,0.0646535007,0.3044019708
26,361,14.4,191.35,30.38,38.040064405834016,0.0,-0.1655604935666637,0.1236931687685298
29,361,14.4,61.29,31.09,35.250221630509,-0.003546084427,0.044640413927,1.554149525758
30,361,14.4,59.59,27.17,39.125,0,0.039935966357,-0.002496000022
40,361,14.4,225.93,41.64,40.790044128438986,-3.1354577612,-0.1533723089,-0.2256102835
41,361,14.4,223.86,53.17,23.72001897132462,3.1311763637,0.2604072483,-0.0640312424
42,361,14.4,246.42,44.12,23.150138228529,-3.1415926536,0.2688068448,-0.0608276253
43,361,14.4,302.78,52.94,36.37563057872674,-3.1277046577,0.1699676962,-0.1923538406
44,361,14.4,164.06,43.87,23.380002138579883,-3.1415926536,-0.0,-0.0360555128
45,361,14.4,237.07,44.43,38.25,-3.1415926536,-0.0,-0.2
47,361,14.4,332.2,50.68,39.05165937575508,-3.135182485,0.1623085292,-0.3312099032
18,362,14.44,400.09,35.21,41.311318061761234,-0.0060240235161691,0.0009127085535032,0.3862641583165593
20,362,14.44,196.36,34.44,23.670052809404545,0.0,0.0,0.04
22,362,14.44,163.44,34.64,23.43,0.0,0.0,0.076157731058639
23,362,14.44,245.98,32.2,36.279958654882726,0.0275792123997398,0.1758539591584643,0.1431782106327635
24,362,14.44,136.96,35.86,23.716441138,0.1986566141,-0.0460876829,1.3775882728
26,362,14.44,192.88,30.38,38.040064405834016,0.0,0.0,0.1236931687685298
29,362,14.44,62.70,31.09,35.250221630509,-0.003546084427,-0.044011696637,1.570771883592
30,362,14.44,61.16,27.17,39.125,0,0,-1.562499999999
40,362,14.44,224.3,41.64,40.78004413926008,-3.1415926536,-0.0,-0.2158703314
41,362,14.44,222.91,53.17,23.72001897132462,-3.1415926536,-0.0,-0.0640312424
42,362,14.44,245.49,44.11,23.15010583129157,-3.1308403798,-0.2688068448,-0.06
43,362,14.44,301.33,52.91,36.375807894808325,-3.1209059498,-0.0,-0.1923538406
44,362,14.44,163.13,43.87,23.38000855431837,-3.1415926536,-0.0,-0.0360555128
45,362,14.44,235.54,44.43,38.24,-3.1415926536,-0.0,-0.2
47,362,14.44,330.65,50.66,39.04156887216496,-3.1286901438,-0.1623085292,-0.3224903099
18,363,14.48,401.75,35.2,41.311482665234855,-0.0119754753956819,-0.1487862969878204,0.3862641583165593
20,363,14.48,197.31,34.44,23.670052809404545,0.0,0.0,0.04
22,363,14.48,164.37,34.64,23.43,0.0,0.0,0.0670820393249937
23,363,14.48,247.43,32.24,36.28995591069243,0.0205450540334013,-0.1758539591584643,0.1392838827718412
24,363,14.48,137.89,36.05,23.8114630123,0.1917614498,-0.2204845702,2.1738026657
26,363,14.48,194.4,30.38,38.05006438890741,0.0065358546459321,0.163396366148304,0.131529464379659
29,363,14.48,64.11,31.08,35.375883381196,-0.007067020158,-0.044011696637,1.570771883592
30,363,14.48,62.72,27.17,39,0,0,0
40,363,14.48,222.66,41.64,40.77004415008647,-3.1415926536,-0.0,-0.2137755833
41,363,14.48,221.97,53.17,23.72003372678884,-3.1415926536,-0.0,-0.0640312424
42,363,14.48,244.57,44.11,23.15010583129157,-3.1415926536,-0.0,-0.06
43,363,14.48,299.88,52.88,36.37598795909192,-3.1209059498,-0.1723618736,-0.1923538406
44,363,14.48,162.2,43.87,23.37000855797875,-3.1415926536,-0.0,-0.0282842712
45,363,14.48,234.01,44.43,38.24000130753136,-3.1415926536,-0.0,-0.2
47,363,14.48,329.09,50.65,39.03148088402489,-3.135182485,0.1623085292,-0.3224903099
18,364,14.52,403.42,35.18,41.32156821806259,-0.0060240235161693,0.1487862969878152,0.3862641583165593
20,364,14.52,198.26,34.44,23.68007601339151,-0.0105259270317231,-0.2631481757930783,0.04
22,364,14.52,165.31,34.64,23.43,0.0,0.0,0.0670820393249937
23,364,14.52,248.89,32.27,36.28995591069243,0.0275792123997398,0.1758539591584643,0.1360147050873544
24,364,14.52,138.83,36.23,23.8903453512,0.1810178485,-0.5650682168,-0.7101282507
26,364,14.52,195.93,30.39,38.05006438890741,0.0,-0.163396366148304,0.131529464379659
29,364,14.52,65.53,31.07,35.375883381196,-0.007067020158,0.044011696637,-1.570771883593
30,364,14.52,64.28,27.17,39.125,0,0,1.562499999999
31,364,14.52,3.68,31.33,34.36047147522863,0.0079363413074673,,0.05
40,364,14.52,221.03,41.64,40.76004416091818,-3.1415926536,-0.0,-0.2137755833
41,364,14.52,221.03,53.17,23.72003372678884,-3.1415926536,-0.0,-0.0640312424
42,364,14.52,243.65,44.11,23.15010583129157,-3.1415926536,0.2717284294,-0.0608276253
43,364,14.52,298.43,52.86,36.376170771536685,-3.1278004248,0.1688206299,-0.1824828759
44,364,14.52,161.27,43.87,23.37000855797875,-3.1415926536,-0.0,-0.0282842712
45,364,14.52,232.48,44.43,38.23000130787337,-3.1415926536,-0.0,-0.2
47,364,14.52,327.54,50.63,39.02148126352972,-3.1286901438,-0.1623085292,-0.3138470965
18,365,14.56,405.08,35.17,41.3317468781565,-0.0121945174482534,-0.1542623483021008,0.3862641583165593
20,365,14.56,199.21,34.43,23.68007601339151,0.0,0.2631481757930783,0.04
22,365,14.56,166.24,34.64,23.42,0.0,0.0,0.0670820393249937
23,365,14.56,250.34,32.31,36.299953168013865,0.0205450540334009,-0.1758539591584743,0.1236931687685298
24,365,14.56,139.77,36.39,23.7546527522,0.1465559924,-0.6620069465,-0.8787950077
26,365,14.56,197.46,30.39,38.0600643719897,0.0066224197426665,0.1655604935666637,0.140356688476182
29,365,14.56,66.94,31.06,35.250221630509,-0.003546084427,0.044011696637,-1.570771883591
30,365,14.56,65.85,27.17,39.125,0,0,-1.562499999999
31,365,14.56,4.94,31.34,34.36047147522863,0.00769215597565,-0.0061046332954316,0.0509901951359278
40,365,14.56,219.4,41.64,40.7500441717552,-3.1415926536,0.1524371352,-0.2121320344
41,365,14.56,220.08,53.17,23.72003372678884,-3.1415926536,-0.0,-0.0583095189
42,365,14.56,242.73,44.1,23.15010583129157,-3.1307235164,-0.2717284294,-0.0608276253
43,365,14.56,296.97,52.83,36.37635633210121,-3.1210475996,-0.1711820165,-0.1824828759
44,365,14.56,160.33,43.87,23.37000855797875,-3.1415926536,-0.0,-0.0282842712
45,365,14.56,230.95,44.43,38.22000130821557,-3.1415926536,-0.0,-0.2102379604
47,365,14.56,325.98,50.62,39.01139577097953,-3.135182485,0.1623085292,-0.3052867504
18,366,14.6,406.72,35.15,41.33184002678807,,,0.3862641583165593
20,366,14.6,200.15,34.43,23.68007601339151,0.0,0.0,0.04
22,366,14.6,167.18,34.64,23.42,0.0,0.0,0.058309518948453
23,366,14.6,251.8,32.34,36.30018870474367,0.0275792123997404,0.1758539591584877,0.1216552506059644
24,366,14.6,140.71,36.50,23.8200417506,0.1280572927,-0.250863747,2.3326172633
26,366,14.6,198.97,30.4,38.06004729371733,0.0,-0.1655604935666637,0.140356688476182
29,366,14.6,68.35,31.06,35.250221630509,-0.003546084427,-0.044324940591,0.008311039579
30,366,14.6,67.41,27.17,39,0,0,-1.562499999999
31,366,14.6,6.24,31.35,34.36047147522863,0.0075186553123023,-0.0043375165836912,0.0608276253029822
40,366,14.6,217.76,41.63,40.74004418259754,-3.1354951682,,-0.2121320344
41,366,14.6,219.13,53.17,23.71003374101353,-3.1415926536,-0.2631481758,-0.0583095189
42,366,14.6,241.8,44.1,23.15007775364912,-3.1415926536,-0.0,-0.0632455532
43,366,14.6,295.51,52.81,36.37654464074343,-3.1278948802,0.1747232602,-0.1824828759
44,366,14.6,159.39,43.87,23.37000855797875,-3.1415926536,-0.2688068448,-0.0223606798
45,366,14.6,229.42,44.43,38.21000130855795,-3.1415926536,-0.0,-0.2102379604
47,366,14.6,324.43,50.6,39.00131279841744,-3.1286901438,-0.1623085292,-0.2968164416
20,367,14.64,201.1,34.43,23.68007601339151,-0.0105259270317231,-0.2631481757930783,0.04
22,367,14.64,168.12,34.64,23.42,0.0,0.0,0.058309518948453
23,367,14.64,253.25,32.38,36.31018589872544,0.020545054033396,-0.1758539591586093,0.1204159457879229
24,367,14.64,141.66,36.64,23.9412621333,0.1264868927,-0.333383376,-0.913698745
26,367,14.64,200.49,30.4,38.07004728129452,0.0,0.0,0.150332963783729
29,367,14.64,69.76,31.05,35.250886513675,-0.007092079674,0.000156627865,1.562490210726
30,367,14.64,68.97,27.17,39,0,-0.040063965374,0.002503999979
31,367,14.64,7.57,31.36,34.36047147522863,0.0,-0.1879663828075596,0.0632455532033675
41,367,14.64,218.18,53.18,23.71005272031254,3.1310667266,0.2631481758,-0.0583095189
42,367,14.64,240.88,44.1,23.15007775364912,-3.1415926536,-0.0,-0.0632455532
43,367,14.64,294.06,52.78,36.37654464074343,-3.1209059498,-0.0035412437,-0.1824828759
44,367,14.64,158.46,43.88,23.37000855797875,3.1308403798,0.2688068448,-0.0223606798
45,367,14.64,227.88,44.43,38.2000013089005,-3.1415926536,-0.0,-0.2102379604
47,367,14.64,322.87,50.59,38.99131313510742,-3.135182485,-0.0,-0.288444102
20,368,14.68,202.05,34.42,23.68007601339151,0.0,0.2631481757930783,0.04
22,368,14.68,169.05,34.64,23.42,0.0,0.0,0.058309518948453
23,368,14.68,254.71,32.41,36.31018589872544,0.0273904084748666,0.1711338610367654,0.11
24,368,14.68,142.61,36.75,23.746945851,0.1013866227,-0.6826696122,-4.7554169949
26,368,14.68,202.0,30.4,38.07004728129452,0.0,0.0,0.15
29,368,14.68,71.17,31.04,35.375220847367,-0.003533554198,0.044481568456,1.55417917115
30,368,14.68,70.53,27.17,39.000200319998,-0.00320511723,-0.040063965374,0.002503999979
31,368,14.68,8.93,31.36,34.370471338054124,0.0072991404436983,0.1824785110924584,0.0632455532033675
41,368,14.68,217.22,53.18,23.71005272031254,-3.1415926536,-0.0,-0.0583095189
42,368,14.68,239.95,44.1,23.15007775364912,-3.1415926536,0.2717284294,-0.0670820393
43,368,14.68,292.6,52.75,36.37673569742068,-3.1210475996,-0.0,-0.172626765
44,368,14.68,157.52,43.88,23.37000855797875,-3.1415926536,-0.0,-0.0223606798
45,368,14.68,226.36,44.43,38.19000523697267,-3.1415926536,-0.0,-0.2102379604
47,368,14.68,321.31,50.58,38.98123266393714,-3.135182485,-0.0,-0.288444102
20,369,14.72,203.01,34.42,23.68007601339151,0.0,0.0,0.04
22,369,14.72,169.99,34.64,23.42000213492732,0.0,0.0,0.058309518948453
23,369,14.72,256.17,32.45,36.319947687187,0.0205450540333964,-0.1711338610367554,0.1104536101718726
24,369,14.72,143.55,36.83,23.5608287737,0.0718733237,-0.660590491,-4.3047775504
26,369,14.72,203.53,30.4,38.08004726887823,0.0066224197426689,0.1655604935667225,0.16
29,369,14.72,72.59,31.04,35.375220847367,-0.003533554198,-0.044481568456,-1.554179171152
30,369,14.72,72.09,27.16,39.000200319998,-0.00320511723,0.040063965374,1.559996000019
31,369,14.72,10.3,31.37,34.370471338054124,0.0072991404436957,-6.457508139323664e-14,0.0670820393249937
41,369,14.72,216.27,53.18,23.71005272031254,-3.1415926536,-0.0,-0.0583095189
42,369,14.72,239.03,44.09,23.15007775364912,-3.1307235164,-0.2717284294,-0.0670820393
43,369,14.72,291.14,52.72,36.376929502089645,-3.1210475996,-0.1711820165,-0.172626765
44,369,14.72,156.6,43.88,23.37000855797875,-3.1415926536,-0.0,-0.02
45,369,14.72,224.83,44.43,38.19000523697267,-3.1415926536,-0.0,-0.2102379604
47,369,14.72,319.75,50.57,38.971154717303406,-3.135182485,0.1623085292,-0.2801785145
20,370,14.76,203.96,34.42,23.690075981304915,0.0,0.0,0.0412310562561766
22,370,14.76,170.93,34.64,23.410002135839285,0.0,0.0,0.058309518948453
23,370,14.76,257.63,32.48,36.319947687187,0.0205450540334013,1.216041156659742e-13,0.1019803902718557
24,370,14.76,144.49,36.88,23.402563647,0.0485393834,-0.6407749454,-3.8236160912
26,370,14.76,205.04,30.41,38.09004725646846,0.0,-0.1655604935667225,0.16
29,370,14.76,74.00,31.03,35.250886513675,-0.007092079674,-0.044168324501,0.008281672864
30,370,14.76,73.65,27.16,39.125,0,0.040063965374,1.559996000019
31,370,14.76,11.67,31.38,34.370471338054124,0.0072462499798982,-0.0013222615949368,0.0670820393249937
41,370,14.76,215.32,53.18,23.71005272031254,-3.1415926536,-0.2659474144,-0.0583095189
42,370,14.76,238.1,44.09,23.16005397230326,-3.1415926536,-0.0,-0.0721110255
43,370,14.76,289.68,52.7,36.37712605470641,-3.1278948802,0.1711820165,-0.172626765
44,370,14.76,155.67,43.88,23.37001925544778,-3.1415926536,-0.0,-0.02
45,370,14.76,223.3,44.43,38.18000523834432,-3.1415926536,-0.0,-0.2002498439
47,370,14.76,318.2,50.55,38.96107929716527,-3.1286901438,-0.1623085292,-0.2720294102
20,371,14.8,204.91,34.42,23.690075981304915,-0.0104162899309749,-0.2604072482743725,0.0412310562561766
22,371,14.8,171.87,34.64,23.410002135839285,0.0,0.0,0.058309518948453
23,371,14.8,259.09,32.51,36.32994494903619,0.0273904084748612,0.171133861036499,0.1019803902718557
24,371,14.8,145.42,36.92,23.2549394864,0.0206113281,-0.6067422924,-3.469545587
26,371,14.8,206.56,30.41,38.0900328169982,0.0,0.0,0.170293863659264
29,371,14.8,75.41,31.02,35.375883381196,-0.007067020158,0.044637093321,3.116669450818
30,371,14.8,75.22,27.16,39.125,0,0,-1.562499999999
31,371,14.8,13.05,31.39,34.370420422217705,0.0,-0.181156249497457,0.0806225774829855
41,371,14.8,214.38,53.19,23.700052742557347,3.130954757,0.2659474144,-0.0583095189
42,371,14.8,237.18,44.09,23.16005397230326,-3.1415926536,-0.0,-0.0721110255
43,371,14.8,288.22,52.67,36.36732736949472,-3.1210475996,-0.0,-0.162788206
44,371,14.8,154.74,43.88,23.37001925544778,-3.1415926536,-0.0,-0.02
45,371,14.8,221.77,44.43,38.17001178936155,-3.1415926536,0.1644713113,-0.2002498439
47,371,14.8,316.64,50.54,38.95107957425571,-3.135182485,-0.0,-0.2640075756
20,372,14.84,205.87,34.41,23.690075981304915,0.0,0.2604072482743725,0.0412310562561766
22,372,14.84,172.82,34.64,23.410002135839285,0.0,0.0,0.058309518948453
23,372,14.84,260.55,32.55,36.32994494903619,0.0204053306865392,-0.17462694470805,0.0948683298050513
24,372,14.84,146.35,36.92,23.125,0,-0.2576416008,-1.6242435801
26,372,14.84,208.08,30.41,38.100032808384825,0.0,0.0,0.170293863659264
29,372,14.84,76.83,31.01,35.50022006974,-0.003521112209,0.044168324501,-0.008281672864
30,372,14.84,76.78,27.16,39,0,0,-1.562499999999
31,372,14.84,14.42,31.39,34.38042029993235,0.0072462499798957,0.1811562494973926,0.0806225774829855
41,372,14.84,213.43,53.19,23.700075949245395,-3.1415926536,-0.0,-0.0583095189
42,372,14.84,236.26,44.09,23.16005397230326,-3.1415926536,0.2688068448,-0.0781024968
43,372,14.84,286.76,52.64,36.367529473419005,-3.1210475996,0.0,-0.162788206
44,372,14.84,153.81,43.88,23.37001925544778,-3.1415926536,-0.0,-0.0223606798
45,372,14.84,220.25,44.42,38.16001179245101,-3.1350138011,-0.1644713113,-0.2009975124
47,372,14.84,315.08,50.53,38.95100640548329,-3.135182485,0.0,-0.2640075756
20,373,14.88,206.83,34.41,23.690075981304915,0.0,0.0,0.0412310562561766
22,373,14.88,173.76,34.64,23.410002135839285,0.0,0.0,0.058309518948453
23,373,14.88,262.02,32.58,36.32994494903619,0.0275792123997393,0.1793470428300018,0.098488578017961
24,373,14.88,147.27,36.92,23.125,0,0,1.5625
26,373,14.88,209.6,30.41,38.110032799775965,0.0065788524530174,0.1644713113254366,0.1802775637731994
29,373,14.88,78.25,31.01,35.375220847367,-0.003533554198,-0.044952566657,-4.679130016152
30,373,14.88,78.34,27.16,39,0,-0.040063965374,0.002503999977
31,373,14.88,15.8,31.4,34.38042029993235,0.0072462499798982,6.459676543668635e-14,0.0860232526704262
41,373,14.88,212.49,53.19,23.700075949245395,-3.1415926536,-0.0,-0.0447213595
42,373,14.88,235.33,44.08,23.16003454228857,-3.1308403798,-0.2688068448,-0.0781024968
43,373,14.88,285.3,52.61,36.36773432591038,-3.1210475996,-0.0,-0.1529705854
44,373,14.88,152.87,43.88,23.37001925544778,-3.1415926536,-0.0,-0.0223606798
45,373,14.88,218.74,44.42,38.15001179554208,-3.1415926536,-0.0,-0.2009975124
47,373,14.88,313.52,50.52,38.940936044219576,-3.135182485,-0.0,-0.25
20,374,14.92,207.77,34.41,23.690075981304915,-0.0105259270317234,-0.2631481757930862,0.0412310562561766
22,374,14.92,174.7,34.64,23.410002135839285,0.0,0.0,0.058309518948453
23,374,14.92,263.47,32.62,36.33970968513645,0.0205450540334013,-0.1758539591584507,0.094339811320566
24,374,14.92,148.2,36.92,23.25,0,0,1.5625
26,374,14.92,211.12,30.42,38.110032799775965,0.0,-0.1644713113254366,0.1802775637731994
29,374,14.92,79.66,31.00,35.125889668448,-0.007117317541,-0.000473239863,-4.687470422415
30,374,14.92,79.90,27.16,39.000200319998,-0.00320511723,-0.040192787527,-1.559987948616
31,374,14.92,17.18,31.41,34.38042029993235,0.0,-0.1811562494974572,0.0860232526704262
41,374,14.92,211.55,53.19,23.700075949245395,-3.1415926536,-0.2659474144,-0.0447213595
42,374,14.92,234.39,44.08,23.16003454228857,-3.1415926536,-0.0,-0.0848528137
43,374,14.92,283.84,52.58,36.3679419269224,-3.1210475996,0.0,-0.155241747
44,374,14.92,151.93,43.88,23.37001925544778,-3.1415926536,-0.0,-0.0223606798
45,374,14.92,217.22,44.42,38.14001179863477,-3.1415926536,-0.0,-0.2009975124
47,374,14.92,311.96,50.51,38.93086821533781,-3.135182485,0.0010338696,-0.2420743687
20,375,14.96,208.72,34.4,23.690075981304915,0.0,0.2631481757930862,0.0447213595499957
22,375,14.96,175.64,34.64,23.410002135839285,0.0,0.0,0.058309518948453
23,375,14.96,264.93,32.65,36.33970968513645,0.0273904084748623,0.1711338610365256,0.1
24,375,14.96,149.13,36.92,23.25,0,-0.0672036536,0.0042002385
26,375,14.96,212.65,30.42,38.12002098635309,0.0,0.0,0.1902629759044045
29,375,14.96,81.06,30.99,35.000223213574,-0.003571413387,0.044323801929,-1.57083068592
30,375,14.96,81.46,27.15,38.875200964111,-0.003215423002,0.040063965374,-3.127503999966
31,375,14.96,18.56,31.41,34.38042029993235,0.0072462499798982,0.1811562494974568,0.0781024967590665
41,375,14.96,210.61,53.2,23.700075949245395,3.130954757,0.2659474144,-0.0447213595
42,375,14.96,233.46,44.08,23.170034527380405,-3.1415926536,-0.0,-0.0848528137
43,375,14.96,282.38,52.55,36.368152276408,-3.1210475996,0.1758539592,-0.1456021978
44,375,14.96,150.99,43.88,23.37001925544778,-3.1415926536,-0.2688068448,-0.0282842712
45,375,14.96,215.7,44.42,38.14002097534819,-3.1415926536,-0.0,-0.1902629759
47,375,14.96,310.41,50.5,38.92086843840975,-3.1351411302,-0.0,-0.2420743687
20,376,15.0,209.67,34.4,23.700075949245395,0.0,0.0,0.0447213595499957
22,376,15.0,176.57,34.64,23.400008547006987,0.0,0.0,0.058309518948453
23,376,15.0,266.39,32.69,36.33970968513645,0.0,0.8841435806,0.1063014581273465
24,376,15.0,150.06,36.92,23.2503360191,-0.0053762923,-0.0668442826,1.5666777776
26,376,15.0,214.17,30.42,38.1300209808492,0.0,0.0,0.1902629759044045
29,376,15,82.46,30.99,35.000223213575,-0.003571413387,-0.044641528531,0.008370402261
30,376,15,83.01,27.15,38.750000000001,0,0.040192787527,-0.002512051385
31,376,15.0,19.94,31.42,34.39037219920715,0.0072991404436957,0.0013222615949372,0.0848528137423857
41,376,15.0,209.67,53.2,23.700075949245395,-3.1415926536,-0.0,-0.0447213595
42,376,15.0,232.53,44.08,23.170034527380405,-3.1415926536,-0.0,-0.0921954446
43,376,15.0,280.93,52.51,36.368152276408,-3.1140134412,-0.1758539592,-0.1456021978
44,376,15.0,150.06,43.89,23.37001925544778,3.1308403798,0.2688068448,-0.0282842712
45,376,15.0,214.17,44.42,38.1300209808492,-3.1415926536,-0.0,-0.1902629759
47,376,15.0,308.86,50.49,38.92080292080316,-3.1351411302,-0.0,-0.2343074903
20,377,15.04,210.61,34.4,23.700075949245395,-0.0106378965755393,-0.2659474143884838,0.0447213595499957
22,377,15.04,177.51,34.64,23.400008547006987,0.0,0.0,0.058309518948453
23,377,15.04,267.84,32.7161725,36.34947730023089,0.0353657432,0.8367072248,0.1063014581273465
24,377,15.04,150.99,36.91,23.3753342222,-0.0053475426,0.0672036536,3.1207997615
26,377,15.04,215.7,30.42,38.14002097534819,0.0,0.0,0.1902629759044045
29,377,15.04,83.86,30.98,35.000892845755,-0.007142735669,-0.044641528531,0.008370402249
30,377,15.04,84.56,27.15,38.875,0,0,1.562499999988
31,377,15.04,21.31,31.43,34.39037219920715,0.0,-0.182478511092394,0.0848528137423857
41,377,15.04,208.72,53.2,23.690075981304915,-3.1415926536,-0.2631481758,-0.0447213595
42,377,15.04,231.6,44.08,23.17001942165781,-3.1415926536,-0.0,-0.0921954446
43,377,15.04,279.47,52.48,36.36836537431948,-3.1210475996,-0.0,-0.1360147051
44,377,15.04,149.13,43.89,23.38003421725469,-3.1415926536,-0.0,-0.0282842712
45,377,15.04,212.65,44.42,38.12002098635309,-3.1415926536,-0.0,-0.1902629759
47,377,15.04,307.31,50.48,38.91074016258236,-3.1351411302,-0.0010338696,-0.226715681
20,378,15.08,211.55,34.39,23.700075949245395,0.0,0.2659474143884838,0.0447213595499957
22,378,15.08,178.45,34.64,23.400008547006987,0.0,0.0,0.058309518948453
23,378,15.08,269.29,32.79108,36.34947730023089,0.066936578,0.7414945932,0.1063014581273465
24,378,15.08,151.93,36.91,23.5,0,0.0668442826,1.5583222224
26,378,15.08,217.22,30.42,38.14001179863477,0.0,0.0,0.2009975124224178
29,378,15.08,85.26,30.97,35.000892845755,-0.007142735669,0.044641528531,-0.008370402261
30,378,15.08,86.12,27.15,38.875,0,-0.040192787527,0.002512051385
31,378,15.08,22.69,31.43,34.39037219920715,0.0072462499798982,0.1811562494974572,0.0921954445729288
41,378,15.08,207.77,53.21,23.690075981304915,3.1310667266,0.2631481758,-0.0412310563
42,378,15.08,230.67,44.08,23.180019413279187,-3.1415926536,-0.0,-0.0921954446
43,378,15.08,278.01,52.45,36.35858358077223,-3.1210475996,0.0,-0.1392838828
44,378,15.08,148.2,43.89,23.38003421725469,-3.1415926536,-0.0,-0.0360555128
45,378,15.08,211.12,44.42,38.110032799775965,-3.1415926536,0.1644713113,-0.1802775638
47,378,15.08,305.75,50.47,38.90067994264367,-3.135182485,0.0010338696,-0.226715681
20,379,15.12,212.49,34.39,23.700075949245395,0.0,0.0,0.0447213595499957
22,379,15.12,179.38,34.64,23.400008547006987,0.0,0.0,0.058309518948453
23,379,15.12,270.74,32.9093075,36.34925033614861,0.0946853107,0.645609849,0.1081665382639196
24,379,15.12,152.87,36.91,23.5,0,0,-1.5625
26,379,15.12,218.74,30.42,38.15001179554208,0.0,0.0,0.2009975124224178
29,379,15.12,86.66,30.96,35.000223213574,-0.003571413387,0.04480039789,1.554119668375
30,379,15.12,87.67,27.15,38.875200964111,-0.003215423002,-0.040192787527,0.002512051385
31,379,15.12,24.07,31.44,34.400327033329205,0.0072462499798957,-6.435824095873954e-14,0.0921954445729288
41,379,15.12,206.83,53.21,23.690075981304915,-3.1415926536,-0.0,-0.0412310563
42,379,15.12,229.74,44.08,23.180019413279187,-3.1415926536,0.2717284294,-0.1
43,379,15.12,276.55,52.42,36.35880223549725,-3.1210475996,-0.0,-0.13
44,379,15.12,147.27,43.89,23.38003421725469,-3.1415926536,-0.0,-0.0360555128
45,379,15.12,209.6,44.41,38.110032799775965,-3.1350138011,-0.1644713113,-0.1802775638
47,379,15.12,304.2,50.46,38.90067994264367,-3.1351411302,0.0010472959,-0.219317122
20,380,15.16,213.43,34.39,23.700075949245395,0.0,0.0,0.058309518948453
22,380,15.16,180.32,34.64,23.400019230761327,0.0,0.0,0.058309518948453
23,380,15.16,272.19,33.06544,36.359247791999216,0.1185853659,0.5505129417,0.116619037896906
24,380,15.16,153.81,36.91,23.375,0,0,-3.125
26,380,15.16,220.25,30.42,38.16001179245101,0.0065788524530151,0.1644713113253782,0.2009975124224178
29,380,15.16,88.06,30.96,35.125222419225,-0.003558703838,-0.044641528531,0.008370402259
30,380,15.16,89.23,27.14,38.875200964111,-0.003215423002,0.040192787527,-0.002512051385
31,380,15.16,25.45,31.45,34.400327033329205,0.0,-0.1811562494973929,0.094339811320566
41,380,15.16,205.87,53.21,23.690075981304915,-3.1415926536,-0.2604072483,-0.0412310563
42,380,15.16,228.82,44.07,23.18000862812609,-3.1307235164,-0.2717284294,-0.1
43,380,15.16,275.09,52.39,36.35880223549725,-3.1210475996,0.1758539592,-0.1208304597
44,380,15.16,146.35,43.89,23.38003421725469,-3.1415926536,-0.0,-0.0360555128
45,380,15.16,208.08,44.41,38.100032808384825,-3.1415926536,-0.0,-0.1702938637
47,380,15.16,302.66,50.45,38.89062226295691,-3.1350992384,-0.0010472959,-0.2126029163
20,381,15.2,214.38,34.39,23.700052742557347,-0.0106378965755393,-0.2659474143884838,0.058309518948453
22,381,15.2,181.26,34.64,23.39001923898311,0.0,0.0,0.0670820393249937
23,381,15.2,273.64,33.2540625,36.35902363925632,0.138726346,0.4567151879,0.1252996408614166
24,381,15.2,154.74,36.91,23.25,0,0,-1.5625
26,381,15.2,221.77,30.43,38.17001178936155,0.0,-0.1644713113253782,0.2002498439450079
29,381,15.2,89.47,30.95,35.000892845755,-0.007142735669,-0.04480039789,-1.554119668375
30,381,15.2,90.78,27.14,38.875,0,0.040192787527,-0.002512051385
31,381,15.2,26.83,31.45,34.40028488254131,0.0072991404436983,0.1824785110924584,0.094339811320566
41,381,15.2,204.91,53.22,23.690075981304915,3.1311763637,0.2604072483,-0.0412310563
42,381,15.2,227.9,44.07,23.19000862440547,-3.1415926536,-0.0,-0.1
43,381,15.2,273.64,52.35,36.35902363925632,-3.1140134412,-0.1723127155,-0.1252996409
44,381,15.2,145.42,43.89,23.38003421725469,-3.1415926536,-0.2688068448,-0.0447213595
45,381,15.2,206.56,44.41,38.0900328169982,-3.1415926536,-0.0,-0.1702938637
46,381,15.2,327.15,43.82,35.3200906001103,-3.1415926536,,-0.1476482306
47,381,15.2,301.11,50.44,38.88056712549343,-3.1351411302,-0.1612880848,-0.2051828453
20,382,15.24,215.32,34.38,23.71005272031254,0.0,0.2659474143884838,0.058309518948453
22,382,15.24,182.19,34.64,23.39001923898311,0.0,0.0,0.0632455532033675
23,382,15.24,275.09,33.46976,36.35880223549725,0.1551225809,0.3636350453,0.1208304597359457
24,382,15.24,155.67,36.91,23.25,0,0,-1.5625
26,382,15.24,223.3,30.43,38.18000523834432,0.0,0.0,0.2002498439450079
29,382,15.24,90.86,30.94,35.000892845755,-0.007142735669,0.04480039789,1.554119668375
30,382,15.24,92.34,27.14,38.875,0,0,-1.562500000001
31,382,15.24,28.2,31.46,34.40028488254131,0.0071941204902906,-0.0026254988351923,0.094339811320566
41,382,15.24,203.96,53.22,23.690075981304915,-3.1415926536,-0.0,-0.0412310563
42,382,15.24,226.98,44.07,23.19000862440547,-3.1415926536,-0.0,-0.1081665383
43,382,15.24,272.19,52.32,36.359247791999216,-3.1209059498,-0.0,-0.1166190379
44,382,15.24,144.49,43.9,23.38003421725469,3.1308403798,0.2688068448,-0.0447213595
45,382,15.24,205.04,44.41,38.09004725646846,-3.1415926536,0.1655604936,-0.16
46,382,15.24,325.74,43.82,35.31011469819944,-3.1415926536,-0.0,-0.1476482306
47,382,15.24,299.55,50.44,38.88056712549343,-3.1415926536,0.1612880848,-0.2051828453
20,383,15.28,216.27,34.38,23.71005272031254,0.0,0.0,0.058309518948453
22,383,15.28,183.13,34.64,23.39001923898311,-0.010752273791099,-0.2688068447774754,0.0632455532033675
23,383,15.28,276.55,33.7071175,36.35880223549725,0.1678171496,0.2716261276,0.13
24,383,15.28,156.6,36.91,23.125,0,0,0
26,383,15.28,224.83,30.43,38.19000523697267,0.0,0.0,0.2102379604162863
29,383,15.28,92.27,30.93,35.125222419225,-0.003558703838,0.044641528531,-0.008370402259
30,383,15.28,93.89,27.14,38.75,0,-0.040192787527,0.002512051385
31,383,15.28,29.59,31.47,34.40028488254131,0.0,-0.179853012257266,0.098488578017961
41,383,15.28,203.01,53.22,23.68007601339151,-3.1415926536,-0.0,-0.04
42,383,15.28,226.06,44.07,23.19000862440547,-3.1415926536,-0.0,-0.1081665383
43,383,15.28,270.74,52.29,36.34925033614861,-3.1209059498,0.1723127155,-0.1081665383
44,383,15.28,143.55,43.9,23.38003421725469,-3.1415926536,-0.0,-0.0447213595
45,383,15.28,203.53,44.4,38.08004726887823,-3.1349702338,-0.1655604936,-0.16
46,383,15.28,324.33,43.82,35.31011469819944,-3.1415926536,0.1773019919,-0.1476482306
47,383,15.28,298.0,50.43,38.87051453222609,-3.1351411302,-0.0020545694,-0.1979898987
20,384,15.32,217.22,34.38,23.71005272031254,0.0,0.0,0.058309518948453
22,384,15.32,184.06,34.63,23.39001923898311,0.0,0.2688068447774754,0.0632455532033675
23,384,15.32,278.01,33.96072,36.35858358077223,0.1768526711,0.1799302862,0.1392838827718412
24,384,15.32,157.52,36.91,23.25,0,-0.0668442826,3.1291777776
26,384,15.32,226.36,30.43,38.19000523697267,0.0,0.0,0.2102379604162863
29,384,15.32,93.67,30.93,35.000223213574,-0.003571413387,-0.044482671287,0.008340615295
30,384,15.32,95.44,27.14,38.875200964111,-0.003215423002,-0.040192787527,1.565012051386
31,384,15.32,30.97,31.47,34.41024556727255,0.0071941204902931,0.1798530122573299,0.098488578017961
41,384,15.32,202.05,53.22,23.68007601339151,-3.1415926536,-0.2631481758,-0.04
42,384,15.32,225.13,44.07,23.200002155172317,-3.1415926536,-0.0,-0.1166190379
43,384,15.32,269.29,52.25,36.34947730023089,-3.1140134412,-0.1723127155,-0.1063014581
44,384,15.32,142.61,43.9,23.390034202625703,-3.1415926536,-0.0,-0.0447213595
45,384,15.32,202.0,44.4,38.07004728129452,-3.1415926536,-0.0,-0.15
46,384,15.32,322.92,43.81,35.30014164277531,-3.1345005739,-0.1773019919,-0.1389244399
47,384,15.32,296.43,50.42,38.87046436563371,-3.135223313,0.0020545694,-0.1979898987
20,385,15.36,218.18,34.38,23.71005272031254,-0.0105259270317309,-0.2631481757932731,0.058309518948453
22,385,15.36,185.01,34.63,23.390034202625703,0.0,0.0,0.0728010988928051
23,385,15.36,279.47,34.2251525,36.36836537431948,0.1822115725,0.0894926135,0.1360147050873544
24,385,15.36,158.46,36.91,23.3753342222,-0.0053475426,-0.0668442826,1.5666777776
26,385,15.36,227.88,30.43,38.2000013089005,0.0,0.0,0.2102379604162863
29,385,15.36,95.07,30.92,35.125889668448,-0.007117317541,-0.044323801929,1.57083068593
30,385,15.36,97.00,27.13,38.875200964111,-0.003215423002,0.040192787527,-0.002512051385
31,385,15.36,32.36,31.48,34.41024556727255,0.0,-0.1798530122573299,0.098488578017961
41,385,15.36,201.1,53.23,23.68007601339151,3.1310667266,0.2631481758,-0.04
42,385,15.36,224.2,44.07,23.200002155172317,-3.1415926536,-0.0,-0.1166190379
43,385,15.36,267.84,52.22,36.34947730023089,-3.1209059498,0.0,-0.1063014581
44,385,15.36,141.66,43.9,23.390034202625703,-3.1415926536,-0.0,-0.0412310563
45,385,15.36,200.49,44.4,38.07004728129452,-3.1415926536,-0.0,-0.1503329638
46,385,15.36,321.5,43.81,35.30014164277531,-3.1415926536,0.1773019919,-0.1341640786
47,385,15.36,294.88,50.41,38.86046448512936,-3.1351411302,-0.1612880848,-0.1838477631
20,386,15.4,219.13,34.37,23.71003374101353,0.0,0.2631481757932731,0.058309518948453
22,386,15.4,185.95,34.63,23.38003421725469,0.0,0.0,0.0728010988928051
23,386,15.4,280.93,34.495,36.368152276408,0.1840120802,1.30523e-05,0.1456021977856103
24,386,15.4,159.39,36.90,23.3753342222,-0.0053475426,0.0668442826,1.5583222224
26,386,15.4,229.42,30.43,38.21000130855795,0.0,0.0,0.2102379604162863
29,386,15.4,96.48,30.91,35.125889668448,-0.007117317541,-0.000317726603,-1.562460283671
30,386,15.4,98.55,27.13,38.875,0,0.040192787527,-0.002512051385
31,386,15.4,33.74,31.48,34.41020924086338,0.0072462499798957,0.1811562494973933,0.1044030650891055
41,386,15.4,200.15,53.23,23.68007601339151,-3.1415926536,-0.0,-0.04
42,386,15.4,223.27,44.07,23.200002155172317,-3.1415926536,-0.0,-0.1166190379
43,386,15.4,266.39,52.19,36.33970968513645,-3.1209059498,0.1675926174,-0.1063014581
44,386,15.4,140.71,43.9,23.39005344158068,-3.1415926536,-0.2659474144,-0.0509901951
45,386,15.4,198.97,44.4,38.06004729371733,-3.1415926536,0.1655604936,-0.1403566885
46,386,15.4,320.09,43.8,35.2901714362512,-3.1345005739,-0.1773019919,-0.1341640786
47,386,15.4,293.32,50.41,38.8604168788756,-3.1415926536,0.1612880848,-0.1838477631
20,387,15.44,220.08,34.37,23.72003372678884,0.0,0.0,0.058309518948453
22,387,15.44,186.88,34.63,23.38003421725469,0.0,0.0,0.0728010988928051
23,387,15.44,282.38,34.7648475,36.368152276408,0.1822126167,-0.0900496862,0.1456021977856103
24,387,15.44,160.33,36.90,23.5,0,0.0668442826,-0.0041777776
26,387,15.44,230.95,30.43,38.22000130821557,0.0,0.0,0.2102379604162863
29,387,15.44,97.88,30.90,35.000892845755,-0.007142735669,0.044323801929,-1.570830685928
30,387,15.44,100.11,27.13,38.875,0,0,-1.562500000001
31,387,15.44,35.12,31.49,34.41020924086338,0.0,-0.1811562494973933,0.1044030650891055
41,387,15.44,199.21,53.23,23.68007601339151,-3.1415926536,-0.2631481758,-0.04
42,387,15.44,222.35,44.07,23.21000215424376,-3.1415926536,-0.0,-0.1252996409
43,387,15.44,264.93,52.15,36.33970968513645,-3.1142022451,-0.171133861,-0.1
44,387,15.44,139.77,43.91,23.39005344158068,3.130954757,0.2659474144,-0.0509901951
45,387,15.44,197.46,44.39,38.0600643719897,-3.1349702338,-0.1655604936,-0.1403566885
46,387,15.44,318.67,43.8,35.2901714362512,-3.1415926536,0.1773019919,-0.1252996409
47,387,15.44,291.77,50.4,38.850416986179184,-3.1351411302,-0.0,-0.1838477631
20,388,15.48,221.03,34.37,23.72003372678884,0.0,0.0,0.0640312423743284
22,388,15.48,187.82,34.63,23.38003421725469,0.0,0.0,0.0824621125123532
23,388,15.48,283.84,35.02928,36.3679419269224,0.1768081053,-0.180448932,0.1552417469626002
24,388,15.48,161.27,36.90,23.375,0,0,-3.125
26,388,15.48,232.48,30.43,38.23000130787337,0.0,0.0,0.2
29,388,15.48,99.28,30.89,35.000223213574,-0.003571413387,0.044641528531,-0.008370402259
30,388,15.48,101.66,27.13,38.75,0,0,0
31,388,15.48,36.5,31.49,34.410175820533084,0.0072991404436983,0.1824785110924588,0.1019803902718557
41,388,15.48,198.26,53.24,23.68007601339151,3.1310667266,0.2631481758,-0.04
42,388,15.48,221.42,44.07,23.21,-3.1415926536,-0.0,-0.1252996409
43,388,15.48,263.47,52.12,36.33970968513645,-3.1210475996,0.1758539592,-0.0943398113
44,388,15.48,138.83,43.91,23.39005344158068,-3.1415926536,-0.0,-0.0509901951
45,388,15.48,195.93,44.39,38.05006438890741,-3.1415926536,0.1633963661,-0.1315294644
46,388,15.48,317.26,43.79,35.280171484844004,-3.1345005739,-0.1773019919,-0.1252996409
47,388,15.48,290.22,50.39,38.850371941591504,-3.1351411302,-0.1612880848,-0.1697056275
20,389,15.52,221.97,34.37,23.72003372678884,0.0,0.0,0.0640312423743284
22,389,15.52,188.76,34.63,23.3700342318962,-0.0106378965755469,-0.2659474143886727,0.0806225774829855
23,389,15.52,285.3,35.2828825,36.36773432591038,0.1677767022,-0.2715269449,0.1529705854077835
24,389,15.52,162.2,36.90,23.25,0,0,-1.5625
26,389,15.52,234.01,30.43,38.24000130753136,0.0,0.0,0.2
29,389,15.52,100.68,30.89,35.000223213574,-0.003571413387,-0.044323801929,1.570830685925
30,389,15.52,103.21,27.13,38.875,0,0,1.562500000001
31,389,15.52,37.87,31.5,34.410175820533084,0.0,-0.1824785110924588,0.1019803902718557
41,389,15.52,197.31,53.24,23.670052809404545,-3.1415926536,-0.0,-0.04
42,389,15.52,220.5,44.07,23.22,-3.1415926536,-0.0,-0.1208304597
43,389,15.52,262.02,52.08,36.32994494903619,-3.1140134412,-0.1793470428,-0.098488578
44,389,15.52,137.89,43.91,23.400053418742445,-3.1415926536,-0.0,-0.0509901951
45,389,15.52,194.4,44.38,38.05006438890741,-3.1350567989,-0.1633963661,-0.1315294644
46,389,15.52,315.83,43.79,35.28020408104239,-3.1415926536,0.1773019919,-0.1208304597
47,389,15.52,288.67,50.39,38.8403720373531,-3.1415926536,0.1612880848,-0.1697056275
20,390,15.56,222.91,34.37,23.72001897132462,0.0,0.0,0.0640312423743284
22,390,15.56,189.7,34.62,23.37005348731577,0.0,0.2659474143886727,0.0806225774829855
23,390,15.56,286.76,35.52024,36.367529473419005,0.1550859497,-0.3635203344,0.162788205960997
24,390,15.56,163.13,36.90,23.25,0,0,3.125
26,390,15.56,235.54,30.43,38.24,0.0,0.0,0.2
29,390,15.56,102.08,30.88,35.125889668448,-0.007117317541,0.000316611998,3.124980211689
30,390,15.56,104.77,27.13,38.875,0,0,-1.562499999999
31,390,15.56,39.24,31.5,34.41014530629012,0.0072991404436983,0.1824785110924588,0.1104536101718726
41,390,15.56,196.36,53.24,23.670052809404545,-3.1415926536,-0.0,-0.04
42,390,15.56,219.57,44.07,23.22,-3.1415926536,-0.0,-0.1208304597
43,390,15.56,260.55,52.05,36.32994494903619,-3.1211873229,0.1746269447,-0.0948683298
44,390,15.56,136.96,43.91,23.400053418742445,-3.1415926536,-0.0,-0.0509901951
45,390,15.56,192.88,44.38,38.040064405834016,-3.1415926536,-0.0,-0.1236931688
46,390,15.56,314.42,43.78,35.28020408104239,-3.1345005739,-0.1773019919,-0.1208304597
47,390,15.56,287.12,50.38,38.84032955575944,-3.1351411302,-0.1612880848,-0.1697056275
20,391,15.6,223.86,34.37,23.72001897132462,-0.0104162899309678,-0.2604072482741952,0.0640312423743284
22,391,15.6,190.64,34.62,23.37005348731577,0.0,0.0,0.0905538513813741
23,391,15.6,288.22,35.7359375,36.36732736949472,0.1386950754,-0.4569790065,0.162788205960997
24,391,15.6,164.06,36.90,23.5,0,0,3.125
26,391,15.6,237.07,30.43,38.25,0.0,0.0,0.2
29,391,15.6,103.49,30.87,35.250221630509,-0.003546084427,0.044640413927,1.554149525761
30,391,15.6,106.32,27.13,38.75,0,0,0.000000000002
31,391,15.6,40.61,31.51,34.41011769814221,0.0,-0.1824785110924588,0.1104536101718726
41,391,15.6,195.41,53.24,23.670052809404545,-3.1415926536,-0.0,-0.04
42,391,15.6,218.64,44.07,23.23,-3.1415926536,-0.0,-0.13
43,391,15.6,259.09,52.01,36.32994494903619,-3.1142022451,-0.171133861,-0.1019803903
44,391,15.6,136.03,43.91,23.400053418742445,-3.1415926536,-0.2688068448,-0.0509901951
45,391,15.6,191.35,44.38,38.040064405834016,-3.1415926536,0.1655604936,-0.1236931688
46,391,15.6,313.01,43.78,35.27020413890456,-3.1415926536,0.1760534277,-0.1208304597
47,391,15.6,285.55,50.38,38.83032964063014,-3.1415926536,0.1602542153,-0.1697056275
20,392,15.64,224.82,34.36,23.72001897132462,0.0,0.2604072482741952,0.0640312423743284
22,392,15.64,191.58,34.62,23.360053510212683,0.0,0.0,0.0905538513813741
23,392,15.64,289.68,35.92456,36.37712605470641,0.1185276292,-0.5510172666,0.1726267650163207
24,392,15.64,165.01,36.90,23.5,0,0,-3.125
26,392,15.64,238.6,30.43,38.26,0.0,0.0,0.2002498439450079
29,392,15.64,104.90,30.87,35.250221630509,-0.003546084427,-0.044640413927,-1.554149525761
30,392,15.64,107.87,27.13,38.875,0,0.040192787527,1.565012051383
31,392,15.64,41.99,31.51,34.41011769814221,0.0,0.0,0.11
41,392,15.64,194.47,53.24,23.670052809404545,-3.1415926536,-0.2659474144,-0.0412310563
42,392,15.64,217.7,44.07,23.23000215238905,-3.1415926536,-0.0,-0.13
43,392,15.64,257.63,51.98,36.319947687187,-3.1210475996,-0.0,-0.1019803903
44,392,15.64,135.1,43.92,23.400053418742445,3.1308403798,0.2688068448,-0.0608276253
45,392,15.64,189.84,44.37,38.03006442276952,-3.1349702338,-0.1655604936,-0.1170469991
46,392,15.64,311.59,43.77,35.27023957956623,-3.1345505165,-0.1760534277,-0.1077032961
47,392,15.64,283.99,50.37,38.830289723359,-3.135182485,0.0,-0.1555634919
20,393,15.68,225.77,34.36,23.730018963329968,0.0,0.0,0.0640312423743284
22,393,15.68,192.52,34.62,23.360053510212683,-0.0105259270317234,-0.2631481757930862,0.09
23,393,15.68,291.14,36.0806925,36.376929502089645,0.0946136941,-0.6455132462,0.1726267650163207
24,393,15.68,165.94,36.90,23.25,0,0,-3.125
26,393,15.68,240.14,30.43,38.27,0.0,0.0,0.1902629759044045
29,393,15.68,106.31,30.86,35.125889668448,-0.007117317541,-0.044640413927,-1.554149525759
30,393,15.68,109.43,27.13,38.875200964111,0.003215423002,0.040322440783,-1.559979845269
31,393,15.68,43.37,31.51,34.41009299609636,0.0072462499798956,0.1811562494973924,0.11
41,393,15.68,193.53,53.25,23.670052809404545,3.130954757,0.2659474144,-0.0316227766
42,393,15.68,216.77,44.07,23.24000215146289,-3.1415926536,-0.0,-0.13
43,393,15.68,256.17,51.95,36.319947687187,-3.1210475996,0.171133861,-0.1104536102
44,393,15.68,134.17,43.92,23.400053418742445,-3.1415926536,-0.0,-0.0608276253
45,393,15.68,188.32,44.37,38.03006442276952,-3.1415926536,0.1644713113,-0.1077032961
46,393,15.68,310.17,43.77,35.26023964751232,-3.1415926536,0.1760534277,-0.1077032961
47,393,15.68,282.43,50.36,38.82028979799095,-3.135182485,-0.1602542153,-0.1555634919
20,394,15.72,226.73,34.36,23.730008428148523,0.0,0.0,0.0640312423743284
22,394,15.72,193.47,34.61,23.360053510212683,0.0,0.2631481757930862,0.1
23,394,15.72,292.6,36.19892,36.37673569742068,0.0668865695,-0.740928052,0.1726267650163207
24,394,15.72,166.87,36.90,23.25,0,0,-1.5625
26,394,15.72,241.67,30.43,38.28,0.0,0.0,0.1902629759044045
29,394,15.72,107.71,30.85,35.125889668448,-0.007117317541,0.044482671287,-0.008340615293
30,394,15.72,110.98,27.14,38.750201612379,0.003225795263,-0.040192787527,-1.565012051386
31,394,15.72,44.75,31.52,34.410071200158825,0.0,-0.1811562494973924,0.1104536101718726
41,394,15.72,192.58,53.25,23.670052809404545,-3.1415926536,-0.0,-0.0316227766
42,394,15.72,215.84,44.07,23.24000215146289,-3.1415926536,-0.0,-0.13
43,394,15.72,254.71,51.91,36.31018589872544,-3.1142022451,-0.171133861,-0.11
44,394,15.72,133.22,43.92,23.41005339592373,-3.1415926536,-0.0,-0.0608276253
45,394,15.72,186.8,44.36,38.020064439713934,-3.1350138011,-0.1644713113,-0.1118033989
46,394,15.72,308.75,43.76,35.26023964751232,-3.1345505165,0.0,-0.1077032961
47,394,15.72,280.87,50.36,38.82025244637134,-3.1415926536,0.1602542153,-0.1555634919
20,395,15.76,227.68,34.36,23.730008428148523,0.0,0.0,0.0640312423743284
22,395,15.76,194.41,34.61,23.350053533129216,0.0,0.0,0.1
23,395,15.76,294.06,36.2738275,36.37654464074343,0.0353394499,-0.8360821189,0.1824828759089465
24,395,15.76,167.8,36.90,23.125,0,0,0
26,395,15.76,243.2,30.43,38.28,-0.0065358546459298,-0.1633963661482459,0.191049731745428
29,395,15.76,109.12,30.84,35.125222419225,-0.003558703838,0.044323801929,-1.57083068593
30,395,15.76,112.53,27.14,38.75,0,-0.040322440783,-1.565020154733
31,395,15.76,46.14,31.52,34.410071200158825,0.0,0.0,0.1104536101718726
41,395,15.76,191.64,53.25,23.660052831724617,-3.1415926536,-0.0,-0.0316227766
42,395,15.76,214.91,44.07,23.250002150537533,-3.1415926536,-0.0,-0.13
43,395,15.76,253.25,51.88,36.31018589872544,-3.1210475996,0.1758539592,-0.1204159458
44,395,15.76,132.29,43.92,23.41005339592373,-3.1415926536,-0.2659474144,-0.0608276253
45,395,15.76,185.27,44.36,38.02004734347395,-3.1415926536,-0.0,-0.1029563014
46,395,15.76,307.33,43.75,35.250239715496974,-3.1345505165,-0.1760534277,-0.1044030651
47,395,15.76,279.31,50.35,38.82025244637134,-3.135182485,-0.1602542153,-0.1486606875
20,396,15.8,228.62,34.36,23.730008428148523,0.0,0.0,0.0640312423743284
22,396,15.8,195.34,34.61,23.350053533129216,0.0,0.0,0.1
23,396,15.8,295.51,36.3,36.37654464074343,0.0,-0.441743124,0.1824828759089465
24,396,15.8,168.72,36.90,23.25,0,0,3.125
26,396,15.8,244.73,30.42,38.29,0.0,0.1633963661482459,0.1811077027627483
29,396,15.8,110.52,30.84,35.000223213574,-0.003571413387,-0.04480039789,-1.554119668375
30,396,15.8,114.08,27.14,38.625,0,0.040452933209,-1.559971689466
31,396,15.8,47.52,31.52,34.410052310335125,0.0072462499798983,0.1811562494974577,0.1118033988749894
41,396,15.8,190.69,53.25,23.660033812317344,-3.1415926536,-0.0,-0.0316227766
42,396,15.8,213.98,44.07,23.250008602148945,-3.1415926536,-0.0,-0.13
43,396,15.8,251.8,51.84,36.30018870474367,-3.1140134412,-0.1758539592,-0.1216552506
44,396,15.8,131.35,43.93,23.41005339592373,3.130954757,0.2659474144,-0.0608276253
45,396,15.8,183.75,44.36,38.02004734347395,-3.1415926536,0.1644713113,-0.1081665383
46,396,15.8,305.9,43.75,35.250239715496974,-3.1415926536,0.1785683917,-0.1044030651
47,396,15.8,277.74,50.35,38.81025251141765,-3.1415926536,0.1602542153,-0.1486606875
20,397,15.84,229.57,34.36,23.730008428148523,0.0,0.0,0.0640312423743284
22,397,15.84,196.28,34.61,23.340053556065374,-0.0106378965755393,-0.2659474143884838,0.1104536101718726
23,397,15.84,296.97,36.3,36.37635633210121,0.0,0.0,0.1824828759089465
24,397,15.84,169.66,36.90,23.375,0,0,1.5625
26,397,15.84,246.27,30.42,38.3,0.0,0.0,0.1824828759089465
29,397,15.84,111.92,30.83,35.000892845755,-0.007142735669,0,0
30,397,15.84,115.62,27.14,38.625202264843,0.003236234657,0.040322440783,1.565020154733
31,397,15.84,48.9,31.53,34.410052310335125,0.0,-0.1811562494974577,0.1118033988749894
41,397,15.84,189.75,53.25,23.660033812317344,-3.1415926536,-0.0,-0.03
42,397,15.84,213.06,44.07,23.260008598450693,-3.1415926536,-0.0,-0.13
43,397,15.84,250.34,51.81,36.299953168013865,-3.1210475996,0.1758539592,-0.1236931688
44,397,15.84,130.42,43.93,23.41005339592373,-3.1415926536,-0.0,-0.06
45,397,15.84,182.23,44.35,38.01004735592945,-3.1350138011,-0.1644713113,-0.1
46,397,15.84,304.5,43.74,35.250239715496974,-3.1344499179,0.0,-0.1044030651
47,397,15.84,276.18,50.34,38.81021772677912,-3.135182485,-0.1602542153,-0.1486606875
20,398,15.88,230.52,34.36,23.740008424598336,0.0,0.0,0.0640312423743284
22,398,15.88,197.22,34.6,23.340053556065374,0.0,0.2659474143884838,0.1104536101718726
23,398,15.88,298.43,36.3,36.376170771536685,0.0,0.0,0.1824828759089465
24,398,15.88,170.59,36.90,23.375,0,0,1.5625
26,398,15.88,247.81,30.42,38.31,0.0,0.0,0.1726267650163207
29,398,15.88,113.32,30.82,35.000223213574,-0.003571413387,0.044641528531,-0.008370402257
30,398,15.88,117.17,27.15,38.750201612379,0.003225795263,-0.040452933209,-0.002528310532
31,398,15.88,50.27,31.53,34.41003632663005,0.0,0.0,0.1140175425099137
41,398,15.88,188.8,53.25,23.660033812317344,-3.1415926536,-0.0,-0.03
42,398,15.88,212.13,44.07,23.260008598450693,-3.1415926536,-0.0,-0.13
43,398,15.88,248.89,51.77,36.28995591069243,-3.1140134412,-0.1758539592,-0.1360147051
44,398,15.88,129.48,43.93,23.420053373124496,-3.1415926536,-0.0,-0.06
45,398,15.88,180.71,44.35,38.01003288606838,-3.1415926536,-0.0,-0.1063014581
46,398,15.88,303.1,43.73,35.24027809197879,-3.1344499179,-0.1785683917,-0.0921954446
47,398,15.88,274.63,50.34,38.80021778289395,-3.1415926536,0.1612880848,-0.1486606875
20,399,15.92,231.47,34.36,23.740002106149863,0.0,0.0,0.0640312423743284
22,399,15.92,198.15,34.6,23.340053556065374,0.0,0.0,0.1104536101718726
23,399,15.92,299.88,36.3,36.37598795909192,0.0,0.0,0.1923538406167134
24,399,15.92,171.53,36.90,23.5,0,0,1.5625
26,399,15.92,249.36,30.42,38.31,0.0,0.0,0.1726267650163207
29,399,15.92,114.72,30.82,35.000223213574,-0.003571413387,-0.000160008192,-1.562489999455
30,399,15.92,118.72,27.15,38.625,0,0.000261832197,-3.124983635444
31,399,15.92,51.65,31.53,34.41002324904765,0.0,0.0,0.1236931687685298
41,399,15.92,187.86,53.25,23.660033812317344,-3.1415926536,-0.0,-0.02
42,399,15.92,211.2,44.07,23.27000859475561,-3.1415926536,-0.0,-0.1264911064
43,399,15.92,247.43,51.74,36.28995591069243,-3.1210475996,0.1758539592,-0.1392838828
44,399,15.92,128.54,43.93,23.420053373124496,-3.1415926536,-0.0,-0.07
45,399,15.92,179.19,44.35,38.01003288606838,-3.1415926536,0.1644713113,-0.0989949494
46,399,15.92,301.71,43.73,35.24027809197879,-3.1415926536,0.1798530123,-0.0921954446
47,399,15.92,273.08,50.33,38.80018556656656,-3.1351411302,-0.1612880848,-0.142126704
20,400,15.96,232.41,34.36,23.740002106149863,0.0,0.0,0.0640312423743284
22,400,15.96,199.08,34.6,23.3300535790212,-0.0107522737910993,-0.2688068447774837,0.1118033988749894
23,400,15.96,301.33,36.3,36.375807894808325,0.0,0.0,0.1923538406167134
24,400,15.96,172.47,36.90,23.5,0,0.0110206088,0.0001141666
26,400,15.96,250.9,30.42,38.32,0.0,0.0,0.1649242250247064
29,400,15.96,116.12,30.81,34.875224013618,-0.003584214042,-0.000160008192,-1.562489999449
30,400,15.96,120.26,27.15,38.500202921543,0.003246741838,0.040452933209,0.002528310541
31,400,15.96,53.03,31.53,34.41002324904765,0.0,0.0,0.1264911064067351
41,400,15.96,186.92,53.25,23.660033812317344,-3.1415926536,-0.2659474144,-0.02
42,400,15.96,210.26,44.07,23.27001933819566,-3.1415926536,-0.0,-0.1264911064
43,400,15.96,245.98,51.7,36.279958654882726,-3.1140134412,-0.1758539592,-0.1431782106
44,400,15.96,127.61,43.93,23.420053373124496,-3.1415926536,-0.2688068448,-0.07
45,400,15.96,177.67,44.34,38.01003288606838,-3.1350138011,-0.1644713113,-0.1
46,400,15.96,300.32,43.72,35.24027809197879,-3.1343985331,-0.1798530123,-0.0921954446
47,400,15.96,271.54,50.33,38.7901856144051,-3.1415926536,0.1612880848,-0.142126704
20,401,16.0,233.35,34.36,23.740002106149863,0.0,0.0,0.0640312423743284
22,401,16.0,200.01,34.59,23.3300535790212,0.0,0.2688068447774837,0.1216552506059644
23,401,16.0,302.78,36.3,36.37563057872674,0.0,0.0,0.1923538406167134
24,401,16.0,173.41,36.90,23.5000091333,0.0008816487,-0.005585106,0.0000293218
26,401,16.0,252.44,30.42,38.33,0.0,0.0,0.1649242250247064
29,401,16,117.51,30.81,34.875224013618,-0.003584214042,-0.044481520339,1.570860401723
30,401,16,121.80,27.16,38.625202264843,0.003236234657,-0.04058427298,3.122463480723
31,401,16.0,54.4,31.53,34.41001307759123,0.0,0.0,0.1170469991071962
41,401,16.0,185.98,53.26,23.660033812317344,3.130954757,0.2659474144,-0.02
42,401,16.0,209.33,44.07,23.280019329888884,-3.1415926536,-0.2688068448,-0.1360147051
43,401,16.0,244.52,51.67,36.279958654882726,-3.1210475996,0.180639564,-0.1565247584
44,401,16.0,126.68,43.94,23.420053373124496,3.1308403798,0.2688068448,-0.07
45,401,16.0,176.15,44.34,38.00002105262575,-3.1415926536,-0.0,-0.1
46,401,16.0,298.9,43.72,35.23027817091429,-3.1415926536,0.1773019919,-0.0905538514
47,401,16.0,269.99,50.32,38.7901856144051,-3.1351411302,-0.1612880848,-0.142126704
20,402,16.04,234.3,34.36,23.740002106149863,0.0,0.0,0.0640312423743284
22,402,16.04,200.94,34.59,23.32005360199672,0.0,0.0,0.1216552506059644
23,402,16.04,304.22,36.3,36.37545601088734,0.0,0.0,0.194164878389476
24,402,16.04,174.35,36.90,23.5000023457,-0.0004468085,-0.0466255657,0.0010774876
26,402,16.04,253.98,30.42,38.33,0.0,0.0,0.1581138830084189
29,402,16.04,118.91,30.80,35.000892845755,-0.007142735669,0.000318877551,3.124980070072
30,402,16.04,123.35,27.16,38.750000000001,0,-0.000130492426,1.562491844184
31,402,16.04,55.77,31.53,34.41000581226338,0.0,0.0,0.1208304597359457
41,402,16.04,185.04,53.26,23.660033812317344,-3.1415926536,-0.0,-0.02
42,402,16.04,208.4,44.08,23.280019329888884,3.1308403798,0.2688068448,-0.1264911064
43,402,16.04,243.08,51.63,36.26972842467944,-3.113822017,-0.1770983203,-0.161245155
44,402,16.04,125.76,43.94,23.430053350344725,-3.1415926536,-0.0,-0.07
45,402,16.04,174.63,44.34,38.00002105262575,-3.1415926536,-0.0,-0.1029563014
46,402,16.04,297.49,43.71,35.23027817091429,-3.1345005739,-0.1773019919,-0.0806225775
47,402,16.04,268.44,50.32,38.78015600793788,-3.1415926536,0.1612880848,-0.1360147051
20,403,16.08,235.25,34.36,23.750002105263064,0.0,0.0,0.0640312423743284
22,403,16.08,201.88,34.59,23.32005360199672,0.0,0.0,0.1216552506059644
23,403,16.08,305.67,36.3,36.38528273904162,0.0,0.0,0.194164878389476
24,403,16.08,175.29,36.90,23.5000953323,-0.0028483966,-0.0096555281,-1.5623121428
26,403,16.08,255.53,30.42,38.340001304121,0.0,0.0,0.1581138830084189
29,403,16.08,120.31,30.79,35.125222419224,-0.003558703838,0.04480039789,1.554119668356
30,403,16.08,124.90,27.16,38.750201612378,0.003225795263,0.040322440783,0.002520154711
31,403,16.08,57.15,31.53,34.400005813952994,0.0,0.0,0.1208304597359457
32,403,16.08,4.52,28.39,36.825840112616575,0.029188787992794,,0.1
41,403,16.08,184.1,53.26,23.660033812317344,-3.1415926536,-0.0,-0.01
42,403,16.08,207.47,44.08,23.29001932158924,-3.1415926536,-0.0,-0.1264911064
43,403,16.08,241.63,51.6,36.26972842467944,-3.1209059498,0.0,-0.1664331698
44,403,16.08,124.82,43.94,23.430053350344725,-3.1415926536,-0.0,-0.07
45,403,16.08,173.1,44.34,38.00001184210342,-3.1415926536,0.1644713113,-0.1029563014
46,403,16.08,296.07,43.71,35.23027817091429,-3.1415926536,0.1785683917,-0.08
47,403,16.08,266.89,50.31,38.78015600793788,-3.1351411302,-0.1612880848,-0.1280624847
49,403,16.08,146.48,45.27,35.380141322498986,-3.1415926536,,-0.4161730409
20,404,16.12,236.2,34.36,23.750002105263064,0.0,0.0,0.0640312423743284
22,404,16.12,202.82,34.59,23.310053624991944,-0.0107522737911066,-0.2688068447776665,0.1236931687685298
23,404,16.12,307.12,36.3,36.385113714265074,0.0,0.0,0.194164878389476
24,404,16.12,176.23,36.90,23.3750173743,-0.0012192507,0.0919553816,-3.1232385347
26,404,16.12,257.06,30.42,38.35000130378094,-0.0064515233929695,-0.1612880848242399,0.1581138830084189
29,404,16.12,121.72,30.79,35.125222419224,-0.003558703838,-0.000158869359,-1.562490070615
30,404,16.12,126.45,27.17,38.750201612378,0.003225795263,-0.040322440783,-1.565020154716
31,404,16.12,58.54,31.53,34.400001453488336,0.0,0.0,0.1252996408614166
32,404,16.12,5.89,28.43,36.82613474151204,0.0354461402587152,0.1564338066480303,0.0905538513813741
41,404,16.12,183.16,53.26,23.660033812317344,-3.1415926536,-0.0,-0.01
42,404,16.12,206.54,44.08,23.29003434948089,-3.1415926536,-0.0,-0.1264911064
43,404,16.12,240.18,51.57,36.259731107662674,-3.1209059498,0.1723127155,-0.1720465053
44,404,16.12,123.87,43.94,23.430053350344725,-3.1415926536,-0.0,-0.07
45,404,16.12,171.58,44.33,38.00001184210342,-3.1350138011,-0.1644713113,-0.098488578
46,404,16.12,294.67,43.7,35.22027824989462,-3.1344499179,-0.0012663999,-0.08
47,404,16.12,265.33,50.31,38.78015600793788,-3.1415926536,0.1612880848,-0.1280624847
49,404,16.12,145.06,45.27,35.390170951833504,-3.1415926536,0.1773019919,-0.4220189569
20,405,16.16,237.16,34.36,23.750002105263064,0.0,0.0,0.0565685424949238
22,405,16.16,203.75,34.58,23.310034320009056,0.0,0.2688068447776665,0.1236931687685298
23,405,16.16,308.58,36.3,36.385113714265074,0.0,0.0,0.196468827043885
24,405,16.16,177.16,36.90,23.2502362496,0.004508034,0.0598641005,-1.5608653032
26,405,16.16,258.61,30.41,38.35000130378094,0.0,0.1612880848242399,0.1523154621172781
29,405,16.16,123.12,30.78,35.000223213575,-0.003571413387,-0.000158869359,-1.562490070615
30,405,16.16,128.00,27.17,38.625000000001,0,0.000261832197,-3.124983635421
31,405,16.16,59.91,31.53,34.4,0.0,0.0,0.130384048104053
32,405,16.16,7.3,28.48,36.81613912403092,0.0275792123997402,-0.1966731964743757,0.0905538513813741
41,405,16.16,182.2,53.26,23.660033812317344,-3.1415926536,-0.0,-0.01
42,405,16.16,205.6,44.08,23.30003433473865,-3.1415926536,-0.0,-0.1236931688
43,405,16.16,238.73,51.53,36.24950344487494,-3.1140134412,-0.1723127155,-0.1780449381
44,405,16.16,122.92,43.94,23.44005332758439,-3.1415926536,-0.2631481758,-0.07
45,405,16.16,170.06,44.33,38.000005263157526,-3.1415926536,-0.0,-0.1077032961
46,405,16.16,293.26,43.69,35.22023991968255,-3.1345005739,-0.1773019919,-0.08
47,405,16.16,263.78,50.3,38.77012896548063,-3.1351411302,-0.1612880848,-0.1280624847
49,405,16.16,143.65,45.26,35.410238632350385,-3.1345005739,-0.1773019919,-0.4301162634
20,406,16.2,238.11,34.36,23.75,0.0,0.0,0.0565685424949238
22,406,16.2,204.68,34.58,23.30003433473865,0.0,0.0,0.1236931687685298
23,406,16.2,310.03,36.3,36.38494743709272,0.0,0.0,0.196468827043885
24,406,16.2,178.09,36.90,23.2501481501,0.0035698773,-0.1065841115,1.5619062972
26,406,16.2,260.14,30.41,38.36000521376398,0.0,0.0,0.1523154621172781
29,406,16.2,124.52,30.78,35.000223213575,-0.003571413387,-0.044961532627,-1.554089596735
30,406,16.2,129.54,27.17,38.500202921544,0.003246741838,0.040452933209,0.002528310513
31,406,16.2,61.29,31.53,34.4,0.0,0.0,0.130384048104053
32,406,16.2,8.75,28.52,36.81613912403092,0.0275792123997402,4.336808689942017e-16,0.0905538513813741
41,406,16.2,181.25,53.26,23.660033812317344,-3.1415926536,-0.0,-0.01
42,406,16.2,204.68,44.08,23.30003433473865,-3.1415926536,-0.0,-0.1236931688
43,406,16.2,237.28,51.5,36.24950344487494,-3.1209059498,0.1770983203,-0.1920937271
44,406,16.2,121.97,43.95,23.44003412966799,3.1310667266,0.2631481758,-0.07
45,406,16.2,168.53,44.33,37.9900013161358,-3.1415926536,-0.0,-0.1044030651
46,406,16.2,291.86,43.69,35.22023991968255,-3.1415926536,0.1798530123,-0.0806225775
47,406,16.2,262.22,50.3,38.77012896548063,-3.1415926536,-0.0,-0.1220655562
49,406,16.2,142.23,45.26,35.42027667876128,-3.1415926536,0.1748223251,-0.4440720662
20,407,16.24,239.07,34.36,23.75,0.0,0.0,0.0565685424949238
22,407,16.24,205.6,34.58,23.30003433473865,0.0,0.0,0.1236931687685298
23,407,16.24,311.48,36.3,36.38478390756224,0.0,0.0,0.1992485884517127
24,407,16.24,179.02,36.90,23.3751887533,-0.0040186949,-0.0718961503,1.5613435779
26,407,16.24,261.69,30.41,38.36000521376398,0.0,0.0,0.147648230602334
29,407,16.24,125.92,30.77,34.875896045836,-0.007168335997,0,-0.000000000019
30,407,16.24,131.08,27.18,38.625202264842,0.003236234657,-0.04058427298,1.559963480683
31,407,16.24,62.67,31.53,34.39000145391099,0.0,0.0,0.1360147050873544
32,407,16.24,10.2,28.56,36.81613912403092,0.0275792123997426,6.03683769639929e-14,0.0921954445729288
33,407,16.24,4.8,34.7,25.420637285481263,0.010752273791099,,0.07
41,407,16.24,180.3,53.26,23.660033812317344,-3.1415926536,-0.2659474144,-0.01
42,407,16.24,203.75,44.08,23.310034320009056,-3.1415926536,-0.2688068448,-0.1236931688
43,407,16.24,235.84,51.46,36.2392784144497,-3.113822017,-0.1770983203,-0.1984943324
44,407,16.24,121.03,43.95,23.44003412966799,-3.1415926536,-0.0,-0.07
45,407,16.24,167.02,44.33,37.9900013161358,-3.1415926536,-0.0,-0.1019803903
46,407,16.24,290.47,43.68,35.21023998782173,-3.1343985331,-0.1798530123,-0.0707106781
47,407,16.24,260.67,50.3,38.76012899875335,-3.1415926536,0.1602542153,-0.1220655562
49,407,16.24,140.8,45.25,35.44031743650161,-3.1345997606,0.0024796667,-0.4580392996
50,407,16.24,100.09,41.75,25.360333199703824,-3.1415926536,,-0.0921954446
20,408,16.28,240.01,34.36,23.75,0.0,0.0,0.0565685424949238
22,408,16.28,206.54,34.58,23.29003434948089,0.0,0.0,0.1264911064067351
23,408,16.28,312.94,36.3,36.38462312571068,0.0,0.0,0.208806130178211
24,408,16.28,179.96,36.90,23.3750556363,-0.0021818147,0.0966572701,-0.0003443407
26,408,16.28,263.22,30.41,38.37000521240517,0.0065358546459322,0.163396366148307,0.147648230602334
29,408,16.28,127.31,30.76,35.000223213573,-0.003571413387,0.045120401986,3.116579667369
30,408,16.28,132.63,27.18,38.624999999999,0,0,0.000000000021
31,408,16.28,64.04,31.53,34.39000145391099,0.0,0.0,0.1360147050873544
32,408,16.28,11.65,28.6,36.80614350893068,0.0342331963093787,0.1663495977409036,0.0921954445729288
33,408,16.28,5.73,34.71,25.420568443683557,0.0,-0.2688068447774772,0.0707106781186547
41,408,16.28,179.36,53.27,23.660033812317344,3.130954757,0.2659474144,-0.0
42,408,16.28,202.82,44.09,23.310053624991944,3.1308403798,0.2688068448,-0.1236931688
43,408,16.28,234.39,51.43,36.23905351964921,-3.1209059498,0.0,-0.2051828453
44,408,16.28,120.1,43.95,23.44003412966799,-3.1415926536,-0.0,-0.07
45,408,16.28,165.51,44.33,37.99,-3.1415926536,-0.0,-0.1118033989
46,408,16.28,289.07,43.68,35.21023998782173,-3.1415926536,0.1798530123,-0.0707106781
47,408,16.28,259.11,50.29,38.76010448902324,-3.135182485,-0.1602542153,-0.1220655562
49,408,16.28,139.39,45.24,35.45036107009349,-3.1345005739,-0.1773019919,-0.4661544808
50,408,16.28,99.07,41.76,25.370333068369444,3.1317890461,0.245090187,-0.0854400375
20,409,16.32,240.96,34.36,23.76,0.0,0.0,0.0565685424949238
22,409,16.32,207.47,34.58,23.29001932158924,0.0,0.0,0.1264911064067351
23,409,16.32,314.4,36.3,36.39446386471437,0.0,0.0,0.208806130178211
24,409,16.32,180.89,36.90,23.3751612061,0.0037138867,-0.0024064046,0.0001281414
26,409,16.32,264.75,30.42,38.37001172791064,0.0,-0.163396366148307,0.147648230602334
29,409,16.32,128.72,30.76,35.125222419225,-0.003558703838,0,0.000000000022
30,409,16.32,134.17,27.18,38.625202264843,0.003236234657,0.040322440783,1.565020154763
31,409,16.32,65.42,31.53,34.39000581564359,0.0,0.0,0.1345362404707371
32,409,16.32,13.11,28.65,36.80614350893068,0.0273904084748643,-0.1710696958628603,0.0948683298050513
33,409,16.32,6.67,34.71,25.4105686673872,0.0103089131462412,0.2577228286560308,0.0707106781186547
41,409,16.32,178.41,53.27,23.660033812317344,-3.1415926536,-0.0,-0.01
42,409,16.32,201.88,44.09,23.32005360199672,-3.1415926536,-0.0,-0.1216552506
43,409,16.32,232.94,51.4,36.22905601861577,-3.1209059498,0.1770983203,-0.2121320344
44,409,16.32,119.17,43.95,23.450034115113777,-3.1415926536,-0.0,-0.07
45,409,16.32,164.0,44.33,37.99,-3.1415926536,-0.0,-0.1104536102
46,409,16.32,287.68,43.67,35.21023998782173,-3.1343985331,-0.1798530123,-0.0707106781
47,409,16.32,257.56,50.29,38.76010448902324,-3.1415926536,-0.0,-0.1166190379
49,409,16.32,137.96,45.24,35.47045672105168,-3.1415926536,0.1773019919,-0.4801041554
50,409,16.32,98.04,41.76,25.370333068369444,-3.1415926536,-0.245090187,-0.0854400375
20,410,16.36,241.91,34.36,23.76,0.0,0.0,0.0565685424949238
22,410,16.36,208.4,34.58,23.280019329888884,-0.010752273791099,-0.2688068447774754,0.1264911064067351
23,410,16.36,315.86,36.3,36.39430862099182,0.0,0.0,0.2118962010041709
24,410,16.36,181.83,36.90,23.3750658876,-0.0023743271,-0.101470019,0.0008180998
26,410,16.36,266.29,30.42,38.38001172485491,0.0,0.0,0.138924439894498
29,410,16.36,130.12,30.75,35.000223213575,-0.003571413387,0.044483797978,-1.56528024033
30,410,16.36,135.72,27.19,38.75020161238,0.003225795263,-0.040452933209,1.559971689445
31,410,16.36,66.78,31.53,34.380013089002745,0.0,0.0,0.1345362404707371
32,410,16.36,14.57,28.69,36.80614350893068,0.033770939604912,0.1595132782511915,0.0948683298050513
33,410,16.36,7.64,34.72,25.4105686673872,0.0,-0.2577228286560308,0.0632455532033675
41,410,16.36,177.46,53.27,23.660033812317344,-3.1415926536,-0.0,-0.01
42,410,16.36,200.94,44.09,23.32005360199672,-3.1415926536,-0.0,-0.1216552506
43,410,16.36,231.5,51.36,36.218836259603925,-3.113822017,-0.1770983203,-0.219317122
44,410,16.36,118.23,43.95,23.450034115113777,-3.1415926536,-0.2688068448,-0.07
45,410,16.36,162.49,44.33,37.9900013161358,-3.1415926536,-0.0,-0.11
46,410,16.36,286.26,43.67,35.21023998782173,-3.1415926536,0.1785683917,-0.0728010989
47,410,16.36,256.01,50.29,38.750104515988085,-3.1415926536,0.1602542153,-0.1166190379
49,410,16.36,136.55,45.23,35.48050873366953,-3.1345005739,0.0,-0.4882622246
50,410,16.36,97.02,41.77,25.370333068369444,3.1317890461,0.245090187,-0.0854400375
20,411,16.4,242.85,34.36,23.76,0.0,0.0,0.0565685424949238
22,411,16.4,209.33,34.57,23.280019329888884,0.0,0.2688068447774754,0.1360147050873544
23,411,16.4,317.32,36.3,36.39430862099182,0.0,0.0,0.2118962010041709
24,411,16.4,182.76,36.90,23.3752266541,-0.0044037148,0.0666470659,1.562961043
26,411,16.4,267.82,30.42,38.38002084418402,0.0,0.0,0.1442220510185595
29,411,16.4,131.52,30.75,34.999999999999,0,0.000158869359,1.562490070613
30,411,16.4,137.27,27.19,38.749999999999,0,0,-0.000000000026
31,411,16.4,68.16,31.53,34.380013089002745,0.0,0.0,0.1414213562373095
32,411,16.4,16.05,28.74,36.79614789621327,0.0270204491872666,-0.1687622604411356,0.098488578017961
33,411,16.4,8.63,34.72,25.4105686673872,0.0099996666866632,0.2499916671665812,0.0632455532033675
41,411,16.4,176.51,53.27,23.660033812317344,-3.1415926536,-0.0,-0.01
42,411,16.4,200.01,44.09,23.3300535790212,-3.1415926536,-0.2688068448,-0.1216552506
43,411,16.4,230.05,51.33,36.21861675989297,-3.1209059498,-0.0,-0.2202271555
44,411,16.4,117.3,43.96,23.450034115113777,3.1308403798,0.2688068448,-0.07
45,411,16.4,160.97,44.33,37.99000526454294,-3.1415926536,-0.0,-0.11
46,411,16.4,284.86,43.66,35.20024005599962,-3.1344499179,-0.1785683917,-0.0728010989
47,411,16.4,254.45,50.28,38.750104515988085,-3.135182485,-0.1602542153,-0.1166190379
49,411,16.4,135.14,45.22,35.500563375811375,-3.1345005739,-0.1773019919,-0.5021951812
50,411,16.4,96.0,41.77,25.380332937138547,-3.1415926536,-0.2427108209,-0.0761577311
20,412,16.44,243.8,34.36,23.76,0.0,0.0,0.0565685424949238
22,412,16.44,210.26,34.57,23.27001933819566,0.0,0.0,0.1264911064067351
23,412,16.44,318.76,36.3,36.404154982639,0.0,0.0,0.2154065922853802
24,412,16.44,183.7,36.90,23.5001027711,0.0029574382,0.1012230873,1.5616711818
26,412,16.44,269.35,30.42,38.39002083875444,0.0,0.0,0.1442220510185595
29,412,16.44,132.92,30.75,35.125222419224,-0.003558703838,-0.044483797978,1.56528024033
30,412,16.44,138.82,27.19,38.750201612378,0.003225795263,0.040322440783,0.002520154756
31,412,16.44,69.53,31.53,34.38002326933477,0.0,0.0,0.1414213562373095
32,412,16.44,17.53,28.78,36.796445480508034,0.0272041713972125,0.0045930552486487,0.098488578017961
33,412,16.44,9.63,34.73,25.4105686673872,0.0099996666866703,1.7759231585312565e-13,0.053851648071345
41,412,16.44,175.56,53.27,23.660033812317344,-3.1415926536,-0.0,-0.01
42,412,16.44,199.08,44.1,23.3300535790212,3.1308403798,0.2688068448,-0.1118033989
43,412,16.44,228.6,51.3,36.208402339788485,-3.1209059498,0.0035904064,-0.228035085
44,412,16.44,116.36,43.96,23.460034100571978,-3.1415926536,-0.0,-0.07
45,412,16.44,159.46,44.33,37.99000526454294,-3.1415926536,-0.0,-0.1204159458
46,412,16.44,283.45,43.66,35.20024005599962,-3.1415926536,0.1773019919,-0.0728010989
47,412,16.44,252.9,50.28,38.74010454296684,-3.1415926536,-0.0,-0.1081665383
49,412,16.44,133.72,45.22,35.52068129977239,-3.1415926536,0.1773019919,-0.5103920062
50,412,16.44,94.97,41.78,25.380332937138547,3.1318842208,0.2427108209,-0.0761577311
20,413,16.48,244.76,34.36,23.76,0.0,0.0,0.0565685424949238
22,413,16.48,211.2,34.57,23.27000859475561,0.0,0.0,0.1264911064067351
23,413,16.48,320.23,36.3,36.40400527414531,0.0,0.0,0.2193171219946131
24,413,16.48,184.64,36.90,23.5001603486,0.0036941321,-0.0640955943,-0.0005928836
26,413,16.48,270.88,30.42,38.39003256054884,0.0,0.0,0.1442220510185595
29,413,16.48,134.33,30.74,35.125222419225,-0.003558703838,0.044483797978,-1.565280240291
30,413,16.48,140.37,27.20,38.750201612379,0.003225795263,0.000130492426,-1.562491844179
31,413,16.48,70.91,31.53,34.37002327610501,-0.0073528086666919,-0.183820216667299,0.1421267040355189
32,413,16.48,19.0,28.82,36.796445480508034,0.0340004974724215,0.1699081518802251,0.1118033988749895
33,413,16.48,10.63,34.74,25.40050393200891,0.0,-0.2499916671667588,0.058309518948453
41,413,16.48,174.62,53.27,23.660033812317344,-3.1415926536,-0.0,-0.01
42,413,16.48,198.15,44.1,23.340053556065374,-3.1415926536,-0.0,-0.1104536102
43,413,16.48,227.16,51.27,36.20818830043834,-3.1207623336,-0.0035904064,-0.2360084744
44,413,16.48,115.42,43.96,23.460034100571978,-3.1415926536,-0.0,-0.07
45,413,16.48,157.94,44.33,37.990011845220586,-3.1415926536,-0.1644713113,-0.1216552506
46,413,16.48,282.04,43.65,35.20020454486025,-3.1345005739,-0.1773019919,-0.0761577311
47,413,16.48,251.35,50.28,38.74008260187374,-3.1415926536,-0.0,-0.1029563014
49,413,16.48,132.31,45.21,35.530744433518414,-3.1345005739,-0.0024796667,-0.5243090692
50,413,16.48,93.95,41.78,25.380332937138547,-3.1415926536,-0.245090187,-0.0721110255
20,414,16.52,245.71,34.36,23.76000210437701,0.0,0.0,0.0565685424949238
22,414,16.52,212.13,34.57,23.260008598450693,0.0,0.0,0.13
23,414,16.52,321.68,36.3,36.403858311997645,0.0,0.0,0.2193171219946131
24,414,16.52,185.58,36.90,23.5000553404,-0.0021702094,-0.0964103384,-1.5621449409
26,414,16.52,272.42,30.42,38.40003255206953,0.0,0.0,0.1360147050873544
29,414,16.52,135.73,30.74,35.000000000001,0,0.044483797978,-3.127780240324
30,414,16.52,141.92,27.20,38.625202264843,0.003236234657,0.000261832197,-3.124983635463
31,414,16.52,72.27,31.52,34.370036368907144,0.0,0.183820216667299,0.1421267040355189
32,414,16.52,20.47,28.87,36.78644995103496,0.0272041713972124,-0.1699081518802267,0.1118033988749895
33,414,16.52,11.63,34.74,25.40050393200891,0.0099006665879866,0.2475166646996651,0.058309518948453
41,414,16.52,173.68,53.27,23.660033812317344,-3.1415926536,-0.0,-0.0141421356
42,414,16.52,197.22,44.1,23.340053556065374,-3.1415926536,-0.2659474144,-0.1104536102
43,414,16.52,225.71,51.24,36.19797922536561,-3.1209059498,-0.0,-0.2441311123
44,414,16.52,114.49,43.96,23.460034100571978,-3.1415926536,-0.0,-0.07
45,414,16.52,156.42,44.34,37.99002105816737,3.1350138011,0.1644713113,-0.1216552506
46,414,16.52,280.63,43.65,35.20020454486025,-3.1415926536,0.1773019919,-0.0761577311
47,414,16.52,249.79,50.28,38.74008260187374,-3.1415926536,0.1612880848,-0.1029563014
49,414,16.52,130.88,45.2,35.55081011735175,-3.1345997606,-0.0,-0.5243090692
50,414,16.52,92.93,41.79,25.380332937138547,3.1317890461,0.245090187,-0.0721110255
20,415,16.56,246.67,34.36,23.770002103491706,0.0,0.0,0.0565685424949238
22,415,16.56,213.06,34.57,23.260008598450693,0.0,0.0,0.13
23,415,16.56,323.14,36.3,36.41385725242521,0.0,0.0,0.223606797749979
24,415,16.56,186.52,36.90,23.3751887533,-0.0040186949,0.0715124572,-1.5613497817
26,415,16.56,273.96,30.42,38.40004687497139,0.0,0.0,0.1421267040355189
29,415,16.56,137.13,30.74,34.874999999999,0,-0.044802675529,-1.5596998298
30,415,16.56,143.46,27.21,38.500202921542,0.003246741838,0.000131339771,-1.562491791267
31,415,16.56,73.64,31.52,34.3600363794918,0.0,0.0,0.15
32,415,16.56,21.94,28.91,36.78615228588063,0.0335444595616789,0.1585072041116607,0.116619037896906
33,415,16.56,12.64,34.75,25.40050393200891,0.0,-0.2475166646996651,0.05
41,415,16.56,172.73,53.27,23.660033812317344,-3.1415926536,-0.0,-0.0141421356
42,415,16.56,196.28,44.11,23.340053556065374,3.130954757,0.2659474144,-0.1104536102
43,415,16.56,224.26,51.21,36.19797922536561,-3.1209059498,-0.0035412437,-0.2523885893
44,415,16.56,113.55,43.96,23.470034086042567,-3.1415926536,-0.0,-0.07
45,415,16.56,154.9,44.34,38.00002105262575,-3.1415926536,-0.0,-0.1236931688
46,415,16.56,279.22,43.64,35.19020460298575,-3.1345005739,-0.1773019919,-0.0761577311
47,415,16.56,248.24,50.27,38.730082623201305,-3.1351411302,-0.1612880848,-0.1029563014
49,415,16.56,129.45,45.19,35.570950226273126,-3.1345997606,0.0012311026,-0.5382378656
50,415,16.56,91.92,41.79,25.39028357462752,-3.1415926536,-0.245090187,-0.0721110255
20,416,16.6,247.62,34.36,23.770002103491706,0.0,0.0,0.05
22,416,16.6,213.98,34.57,23.250008602148945,0.0,0.0,0.13
23,416,16.6,324.59,36.3,36.41371307625741,0.0,0.0,0.223606797749979
24,416,16.6,187.45,36.90,23.3751473578,0.0035507872,0.1059846469,1.563062287
26,416,16.6,275.49,30.42,38.40006380203032,0.0065358546459299,0.163396366148249,0.1421267040355189
29,416,16.6,138.52,30.74,34.875224013617,-0.003584214042,-0.044483797978,3.127780240324
30,416,16.6,145.00,27.21,38.500202921542,0.003246741838,-0.000261832197,3.124983635463
31,416,16.6,75.02,31.52,34.36005238645599,-0.0071941204902906,-0.179853012257266,0.1526433752247374
32,416,16.6,23.43,28.96,36.78615228588063,0.0270204491872642,-0.1631002593603678,0.130384048104053
33,416,16.6,13.66,34.75,25.40050393200891,0.0096150882997006,0.2403772074925152,0.0565685424949238
41,416,16.6,171.79,53.27,23.660033812317344,-3.1415926536,-0.0,-0.0223606798
42,416,16.6,195.34,44.11,23.350053533129216,-3.1415926536,-0.0,-0.1
43,416,16.6,222.8,51.18,36.18777279689923,-3.1210475996,0.0035412437,-0.2523885893
44,416,16.6,112.62,43.96,23.470034086042567,-3.1415926536,-0.0,-0.07
45,416,16.6,153.39,44.34,38.00003289472261,-3.1415926536,-0.0,-0.1236931688
46,416,16.6,277.81,43.64,35.19020460298575,-3.1415926536,0.1773019919,-0.0761577311
47,416,16.6,246.69,50.27,38.730082623201305,-3.1415926536,-0.0,-0.098488578
49,416,16.6,128.03,45.18,35.59102414935541,-3.1345505165,-0.0,-0.5464430437
50,416,16.6,90.9,41.8,25.39028357462752,3.1317890461,0.245090187,-0.0640312424
20,417,16.64,248.57,34.36,23.770002103491706,0.0,0.0,0.05
22,417,16.64,214.91,34.57,23.250002150537533,0.0,0.0,0.13
23,417,16.64,326.05,36.3,36.41357164574769,0.0,0.0,0.2282542442102665
24,417,16.64,188.39,36.90,23.5002337363,0.0044600768,-0.0596254744,-0.0016247937
26,417,16.64,277.02,30.43,38.41006378541957,0.0,-0.163396366148249,0.1421267040355189
29,417,16.64,139.92,30.73,35.125222419225,-0.003558703838,0.044802675529,1.559699829804
30,417,16.64,146.54,27.22,38.750201612379,0.003225795263,-0.04058427298,3.122463480734
31,417,16.64,76.41,31.51,34.350052401706755,0.0,0.179853012257266,0.1526433752247374
32,417,16.64,24.91,29.0,36.77615667793469,0.0335444595616789,0.1631002593603678,0.130384048104053
33,417,16.64,14.7,34.76,25.400442909524237,0.0,-0.2403772074925152,0.0565685424949238
41,417,16.64,170.84,53.27,23.660033812317344,-3.1415926536,-0.2631481758,-0.0223606798
42,417,16.64,194.41,44.11,23.350053533129216,-3.1415926536,-0.0,-0.1
43,417,16.64,221.35,51.15,36.17736585214573,-3.1209059498,0.0035904064,-0.2607680962
44,417,16.64,111.68,43.96,23.470034086042567,-3.1415926536,-0.0,-0.07
45,417,16.64,151.87,44.34,38.00004736839153,-3.1415926536,-0.0,-0.1264911064
46,417,16.64,276.4,43.63,35.19020460298575,-3.1345005739,-0.1773019919,-0.0761577311
47,417,16.64,245.14,50.27,38.730082623201305,-3.1415926536,-0.0,-0.0894427191
49,417,16.64,126.61,45.17,35.61118082849823,-3.1345505165,0.1785327221,-0.5547071299
50,417,16.64,89.89,41.8,25.39028357462752,-3.1415926536,-0.245090187,-0.0640312424
20,418,16.68,249.52,34.36,23.770002103491706,0.0,0.0,0.05
22,418,16.68,215.84,34.57,23.24000215146289,0.0,0.0,0.13
23,418,16.68,327.51,36.3,36.42343201841364,0.0,0.0,0.233238075793812
24,418,16.68,189.33,36.90,23.3750173743,-0.0012192507,-0.0915463168,-1.564223677
26,418,16.68,278.56,30.43,38.41008331154724,0.0,0.0,0.1421267040355189
29,418,16.68,141.33,30.73,35.000000000001,0,0.044483797978,-3.127780240329
30,418,16.68,148.10,27.22,38.750000000001,0,0,-0.000000000021
31,418,16.68,77.81,31.51,34.350052401706755,0.0,0.0,0.161245154965971
32,418,16.68,26.4,29.05,36.77615667793469,0.0275792123997401,-0.1491311790484691,0.1442220510185595
33,418,16.68,15.75,34.76,25.400442909524237,0.0099006665879936,0.2475166646998405,0.0565685424949238
41,418,16.68,169.89,53.28,23.660033812317344,3.1310667266,0.2631481758,-0.0223606798
42,418,16.68,193.47,44.11,23.360053510212683,-3.1415926536,-0.2631481758,-0.1
43,418,16.68,219.91,51.12,36.17716545004597,-3.1207623336,-0.0035904064,-0.2641968963
44,418,16.68,110.74,43.96,23.470034086042567,-3.1415926536,-0.2659474144,-0.0707106781
45,418,16.68,150.35,44.34,38.00006447362952,-3.1415926536,-0.1644713113,-0.1264911064
46,418,16.68,275.0,43.63,35.18017197229143,-3.1415926536,-0.0,-0.0806225775
47,418,16.68,243.59,50.27,38.7200826445399,-3.1415926536,0.1623353807,-0.0894427191
49,418,16.68,125.2,45.15,35.62126331280236,-3.1274092076,-0.1785327221,-0.568594759
50,418,16.68,88.87,41.81,25.39028357462752,3.1317890461,0.245090187,-0.0640312424
20,419,16.72,250.47,34.36,23.770002103491706,0.0,0.0,0.05
22,419,16.72,216.77,34.57,23.24000215146289,0.0,0.0,0.13
23,419,16.72,328.96,36.3,36.42329611663393,0.0,0.0,0.2385372088375312
24,419,16.72,190.26,36.90,23.3750958421,-0.0028636285,0.009685079,3.1248119876
26,419,16.72,280.09,30.43,38.420105413702345,0.0,0.0,0.1421267040355189
29,419,16.72,142.72,30.73,34.874999999999,0,0,-1.562500000022
30,419,16.72,149.64,27.22,38.750201612378,0.003225795263,0.040192787527,1.565012051366
31,419,16.72,79.18,31.51,34.34007134529572,0.0,0.0,0.1565247584249852
32,419,16.72,27.85,29.09,36.76616107237741,0.027390408474862,-0.0047200981219537,0.1581138830084189
33,419,16.72,16.76,34.77,25.3904430839637,0.0097084328341069,-0.0048058438471657,0.05
41,419,16.72,168.94,53.28,23.660033812317344,-3.1415926536,-0.0,-0.0223606798
42,419,16.72,192.52,44.12,23.360053510212683,3.1310667266,0.2631481758,-0.09
43,419,16.72,218.46,51.09,36.16696973759344,-3.1209059498,-0.0,-0.2729468813
44,419,16.72,109.8,43.97,23.480034071525537,3.130954757,0.2659474144,-0.0707106781
45,419,16.72,148.83,44.35,38.00006447362952,3.1350138011,0.1644713113,-0.13
46,419,16.72,273.59,43.63,35.18017197229143,-3.1415926536,0.1785683917,-0.0806225775
47,419,16.72,242.05,50.26,38.7200826445399,-3.1350992384,-0.1623353807,-0.0894427191
49,419,16.72,123.78,45.14,35.6414365591512,-3.1345505165,0.0012485642,-0.5768882041
50,419,16.72,87.85,41.81,25.39028357462752,-3.1415926536,-0.2475166647,-0.0640312424
20,420,16.76,251.42,34.36,23.77000841396569,0.0,0.0,0.05
22,420,16.76,217.7,34.57,23.23000215238905,0.0,0.0,0.13
23,420,16.76,330.41,36.3,36.43329521193492,0.0,0.0,0.2385372088375312
24,420,16.76,191.2,36.90,23.6250023333,-0.0004444444,0.0467576555,3.1239155359
26,420,16.76,281.63,30.43,38.420105413702345,0.0065788524530175,0.1644713113254397,0.1345362404707371
29,420,16.76,144.12,30.73,34.874999999999,0,0,0.000000000019
30,420,16.76,151.20,27.23,38.87520096411,0.003215423002,0,0.000000000026
31,420,16.76,80.56,31.51,34.34007134529572,-0.0072991404436983,-0.1824785110924579,0.1655294535724684
32,420,16.76,29.31,29.13,36.76616107237741,0.0349507965306532,0.1890097013947811,0.1581138830084189
33,420,16.76,17.79,34.78,25.3904430839637,0.0,-0.2427108208526747,0.058309518948453
41,420,16.76,167.99,53.28,23.660033812317344,-3.1415926536,-0.0,-0.0223606798
42,420,16.76,191.58,44.12,23.360053510212683,-3.1415926536,-0.0,-0.0905538514
43,420,16.76,217.01,51.06,36.16677480782603,-3.1209059498,0.0035904064,-0.2817800561
44,420,16.76,108.86,43.97,23.480034071525537,-3.1415926536,-0.0,-0.0707106781
45,420,16.76,147.3,44.35,38.00008421043301,-3.1415926536,-0.0,-0.13
46,420,16.76,272.19,43.62,35.18017197229143,-3.1344499179,-0.1785683917,-0.0806225775
47,420,16.76,240.5,50.26,38.7200826445399,-3.1415926536,-0.0,-0.0806225775
49,420,16.76,122.37,45.13,35.66152688823068,-3.1345005739,0.1747874037,-0.5768882041
50,420,16.76,86.84,41.82,25.39028357462752,3.131691987,0.2475166647,-0.0640312424
20,421,16.8,252.37,34.36,23.77000841396569,0.0,0.0,0.05
22,421,16.8,218.64,34.57,23.23,0.0,0.0,0.13
23,421,16.8,331.86,36.3,36.43316209169882,0.0,0.0,0.244131112314674
24,421,16.8,192.15,36.90,23.625009085,0.0008769839,0.0055555552,-0.0000291667
26,421,16.8,283.15,30.44,38.430130106467246,0.0,-0.1644713113254397,0.1345362404707371
29,421,16.8,145.51,30.73,34.875000000001,0,0,0.000000000024
30,421,16.8,152.75,27.23,38.75020161238,0.003225795263,0.000260145682,-3.124983740833
31,421,16.8,81.93,31.5,34.33007136607787,0.0,0.1824785110924579,0.1655294535724684
32,421,16.8,30.74,29.18,36.755870279453326,0.0270204491872642,-0.1982586835847261,0.1720465053408525
33,421,16.8,18.81,34.78,25.390385975798004,0.0099006665879865,0.2475166646996647,0.058309518948453
41,421,16.8,167.04,53.28,23.660033812317344,-3.1415926536,-0.0,-0.0282842712
42,421,16.8,190.64,44.12,23.37005348731577,-3.1415926536,-0.0,-0.0905538514
43,421,16.8,215.57,51.03,36.156584462584405,-3.1207623336,0.0036405999,-0.2773084925
44,421,16.8,107.91,43.97,23.480034071525537,-3.1415926536,-0.0,-0.0707106781
45,421,16.8,145.78,44.35,38.01010655075831,-3.1415926536,-0.1633963661,-0.1341640786
46,421,16.8,270.78,43.62,35.18017197229143,-3.1415926536,0.1798530123,-0.0894427191
47,421,16.8,238.95,50.26,38.71008266588952,-3.1415926536,0.1602542153,-0.0761577311
49,421,16.8,120.95,45.11,35.68171660668808,-3.1275090778,-0.1772670704,-0.5907622195
50,421,16.8,85.83,41.82,25.40023818785958,-3.1415926536,-0.2475166647,-0.0583095189
20,422,16.84,253.33,34.36,23.780008410427445,0.0,0.0,0.05
22,422,16.84,219.57,34.57,23.22,0.0,0.0,0.1208304597359457
23,422,16.84,333.32,36.3,36.44303088383292,0.0,0.0,0.2580697580112788
24,422,16.84,193.09,36.90,23.625,0,-0.0109622988,-0.0001135626
26,422,16.84,284.69,30.44,38.430130106467246,0.0,0.0,0.1345362404707371
29,422,16.84,146.91,30.73,34.875000000001,0,0,-1.562500000018
30,422,16.84,154.30,27.24,38.625202264843,0.003236234657,-0.040322440783,-3.127520154762
31,422,16.84,83.31,31.5,34.330093212806744,-0.0072991404436983,-0.1824785110924579,0.1708800749063506
32,422,16.84,32.22,29.22,36.755870279453326,0.0337709396049143,0.1687622604412535,0.1860107523773827
33,422,16.84,19.82,34.79,25.390385975798004,0.0,-0.2475166646996647,0.058309518948453
41,422,16.84,166.09,53.28,23.660052831724617,-3.1415926536,-0.0,-0.0282842712
42,422,16.84,189.7,44.12,23.37005348731577,-3.1415926536,-0.2659474144,-0.0806225775
43,422,16.84,214.14,51.0,36.15620831890424,-3.1206167096,-0.0072310064,-0.2863564213
44,422,16.84,106.97,43.97,23.490034057020864,-3.1415926536,-0.0,-0.0707106781
45,422,16.84,144.25,44.36,38.01010655075831,3.1350567989,0.1633963661,-0.1341640786
46,422,16.84,269.39,43.61,35.170172021188634,-3.1343985331,-0.1798530123,-0.0943398113
47,422,16.84,237.39,50.25,38.71008266588952,-3.135182485,-0.1602542153,-0.0761577311
49,422,16.84,119.52,45.1,35.701815079908755,-3.1345997606,0.0,-0.599082632
50,422,16.84,84.82,41.83,25.40023818785958,3.131691987,0.2475166647,-0.0583095189
20,423,16.88,254.28,34.36,23.780008410427445,0.0105259270317234,0.2631481757930862,0.05
22,423,16.88,220.5,34.57,23.22,0.0,0.0,0.1208304597359457
23,423,16.88,334.76,36.3,36.44290328719708,0.0,0.0,0.2640075756488817
24,423,16.88,194.04,36.90,23.625,0,-0.0668442826,-3.1208222224
26,423,16.88,286.23,30.44,38.4301574287694,0.0064934152282242,0.1623353807056074,0.1345362404707371
29,423,16.88,148.30,30.73,34.749999999999,0,0,1.562499999975
30,423,16.88,155.84,27.24,38.499999999999,0,0.000131339771,-1.562491791267
31,423,16.88,84.68,31.49,34.32009323996658,0.0,0.1824785110924579,0.1708800749063506
32,423,16.88,33.7,29.27,36.74587459838179,0.0272041713972125,-0.1641692051925448,0.2
33,423,16.88,20.84,34.79,25.390385975798004,0.009803607479294,0.2450901869823507,0.053851648071345
41,423,16.88,165.15,53.28,23.660052831724617,-3.1415926536,-0.0,-0.0360555128
42,423,16.88,188.76,44.13,23.3700342318962,3.130954757,0.2659474144,-0.0806225775
43,423,16.88,212.69,50.97,36.14602606096554,-3.1209059498,0.0035904064,-0.2954657341
44,423,16.88,106.04,43.97,23.490034057020864,-3.1415926536,-0.0,-0.0707106781
45,423,16.88,142.74,44.36,38.01013154410281,-3.1415926536,-0.1644713113,-0.1389244399
46,423,16.88,267.99,43.61,35.17014216633194,-3.1415926536,0.1760534277,-0.0943398113
47,423,16.88,235.84,50.25,38.71008266588952,-3.1415926536,-0.0,-0.0670820393
49,423,16.88,118.09,45.09,35.7220212194103,-3.1345997606,0.174805229,-0.6074537019
50,423,16.88,83.8,41.83,25.40023818785958,-3.1415926536,-0.245090187,-0.0670820393
20,424,16.92,255.23,34.37,23.780008410427445,0.0,-0.2631481757930862,0.0447213595499957
22,424,16.92,221.42,34.57,23.21,0.0,0.0,0.1252996408614166
23,424,16.92,336.21,36.3,36.45277767194155,0.0,0.0,0.2701851217221259
24,424,16.92,194.98,36.90,23.3753342222,-0.0053475426,-0.0664887346,-1.5583444443
26,424,16.92,287.77,30.45,38.4401873044344,0.0,-0.1623353807056074,0.1280624847486569
29,424,16.92,149.69,30.73,34.999999999999,0,0,3.125000000021
30,424,16.92,157.38,27.24,38.500202921542,0.003246741838,0.04058427298,0.002536519315
31,424,16.92,86.06,31.49,34.31009326714225,-0.0073528086666893,-0.1838202166672337,0.1802775637731994
32,424,16.92,35.17,29.31,36.74558204736999,0.0270204491872666,-0.0045930552486471,0.2080865204668481
33,424,16.92,21.86,34.8,25.390385975798004,0.0,-0.2450901869823507,0.0632455532033675
41,424,16.92,164.21,53.28,23.660052831724617,-3.1415926536,-0.0,-0.0360555128
42,424,16.92,187.82,44.13,23.38003421725469,-3.1415926536,-0.0,-0.0824621125
43,424,16.92,211.25,50.94,36.145666406915225,-3.1207623336,-0.1735581026,-0.2915475947
44,424,16.92,105.11,43.97,23.490034057020864,-3.1415926536,-0.0,-0.0707106781
45,424,16.92,141.22,44.37,38.02015912644239,3.1350138011,0.1644713113,-0.1389244399
46,424,16.92,266.57,43.6,35.17014216633194,-3.1345505165,-0.1760534277,-0.0943398113
47,424,16.92,234.3,50.25,38.71008266588952,-3.1415926536,0.1623353807,-0.0670820393
49,424,16.92,116.66,45.07,35.74212780459496,-3.1276075514,0.0,-0.6074537019
50,424,16.92,82.78,41.84,25.40023818785958,3.1317890461,0.245090187,-0.0632455532
20,425,16.96,256.18,34.37,23.78001892345757,0.0,0.0,0.0447213595499957
22,425,16.96,222.35,34.57,23.21000215424376,0.0,0.0,0.1252996408614166
23,425,16.96,337.66,36.3,36.4626548676862,0.0,0.0,0.2701851217221259
24,425,16.96,195.91,36.89,23.5003324445,-0.0053190988,0.0668442826,3.1208222224
26,425,16.96,289.3,30.45,38.4401873044344,0.0064934152282266,0.162335380705665,0.1280624847486569
29,425,16.96,151.10,30.73,35.000000000001,0,0.038703473439,-3.12291782885
30,425,16.96,158.92,27.25,38.500202921544,0.003246741838,0.010904108961,1.56405938731
31,425,16.96,87.42,31.48,34.31009326714225,0.0,0.1838202166672337,0.1772004514666935
32,425,16.96,36.65,29.35,36.73558628904675,0.0340004974724191,0.174501207128812,0.2220360331117451
33,425,16.96,22.86,34.8,25.39033280601103,0.0099006665879936,0.2475166646998405,0.0632455532033675
41,425,16.96,163.27,53.28,23.660052831724617,-3.1415926536,-0.2659474144,-0.0360555128
42,425,16.96,186.88,44.13,23.38003421725469,-3.1415926536,-0.0,-0.0728010989
43,425,16.96,209.81,50.92,36.13549224792711,-3.1277046577,0.1735581026,-0.3008321791
44,425,16.96,104.17,43.97,23.490034057020864,-3.1415926536,-0.0,-0.0608276253
45,425,16.96,139.71,44.37,38.02015912644239,-3.1415926536,-0.1633963661,-0.144222051
46,425,16.96,265.15,43.6,35.16014220676588,-3.1415926536,-0.0,-0.1029563014
47,425,16.96,232.76,50.24,38.7001046510213,-3.1350992384,-0.1623353807,-0.0583095189
49,425,16.96,115.23,45.05,35.762350314262065,-3.1276075514,-0.174805229,-0.6158733636
50,425,16.96,81.75,41.84,25.40023818785958,-3.1415926536,-0.245090187,-0.0632455532
20,426,17.0,257.13,34.37,23.78001892345757,0.0,0.0,0.0447213595499957
22,426,17.0,223.27,34.57,23.200002155172317,0.0,0.0,0.116619037896906
23,426,17.0,339.11,36.3,36.4626548676862,0.0,0.0,0.2765863337187866
24,426,17.0,196.86,36.89,23.625,0,0.0664887346,-0.0041555557
26,426,17.0,290.84,30.46,38.45021976530173,0.0,-0.162335380705665,0.1280624847486569
29,426,17,152.49,30.73,34.750166573691,0.003096277875,0.15271470367,-3.092580708607
30,426,17,160.46,27.25,38.625327672527,0.004119070555,0.161263132974,4.748324758235
31,426,17.0,88.79,31.48,34.30009329433376,0.0,0.0,0.186815416922694
32,426,17.0,38.12,29.4,36.72530054335839,0.0270204491872665,-0.1745012071288153,0.2360084744241189
33,426,17.0,23.87,34.81,25.39033280601103,0.0,-0.2475166646998405,0.0632455532033675
41,426,17.0,162.33,53.29,23.660052831724617,3.130954757,0.2659474144,-0.0360555128
42,426,17.0,185.95,44.13,23.38003421725469,-3.1415926536,-0.0,-0.0728010989
43,426,17.0,208.37,50.89,36.13514909336892,-3.1207623336,-0.1735581026,-0.2973213749
44,426,17.0,103.23,43.97,23.500034042528537,-3.1415926536,-0.0,-0.0632455532
45,426,17.0,138.18,44.38,38.02018937354206,3.1350567989,0.1633963661,-0.144222051
46,426,17.0,263.72,43.6,35.16014220676588,-3.1415926536,0.1760534277,-0.1029563014
47,426,17.0,231.22,50.24,38.7001046510213,-3.1415926536,-0.0,-0.0583095189
49,426,17.0,113.8,45.04,35.792464290685544,-3.1345997606,0.1723775731,-0.6158733636
50,426,17.0,80.73,41.85,25.40019684963091,3.1317890461,0.245090187,-0.0632455532
20,427,17.04,258.09,34.37,23.78001892345757,0.0,0.0,0.0447213595499957
22,427,17.04,224.2,34.57,23.200002155172317,0.0,0.0,0.116619037896906
23,427,17.04,340.58,36.3,36.472534872147286,0.0,0.0,0.2831960451701259
24,427,17.04,197.8,36.89,23.5,0,0,-1.5625
26,427,17.04,292.38,30.46,38.450254875618185,0.0064101686103103,0.1602542152577577,0.1280624847486569
29,427,17.04,153.88,30.74,34.752593543312,0.012217176294,0.260377792315,1.685229797282
30,427,17.04,162.01,27.26,38.880068902203,0.016147792476,0.345195119332,3.36569819235
31,427,17.04,90.16,31.48,34.290093321541136,-0.0072991404436983,-0.1824785110924579,0.1843908891458577
32,427,17.04,39.6,29.44,36.72530054335839,0.0272041713972125,0.0045930552486504,0.25
33,427,17.04,24.88,34.81,25.39033280601103,0.0099996666866632,0.2499916671665812,0.0608276253029822
41,427,17.04,161.38,53.29,23.67007604550522,-3.1415926536,-0.0,-0.0424264069
42,427,17.04,185.01,44.13,23.390034202625703,-3.1415926536,-0.0,-0.0728010989
43,427,17.04,206.93,50.87,36.134981665970166,-3.1277046577,0.1735581026,-0.306757233
44,427,17.04,102.29,43.97,23.500034042528537,-3.1415926536,-0.0,-0.0632455532
45,427,17.04,136.66,44.38,38.03022219235644,-3.1415926536,-0.1655604936,-0.15
46,427,17.04,262.3,43.59,35.160115187524625,-3.1345505165,-0.1760534277,-0.1118033989
47,427,17.04,229.68,50.24,38.7001046510213,-3.1415926536,0.1612880848,-0.05
49,427,17.04,112.36,45.02,35.81270305352558,-3.1277046577,0.0048894973,-0.6296824597
50,427,17.04,79.71,41.85,25.40019684963091,-3.1415926536,-0.0,-0.0707106781
20,428,17.08,259.05,34.37,23.78001892345757,0.0,0.0,0.0447213595499957
22,428,17.08,225.13,34.57,23.200002155172317,0.0,0.0,0.116619037896906
23,428,17.08,342.04,36.3,36.48241768304288,0.0,0.0,0.29
24,428,17.08,198.74,36.89,23.5,0,0,0
26,428,17.08,293.94,30.47,38.450254875618185,0.006535854645932,0.0031421508905432,0.122065556157337
29,428,17.08,155.27,30.76,34.884984957474,0.02392650126,0.288532145617,0.238352597707
30,428,17.08,163.57,27.30,38.894583527915,0.031734680102,0.383080120393,-1.095059671454
31,428,17.08,91.53,31.47,34.28009334876438,0.0,0.1824785110924579,0.1843908891458577
32,428,17.08,41.07,29.48,36.71501736347131,0.0272041713972125,0.0,0.2662705391138869
33,428,17.08,25.88,34.82,25.39033280601103,0.0,-0.2499916671665812,0.0608276253029822
34,428,17.08,3.05,27.19,38.65041914391097,0.0,,0.0
35,428,17.08,3.89,30.54,30.27053517861883,0.0090087652904183,,0.1902629759044045
41,428,17.08,160.44,53.29,23.67007604550522,-3.1415926536,-0.0,-0.0424264069
42,428,17.08,184.06,44.13,23.39001923898311,-3.1415926536,-0.2688068448,-0.0632455532
43,428,17.08,205.49,50.84,36.124656399750016,-3.1207623336,-0.17595228,-0.303644529
44,428,17.08,101.35,43.97,23.500034042528537,-3.1415926536,-0.2631481758,-0.0632455532
45,428,17.08,135.15,44.39,38.03022219235644,3.1349702338,0.1655604936,-0.142126704
46,428,17.08,260.87,43.59,35.15011522029479,-3.1415926536,-0.0,-0.1166190379
47,428,17.08,228.13,50.23,38.7001046510213,-3.1351411302,-0.1612880848,-0.05
49,428,17.08,110.94,45.0,35.83282573283888,-3.1275090778,-0.0024618414,-0.6296824597
50,428,17.08,78.68,41.85,25.40019684963091,-3.1415926536,-0.2475166647,-0.0707106781
51,428,17.08,115.36,41.83,38.00180127309757,-3.1415926536,,-0.651459899
52,428,17.08,91.59,37.56,29.980001667778478,-3.1415926536,,-0.1802775638
20,429,17.12,260.01,34.37,23.780033641691933,0.0,0.0,0.0447213595499957
22,429,17.12,226.06,34.57,23.19000862440547,0.0,0.0,0.1081665382639196
23,429,17.12,343.5,36.3,36.49230329809288,0.0,0.0,0.2969848480983499
24,429,17.12,199.68,36.89,23.5,0,0,-1.5625
26,429,17.12,295.47,30.48,38.46029251058811,0.0,-0.1633963661483009,0.122065556157337
29,429,17.12,156.67,30.81,34.771661751129,0.035299747943,0.27895689358,-2.786631842495
30,429,17.12,165.12,27.36,38.792464128487,0.046794202108,0.369120709667,-2.462300279863
31,429,17.12,92.9,31.47,34.28011814448719,-0.0072462499798957,-0.1811562494973933,0.194164878389476
32,429,17.12,42.54,29.52,36.70502145483639,0.0337709396049143,0.1641692051925448,0.2801785145224379
33,429,17.12,26.87,34.82,25.39028357462752,0.0099006665879866,0.2475166646996655,0.0707106781186547
34,429,17.12,4.46,27.19,38.65041914391097,0.006896442388347,0.1724110597086772,0.01
35,429,17.12,5.0,30.55,30.26047752432205,0.008771704844441,-0.0059265111494315,0.191049731745428
41,429,17.12,159.49,53.29,23.67007604550522,-3.1415926536,-0.0,-0.0424264069
42,429,17.12,183.13,44.14,23.39001923898311,3.1308403798,0.2688068448,-0.0632455532
43,429,17.12,204.04,50.82,36.12449722833524,-3.1278004248,0.0023941774,-0.3132091953
44,429,17.12,100.4,43.98,23.500034042528537,3.1310667266,0.2631481758,-0.0632455532
45,429,17.12,133.63,44.39,38.03025769042329,-3.1415926536,-0.1644713113,-0.142126704
46,429,17.12,259.46,43.59,35.15011522029479,-3.1415926536,0.1785683917,-0.1252996409
47,429,17.12,226.58,50.23,38.7001046510213,-3.1415926536,0.1602542153,-0.0424264069
49,429,17.12,109.51,44.98,35.85308076023593,-3.1276075514,-0.1735741264,-0.6381222453
50,429,17.12,77.67,41.86,25.40019684963091,3.131691987,0.2475166647,-0.0707106781
51,429,17.12,113.84,41.82,38.03170387978955,-3.1350138011,0.1623074624,-0.651459899
52,429,17.12,90.39,37.56,29.99000166722236,-3.1415926536,-0.0,-0.1702938637
20,430,17.16,260.96,34.37,23.780033641691933,0.0,0.0,0.0447213595499957
22,430,17.16,226.98,34.57,23.19000862440547,0.0,0.0,0.1081665382639196
23,430,17.16,344.95,36.3,36.49219231561733,0.0,0.0,0.2969848480983499
24,430,17.16,200.62,36.89,23.375,0,-0.0664887346,0.0041555557
26,430,17.16,297.01,30.48,38.46033281187255,0.0065358546459297,0.1633963661482429,0.122065556157337
29,430,17.16,158.05,30.86,34.662054410074,0.046243052747,0.26052102179,1.979638510086
30,430,17.16,166.67,27.45,38.697599505526,0.061264336875,0.351246973013,-0.736056668928
31,430,17.16,94.28,31.46,34.27011817896169,0.0,0.1811562494973933,0.194164878389476
32,430,17.16,44.02,29.57,36.69474076758139,0.0268391912592149,-0.1732937086424859,0.2941088233970548
33,430,17.16,27.88,34.83,25.39028357462752,0.0,-0.2475166646996655,0.0707106781186547
34,430,17.16,5.91,27.2,38.65041914391097,0.0067113086313236,-0.0046283439255858,0.01
35,430,17.16,6.14,30.56,30.25047768217884,0.0,-0.2192926211110265,0.191049731745428
41,430,17.16,158.54,53.29,23.67007604550522,-3.1415926536,-0.2631481758,-0.0424264069
42,430,17.16,182.19,44.14,23.39001923898311,-3.1415926536,-0.0,-0.0632455532
43,430,17.16,202.6,50.8,36.1241871880877,-3.1277046577,-0.0023941774,-0.3104834939
44,430,17.16,99.46,43.98,23.510034028048537,-3.1415926536,-0.0,-0.0538516481
45,430,17.16,132.11,44.4,38.04025762268179,3.1350138011,0.1644713113,-0.1486606875
46,430,17.16,258.06,43.58,35.14011525308362,-3.1344499179,-0.1785683917,-0.1252996409
47,430,17.16,225.02,50.22,38.7001046510213,-3.135182485,-0.1602542153,-0.0424264069
49,430,17.16,108.09,44.97,35.87321145367389,-3.1345505165,0.1760359679,-0.6381222453
50,430,17.16,76.67,41.86,25.40015944831843,-3.1415926536,-0.245090187,-0.0707106781
51,430,17.16,112.31,41.8,38.05160968999866,-3.1285215026,-0.1623074624,-0.6389053138
52,430,17.16,89.19,37.56,29.99000666888889,-3.1415926536,-0.0,-0.1711724277
20,431,17.2,261.9,34.37,23.780033641691933,0.0105259270317302,0.2631481757932574,0.0412310562561766
22,431,17.2,227.9,34.57,23.19000862440547,0.0,0.0,0.1
23,431,17.2,346.41,36.3,36.50208350217834,0.0,0.0,0.3041381265149109
24,431,17.2,201.55,36.89,23.5003324445,-0.0053190988,-0.066136949,3.1291335689
26,431,17.2,298.54,30.49,38.47033272536124,0.0064934152282266,-0.0010609854425778,0.116619037896906
29,431,17.2,159.44,30.93,34.930032831936,0.056141429686,0.245223906495,3.609007508425
30,431,17.2,168.21,27.55,38.733579594972,0.074893959949,0.328584503136,2.517368113401
31,431,17.2,95.65,31.46,34.260118213456295,0.0,0.0,0.1923538406167134
32,431,17.2,45.51,29.61,36.684462651100674,0.0270204491872641,0.0045314482012307,0.3162277660168379
33,431,17.2,28.89,34.83,25.39028357462752,0.0,0.0,0.07
34,431,17.2,7.4,27.21,38.65041914391097,0.0065788524530151,-0.0033114044577119,0.01
35,431,17.2,7.32,30.56,30.25047768217884,0.0083331404401372,0.2083285110034306,0.1824828759089465
41,431,17.2,157.59,53.3,23.670103506322064,3.1310667266,0.2631481758,-0.0424264069
42,431,17.2,181.26,44.14,23.39001923898311,-3.1415926536,-0.0,-0.0670820393
43,431,17.2,201.15,50.78,36.11403743698563,-3.1278004248,0.17595228,-0.3104834939
44,431,17.2,98.51,43.98,23.510034028048537,-3.1415926536,-0.0,-0.0538516481
45,431,17.2,130.58,44.4,38.04029574017531,-3.1415926536,-0.1644713113,-0.1486606875
46,431,17.2,256.65,43.58,35.14009106419618,-3.1415926536,-0.0,-0.1341640786
47,431,17.2,223.48,50.22,38.690104678069815,-3.1415926536,-0.0,-0.0360555128
49,431,17.2,106.67,44.95,35.89348269533064,-3.1275090778,0.1686686053,-0.6466065264
50,431,17.2,75.65,41.87,25.40015944831843,3.1317890461,0.245090187,-0.08
51,431,17.2,110.79,41.79,38.0815178268934,-3.1350138011,-0.0010749452,-0.6389053138
52,431,17.2,87.99,37.56,30.000006666665925,-3.1415926536,-0.0,-0.161245155
20,432,17.24,262.85,34.38,23.780033641691933,0.0,-0.2631481757932574,0.0412310562561766
22,432,17.24,228.82,34.57,23.18000862812609,0.0108691371772678,0.2717284294316957,0.1
23,432,17.24,347.88,36.3,36.51197748684669,0.0,0.0,0.3114482300479487
24,432,17.24,202.5,36.88,23.6253306855,-0.0052909559,0.0664887346,-0.0041555557
26,432,17.24,300.08,30.5,38.47037561553045,0.0,-0.162335380705665,0.116619037896906
29,432,17.24,160.84,31.02,34.950775010748,0.065860965266,0.233275614322,2.101478759969
30,432,17.24,169.76,27.68,38.898988954598,0.087551097126,0.310833438599,2.625585187572
31,432,17.24,97.04,31.46,34.250093430529496,-0.0072991404436983,-0.1824785110924598,0.2022374841615668
32,432,17.24,46.99,29.65,36.67418710755563,0.0266603483745997,-0.0090025203166097,0.324499614791759
33,432,17.24,29.92,34.83,25.39023828167038,0.0097084328341138,0.2427108208528472,0.07
34,432,17.24,8.92,27.22,38.65041914391097,0.0,-0.1644713113253794,0.02
35,432,17.24,8.52,30.57,30.240477840140027,0.0083331404401342,-7.433290094560618e-14,0.1843908891458577
41,432,17.24,156.64,53.3,23.670103506322064,-3.1415926536,-0.0,-0.0424264069
42,432,17.24,180.32,44.14,23.400019230761327,-3.1415926536,-0.0,-0.0583095189
43,432,17.24,199.71,50.75,36.11374392111679,-3.1207623336,-0.1735581026,-0.308058436
44,432,17.24,97.56,43.98,23.510053168804195,-3.1415926536,-0.0,-0.0538516481
45,432,17.24,129.06,44.41,38.05033639798734,3.1350138011,0.1644713113,-0.1414213562
46,432,17.24,255.24,43.58,35.13009109011817,-3.1415926536,0.1760534277,-0.1341640786
47,432,17.24,221.92,50.22,38.690104678069815,-3.1415926536,0.1623353807,-0.0316227766
49,432,17.24,105.23,44.92,35.9236203632095,-3.1207623336,-0.1711304468,-0.6466065264
50,432,17.24,74.63,41.87,25.40015944831843,-3.1415926536,-0.0,-0.08
51,432,17.24,109.26,41.78,38.10142910705581,-3.1350567989,0.0010749452,-0.6264183905
52,432,17.24,86.78,37.56,30.010006664444447,-3.1415926536,-0.0,-0.1513274595
20,433,17.28,263.79,34.38,23.780033641691933,0.0,0.0,0.0412310562561766
22,433,17.28,229.74,34.58,23.180019413279187,0.0,-0.2717284294316957,0.1
23,433,17.28,349.33,36.3,36.52197694539549,0.0,0.0,0.3189043743820394
24,433,17.28,203.44,36.88,23.5,0,0.066136949,-1.5666335689
26,433,17.28,301.6,30.5,38.47037561553045,0.0064934152282266,0.162335380705665,0.1118033988749895
29,433,17.28,162.23,31.12,35.098151132733,0.074803478832,0.220149188476,2.143939860274
30,433,17.28,171.31,27.82,38.943626409978,0.099760635037,0.296647012979,1.152411825729
31,433,17.28,98.41,31.45,34.250093430529496,0.0,0.1824785110924598,0.2022374841615668
32,433,17.28,48.49,29.69,36.664190977028255,0.0268391912592149,0.004471072115379,0.3466987164671943
33,433,17.28,30.95,34.84,25.39023828167038,0.0,-0.2427108208528472,0.07
34,433,17.28,10.45,27.22,38.65041914391097,0.0064515233929696,0.161288084824241,0.0223606797749978
35,433,17.28,9.72,30.58,30.230423417477965,0.0,-0.2083285110033563,0.1772004514666935
41,433,17.28,155.7,53.3,23.670103506322064,-3.1415926536,-0.2659474144,-0.0424264069
42,433,17.28,179.38,44.14,23.400008547006987,-3.1415926536,-0.0,-0.0583095189
43,433,17.28,198.27,50.73,36.113461479066224,-3.1277046577,-0.0023941774,-0.3178049716
44,433,17.28,96.62,43.98,23.510053168804195,-3.1415926536,-0.0,-0.0447213595
45,433,17.28,127.53,44.41,38.05033639798734,-3.1415926536,-0.1644713113,-0.1414213562
46,433,17.28,253.82,43.57,35.13009109011817,-3.1345505165,-0.1760534277,-0.1431782106
47,433,17.28,220.38,50.21,38.690104678069815,-3.1350992384,-0.1623353807,-0.0412310563
49,433,17.28,103.8,44.9,35.94390768962106,-3.1276075514,-0.0024276558,-0.6466065264
50,433,17.28,73.62,41.87,25.400125983939528,-3.1415926536,-0.2475166647,-0.08
51,433,17.28,107.74,41.77,38.13134275107553,-3.1350138011,0.1644570755,-0.6168468205
52,433,17.28,85.57,37.56,30.010006664444447,-3.1415926536,-0.0,-0.1513274595
20,434,17.32,264.74,34.38,23.78005256512273,0.0,0.0,0.0412310562561766
22,434,17.32,230.67,34.58,23.180019413279187,0.0,0.0,0.0921954445729288
23,434,17.32,350.79,36.3,36.53187375429845,0.0,0.0,0.3189043743820394
24,434,17.32,204.38,36.88,23.5,0,0,1.5625
26,434,17.32,303.14,30.51,38.48042099561801,0.0065358546459297,0.0010609854425778,0.1118033988749895
29,434,17.32,163.64,31.23,35.12229019957,0.083472900344,0.218593642055,-2.495379666078
30,434,17.32,172.86,27.99,38.991181900656,0.111282858164,0.274627321358,2.764941100898
31,434,17.32,99.78,31.45,34.24009345781638,0.0,0.0,0.2022374841615668
32,434,17.32,49.98,29.73,36.65391793519487,0.0335444595616788,0.1676317075615982,0.3605551275463989
33,434,17.32,31.98,34.84,25.39023828167038,0.0097084328341069,0.2427108208526747,0.08
34,434,17.32,12.0,27.23,38.65041914391097,0.0064101686103103,-0.0010338695664831,0.0223606797749978
35,434,17.32,10.93,30.58,30.230423417477965,0.0083331404401372,0.2083285110034303,0.1772004514666935
41,434,17.32,154.76,53.31,23.670103506322064,3.130954757,0.2659474144,-0.0424264069
42,434,17.32,178.45,44.14,23.400008547006987,-3.1415926536,-0.0,-0.0583095189
43,434,17.32,196.82,50.71,36.103325331609,-3.1278004248,-0.1711974005,-0.3157530681
44,434,17.32,95.68,43.98,23.510053168804195,-3.1415926536,-0.0,-0.0447213595
45,434,17.32,126.01,44.42,38.05037976157399,3.1350138011,0.0010749452,-0.1486606875
46,434,17.32,252.4,43.57,35.12009111605492,-3.1415926536,-0.0,-0.1476482306
47,434,17.32,218.84,50.21,38.690104678069815,-3.1415926536,0.1623353807,-0.04
49,434,17.32,102.36,44.88,35.96420581633912,-3.1277046577,0.0024276558,-0.6466065264
50,434,17.32,72.61,41.88,25.400125983939528,3.131691987,0.2475166647,-0.08
51,434,17.32,106.22,41.75,38.15134204716788,-3.1284355181,-0.1644570755,-0.6168468205
52,434,17.32,84.37,37.56,30.02001499000292,-3.1415926536,-0.0,-0.1414213562
20,435,17.36,265.69,34.38,23.78005256512273,0.0,0.0,0.0412310562561766
22,435,17.36,231.6,34.58,23.17001942165781,0.0,0.0,0.0921954445729288
23,435,17.36,352.26,36.3,36.5417733559826,0.0,0.0,0.3330165161069342
24,435,17.36,205.32,36.88,23.625,0,0,1.5625
26,435,17.36,304.67,30.52,38.48042099561801,0.0065358546459322,6.411971648079273e-14,0.1077032961426901
29,435,17.36,165.03,31.35,34.898520759447,0.092290970196,0.206610877218,-2.472588511866
30,435,17.36,174.41,28.17,39.16482169805,0.121730820745,0.257127500884,2.80260994977
31,435,17.36,101.15,31.45,34.2300934851192,-0.0072991404436958,-0.182478511092395,0.2109502310972898
32,435,17.36,51.47,29.78,36.64364747128757,0.0272041713972125,-0.1585072041116571,0.3744329045369811
33,435,17.36,33.01,34.85,25.39023828167038,0.0,-0.2427108208526747,0.08
34,435,17.36,13.56,27.24,38.65041914391097,0.0,-0.1602542152577579,0.0223606797749978
35,435,17.36,12.13,30.59,30.220372267726948,0.0082642746596524,-0.0017216445121189,0.1708800749063506
41,435,17.36,153.81,53.31,23.68013513474955,-3.1415926536,-0.0,-0.05
42,435,17.36,177.51,44.14,23.400008547006987,-3.1415926536,-0.0,-0.0583095189
43,435,17.36,195.38,50.7,36.10305942714551,-3.1346483208,0.1735915779,-0.3157530681
44,435,17.36,94.73,43.98,23.510053168804195,-3.1415926536,-0.2659474144,-0.0447213595
45,435,17.36,124.48,44.43,38.06042564134038,3.1350567989,0.1633963661,-0.142126704
46,435,17.36,250.97,43.57,35.12006976075076,-3.1415926536,-0.0,-0.1476482306
47,435,17.36,217.3,50.2,38.690104678069815,-3.1350992384,-0.1623353807,-0.0412310563
49,435,17.36,100.93,44.86,35.9843577127618,-3.1276075514,-0.0,-0.6551335742
50,435,17.36,71.59,41.88,25.400096456509765,-3.1415926536,-0.0,-0.09
51,435,17.36,104.7,41.74,38.171258821264985,-3.1350138011,-0.0,-0.6044005295
52,435,17.36,83.17,37.56,30.02001499000292,-3.1415926536,-0.2100790887,-0.1315294644
20,436,17.4,266.65,34.38,23.790052543027304,0.0104162899309671,0.2604072482741799,0.0412310562561766
22,436,17.4,232.53,34.58,23.170034527380405,0.0,0.0,0.0921954445729288
23,436,17.4,353.72,36.3,36.551675748178766,0.0,0.0,0.340587727318528
24,436,17.4,206.27,36.88,23.625,0,-0.0664887346,-1.5583444443
26,436,17.4,306.2,30.53,38.490420886241296,0.006578852453015,0.0010749451770681,0.1044030650891055
29,436,17.4,166.42,31.49,34.924483118621,0.100001770522,0.18641702888,0.65158527049
30,436,17.4,175.97,28.37,39.215390696638,0.131853058235,0.250208205878,-0.278082063544
31,436,17.4,102.52,31.44,34.22009351243798,0.0,0.182478511092395,0.2109502310972898
32,436,17.4,52.94,29.82,36.623383240765726,0.0272041713972125,0.0,0.3911521443121589
33,436,17.4,34.04,34.85,25.390196927160687,0.0098036074792939,0.2450901869823498,0.08
34,436,17.4,15.11,27.24,38.65041914391097,0.0064515233929696,0.161288084824241,0.0223606797749978
35,436,17.4,13.34,30.6,30.210372390952088,0.0,-0.2066068664913114,0.1708800749063506
41,436,17.4,152.86,53.31,23.68013513474955,-3.1415926536,-0.2631481758,-0.05
42,436,17.4,176.57,44.14,23.400008547006987,-3.1415926536,-0.0,-0.0583095189
43,436,17.4,193.94,50.68,36.102804600196926,-3.1277046577,-0.0023941774,-0.3140063694
44,436,17.4,93.79,43.99,23.52005314619846,3.130954757,0.2659474144,-0.0447213595
45,436,17.4,122.96,44.43,38.06042564134038,-3.1415926536,-0.1644713113,-0.142126704
46,436,17.4,249.56,43.57,35.11006978061992,-3.1415926536,0.1773019919,-0.1565247584
47,436,17.4,215.75,50.2,38.690104678069815,-3.1415926536,0.1612880848,-0.0412310563
49,436,17.4,99.5,44.84,36.0146706218452,-3.1276075514,0.1675400404,-0.6551335742
50,436,17.4,70.58,41.88,25.400096456509765,-3.1415926536,-0.2475166647,-0.0905538514
51,436,17.4,103.18,41.73,38.20117799230804,-3.1350138011,-0.0010749452,-0.5948108943
52,436,17.4,81.98,37.57,30.03001498501125,3.13318949,0.2100790887,-0.1315294644
20,437,17.44,267.61,34.39,23.790052543027304,0.0,-0.2604072482741799,0.0412310562561766
22,437,17.44,233.46,34.58,23.170034527380405,0.0,0.0,0.0848528137423857
23,437,17.44,355.17,36.3,36.5615809286196,0.0,0.0,0.3482814953453599
24,437,17.44,207.21,36.88,23.5003324445,-0.0053190988,-0.0664887346,-1.5583444443
26,437,17.44,307.72,30.54,38.49046895011803,0.0065788524530175,6.457508139323664e-14,0.1044030650891055
29,437,17.44,167.81,31.63,34.950647581086,0.107204332507,0.168670595312,2.20431101193
30,437,17.44,177.52,28.58,39.142575132966,0.141747477216,0.227691326377,1.268716706212
31,437,17.44,103.89,31.44,34.210093539772735,0.0,0.0,0.2109502310972898
32,437,17.44,54.41,29.86,36.613117867780666,0.0275792123997401,0.0093760250631899,0.4049691346263318
33,437,17.44,35.06,34.86,25.390196927160687,0.0,-0.2450901869823498,0.08
34,437,17.44,16.66,27.25,38.65041914391097,0.0064515233929696,0.0,0.0223606797749978
35,437,17.44,14.55,30.6,30.210324394153734,0.0082642746596495,0.206606866491238,0.1746424919657298
41,437,17.44,151.91,53.32,23.68013513474955,3.1310667266,0.2631481758,-0.0447213595
42,437,17.44,175.64,44.14,23.410002135839285,-3.1415926536,-0.0,-0.0583095189
43,437,17.44,192.49,50.66,36.10268134086442,-3.1278004248,0.0048218332,-0.3140063694
44,437,17.44,92.85,43.99,23.52005314619846,-3.1415926536,-0.0,-0.0424264069
45,437,17.44,121.44,44.44,38.07047412365651,3.1350138011,0.0010749452,-0.142126704
46,437,17.44,248.15,43.56,35.11006978061992,-3.1345005739,-0.1773019919,-0.1565247584
47,437,17.44,214.2,50.19,38.700082687250166,-3.1351411302,-0.1612880848,-0.0447213595
49,437,17.44,98.05,44.81,36.03483037284899,-3.1209059498,-0.1723618736,-0.65
50,437,17.44,69.57,41.89,25.400096456509765,3.131691987,0.2475166647,-0.0905538514
51,437,17.44,101.65,41.72,38.22117737589987,-3.1350567989,0.0010749452,-0.5824087911
52,437,17.44,80.78,37.57,30.030026640014825,-3.1415926536,-0.0,-0.1216552506
20,438,17.48,268.56,34.39,23.790052543027304,0.0,0.0,0.0412310562561766
22,438,17.48,234.39,34.58,23.16003454228857,0.0,0.0,0.0848528137423857
23,438,17.48,356.63,36.3,36.571488895039536,0.0,0.0,0.3482814953453599
24,438,17.48,208.15,36.87,23.5003324445,-0.0053190988,0.0664887346,-1.5666555557
26,438,17.48,309.24,30.55,38.49046895011803,0.0,-0.1644713113254397,0.1019803902718557
29,438,17.48,169.20,31.79,35.100827999575,0.113495418147,0.150461151567,3.745729122127
30,438,17.48,179.07,28.81,39.316888033135,0.150068364345,0.205264602201,2.797749935737
31,438,17.48,105.25,31.44,34.20009356712347,-0.0072991404436983,-0.1824785110924579,0.2109502310972898
32,438,17.48,55.86,29.9,36.6028550798978,0.0272041713972149,-0.0093760250631296,0.4188078318274384
33,438,17.48,36.08,34.86,25.390196927160687,0.0,0.0,0.08
34,438,17.48,18.21,27.26,38.65041914391097,0.0064515233929673,-5.728924279413405e-14,0.0223606797749978
35,438,17.48,15.76,30.61,30.20032450156786,0.0,-0.206606866491238,0.1699999999999999
41,438,17.48,150.96,53.32,23.68013513474955,-3.1415926536,-0.0,-0.0447213595
42,438,17.48,174.7,44.14,23.410002135839285,-3.1415926536,-0.0,-0.0583095189
43,438,17.48,191.06,50.64,36.10244313062484,-3.1276075514,-0.1772164944,-0.302654919
44,438,17.48,91.9,43.99,23.52007653048773,-3.1415926536,-0.0,-0.0424264069
45,438,17.48,119.91,44.45,38.07047412365651,3.1350567989,-0.0010749452,-0.1360147051
46,438,17.48,246.74,43.56,35.10006980050039,-3.1415926536,-0.0,-0.1565247584
47,438,17.48,212.65,50.19,38.700082687250166,-3.1415926536,-0.0,-0.05
49,438,17.48,96.6,44.79,36.05516051829474,-3.1278004248,0.1688206299,-0.6414047084
50,438,17.48,68.56,41.89,25.400070866042874,-3.1415926536,-0.0,-0.0905538514
51,438,17.48,100.13,41.71,38.24109961808107,-3.1350138011,-0.0010749452,-0.5728001397
52,438,17.48,79.58,37.57,30.04002663114665,-3.1415926536,-0.0,-0.1216552506
20,439,17.52,269.52,34.39,23.790052543027304,0.0,0.0,0.0412310562561766
22,439,17.52,235.33,34.58,23.16003454228857,0.0107522737911069,0.2688068447776747,0.0781024967590665
23,439,17.52,358.1,36.3,36.58139964517487,0.0,0.0,0.3560898762952971
24,439,17.52,209.09,36.87,23.375,0,0.0664887346,-3.1291555557
26,439,17.52,310.79,30.55,38.50046882831429,0.0065358546459299,0.163396366148249,0.1019803902718557
29,439,17.52,170.60,31.95,35.250305910856,0.119241224632,0.136923075998,3.724246408131
30,439,17.52,180.63,29.05,39.366395127825,0.158168645392,0.200732081082,-0.324439301362
31,439,17.52,106.62,31.43,34.20009356712347,0.0,0.1824785110924579,0.2109502310972898
32,439,17.52,57.33,29.94,36.58259832215312,0.0204053306865364,-0.1699710177669627,0.4272001872658765
33,439,17.52,37.1,34.86,25.390159511117687,0.0099006665879866,0.2475166646996655,0.09
34,439,17.52,19.76,27.27,38.65041914391097,0.0,-0.1612880848241837,0.0223606797749978
35,439,17.52,16.97,30.61,30.190279892707192,0.0082642746596524,0.2066068664913111,0.1699999999999999
41,439,17.52,150.01,53.32,23.68017102978777,-3.1415926536,-0.2631481758,-0.0447213595
42,439,17.52,173.76,44.14,23.410002135839285,-3.1415926536,-0.0,-0.0583095189
43,439,17.52,189.61,50.63,36.09221661244984,-3.1346962112,0.1747888386,-0.302654919
44,439,17.52,90.96,43.99,23.52007653048773,-3.1415926536,-0.0,-0.0424264069
45,439,17.52,118.39,44.46,38.08052520646216,3.1350138011,-0.0010891822,-0.1360147051
46,439,17.52,245.32,43.56,35.090051296628225,-3.1415926536,-0.0,-0.1565247584
47,439,17.52,211.1,50.19,38.700082687250166,-3.1415926536,0.1612880848,-0.05
49,439,17.52,95.14,44.76,36.0753281343358,-3.1210475996,-0.1688206299,-0.6414047084
50,439,17.52,67.55,41.89,25.400070866042874,-3.1415926536,-0.0,-0.0905538514
51,439,17.52,98.6,41.7,38.26102455502205,-3.1350567989,-0.0010609854,-0.5604462508
52,439,17.52,78.37,37.57,30.04002663114665,-3.1415926536,-0.0,-0.1118033989
20,440,17.56,270.46,34.39,23.790075661922558,0.0,0.0,0.0412310562561766
22,440,17.56,236.26,34.59,23.16005397230326,0.0,-0.2688068447776747,0.0781024967590665
23,440,17.56,359.56,36.3,36.59131317676369,0.0,0.0,0.3640054944640259
24,440,17.56,210.02,36.87,23.25,0,0,-3.125
26,440,17.56,312.32,30.56,38.500519477014855,0.0064515233929695,-0.002108281324009,0.1004987562112089
29,440,17.56,172.00,32.12,35.398767712225,0.124449264227,0.129251326181,2.145863385656
30,440,17.56,182.18,29.31,39.290932889026,0.166126930832,0.177564896391,1.167298007963
31,440,17.56,107.99,31.43,34.1900935944902,0.0,0.0,0.2109502310972898
32,440,17.56,58.8,29.97,36.57234064152854,0.0273904084748643,0.1746269447081977,0.4494441010848846
33,440,17.56,38.11,34.87,25.390159511117687,0.0,-0.2475166646996655,0.09
34,440,17.56,21.31,27.27,38.660419035494165,0.0064515233929696,0.161288084824241,0.0282842712474619
35,440,17.56,18.18,30.62,30.190279892707192,0.0082642746596495,-7.337880303381894e-14,0.1664331697709324
41,440,17.56,149.06,53.33,23.68017102978777,3.1310667266,0.2631481758,-0.0447213595
42,440,17.56,172.82,44.14,23.410002135839285,-3.1415926536,-0.0,-0.0583095189
43,440,17.56,188.17,50.61,36.092107170405,-3.1277046577,-0.1747888386,-0.3014962686
44,440,17.56,90.03,43.99,23.52007653048773,-3.1415926536,-0.2659474144,-0.0424264069
45,440,17.56,116.88,44.47,38.08052520646216,3.1349702338,0.1655604936,-0.1389244399
46,440,17.56,243.91,43.56,35.090051296628225,-3.1415926536,-0.0,-0.17
47,440,17.56,209.55,50.18,38.700082687250166,-3.1351411302,-0.1612880848,-0.0640312424
49,440,17.56,93.69,44.74,36.10567268449655,-3.1278004248,0.1688206299,-0.6414047084
50,440,17.56,66.53,41.89,25.40004921255075,-3.1415926536,-0.245090187,-0.0905538514
51,440,17.56,97.06,41.69,38.29102375231041,-3.1350992384,0.0,-0.5508175742
52,440,17.56,77.15,37.57,30.05002662228438,-3.1415926536,-0.0,-0.1118033989
20,441,17.6,271.41,34.39,23.790075661922558,0.0106378965755393,0.2659474143884838,0.0412310562561766
22,441,17.6,237.18,34.59,23.16005397230326,0.0,0.0,0.0721110255092797
23,441,17.6,361.03,36.3,36.61122915172338,0.0,0.0,0.3720215047547655
24,441,17.6,210.95,36.87,23.125,0,-0.0672036536,0.0042002385
26,441,17.6,313.87,30.57,38.51051934212261,0.0065358546459299,0.002108281324009,0.1
29,441,17.6,173.41,32.30,35.421974981709,0.129581330726,0.122118310921,0.562590123834
30,441,17.6,183.73,29.57,39.459778968463,0.172373837103,0.154495690721,2.645300177103
31,441,17.6,109.35,31.43,34.18009362187295,-0.0073528086666893,-0.1838202166672337,0.2109502310972898
32,441,17.6,60.26,30.01,36.55208885959871,0.0275792123997401,0.0047200981218946,0.4579301256742124
33,441,17.6,39.13,34.87,25.390159511117687,0.0099996666866703,0.2499916671667588,0.09
34,441,17.6,22.86,27.28,38.660419035494165,0.0,-0.161288084824241,0.0282842712474619
35,441,17.6,19.39,30.63,30.180238567645556,0.0,-0.2066068664912377,0.1664331697709324
41,441,17.6,148.11,53.33,23.68017102978777,-3.1415926536,-0.2631481758,-0.0447213595
42,441,17.6,171.87,44.14,23.410002135839285,-3.1415926536,-0.0,-0.0583095189
43,441,17.6,186.72,50.6,36.09189659743584,-3.1346962112,0.1747888386,-0.3014962686
44,441,17.6,89.09,44.0,23.52007653048773,3.130954757,0.2659474144,-0.0360555128
45,441,17.6,115.37,44.47,38.09057888769873,-3.1415926536,-0.1644713113,-0.1389244399
46,441,17.6,242.51,43.56,35.080051311250955,-3.1415926536,0.1773019919,-0.17
47,441,17.6,208.01,50.18,38.700082687250166,-3.1415926536,-0.0,-0.0707106781
49,441,17.6,92.23,44.71,36.12584808693077,-3.1210475996,-0.1664264526,-0.6414047084
50,441,17.6,65.51,41.9,25.40004921255075,3.1317890461,0.245090187,-0.1004987562
51,441,17.6,95.52,41.68,38.31095143689334,-3.1350992384,-0.0,-0.5385164807
52,441,17.6,75.93,37.57,30.050041597308983,-3.1415926536,-0.0,-0.1019803903
20,442,17.64,272.35,34.4,23.790075661922558,0.0,-0.2659474143884838,0.0316227766016837
22,442,17.64,238.1,34.59,23.16005397230326,0.0,0.0,0.0721110255092797
23,442,17.64,362.49,36.3,36.6211482616261,0.0,0.0,0.3720215047547655
24,442,17.64,211.87,36.87,23.2503360191,-0.0053762923,-0.0668442826,3.1291777776
26,442,17.64,315.4,30.58,38.51051934212261,0.0064515233929695,-0.002108281324009,0.0905538513813741
29,442,17.64,174.81,32.49,35.443774922132,0.1342187291,0.097702628266,3.619723931049
30,442,17.64,185.29,29.85,39.502556903194,0.178486586089,0.144633252574,1.028768747742
31,442,17.64,110.71,31.42,34.17009364927173,0.0,0.1838202166672337,0.2109502310972898
32,442,17.64,61.71,30.05,36.54158316220029,0.0275792123997402,3.2959746043559335e-15,0.4716990566028302
33,442,17.64,40.13,34.88,25.390126033558797,0.0,-0.2499916671667588,0.09
34,442,17.64,24.4,27.28,38.660419035494165,0.0064934152282241,0.1623353807056032,0.0282842712474619
35,442,17.64,20.59,30.63,30.1802004632176,0.0082642746596524,0.2066068664913111,0.1581138830084189
41,442,17.64,147.16,53.34,23.690170957593363,3.1310667266,0.2631481758,-0.0447213595
42,442,17.64,170.93,44.14,23.410002135839285,-3.1415926536,-0.0,-0.0583095189
43,442,17.64,185.28,50.58,36.09179546655999,-3.1277046577,-0.1747888386,-0.3006659276
44,442,17.64,88.15,44.0,23.520104166436,-3.1415926536,-0.0,-0.0282842712
45,442,17.64,113.85,44.48,38.09057888769873,3.1350138011,0.0,-0.1341640786
46,442,17.64,241.1,43.55,35.080051311250955,-3.1345005739,-0.1773019919,-0.17
47,442,17.64,206.46,50.18,38.700082687250166,-3.1415926536,0.1623353807,-0.0781024968
49,442,17.64,90.79,44.69,36.14602606096554,-3.1277046577,0.1699676962,-0.6328506933
50,442,17.64,64.49,41.9,25.400031496043464,-3.1415926536,-0.0,-0.1004987562
51,442,17.64,93.98,41.67,38.33095094046063,-3.1350992384,0.0,-0.5288667129
52,442,17.64,74.73,37.57,30.050041597308983,-3.1415926536,-0.208328511,-0.0905538514
20,443,17.68,273.3,34.4,23.790075661922558,0.0,0.0,0.0316227766016837
22,443,17.68,239.03,34.59,23.15007775364912,0.0108691371772681,0.2717284294317041,0.0670820393249937
23,443,17.68,363.95,36.3,36.63114794816018,0.0,0.0,0.3801315561749642
24,443,17.68,212.81,36.86,23.3753342222,-0.0053475426,0.0672036536,1.5582997615
26,443,17.68,316.95,30.59,38.51051934212261,0.0064934152282263,0.0010472958814191,0.0905538513813741
29,443,17.68,176.22,32.68,35.711552896193,0.137397540988,0.085085022798,3.574205516817
30,443,17.68,186.84,30.13,39.542080468282,0.183944497309,0.128306731124,0.942170520218
31,443,17.68,112.07,31.42,34.16009367668654,0.0,0.0,0.2109502310972898
32,443,17.68,63.16,30.09,36.52133896778703,0.0205450540334009,-0.1758539591584843,0.4854894437575342
33,443,17.68,41.14,34.88,25.390126033558797,0.0,0.0,0.0905538513813741
34,443,17.68,25.94,27.29,38.660419035494165,0.0064515233929696,-0.0010472958813618,0.0282842712474619
35,443,17.68,21.8,30.64,30.17020052966172,0.0,-0.2066068664913111,0.1640121946685672
41,443,17.68,146.21,53.34,23.690170957593363,-3.1415926536,-0.0,-0.0412310563
42,443,17.68,169.99,44.14,23.42000213492732,-3.1415926536,-0.0,-0.0583095189
43,443,17.68,183.83,50.57,36.09160151614224,-3.1346962112,0.0011972607,-0.2906888371
44,443,17.68,87.21,44.0,23.520104166436,-3.1415926536,-0.2688068448,-0.0282842712
45,443,17.68,112.33,44.49,38.10063516530925,3.1350138011,0.0010749452,-0.13
46,443,17.68,239.7,43.55,35.0700356429816,-3.1415926536,-0.0,-0.161245155
47,443,17.68,204.92,50.17,38.7100632910875,-3.1350992384,-0.1623353807,-0.0781024968
49,443,17.68,89.34,44.66,36.16639324013385,-3.1209059498,-0.0,-0.6276941931
50,443,17.68,63.46,41.9,25.400031496043464,-3.1415926536,-0.0,-0.1004987562
51,443,17.68,92.44,41.66,38.35088134580482,-3.1350992384,0.0,-0.5069516742
52,443,17.68,73.53,37.58,30.060041583470905,3.1332595131,0.208328511,-0.0905538514
20,444,17.72,274.25,34.4,23.790075661922558,0.0,0.0,0.0316227766016837
22,444,17.72,239.95,34.6,23.15007775364912,0.0,-0.2717284294317041,0.0670820393249937
23,444,17.72,365.41,36.3,36.64106985337628,0.0,0.0,0.388329756778952
24,444,17.72,213.74,36.86,23.375,0,0.0668442826,1.5583222224
26,444,17.72,318.49,30.6,38.52051920730042,0.0064515233929673,-0.0010472958814764,0.0921954445729288
29,444,17.72,177.64,32.88,35.729711363477,0.141025530924,0.090917121439,-1.117785833635
30,444,17.72,188.40,30.43,39.577930544811,0.188751124579,0.112065640654,0.845731613624
31,444,17.72,113.44,31.42,34.15009370411742,0.0,0.0,0.2109502310972898
32,444,17.72,64.62,30.12,36.5010972437816,0.0275792123997404,0.1758539591584877,0.4939635614091388
33,444,17.72,42.15,34.88,25.390096494499584,0.0099006665879866,0.2475166646996655,0.1004987562112089
34,444,17.72,27.49,27.3,38.660419035494165,0.0,-0.1612880848242414,0.0223606797749978
35,444,17.72,22.99,30.64,30.17016572708874,0.0083331404401342,0.208328511003356,0.1562049935181331
41,444,17.72,145.26,53.34,23.690170957593363,-3.1415926536,-0.2659474144,-0.0412310563
42,444,17.72,169.05,44.14,23.42,-3.1415926536,-0.0,-0.0583095189
43,444,17.72,182.39,50.56,36.09150869664498,-3.1346483208,-0.0011972607,-0.2901723626
44,444,17.72,86.28,44.01,23.520104166436,3.1308403798,0.2688068448,-0.0282842712
45,444,17.72,110.8,44.5,38.10063516530925,3.1350567989,-0.0021641274,-0.13
46,444,17.72,238.3,43.55,35.06003565314787,-3.1415926536,0.1798530123,-0.161245155
47,444,17.72,203.38,50.17,38.7100632910875,-3.1415926536,-0.0,-0.0860232527
49,444,17.72,87.89,44.63,36.18657900382406,-3.1209059498,-0.0,-0.6276941931
50,444,17.72,62.43,41.9,25.400017716529256,-3.1415926536,-0.0,-0.1019803903
51,444,17.72,90.9,41.65,38.37088088642219,-3.1350992384,-0.0010472959,-0.4972926704
52,444,17.72,72.33,37.58,30.06005988017988,-3.1415926536,-0.0,-0.0806225775
20,445,17.76,275.2,34.4,23.79010298422434,0.0104162899309671,0.2604072482741799,0.03
22,445,17.76,240.88,34.6,23.15007775364912,0.0,0.0,0.0632455532033675
23,445,17.76,366.87,36.3,36.65099452948037,0.0,0.0,0.388329756778952
24,445,17.76,214.68,36.86,23.5,0,0,0
26,445,17.76,320.04,30.61,38.52051920730042,0.0064934152282266,0.0010472958814824,0.0948683298050513
29,445,17.76,179.05,33.08,35.622130029502,0.144670910703,0.078876741731,-1.170249845662
30,445,17.76,189.95,30.73,39.609738997372,0.192909748561,0.095902451326,0.740719284589
31,445,17.76,114.8,31.42,34.14009373156436,-0.0072991404436983,-0.1824785110924579,0.2109502310972898
32,445,17.76,66.07,30.16,36.49085501875778,0.0204053306865386,-0.1793470428300435,0.5077400909914441
33,445,17.76,43.16,34.89,25.390096494499584,0.0,-0.2475166646996655,0.1004987562112089
34,445,17.76,29.03,27.3,38.660419035494165,0.0064515233929673,0.1612880848241841,0.0223606797749978
35,445,17.76,24.19,30.65,30.160134283520687,0.0,-0.208328511003356,0.1562049935181331
41,445,17.76,144.32,53.35,23.690170957593363,3.130954757,0.2659474144,-0.0412310563
42,445,17.76,168.12,44.14,23.42,-3.1415926536,-0.0,-0.0583095189
43,445,17.76,180.94,50.55,36.09133136918061,-3.1346962112,0.1723946612,-0.2801785145
44,445,17.76,85.35,44.01,23.520104166436,-3.1415926536,-0.0,-0.0223606798
45,445,17.76,109.29,44.51,38.11063499864572,3.1349702338,0.0010891822,-0.1264911064
46,445,17.76,236.91,43.54,35.06003565314787,-3.1343985331,-0.1798530123,-0.1664331698
47,445,17.76,201.83,50.17,38.7100632910875,-3.1415926536,0.1612880848,-0.1
49,445,17.76,86.44,44.6,36.20696203770761,-3.1209059498,0.0035904064,-0.6191122677
50,445,17.76,61.4,41.9,25.400017716529256,-3.1415926536,-0.0,-0.1019803903
51,445,17.76,89.35,41.64,38.39081400543625,-3.1351411302,0.0,-0.475394573
52,445,17.76,71.13,37.58,30.06005988017988,-3.1415926536,-0.0,-0.0806225775
20,446,17.8,276.16,34.41,23.79010298422434,0.0,-0.2604072482741799,0.03
22,446,17.8,241.8,34.6,23.15007775364912,0.0,0.0,0.0632455532033675
23,446,17.8,368.33,36.3,36.67092172280376,0.0,0.0,0.3966106403010388
24,446,17.8,215.62,36.86,23.375,0,0,-1.5625
26,446,17.8,321.58,30.62,38.5305190725482,0.0,-0.162335380705665,0.0894427190999915
29,446,17.8,180.46,33.29,35.636091375824,0.147335670263,0.047574929549,3.410031887733
30,446,17.8,191.51,31.03,39.637188087579,0.196423320685,0.087632312107,-0.903089112734
31,446,17.8,116.17,31.41,34.14009373156436,0.0,0.1824785110924579,0.2109502310972898
32,446,17.8,67.54,30.19,36.470378391236906,0.027390408474862,0.1746269447080847,0.5162363799656122
33,446,17.8,44.17,34.89,25.3900708939538,0.0,0.0,0.1004987562112089
34,446,17.8,30.58,27.31,38.660419035494165,0.0064515233929696,5.655198531684392e-14,0.0316227766016837
35,446,17.8,25.4,30.65,30.160106100609127,0.0,0.0,0.1555634918610404
41,446,17.8,143.38,53.35,23.690170957593363,-3.1415926536,-0.2631481758,-0.0412310563
42,446,17.8,167.18,44.14,23.42,-3.1415926536,-0.0,-0.0583095189
43,446,17.8,179.49,50.53,36.09124686125433,-3.1278004248,-0.1711974005,-0.28
44,446,17.8,84.41,44.01,23.520104166436,-3.1415926536,-0.0,-0.0223606798
45,446,17.8,107.77,44.52,38.11069403723842,3.1350138011,-0.0,-0.1264911064
46,446,17.8,235.52,43.54,35.050022824528945,-3.1415926536,-0.0,-0.1664331698
47,446,17.8,200.28,50.16,38.72006327474168,-3.1351411302,-0.1612880848,-0.1081665383
49,446,17.8,85.0,44.57,36.23715358578816,-3.1207623336,-0.0,-0.6140032573
50,446,17.8,60.38,41.9,25.400007874014527,-3.1415926536,-0.245090187,-0.1019803903
51,446,17.8,87.8,41.63,38.40081379346016,-3.1351411302,0.0010472959,-0.4657252409
52,446,17.8,69.92,37.58,30.070059860266326,-3.1415926536,-0.208328511,-0.08
20,447,17.84,277.11,34.41,23.79010298422434,0.0,0.0,0.03
22,447,17.84,242.73,34.6,23.15010583129157,0.0108691371772678,0.2717284294316957,0.0608276253029822
23,447,17.84,369.79,36.3,36.68085195302857,0.0,0.0,0.3966106403010388
24,447,17.84,216.55,36.86,23.375,0,0,1.5625
26,447,17.84,323.13,30.62,38.5305190725482,0.0064515233929673,0.1612880848241826,0.0894427190999915
29,447,17.84,181.87,33.50,35.894932580521,0.148476905067,0.028804495784,4.894052208266
30,447,17.84,193.06,31.35,39.537491868353,0.19992033353,0.071680156159,-1.020805282619
31,447,17.84,117.53,31.41,34.13009375902739,0.0,0.0,0.2109502310972898
32,447,17.84,69.0,30.23,36.45014677611052,0.0206867037798448,-0.1675926173754295,0.524785670536077
33,447,17.84,45.18,34.89,25.3900708939538,0.0098036074792939,0.2450901869823498,0.1004987562112089
34,447,17.84,32.13,27.32,38.660419035494165,0.0064934152282241,0.0010472958813629,0.03
35,447,17.84,26.6,30.65,30.15010613579992,0.0083331404401372,0.2083285110034306,0.148660687473185
41,447,17.84,142.43,53.36,23.70017088545988,3.1310667266,0.2631481758,-0.05
42,447,17.84,166.24,44.14,23.42,-3.1415926536,-0.0,-0.0670820393
43,447,17.84,178.05,50.52,36.09108615711088,-3.1346483208,-0.0,-0.27
44,447,17.84,83.46,44.01,23.53013599620708,-3.1415926536,-0.2659474144,-0.0223606798
45,447,17.84,106.25,44.53,38.1206938551753,3.1350138011,0.0,-0.1236931688
46,447,17.84,234.13,43.54,35.050022824528945,-3.1415926536,-0.0,-0.158113883
47,447,17.84,198.73,50.16,38.72006327474168,-3.1415926536,-0.0,-0.1166190379
49,447,17.84,83.56,44.54,36.257349599770805,-3.1207623336,-0.0035904064,-0.6053924347
50,447,17.84,59.36,41.91,25.390007877115757,3.1317890461,0.245090187,-0.1019803903
51,447,17.84,86.26,41.62,38.42081336983901,-3.1350992384,0.0010609854,-0.4535416188
52,447,17.84,68.72,37.59,30.070059860266326,3.1332595131,0.208328511,-0.07
20,448,17.88,278.07,34.41,23.79010298422434,0.0,0.0,0.03
22,448,17.88,243.65,34.61,23.15010583129157,0.0,-0.2717284294316957,0.0608276253029822
23,448,17.88,371.26,36.3,36.69078494663204,0.0,0.0,0.4049691346263318
24,448,17.88,217.49,36.86,23.5,0,0,1.5625
26,448,17.88,324.68,30.63,38.53046846328241,0.0064101686103125,-0.0010338695663679,0.094339811320566
29,448,17.88,183.30,33.71,36.027615552486,0.149640029925,0.036039640301,0.195449477184
30,448,17.88,194.61,31.66,39.555523664969,0.202157733178,0.055943796928,-1.142166495376
31,448,17.88,118.89,31.41,34.12009378650651,0.0,0.0,0.2109502310972898
32,448,17.88,70.45,30.26,36.42991765019515,0.0206867037798424,-6.123573870198129e-14,0.5385164807134505
33,448,17.88,46.2,34.9,25.390049231933364,0.0,-0.2450901869823498,0.1004987562112089
34,448,17.88,33.67,27.33,38.660419035494165,0.0,-0.1623353807056036,0.03
35,448,17.88,27.8,30.66,30.15008126025533,0.0,-0.2083285110034306,0.148660687473185
41,448,17.88,141.48,53.36,23.70017088545988,-3.1415926536,-0.2659474144,-0.05
42,448,17.88,165.31,44.14,23.43,-3.1415926536,-0.0,-0.0670820393
43,448,17.88,176.61,50.51,36.09100996093071,-3.1346483208,-0.0011972607,-0.2701851217
44,448,17.88,82.52,44.02,23.53013599620708,3.130954757,0.2659474144,-0.0223606798
45,448,17.88,104.73,44.54,38.1206938551753,3.1350138011,-0.0,-0.1216552506
46,448,17.88,232.74,43.54,35.04002283104279,-3.1415926536,-0.0,-0.158113883
47,448,17.88,197.18,50.16,38.7200464875754,-3.1415926536,0.1623353807,-0.1166190379
49,448,17.88,82.11,44.51,36.27775351368936,-3.1209059498,-0.0035412437,-0.6053924347
50,448,17.88,58.35,41.91,25.39000196927917,-3.1415926536,-0.0,-0.1019803903
51,448,17.88,84.73,41.61,38.44074921226172,-3.1350567989,-0.0021082813,-0.4341658669
52,448,17.88,67.51,37.59,30.07008147644433,-3.1415926536,-0.0,-0.07
20,449,17.92,279.03,34.41,23.79010298422434,0.0105259270317302,0.2631481757932574,0.03
22,449,17.92,244.57,34.61,23.15010583129157,0.0,0.0,0.06
23,449,17.92,372.72,36.3,36.71072050505138,0.0,0.0,0.4049691346263318
24,449,17.92,218.43,36.86,23.5,0,-0.0668442826,-1.5583222224
26,449,17.92,326.24,30.64,38.5404683417314,0.0064515233929673,0.0010338695663679,0.0921954445729288
29,449,17.92,184.72,33.93,35.910568538695,0.151360076291,0.037119265068,-2.958045647882
30,449,17.92,196.16,31.98,39.446118548723,0.204395837284,0.039982189956,-1.269147023333
31,449,17.92,120.26,31.41,34.11009381400174,-0.0073528086666919,-0.183820216667299,0.2109502310972898
32,449,17.92,71.9,30.29,36.409691017639794,0.027390408474862,0.1675926173754907,0.5385164807134505
33,449,17.92,47.22,34.9,25.390049231933364,0.0,0.0,0.1004987562112089
34,449,17.92,35.2,27.33,38.660419035494165,0.0064515233929696,0.1612880848242414,0.0316227766016837
35,449,17.92,29.0,30.66,30.140059721241432,0.0,0.0,0.148660687473185
41,449,17.92,140.54,53.37,23.70017088545988,3.130954757,0.2659474144,-0.05
42,449,17.92,164.37,44.14,23.43,-3.1415926536,-0.0,-0.0670820393
43,449,17.92,175.16,50.5,36.09093653536855,-3.1346962112,0.0,-0.2607680962
44,449,17.92,81.57,44.02,23.53013599620708,-3.1415926536,-0.2659474144,-0.02
45,449,17.92,103.21,44.55,38.1206938551753,3.1350138011,0.0,-0.1104536102
46,449,17.92,231.33,43.54,35.0400128424634,-3.1415926536,0.1798530123,-0.15
47,449,17.92,195.64,50.15,38.73004647557242,-3.1350992384,-0.1623353807,-0.1252996409
49,449,17.92,80.65,44.48,36.29795724279811,-3.1210475996,-0.0,-0.5968249325
50,449,17.92,57.36,41.91,25.39000196927917,-3.1415926536,-0.0,-0.1019803903
51,449,17.92,83.18,41.6,38.45074901741187,-3.1351411302,0.0010472959,-0.4148493703
52,449,17.92,66.3,37.59,30.07008147644433,-3.1415926536,-0.2066068665,-0.0608276253
20,450,17.96,279.98,34.42,23.79010298422434,0.0,-0.2631481757932574,0.03
22,450,17.96,245.49,34.61,23.15010583129157,0.0107522737910993,0.2688068447774837,0.06
23,450,17.96,374.19,36.3,36.72065903548028,0.0,0.0,0.4134005321718877
24,450,17.96,219.37,36.86,23.3753342222,-0.0053475426,-0.0672036536,-3.1207997615
26,450,17.96,327.79,30.65,38.5404683417314,0.0063693406186642,-0.0020545693575772,0.0989949493661166
29,450,17.96,186.14,34.15,35.790971900655,0.152609571131,0.025299721898,-3.022586928382
30,450,17.96,197.70,32.30,39.453991903102,0.205356308375,0.007944217686,1.660993860423
31,450,17.96,121.62,31.4,34.10009384151311,0.0,0.183820216667299,0.2109502310972898
32,450,17.96,73.36,30.33,36.399237629379,0.0206867037798448,-0.1675926173754295,0.552268050859363
33,450,17.96,48.24,34.9,25.390031508448352,0.0,0.0,0.1004987562112089
34,450,17.96,36.75,27.34,38.660466888024,0.0064934152282264,0.0010472958814199,0.0316227766016837
35,450,17.96,30.21,30.66,30.140041473096883,0.0,0.0,0.1421267040355189
41,450,17.96,139.59,53.37,23.70017088545988,-3.1415926536,-0.2631481758,-0.05
42,450,17.96,163.44,44.14,23.43,-3.1415926536,-0.0,-0.0761577311
43,450,17.96,173.71,50.49,36.09079799616518,-3.1346962112,-0.1724110597,-0.2607680962
44,450,17.96,80.63,44.03,23.53013599620708,3.130954757,0.2659474144,-0.02
45,450,17.96,101.69,44.56,38.13075530329815,3.1350138011,-0.0,-0.1104536102
46,450,17.96,229.94,43.53,35.03001284612953,-3.1343985331,-0.1798530123,-0.1562049935
47,450,17.96,194.1,50.15,38.73004647557242,-3.1415926536,-0.0,-0.1341640786
49,450,17.96,79.19,44.45,36.31816349982471,-3.1210475996,-0.0,-0.5830951895
50,450,17.96,56.37,41.91,25.39,-3.1415926536,-0.0,-0.1019803903
51,450,17.96,81.64,41.59,38.47074862801607,-3.1350992384,-0.0,-0.4026164428
52,450,17.96,65.09,37.6,30.080081449357813,3.1333283789,0.2066068665,-0.0608276253
20,451,18.0,280.93,34.42,23.79010298422434,0.0106378965755393,0.2659474143884838,0.03
22,451,18.0,246.42,34.62,23.150138228529,0.0,-0.2688068447774837,0.0608276253029822
23,451,18.0,375.65,36.3,36.740600158407865,0.0,0.0,0.4134005321718877
24,451,18.0,220.3,36.85,23.2503360191,-0.0053762923,0.0668442826,-3.1291777776
26,451,18.0,329.36,30.66,38.5404683417314,0.0064515233929695,0.0020545693576345,0.0989949493661166
29,451,18,187.55,34.37,35.668761584425,0.153384054043,0.013365331993,-3.088426473305
30,451,18,199.25,32.62,39.578998057557,0.205031374699,-0.016051823028,3.059747870767
31,451,18.0,122.97,31.4,34.09009386904061,0.0,0.0,0.2109502310972898
32,451,18.0,74.81,30.36,36.3790186783536,0.0205450540334011,-0.0035412436610943,0.5608029957123981
33,451,18.0,49.25,34.9,25.390031508448352,0.0098036074792939,0.2450901869823498,0.1004987562112089
34,451,18.0,38.29,27.35,38.660466888024,0.0064515233929673,-0.0010472958814779,0.0360555127546398
35,451,18.0,31.41,30.66,30.14002654278858,0.0083331404401372,0.2083285110034306,0.1421267040355189
41,451,18.0,138.64,53.38,23.70017088545988,3.1310667266,0.2631481758,-0.05
42,451,18.0,162.51,44.14,23.43,-3.1415926536,-0.0,-0.0761577311
43,451,18.0,172.27,50.49,36.09073288255588,-3.1415926536,0.1736083204,-0.2517935662
44,451,18.0,79.68,44.03,23.53013599620708,-3.1415926536,-0.0,-0.02
45,451,18.0,100.17,44.57,38.13075530329815,3.1350138011,0.0010749452,-0.11
46,451,18.0,228.54,43.53,35.03000570939148,-3.1415926536,-0.0,-0.1486606875
47,451,18.0,192.55,50.15,38.740032266377895,-3.1415926536,0.1612880848,-0.1476482306
49,451,18.0,77.73,44.42,36.33858830499611,-3.1210475996,0.0,-0.5830951895
50,451,18.0,55.37,41.91,25.39,-3.1415926536,-0.0,-0.1118033989
51,451,18.0,80.1,41.58,38.48068736392321,-3.1350992384,-0.0010472959,-0.3832753579
52,451,18.0,63.9,37.6,30.080081449357813,-3.1415926536,-0.208328511,-0.0608276253
20,452,18.04,281.87,34.43,23.79013450991818,0.0,-0.2659474143884838,0.02
22,452,18.04,247.34,34.62,23.150138228529,0.0,0.0,0.0632455532033675
23,452,18.04,377.12,36.3,36.75059999510212,0.0,0.0,0.4219004621945797
24,452,18.04,221.23,36.85,23.125,0,0.0672036536,-0.0042002385
26,452,18.04,330.91,30.67,38.54042034020906,0.0,-0.1612880848242399,0.1
29,452,18.04,188.96,34.58,35.543897782791,0.15367879769,-0.005412365852,-1.610758240428
30,452,18.04,200.80,32.95,39.698771732764,0.204072162532,-0.039710144008,4.460516776993
31,452,18.04,124.34,31.4,34.09009386904061,0.0,0.0,0.2109502310972898
32,452,18.04,76.27,30.39,36.35880223549725,0.0205450540334009,-5.030698080332741e-15,0.5693856338194704
33,452,18.04,50.27,34.91,25.390017723507007,0.0,-0.2450901869823498,0.1004987562112089
34,452,18.04,39.84,27.36,38.660466888024,0.0,-0.1612880848241834,0.05
35,452,18.04,32.61,30.67,30.130026551597997,0.0,-0.2083285110034306,0.1360147050873544
41,452,18.04,137.68,53.38,23.70017088545988,-3.1415926536,-0.0,-0.0509901951
42,452,18.04,161.58,44.14,23.44,-3.1415926536,-0.0,-0.0854400375
43,452,18.04,170.83,50.48,36.090670539628384,-3.1346483208,0.0,-0.2418677324
44,452,18.04,78.73,44.03,23.53013599620708,-3.1415926536,-0.2631481758,-0.01
45,452,18.04,98.64,44.58,38.14075510526765,3.1350567989,-0.0,-0.1104536102
46,452,18.04,227.15,43.53,35.02000571102181,-3.1415926536,-0.0,-0.1414213562
47,452,18.04,191.0,50.14,38.740032266377895,-3.1351411302,-0.1612880848,-0.1565247584
49,452,18.04,76.27,44.39,36.35880223549725,-3.1210475996,0.0,-0.5693856338
50,452,18.04,54.36,41.91,25.39000196927917,-3.1415926536,-0.0,-0.1118033989
51,452,18.04,78.55,41.57,38.50068700685742,-3.1351411302,0.0,-0.3710795063
52,452,18.04,62.7,37.61,30.080081449357813,3.1332595131,0.208328511,-0.0632455532
20,453,18.08,282.82,34.43,23.79013450991818,0.0,0.0,0.02
22,453,18.08,248.26,34.62,23.150138228529,0.0107522737911066,0.2688068447776665,0.0632455532033675
23,453,18.08,378.6,36.3,36.760544065614695,0.0,0.0,0.4219004621945797
24,453,18.08,222.15,36.85,23.25,0,0,4.6875
26,453,18.08,332.47,30.67,38.55042023117257,0.0064515233929675,0.1612880848241885,0.1081665382639196
29,453,18.08,190.36,34.80,35.539900925191,0.152951064775,-0.043996717503,4.501493811754
30,453,18.08,202.36,33.27,39.935839399716,0.201854563178,-0.047505113821,2.802328644189
31,453,18.08,125.7,31.4,34.08009389658426,-0.0072991404436958,-0.182478511092395,0.2109502310972898
32,453,18.08,77.73,30.42,36.33858830499611,0.0205450540333986,-5.5771359752654354e-14,0.58309518948453
33,453,18.08,51.29,34.91,25.390017723507007,0.0,0.0,0.1104536101718726
34,453,18.08,41.39,27.36,38.660466888024,0.0064934152282264,0.1623353807056613,0.05
35,453,18.08,33.81,30.67,30.130014935276748,0.0,0.0,0.1360147050873544
41,453,18.08,136.73,53.38,23.71017081338724,-3.1415926536,-0.2631481758,-0.0509901951
42,453,18.08,160.65,44.14,23.44,-3.1415926536,-0.0,-0.0854400375
43,453,18.08,169.39,50.47,36.10061079815687,-3.1346483208,-0.0011972607,-0.2334523506
44,453,18.08,77.78,44.04,23.53013599620708,3.1310667266,0.2631481758,-0.0141421356
45,453,18.08,97.11,44.59,38.14075510526765,3.1350567989,-0.0,-0.1019803903
46,453,18.08,225.77,43.53,35.020001427755545,-3.1415926536,-0.0,-0.1414213562
47,453,18.08,189.46,50.14,38.75002064515579,-3.1415926536,-0.0,-0.1565247584
49,453,18.08,74.81,44.36,36.3790186783536,-3.1210475996,0.0035412437,-0.5608029957
50,453,18.08,53.34,41.91,25.39000196927917,-3.1415926536,-0.0,-0.1104536102
51,453,18.08,77.0,41.56,38.5106868284636,-3.1351411302,-0.0,-0.3517101079
52,453,18.08,61.51,37.61,30.080081449357813,-3.1415926536,-0.0,-0.0538516481
20,454,18.12,283.77,34.43,23.79013450991818,0.0104162899309671,0.2604072482741799,0.02
22,454,18.12,249.19,34.63,23.150138228529,0.0,-0.2688068447776665,0.0670820393249937
23,454,18.12,380.08,36.3,36.78049075257154,0.0,0.0,0.4219004621945797
24,454,18.12,223.09,36.85,23.5,0,0,4.6875
26,454,18.12,334.02,30.68,38.55037483605055,0.0064934152282263,0.0010472958814705,0.116619037896906
29,454,18.12,191.77,35.02,35.904017287731,0.15015906029,-0.062344346081,5.983263680177
30,454,18.12,203.93,33.59,39.922958024299,0.200271753427,-0.039777622882,-1.916199388902
31,454,18.12,127.07,31.39,34.07009392414409,0.0,0.182478511092395,0.2009975124224178
32,454,18.12,79.19,30.45,36.31816349982471,0.0205450540334009,5.5771359752654354e-14,0.58309518948453
33,454,18.12,52.31,34.91,25.390007877115757,0.0,0.0,0.1104536101718726
34,454,18.12,42.93,27.37,38.660466888024,0.0064101686103103,-0.0020811654479035,0.0565685424949238
35,454,18.12,35.03,30.67,30.13000663790169,0.0,0.0,0.130384048104053
41,454,18.12,135.78,53.39,23.71017081338724,3.1310667266,0.2631481758,-0.0509901951
42,454,18.12,159.72,44.14,23.44,-3.1415926536,-0.0,-0.0948683298
43,454,18.12,167.94,50.46,36.10055401236939,-3.1346962112,-0.1724110597,-0.2334523506
44,454,18.12,76.83,44.04,23.520136054028256,-3.1415926536,-0.2659474144,-0.0141421356
45,454,18.12,95.58,44.6,38.15075490734095,3.1350567989,0.0,-0.1019803903
46,454,18.12,224.37,43.53,35.01000142816335,-3.1415926536,-0.0,-0.1345362405
47,454,18.12,187.91,50.14,38.760020639829385,-3.1415926536,-0.0,-0.1655294536
49,454,18.12,73.36,44.33,36.399237629379,-3.1209059498,0.1675926174,-0.5522680509
50,454,18.12,52.31,41.91,25.390007877115757,-3.1415926536,-0.0,-0.1104536102
51,454,18.12,75.45,41.55,38.53068647195376,-3.1351411302,0.0010472959,-0.3324154028
52,454,18.12,60.31,37.61,30.090081422289305,-3.1415926536,-0.2100790887,-0.0583095189
20,455,18.16,284.73,34.44,23.79013450991818,0.0,-0.2604072482741799,0.02
22,455,18.16,250.12,34.63,23.150138228529,0.0,0.0,0.0670820393249937
23,455,18.16,381.55,36.3,36.79044033441296,0.0,0.0,0.4304648650006176
24,455,18.16,224.03,36.85,23.625,0,0,1.5625
26,455,18.16,335.56,30.69,38.55037483605055,0.0064515233929673,-0.0010472958814764,0.1118033988749895
29,455,18.16,193.20,35.23,36.018562019605,0.147963517088,-0.05440362832,1.288166464591
30,455,18.16,205.49,33.90,39.782543448604,0.198672353348,-0.055775009572,-2.039576151513
31,455,18.16,128.43,31.39,34.0600939517201,0.0,0.0,0.2009975124224178
32,455,18.16,80.65,30.48,36.29795724279811,0.0205450540334011,5.030698080332741e-15,0.596824932455071
33,455,18.16,53.34,34.91,25.39000196927917,0.0,0.0,0.1104536101718726
34,455,18.16,44.49,27.38,38.660466888024,0.0064515233929696,0.0010338695664836,0.0640312423743284
35,455,18.16,36.24,30.67,30.120001660026517,0.0,0.0,0.130384048104053
36,455,18.16,2.81,27.08,39.06041474434188,0.0070421371083132,,0.31
41,455,18.16,134.84,53.39,23.71017081338724,-3.1415926536,-0.2631481758,-0.0509901951
42,455,18.16,158.81,44.14,23.45000213219606,-3.1415926536,-0.0,-0.0948683298
43,455,18.16,166.5,50.46,36.10049999653744,-3.1415926536,0.1736083204,-0.2256102835
44,455,18.16,75.89,44.05,23.520136054028256,3.130954757,0.2659474144,-0.0141421356
45,455,18.16,94.05,44.61,38.15075490734095,3.1350567989,-0.0,-0.0948683298
46,455,18.16,222.98,43.53,35.01,-3.1415926536,-0.0,-0.1360147051
47,455,18.16,186.36,50.14,38.760011609905376,-3.1415926536,0.1612880848,-0.174642492
49,455,18.16,71.9,44.29,36.409691017639794,-3.1142022451,-0.1675926174,-0.5385164807
50,455,18.16,51.29,41.91,25.390017723507007,-3.1415926536,-0.0,-0.1104536102
51,455,18.16,73.91,41.54,38.54062791393,-3.1350992384,-0.0010472959,-0.3201562119
52,455,18.16,59.12,37.62,30.090081422289305,3.13318949,0.2100790887,-0.0583095189
53,455,18.16,74.91,41.28,39.67000504159282,-3.1415926536,,-0.196468827
20,456,18.2,285.69,34.44,23.79013450991818,0.0,0.0,0.02
22,456,18.2,251.05,34.63,23.150174945343284,0.0,0.0,0.0721110255092797
23,456,18.2,383.03,36.3,36.810392554277385,0.0,0.0,0.4304648650006176
24,456,18.2,224.98,36.85,23.625,0,0,-1.5625
26,456,18.2,337.11,30.7,38.550332034886544,0.0,-0.1612880848241826,0.1208304597359457
29,456,18.2,194.62,35.44,36.007070604898,0.145806770025,-0.059932822524,-0.316360779984
30,456,18.2,207.05,34.22,39.759791932178,0.195809752661,-0.079571878953,-0.626448823171
31,456,18.2,129.79,31.39,34.0500939793123,-0.0073528086666918,-0.1838202166672971,0.2009975124224178
32,456,18.2,82.11,30.51,36.27775351368936,0.0206867037798424,0.0035412436610331,0.6053924347066125
33,456,18.2,54.36,34.91,25.39000196927917,0.0,0.0,0.1118033988749894
34,456,18.2,46.04,27.39,38.65046700882151,0.0064515233929673,-5.80265002714242e-14,0.0721110255092797
35,456,18.2,37.45,30.67,30.12,0.0,0.0,0.130384048104053
36,456,18.2,4.23,27.09,39.07041463818883,0.0068492079639361,-0.004823228609429,0.3101612483854165
41,456,18.2,133.89,53.4,23.71017081338724,3.1310667266,0.2631481758,-0.0509901951
42,456,18.2,157.89,44.14,23.45000213219606,-3.1415926536,-0.0,-0.1044030651
43,456,18.2,165.06,50.45,36.1004002747892,-3.1346483208,-0.0011972607,-0.2184032967
44,456,18.2,74.96,44.05,23.520172193247223,-3.1415926536,-0.0,-0.0141421356
45,456,18.2,92.52,44.62,38.15075490734095,3.1350567989,0.0,-0.098488578
46,456,18.2,221.59,43.53,35.01,-3.1415926536,-0.0,-0.1360147051
47,456,18.2,184.81,50.13,38.77001160691083,-3.1351411302,-0.1612880848,-0.1838477631
49,456,18.2,70.45,44.26,36.42991765019515,-3.1209059498,0.0,-0.5385164807
50,456,18.2,50.27,41.91,25.390017723507007,-3.1415926536,0.245090187,-0.1004987562
51,456,18.2,72.36,41.53,38.55062775104965,-3.1351411302,-0.1612880848,-0.3008321791
52,456,18.2,57.91,37.62,30.090081422289305,-3.1415926536,-0.0,-0.0640312424
53,456,18.2,73.32,41.28,39.66000504286402,-3.1415926536,-0.0,-0.2158703314
20,457,18.24,286.65,34.44,23.79013450991818,0.0,0.0,0.02
22,457,18.24,251.99,34.63,23.16017486980614,0.0107522737910993,0.2688068447774837,0.0721110255092797
23,457,18.24,384.49,36.3,36.82034763551263,0.0,0.0,0.4304648650006176
24,457,18.24,225.92,36.85,23.5,0,0,0
26,457,18.24,338.65,30.7,38.550332034886544,0.0064934152282263,0.162335380705659,0.13
29,457,18.24,196.05,35.65,35.993253157206,0.143168891286,-0.065891051939,-1.919948627525
30,457,18.24,208.61,34.52,39.73242754275,0.192306603031,-0.10295659341,0.796575896995
31,457,18.24,131.15,31.38,34.04009400692072,0.0,0.1838202166672971,0.2009975124224178
32,457,18.24,83.56,30.54,36.257349599770805,0.0208303200362179,0.0035904064093867,0.6053924347066125
33,457,18.24,55.37,34.91,25.39,0.0,0.0,0.1118033988749894
34,457,18.24,47.59,27.4,38.65051746096034,0.0,-0.1612880848241834,0.0806225774829855
35,457,18.24,38.64,30.67,30.12,0.0,0.0,0.116619037896906
36,457,18.24,5.69,27.1,39.08041453209011,0.0,-0.171230199098403,0.3201562118716424
41,457,18.24,132.95,53.4,23.71017081338724,-3.1415926536,-0.2631481758,-0.0509901951
42,457,18.24,156.96,44.14,23.45000213219606,-3.1415926536,-0.0,-0.1140175425
43,457,18.24,163.61,50.44,36.1004002747892,-3.1346962112,-0.1724110597,-0.2088061302
44,457,18.24,74.02,44.05,23.520172193247223,-3.1415926536,-0.2659474144,-0.0223606798
45,457,18.24,90.99,44.63,38.16069312787701,3.1350567989,0.0010609854,-0.0943398113
46,457,18.24,220.2,43.53,35.01000142816335,-3.1415926536,-0.0,-0.1303840481
47,457,18.24,183.25,50.13,38.78000515729723,-3.1415926536,-0.0,-0.1838477631
49,457,18.24,69.0,44.23,36.45014677611052,-3.1209059498,0.1675926174,-0.5247856705
50,457,18.24,49.25,41.9,25.390031508448352,-3.1317890461,-0.245090187,-0.1004987562
51,457,18.24,70.8,41.53,38.5606275882538,-3.1415926536,0.1612880848,-0.2816025568
52,457,18.24,56.7,37.62,30.090081422289305,-3.1415926536,-0.208328511,-0.0640312424
53,457,18.24,71.72,41.28,39.650011349304805,-3.1415926536,-0.0,-0.228035085
20,458,18.28,287.61,34.44,23.79013450991818,0.0105259270317309,0.2631481757932731,0.02
22,458,18.28,252.92,34.64,23.16017486980614,0.0,-0.2688068447774837,0.0781024967590665
23,458,18.28,385.96,36.3,36.84030537332719,0.0,0.0,0.4304648650006176
24,458,18.28,226.86,36.85,23.625,0,0,1.5625
26,458,18.28,340.19,30.71,38.56029175200831,0.006493415228224,-5.765787153277914e-14,0.13
29,458,18.28,197.47,35.85,35.853474714696,0.14053548587,-0.066128322832,-5.068976468528
30,458,18.28,210.17,34.82,39.823518003937,0.187573225188,-0.111731550072,-0.843115657189
31,458,18.28,132.51,31.38,34.04009400692072,0.0,0.0,0.2009975124224178
32,458,18.28,85.0,30.57,36.23715358578816,0.0208303200362179,0.0,0.6140032573203501
33,458,18.28,56.37,34.91,25.39,0.0,0.0,0.1019803902718557
34,458,18.28,49.14,27.4,38.65051746096034,0.0064934152282264,0.1623353807056613,0.094339811320566
35,458,18.28,39.85,30.67,30.120001660026517,-0.0084031635476483,-0.2100790886912079,0.116619037896906
36,458,18.28,7.19,27.1,39.09036965801168,0.0066224197426665,0.1655604935666628,0.3206243908376279
41,458,18.28,132.0,53.41,23.720134906867624,3.1310667266,0.2631481758,-0.0538516481
42,458,18.28,156.02,44.14,23.4600021312872,-3.1415926536,-0.0,-0.1118033989
43,458,18.28,162.17,50.44,36.11035447070549,-3.1415926536,0.1748223251,-0.2024845673
44,458,18.28,73.08,44.06,23.520172193247223,3.130954757,0.2659474144,-0.02
45,458,18.28,89.45,44.64,38.16069312787701,3.1350992384,-0.0010609854,-0.0921954446
46,458,18.28,218.79,43.53,35.0000014285714,-3.1415926536,-0.0,-0.1252996409
47,458,18.28,181.7,50.13,38.78000515729723,-3.1415926536,-0.0,-0.1931320792
49,458,18.28,67.54,44.19,36.470378391236906,-3.1142022451,-0.1746269447,-0.51623638
50,458,18.28,48.24,41.9,25.390031508448352,-3.1415926536,-0.0,-0.1004987562
51,458,18.28,69.25,41.52,38.57062742554236,-3.1351411302,-0.0,-0.2692582404
52,458,18.28,55.5,37.63,30.090081422289305,3.1332595131,0.208328511,-0.0707106781
53,458,18.28,70.13,41.28,39.6400113521679,-3.1415926536,-0.0,-0.2376972865
20,459,18.32,288.56,34.45,23.79013450991818,0.0,-0.2631481757932731,0.02
22,459,18.32,253.85,34.64,23.160215888458374,0.0,0.0,0.0848528137423857
23,459,18.32,387.44,36.3,36.85026594205258,0.0,0.0,0.4304648650006176
24,459,18.32,227.81,36.85,23.625,0,0,-1.5625
26,459,18.32,341.73,30.72,38.56025414854005,0.0,-0.1623353807056014,0.1392838827718412
29,459,18.32,198.89,36.05,35.587735039724,0.13787862546,-0.067078139785,-8.21794298139
30,459,18.32,211.74,35.12,39.664978290175,0.183368079026,-0.106538547985,-5.549612954463
31,459,18.32,133.88,31.38,34.030094034545364,-0.0073528086666892,-0.1838202166672318,0.2009975124224178
32,459,18.32,86.44,30.6,36.20696203770761,0.0206867037798424,-0.0035904064093867,0.6191122676865642
33,459,18.32,57.36,34.91,25.39000196927917,0.0,0.0,0.1019803902718557
34,459,18.32,50.68,27.41,38.65051746096034,0.0065358546459321,0.0010609854426426,0.10295630140987
35,459,18.32,41.04,30.66,30.11000664231079,0.0,0.2100790886912079,0.116619037896906
36,459,18.32,8.7,27.11,39.110369468978426,0.0065358546459321,-0.0021641274183588,0.3306055050963308
41,459,18.32,131.05,53.41,23.720134906867624,-3.1415926536,-0.0,-0.0538516481
42,459,18.32,155.1,44.14,23.4600021312872,-3.1415926536,-0.0,-0.1216552506
43,459,18.32,160.74,50.43,36.11031154670366,-3.1345997606,-0.1748223251,-0.2024845673
44,459,18.32,72.12,44.06,23.520172193247223,-3.1415926536,-0.0,-0.02
45,459,18.32,87.92,44.65,38.16069312787701,3.1350567989,-0.0,-0.0921954446
46,459,18.32,217.4,43.53,35.000005714285244,-3.1415926536,-0.0,-0.1208304597
47,459,18.32,180.15,50.13,38.79000128899199,-3.1415926536,-0.0,-0.2024845673
49,459,18.32,66.07,44.16,36.49085501875778,-3.1211873229,0.1793470428,-0.507740091
50,459,18.32,47.22,41.9,25.390049231933364,-3.1415926536,-0.0,-0.1004987562
51,459,18.32,67.7,41.51,38.58062726291525,-3.1351411302,0.0,-0.25
52,459,18.32,54.28,37.63,30.09005982047892,-3.1415926536,-0.208328511,-0.0707106781
53,459,18.32,68.54,41.28,39.63001135503245,-3.1415926536,-0.0,-0.2473863375
20,460,18.36,289.51,34.45,23.79013450991818,0.0,0.0,0.01
22,460,18.36,254.77,34.64,23.160215888458374,0.0108691371772681,0.2717284294317041,0.0848528137423857
23,460,18.36,388.9,36.3,36.870265797794296,0.0,0.0,0.4304648650006176
24,460,18.36,228.75,36.85,23.5,0,0,-1.5625
26,460,18.36,343.25,30.72,38.56025414854005,0.0065788524530175,0.1644713113254397,0.1392838827718412
29,460,18.36,200.29,36.24,35.196039276185,0.135169234687,-0.097996184906,-3.621354655404
30,460,18.36,213.29,35.40,39.37954896758,0.179050141349,-0.130614977553,-4.104262827124
31,460,18.36,135.24,31.37,34.02009406218625,0.0,0.1838202166672318,0.2009975124224178
32,460,18.36,87.89,30.63,36.18657900382406,0.0206867037798448,6.123573870198129e-14,0.6276941930590086
33,460,18.36,58.35,34.91,25.39000196927917,0.0,0.0,0.1019803902718557
34,460,18.36,52.21,27.42,38.64051759487701,0.0064515233929673,-0.0021082813241198,0.1118033988749895
35,460,18.36,42.23,30.66,30.11000664231079,0.0,0.0,0.1118033988749895
36,460,18.36,10.23,27.12,39.120369374534285,0.0,-0.163396366148304,0.340587727318528
41,460,18.36,130.11,53.41,23.720134906867624,-3.1415926536,-0.2631481758,-0.0538516481
42,460,18.36,154.17,44.14,23.47000852151528,-3.1415926536,-0.0,-0.1216552506
43,460,18.36,159.3,50.43,36.110271391946085,-3.1415926536,-0.0,-0.196977156
44,460,18.36,71.18,44.06,23.520172193247223,-3.1415926536,-0.2659474144,-0.02
45,460,18.36,86.39,44.66,38.170692946290615,3.1350567989,-0.0,-0.0921954446
46,460,18.36,216.01,43.53,35.000005714285244,-3.1415926536,-0.0,-0.1208304597
47,460,18.36,178.59,50.13,38.80000128865977,-3.1415926536,-0.0,-0.211896201
49,460,18.36,64.62,44.12,36.5010972437816,-3.1140134412,-0.1758539592,-0.4939635614
50,460,18.36,46.2,41.9,25.390049231933364,-3.1415926536,0.245090187,-0.1004987562
51,460,18.36,66.15,41.5,38.59057138732207,-3.1351411302,-0.0,-0.2404163056
52,460,18.36,53.08,37.64,30.10005980060505,3.1332595131,0.208328511,-0.0721110255
53,460,18.36,66.95,41.28,39.62002019181716,-3.1415926536,-0.0,-0.2570992026
20,461,18.4,290.46,34.45,23.79013450991818,0.0105259270317228,0.2631481757930704,0.01
22,461,18.4,255.69,34.65,23.160215888458374,0.0,-0.2717284294317041,0.0921954445729288
23,461,18.4,390.37,36.3,36.88022912076334,0.0,0.0,0.4390899680020029
24,461,18.4,229.69,36.85,23.5,0,0,0
26,461,18.4,344.77,30.73,38.56021913838146,0.0,-0.1644713113254397,0.148660687473185
29,461,18.4,201.68,36.43,35.298026667291,0.130038930667,-0.13399963075,2.534105450502
30,461,18.4,214.84,35.68,39.336637264005,0.172918880821,-0.16154013147,-1.107700981933
31,461,18.4,136.61,31.37,34.01011908241428,0.0,0.0,0.191049731745428
32,461,18.4,89.34,30.66,36.16639324013385,0.0206867037798448,0.0,0.6276941930590086
33,461,18.4,59.36,34.91,25.390007877115757,-0.0098036074792939,-0.2450901869823498,0.1019803902718557
34,461,18.4,53.76,27.43,38.64051759487701,0.0064934152282264,0.0010472958814772,0.1208304597359457
35,461,18.4,43.42,30.66,30.11001494519722,0.0,0.0,0.10295630140987
36,461,18.4,11.77,27.12,39.13036928013842,0.0063693406186619,0.159233515466548,0.3413209633175202
41,461,18.4,129.16,53.42,23.720134906867624,3.1310667266,0.2631481758,-0.0632455532
42,461,18.4,153.23,44.14,23.47000852151528,-3.1415926536,-0.0,-0.1315294644
43,461,18.4,157.86,50.43,36.12023394165658,-3.1415926536,0.1736083204,-0.1923538406
44,461,18.4,70.24,44.07,23.520172193247223,3.130954757,0.2659474144,-0.02
45,461,18.4,84.86,44.67,38.17063400049834,3.1350567989,0.0,-0.0943398113
46,461,18.4,214.61,43.53,35.0000128571405,-3.1415926536,-0.0,-0.1170469991
47,461,18.4,177.04,50.13,38.81000128832773,-3.1415926536,-0.0,-0.211896201
49,461,18.4,63.16,44.09,36.52133896778703,-3.1210475996,0.1758539592,-0.4854894438
50,461,18.4,45.18,41.89,25.3900708939538,-3.1317890461,-0.245090187,-0.1004987562
51,461,18.4,64.6,41.49,38.60057123929645,-3.1351411302,-0.0,-0.2213594362
52,461,18.4,51.88,37.64,30.10005980060505,-3.1415926536,-0.0,-0.0721110255
53,461,18.4,65.36,41.28,39.61002019691482,-3.1415926536,-0.0,-0.2692582404
20,462,18.44,291.41,34.46,23.79013450991818,0.0,-0.2631481757930704,0.01
22,462,18.44,256.62,34.65,23.170215795283397,0.0,0.0,0.0921954445729288
23,462,18.44,391.86,36.3,36.90019512143533,0.0,0.0,0.4390899680020029
24,462,18.44,230.63,36.85,23.5,0,0,-1.5625
26,462,18.44,346.29,30.73,38.560186721539615,0.0065358546459299,0.163396366148249,0.1581138830084189
29,462,18.44,203.09,36.61,35.398767712225,0.124449264227,-0.140225777883,0.954934587163
30,462,18.44,216.39,35.94,39.290932889026,0.166126930832,-0.184377942872,0.371973297752
31,462,18.44,137.97,31.37,34.01011908241428,0.0,0.0,0.191049731745428
32,462,18.44,90.79,30.69,36.14602606096554,0.0138879959309668,-0.1699676962219521,0.6328506932918696
33,462,18.44,60.38,34.9,25.400007874014527,0.0,0.2450901869823498,0.1019803902718557
34,462,18.44,55.3,27.44,38.63051772886302,0.0064515233929673,-0.0010472958814779,0.1392838827718412
35,462,18.44,44.62,30.66,30.11001494519722,-0.0083331404401372,-0.20832851100343,0.10295630140987
36,462,18.44,13.34,27.13,39.150369091491335,0.0064101686103125,0.0010206997912668,0.3512833614050059
41,462,18.44,128.21,53.42,23.73010324461316,-3.1415926536,-0.0,-0.0632455532
42,462,18.44,152.29,44.14,23.48000851788602,-3.1415926536,-0.0,-0.1315294644
43,462,18.44,156.42,50.42,36.12023394165658,-3.1346483208,-0.1736083204,-0.1835755975
44,462,18.44,69.31,44.07,23.520172193247223,-3.1415926536,-0.0,-0.02
45,462,18.44,83.33,44.68,38.17063400049834,3.1350567989,-0.0,-0.098488578
46,462,18.44,213.22,43.53,35.0000128571405,-3.1415926536,-0.0,-0.1140175425
47,462,18.44,175.49,50.13,38.81,-3.1415926536,-0.0,-0.2213594362
49,462,18.44,61.71,44.05,36.54158316220029,-3.1140134412,-0.0,-0.4716990566
50,462,18.44,44.17,41.89,25.3900708939538,-3.1415926536,-0.0,-0.1004987562
51,462,18.44,63.05,41.48,38.61057109134751,-3.1351411302,0.0,-0.2088061302
52,462,18.44,50.67,37.64,30.10005980060505,-3.1415926536,-0.2066068665,-0.0806225775
53,462,18.44,63.77,41.28,39.60003156564399,-3.1415926536,-0.0,-0.2789265136
20,463,18.48,292.35,34.46,23.79013450991818,0.0,0.0,0.01
22,463,18.48,257.55,34.65,23.17026111203756,0.010752273791099,0.2688068447774754,0.1
23,463,18.48,393.35,36.3,36.91016391185495,0.0,0.0,0.4390899680020029
24,463,18.48,231.57,36.85,23.375,0,0,-3.125
26,463,18.48,347.82,30.74,38.57018667312877,0.0,-0.163396366148249,0.1581138830084189
29,463,18.48,204.49,36.78,35.374421434264,0.118820868437,-0.146934956428,-0.619209969957
30,463,18.48,217.94,36.20,39.366395127825,0.158168645392,-0.200732081082,0.324439301367
31,463,18.48,139.34,31.37,34.000119117438395,-0.0072991404436983,-0.1824785110924579,0.191049731745428
32,463,18.48,92.23,30.71,36.12584808693077,0.0205450540333986,0.166426452560797,0.6414047084329831
33,463,18.48,61.4,34.9,25.400017716529256,0.0,0.0,0.1019803902718557
34,463,18.48,56.85,27.45,38.63057079567943,0.0,-0.1612880848241834,0.148660687473185
35,463,18.48,45.82,30.65,30.11002656923437,0.0,0.20832851100343,0.094339811320566
36,463,18.48,14.9,27.14,39.16032686278295,0.0,-0.1602542152578148,0.3522782990761707
41,463,18.48,127.26,53.42,23.73010324461316,-3.1415926536,-0.0,-0.0632455532
42,463,18.48,151.36,44.14,23.490008514259845,-3.1415926536,-0.0,-0.1414213562
43,463,18.48,154.98,50.42,36.12019933499814,-3.1415926536,-0.0,-0.1802775638
44,463,18.48,68.38,44.07,23.520136054028256,-3.1415926536,-0.2659474144,-0.03
45,463,18.48,81.8,44.69,38.170577674434014,3.1350567989,0.0,-0.1044030651
46,463,18.48,211.82,43.53,35.00002285713539,-3.1415926536,-0.0,-0.1118033989
47,463,18.48,173.93,50.13,38.82,-3.1415926536,-0.0,-0.2308679276
49,463,18.48,60.26,44.01,36.55208885959871,-3.1140134412,-0.0047200981,-0.4579301257
50,463,18.48,43.16,41.89,25.390096494499584,-3.1415926536,0.2475166647,-0.1004987562
51,463,18.48,61.5,41.47,38.61057109134751,-3.1351411302,-0.0,-0.1897366596
52,463,18.48,49.46,37.65,30.10004152821056,3.1333283789,0.2066068665,-0.0806225775
53,463,18.48,62.18,41.28,39.59003157361712,-3.1415926536,0.1572306313,-0.2886173938
20,464,18.52,293.29,34.46,23.79013450991818,0.0105259270317234,0.2631481757930862,0.0141421356237309
22,464,18.52,258.48,34.66,23.17026111203756,0.0,-0.2688068447774754,0.1081665382639196
23,464,18.52,394.84,36.3,36.93013539103262,0.0,0.0,0.4390899680020029
24,464,18.52,232.5,36.85,23.25,0,0,0
26,464,18.52,349.38,30.74,38.57015685734244,0.0064515233929695,0.1612880848242399,0.1676305461424021
29,464,18.52,205.90,36.94,35.349230914629,0.112694467713,-0.159405693056,-0.636298689169
30,464,18.52,219.50,36.44,39.316888033135,0.150068364345,-0.216472475361,0.296106223479
31,464,18.52,140.71,31.36,33.990119152483125,0.0,0.1824785110924579,0.191049731745428
32,464,18.52,93.69,30.74,36.10567268449655,0.0137922288368356,-0.1688206299140765,0.6414047084329831
33,464,18.52,62.43,34.9,25.400017716529256,0.0,0.0,0.1019803902718557
34,464,18.52,58.4,27.45,38.62057094347519,0.0064515233929696,0.1612880848242406,0.1615549442140351
35,464,18.52,47.03,30.65,30.10002657806136,0.0,0.0,0.094339811320566
36,464,18.52,16.48,27.14,39.180326695932486,0.0063693406186619,0.159233515466548,0.3522782990761707
41,464,18.52,126.31,53.42,23.73010324461316,-3.1415926536,-0.0,-0.0632455532
42,464,18.52,150.41,44.14,23.490008514259845,-3.1415926536,-0.0,-0.1414213562
43,464,18.52,153.54,50.42,36.13019927982685,-3.1415926536,0.1724110597,-0.1720465053
44,464,18.52,67.44,44.08,23.520136054028256,3.130954757,0.2659474144,-0.0316227766
45,464,18.52,80.27,44.7,38.170577674434014,3.1350567989,-0.0,-0.1044030651
46,464,18.52,210.43,43.53,35.00003571426749,-3.1415926536,-0.0,-0.1118033989
47,464,18.52,172.38,50.13,38.83000128766415,-3.1415926536,-0.1602542153,-0.228035085
48,464,18.52,190.82,50.21,33.83014779748974,-3.1415926536,,-0.02
49,464,18.52,58.8,43.97,36.57234064152854,-3.1142022451,-0.1746269447,-0.4494441011
50,464,18.52,42.15,41.88,25.390096494499584,-3.131691987,-0.2475166647,-0.1004987562
51,464,18.52,59.95,41.46,38.62057094347519,-3.1351411302,0.0,-0.1802775638
52,464,18.52,48.24,37.65,30.10004152821056,-3.1415926536,-0.0,-0.0806225775
53,464,18.52,60.59,41.27,39.57003158957546,-3.1353034283,-0.1572306313,-0.2983286778
20,465,18.56,294.24,34.47,23.79013450991818,0.0,-0.2631481757930862,0.0141421356237309
22,465,18.56,259.41,34.66,23.18031061051599,0.0,0.0,0.1081665382639196
23,465,18.56,396.33,36.3,36.94010963708689,0.0,0.0,0.4390899680020029
24,465,18.56,233.43,36.85,23.375,0,0,1.5625
26,465,18.56,350.93,30.75,38.57012963421305,0.0,-0.1612880848242399,0.1676305461424021
29,465,18.56,207.30,37.10,35.323517539131,0.106068412992,-0.17627403061,0.909867135259
30,465,18.56,221.05,36.67,39.390083625704,0.140850847363,-0.232913176499,0.280263657462
31,465,18.56,142.08,31.36,33.980119187548475,0.0,0.0,0.191049731745428
32,465,18.56,95.14,30.76,36.0753281343358,0.0205450540333986,0.1688206299140765,0.6414047084329831
33,465,18.56,63.46,34.9,25.400031496043464,0.0,0.0,0.1004987562112089
34,465,18.56,59.95,27.46,38.62057094347519,0.0064515233929673,-5.655198531684392e-14,0.1802775637731994
35,465,18.56,48.24,30.65,30.10004152821056,0.0,0.0,0.0806225774829855
36,465,18.56,18.05,27.15,39.19032661257111,0.0063290294162028,-0.0010077800614767,0.3622154055254966
41,465,18.56,125.36,53.42,23.73010324461316,-3.1415926536,-0.2631481758,-0.0632455532
42,465,18.56,149.47,44.14,23.50000851063676,-3.1415926536,-0.0,-0.1414213562
43,465,18.56,152.09,50.41,36.13016745048382,-3.1346962112,-0.1724110597,-0.1702938637
44,465,18.56,66.5,44.08,23.510136111898632,-3.1415926536,-0.0,-0.0316227766
45,465,18.56,78.74,44.71,38.170523968109215,3.1350567989,-0.0010749452,-0.1118033989
46,465,18.56,209.02,43.53,35.00003571426749,-3.1415926536,-0.1785683917,-0.1104536102
47,465,18.56,170.82,50.14,38.84000128733263,3.135182485,0.1602542153,-0.2376972865
48,465,18.56,189.46,50.21,33.83014779748974,-3.1415926536,-0.0,-0.03
49,465,18.56,57.33,43.94,36.58259832215312,-3.1211873229,0.1699710178,-0.4272001873
50,465,18.56,41.14,41.88,25.390126033558797,-3.1415926536,-0.0,-0.0905538514
51,465,18.56,58.4,41.45,38.62057094347519,-3.1351411302,-0.1612880848,-0.1615549442
52,465,18.56,47.03,37.65,30.10002657806136,-3.1415926536,-0.0,-0.0943398113
53,465,18.56,59.01,41.27,39.5600455004794,-3.1415926536,-0.0,-0.308058436
20,466,18.6,295.19,34.47,23.79013450991818,0.0,0.0,0.0141421356237309
22,466,18.6,260.34,34.66,23.18031061051599,0.0107522737911066,0.2688068447776665,0.116619037896906
23,466,18.6,397.82,36.3,36.96008657998517,0.0,0.0,0.4390899680020029
24,466,18.6,234.37,36.85,23.375,0,0,0
26,466,18.6,352.5,30.75,38.5701050037461,0.0065358546459322,0.163396366148307,0.1772004514666935
29,466,18.6,208.71,37.24,35.42202028545,0.098592545264,-0.188490871996,0.911316495611
30,466,18.6,222.62,36.88,39.339309125732,0.131435310225,-0.239000332719,-2.815774095671
31,466,18.6,143.44,31.36,33.970119222634466,-0.0073528086666892,-0.1838202166672318,0.1811077027627483
32,466,18.6,96.6,30.79,36.05516051829474,0.0137922288368331,-0.1688206299141377,0.6414047084329831
33,466,18.6,64.49,34.9,25.400031496043464,0.0,0.0,0.1004987562112089
34,466,18.6,61.5,27.47,38.61057109134751,0.0064515233929696,5.728924279413405e-14,0.1897366596101027
35,466,18.6,49.46,30.65,30.10004152821056,-0.0082642746596495,-0.2066068664912377,0.0806225774829855
36,466,18.6,19.63,27.16,39.21032644597594,0.0,-0.1582257354050713,0.363455636907725
41,466,18.6,124.41,53.43,23.740075821277404,3.1310667266,0.2631481758,-0.0632455532
42,466,18.6,148.52,44.14,23.50001914892837,-3.1415926536,-0.0,-0.1513274595
43,466,18.6,150.64,50.41,36.14016740415019,-3.1415926536,-0.0,-0.1702938637
44,466,18.6,65.57,44.08,23.510136111898632,-3.1415926536,-0.2659474144,-0.0316227766
45,466,18.6,77.22,44.72,38.17047288153502,3.1350138011,0.0021359306,-0.1204159458
46,466,18.6,207.62,43.54,35.000051428533645,3.1344499179,0.1785683917,-0.11
47,466,18.6,169.27,50.14,38.85000128700127,-3.1415926536,-0.0,-0.2473863375
48,466,18.6,188.11,50.21,33.83014779748974,-3.1415926536,-0.1838202167,-0.03
49,466,18.6,55.86,43.9,36.6028550798978,-3.1143884822,0.0093760251,-0.4188078318
50,466,18.6,40.13,41.88,25.390126033558797,-3.1415926536,0.2499916672,-0.09
51,466,18.6,56.85,41.45,38.63057079567943,-3.1415926536,0.1612880848,-0.1486606875
52,466,18.6,45.82,37.65,30.11002656923437,-3.1415926536,-0.208328511,-0.0943398113
53,466,18.6,57.42,41.27,39.55004551198392,-3.1415926536,-0.0,-0.3178049716
20,467,18.64,296.15,34.47,23.79013450991818,0.0105259270317228,0.2631481757930704,0.0141421356237309
22,467,18.64,261.27,34.67,23.18031061051599,0.0,-0.2688068447776665,0.1208304597359457
23,467,18.64,399.31,36.3,36.97008655656624,0.0,0.0,0.4390899680020029
24,467,18.64,235.3,36.85,23.375,0,0,1.5625
26,467,18.64,354.03,30.76,38.57008296594655,0.0,-0.163396366148307,0.1772004514666935
29,467,18.64,210.12,37.38,35.39642285878,0.090989143232,-0.196361677008,-0.632430054258
30,467,18.64,224.17,37.08,39.16482169805,0.121730820745,-0.256341774603,-2.798724444747
31,467,18.64,144.8,31.35,33.970119222634466,0.0,0.1838202166672318,0.1811077027627483
32,467,18.64,98.05,30.81,36.03483037284899,0.0206867037798448,0.1723618735752929,0.65
33,467,18.64,65.51,34.9,25.40004921255075,-0.009803607479294,-0.2450901869823515,0.1004987562112089
34,467,18.64,63.05,27.48,38.61057109134751,0.0064515233929673,-5.728924279413405e-14,0.208806130178211
35,467,18.64,50.67,30.64,30.10005980060505,0.0,0.2066068664912377,0.0806225774829855
36,467,18.64,21.2,27.16,39.22028684239829,0.0063290294162028,0.1582257354050709,0.363455636907725
41,467,18.64,123.46,53.43,23.740075821277404,-3.1415926536,-0.0,-0.0632455532
42,467,18.64,147.59,44.14,23.510019140783363,-3.1415926536,0.2659474144,-0.1513274595
43,467,18.64,149.19,50.41,36.14013835059296,-3.1415926536,0.1724110597,-0.1697056275
44,467,18.64,64.63,44.09,23.510136111898632,3.130954757,0.2659474144,-0.0316227766
45,467,18.64,75.68,44.73,38.17047288153502,3.1350992384,-0.0010609854,-0.12
46,467,18.64,206.23,43.54,35.00006999993,-3.1415926536,-0.0,-0.11
47,467,18.64,167.72,50.14,38.86000514668005,-3.1415926536,-0.0,-0.2473863375
48,467,18.64,186.75,50.22,33.83014779748974,3.1342398449,0.1838202167,-0.03
49,467,18.64,54.41,43.86,36.613117867780666,-3.1140134412,-0.0093760251,-0.4049691346
50,467,18.64,39.13,41.87,25.390159511117687,-3.1315929869,-0.2499916672,-0.09
51,467,18.64,55.3,41.44,38.63051772886302,-3.1351411302,0.0010472959,-0.1392838828
52,467,18.64,44.62,37.66,30.11001494519722,3.1332595131,0.208328511,-0.1029563014
53,467,18.64,55.85,41.27,39.540061962520994,-3.1415926536,0.1582257354,-0.3275667871
20,468,18.68,297.1,34.48,23.79013450991818,0.0,-0.2631481757930704,0.0141421356237309
22,468,18.68,262.2,34.67,23.190364378336103,0.0108691371772678,0.2717284294316957,0.1208304597359457
23,468,18.68,400.79,36.3,36.990066234058034,0.0,0.0,0.4304648650006176
24,468,18.68,236.24,36.85,23.5,0,0,0
26,468,18.68,355.58,30.76,38.58006350435416,0.0,0.0,0.1802775637731994
29,468,18.68,211.53,37.50,35.371425881109,0.082883611103,-0.208927869829,-0.612073841343
30,468,18.68,225.73,37.26,39.115411170152,0.110927968257,-0.27061854806,-4.319647449658
31,468,18.68,146.16,31.35,33.960119257741134,-0.0074072719311662,-0.1851817982791556,0.1811077027627483
32,468,18.68,99.5,30.84,36.0146706218452,0.0139851021648817,-0.1675400403740791,0.6551335741663681
33,468,18.68,66.53,34.89,25.40004921255075,0.0,0.2450901869823515,0.0905538513813741
34,468,18.68,64.6,27.49,38.60057123929645,0.0064515233929695,5.5814727839553775e-14,0.2213594362117865
35,468,18.68,51.88,30.64,30.10005980060505,0.0,0.0,0.0721110255092797
36,468,18.68,22.78,27.17,39.230286769280696,0.0063693406186619,0.0010077800614771,0.363455636907725
37,468,18.68,3.46,31.0,36.9004891566494,-0.007518655312305,,0.2009975124224178
41,468,18.68,122.51,53.43,23.740075821277404,-3.1415926536,-0.0,-0.0632455532
42,468,18.68,146.65,44.13,23.52001913264528,-3.130954757,-0.2659474144,-0.1503329638
43,468,18.68,147.74,50.4,36.15013831232185,-3.1346962112,-0.1724110597,-0.162788206
44,468,18.68,63.68,44.09,23.510136111898632,-3.1415926536,-0.0,-0.0316227766
45,468,18.68,74.15,44.74,38.17042441472193,3.1350567989,0.1633963661,-0.1303840481
46,468,18.68,204.83,43.54,35.00006999993,-3.1415926536,-0.0,-0.1104536102
47,468,18.68,166.16,50.14,38.87000514535597,-3.1415926536,-0.0,-0.2570992026
48,468,18.68,185.4,50.22,33.83014779748974,-3.1415926536,-0.1851817983,-0.04
49,468,18.68,52.94,43.82,36.623383240765726,-3.1143884822,-0.0,-0.3911521443
50,468,18.68,38.11,41.87,25.390159511117687,-3.1415926536,0.2475166647,-0.09
51,468,18.68,53.76,41.43,38.64051759487701,-3.1350992384,-0.0010472959,-0.1208304597
52,468,18.68,43.42,37.66,30.11001494519722,-3.1415926536,-0.0,-0.1029563014
53,468,18.68,54.27,41.26,39.52006199387851,-3.1352636242,-0.1582257354,-0.3275667871
54,468,18.68,52.04,37.48,37.23696147646851,-3.1415926536,,-0.4134005322
20,469,18.72,298.06,34.48,23.79013450991818,0.0,0.0,0.0141421356237309
22,469,18.72,263.12,34.68,23.190364378336103,0.0108691371772678,0.0,0.13
23,469,18.72,402.27,36.3,37.00004864861667,0.0,0.0,0.4304648650006176
24,469,18.72,237.18,36.85,23.375,0,0.0668442826,-1.5583222224
26,469,18.72,357.11,30.76,38.58004665627038,0.0064515233929673,0.1612880848241826,0.1897366596101027
29,469,18.72,212.94,37.61,35.347456951472,0.074274913646,-0.221516276498,-0.580690843823
30,469,18.72,227.28,37.43,38.819249902077,0.100081336901,-0.288687336242,-4.261773829313
31,469,18.72,147.51,31.34,33.95014727508557,0.0,0.1851817982791556,0.1711724276862369
32,469,18.72,100.93,30.86,35.9843577127618,0.0139851021648818,3.4694469519536138e-15,0.6551335741663681
33,469,18.72,67.55,34.89,25.400070866042874,0.0,0.0,0.0905538513813741
34,469,18.72,66.15,27.5,38.59057138732207,0.0064515233929696,1.474514954580286e-15,0.2404163056034261
35,469,18.72,53.08,30.64,30.10005980060505,-0.0083331404401372,-0.20832851100343,0.0721110255092797
36,469,18.72,24.35,27.18,39.25028662315729,0.0,-0.159233515466548,0.363455636907725
37,469,18.72,4.79,30.99,36.91048902412429,0.0,0.1879663828076264,0.2137755832643194
41,469,18.72,121.56,53.43,23.740075821277404,-3.1415926536,-0.0,-0.0632455532
42,469,18.72,145.72,44.13,23.52001913264528,-3.1415926536,-0.0,-0.1603121954
43,469,18.72,146.3,50.4,36.15013831232185,-3.1415926536,-0.0,-0.1640121947
44,469,18.72,62.73,44.09,23.510136111898632,-3.1415926536,-0.0,-0.0316227766
45,469,18.72,72.61,44.74,38.17037856767994,-3.1415926536,-0.1633963661,-0.1414213562
46,469,18.72,203.43,43.54,35.00009142845201,-3.1415926536,-0.1773019919,-0.1118033989
47,469,18.72,164.61,50.14,38.88000514403258,-3.1415926536,-0.1602542153,-0.2668332813
48,469,18.72,184.05,50.23,33.84014775381456,3.1341853817,0.1851817983,-0.04
49,469,18.72,51.47,43.78,36.64364747128757,-3.1143884822,0.1585072041,-0.3744329045
50,469,18.72,37.1,41.86,25.390159511117687,-3.131691987,-0.2475166647,-0.09
51,469,18.72,52.21,41.42,38.64051759487701,-3.1351411302,0.0021082813,-0.1118033989
52,469,18.72,42.23,37.66,30.11000664231079,-3.1415926536,-0.0,-0.1118033989
53,469,18.72,52.68,41.26,39.51008099207087,-3.1415926536,-0.0,-0.3373425559
54,469,18.72,50.55,37.51,37.22658190057207,3.1214611455,0.1677373848,-0.4188078318
20,470,18.76,299.01,34.48,23.79013450991818,0.0104162899309745,0.2604072482743648,0.01
22,470,18.76,264.04,34.69,23.20036422127894,0.0,-0.2717284294316957,0.1392838827718412
23,470,18.76,403.74,36.3,37.02003376551675,0.0,0.0,0.4304648650006176
24,470,18.76,238.11,36.85,23.3753342222,0.0053475426,0.0664887346,1.5666555557
26,470,18.76,358.66,30.77,38.58003240019376,0.0,-0.1612880848241826,0.1897366596101027
29,470,18.76,214.35,37.71,35.324970613603,0.065162308983,-0.231652961415,-2.097690021642
30,470,18.76,228.82,37.57,38.774469263807,0.087832981358,-0.320840354662,2.045417130718
31,470,18.76,148.86,31.34,33.95014727508557,0.0,0.0,0.1711724276862369
32,470,18.76,102.36,30.88,35.96420581633912,0.0138879959309668,-0.0024276558478765,0.6466065264130885
33,470,18.76,68.56,34.89,25.400070866042874,0.0,0.0,0.0905538513813741
34,470,18.76,67.7,27.51,38.58062726291525,0.0064515233929673,-5.728924279413405e-14,0.25
35,470,18.76,54.28,30.63,30.09005982047892,0.0,0.20832851100343,0.0707106781186547
36,470,18.76,25.91,27.18,39.2602496171382,0.0062892252527083,0.1572306313177089,0.3649657518178931
37,470,18.76,6.17,30.99,36.910541854597575,-0.0069928930053319,-0.1748223251332984,0.2184032966784155
41,470,18.76,120.61,53.43,23.740075821277404,-3.1415926536,-0.0,-0.0632455532
42,470,18.76,144.78,44.13,23.53001912451412,-3.1415926536,-0.0,-0.1603121954
43,470,18.76,144.86,50.4,36.16013827407191,-3.1415926536,-0.0,-0.158113883
44,470,18.76,61.78,44.09,23.510136111898632,-3.1415926536,-0.2659474144,-0.0316227766
45,470,18.76,71.08,44.75,38.17033534041848,3.1350567989,0.0010609854,-0.1431782106
46,470,18.76,202.02,43.55,35.000115714094434,3.1345005739,0.1773019919,-0.1118033989
47,470,18.76,163.05,50.15,38.890011571096245,3.135182485,0.1602542153,-0.2647640459
48,470,18.76,182.69,50.23,33.84014775381456,-3.1415926536,-0.0,-0.05
49,470,18.76,49.98,43.73,36.65391793519487,-3.108048194,-0.1676317076,-0.3605551275
50,470,18.76,36.08,41.86,25.390196927160687,-3.1415926536,-0.0,-0.08
51,470,18.76,50.68,41.41,38.65051746096034,-3.1350567989,-0.0010609854,-0.1029563014
52,470,18.76,41.04,37.66,30.11000664231079,-3.1415926536,-0.2100790887,-0.1166190379
53,470,18.76,51.09,41.26,39.50008101257515,-3.1415926536,0.1592335155,-0.3471310992
54,470,18.76,49.06,37.53,37.21621286482546,3.1281706408,-0.1643830308,-0.4272001873
20,471,18.8,299.97,34.49,23.79013450991818,0.0,-0.2604072482743648,0.01
22,471,18.8,264.96,34.69,23.200422409947624,0.0107522737911066,0.2688068447776665,0.148660687473185
23,471,18.8,405.22,36.3,37.03002160409848,0.0,0.0,0.4304648650006176
24,471,18.8,239.05,36.86,23.5003324445,0.0053190988,-0.0668442826,-0.0041777776
26,471,18.8,360.21,30.77,38.58002073612714,0.0,0.0,0.1897366596101027
29,471,18.8,215.76,37.80,35.179641749741,0.055742676733,-0.246725387252,-0.482156410252
30,471,18.8,230.37,37.70,38.982883272535,0.074414108528,-0.337020646513,2.158302891947
31,471,18.8,150.21,31.34,33.940147318478154,-0.007352808666692,-0.1838202166673009,0.161245154965971
32,471,18.8,103.8,30.9,35.94390768962106,0.0139851021648842,0.0024276558479351,0.6466065264130885
33,471,18.8,69.57,34.89,25.400096456509765,-0.0099006665879865,-0.2475166646996638,0.0905538513813741
34,471,18.8,69.25,27.52,38.57062742554236,0.0064515233929696,5.728924279413405e-14,0.2692582403567252
35,471,18.8,55.5,30.63,30.090081422289305,-0.0083331404401342,-0.208328511003356,0.0707106781186547
36,471,18.8,27.5,27.19,39.28024949004271,0.0,-0.1572306313177089,0.3649657518178931
37,471,18.8,7.6,30.98,36.92054170783522,-0.0069443328150166,0.0012140047578824,0.2340939982143925
41,471,18.8,119.65,53.43,23.75007578935276,-3.1415926536,-0.2604072483,-0.0632455532
42,471,18.8,143.84,44.13,23.540019116389857,-3.1415926536,-0.0,-0.1603121954
43,471,18.8,143.41,50.4,36.16013827407191,-3.1415926536,0.1724110597,-0.1664331698
44,471,18.8,60.84,44.1,23.510136111898632,3.130954757,0.2659474144,-0.0360555128
45,471,18.8,69.54,44.76,38.17033534041848,3.1350992384,0.1623353807,-0.155241747
46,471,18.8,200.62,43.55,35.000115714094434,-3.1415926536,-0.0,-0.1140175425
47,471,18.8,161.5,50.15,38.90001156812167,-3.1415926536,-0.0,-0.2745906044
48,471,18.8,181.34,50.23,33.84014775381456,-3.1415926536,-0.1851817983,-0.05
49,471,18.8,48.49,43.69,36.664190977028255,-3.1147534623,-0.0044710721,-0.3466987165
50,471,18.8,35.06,41.86,25.390196927160687,-3.1415926536,0.245090187,-0.08
51,471,18.8,49.14,41.4,38.65051746096034,-3.1350992384,-0.1623353807,-0.0943398113
52,471,18.8,39.85,37.67,30.120001660026517,3.13318949,0.2100790887,-0.1166190379
53,471,18.8,49.52,41.25,39.48008105361487,-3.135223313,-0.1592335155,-0.3471310992
54,471,18.8,47.56,37.56,37.2058543780411,3.1215953196,-0.0033543539,-0.4326661531
20,472,18.84,300.92,34.49,23.79013450991818,0.0,0.0,0.02
22,472,18.84,265.89,34.7,23.21042222795613,0.0,-0.2688068447776665,0.1456021977856103
23,472,18.84,406.7,36.3,37.050012145747,0.0,0.0,0.4304648650006176
24,472,18.84,239.99,36.86,23.375,0,-0.0664887346,-3.1291555557
26,472,18.84,361.78,30.77,38.580011664072885,0.0,0.0,0.1992485884517127
29,472,18.84,217.16,37.87,35.286398100783,0.045424278003,-0.260243580326,-0.415139013564
30,472,18.84,231.93,37.80,38.947133495163,0.060871329637,-0.345248830247,-2.380239300602
31,472,18.84,151.57,31.33,33.930147361896324,0.0,0.1838202166673009,0.161245154965971
32,472,18.84,105.23,30.92,35.9236203632095,0.0208303200362154,0.1711304467832808,0.6466065264130885
33,472,18.84,70.58,34.88,25.400096456509765,0.0,0.2475166646996638,0.0905538513813741
34,472,18.84,70.8,27.53,38.5606275882538,0.0,-0.1612880848242414,0.2816025568065745
35,472,18.84,56.7,30.62,30.090081422289305,0.0,0.208328511003356,0.0640312423743284
36,472,18.84,29.09,27.19,39.29024942654348,0.0063290294162005,0.1582257354050147,0.3649657518178931
37,472,18.84,9.04,30.97,36.93059707072173,-0.0068026161548074,0.0035429165052294,0.2416609194718914
41,472,18.84,118.69,53.44,23.75007578935276,3.1311763637,0.2604072483,-0.0632455532
42,472,18.84,142.9,44.13,23.54003398468235,-3.1415926536,-0.0,-0.1603121954
43,472,18.84,141.96,50.39,36.17011197107357,-3.1346962112,-0.1724110597,-0.161245155
44,472,18.84,59.89,44.1,23.510136111898632,-3.1415926536,-0.0,-0.0360555128
45,472,18.84,68.0,44.76,38.17029473294646,-3.1415926536,-0.1623353807,-0.158113883
46,472,18.84,199.22,43.55,35.00014285685131,-3.1415926536,-0.1785683917,-0.1140175425
47,472,18.84,159.94,50.15,38.91001156514863,-3.1415926536,-0.0,-0.2844292531
48,472,18.84,179.99,50.24,33.84014775381456,3.1341853817,0.1851817983,-0.05
49,472,18.84,46.99,43.65,36.67418710755563,-3.1149323052,0.0090025203,-0.3244996148
50,472,18.84,34.04,41.85,25.390196927160687,-3.1317890461,-0.245090187,-0.08
51,472,18.84,47.59,41.4,38.65051746096034,-3.1415926536,0.1612880848,-0.0806225775
52,472,18.84,38.64,37.67,30.12,-3.1415926536,-0.0,-0.1166190379
53,472,18.84,47.93,41.25,39.47010260944352,-3.1415926536,-0.0,-0.356931366
54,472,18.84,46.07,37.59,37.19550644903225,3.1214611455,0.1699741209,-0.4326661531
20,473,18.88,301.87,34.49,23.79013450991818,0.010752273791099,0.2688068447774754,0.02
22,473,18.88,266.81,34.7,23.21042222795613,0.0108691371772678,0.2717284294316957,0.1552417469626002
23,473,18.88,408.18,36.3,37.06000539665368,0.0,0.0,0.4304648650006176
24,473,18.88,240.92,36.86,23.25,0,0,0
26,473,18.88,363.32,30.77,38.590011661050326,0.0,0.0,0.1992485884517127
29,473,18.88,218.58,37.92,35.146430628656,0.034923190307,-0.268722209284,-5.017664291367
30,473,18.88,233.48,37.89,38.792464128487,0.046794202108,-0.362929358102,-2.218585331737
31,473,18.88,152.92,31.33,33.930147361896324,-0.0074072719311634,-0.1851817982790859,0.1513274595042155
32,473,18.88,106.67,30.95,35.89348269533064,0.0140835758228598,-0.1686686053338891,0.6466065264130885
33,473,18.88,71.59,34.88,25.400096456509765,0.0,0.0,0.09
34,473,18.88,72.36,27.53,38.55062775104965,0.0064515233929673,0.1612880848241841,0.3008321791298264
35,473,18.88,57.91,30.62,30.090081422289305,0.0,0.0,0.0640312423743284
36,473,18.88,30.67,27.2,39.31021495743823,0.0,-0.1582257354050147,0.3649657518178931
37,473,18.88,10.51,30.96,36.94065511059596,0.0,0.1700654038701864,0.2594224354214569
41,473,18.88,117.74,53.44,23.75007578935276,-3.1415926536,-0.0,-0.0632455532
42,473,18.88,141.95,44.13,23.550033970251512,-3.1415926536,-0.0,-0.16
43,473,18.88,140.51,50.39,36.17011197107357,-3.1415926536,-0.0,-0.1655294536
44,473,18.88,58.94,44.1,23.510136111898632,-3.1415926536,-0.2659474144,-0.0360555128
45,473,18.88,66.46,44.77,38.17025674527223,3.1350992384,-0.0010609854,-0.1708800749
46,473,18.88,197.82,43.56,35.00014285685131,3.1344499179,0.1785683917,-0.1170469991
47,473,18.88,158.39,50.15,38.93001155920712,-3.1415926536,-0.0,-0.2844292531
48,473,18.88,178.63,50.24,33.84014775381456,-3.1415926536,-0.0,-0.06
49,473,18.88,45.51,43.61,36.684462651100674,-3.1145722044,-0.0045314482,-0.316227766
50,473,18.88,33.01,41.85,25.39023828167038,-3.1415926536,0.2427108209,-0.08
51,473,18.88,46.04,41.39,38.65046700882151,-3.1351411302,0.0,-0.0721110255
52,473,18.88,37.45,37.67,30.12,-3.1415926536,-0.0,-0.1303840481
53,473,18.88,46.35,41.25,39.45010266146338,-3.1415926536,0.1582257354,-0.356931366
54,473,18.88,44.57,37.61,37.1850036977274,3.1282601103,-0.1699741209,-0.43829214
20,474,18.92,302.8,34.5,23.79013450991818,0.0,-0.2688068447774754,0.02
22,474,18.92,267.73,34.71,23.22048449106952,0.0,-0.2717284294316957,0.1649242250247064
23,474,18.92,409.67,36.3,37.080001348435786,0.0,0.0,0.4304648650006176
24,474,18.92,241.85,36.86,23.375,0,0,1.5625
26,474,18.92,364.86,30.77,38.590005182689474,0.0,0.0,0.2024845673131659
29,474,18.92,219.97,37.97,34.884984957474,0.02392650126,-0.284372485523,-3.360579756347
30,474,18.92,235.03,37.95,38.769646668624,0.031836980988,-0.383080120393,1.095059671454
31,474,18.92,154.27,31.32,33.92014740534009,0.0,0.1851817982790859,0.1513274595042155
32,474,18.92,108.09,30.97,35.87321145367389,0.0070421371083132,-0.1760359678636648,0.6381222453417528
33,474,18.92,72.61,34.88,25.400125983939528,-0.0099006665879935,-0.2475166646998397,0.08
34,474,18.92,73.91,27.54,38.54062791393,0.0064934152282264,0.0010472958814764,0.3201562118716424
35,474,18.92,59.12,30.62,30.090081422289305,-0.0084031635476482,-0.2100790886912066,0.058309518948453
36,474,18.92,32.25,27.2,39.3202149027698,0.0063693406186641,0.1592335154666046,0.3649657518178931
37,474,18.92,11.98,30.96,36.95071582527192,-0.0068492079639361,-0.1712301990984031,0.2692582403567252
41,474,18.92,116.79,53.44,23.75007578935276,-3.1415926536,-0.0,-0.0632455532
42,474,18.92,141.01,44.13,23.56003395583292,-3.1415926536,0.2659474144,-0.16
43,474,18.92,139.07,50.39,36.180111940125336,-3.1415926536,0.1724110597,-0.1615549442
44,474,18.92,58.0,44.11,23.50013616981825,3.130954757,0.2659474144,-0.0360555128
45,474,18.92,64.93,44.78,38.16022143541623,3.1350567989,0.1633963661,-0.174642492
46,474,18.92,196.41,43.56,35.000172856716006,-3.1415926536,-0.1798530123,-0.1170469991
47,474,18.92,156.84,50.15,38.94001155623865,-3.1415926536,-0.1602542153,-0.2942787794
48,474,18.92,177.28,50.24,33.85014771016517,-3.1415926536,-0.1838202167,-0.06
49,474,18.92,44.02,43.57,36.69474076758139,-3.1147534623,0.1732937086,-0.2941088234
50,474,18.92,31.98,41.84,25.39023828167038,-3.1318842208,-0.2427108209,-0.08
51,474,18.92,44.49,41.38,38.660466888024,-3.1351411302,-0.0010338696,-0.0640312424
52,474,18.92,36.24,37.67,30.120001660026517,-3.1415926536,-0.0,-0.1303840481
53,474,18.92,44.77,41.24,39.44012677464411,-3.1352636242,-0.1582257354,-0.356931366
54,474,18.92,43.08,37.64,37.17468224477514,3.1214611455,0.1654704279,-0.43829214
20,475,18.96,303.75,34.5,23.79013450991818,0.0,0.0,0.02
22,475,18.96,268.65,34.71,23.230484282511203,0.010752273791099,0.2688068447774754,0.1746424919657298
23,475,18.96,411.15,36.3,37.09000134807224,0.0,0.0,0.4304648650006176
24,475,18.96,242.79,36.86,23.375,0,0,0
26,475,18.96,366.39,30.77,38.59000129567244,0.0,0.0,0.2024845673131659
29,475,18.96,221.37,37.99,34.877584248148,0.012173391465,-0.26051651356,-0.122737260227
30,475,18.96,236.58,37.99,38.880068902203,0.016147792476,-0.346968955491,2.883473165393
31,475,18.96,155.63,31.32,33.910147448809475,0.0,0.0,0.140356688476182
32,475,18.96,109.51,30.98,35.85308076023593,0.0139851021648818,0.1735741264142145,0.6381222453417528
33,475,18.96,73.62,34.87,25.400125983939528,0.0,0.2475166646998397,0.08
34,475,18.96,75.45,27.55,38.53068647195376,0.0064515233929673,-0.0010472958814764,0.3324154027718932
35,475,18.96,60.31,30.61,30.090081422289305,0.0,0.2100790886912066,0.058309518948453
36,475,18.96,33.82,27.21,39.34021479351632,0.0,-0.1592335154666046,0.3667424164178449
37,475,18.96,13.44,30.95,36.96077921256531,-0.0068026161548074,0.0011647952282166,0.2884441020371191
41,475,18.96,115.85,53.44,23.760075757454985,-3.1415926536,-0.0,-0.0608276253
42,475,18.96,140.07,44.12,23.56003395583292,-3.130954757,-0.2659474144,-0.16
43,475,18.96,137.62,50.38,36.19013815944891,-3.1346962112,-0.1724110597,-0.1615549442
44,475,18.96,57.07,44.11,23.50013616981825,-3.1415926536,-0.0,-0.0360555128
45,475,18.96,63.41,44.78,38.16018867877883,-3.1415926536,-0.1633963661,-0.1878829423
46,475,18.96,195.02,43.57,35.01020565492296,3.1343985331,0.0012846205,-0.1118033989
47,475,18.96,155.28,50.16,38.95001155327172,3.135182485,0.1602542153,-0.302654919
48,475,18.96,175.92,50.25,33.85014771016517,3.1342398449,0.1838202167,-0.07
49,475,18.96,42.54,43.52,36.70502145483639,-3.107821714,-0.1641692052,-0.2801785145
50,475,18.96,30.95,41.84,25.39023828167038,-3.1415926536,0.2427108209,-0.07
51,475,18.96,42.93,41.37,38.660466888024,-3.135182485,0.0020811654,-0.0565685425
52,475,18.96,35.03,37.67,30.13000663790169,-3.1415926536,-0.0,-0.1303840481
53,475,18.96,43.2,41.24,39.43012680679584,-3.1415926536,0.1602542153,-0.3667424164
54,475,18.96,41.6,37.66,37.16437137905066,3.1280799626,0.0022669568,-0.4301162634
20,476,19.0,304.69,34.5,23.79017023898736,0.0105259270317234,0.2631481757930862,0.02
22,476,19.0,269.58,34.72,23.230484282511203,0.0108691371772678,0.0029215846542202,0.1824828759089465
23,476,19.0,412.63,36.3,37.11,0.0,0.0,0.4304648650006176
24,476,19.0,243.72,36.86,23.375,0,0,1.5625
26,476,19.0,367.92,30.77,38.59,0.0,0.0,0.2118962010041709
29,476,19,222.76,38.00,34.875165976655,0.003085180176,-0.152167393313,3.092696898158
30,476,19,238.14,38.00,39.000324521855,0.004079464549,-0.201847405954,1.499138722474
31,476,19.0,156.98,31.32,33.910178412978006,-0.0073528086666918,-0.1838202166672971,0.140356688476182
32,476,19.0,110.94,31.0,35.83282573283888,0.0140835758228598,0.0024618414494503,0.6296824596572467
33,476,19.0,74.63,34.87,25.40015944831843,0.0,0.0,0.08
34,476,19.0,77.0,27.56,38.5106868284636,0.0064515233929696,5.728924279413405e-14,0.3517101079013795
35,476,19.0,61.51,30.61,30.080081449357813,0.0,0.0,0.053851648071345
36,476,19.0,35.4,27.21,39.35018297289099,0.0063693406186619,0.159233515466548,0.3667424164178449
37,476,19.0,14.91,30.94,36.97084527029373,-0.0067566539357863,0.0011490554755289,0.3080584360149873
41,476,19.0,114.9,53.44,23.760075757454985,-3.1415926536,-0.2659474144,-0.0608276253
42,476,19.0,139.13,44.12,23.57003394142656,-3.1415926536,-0.0,-0.16
43,476,19.0,136.17,50.38,36.19013815944891,-3.1415926536,-0.0,-0.1676305461
44,476,19.0,56.14,44.11,23.50013616981825,-3.1415926536,-0.2688068448,-0.0424264069
45,476,19.0,61.88,44.79,38.16015854264759,3.1350567989,0.1633963661,-0.1923538406
46,476,19.0,193.62,43.58,35.01020565492296,3.1344499179,0.1785683917,-0.1118033989
47,476,19.0,153.72,50.16,38.9600115503063,-3.1415926536,-0.0,-0.302654919
48,476,19.0,174.56,50.25,33.85017872921796,-3.1415926536,-0.1838202167,-0.07
49,476,19.0,41.07,43.48,36.71501736347131,-3.1143884822,-0.0,-0.2662705391
50,476,19.0,29.92,41.83,25.39023828167038,-3.1318842208,-0.2427108209,-0.07
51,476,19.0,41.39,41.36,38.660466888024,-3.1350992384,-0.1623353807,-0.05
52,476,19.0,33.81,37.67,30.130014935276748,-3.1415926536,-0.0,-0.1360147051
53,476,19.0,41.64,41.23,39.41015351403747,-3.135182485,-0.1602542153,-0.3667424164
54,476,19.0,40.11,37.68,37.15407110936835,3.1281706408,-0.0022669568,-0.4360045871
56,476,19,310.00,53.20,23.82,-3.1415926536,0,0
57,476,19,288.00,50.30,33.84,-3.1415926536,0,0
58,476,19,362.00,53.20,23.82,-3.1415926536,0,0
59,476,19,340.00,50.30,33.84,-3.1415926536,0,0
20,477,19.04,305.64,34.51,23.800170167458887,0.0,-0.2631481757930862,0.03
22,477,19.04,270.5,34.73,23.24048407413236,0.0,-0.2717284294316957,0.1824828759089465
24,477,19.04,244.66,36.86,23.5,0,0,3.125
26,477,19.04,369.45,30.77,38.60000129533677,0.0,0.0,0.2154065922853802
29,477,19.04,224.16,38.00,35.125000000001,0,-0.038564752194,3.122925291798
30,477,19.04,239.70,38.00,39.000000000001,0,-0.050993306864,-0.004056523204
31,477,19.04,158.34,31.31,33.90017846560693,0.0,0.1838202166672971,0.130384048104053
32,477,19.04,112.36,31.02,35.81270305352558,0.0138879959309668,-0.0048894972973268,0.6296824596572467
33,477,19.04,75.65,34.87,25.40015944831843,-0.009803607479294,-0.2450901869823515,0.08
34,477,19.04,78.55,27.57,38.50068700685742,0.0064515233929673,-5.728924279413405e-14,0.3710795063055894
35,477,19.04,62.7,30.61,30.080081449357813,-0.0083331404401342,-0.2083285110033572,0.0632455532033675
36,477,19.04,36.97,27.22,39.370182879941005,0.0,-0.159233515466548,0.3667424164178449
37,477,19.04,16.39,30.93,36.98098565479292,-0.0068026161548074,-0.0011490554755291,0.3140063693621516
41,477,19.04,113.96,53.45,23.760075757454985,3.130954757,0.2659474144,-0.0608276253
42,477,19.04,138.18,44.12,23.58003392703242,-3.1415926536,-0.0,-0.1603121954
43,477,19.04,134.73,50.38,36.200138121283466,-3.1415926536,0.1724110597,-0.1676305461
44,477,19.04,55.21,44.12,23.50013616981825,3.1308403798,0.2688068448,-0.0424264069
45,477,19.04,60.37,44.79,38.15013106137383,-3.1415926536,-0.0,-0.2059126028
46,477,19.04,192.22,43.58,35.010241358779574,-3.1415926536,-0.1785683917,-0.1166190379
47,477,19.04,152.16,50.16,38.9700115473424,-3.1415926536,-0.0,-0.3125699922
48,477,19.04,173.2,50.26,33.86017867643347,3.1342398449,0.1838202167,-0.08
49,477,19.04,39.6,43.44,36.72530054335839,-3.1143884822,-0.0045930552,-0.25
50,477,19.04,28.89,41.83,25.39028357462752,-3.1415926536,-0.0,-0.07
51,477,19.04,39.84,41.36,38.660466888024,-3.1415926536,0.1612880848,-0.05
52,477,19.04,32.61,37.67,30.130026551597997,-3.1415926536,0.208328511,-0.1360147051
53,477,19.04,40.09,41.23,39.40015355300027,-3.1415926536,0.1602542153,-0.3667424164
54,477,19.04,38.63,37.7,37.14378144454331,3.1280799626,0.0,-0.4360045871
56,477,19.04,309.05,53.20,23.82,-3.1415926536,0,0
57,477,19.04,286.65,50.30,33.84,-3.1415926536,0,0
58,477,19.04,361.05,53.20,23.82,-3.1415926536,0,0
59,477,19.04,338.65,50.30,33.84,-3.1415926536,0,0
20,478,19.08,306.59,34.51,23.800170167458887,0.0,0.0,0.03
22,478,19.08,271.43,34.73,23.250550531116463,0.0107522737911066,0.2688068447776665,0.1923538406167134
24,478,19.08,245.6,36.86,23.625,0,0,1.5625
26,478,19.08,370.98,30.77,38.6000051813468,-0.0064934152282242,-0.1623353807056074,0.2154065922853802
29,478,19.08,225.57,38.00,35.124999999999,0,0,1.562499999979
30,478,19.08,241.26,38.00,38.999999999999,0,0,-1.56250000002
31,478,19.08,159.69,31.31,33.90017846560693,-0.0074072719311635,-0.1851817982790898,0.130384048104053
32,478,19.08,113.8,31.04,35.792464290685544,0.0069928930053343,-0.1723775731408103,0.6158733636065129
33,478,19.08,76.67,34.86,25.40015944831843,0.0,0.2450901869823515,0.0707106781186547
34,478,19.08,80.1,27.58,38.48068736392321,0.0064934152282264,0.0010472958814764,0.383275357934736
35,478,19.08,63.9,30.6,30.080081449357813,0.0,0.2083285110033572,0.0608276253029822
36,478,19.08,38.53,27.22,39.38015363098524,0.0064101686103125,0.1602542152578147,0.3667424164178449
37,478,19.08,17.86,30.92,36.991059730697096,-0.0068026161548098,-6.043342909434203e-14,0.3264965543462901
41,478,19.08,113.03,53.45,23.760075757454985,-3.1415926536,-0.0,-0.0608276253
42,478,19.08,137.23,44.12,23.58003392703242,-3.1415926536,-0.0,-0.1603121954
43,478,19.08,133.28,50.37,36.21013808313909,-3.1346962112,-0.1724110597,-0.164924225
44,478,19.08,54.28,44.12,23.50013616981825,-3.1415926536,-0.0,-0.0360555128
45,478,19.08,58.85,44.79,38.150106159747445,-3.1415926536,-0.1644713113,-0.2059126028
46,478,19.08,190.82,43.59,35.010241358779574,3.1344499179,0.1785683917,-0.1166190379
47,478,19.08,150.6,50.16,38.99001154141917,-3.1415926536,-0.0,-0.3125699922
48,478,19.08,171.85,50.26,33.86017867643347,-3.1415926536,-0.1838202167,-0.08
49,478,19.08,38.12,43.4,36.72530054335839,-3.1145722044,0.1745012071,-0.2360084744
50,478,19.08,27.88,41.83,25.39028357462752,-3.1415926536,0.2475166647,-0.0707106781
51,478,19.08,38.29,41.35,38.660466888024,-3.1351411302,0.0010472959,-0.0360555128
52,478,19.08,31.41,37.66,30.14002654278858,-3.1332595131,-0.208328511,-0.142126704
53,478,19.08,38.53,41.22,39.38015363098524,-3.135182485,-0.1602542153,-0.3667424164
54,478,19.08,37.15,37.72,37.13350239339134,3.1280799626,-0.0,-0.4280186912
56,478,19.08,308.09,53.20,23.82,-3.1415926536,0,0
57,478,19.08,285.29,50.30,33.84,-3.1415926536,0,0
58,478,19.08,360.09,53.20,23.82,-3.1415926536,0,0
59,478,19.08,337.29,50.30,33.84,-3.1415926536,0,0
20,479,19.12,307.55,34.51,23.800170167458887,0.0,0.0,0.0316227766016837
22,479,19.12,272.36,34.74,23.250550531116463,0.0108691371772685,0.002921584654046,0.2009975124224178
24,479,19.12,246.55,36.86,23.625,0,0,-3.125
26,479,19.12,372.52,30.76,38.60001165802933,0.0,0.1623353807056074,0.2154065922853802
29,479,19.12,226.97,38.00,35.249999999999,0,0,3.125000000021
30,479,19.12,242.82,38.00,38.874999999999,0,0,-1.562499999977
31,479,19.12,161.04,31.3,33.890178518266914,0.0,0.1851817982790898,0.1204159457879229
32,479,19.12,115.23,31.05,35.762350314262065,0.0139851021648818,0.1748052289886868,0.6158733636065129
33,479,19.12,77.67,34.86,25.40019684963091,-0.0099006665879865,-0.2475166646996638,0.0707106781186547
34,479,19.12,81.64,27.59,38.47074862801607,0.0064934152282264,0.0,0.4026164427839479
35,479,19.12,65.09,30.6,30.080081449357813,-0.0082642746596524,-0.2066068664913123,0.0608276253029822
36,479,19.12,40.09,27.23,39.40015355300027,0.0,-0.1602542152578147,0.3667424164178449
37,479,19.12,19.33,30.91,37.00113646903295,-0.0067566539357863,0.0011490554755896,0.340587727318528
41,479,19.12,112.08,53.45,23.770075725584046,-3.1415926536,-0.0,-0.0608276253
42,479,19.12,136.28,44.12,23.590033912650487,-3.1415926536,0.2631481758,-0.1603121954
43,479,19.12,131.84,50.37,36.21013808313909,-3.1415926536,0.1724110597,-0.174642492
44,479,19.12,53.34,44.12,23.50013616981825,-3.1415926536,-0.2631481758,-0.0360555128
45,479,19.12,57.33,44.8,38.14008390132355,3.1350138011,0.1644713113,-0.2109502311
46,479,19.12,189.41,43.59,35.02027983897331,-3.1415926536,-0.1785683917,-0.1140175425
47,479,19.12,149.03,50.16,39.00001153845983,-3.1415926536,-0.0,-0.3224903099
48,479,19.12,170.49,50.27,33.86017867643347,3.1342398449,0.1838202167,-0.08
49,479,19.12,36.65,43.35,36.73558628904675,-3.1075921561,-0.1745012071,-0.2220360331
50,479,19.12,26.87,41.82,25.39028357462752,-3.131691987,-0.2475166647,-0.0707106781
51,479,19.12,36.75,41.34,38.660466888024,-3.1350992384,-0.0010472959,-0.0316227766
52,479,19.12,30.21,37.66,30.140041473096883,-3.1415926536,-0.0,-0.142126704
53,479,19.12,36.97,41.22,39.370182879941005,-3.1415926536,0.1592335155,-0.3667424164
54,479,19.12,35.67,37.74,37.12323396472888,3.1280799626,0.0022669568,-0.4280186912
56,479,19.12,307.14,53.20,23.82,-3.1415926536,0,0
57,479,19.12,283.94,50.30,33.84,-3.1415926536,0,0
58,479,19.12,359.14,53.20,23.82,-3.1415926536,0,0
59,479,19.12,335.94,50.30,33.84,-3.1415926536,0,0
20,480,19.16,308.5,34.51,23.800170167458887,0.0105259270317309,0.2631481757932731,0.0316227766016837
22,480,19.16,273.28,34.75,23.26055029443629,0.0,-0.2717284294317125,0.2109502310972898
24,480,19.16,247.49,36.86,23.375,0,0,-3.125
26,480,19.16,374.06,30.76,38.61002072001516,0.0,0.0,0.2193171219946131
29,480,19.16,228.39,38.00,35.375000000001,0,0,1.562500000023
30,480,19.16,244.37,38.00,38.875000000001,0,0,1.56250000002
31,480,19.16,162.39,31.3,33.890178518266914,-0.007407271931166,-0.1851817982791517,0.1204159457879229
32,480,19.16,116.66,31.07,35.74212780459496,0.0139851021648817,-3.4694469519536138e-15,0.6074537019394977
33,480,19.16,78.68,34.85,25.40019684963091,0.0,0.2475166646996638,0.0707106781186547
34,480,19.16,83.18,27.6,38.45074901741187,0.0064515233929673,-0.0010472958814764,0.4148493702538308
35,480,19.16,66.3,30.59,30.07008147644433,0.0,0.2066068664913123,0.0608276253029822
36,480,19.16,41.64,27.23,39.41015351403747,0.0064101686103103,0.1602542152577577,0.3667424164178449
37,480,19.16,20.81,30.9,37.011298274986245,-0.0136046027777749,-0.1711987210497167,0.3538361202590827
41,480,19.16,111.13,53.45,23.77005258723674,-3.1415926536,-0.2631481758,-0.0608276253
42,480,19.16,135.33,44.11,23.590033912650487,-3.1310667266,-0.2631481758,-0.161245155
43,480,19.16,130.39,50.36,36.22013804501579,-3.1346962112,-0.1724110597,-0.172626765
44,480,19.16,52.39,44.13,23.50013616981825,3.1310667266,0.2631481758,-0.0360555128
45,480,19.16,55.8,44.8,38.140064236967405,-3.1415926536,-0.0,-0.2163330765
46,480,19.16,188.01,43.6,35.02027983897331,3.1344499179,0.0,-0.1140175425
47,480,19.16,147.47,50.16,39.01001153550201,-3.1415926536,-0.1602542153,-0.3324154028
48,480,19.16,169.14,50.27,33.870178623680154,-3.1415926536,-0.1838202167,-0.0905538514
49,480,19.16,35.17,43.31,36.74558204736999,-3.1145722044,0.0045930552,-0.2080865205
50,480,19.16,25.88,41.82,25.39033280601103,-3.1415926536,0.2499916672,-0.0608276253
51,480,19.16,35.2,41.33,38.660419035494165,-3.1351411302,-0.1612880848,-0.0316227766
52,480,19.16,29.0,37.66,30.140059721241432,-3.1415926536,-0.0,-0.1486606875
53,480,19.16,35.4,41.21,39.35018297289099,-3.135223313,-0.1592335155,-0.3667424164
54,480,19.16,34.18,37.76,37.11297616737305,3.1281706408,0.0,-0.4263801121
56,480,19.16,306.19,53.20,23.82,-3.1415926536,0,0
57,480,19.16,282.59,50.30,33.84,-3.1415926536,0,0
58,480,19.16,358.19,53.20,23.82,-3.1415926536,0,0
59,480,19.16,334.59,50.30,33.84,-3.1415926536,0,0
20,481,19.2,309.45,34.52,23.800170167458887,0.0,-0.2631481757932731,0.0316227766016837
22,481,19.2,274.21,34.75,23.270550057959525,0.010752273791099,0.2688068447774754,0.2109502310972898
24,481,19.2,248.42,36.86,23.375,0,0,1.5625
26,481,19.2,375.6,30.76,38.6100323750188,0.0,0.0,0.2193171219946131
29,481,19.2,229.80,38.00,35.375000000001,0,0,-3.125000000021
30,481,19.2,245.93,38.00,39.000000000001,0,0,1.562499999977
31,481,19.2,163.74,31.29,33.88017857095797,0.0,0.1851817982791517,0.1104536101718726
32,481,19.2,118.09,31.09,35.7220212194103,0.0069928930053344,-0.1748052289886816,0.6074537019394977
33,481,19.2,79.71,34.85,25.40019684963091,0.0,0.0,0.0707106781186547
34,481,19.2,84.73,27.61,38.44074921226172,0.0065358546459321,0.0021082813241198,0.4341658669218481
35,481,19.2,67.51,30.59,30.07008147644433,0.0,0.0,0.07
36,481,19.2,43.2,27.24,39.43012680679584,0.0,-0.1602542152577577,0.3667424164178449
37,481,19.2,22.28,30.88,37.02138301036308,-0.0067566539357838,0.1711987210497767,0.3606937759374287
41,481,19.2,110.18,53.46,23.77005258723674,3.1310667266,0.2631481758,-0.0608276253
42,481,19.2,134.38,44.11,23.600033898280746,-3.1415926536,-0.0,-0.1513274595
43,481,19.2,128.94,50.36,36.23013800691352,-3.1415926536,0.1712301991,-0.172626765
44,481,19.2,51.44,44.13,23.50013616981825,-3.1415926536,-0.0,-0.0447213595
45,481,19.2,54.27,44.8,38.13004720689446,-3.1415926536,-0.0,-0.2302172887
46,481,19.2,186.61,43.61,35.02027983897331,3.1344499179,0.1785683917,-0.1140175425
47,481,19.2,145.91,50.17,39.03002049704817,3.135182485,0.1602542153,-0.3324154028
48,481,19.2,167.78,50.28,33.870178623680154,3.1342398449,0.1838202167,-0.0905538514
49,481,19.2,33.7,43.27,36.74587459838179,-3.1143884822,0.1641692052,-0.2
50,481,19.2,24.88,41.81,25.39033280601103,-3.1315929869,-0.2499916672,-0.0608276253
51,481,19.2,33.67,41.33,38.660419035494165,-3.1415926536,0.1623353807,-0.03
52,481,19.2,27.8,37.66,30.15008126025533,-3.1415926536,0.208328511,-0.1486606875
53,481,19.2,33.82,41.21,39.34021479351632,-3.1415926536,0.1592335155,-0.3667424164
54,481,19.2,32.69,37.78,37.10272901014156,3.1281706408,0.0044438519,-0.4186884283
56,481,19.2,305.24,53.20,23.82,-3.1415926536,0,0
57,481,19.2,281.23,50.30,33.84,-3.1415926536,0,0
58,481,19.2,357.24,53.20,23.82,-3.1415926536,0,0
59,481,19.2,333.23,50.30,33.84,-3.1415926536,0,0
20,482,19.24,310.41,34.52,23.800170167458887,0.0104162899309678,0.2604072482741952,0.0316227766016837
22,482,19.24,275.14,34.76,23.28054982168592,0.0107522737911066,1.9099305470504649e-13,0.2202271554554524
24,482,19.24,249.36,36.86,23.5,0,0.0668442826,0.0041777776
26,482,19.24,377.13,30.76,38.61004662001847,-0.0064934152282263,-0.162335380705659,0.2193171219946131
29,482,19.24,231.22,38.00,35.124999999999,0,0,-7.812500000021
30,482,19.24,247.49,38.00,38.999999999999,0,0,-1.562500000025
31,482,19.24,165.09,31.29,33.88017857095797,-0.0074072719311635,-0.1851817982790898,0.1104536101718726
32,482,19.24,119.52,31.1,35.701815079908755,0.0069928930053319,-6.38378239159465e-14,0.5990826320300063
33,482,19.24,80.73,34.85,25.40019684963091,-0.009803607479294,-0.2450901869823515,0.0632455532033675
34,482,19.24,86.26,27.62,38.42081336983901,0.0064934152282241,-0.0010609854426996,0.4535416188179426
35,482,19.24,68.72,30.59,30.070059860266326,-0.0083331404401372,-0.20832851100343,0.07
36,482,19.24,44.77,27.24,39.44012677464411,0.0063290294162028,0.1582257354050713,0.3569313659514949
37,482,19.24,23.76,30.87,37.03156086367411,-0.0067113086313236,0.0011336326115059,0.3748332962798262
41,482,19.24,109.22,53.46,23.77005258723674,-3.1415926536,-0.0,-0.0608276253
42,482,19.24,133.44,44.11,23.610033883923165,-3.1415926536,-0.0,-0.1513274595
43,482,19.24,127.48,50.35,36.23016698829857,-3.1347434456,-0.1712301991,-0.1824828759
44,482,19.24,50.49,44.13,23.50010425508789,-3.1415926536,-0.2659474144,-0.0447213595
45,482,19.24,52.74,44.8,38.1300327825718,-3.1415926536,-0.1633963661,-0.2360084744
46,482,19.24,185.22,43.61,35.02032124352945,-3.1415926536,-0.1785683917,-0.1204159458
47,482,19.24,144.35,50.17,39.040020491797904,-3.1415926536,-0.0,-0.3423448554
48,482,19.24,166.44,50.28,33.870178623680154,-3.1415926536,-0.1851817983,-0.1004987562
49,482,19.24,32.22,43.22,36.755870279453326,-3.107821714,-0.1687622604,-0.1860107524
50,482,19.24,23.87,41.81,25.39033280601103,-3.1415926536,0.2475166647,-0.0632455532
51,482,19.24,32.13,41.32,38.660419035494165,-3.1350992384,-0.0010472959,-0.03
52,482,19.24,26.6,37.65,30.15010613579992,-3.1332595131,-0.208328511,-0.1486606875
53,482,19.24,32.25,41.2,39.3202149027698,-3.135223313,-0.1592335155,-0.3649657518
54,482,19.24,31.18,37.8,37.09249250185272,3.1283483949,0.1610410627,-0.4186884283
56,482,19.24,304.28,53.20,23.82,-3.1415926536,0,0
57,482,19.24,279.88,50.30,33.84,-3.1415926536,0,0
58,482,19.24,356.28,53.20,23.82,-3.1415926536,0,0
59,482,19.24,331.88,50.30,33.84,-3.1415926536,0,0
20,483,19.28,311.37,34.53,23.800170167458887,0.0,-0.2604072482741952,0.0316227766016837
22,483,19.28,276.07,34.77,23.290549585615192,0.010752273791099,-1.9099305470504649e-13,0.2202271554554524
24,483,19.28,250.3,36.86,23.3753342222,0.0053475426,0.0672036536,-3.1207997615
26,483,19.28,378.67,30.75,38.62006343858073,0.0,0.162335380705659,0.2325940669922601
29,483,19.28,232.61,38.00,34.749999999999,0,0,-3.124999999982
30,483,19.28,249.05,38.00,38.874999999999,0,0,-1.562499999981
31,483,19.28,166.44,31.28,33.870178623680154,0.0,0.1851817982790898,0.1004987562112089
32,483,19.28,120.95,31.11,35.68171660668808,0.0140835758228598,0.1772670704381992,0.5907622195096771
33,483,19.28,81.75,34.84,25.40023818785958,0.0,0.2450901869823515,0.0632455532033675
34,483,19.28,87.8,27.63,38.40081379346016,0.0064515233929696,-0.0010472958813629,0.4657252408878007
35,483,19.28,69.92,30.58,30.070059860266326,0.0,0.20832851100343,0.08
36,483,19.28,46.35,27.25,39.45010266146338,0.0,-0.1582257354050713,0.3569313659514949
37,483,19.28,25.25,30.86,37.04174941873021,-0.0134220127400908,-0.1677676027191786,0.3889730067755345
39,483,19.28,3.51,35.02,24.680656393216125,0.0,,0.0806225774829855
41,483,19.28,108.27,53.46,23.78005256512273,-3.1415926536,-0.0,-0.0608276253
42,483,19.28,132.49,44.11,23.610033883923165,-3.1415926536,0.2659474144,-0.1529705854
43,483,19.28,126.03,50.35,36.24016694222034,-3.1415926536,-0.0,-0.1811077028
44,483,19.28,49.55,44.14,23.50010425508789,3.130954757,0.2659474144,-0.0412310563
45,483,19.28,51.21,44.81,38.12002098635309,3.1350567989,0.1633963661,-0.2420743687
46,483,19.28,183.82,43.62,35.03032115182503,3.1344499179,0.1785683917,-0.113137085
47,483,19.28,142.79,50.17,39.05002048655032,-3.1415926536,-0.0,-0.3413209633
48,483,19.28,165.09,50.29,33.88017857095797,3.1341853817,0.1851817983,-0.1104536102
49,483,19.28,30.74,43.18,36.755870279453326,-3.1145722044,0.1982586836,-0.1720465053
50,483,19.28,22.86,41.8,25.39033280601103,-3.131691987,-0.2475166647,-0.0632455532
51,483,19.28,30.58,41.31,38.660419035494165,-3.1351411302,-0.0,-0.0316227766
52,483,19.28,25.4,37.65,30.160106100609127,-3.1415926536,-0.0,-0.1555634919
53,483,19.28,30.67,41.2,39.31021495743823,-3.1415926536,0.1582257354,-0.3649657518
54,483,19.28,29.71,37.81,37.07226726273968,3.1347900374,-0.1677518715,-0.4110960958
55,483,19.28,21.17,49.12,24.75020201937754,-3.1415926536,,-0.1345362405
56,483,19.28,303.33,53.20,23.82,-3.1415926536,0,0
57,483,19.28,278.52,50.30,33.84,-3.1415926536,0,0
58,483,19.28,355.33,53.20,23.82,-3.1415926536,0,0
59,483,19.28,330.52,50.30,33.84,-3.1415926536,0,0
20,484,19.32,312.32,34.53,23.800170167458887,0.0,0.0,0.0316227766016837
22,484,19.32,277.0,34.78,23.300620163420543,0.0,-0.2688068447774754,0.2302172886644267
24,484,19.32,251.23,36.87,23.2503360191,0.0053762923,-0.0668442826,-1.5666777776
26,484,19.32,380.2,30.75,38.62008285853359,0.0,0.0,0.2325940669922601
29,484,19.32,234.00,38.00,34.875000000001,0,0,3.125000000021
30,484,19.32,250.60,38.00,38.875000000001,0,0,0.000000000026
31,484,19.32,167.78,31.28,33.870178623680154,-0.007352808666692,-0.1838202166673009,0.0905538513813741
32,484,19.32,122.37,31.13,35.66152688823068,0.0070920796743208,-0.174787403713476,0.5768882040742382
33,484,19.32,82.78,34.84,25.40023818785958,-0.009803607479301,-0.2450901869825257,0.0632455532033675
34,484,19.32,89.35,27.64,38.39081400543625,0.0064515233929673,-5.878544179216405e-14,0.4753945729601885
35,484,19.32,71.13,30.58,30.06005988017988,0.0,0.0,0.0806225774829855
36,484,19.32,47.93,27.25,39.47010260944352,0.0,0.0,0.3569313659514949
37,484,19.32,26.74,30.84,37.05194866670308,-0.0067113086313236,0.167767602719179,0.396232255123179
39,484,19.32,4.42,35.02,24.680585487382587,0.0105259270317233,0.263148175793083,0.0806225774829855
41,484,19.32,107.32,53.46,23.78005256512273,-3.1415926536,-0.0,-0.0608276253
42,484,19.32,131.55,44.1,23.62003386957775,-3.130954757,-0.2659474144,-0.1529705854
43,484,19.32,124.58,50.35,36.25016689616753,-3.1415926536,0.1724110597,-0.1811077028
44,484,19.32,48.61,44.14,23.490104299470445,-3.1415926536,-0.0,-0.0412310563
45,484,19.32,49.69,44.81,38.12001180482503,-3.1415926536,-0.0,-0.2420743687
46,484,19.32,182.42,43.62,35.03032115182503,-3.1415926536,-0.1785683917,-0.1204159458
47,484,19.32,141.23,50.17,39.07002047606323,-3.1415926536,-0.0,-0.3512833614
48,484,19.32,163.74,50.29,33.88017857095797,-3.1415926536,-0.1851817983,-0.1104536102
49,484,19.32,29.31,43.13,36.76616107237741,-3.1066418571,-0.1890097014,-0.158113883
50,484,19.32,21.86,41.8,25.390385975798004,-3.1415926536,0.245090187,-0.0632455532
51,484,19.32,29.03,41.3,38.660419035494165,-3.1351411302,-0.1612880848,-0.0223606798
52,484,19.32,24.19,37.65,30.160134283520687,-3.1415926536,0.208328511,-0.1562049935
53,484,19.32,29.09,41.19,39.29024942654348,-3.1352636242,-0.1582257354,-0.3649657518
54,484,19.32,28.23,37.83,37.06205202090138,3.1280799626,0.1700345596,-0.4036087214
55,484,19.32,20.19,49.11,24.74024454204121,-3.1313889261,-0.2550931873,-0.1345362405
56,484,19.32,302.38,53.20,23.82,-3.1415926536,0,0
57,484,19.32,277.17,50.30,33.84,-3.1415926536,0,0
58,484,19.32,354.38,53.20,23.82,-3.1415926536,0,0
59,484,19.32,329.17,50.30,33.84,-3.1415926536,0,0
20,485,19.36,313.27,34.53,23.810170095990493,0.0105259270317228,0.2631481757930704,0.0412310562561766
22,485,19.36,277.93,34.78,23.310619897377247,0.0108691371772678,0.2717284294316957,0.24
24,485,19.36,252.16,36.87,23.25,0,-0.0672036536,1.5582997615
26,485,19.36,381.74,30.75,38.63010484065504,-0.0064934152282266,-0.162335380705665,0.2325940669922601
29,485,19.36,235.40,38.00,35.000000000001,0,0,6.249999999979
30,485,19.36,252.16,38.00,38.875000000001,0,0,-0.000000000017
31,485,19.36,169.14,31.27,33.870178623680154,0.0,0.1838202166673009,0.0905538513813741
32,485,19.36,123.78,31.14,35.6414365591512,0.0070421371083107,-0.0012485641502513,0.5768882040742382
33,485,19.36,83.8,34.83,25.40023818785958,0.0,0.2450901869825257,0.0670820393249937
34,485,19.36,90.9,27.65,38.37088088642219,0.0064934152282264,0.0010472958814794,0.4972926703662542
35,485,19.36,72.33,30.58,30.06005988017988,0.0,0.0,0.0806225774829855
36,485,19.36,49.52,27.25,39.48008105361487,0.0063693406186641,0.1592335154666046,0.3471310991541956
37,485,19.36,28.23,30.83,37.06205202090138,-0.0135126910133279,-0.1700345595501069,0.4036087214122112
39,485,19.36,5.37,35.03,24.69058525025278,0.0105259270317233,0.0,0.0921954445729288
41,485,19.36,106.36,53.46,23.78005256512273,-3.1415926536,-0.2631481758,-0.0608276253
42,485,19.36,130.61,44.1,23.62003386957775,-3.1415926536,-0.0,-0.1431782106
43,485,19.36,123.13,50.34,36.26016685014011,-3.1346962112,-0.1724110597,-0.1811077028
44,485,19.36,47.66,44.14,23.490104299470445,-3.1415926536,-0.2659474144,-0.0412310563
45,485,19.36,48.17,44.81,38.11000524796605,-3.1415926536,-0.0,-0.248394847
46,485,19.36,181.02,43.63,35.03036539917904,3.1344499179,-0.0,-0.1204159458
47,485,19.36,139.66,50.17,39.080020470823705,-3.1415926536,-0.0,-0.3512833614
48,485,19.36,162.39,50.3,33.890178518266914,3.1341853817,0.1851817983,-0.1204159458
49,485,19.36,27.85,43.09,36.76616107237741,-3.1142022451,0.0047200981,-0.158113883
50,485,19.36,20.84,41.79,25.390385975798004,-3.1317890461,-0.245090187,-0.0538516481
51,485,19.36,27.49,41.3,38.660419035494165,-3.1415926536,0.1612880848,-0.0223606798
52,485,19.36,22.99,37.64,30.17016572708874,-3.1332595131,-0.208328511,-0.1562049935
53,485,19.36,27.5,41.19,39.28024949004271,-3.1415926536,0.1572306313,-0.3649657518
54,485,19.36,26.74,37.84,37.05194866670308,3.134881345,-0.1677676027,-0.3962322551
55,485,19.36,19.21,49.11,24.74024454204121,-3.1415926536,-0.0,-0.1272792206
56,485,19.36,301.42,53.20,23.82,-3.1415926536,0,0
57,485,19.36,275.82,50.30,33.84,-3.1415926536,0,0
58,485,19.36,353.42,53.20,23.82,-3.1415926536,0,0
59,485,19.36,327.82,50.30,33.84,-3.1415926536,0,0
20,486,19.4,314.22,34.54,23.810170095990493,0.0,-0.2631481757930704,0.0447213595499957
22,486,19.4,278.85,34.79,23.32061963156211,0.0107522737910996,-0.0029215846542038,0.24
24,486,19.4,253.09,36.87,23.375,0,0,1.5625
26,486,19.4,383.28,30.74,38.63010484065504,0.0,0.162335380705665,0.2325940669922601
29,486,19.4,236.80,38.00,35.374999999999,0,0,7.812499999978
30,486,19.4,253.71,38.00,38.874999999999,0,0,-0.000000000026
31,486,19.4,170.49,31.27,33.86017867643347,-0.0073528086666894,-0.1838202166672357,0.08
32,486,19.4,125.2,31.15,35.62126331280236,0.0141834459913109,0.1785327220750053,0.5685947590331799
33,486,19.4,84.82,34.83,25.40023818785958,-0.0099006665879865,-0.2475166646996638,0.058309518948453
34,486,19.4,92.44,27.66,38.35088134580482,0.0064934152282264,-1.4961989980299961e-15,0.5069516742254631
35,486,19.4,73.53,30.58,30.060041583470905,-0.0083331404401342,-0.208328511003356,0.0905538513813741
36,486,19.4,51.09,27.26,39.50008101257515,0.0,-0.1592335154666046,0.3471310991541956
37,486,19.4,29.71,30.81,37.07226726273968,-0.0068026161548074,0.1677518714630114,0.4110960958218893
39,486,19.4,6.32,35.04,24.69058525025278,0.0,-0.263148175793083,0.0948683298050513
41,486,19.4,105.41,53.47,23.78005256512273,3.1310667266,0.2631481758,-0.0608276253
42,486,19.4,129.66,44.1,23.630019043580983,-3.1415926536,-0.0,-0.1456021978
43,486,19.4,121.67,50.34,36.26016685014011,-3.1415926536,0.1736083204,-0.1811077028
44,486,19.4,46.72,44.15,23.490104299470445,3.130954757,0.2659474144,-0.0509901951
45,486,19.4,46.64,44.81,38.100001312335934,-3.1415926536,-0.0,-0.2549509757
46,486,19.4,179.62,43.64,35.04036529489954,3.1344499179,0.1785683917,-0.1140175425
47,486,19.4,138.1,50.17,39.09002046558687,-3.1415926536,-0.0,-0.3612478374
48,486,19.4,161.04,50.3,33.890178518266914,-3.1415926536,-0.1851817983,-0.1204159458
49,486,19.4,26.4,43.05,36.77615667793469,-3.1140134412,0.149131179,-0.144222051
50,486,19.4,19.82,41.79,25.390385975798004,-3.1415926536,0.2475166647,-0.0583095189
51,486,19.4,25.94,41.29,38.660419035494165,-3.1351411302,0.0010472959,-0.0282842712
52,486,19.4,21.8,37.64,30.17020052966172,-3.1415926536,0.2066068665,-0.1640121947
53,486,19.4,25.91,41.18,39.2602496171382,-3.1353034283,-0.1572306313,-0.3649657518
54,486,19.4,25.25,37.86,37.04174941873021,3.1281706408,0.1677676027,-0.3889730068
55,486,19.4,18.21,49.11,24.73029114264529,-3.1415926536,0.2499916672,-0.1272792206
56,486,19.4,300.47,53.20,23.82,-3.1415926536,0,0
57,486,19.4,274.46,50.30,33.84,-3.1415926536,0,0
58,486,19.4,352.47,53.20,23.82,-3.1415926536,0,0
59,486,19.4,326.46,50.30,33.84,-3.1415926536,0,0
20,487,19.44,315.17,34.54,23.810170095990493,0.0,0.0,0.0447213595499957
22,487,19.44,279.78,34.8,23.330619365974837,0.0107522737911066,1.7455654977016621e-13,0.25
24,487,19.44,254.03,36.87,23.375,0,0,1.5625
26,487,19.44,384.84,30.74,38.63012943286626,0.0,0.0,0.2325940669922601
29,487,19.44,238.23,38.00,35.624999999999,0,0,1.562500000023
30,487,19.44,255.27,38.00,38.874999999999,0,0,0.000000000017
31,487,19.44,171.85,31.26,33.86017867643347,0.0,0.1838202166672357,0.08
32,487,19.44,126.61,31.17,35.61118082849823,0.0070421371083107,-0.1785327220750053,0.5547071299343466
33,487,19.44,85.83,34.82,25.40023818785958,0.0,0.2475166646996638,0.058309518948453
34,487,19.44,93.98,27.67,38.33095094046063,0.0064934152282241,-5.6161672534749136e-14,0.5288667128870941
35,487,19.44,74.73,30.57,30.050041597308983,0.0,0.208328511003356,0.0905538513813741
36,487,19.44,52.68,27.26,39.51008099207087,0.0,0.0,0.33734255586866
37,487,19.44,31.18,30.8,37.09249250185272,-0.0132442586647288,-0.1610410627480334,0.4186884283091664
39,487,19.44,7.29,35.04,24.69058525025278,0.0101006665853199,0.2525166646329976,0.098488578017961
41,487,19.44,104.46,53.47,23.790052543027304,-3.1415926536,-0.0,-0.0608276253
42,487,19.44,128.71,44.1,23.64001903552533,-3.1415926536,-0.0,-0.1456021978
43,487,19.44,120.23,50.33,36.27019851062302,-3.1346483208,-0.0011972607,-0.1902629759
44,487,19.44,45.79,44.15,23.490076628227506,-3.1415926536,-0.0,-0.05
45,487,19.44,45.13,44.81,38.09,-3.1415926536,-0.0,-0.2617250466
46,487,19.44,178.22,43.64,35.04036529489954,-3.1415926536,-0.1773019919,-0.1220655562
47,487,19.44,136.54,50.17,39.110020455121216,-3.1415926536,-0.0,-0.3712142239
48,487,19.44,159.69,50.31,33.90017846560693,3.1341853817,0.1851817983,-0.1303840481
49,487,19.44,24.91,43.0,36.77615667793469,-3.108048194,-0.1631002594,-0.1303840481
50,487,19.44,18.81,41.78,25.390385975798004,-3.131691987,-0.2475166647,-0.0583095189
51,487,19.44,24.4,41.28,38.660419035494165,-3.1350992384,-0.1623353807,-0.0282842712
52,487,19.44,20.59,37.63,30.1802004632176,-3.1333283789,-0.2066068665,-0.158113883
53,487,19.44,24.35,41.18,39.25028662315729,-3.1415926536,0.1592335155,-0.3634556369
54,487,19.44,23.76,37.87,37.03156086367411,3.134881345,-0.0011336326,-0.3748332963
55,487,19.44,17.21,49.1,24.73029114264529,-3.1315929869,-0.2499916672,-0.1272792206
56,487,19.44,299.52,53.20,23.82,-3.1415926536,0,0
57,487,19.44,273.11,50.30,33.84,-3.1415926536,0,0
58,487,19.44,351.52,53.20,23.82,-3.1415926536,0,0
59,487,19.44,325.11,50.30,33.84,-3.1415926536,0,0
20,488,19.48,316.12,34.54,23.810134396932742,0.0104162899309678,0.2604072482741952,0.0447213595499957
22,488,19.48,280.71,34.81,23.34061910061513,0.0,-0.2688068447776665,0.2501999200639361
24,488,19.48,254.96,36.87,23.5,0,0,4.6875
26,488,19.48,386.39,30.74,38.64015657318174,-0.0064515233929673,-0.1612880848241826,0.2370653918225939
29,488,19.48,239.65,38.00,35.500000000001,0,0,-1.562499999979
30,488,19.48,256.82,38.00,38.875000000001,0,0,1.562500000025
31,488,19.48,173.2,31.26,33.86017867643347,-0.0073528086666918,-0.1838202166672971,0.08
32,488,19.48,128.03,31.18,35.59102414935541,0.0070421371083133,6.431487287184012e-14,0.54644304369257
33,488,19.48,86.84,34.82,25.39028357462752,-0.0099006665879866,-0.2475166646996673,0.0640312423743284
34,488,19.48,95.52,27.68,38.31095143689334,0.0064934152282264,5.6161672534749136e-14,0.5385164807134505
35,488,19.48,75.93,30.57,30.050041597308983,0.0,0.0,0.1019803902718557
36,488,19.48,54.27,27.26,39.52006199387851,0.0063290294162006,0.158225735405015,0.327566787083184
37,488,19.48,32.69,30.78,37.10272901014156,-0.0134220127400907,-0.0044438518840492,0.4186884283091664
39,488,19.48,8.28,35.05,24.70051821318735,0.010100666585327,1.7915356698150478e-13,0.098488578017961
41,488,19.48,103.51,53.47,23.790052543027304,-3.1415926536,-0.0,-0.0608276253
42,488,19.48,127.77,44.1,23.64001903552533,-3.1415926536,0.2659474144,-0.1360147051
43,488,19.48,118.78,50.32,36.28019845590705,-3.1346962112,-0.1724110597,-0.1902629759
44,488,19.48,44.86,44.15,23.490076628227506,-3.1415926536,-0.2688068448,-0.05
45,488,19.48,43.61,44.81,38.09000131268047,-3.1415926536,-0.0,-0.2617250466
46,488,19.48,176.81,43.65,35.05041226576372,3.1345005739,-0.0012663999,-0.1220655562
47,488,19.48,134.97,50.17,39.1200204498924,-3.1415926536,-0.0,-0.3712142239
48,488,19.48,158.34,50.31,33.90017846560693,-3.1415926536,-0.1838202167,-0.1303840481
49,488,19.48,23.43,42.96,36.78615228588063,-3.1145722044,0.1631002594,-0.1303840481
50,488,19.48,17.79,41.78,25.3904430839637,-3.1415926536,0.2427108209,-0.0583095189
51,488,19.48,22.86,41.28,38.660419035494165,-3.1415926536,0.1612880848,-0.0282842712
52,488,19.48,19.39,37.63,30.180238567645556,-3.1415926536,0.2066068665,-0.1664331698
53,488,19.48,22.78,41.17,39.230286769280696,-3.135223313,-0.0010077801,-0.3634556369
54,488,19.48,22.28,37.88,37.02138301036308,3.1348359997,-0.171198721,-0.3606937759
55,488,19.48,16.21,49.1,24.73034168789425,-3.1415926536,0.2499916672,-0.1204159458
56,488,19.48,298.57,53.20,23.82,-3.1415926536,0,0
57,488,19.48,271.76,50.30,33.84,-3.1415926536,0,0
58,488,19.48,350.57,53.20,23.82,-3.1415926536,0,0
59,488,19.48,323.76,50.30,33.84,-3.1415926536,0,0
20,489,19.52,317.08,34.55,23.810134396932742,0.0,-0.2604072482741952,0.0447213595499957
22,489,19.52,281.64,34.81,23.350618835482717,0.0106378965755393,0.2659474143884838,0.2601922366251538
24,489,19.52,255.91,36.87,23.75,0,0.0657888662,3.1291118136
26,489,19.52,387.94,30.73,38.64018633495444,0.0,0.1612880848241826,0.2370653918225939
29,489,19.52,241.07,38.00,35.500000000001,0,0,-0.00000000002
30,489,19.52,258.38,38.00,39.000000000001,0,0,1.562499999981
31,489,19.52,174.56,31.25,33.85017872921796,0.0,0.1838202166672971,0.07
32,489,19.52,129.45,31.19,35.570950226273126,0.0069928930053319,-0.0012311025745361,0.5382378656319156
33,489,19.52,87.85,34.81,25.39028357462752,0.0,0.2475166646996673,0.0640312423743284
34,489,19.52,97.06,27.69,38.29102375231041,0.0064934152282241,-5.6161672534749136e-14,0.5508175741568165
35,489,19.52,77.15,30.57,30.05002662228438,0.0,0.0,0.1118033988749894
36,489,19.52,55.85,27.27,39.540061962520994,0.0,-0.158225735405015,0.327566787083184
37,489,19.52,34.18,30.76,37.11297616737305,-0.0134220127400931,-5.958775139980332e-14,0.4263801121065569
39,489,19.52,9.27,35.06,24.70051821318735,0.0,-0.2525166646331768,0.10295630140987
41,489,19.52,102.57,53.47,23.790052543027304,-3.1415926536,-0.0,-0.0608276253
42,489,19.52,126.83,44.09,23.650019027476485,-3.130954757,-0.2659474144,-0.1392838828
43,489,19.52,117.34,50.32,36.29019840122123,-3.1415926536,0.1724110597,-0.1902629759
44,489,19.52,43.93,44.16,23.490076628227506,3.1308403798,0.2688068448,-0.05
45,489,19.52,42.11,44.81,38.08000525210048,-3.1415926536,-0.0,-0.2687005769
46,489,19.52,175.41,43.66,35.05041226576372,3.1344499179,0.0012663999,-0.1166190379
47,489,19.52,133.41,50.17,39.1400204394428,-3.1415926536,-0.1592335155,-0.3811823711
48,489,19.52,156.98,50.32,33.910178412978006,3.1342398449,0.1838202167,-0.1403566885
49,489,19.52,21.94,42.91,36.78615228588063,-3.108048194,-0.1585072041,-0.1166190379
50,489,19.52,16.76,41.77,25.3904430839637,-3.1318842208,0.0048058438,-0.05
51,489,19.52,21.31,41.27,38.660419035494165,-3.1351411302,-0.1612880848,-0.0282842712
52,489,19.52,18.18,37.62,30.190279892707192,-3.1333283789,0.0,-0.1664331698
53,489,19.52,21.2,41.16,39.22028684239829,-3.1352636242,-0.1582257354,-0.3634556369
54,489,19.52,20.81,37.9,37.011298274986245,3.1279880508,0.171198721,-0.3538361203
55,489,19.52,15.21,49.09,24.720341826115597,-3.1315929869,-0.2499916672,-0.1204159458
56,489,19.52,297.61,53.20,23.82,-3.1415926536,0,0
57,489,19.52,270.40,50.30,33.84,-3.1415926536,0,0
58,489,19.52,349.61,53.20,23.82,-3.1415926536,0,0
59,489,19.52,322.40,50.30,33.84,-3.1415926536,0,0
20,490,19.56,318.04,34.55,23.810134396932742,0.0105259270317309,0.2631481757932731,0.0447213595499957
22,490,19.56,282.58,34.82,23.36061857057728,0.0106378965755393,0.0,0.260768096208106
24,490,19.56,256.86,36.87,23.7503289451,0.0052631093,0.066136949,-1.5583664311
26,490,19.56,389.48,30.73,38.65021862810093,-0.0064101686103125,-0.1602542152578147,0.2370653918225939
29,490,19.56,242.49,38.00,35.499999999999,0,0,-1.562500000023
30,490,19.56,259.94,38.00,38.999999999999,0,0,-0.000000000022
31,490,19.56,175.92,31.25,33.85014771016517,-0.0073528086666918,-0.1838202166672971,0.07
32,490,19.56,130.88,31.2,35.55081011735175,0.0069928930053343,6.210310043996971e-14,0.5243090691567331
33,490,19.56,88.87,34.81,25.39028357462752,-0.009803607479301,-0.2450901869825257,0.0640312423743284
34,490,19.56,98.6,27.7,38.26102455502205,0.0065358546459321,0.0010609854426996,0.5604462507680822
35,490,19.56,78.37,30.57,30.04002663114665,0.0,0.0,0.1118033988749894
36,490,19.56,57.42,27.27,39.55004551198392,0.0,0.0,0.3178049716414141
37,490,19.56,35.67,30.74,37.12323396472888,-0.0135126910133279,-0.0022669568308699,0.4280186911806539
39,490,19.56,10.26,35.06,24.70045546138775,0.0102037274939522,0.255093187348805,0.10295630140987
41,490,19.56,101.62,53.47,23.790052543027304,-3.1415926536,-0.0,-0.0608276253
42,490,19.56,125.88,44.09,23.650008456658107,-3.1415926536,-0.0,-0.13
43,490,19.56,115.89,50.31,36.29019840122123,-3.1346962112,-0.1724110597,-0.1902629759
44,490,19.56,43.01,44.16,23.490076628227506,-3.1415926536,-0.0,-0.0509901951
45,490,19.56,40.58,44.81,38.07002101391593,-3.1415926536,-0.0,-0.2758622845
46,490,19.56,174.0,43.67,35.05041226576372,3.1345005739,0.1773019919,-0.1166190379
47,490,19.56,131.84,50.18,39.150020434222,3.135223313,0.1592335155,-0.3811823711
48,490,19.56,155.63,50.32,33.910147448809475,-3.1415926536,-0.0,-0.1403566885
49,490,19.56,20.47,42.87,36.78644995103496,-3.1143884822,0.1699081519,-0.1118033989
50,490,19.56,15.75,41.76,25.400442909524237,-3.131691987,-0.2475166647,-0.0565685425
51,490,19.56,19.76,41.27,38.65041914391097,-3.1415926536,0.1612880848,-0.0223606798
52,490,19.56,16.97,37.61,30.190279892707192,-3.1333283789,-0.2066068665,-0.17
53,490,19.56,19.63,41.16,39.21032644597594,-3.1415926536,0.1582257354,-0.3634556369
54,490,19.56,19.33,37.91,37.00113646903295,3.1348359997,-0.0011490555,-0.3405877273
55,490,19.56,14.21,49.09,24.7203964369506,-3.1415926536,0.2499916672,-0.1140175425
56,490,19.56,296.66,53.20,23.82,-3.1415926536,0,0
57,490,19.56,269.05,50.30,33.84,-3.1415926536,0,0
58,490,19.56,348.66,53.20,23.82,-3.1415926536,0,0
59,490,19.56,321.05,50.30,33.84,-3.1415926536,0,0
20,491,19.6,318.99,34.56,23.810134396932742,0.0,-0.2631481757932731,0.0447213595499957
22,491,19.6,283.52,34.83,23.37054770432221,0.0,-0.2659474143884838,0.260768096208106
24,491,19.6,257.81,36.88,23.6253306855,0.0052909559,-0.0657888662,-3.1291118136
26,491,19.6,391.04,30.72,38.65025355673621,-0.0064934152282242,-0.0020811654477927,0.2370653918225939
29,491,19.6,243.91,38.00,35.374999999999,0,0,-3.124999999982
30,491,19.6,261.50,38.00,38.999999999999,0,0,0.000000000022
31,491,19.6,177.28,31.24,33.85014771016517,0.0,0.1838202166672971,0.06
32,491,19.6,132.31,31.21,35.530744433518414,0.0070920796743183,0.0024796667245981,0.5243090691567331
33,491,19.6,89.89,34.8,25.39028357462752,0.0,0.2450901869825257,0.0640312423743284
34,491,19.6,100.13,27.71,38.24109961808107,0.0065788524530151,0.0010749451770742,0.5728001396647875
35,491,19.6,79.58,30.57,30.04002663114665,0.0,0.0,0.1216552506059644
36,491,19.6,59.01,27.27,39.5600455004794,0.0,0.0,0.3080584360149873
37,491,19.6,37.15,30.72,37.13350239339134,-0.0135126910133278,1.6046192152785466e-15,0.4280186911806539
39,491,19.6,11.24,35.07,24.71045527706845,0.0,-0.255093187348805,0.1081665382639196
41,491,19.6,100.67,53.47,23.80005252095045,-3.1415926536,-0.2604072483,-0.0608276253
42,491,19.6,124.93,44.09,23.66000845308387,-3.1415926536,-0.0,-0.13
43,491,19.6,114.44,50.31,36.30019834656554,-3.1415926536,0.1724110597,-0.1902629759
44,491,19.6,42.07,44.16,23.4900532140734,-3.1415926536,-0.0,-0.0608276253
45,491,19.6,39.07,44.81,38.060032842865496,-3.1415926536,0.1633963661,-0.2758622845
46,491,19.6,172.59,43.67,35.06041214817647,-3.1415926536,-0.1773019919,-0.1252996409
47,491,19.6,130.28,50.18,39.1700204237884,-3.1415926536,-0.0,-0.3911521443
48,491,19.6,154.27,50.32,33.92014740534009,-3.1415926536,-0.1851817983,-0.1513274595
49,491,19.6,19.0,42.82,36.796445480508034,-3.1075921561,-0.1699081519,-0.1118033989
50,491,19.6,14.7,41.76,25.400442909524237,-3.1415926536,0.2403772075,-0.0565685425
51,491,19.6,18.21,41.26,38.65041914391097,-3.1351411302,0.0,-0.0223606798
52,491,19.6,15.76,37.61,30.20032450156786,-3.1415926536,0.2066068665,-0.17
53,491,19.6,18.05,41.15,39.19032661257111,-3.1352636242,0.0010077801,-0.3622154055
54,491,19.6,17.86,37.92,36.991059730697096,3.1347900374,0.0,-0.3264965543
55,491,19.6,13.21,49.08,24.7203964369506,-3.1315929869,0.0025249975,-0.1140175425
56,491,19.6,295.71,53.20,23.82,-3.1415926536,0,0
57,491,19.6,267.70,50.30,33.84,-3.1415926536,0,0
58,491,19.6,347.71,53.20,23.82,-3.1415926536,0,0
59,491,19.6,319.70,50.30,33.84,-3.1415926536,0,0
20,492,19.64,319.94,34.56,23.82013434051118,0.0,0.0,0.05
22,492,19.64,284.46,34.83,23.380547470065792,0.0107522737911066,0.2688068447776665,0.2707397274136177
24,492,19.64,258.75,36.88,23.5,0,-0.066136949,-1.5666335689
26,492,19.64,392.58,30.71,38.66029099735282,0.0,0.1623353807056074,0.2370653918225939
29,492,19.64,245.32,38.00,35.250000000001,0,0,1.562500000023
30,492,19.64,263.06,38.00,39.000000000001,0,0,1.56250000002
31,492,19.64,178.63,31.24,33.84014775381456,0.0,0.0,0.06
32,492,19.64,133.72,31.22,35.52068129977239,0.0,-0.1773019918579578,0.5103920062069938
33,492,19.64,90.9,34.8,25.39028357462752,-0.009803607479294,-0.2450901869823515,0.0640312423743284
34,492,19.64,101.65,27.72,38.22117737589987,0.0065358546459321,-0.0010749451770742,0.5824087911424415
35,492,19.64,80.78,30.57,30.030026640014825,0.0,0.0,0.1216552506059644
36,492,19.64,60.59,27.27,39.57003158957546,0.0062892252527083,0.1572306313177092,0.2983286778035259
37,492,19.64,38.63,30.7,37.14378144454331,-0.0135126910133279,-1.6046192152785466e-15,0.4360045871318328
39,492,19.64,12.22,35.07,24.71045527706845,0.0101006665853198,0.2525166646329974,0.1081665382639196
41,492,19.64,99.71,53.48,23.80005252095045,3.1311763637,0.2604072483,-0.0509901951
42,492,19.64,123.99,44.09,23.66000845308387,-3.1415926536,-0.0,-0.1252996409
43,492,19.64,112.99,50.3,36.31019829193997,-3.1346962112,0.0,-0.1902629759
44,492,19.64,41.14,44.16,23.500053191429163,-3.1415926536,-0.0,-0.0632455532
45,492,19.64,37.54,44.8,38.06004729371733,-3.1350567989,-0.1633963661,-0.2831960452
46,492,19.64,171.18,43.68,35.06046206198658,3.1345005739,-0.0012663999,-0.1252996409
47,492,19.64,128.72,50.18,39.19002041336544,-3.1415926536,-0.0,-0.3920459157
48,492,19.64,152.92,50.33,33.930147361896324,3.1341853817,0.1851817983,-0.1513274595
49,492,19.64,17.53,42.78,36.796445480508034,-3.1143884822,-0.0045930552,-0.098488578
50,492,19.64,13.66,41.75,25.40050393200891,-3.1319775653,-0.2403772075,-0.0565685425
51,492,19.64,16.66,41.25,38.65041914391097,-3.1351411302,-0.0,-0.0223606798
52,492,19.64,14.55,37.6,30.210324394153734,-3.1333283789,-0.2066068665,-0.174642492
53,492,19.64,16.48,41.14,39.180326695932486,-3.135223313,-0.1592335155,-0.3522782991
54,492,19.64,16.39,37.93,36.98098565479292,3.1347900374,0.0011490555,-0.3140063694
55,492,19.64,12.22,49.07,24.71045527706845,-3.131491987,-0.2525166646,-0.1081665383
56,492,19.64,294.76,53.20,23.82,-3.1415926536,0,0
57,492,19.64,266.34,50.30,33.84,-3.1415926536,0,0
58,492,19.64,346.76,53.20,23.82,-3.1415926536,0,0
59,492,19.64,318.34,50.30,33.84,-3.1415926536,0,0
20,493,19.68,320.9,34.56,23.82013434051118,0.0105259270317228,0.2631481757930704,0.05
22,493,19.68,285.39,34.84,23.39054723600968,0.010752273791099,-1.9099305470504649e-13,0.2716615541441225
24,493,19.68,259.69,36.88,23.5,0,0,-1.5625
26,493,19.68,394.15,30.71,38.66033109014976,-0.0064515233929695,-0.1612880848242399,0.2370653918225939
29,493,19.68,246.73,38.00,35.500000000001,0,0,3.124999999982
30,493,19.68,264.62,38.00,39.125000000001,0,0,3.124999999975
31,493,19.68,179.99,31.24,33.84014775381456,-0.0074072719311635,-0.1851817982790898,0.05
32,493,19.68,135.14,31.22,35.500563375811375,0.0070920796743206,0.1773019918580172,0.5021951811795887
33,493,19.68,91.92,34.79,25.39028357462752,0.0,0.2450901869823515,0.0721110255092797
34,493,19.68,103.18,27.73,38.20117799230804,0.0065788524530151,0.0010749451770757,0.594810894318522
35,493,19.68,81.98,30.57,30.03001498501125,-0.0084031635476483,-0.2100790886912079,0.131529464379659
36,493,19.68,62.18,27.28,39.59003157361712,0.0,-0.1572306313177092,0.2886173937932362
37,493,19.68,40.11,30.68,37.15407110936835,-0.0134220127400907,0.0022669568309295,0.4360045871318328
39,493,19.68,13.21,35.08,24.7203964369506,0.0099996666866703,-0.0025249974662385,0.1140175425099138
41,493,19.68,98.75,53.48,23.80005252095045,-3.1415926536,-0.0,-0.0509901951
42,493,19.68,123.04,44.09,23.670002112378445,-3.1415926536,-0.0,-0.1252996409
43,493,19.68,111.54,50.29,36.320232653439874,-3.1346962112,-0.1724110597,-0.2002498439
44,493,19.68,40.21,44.16,23.500053191429163,-3.1415926536,-0.2659474144,-0.0632455532
45,493,19.68,36.02,44.8,38.05006438890741,-3.1415926536,-0.0,-0.2842534081
46,493,19.68,169.78,43.69,35.07046193023411,3.1344499179,0.1785683917,-0.1208304597
47,493,19.68,127.15,50.18,39.20002040815796,-3.1415926536,-0.0,-0.4019950248
48,493,19.68,151.57,50.33,33.930147361896324,-3.1415926536,-0.1838202167,-0.161245155
49,493,19.68,16.05,42.74,36.79614789621327,-3.1145722044,0.1687622604,-0.098488578
50,493,19.68,12.64,41.75,25.40050393200891,-3.1415926536,0.2475166647,-0.05
51,493,19.68,15.11,41.24,38.65041914391097,-3.1351411302,-0.1612880848,-0.0223606798
52,493,19.68,13.34,37.6,30.210372390952088,-3.1415926536,0.2066068665,-0.1708800749
53,493,19.68,14.9,41.14,39.16032686278295,-3.1415926536,0.1602542153,-0.3522782991
54,493,19.68,14.91,37.94,36.97084527029373,3.1348359997,-0.0011490555,-0.308058436
55,493,19.68,11.24,49.07,24.71045527706845,-3.1415926536,0.2550931873,-0.1081665383
56,493,19.68,293.80,53.20,23.82,-3.1415926536,0,0
57,493,19.68,264.99,50.30,33.84,-3.1415926536,0,0
58,493,19.68,345.80,53.20,23.82,-3.1415926536,0,0
59,493,19.68,316.99,50.30,33.84,-3.1415926536,0,0
20,494,19.72,321.85,34.57,23.82013434051118,0.0,-0.2631481757930704,0.05
22,494,19.72,286.32,34.85,23.400547002153605,0.0,-0.2688068447774754,0.2716615541441225
24,494,19.72,260.63,36.88,23.375,0,0,-3.125
26,494,19.72,395.7,30.7,38.66037376953306,-0.0064515233929673,5.731092683758376e-14,0.2370653918225939
29,494,19.72,248.16,38.00,35.499999999999,0,0,-1.562500000018
30,494,19.72,266.19,38.00,39.249999999999,0,0,1.562499999977
31,494,19.72,181.34,31.23,33.84014775381456,0.0,0.1851817982790898,0.05
32,494,19.72,136.55,31.23,35.48050873366953,0.0070920796743183,-5.941427905220564e-14,0.4882622246293481
33,494,19.72,92.93,34.79,25.380332937138547,-0.009803607479294,-0.2450901869823515,0.0721110255092797
34,494,19.72,104.7,27.74,38.171258821264985,0.0065788524530175,5.843849709696869e-14,0.604400529450463
35,494,19.72,83.17,30.56,30.02001499000292,0.0,0.2100790886912079,0.131529464379659
36,494,19.72,63.77,27.28,39.60003156564399,0.0,0.0,0.278926513619627
37,494,19.72,41.6,30.66,37.16437137905066,-0.0135126910133279,-0.0022669568309295,0.4301162633521313
39,494,19.72,14.21,35.09,24.7203964369506,0.0,-0.2499916671667588,0.1140175425099138
41,494,19.72,97.8,53.48,23.80005252095045,-3.1415926536,-0.0,-0.0509901951
42,494,19.72,122.09,44.09,23.670002112378445,-3.1415926536,-0.0,-0.1166190379
43,494,19.72,110.1,50.29,36.33023258940135,-3.1415926536,0.1724110597,-0.2002498439
44,494,19.72,39.27,44.17,23.500053191429163,3.130954757,0.2659474144,-0.0670820393
45,494,19.72,34.5,44.8,38.04008412188385,-3.1415926536,-0.0,-0.2920616373
46,494,19.72,168.38,43.69,35.07046193023411,-3.1415926536,-0.1785683917,-0.1208304597
47,494,19.72,125.59,50.18,39.22002039775094,-3.1415926536,-0.0,-0.4019950248
48,494,19.72,150.21,50.34,33.940147318478154,3.1342398449,0.1838202167,-0.161245155
49,494,19.72,14.57,42.69,36.80614350893068,-3.107821714,-0.1595132783,-0.0948683298
50,494,19.72,11.63,41.74,25.40050393200891,-3.131691987,-0.2475166647,-0.0583095189
51,494,19.72,13.56,41.24,38.65041914391097,-3.1415926536,0.1602542153,-0.0223606798
52,494,19.72,12.13,37.59,30.220372267726948,-3.1333283789,0.0017216445,-0.1708800749
53,494,19.72,13.34,41.13,39.150369091491335,-3.135182485,-0.0010206998,-0.3512833614
54,494,19.72,13.44,37.95,36.96077921256531,3.1347900374,-0.0011647952,-0.288444102
55,494,19.72,10.26,49.06,24.70045546138775,-3.1313889261,-0.2550931873,-0.1029563014
56,494,19.72,292.85,53.20,23.82,-3.1415926536,0,0
57,494,19.72,263.64,50.30,33.84,-3.1415926536,0,0
58,494,19.72,344.85,53.20,23.82,-3.1415926536,0,0
59,494,19.72,315.64,50.30,33.84,-3.1415926536,0,0
20,495,19.76,322.8,34.57,23.82013434051118,0.0,0.0,0.05
22,495,19.76,287.26,34.85,23.41054676849732,0.0105259270317234,0.2631481757930862,0.2816025568065745
24,495,19.76,261.56,36.88,23.25,0,0,0
26,495,19.76,397.25,30.69,38.670373672877794,0.0,0.1612880848241826,0.2370653918225939
29,495,19.76,249.57,38.00,35.374999999999,0,0,-1.562499999979
30,495,19.76,267.76,38.00,39.249999999999,0,0,-1.562499999977
31,495,19.76,182.69,31.23,33.84014775381456,0.0,0.0,0.05
32,495,19.76,137.96,31.24,35.47045672105168,0.0,-0.1773019918579578,0.4801041553663122
33,495,19.76,93.95,34.78,25.380332937138547,0.0,0.2450901869823515,0.0721110255092797
34,495,19.76,106.22,27.75,38.15134204716788,0.0131571354727554,0.1644570754934491,0.6168468205316454
35,495,19.76,84.37,30.56,30.02001499000292,0.0,0.0,0.1414213562373095
36,495,19.76,65.36,27.28,39.61002019691482,0.0,0.0,0.2692582403567252
37,495,19.76,43.08,30.64,37.17468224477514,-0.0201315081304032,-0.1654704279268826,0.4382921400162225
39,495,19.76,15.21,35.09,24.720341826115597,0.0099996666866632,0.2499916671665812,0.1204159457879229
41,495,19.76,96.84,53.48,23.80005252095045,-3.1415926536,-0.2631481758,-0.0509901951
42,495,19.76,121.14,44.09,23.670002112378445,-3.1415926536,-0.0,-0.1166190379
43,495,19.76,108.65,50.28,36.33023258940135,-3.1346962112,-0.1724110597,-0.2002498439
44,495,19.76,38.33,44.17,23.500034042528537,-3.1415926536,-0.0,-0.0670820393
45,495,19.76,32.97,44.8,38.03010649472336,-3.1415926536,0.1612880848,-0.2920616373
46,495,19.76,166.98,43.7,35.080461798556755,3.1344499179,-0.0,-0.1208304597
47,495,19.76,124.03,50.18,39.23002039255142,-3.1415926536,-0.0,-0.4119465985
48,495,19.76,148.86,50.34,33.95014727508557,-3.1415926536,-0.0,-0.1711724277
49,495,19.76,13.11,42.65,36.80614350893068,-3.1142022451,0.1710696959,-0.0948683298
50,495,19.76,10.63,41.74,25.40050393200891,-3.1415926536,0.2499916672,-0.0583095189
51,495,19.76,12.0,41.23,38.65041914391097,-3.135182485,0.0010338696,-0.0223606798
52,495,19.76,10.93,37.58,30.230423417477965,-3.1332595131,-0.208328511,-0.1772004515
53,495,19.76,11.77,41.12,39.13036928013842,-3.135223313,-0.1592335155,-0.3413209633
54,495,19.76,11.98,37.96,36.95071582527192,3.1347434456,0.1712301991,-0.2692582404
55,495,19.76,9.27,49.06,24.70051821318735,-3.1415926536,0.2525166646,-0.1029563014
56,495,19.76,291.90,53.20,23.82,-3.1415926536,0,0
57,495,19.76,262.28,50.30,33.84,-3.1415926536,0,0
58,495,19.76,343.90,53.20,23.82,-3.1415926536,0,0
59,495,19.76,314.28,50.30,33.84,-3.1415926536,0,0
20,496,19.8,323.75,34.57,23.82013434051118,0.0,0.0,0.058309518948453
22,496,19.8,288.21,34.86,23.420546535040558,0.0106378965755393,0.0027992385953975,0.282842712474619
24,496,19.8,262.49,36.88,23.375,0,0,3.125
26,496,19.8,398.79,30.69,38.67041892713344,-0.0064101686103125,-0.1602542152578147,0.2370653918225939
29,496,19.8,250.99,38.00,35.375000000001,0,0,0.000000000015
30,496,19.8,269.33,38.00,39.125000000001,0,0,-1.562499999977
31,496,19.8,184.05,31.23,33.84014775381456,-0.0074072719311662,-0.1851817982791556,0.04
32,496,19.8,139.39,31.24,35.45036107009349,0.0070920796743206,0.1773019918580172,0.4661544808322665
33,496,19.8,94.97,34.78,25.380332937138547,-0.0097084328341069,-0.2427108208526739,0.076157731058639
34,496,19.8,107.74,27.77,38.13134275107553,0.0065788524530174,-0.1644570754934507,0.6168468205316454
35,496,19.8,85.57,30.56,30.010006664444447,0.0,0.0,0.1513274595042155
36,496,19.8,66.95,27.28,39.62002019181716,0.0,0.0,0.2570992026436488
37,496,19.8,44.57,30.61,37.1850036977274,-0.0133325432941453,0.1699741209064466,0.4382921400162225
39,496,19.8,16.21,35.1,24.73034168789425,0.0,-0.2499916671665812,0.1204159457879229
41,496,19.8,95.89,53.49,23.810052498892144,3.1310667266,0.2631481758,-0.0509901951
42,496,19.8,120.2,44.09,23.68,-3.1415926536,-0.0,-0.1140175425
43,496,19.8,107.2,50.28,36.34023252539808,-3.1415926536,0.1724110597,-0.2002498439
44,496,19.8,37.38,44.17,23.500034042528537,-3.1415926536,-0.0,-0.0670820393
45,496,19.8,31.42,44.79,38.02013150950428,-3.1351411302,-0.1612880848,-0.3
46,496,19.8,165.58,43.71,35.080461798556755,3.1344499179,0.0012663999,-0.1264911064
47,496,19.8,122.48,50.18,39.25002038216032,-3.1415926536,-0.0,-0.4119465985
48,496,19.8,147.51,50.34,33.95014727508557,-3.1415926536,-0.1851817983,-0.1711724277
49,496,19.8,11.65,42.6,36.80614350893068,-3.1073594573,-0.1663495977,-0.0921954446
50,496,19.8,9.63,41.73,25.4105686673872,-3.1315929869,-0.0,-0.0538516481
51,496,19.8,10.45,41.22,38.65041914391097,-3.1351411302,-0.1612880848,-0.0223606798
52,496,19.8,9.72,37.58,30.230423417477965,-3.1415926536,0.208328511,-0.1772004515
53,496,19.8,10.23,41.12,39.120369374534285,-3.1415926536,0.1633963661,-0.3405877273
54,496,19.8,10.51,37.96,36.94065511059596,-3.1415926536,-0.1700654039,-0.2594224354
55,496,19.8,8.28,49.05,24.70051821318735,-3.131491987,-0.0,-0.098488578
56,496,19.8,290.94,53.20,23.82,-3.1415926536,0,0
57,496,19.8,260.93,50.30,33.84,-3.1415926536,0,0
58,496,19.8,342.94,53.20,23.82,-3.1415926536,0,0
59,496,19.8,312.93,50.30,33.84,-3.1415926536,0,0
20,497,19.84,324.71,34.57,23.820102854521853,0.0105259270317228,0.2631481757930704,0.058309518948453
22,497,19.84,289.15,34.87,23.430480148729348,0.0,-0.2659474143884838,0.282842712474619
24,497,19.84,263.43,36.88,23.5,0,0,1.5625
26,497,19.84,400.35,30.68,38.68046664661635,-0.0064934152282242,-0.0020811654477927,0.2370653918225939
29,497,19.84,252.40,38.00,35.375000000001,0,0,-0.000000000024
30,497,19.84,270.89,38.00,39.125000000001,0,0,1.562499999977
31,497,19.84,185.4,31.22,33.83014779748974,0.0,0.1851817982791556,0.04
32,497,19.84,140.8,31.25,35.44031743650161,0.0069928930053345,-0.002479666724654,0.4580392996239514
33,497,19.84,96.0,34.77,25.380332937138547,0.0,0.2427108208526739,0.076157731058639
34,497,19.84,109.26,27.78,38.10142910705581,0.0065358546459298,-0.0010749451771906,0.626418390534633
35,497,19.84,86.78,30.56,30.010006664444447,0.0,0.0,0.1513274595042155
36,497,19.84,68.54,27.28,39.63001135503245,0.0,0.0,0.2473863375370596
37,497,19.84,46.07,30.59,37.19550644903225,-0.0201315081304032,-0.1699741209064466,0.4326661530556787
39,497,19.84,17.21,35.1,24.73029114264529,0.0099996666866632,0.2499916671665812,0.1272792206135785
41,497,19.84,94.93,53.49,23.810052498892144,-3.1415926536,-0.0,-0.0509901951
42,497,19.84,119.26,44.09,23.68,-3.1415926536,-0.0,-0.1140175425
43,497,19.84,105.75,50.27,36.35023246143001,-3.1346962112,0.0011972607,-0.2002498439
44,497,19.84,36.44,44.17,23.500034042528537,-3.1415926536,-0.0,-0.0806225775
45,497,19.84,29.88,44.79,38.010159168306565,-3.1415926536,-0.0,-0.3023243292
46,497,19.84,164.17,43.72,35.09046166695446,3.1345005739,-0.0012663999,-0.1264911064
47,497,19.84,120.91,50.18,39.2700203717798,-3.1415926536,-0.0,-0.4219004622
48,497,19.84,146.16,50.35,33.960119257741134,3.1341853817,0.1851817983,-0.1811077028
49,497,19.84,10.2,42.56,36.81613912403092,-3.1140134412,-0.0,-0.0921954446
50,497,19.84,8.63,41.72,25.4105686673872,-3.1315929869,-0.2499916672,-0.0632455532
51,497,19.84,8.92,41.22,38.65041914391097,-3.1415926536,0.1644713113,-0.02
52,497,19.84,8.52,37.57,30.240477840140027,-3.1332595131,0.0,-0.1843908891
53,497,19.84,8.7,41.11,39.110369468978426,-3.1350567989,0.0021641274,-0.3306055051
54,497,19.84,9.04,37.97,36.93059707072173,3.1347900374,-0.0035429165,-0.2416609195
55,497,19.84,7.29,49.04,24.69058525025278,-3.131491987,-0.2525166646,-0.098488578
56,497,19.84,289.99,53.20,23.82,-3.1415926536,0,0
57,497,19.84,259.57,50.30,33.84,-3.1415926536,0,0
58,497,19.84,341.99,53.20,23.82,-3.1415926536,0,0
59,497,19.84,311.57,50.30,33.84,-3.1415926536,0,0
20,498,19.88,325.66,34.58,23.830102811360256,0.0,-0.2631481757930704,0.0640312423743284
22,498,19.88,290.08,34.87,23.440479943891937,0.0105259270317309,0.2631481757932731,0.282842712474619
24,498,19.88,264.37,36.88,23.5,0,0.0664887346,0.0041555557
26,498,19.88,401.89,30.67,38.68051705962576,-0.0064101686103125,0.0020811654477927,0.2370653918225939
29,498,19.88,253.82,38.00,35.374999999999,0,0,-1.562500000018
30,498,19.88,272.46,38.00,39.249999999999,0,0,-0.000000000022
31,498,19.88,186.75,31.22,33.83014779748974,-0.0073528086666892,-0.1838202166672318,0.03
32,498,19.88,142.23,31.26,35.42027667876128,0.0,-0.1748223251333631,0.4440720662234903
33,498,19.88,97.02,34.77,25.370333068369444,-0.0098036074793008,-0.2450901869825222,0.0854400374531753
34,498,19.88,110.79,27.79,38.0815178268934,0.0065788524530175,0.0010749451771922,0.6389053137985315
35,498,19.88,87.99,30.56,30.000006666665925,0.0,0.0,0.161245154965971
36,498,19.88,70.13,27.28,39.6400113521679,0.0,0.0,0.2376972864800942
37,498,19.88,47.56,30.56,37.2058543780411,-0.0199973339731489,0.0033543539313584,0.4326661530556787
39,498,19.88,18.21,35.11,24.73029114264529,0.0,-0.2499916671665812,0.1272792206135785
41,498,19.88,93.97,53.49,23.810052498892144,-3.1415926536,-0.0,-0.0412310563
42,498,19.88,118.31,44.09,23.68,-3.1415926536,-0.0,-0.1063014581
43,498,19.88,104.31,50.26,36.360232397497136,-3.1346483208,-0.1736083204,-0.1902629759
44,498,19.88,35.5,44.17,23.50001914892837,-3.1415926536,-0.2659474144,-0.0806225775
45,498,19.88,28.36,44.79,38.00018947321184,-3.1415926536,0.1633963661,-0.3106444913
46,498,19.88,162.77,43.73,35.09046166695446,3.1344499179,0.1785683917,-0.1264911064
47,498,19.88,119.35,50.18,39.2800318227977,-3.1415926536,-0.0,-0.4219004622
48,498,19.88,144.8,50.35,33.970119222634466,-3.1415926536,-0.1838202167,-0.1811077028
49,498,19.88,8.75,42.52,36.81613912403092,-3.1140134412,-0.0,-0.0905538514
50,498,19.88,7.64,41.72,25.4105686673872,-3.1415926536,0.2577228287,-0.0632455532
51,498,19.88,7.4,41.21,38.65041914391097,-3.1350138011,0.0033114045,-0.01
52,498,19.88,7.32,37.56,30.25047768217884,-3.1332595131,-0.208328511,-0.1824828759
53,498,19.88,7.19,41.1,39.09036965801168,-3.1349702338,-0.1655604936,-0.3206243908
54,498,19.88,7.6,37.98,36.92054170783522,3.1346483208,-0.0012140048,-0.2340939982
55,498,19.88,6.32,49.04,24.69058525025278,-3.1415926536,0.2631481758,-0.0948683298
56,498,19.88,289.04,53.20,23.82,-3.1415926536,0,0
57,498,19.88,258.22,50.30,33.84,-3.1415926536,0,0
58,498,19.88,341.04,53.20,23.82,-3.1415926536,0,0
59,498,19.88,310.22,50.30,33.84,-3.1415926536,0,0
20,499,19.92,326.63,34.58,23.830102811360256,0.0,0.0,0.0640312423743284
22,499,19.92,291.03,34.88,23.460479534740976,0.010752273791099,0.0056586689842023,0.2844292530665578
24,499,19.92,265.31,36.88,23.5003324445,0.0053190988,0.0664887346,0.0041555557
26,499,19.92,403.45,30.66,38.6905699105092,-0.0064934152282263,-0.0020811654478443,0.2370653918225939
29,499,19.92,255.23,38.00,35.249999999999,0,0,-1.562499999974
30,499,19.92,274.03,38.00,39.124999999999,0,0,-3.124999999975
31,499,19.92,188.11,31.21,33.83014779748974,0.0,0.1838202166672318,0.03
32,499,19.92,143.65,31.26,35.410238632350385,0.0070920796743183,0.1773019918579578,0.4301162633521313
33,499,19.92,98.04,34.76,25.370333068369444,0.0,0.2450901869825222,0.0854400374531753
34,499,19.92,112.31,27.8,38.05160968999866,0.0130711509501814,0.1623074624290982,0.6389053137985315
35,499,19.92,89.19,30.56,29.99000666888889,0.0,0.0,0.1711724276862369
36,499,19.92,71.72,27.28,39.650011349304805,0.0,0.0,0.2280350850198275
37,499,19.92,49.06,30.53,37.21621286482546,-0.0134220127400908,0.1643830308264521,0.4272001872658765
39,499,19.92,19.21,35.11,24.74024454204121,0.0,0.0,0.1272792206135785
41,499,19.92,93.03,53.49,23.810052498892144,-3.1415926536,-0.2631481758,-0.0412310563
42,499,19.92,117.37,44.09,23.690002110595096,-3.1415926536,-0.0,-0.0989949494
43,499,19.92,102.85,50.26,36.37023233359941,-3.1415926536,0.1724110597,-0.1902629759
44,499,19.92,34.56,44.18,23.50001914892837,3.130954757,0.2659474144,-0.0806225775
45,499,19.92,26.83,44.78,37.990222426303326,-3.1350567989,-0.1633963661,-0.3138470965
46,499,19.92,161.37,43.73,35.10046153542714,-3.1415926536,-0.1773019919,-0.1264911064
47,499,19.92,117.78,50.18,39.3000318066029,-3.1415926536,-0.1582257354,-0.4219004622
48,499,19.92,143.44,50.36,33.970119222634466,3.1342398449,0.1838202167,-0.1811077028
49,499,19.92,7.3,42.48,36.81613912403092,-3.1140134412,0.1966731965,-0.0905538514
50,499,19.92,6.67,41.71,25.4105686673872,-3.1312837404,-0.2577228287,-0.0707106781
51,499,19.92,5.91,41.2,38.65041914391097,-3.134881345,0.0046283439,-0.01
52,499,19.92,6.14,37.56,30.25047768217884,-3.1415926536,0.2192926211,-0.1910497317
53,499,19.92,5.69,41.1,39.08041453209011,-3.1415926536,0.1712301991,-0.3201562119
54,499,19.92,6.17,37.99,36.910541854597575,3.1345997606,0.1748223251,-0.2184032967
55,499,19.92,5.37,49.03,24.69058525025278,-3.1310667266,-0.0,-0.0921954446
56,499,19.92,288.09,53.20,23.82,-3.1415926536,0,0
57,499,19.92,256.87,50.30,33.84,-3.1415926536,0,0
58,499,19.92,340.09,53.20,23.82,-3.1415926536,0,0
59,499,19.92,308.87,50.30,33.84,-3.1415926536,0,0
20,500,19.96,327.58,34.58,23.830102811360256,0.0105259270317309,0.2631481757932731,0.0640312423743284
22,500,19.96,291.96,34.89,23.470479330426976,0.0,-0.2688068447774754,0.2844292530665578
24,500,19.96,266.25,36.89,23.5003324445,0.0053190988,-0.0664887346,-0.0041555557
26,500,19.96,404.99,30.65,38.690625479565455,-0.0064515233929673,0.0010472958814764,0.2370653918225939
29,500,19.96,256.64,38.00,35.250000000001,0,0,0.00000000002
30,500,19.96,275.59,38.00,39.000000000001,0,0,0.000000000031
31,500,19.96,189.46,31.21,33.83014779748974,0.0,0.0,0.03
32,500,19.96,145.06,31.27,35.390170951833504,0.0,-0.1773019918579578,0.4220189569201839
33,500,19.96,99.07,34.76,25.370333068369444,-0.0098036074792939,-0.2450901869823481,0.0854400374531753
34,500,19.96,113.84,27.82,38.03170387978955,0.0065788524530151,-0.1623074624291566,0.6514598989960932
35,500,19.96,90.39,30.56,29.99000166722236,0.0,0.0,0.170293863659264
36,500,19.96,73.32,27.28,39.66000504286402,0.0,0.0,0.215870331449229
37,500,19.96,50.55,30.51,37.22658190057207,-0.0201315081304032,-0.1677373847578105,0.4188078318274384
39,500,19.96,20.19,35.11,24.74024454204121,0.0102037274939522,0.255093187348805,0.1345362404707371
41,500,19.96,92.08,53.5,23.810052498892144,3.1310667266,0.2631481758,-0.0412310563
42,500,19.96,116.42,44.09,23.690002110595096,-3.1415926536,-0.0,-0.0989949494
43,500,19.96,101.4,50.25,36.37023233359941,-3.1346962112,-0.1724110597,-0.1902629759
44,500,19.96,33.61,44.18,23.510019140783363,-3.1415926536,-0.0,-0.0860232527
45,500,19.96,25.31,44.78,37.98025802966588,-3.1415926536,0.1633963661,-0.3138470965
46,500,19.96,159.96,43.74,35.10046153542714,3.1345005739,-0.0025510204,-0.1236931688
47,500,19.96,116.2,50.19,39.320031790424586,3.1352636242,0.1582257354,-0.4318564576
48,500,19.96,142.08,50.36,33.980119187548475,-3.1415926536,-0.0,-0.1910497317
49,500,19.96,5.89,42.43,36.82613474151204,-3.1061465133,-0.1564338066,-0.0905538514
50,500,19.96,5.73,41.71,25.420568443683557,-3.1415926536,0.2688068448,-0.0707106781
51,500,19.96,4.46,41.19,38.65041914391097,-3.1346962112,-0.1724110597,-0.01
52,500,19.96,5.0,37.55,30.26047752432205,-3.1328209487,0.0059265111,-0.1910497317
53,500,19.96,4.23,41.09,39.07041463818883,-3.1347434456,0.0048232286,-0.3101612484
54,500,19.96,4.79,37.99,36.91048902412429,-3.1415926536,-0.1879663828,-0.2137755833
55,500,19.96,4.42,49.02,24.680585487382587,-3.1310667266,-0.2631481758,-0.0806225775
56,500,19.96,287.13,53.20,23.82,-3.1415926536,0,0
57,500,19.96,255.51,50.30,33.84,-3.1415926536,0,0
58,500,19.96,339.13,53.20,23.82,-3.1415926536,0,0
59,500,19.96,307.51,50.30,33.84,-3.1415926536,0,0
20,501,20.0,328.53,34.59,23.830102811360256,,,0.0640312423743284
22,501,20.0,292.9,34.89,23.48041737278109,,,0.2844292530665578
24,501,20.0,267.19,36.89,23.5,0,-0.0664887346,-1.5666555557
26,501,20.0,406.54,30.64,38.69068363314352,,,0.2370653918225939
29,501,20,258.05,38.00,35.250000000001,0,0,1.562499999994
30,501,20,277.15,38.00,39.125000000001,0,0,1.562499999999
31,501,20.0,190.82,31.21,33.83014779748974,,,0.02
32,501,20.0,146.48,31.27,35.380141322498986,,,0.4161730409336963
33,501,20.0,100.09,34.75,25.360333199703824,,,0.0921954445729288
34,501,20.0,115.36,27.83,38.00180127309757,,,0.6514598989960932
35,501,20.0,91.59,30.56,29.980001667778478,,,0.1802775637731994
36,501,20.0,74.91,27.28,39.67000504159282,,,0.196468827043885
37,501,20.0,52.04,30.48,37.23696147646851,,,0.4134005321718877
39,501,20.0,21.17,35.12,24.75020201937754,,,0.1345362404707371
41,501,20.0,91.13,53.5,23.82005247685236,-3.1415926536,,-0.0412310563
42,501,20.0,115.48,44.09,23.69000844237925,-3.1415926536,-0.0,-0.0921954446
43,501,20.0,99.95,50.25,36.38023226973682,-3.1415926536,0.1712301991,-0.1902629759
44,501,20.0,32.66,44.18,23.510008507016757,-3.1415926536,,-0.0860232527
45,501,20.0,23.78,44.77,37.97029628538603,-3.1350567989,,-0.3176476035
46,501,20.0,158.57,43.75,35.11051409478363,3.1343985331,0.0025510204,-0.1236931688
47,501,20.0,114.62,50.19,39.34003177426272,-3.1415926536,-0.0,-0.4318564576
48,501,20.0,140.71,50.36,33.990119152483125,-3.1415926536,-0.1824785111,-0.1910497317
49,501,20.0,4.52,42.39,36.825840112616575,-3.1124038656,,-0.1
50,501,20.0,4.8,41.7,25.420637285481263,-3.1308403798,,-0.07
51,501,20.0,3.05,41.19,38.65041914391097,-3.1415926536,,-0.0
52,501,20.0,3.89,37.54,30.27053517861883,-3.1325838883,,-0.1902629759
53,501,20.0,2.81,41.08,39.06041474434188,-3.1345505165,,-0.31
54,501,20.0,3.46,38.0,36.9004891566494,3.1340739983,,-0.2009975124
55,501,20.0,3.51,49.02,24.680656393216125,-3.1415926536,,-0.0806225775
56,501,20,286.18,53.20,23.82,-3.1415926536,0,0
57,501,20,254.16,50.30,33.84,-3.1415926536,0,0
58,501,20,338.18,53.20,23.82,-3.1415926536,0,0
59,501,20,306.16,50.30,33.84,-3.1415926536,0,0
20,502,20.04,329.48,34.59,23.8572497859,0.002994003,0,0
22,502,20.04,293.84,34.90,23.5004342122,0.0060789525,0,0
24,502,20.04,268.13,36.89,23.375,0,0,-1.5625
29,502,20.04,259.46,38.00,35.375000000001,0,0,1.562499999988
30,502,20.04,278.72,38.00,39.125000000001,0,0,-0.000000000031
42,502,20.04,114.54,44.09,23.69000844237925,-3.1415926536,-0.0,-0.0943398113
43,502,20.04,98.49,50.24,36.39023220590932,-3.1347434456,-0.1712301991,-0.1902629759
46,502,20.04,157.16,43.76,35.11051409478363,3.1345005739,0.1773019919,-0.1236931688
47,502,20.04,113.04,50.19,39.35003176618794,-3.1415926536,-0.0,-0.4318564576
48,502,20.04,139.34,50.37,34.000119117438395,3.1342935131,0.1824785111,-0.1910497317
56,502,20.04,285.23,53.20,23.82,-3.1415926536,0,0
57,502,20.04,252.81,50.30,33.84,-3.1415926536,0,0
58,502,20.04,337.23,53.20,23.82,-3.1415926536,0,0
59,502,20.04,304.81,50.30,33.84,-3.1415926536,0,0
20,503,20.08,330.44,34.60,23.8572497859,0.002994003,0,0
22,503,20.08,294.78,34.90,23.5004342122,0.0060789525,0,0
24,503,20.08,269.06,36.89,23.375,0,0.0664887346,1.5666555557
29,503,20.08,260.88,38.00,35.375,0,0,-1.562500000018
30,503,20.08,280.28,38.00,39.124999999999,0,0,-0.000000000013
42,503,20.08,113.59,44.09,23.70000843881706,-3.1415926536,-0.0,-0.0943398113
43,503,20.08,97.04,50.24,36.40023214211689,-3.1415926536,0.1700654039,-0.1811077028
46,503,20.08,155.76,43.76,35.12051394840343,-3.1415926536,-0.1785683917,-0.1334166406
47,503,20.08,111.46,50.19,39.370045720064894,-3.1415926536,-0.0,-0.4318564576
48,503,20.08,137.97,50.37,34.01011908241428,-3.1415926536,-0.0,-0.1910497317
56,503,20.08,284.27,53.20,23.82,-3.1415926536,0,0
57,503,20.08,251.45,50.30,33.84,-3.1415926536,0,0
58,503,20.08,336.27,53.20,23.82,-3.1415926536,0,0
59,503,20.08,303.45,50.30,33.84,-3.1415926536,0,0
20,504,20.12,331.39,34.60,23.8572497859,0.002994003,0,0
22,504,20.12,295.72,34.91,23.5004342122,0.0060789525,0,0
24,504,20.12,270.00,36.89,23.5003324445,0.0053190988,0.0664887346,1.5666555557
29,504,20.12,262.29,38.00,35.249999999999,0,0,-1.562499999988
30,504,20.12,281.85,38.00,39.125,0,0,0.000000000022
42,504,20.12,112.64,44.09,23.700018987334165,-3.1415926536,-0.0,-0.0894427191
43,504,20.12,95.57,50.23,36.40023214211689,-3.1347900374,0.0011647952,-0.1811077028
46,504,20.12,154.36,43.77,35.12051394840343,3.1344499179,-0.0,-0.1315294644
47,504,20.12,109.89,50.19,39.39004569685088,-3.1415926536,-0.0,-0.4318564576
48,504,20.12,136.61,50.37,34.01011908241428,-3.1415926536,-0.0,-0.1910497317
56,504,20.12,283.32,53.20,23.82,-3.1415926536,0,0
57,504,20.12,250.10,50.30,33.84,-3.1415926536,0,0
58,504,20.12,335.32,53.20,23.82,-3.1415926536,0,0
59,504,20.12,302.10,50.30,33.84,-3.1415926536,0,0
20,505,20.16,332.35,34.60,23.8572497859,0.002994003,0,0
22,505,20.16,296.66,34.91,23.5004342122,0.0060789525,0,0
24,505,20.16,270.94,36.90,23.5003324445,0.0053190988,-0.0664887346,-1.5666555557
29,505,20.16,263.70,38.00,35.250000000001,0,0,1.562500000018
30,505,20.16,283.41,38.00,39.125000000001,0,0,0.000000000013
42,505,20.16,111.68,44.09,23.700018987334165,-3.1415926536,-0.2631481758,-0.0854400375
43,505,20.16,94.11,50.22,36.41019774733447,-3.1347434456,-0.1712301991,-0.1711724277
46,505,20.16,152.96,43.78,35.13051380210657,3.1344499179,0.0,-0.1315294644
47,505,20.16,108.32,50.19,39.41004567366041,-3.1415926536,-0.1592335155,-0.4318564576
48,505,20.16,135.24,50.37,34.02009406218625,-3.1415926536,-0.1838202167,-0.2009975124
56,505,20.16,282.37,53.20,23.82,-3.1415926536,0,0
57,505,20.16,248.75,50.30,33.84,-3.1415926536,0,0
58,505,20.16,334.37,53.20,23.82,-3.1415926536,0,0
59,505,20.16,300.75,50.30,33.84,-3.1415926536,0,0
20,506,20.2,333.30,34.60,23.8572497859,0.002994003,0,0
22,506,20.2,297.60,34.92,23.5004342122,0.0060789525,0,0
24,506,20.2,271.88,36.90,23.375,0,-0.0664887346,-1.5666555557
29,506,20.2,265.11,38.00,35.375000000001,0,0,1.562499999979
30,506,20.2,284.98,38.00,39.125000000001,0,0,-0.000000000022
42,506,20.2,110.73,44.1,23.700033755250224,3.1310667266,0.2631481758,-0.0824621125
43,506,20.2,92.65,50.22,36.4201976930384,-3.1415926536,0.1712301991,-0.1711724277
46,506,20.2,151.56,43.79,35.13046114129446,3.1344499179,0.1785683917,-0.1315294644
47,506,20.2,106.75,50.2,39.42006215114329,3.135223313,0.1592335155,-0.4418144407
48,506,20.2,133.88,50.38,34.030094034545364,3.1342398449,0.1838202167,-0.2009975124
56,506,20.2,281.42,53.20,23.82,-3.1415926536,0,0
57,506,20.2,247.39,50.30,33.84,-3.1415926536,0,0
58,506,20.2,333.42,53.20,23.82,-3.1415926536,0,0
59,506,20.2,299.39,50.30,33.84,-3.1415926536,0,0
20,507,20.24,334.26,34.61,23.8572497859,0.002994003,0,0
22,507,20.24,298.54,34.92,23.5004342122,0.0060789525,0,0
24,507,20.24,272.81,36.90,23.375,0,0,1.5625
29,507,20.24,266.53,38.00,35.374999999999,0,0,-1.562500000009
30,507,20.24,286.54,38.00,39.124999999999,0,0,1.562499999977
42,507,20.24,109.78,44.1,23.700033755250224,-3.1415926536,-0.0,-0.0806225775
43,507,20.24,91.19,50.21,36.4201976930384,-3.1347434456,-0.1712301991,-0.161245155
46,507,20.24,150.16,43.79,35.140461010066446,-3.1415926536,-0.1785683917,-0.1315294644
47,507,20.24,105.18,50.2,39.44006211962653,-3.1415926536,-0.0,-0.4418144407
48,507,20.24,132.51,50.38,34.04009400692072,-3.1415926536,-0.0,-0.2009975124
56,507,20.24,280.46,53.20,23.82,-3.1415926536,0,0
57,507,20.24,246.04,50.30,33.84,-3.1415926536,0,0
58,507,20.24,332.46,53.20,23.82,-3.1415926536,0,0
59,507,20.24,298.04,50.30,33.84,-3.1415926536,0,0
20,508,20.28,335.21,34.61,23.8572497859,0.002994003,0,0
22,508,20.28,299.48,34.93,23.5004342122,0.0060789525,0,0
24,508,20.28,273.75,36.90,23.5,0,0,0
29,508,20.28,267.94,38.00,35.25,0,0,0.00000000002
30,508,20.28,288.11,38.00,39.249999999999,0,0,0.000000000022
42,508,20.28,108.81,44.1,23.700052742557347,-3.1415926536,-0.0,-0.08
43,508,20.28,89.74,50.21,36.43019763877215,-3.1415926536,0.1712301991,-0.161245155
46,508,20.28,148.76,43.8,35.140461010066446,3.1344499179,0.0012663999,-0.1315294644
47,508,20.28,103.61,50.2,39.460062088141726,-3.1415926536,-0.0,-0.4418144407
48,508,20.28,131.15,50.38,34.04009400692072,-3.1415926536,-0.1838202167,-0.2009975124
56,508,20.28,279.51,53.20,23.82,-3.1415926536,0,0
57,508,20.28,244.68,50.30,33.84,-3.1415926536,0,0
58,508,20.28,331.51,53.20,23.82,-3.1415926536,0,0
59,508,20.28,296.68,50.30,33.84,-3.1415926536,0,0
20,509,20.32,336.16,34.61,23.8572497859,0.002994003,0,0
22,509,20.32,300.42,34.94,23.5004342122,0.0060789525,0,0
24,509,20.32,274.69,36.90,23.375,0,0,-1.5625
29,509,20.32,269.35,38.00,35.375000000001,0,0,1.562500000009
30,509,20.32,289.68,38.00,39.125000000001,0,0,-1.562499999977
42,509,20.32,107.86,44.1,23.700052742557347,-3.1415926536,-0.0,-0.0806225775
43,509,20.32,88.28,50.2,36.44019758453568,-3.1347434456,-0.1712301991,-0.1513274595
46,509,20.32,147.35,43.81,35.150460878913094,3.1345005739,0.1773019919,-0.1303840481
47,509,20.32,102.04,50.2,39.480062056688816,-3.1415926536,-0.1592335155,-0.4418144407
48,509,20.32,129.79,50.39,34.0500939793123,3.1342398449,0.1838202167,-0.2009975124
56,509,20.32,278.56,53.20,23.82,-3.1415926536,0,0
57,509,20.32,243.33,50.30,33.84,-3.1415926536,0,0
58,509,20.32,330.56,53.20,23.82,-3.1415926536,0,0
59,509,20.32,295.33,50.30,33.84,-3.1415926536,0,0
20,510,20.36,337.12,34.62,23.8572497859,0.002994003,0,0
22,510,20.36,301.36,34.94,23.5004342122,0.0060789525,0,0
24,510,20.36,275.62,36.90,23.375,0,0.0664887346,1.5666555557
29,510,20.36,270.77,38.00,35.375000000001,0,0,-1.562500000018
30,510,20.36,291.24,38.00,39.125000000001,0,0,-0.000000000022
42,510,20.36,106.91,44.1,23.700075949245395,-3.1415926536,-0.0,-0.0824621125
43,510,20.36,86.83,50.2,36.44019758453568,-3.1415926536,0.1700654039,-0.1414213562
46,510,20.36,145.93,43.81,35.150460878913094,-3.1415926536,-0.1760534277,-0.1303840481
47,510,20.36,100.47,50.21,39.490081033089815,3.135223313,0.1592335155,-0.4318564576
48,510,20.36,128.43,50.39,34.0600939517201,-3.1415926536,-0.0,-0.2009975124
56,510,20.36,277.60,53.20,23.82,-3.1415926536,0,0
57,510,20.36,241.98,50.30,33.84,-3.1415926536,0,0
58,510,20.36,329.60,53.20,23.82,-3.1415926536,0,0
59,510,20.36,293.98,50.30,33.84,-3.1415926536,0,0
20,511,20.4,338.07,34.62,23.8572497859,0.002994003,0,0
22,511,20.4,302.30,34.95,23.5004342122,0.0060789525,0,0
24,511,20.4,276.56,36.90,23.5003324445,0.0053190988,0.0664887346,1.5666555557
29,511,20.4,272.18,38.00,35.249999999999,0,0,-1.562500000018
30,511,20.4,292.81,38.00,39.124999999999,0,0,-0.000000000022
42,511,20.4,105.95,44.1,23.700075949245395,-3.1415926536,-0.2604072483,-0.0854400375
43,511,20.4,85.36,50.19,36.45019753032897,-3.1347900374,,-0.1315294644
46,511,20.4,144.51,43.82,35.16046074783435,3.1345505165,-0.0012485642,-0.1303840481
47,511,20.4,98.89,50.21,39.51008099207087,-3.1415926536,-0.0,-0.4318564576
48,511,20.4,127.07,50.39,34.07009392414409,-3.1415926536,-0.1824785111,-0.2009975124
56,511,20.4,276.65,53.20,23.82,-3.1415926536,0,0
57,511,20.4,240.62,50.30,33.84,-3.1415926536,0,0
58,511,20.4,328.65,53.20,23.82,-3.1415926536,0,0
59,511,20.4,292.62,50.30,33.84,-3.1415926536,0,0
20,512,20.44,339.03,34.62,23.8572497859,0.002994003,0,0
22,512,20.44,303.24,34.95,23.5004342122,0.0060789525,0,0
24,512,20.44,277.50,36.91,23.5003324445,0.0053190988,-0.0664887346,-1.5666555557
29,512,20.44,273.59,38.00,35.249999999999,0,0,1.562500000027
30,512,20.44,294.37,38.00,39.124999999999,0,0,0.000000000022
42,512,20.44,104.99,44.11,23.700075949245395,3.1311763637,0.2604072483,-0.0894427191
46,512,20.44,143.1,43.83,35.16046074783435,3.1345005739,0.0,-0.1303840481
47,512,20.44,97.31,50.21,39.53008095109344,-3.1415926536,-0.1582257354,-0.4318564576
48,512,20.44,125.7,50.4,34.08009389658426,3.1342935131,0.1824785111,-0.2109502311
56,512,20.44,275.70,53.20,23.82,-3.1415926536,0,0
57,512,20.44,239.27,50.30,33.84,-3.1415926536,0,0
58,512,20.44,327.70,53.20,23.82,-3.1415926536,0,0
59,512,20.44,291.27,50.30,33.84,-3.1415926536,0,0
20,513,20.48,339.98,34.62,23.8572497859,0.002994003,0,0
22,513,20.48,304.18,34.96,23.5004342122,0.0060789525,0,0
24,513,20.48,278.44,36.91,23.375,0,-0.0664887346,-1.5666555557
29,513,20.48,275.00,38.00,35.375000000001,0,0,1.562500000018
30,513,20.48,295.94,38.00,39.125000000001,0,0,0.000000000022
42,513,20.48,104.03,44.11,23.70010337530197,-3.1415926536,-0.0,-0.0943398113
46,513,20.48,141.69,43.84,35.17046061683014,3.1345005739,0.1773019919,-0.1303840481
47,513,20.48,95.73,50.22,39.550102401890186,3.1352636242,0.1582257354,-0.4318564576
48,513,20.48,124.34,50.4,34.09009386904061,-3.1415926536,-0.0,-0.2109502311
56,513,20.48,274.75,53.20,23.82,-3.1415926536,0,0
57,513,20.48,237.92,50.30,33.84,-3.1415926536,0,0
58,513,20.48,326.75,53.20,23.82,-3.1415926536,0,0
59,513,20.48,289.92,50.30,33.84,-3.1415926536,0,0
20,514,20.52,340.94,34.63,23.8572497859,0.002994003,0,0
22,514,20.52,305.12,34.96,23.5004342122,0.0060789525,0,0
24,514,20.52,279.37,36.91,23.375,0,0,1.5625
29,514,20.52,276.42,38.00,35.375000000001,0,0,-1.562500000027
30,514,20.52,297.50,38.00,39.125000000001,0,0,1.562499999977
42,514,20.52,103.08,44.11,23.69010341893847,-3.1415926536,-0.2631481758,-0.1
46,514,20.52,140.27,43.84,35.17046061683014,-3.1415926536,-0.1773019919,-0.1204159458
47,514,20.52,94.14,50.22,39.56010237600505,-3.1415926536,-0.0,-0.4219004622
48,514,20.52,122.97,50.4,34.09009386904061,-3.1415926536,-0.0,-0.2109502311
56,514,20.52,273.79,53.20,23.82,-3.1415926536,0,0
57,514,20.52,236.56,50.30,33.84,-3.1415926536,0,0
58,514,20.52,325.79,53.20,23.82,-3.1415926536,0,0
59,514,20.52,288.56,50.30,33.84,-3.1415926536,0,0
20,515,20.56,341.89,34.63,23.8572497859,0.002994003,0,0
22,515,20.56,306.06,34.97,23.5004342122,0.0060789525,0,0
24,515,20.56,280.31,36.91,23.5,0,0,0
29,515,20.56,277.83,38.00,35.249999999999,0,0,-0.000000000011
30,515,20.56,299.07,38.00,39.249999999999,0,0,-0.000000000022
42,515,20.56,102.13,44.12,23.690135077706923,3.1310667266,0.2631481758,-0.1063014581
46,515,20.56,138.86,43.85,35.18046048590041,3.1345005739,0.0,-0.1204159458
47,515,20.56,92.55,50.22,39.580102324274,-3.1415926536,-0.1572306313,-0.4219004622
48,515,20.56,121.62,50.4,34.10009384151311,-3.1415926536,-0.1838202167,-0.2109502311
56,515,20.56,272.84,53.20,23.82,-3.1415926536,0,0
57,515,20.56,235.21,50.30,33.84,-3.1415926536,0,0
58,515,20.56,324.84,53.20,23.82,-3.1415926536,0,0
59,515,20.56,287.21,50.30,33.84,-3.1415926536,0,0
20,516,20.6,342.84,34.63,23.8572497859,0.002994003,0,0
22,516,20.6,307.00,34.98,23.5004342122,0.0060789525,0,0
24,516,20.6,281.25,36.91,23.375,0,0,-1.5625
29,516,20.6,279.24,38.00,35.375,0,0,1.562500000018
30,516,20.6,300.64,38.00,39.124999999999,0,0,-1.562499999977
42,516,20.6,101.19,44.12,23.690135077706923,-3.1415926536,-0.0,-0.113137085
46,516,20.6,137.45,43.86,35.18046048590041,3.1345005739,0.1773019919,-0.1204159458
47,516,20.6,90.96,50.23,39.60012626242497,3.1353034283,0.1572306313,-0.4210700654
48,516,20.6,120.26,50.41,34.11009381400174,3.1342398449,0.1838202167,-0.2109502311
56,516,20.6,271.89,53.20,23.82,-3.1415926536,0,0
57,516,20.6,233.86,50.30,33.84,-3.1415926536,0,0
58,516,20.6,323.89,53.20,23.82,-3.1415926536,0,0
59,516,20.6,285.86,50.30,33.84,-3.1415926536,0,0
20,517,20.64,343.80,34.64,23.8572497859,0.002994003,0,0
22,517,20.64,307.94,34.98,23.5004342122,0.0060789525,0,0
24,517,20.64,282.18,36.91,23.375,0,0.0664887346,1.5666555557
29,517,20.64,280.66,38.00,35.375000000001,0,0,-1.562499999988
30,517,20.64,302.20,38.00,39.125000000001,0,0,0.000000000022
42,517,20.64,100.25,44.12,23.68017102978777,-3.1415926536,-0.2631481758,-0.1204159458
46,517,20.64,136.04,43.86,35.19046035504508,-3.1415926536,-0.1773019919,-0.1204159458
47,517,20.64,89.36,50.23,39.61012623054867,-3.1415926536,-0.1572306313,-0.4110960958
48,517,20.64,118.89,50.41,34.12009378650651,-3.1415926536,-0.0,-0.2109502311
56,517,20.64,270.94,53.20,23.82,-3.1415926536,0,0
57,517,20.64,232.50,50.30,33.84,-3.1415926536,0,0
58,517,20.64,322.94,53.20,23.82,-3.1415926536,0,0
59,517,20.64,284.50,50.30,33.84,-3.1415926536,0,0
20,518,20.68,344.75,34.64,23.8572497859,0.002994003,0,0
22,518,20.68,308.88,34.99,23.5004342122,0.0060789525,0,0
24,518,20.68,283.12,36.91,23.5003324445,0.0053190988,0.0664887346,1.5666555557
29,518,20.68,282.07,38.00,35.250000000001,0,0,-1.562500000018
30,518,20.68,303.77,38.00,39.125000000001,0,0,-0.000000000022
42,518,20.68,99.3,44.13,23.68017102978777,3.1310667266,0.2631481758,-0.1280624847
46,518,20.68,134.63,43.87,35.19046035504508,3.1345005739,0.0012485642,-0.1204159458
47,518,20.68,87.77,50.24,39.630126166844335,3.1353034283,0.1572306313,-0.4011234224
48,518,20.68,117.53,50.41,34.13009375902739,-3.1415926536,-0.0,-0.2109502311
56,518,20.68,269.98,53.20,23.82,-3.1415926536,0,0
57,518,20.68,231.15,50.30,33.84,-3.1415926536,0,0
58,518,20.68,321.98,53.20,23.82,-3.1415926536,0,0
59,518,20.68,283.15,50.30,33.84,-3.1415926536,0,0
20,519,20.72,345.71,34.64,23.8572497859,0.002994003,0,0
22,519,20.72,309.82,34.99,23.5004342122,0.0060789525,0,0
24,519,20.72,284.06,36.92,23.5003324445,0.0053190988,-0.0664887346,-1.5666555557
29,519,20.72,283.48,38.00,35.249999999999,0,0,1.562499999979
30,519,20.72,305.33,38.00,39.124999999999,0,0,-0.000000000022
42,519,20.72,98.35,44.13,23.68017102978777,-3.1415926536,-0.0,-0.1280624847
46,519,20.72,133.21,43.88,35.20046022426412,3.1345505165,-0.0012485642,-0.1204159458
47,519,20.72,86.18,50.24,39.65012610320426,-3.1415926536,-0.1572306313,-0.4011234224
48,519,20.72,116.17,50.41,34.14009373156436,-3.1415926536,-0.1824785111,-0.2109502311
56,519,20.72,269.03,53.20,23.82,-3.1415926536,0,0
57,519,20.72,229.80,50.30,33.84,-3.1415926536,0,0
58,519,20.72,321.03,53.20,23.82,-3.1415926536,0,0
59,519,20.72,281.80,50.30,33.84,-3.1415926536,0,0
20,520,20.76,346.66,34.64,23.8572497859,0.002994003,0,0
22,520,20.76,310.76,35.00,23.5004342122,0.0060789525,0,0
24,520,20.76,285.00,36.92,23.375,0,-0.0664887346,-1.5666555557
29,520,20.76,284.89,38.00,35.374999999999,0,0,1.562500000027
30,520,20.76,306.90,38.00,39.124999999999,0,0,0.000000000022
42,520,20.76,97.4,44.13,23.67021123691126,-3.1415926536,-0.2631481758,-0.1360147051
46,520,20.76,131.8,43.89,35.20046022426412,3.1345005739,0.1773019919,-0.1204159458
47,520,20.76,84.59,50.25,39.66015254635312,3.1353034283,0.1572306313,-0.3911521443
48,520,20.76,114.8,50.42,34.14009373156436,3.1342935131,0.1824785111,-0.2109502311
56,520,20.76,268.08,53.20,23.82,-3.1415926536,0,0
57,520,20.76,228.44,50.30,33.84,-3.1415926536,0,0
58,520,20.76,320.08,53.20,23.82,-3.1415926536,0,0
59,520,20.76,280.44,50.30,33.84,-3.1415926536,0,0
20,521,20.8,347.62,34.65,23.8572497859,0.002994003,0,0
22,521,20.8,311.70,35.00,23.5004342122,0.0060789525,0,0
24,521,20.8,285.93,36.92,23.375,0,0,1.5625
29,521,20.8,286.31,38.00,35.375000000001,0,0,-1.562499999979
30,521,20.8,308.46,38.00,39.125000000001,0,0,1.562500000029
42,521,20.8,96.45,44.14,23.67021123691126,3.1310667266,0.2631481758,-0.1389244399
46,521,20.8,130.39,43.89,35.21046009355743,-3.1415926536,-0.1773019919,-0.1204159458
47,521,20.8,83.01,50.25,39.680152469465135,-3.1415926536,-0.1572306313,-0.3805259518
48,521,20.8,113.44,50.42,34.15009370411742,-3.1415926536,-0.0,-0.2109502311
56,521,20.8,267.12,53.20,23.82,-3.1415926536,0,0
57,521,20.8,227.09,50.30,33.84,-3.1415926536,0,0
58,521,20.8,319.12,53.20,23.82,-3.1415926536,0,0
59,521,20.8,279.09,50.30,33.84,-3.1415926536,0,0
20,522,20.84,348.57,34.65,23.8572497859,0.002994003,0,0
22,522,20.84,312.64,35.01,23.5004342122,0.0060789525,0,0
24,522,20.84,286.87,36.92,23.5,0,0,0
29,522,20.84,287.72,38.00,35.250000000001,0,0,-0.000000000029
30,522,20.84,310.03,38.00,39.250000000001,0,0,-0.000000000013
42,522,20.84,95.49,44.14,23.660255704450872,-3.1415926536,-0.2659474144,-0.1476482306
46,522,20.84,128.98,43.9,35.21046009355743,3.1345005739,-0.0012663999,-0.12
47,522,20.84,81.42,50.26,39.690152431050194,3.1353034283,0.1572306313,-0.3805259518
48,522,20.84,112.07,50.42,34.16009367668654,-3.1415926536,-0.0,-0.2109502311
56,522,20.84,266.17,53.20,23.82,-3.1415926536,0,0
57,522,20.84,225.73,50.30,33.84,-3.1415926536,0,0
58,522,20.84,318.17,53.20,23.82,-3.1415926536,0,0
59,522,20.84,277.73,50.30,33.84,-3.1415926536,0,0
20,523,20.88,349.52,34.65,23.8572497859,0.002994003,0,0
22,523,20.88,313.58,35.02,23.5004342122,0.0060789525,0,0
24,523,20.88,287.81,36.92,23.375,0,0,-1.5625
29,523,20.88,289.13,38.00,35.374999999999,0,0,1.562499999979
30,523,20.88,311.60,38.00,39.125,0,0,-1.562500000029
42,523,20.88,94.55,44.15,23.660255704450872,3.130954757,0.2659474144,-0.1565247584
46,523,20.88,127.58,43.91,35.22045996292496,3.1344499179,0.1785683917,-0.12
47,523,20.88,79.82,50.26,39.71015235427837,-3.1415926536,-0.1572306313,-0.3705401463
48,523,20.88,110.71,50.42,34.17009364927173,-3.1415926536,-0.1838202167,-0.2109502311
56,523,20.88,265.22,53.20,23.82,-3.1415926536,0,0
57,523,20.88,224.38,50.30,33.84,-3.1415926536,0,0
58,523,20.88,317.22,53.20,23.82,-3.1415926536,0,0
59,523,20.88,276.38,50.30,33.84,-3.1415926536,0,0
20,524,20.92,350.48,34.66,23.8572497859,0.002994003,0,0
22,524,20.92,314.52,35.02,23.5004342122,0.0060789525,0,0
24,524,20.92,288.74,36.92,23.375,0,0.0664887346,1.5666555557
29,524,20.92,290.55,38.00,35.374999999999,0,0,-1.562499999979
30,524,20.92,313.16,38.00,39.124999999999,0,0,0.000000000013
42,524,20.92,93.6,44.15,23.65030443778684,-3.1415926536,-0.0,-0.1655294536
46,524,20.92,126.18,43.91,35.22045996292496,-3.1415926536,-0.1785683917,-0.12
47,524,20.92,78.23,50.27,39.720152315921446,3.1353034283,0.1572306313,-0.3601388621
48,524,20.92,109.35,50.43,34.18009362187295,3.1342398449,0.1838202167,-0.2109502311
56,524,20.92,264.27,53.20,23.82,-3.1415926536,0,0
57,524,20.92,223.03,50.30,33.84,-3.1415926536,0,0
58,524,20.92,316.27,53.20,23.82,-3.1415926536,0,0
59,524,20.92,275.03,50.30,33.84,-3.1415926536,0,0
20,525,20.96,351.43,34.66,23.8572497859,0.002994003,0,0
22,525,20.96,315.46,35.03,23.5004342122,0.0060789525,0,0
24,525,20.96,289.68,36.92,23.5003324445,0.0053190988,0.0664887346,1.5666555557
29,525,20.96,291.96,38.00,35.250000000001,0,0,-1.562499999979
30,525,20.96,314.73,38.00,39.125000000001,0,0,0.000000000022
42,525,20.96,92.65,44.15,23.640304566565973,-3.1415926536,-0.2631481758,-0.174642492
46,525,20.96,124.78,43.92,35.22045996292496,3.1344499179,0.0012663999,-0.12
47,525,20.96,76.64,50.27,39.74015223926552,-3.1415926536,-0.1562479655,-0.350142828
48,525,20.96,107.99,50.43,34.1900935944902,-3.1415926536,-0.0,-0.2109502311
56,525,20.96,263.31,53.20,23.82,-3.1415926536,0,0
57,525,20.96,221.67,50.30,33.84,-3.1415926536,0,0
58,525,20.96,315.31,53.20,23.82,-3.1415926536,0,0
59,525,20.96,273.67,50.30,33.84,-3.1415926536,0,0
20,526,21,352.39,34.66,23.8572497859,0.002994003,0,0
22,526,21,316.40,35.03,23.5004342122,0.0060789525,0,0
24,526,21,290.62,36.93,23.5003324445,0.0053190988,-0.0664887346,-1.5666555557
29,526,21,293.37,38.00,35.250000000001,0,0,1.562499999999
30,526,21,316.29,38.00,39.125000000001,0,0,0
42,526,21.0,91.7,44.16,23.640304566565973,3.1310667266,0.2631481758,-0.1708800749
46,526,21.0,123.37,43.93,35.23045983236665,3.1345005739,-0.0,-0.12
47,526,21.0,75.04,50.28,39.75015220096648,3.135342735,0.1562479655,-0.350142828
48,526,21.0,106.62,50.43,34.20009356712347,-3.1415926536,-0.1824785111,-0.2109502311
56,526,21,262.36,53.20,23.82,-3.1415926536,0,0
57,526,21,220.32,50.30,33.84,-3.1415926536,0,0
58,526,21,314.36,53.20,23.82,-3.1415926536,0,0
59,526,21,272.32,50.30,33.84,-3.1415926536,0,0
20,527,21.04,353.34,34.66,23.8572497859,0.002994003,0,0
22,527,21.04,317.34,35.04,23.5004342122,0.0060789525,0,0
24,527,21.04,291.56,36.93,23.375,0,-0.0664887346,-1.5666555557
29,527,21.04,294.78,38.00,35.375000000001,0,0,1.562499999988
30,527,21.04,317.86,38.00,39.125000000001,0,0,-0.000000000022
42,527,21.04,90.76,44.16,23.63035759357018,-3.1415926536,-0.2631481758,-0.1802775638
46,527,21.04,121.96,43.94,35.23045983236665,3.1345005739,0.1773019919,-0.12
47,527,21.04,73.45,50.28,39.7601521626867,-3.1415926536,-0.1562479655,-0.340147027
48,527,21.04,105.25,50.44,34.20009356712347,3.1342935131,0.1824785111,-0.2109502311
56,527,21.04,261.41,53.20,23.82,-3.1415926536,0,0
57,527,21.04,218.97,50.30,33.84,-3.1415926536,0,0
58,527,21.04,313.41,53.20,23.82,-3.1415926536,0,0
59,527,21.04,270.97,50.30,33.84,-3.1415926536,0,0
20,528,21.08,354.30,34.67,23.8572497859,0.002994003,0,0
22,528,21.08,318.28,35.04,23.5004342122,0.0060789525,0,0
24,528,21.08,292.49,36.93,23.375,0,0,1.5625
29,528,21.08,296.20,38.00,35.375,0,0,-1.562500000018
30,528,21.08,319.42,38.00,39.124999999999,0,0,1.562499999977
42,528,21.08,89.81,44.17,23.620357744962288,3.1310667266,0.2631481758,-0.1897366596
46,528,21.08,120.56,43.94,35.24045970188244,-3.1415926536,-0.1773019919,-0.12
47,528,21.08,71.85,50.29,39.78015208618489,3.135342735,0.1562479655,-0.33
48,528,21.08,103.89,50.44,34.210093539772735,-3.1415926536,-0.0,-0.2109502311
56,528,21.08,260.45,53.20,23.82,-3.1415926536,0,0
57,528,21.08,217.61,50.30,33.84,-3.1415926536,0,0
58,528,21.08,312.45,53.20,23.82,-3.1415926536,0,0
59,528,21.08,269.61,50.30,33.84,-3.1415926536,0,0
20,529,21.12,355.25,34.67,23.8572497859,0.002994003,0,0
22,529,21.12,319.22,35.05,23.5004342122,0.0060789525,0,0
24,529,21.12,293.43,36.93,23.5,0,0,0
29,529,21.12,297.61,38.00,35.249999999999,0,0,0.000000000011
30,529,21.12,320.99,38.00,39.249999999999,0,0,0.000000000022
42,529,21.12,88.86,44.17,23.620357744962288,-3.1415926536,-0.2659474144,-0.1897366596
46,529,21.12,119.15,43.95,35.24045970188244,3.1345005739,-0.0012663999,-0.1204159458
47,529,21.12,70.25,50.29,39.79015204796282,-3.1415926536,-0.1552775063,-0.32
48,529,21.12,102.52,50.44,34.22009351243798,-3.1415926536,-0.1824785111,-0.2109502311
56,529,21.12,259.50,53.20,23.82,-3.1415926536,0,0
57,529,21.12,216.26,50.30,33.84,-3.1415926536,0,0
58,529,21.12,311.50,53.20,23.82,-3.1415926536,0,0
59,529,21.12,268.26,50.30,33.84,-3.1415926536,0,0
20,530,21.16,356.20,34.67,23.8572497859,0.002994003,0,0
22,530,21.16,320.16,35.06,23.5004342122,0.0060789525,0,0
24,530,21.16,294.37,36.93,23.375,0,0,-1.5625
29,530,21.16,299.02,38.00,35.375000000001,0,0,1.562500000027
30,530,21.16,322.56,38.00,39.125000000001,0,0,-1.562499999977
42,530,21.16,87.92,44.18,23.610415074708023,3.130954757,0.2659474144,-0.196468827
46,530,21.16,117.75,43.96,35.250459571472256,3.1344499179,0.1785683917,-0.1204159458
47,530,21.16,68.64,50.3,39.80015200975996,3.1353815533,0.1552775063,-0.31
48,530,21.16,101.15,50.45,34.2300934851192,3.1342935131,0.1824785111,-0.2109502311
56,530,21.16,258.55,53.20,23.82,-3.1415926536,0,0
57,530,21.16,214.91,50.30,33.84,-3.1415926536,0,0
58,530,21.16,310.55,53.20,23.82,-3.1415926536,0,0
59,530,21.16,266.91,50.30,33.84,-3.1415926536,0,0
20,531,21.2,357.16,34.68,23.8572497859,0.002994003,0,0
22,531,21.2,321.10,35.06,23.5004342122,0.0060789525,0,0
24,531,21.2,295.30,36.93,23.375,0,0.0664887346,1.5666555557
29,531,21.2,300.44,38.00,35.375000000001,0,0,-1.562500000018
30,531,21.2,324.12,38.00,39.125000000001,0,0,-0.000000000022
42,531,21.2,86.97,44.18,23.60041525058405,-3.1415926536,-0.2631481758,-0.2061552813
46,531,21.2,116.34,43.96,35.250459571472256,-3.1415926536,-0.1785683917,-0.1204159458
47,531,21.2,67.04,50.3,39.82015193341181,-3.1415926536,-0.1562479655,-0.3001666204
48,531,21.2,99.78,50.45,34.24009345781638,-3.1415926536,-0.0,-0.2022374842
56,531,21.2,257.60,53.20,23.82,-3.1415926536,0,0
57,531,21.2,213.55,50.30,33.84,-3.1415926536,0,0
58,531,21.2,309.60,53.20,23.82,-3.1415926536,0,0
59,531,21.2,265.55,50.30,33.84,-3.1415926536,0,0
20,532,21.24,358.11,34.68,23.8572497859,0.002994003,0,0
22,532,21.24,322.04,35.07,23.5004342122,0.0060789525,0,0
24,532,21.24,296.24,36.93,23.5003324445,0.0053190988,0.0664887346,1.5666555557
29,532,21.24,301.85,38.00,35.249999999999,0,0,-1.562500000027
30,532,21.24,325.69,38.00,39.124999999999,0,0,-0.000000000022
42,532,21.24,86.02,44.19,23.590476892169857,3.1310667266,-0.0027992386,-0.2061552813
46,532,21.24,114.94,43.97,35.26045944113604,3.1344499179,0.0,-0.1204159458
47,532,21.24,65.44,50.31,39.83015189526648,3.135342735,0.1562479655,-0.2901723626
48,532,21.24,98.41,50.45,34.250093430529496,-3.1415926536,-0.1824785111,-0.2022374842
56,532,21.24,256.64,53.20,23.82,-3.1415926536,0,0
57,532,21.24,212.20,50.30,33.84,-3.1415926536,0,0
58,532,21.24,308.64,53.20,23.82,-3.1415926536,0,0
59,532,21.24,264.20,50.30,33.84,-3.1415926536,0,0
20,533,21.28,359.07,34.68,23.8572497859,0.002994003,0,0
22,533,21.28,322.98,35.07,23.5004342122,0.0060789525,0,0
24,533,21.28,297.18,36.94,23.5003324445,0.0053190988,-0.0664887346,-1.5666555557
29,533,21.28,303.26,38.00,35.249999999999,0,0,1.562500000018
30,533,21.28,327.25,38.00,39.124999999999,0,0,0.000000000022
42,533,21.28,85.08,44.2,23.580477094410117,3.130954757,0.2659474144,-0.2137755833
46,533,21.28,113.54,43.98,35.26045944113604,3.1344499179,0.1785683917,-0.1204159458
47,533,21.28,63.85,50.31,39.84015185714031,-3.1415926536,-0.1562479655,-0.2901723626
48,533,21.28,97.04,50.46,34.250093430529496,3.1342935131,0.1824785111,-0.2022374842
56,533,21.28,255.69,53.20,23.82,-3.1415926536,0,0
57,533,21.28,210.84,50.30,33.84,-3.1415926536,0,0
58,533,21.28,307.69,53.20,23.82,-3.1415926536,0,0
59,533,21.28,262.84,50.30,33.84,-3.1415926536,0,0
20,534,21.32,360.02,34.68,23.8572497859,0.002994003,0,0
22,534,21.32,323.92,35.08,23.5004342122,0.0060789525,0,0
24,534,21.32,298.12,36.94,23.375,0,-0.0664887346,-1.5666555557
29,534,21.32,304.67,38.00,35.375000000001,0,0,1.562500000018
30,534,21.32,328.82,38.00,39.125000000001,0,0,0.000000000022
42,534,21.32,84.14,44.2,23.570477296821974,-3.1415926536,-0.2659474144,-0.2137755833
46,534,21.32,112.13,43.98,35.27040969424654,-3.1415926536,-0.1760534277,-0.1204159458
47,534,21.32,62.25,50.32,39.85015181903327,3.135342735,0.1562479655,-0.2801785145
48,534,21.32,95.65,50.46,34.260118213456295,-3.1415926536,-0.0,-0.1923538406
56,534,21.32,254.74,53.20,23.82,-3.1415926536,0,0
57,534,21.32,209.49,50.30,33.84,-3.1415926536,0,0
58,534,21.32,306.74,53.20,23.82,-3.1415926536,0,0
59,534,21.32,261.49,50.30,33.84,-3.1415926536,0,0
20,535,21.36,360.98,34.69,23.8572497859,0.002994003,0,0
22,535,21.36,324.86,35.08,23.5004342122,0.0060789525,0,0
24,535,21.36,299.05,36.94,23.375,0,0,1.5625
29,535,21.36,306.09,38.00,35.375000000001,0,0,-1.562500000009
30,535,21.36,330.38,38.00,39.125000000001,0,0,1.562499999977
42,535,21.36,83.2,44.21,23.56054328745413,3.130954757,-0.0,-0.2236067977
46,535,21.36,110.71,43.99,35.27040969424654,3.1345505165,-0.0012485642,-0.1204159458
47,535,21.36,60.65,50.32,39.86015178094534,-3.1415926536,-0.1572306313,-0.2707397274
48,535,21.36,94.28,50.46,34.27011817896169,-3.1415926536,-0.1811562495,-0.1941648784
56,535,21.36,253.78,53.20,23.82,-3.1415926536,0,0
57,535,21.36,208.14,50.30,33.84,-3.1415926536,0,0
58,535,21.36,305.78,53.20,23.82,-3.1415926536,0,0
59,535,21.36,260.14,50.30,33.84,-3.1415926536,0,0
20,536,21.4,361.93,34.69,23.8572497859,0.002994003,0,0
22,536,21.4,325.80,35.09,23.5004342122,0.0060789525,0,0
24,536,21.4,299.99,36.94,23.5,0,0,0
29,536,21.4,307.50,38.00,35.25,0,0,-0.00000000002
30,536,21.4,331.95,38.00,39.249999999999,0,0,-0.000000000022
42,536,21.4,82.26,44.22,23.56054328745413,3.130954757,0.2659474144,-0.2220360331
46,536,21.4,109.3,44.0,35.2804095781214,3.1345005739,0.1773019919,-0.1104536102
47,536,21.4,59.06,50.33,39.87015174287652,3.1353034283,0.1572306313,-0.2607680962
48,536,21.4,92.9,50.47,34.28011814448719,3.1343464036,0.1811562495,-0.1941648784
56,536,21.4,252.83,53.20,23.82,-3.1415926536,0,0
57,536,21.4,206.78,50.30,33.84,-3.1415926536,0,0
58,536,21.4,304.83,53.20,23.82,-3.1415926536,0,0
59,536,21.4,258.78,50.30,33.84,-3.1415926536,0,0
20,537,21.44,362.88,34.69,23.8572497859,0.002994003,0,0
22,537,21.44,326.74,35.10,23.5004342122,0.0060789525,0,0
24,537,21.44,300.93,36.94,23.375,0,0,-1.5625
29,537,21.44,308.91,38.00,35.374999999999,0,0,1.562500000009
30,537,21.44,333.52,38.00,39.124999999999,0,0,-1.562499999977
42,537,21.44,81.32,44.22,23.55054351814412,-3.1415926536,-0.2688068448,-0.2319482701
46,537,21.44,107.89,44.0,35.2804095781214,-3.1415926536,-0.1773019919,-0.1104536102
47,537,21.44,57.47,50.33,39.8801517048268,-3.1415926536,-0.1572306313,-0.2507987241
48,537,21.44,91.53,50.47,34.28009334876438,-3.1415926536,-0.1824785111,-0.1843908891
56,537,21.44,251.88,53.20,23.82,-3.1415926536,0,0
57,537,21.44,205.43,50.30,33.84,-3.1415926536,0,0
58,537,21.44,303.88,53.20,23.82,-3.1415926536,0,0
59,537,21.44,257.43,50.30,33.84,-3.1415926536,0,0
20,538,21.48,363.84,34.70,23.8572497859,0.002994003,0,0
22,538,21.48,327.68,35.10,23.5004342122,0.0060789525,0,0
24,538,21.48,301.86,36.94,23.375,0,0.0664887346,1.5666555557
29,538,21.48,310.33,38.00,35.375000000001,0,0,-1.562499999979
30,538,21.48,335.08,38.00,39.125000000001,0,0,0.000000000022
42,538,21.48,80.39,44.23,23.540543749030096,3.1308403798,0.0028594304,-0.2308679276
46,538,21.48,106.48,44.01,35.29040946206207,3.1345005739,0.0,-0.1104536102
47,538,21.48,55.88,50.34,39.89012534450099,3.1353034283,0.1572306313,-0.2507987241
48,538,21.48,90.16,50.48,34.290093321541136,3.1342935131,0.1824785111,-0.1843908891
56,538,21.48,250.93,53.20,23.82,-3.1415926536,0,0
57,538,21.48,204.08,50.30,33.84,-3.1415926536,0,0
58,538,21.48,302.93,53.20,23.82,-3.1415926536,0,0
59,538,21.48,256.08,50.30,33.84,-3.1415926536,0,0
20,539,21.52,364.79,34.70,23.8572497859,0.002994003,0,0
22,539,21.52,328.62,35.11,23.5004342122,0.0060789525,0,0
24,539,21.52,302.80,36.94,23.5003324445,0.0053190988,0.0664887346,1.5666555557
29,539,21.52,311.74,38.00,35.250000000001,0,0,-1.562500000018
30,539,21.52,336.65,38.00,39.125000000001,0,0,-0.000000000022
42,539,21.52,79.45,44.24,23.53054398011232,3.130954757,0.0,-0.2308679276
46,539,21.52,105.07,44.02,35.29040946206207,3.1345005739,-0.0,-0.1104536102
47,539,21.52,54.28,50.34,39.90012531308643,-3.1415926536,-0.0,-0.2418677324
48,539,21.52,88.79,50.48,34.30009329433376,-3.1415926536,-0.0,-0.1868154169
56,539,21.52,249.97,53.20,23.82,-3.1415926536,0,0
57,539,21.52,202.72,50.30,33.84,-3.1415926536,0,0
58,539,21.52,301.97,53.20,23.82,-3.1415926536,0,0
59,539,21.52,254.72,50.30,33.84,-3.1415926536,0,0
20,540,21.56,365.75,34.70,23.8572497859,0.002994003,0,0
22,540,21.56,329.56,35.11,23.5004342122,0.0060789525,0,0
24,540,21.56,303.74,36.95,23.5003324445,0.0053190988,-0.0664887346,-1.5666555557
29,540,21.56,313.15,38.00,35.249999999999,0,0,1.562499999988
30,540,21.56,338.21,38.00,39.124999999999,0,0,-0.000000000022
42,540,21.56,78.51,44.25,23.52061436272445,3.130954757,0.2659474144,-0.240208243
46,540,21.56,103.66,44.03,35.29040946206207,3.1345005739,0.1773019919,-0.1104536102
47,540,21.56,52.68,50.34,39.9101252816876,-3.1415926536,-0.1572306313,-0.2319482701
48,540,21.56,87.42,50.48,34.31009326714225,-3.1415926536,-0.1838202167,-0.1772004515
56,540,21.56,249.02,53.20,23.82,-3.1415926536,0,0
57,540,21.56,201.37,50.30,33.84,-3.1415926536,0,0
58,540,21.56,301.02,53.20,23.82,-3.1415926536,0,0
59,540,21.56,253.37,50.30,33.84,-3.1415926536,0,0
20,541,21.6,366.70,34.70,23.8572497859,0.002994003,0,0
22,541,21.6,330.50,35.12,23.5004342122,0.0060789525,0,0
24,541,21.6,304.68,36.95,23.375,0,-0.0664887346,-1.5666555557
29,541,21.6,314.56,38.00,35.375,0,0,1.562500000018
30,541,21.6,339.78,38.00,39.124999999999,0,0,0.000000000031
42,541,21.6,77.56,44.25,23.510614624037377,-3.1415926536,-0.2631481758,-0.240208243
46,541,21.6,102.25,44.03,35.30040934606849,-3.1415926536,-0.1773019919,-0.1104536102
47,541,21.6,51.09,50.35,39.92012525030452,3.1353034283,0.1572306313,-0.2220360331
48,541,21.6,86.06,50.49,34.31009326714225,3.1342398449,0.1838202167,-0.1802775638
56,541,21.6,248.07,53.20,23.82,-3.1415926536,0,0
57,541,21.6,200.02,50.30,33.84,-3.1415926536,0,0
58,541,21.6,300.07,53.20,23.82,-3.1415926536,0,0
59,541,21.6,252.02,50.30,33.84,-3.1415926536,0,0
20,542,21.64,367.66,34.71,23.8572497859,0.002994003,0,0
22,542,21.64,331.44,35.12,23.5004342122,0.0060789525,0,0
24,542,21.64,305.61,36.95,23.375,0,0,1.5625
29,542,21.64,315.98,38.00,35.375000000001,0,0,-1.562499999988
30,542,21.64,341.34,38.00,39.125000000001,0,0,1.562500000029
42,542,21.64,76.61,44.26,23.50061488557268,3.1310667266,-0.0027992386,-0.240208243
46,542,21.64,100.84,44.04,35.30045892052963,3.1345005739,-0.0,-0.1104536102
47,542,21.64,49.49,50.35,39.93012521893714,-3.1415926536,-0.1562479655,-0.2220360331
48,542,21.64,84.68,50.49,34.32009323996658,-3.1415926536,-0.1824785111,-0.1708800749
56,542,21.64,247.12,53.20,23.82,-3.1415926536,0,0
57,542,21.64,198.66,50.30,33.84,-3.1415926536,0,0
58,542,21.64,299.12,53.20,23.82,-3.1415926536,0,0
59,542,21.64,250.66,50.30,33.84,-3.1415926536,0,0
20,543,21.68,368.61,34.71,23.8572497859,0.002994003,0,0
22,543,21.68,332.38,35.13,23.5004342122,0.0060789525,0,0
24,543,21.68,306.55,36.95,23.5,0,0,0
29,543,21.68,317.39,38.00,35.250000000001,0,0,-0.000000000011
30,543,21.68,342.91,38.00,39.250000000001,0,0,-0.000000000031
42,543,21.68,75.67,44.27,23.490615147330647,3.130954757,0.2659474144,-0.25
46,543,21.68,99.43,44.05,35.31045879056233,3.1345005739,0.1773019919,-0.1004987562
47,543,21.68,47.89,50.36,39.9301014273693,3.135342735,0.1562479655,-0.2137755833
48,543,21.68,83.31,50.5,34.330093212806744,3.1342935131,0.1824785111,-0.1708800749
56,543,21.68,246.16,53.20,23.82,-3.1415926536,0,0
57,543,21.68,197.31,50.30,33.84,-3.1415926536,0,0
58,543,21.68,298.16,53.20,23.82,-3.1415926536,0,0
59,543,21.68,249.31,50.30,33.84,-3.1415926536,0,0
20,544,21.72,369.56,34.71,23.8572497859,0.002994003,0,0
22,544,21.72,333.32,35.14,23.5004342122,0.0060789525,0,0
24,544,21.72,307.49,36.95,23.375,0,0,-1.5625
29,544,21.72,318.80,38.00,35.375,0,0,1.562499999979
30,544,21.72,344.48,38.00,39.124999999999,0,0,-1.562500000029
42,544,21.72,74.73,44.27,23.48061540931157,-3.1415926536,-0.2659474144,-0.25
46,544,21.72,98.03,44.05,35.31045879056233,-3.1415926536,-0.1773019919,-0.1019803903
47,544,21.72,46.29,50.36,39.94010140197443,-3.1415926536,-0.1562479655,-0.2039607805
48,544,21.72,81.93,50.5,34.33007136607787,-3.1415926536,-0.1824785111,-0.1655294536
56,544,21.72,245.21,53.20,23.82,-3.1415926536,0,0
57,544,21.72,195.96,50.30,33.84,-3.1415926536,0,0
58,544,21.72,297.21,53.20,23.82,-3.1415926536,0,0
59,544,21.72,247.96,50.30,33.84,-3.1415926536,0,0
20,545,21.76,370.52,34.72,23.8572497859,0.002994003,0,0
22,545,21.76,334.26,35.14,23.5004342122,0.0060789525,0,0
24,545,21.76,308.42,36.95,23.375,0,0.0664887346,1.5666555557
29,545,21.76,320.22,38.00,35.374999999999,0,0,-1.562499999988
30,545,21.76,346.04,38.00,39.124999999999,0,0,0.000000000022
42,545,21.76,73.79,44.28,23.47061567151573,3.130954757,0.0027992386,-0.2501999201
46,545,21.76,96.62,44.06,35.320458660668606,3.1345005739,0.0,-0.1019803903
47,545,21.76,44.69,50.37,39.95010137659228,3.135342735,0.1562479655,-0.2039607805
48,545,21.76,80.56,50.51,34.34007134529572,3.1342935131,0.1824785111,-0.1655294536
56,545,21.76,244.26,53.20,23.82,-3.1415926536,0,0
57,545,21.76,194.60,50.30,33.84,-3.1415926536,0,0
58,545,21.76,296.26,53.20,23.82,-3.1415926536,0,0
59,545,21.76,246.60,50.30,33.84,-3.1415926536,0,0
20,546,21.8,371.47,34.72,23.8572497859,0.002994003,0,0
22,546,21.8,335.20,35.15,23.5004342122,0.0060789525,0,0
24,546,21.8,309.36,36.95,23.5003324445,0.0053190988,0.0664887346,1.5666555557
29,546,21.8,321.63,38.00,35.250000000001,0,0,-1.562499999979
30,546,21.8,347.61,38.00,39.125000000001,0,0,0.000000000022
42,546,21.8,72.84,44.29,23.460615933943423,3.1310667266,-0.005658669,-0.2501999201
46,546,21.8,95.21,44.07,35.320458660668606,3.1345005739,0.1773019919,-0.1019803903
47,546,21.8,43.09,50.37,39.960101351222825,-3.1415926536,-0.0,-0.1941648784
48,546,21.8,79.18,50.51,34.34007134529572,-3.1415926536,-0.0,-0.1565247584
56,546,21.8,243.30,53.20,23.82,-3.1415926536,0,0
57,546,21.8,193.25,50.30,33.84,-3.1415926536,0,0
58,546,21.8,295.30,53.20,23.82,-3.1415926536,0,0
59,546,21.8,245.25,50.30,33.84,-3.1415926536,0,0
20,547,21.84,372.43,34.72,23.8572497859,0.002994003,0,0
22,547,21.84,336.14,35.15,23.5004342122,0.0060789525,0,0
24,547,21.84,310.30,36.96,23.5003324445,0.0053190988,-0.0664887346,-1.5666555557
29,547,21.84,323.04,38.00,35.250000000001,0,0,1.562499999979
30,547,21.84,349.17,38.00,39.125000000001,0,0,-0.000000000022
42,547,21.84,71.91,44.3,23.45061619659492,3.1308403798,0.2688068448,-0.2507987241
46,547,21.84,93.8,44.07,35.320458660668606,-3.1415926536,-0.1748223251,-0.0921954446
47,547,21.84,41.5,50.37,39.97008005996485,-3.1415926536,-0.1562479655,-0.1941648784
48,547,21.84,77.81,50.51,34.350052401706755,-3.1415926536,-0.0,-0.161245155
56,547,21.84,242.35,53.20,23.82,-3.1415926536,0,0
57,547,21.84,191.89,50.30,33.84,-3.1415926536,0,0
58,547,21.84,294.35,53.20,23.82,-3.1415926536,0,0
59,547,21.84,243.89,50.30,33.84,-3.1415926536,0,0
20,548,21.88,373.38,34.72,23.8572497859,0.002994003,0,0
22,548,21.88,337.08,35.16,23.5004342122,0.0060789525,0,0
24,548,21.88,311.24,36.96,23.375,0,-0.0664887346,-1.5666555557
29,548,21.88,324.45,38.00,35.374999999999,0,0,1.562499999979
30,548,21.88,350.74,38.00,39.124999999999,0,0,-0.000000000022
42,548,21.88,70.98,44.3,23.440616459470515,-3.1415926536,-0.2688068448,-0.2507987241
46,548,21.88,92.37,44.08,35.33045853084842,3.1345997606,-0.0012311026,-0.0921954446
47,548,21.88,39.9,50.38,39.97008005996485,3.135342735,0.1562479655,-0.1843908891
48,548,21.88,76.41,50.51,34.350052401706755,-3.1415926536,-0.1798530123,-0.1526433752
56,548,21.88,241.40,53.20,23.82,-3.1415926536,0,0
57,548,21.88,190.54,50.30,33.84,-3.1415926536,0,0
58,548,21.88,293.40,53.20,23.82,-3.1415926536,0,0
59,548,21.88,242.54,50.30,33.84,-3.1415926536,0,0
20,549,21.92,374.34,34.73,23.8572497859,0.002994003,0,0
22,549,21.92,338.02,35.16,23.5004342122,0.0060789525,0,0
24,549,21.92,312.17,36.96,23.375,0,0,1.5625
29,549,21.92,325.87,38.00,35.374999999999,0,0,-1.562499999979
30,549,21.92,352.30,38.00,39.124999999999,0,0,1.56250000002
42,549,21.92,70.05,44.31,23.430546301783064,3.1308403798,0.0,-0.2517935662
46,549,21.92,90.95,44.09,35.33045853084842,3.1345505165,0.1760534277,-0.0824621125
47,549,21.92,38.31,50.38,39.980080039939885,-3.1415926536,-0.0,-0.174642492
48,549,21.92,75.02,50.52,34.36005238645599,3.1343985331,0.1798530123,-0.1526433752
56,549,21.92,240.45,53.20,23.82,-3.1415926536,0,0
57,549,21.92,189.19,50.30,33.84,-3.1415926536,0,0
58,549,21.92,292.45,53.20,23.82,-3.1415926536,0,0
59,549,21.92,241.19,50.30,33.84,-3.1415926536,0,0
20,550,21.96,375.29,34.73,23.8572497859,0.002994003,0,0
22,550,21.96,338.96,35.17,23.5004342122,0.0060789525,0,0
24,550,21.96,313.11,36.96,23.5,0,0,0
29,550,21.96,327.28,38.00,35.250000000001,0,0,0.000000000029
30,550,21.96,353.87,38.00,39.250000000001,0,0,0.000000000022
42,550,21.96,69.12,44.32,23.420546535040558,3.1308403798,0.0,-0.2517935662
46,550,21.96,89.54,44.09,35.33045853084842,-3.1415926536,-0.1748223251,-0.0824621125
47,550,21.96,36.71,50.38,39.99006126526941,-3.1415926536,-0.1562479655,-0.174642492
48,550,21.96,73.64,50.52,34.3600363794918,-3.1415926536,-0.0,-0.15
56,550,21.96,239.49,53.20,23.82,-3.1415926536,0,0
57,550,21.96,187.83,50.30,33.84,-3.1415926536,0,0
58,550,21.96,291.49,53.20,23.82,-3.1415926536,0,0
59,550,21.96,239.83,50.30,33.84,-3.1415926536,0,0
20,551,22,376.24,34.73,23.8572497859,0.002994003,0,0
22,551,22,339.90,35.18,23.5004342122,0.0060789525,0,0
24,551,22,314.05,36.96,23.375,0,0,-1.5625
29,551,22,328.69,38.00,35.375000000001,0,0,1.562499999999
30,551,22,355.44,38.00,39.125000000001,0,0,-1.562499999999
42,551,22.0,68.19,44.33,23.41054676849732,3.1308403798,0.2688068448,-0.253179778
46,551,22.0,88.11,44.1,35.340458401101706,3.1345997606,-0.0012311026,-0.0824621125
47,551,22.0,35.11,50.39,39.99006126526941,3.135342735,0.1562479655,-0.164924225
48,551,22.0,72.27,50.52,34.370036368907144,-3.1415926536,-0.1838202167,-0.142126704
56,551,22,238.54,53.20,23.82,-3.1415926536,0,0
57,551,22,186.48,50.30,33.84,-3.1415926536,0,0
58,551,22,290.54,53.20,23.82,-3.1415926536,0,0
59,551,22,238.48,50.30,33.84,-3.1415926536,0,0
20,552,22.04,377.20,34.74,23.8572497859,0.002994003,0,0
22,552,22.04,340.84,35.18,23.5004342122,0.0060789525,0,0
24,552,22.04,314.98,36.96,23.375,0,0.0664887346,1.5666555557
29,552,22.04,330.11,38.00,35.375000000001,0,0,-1.562500000027
30,552,22.04,357.00,38.00,39.125000000001,0,0,-0.000000000022
42,552,22.04,67.26,44.33,23.400547002153605,-3.1415926536,-0.2659474144,-0.253179778
46,552,22.04,86.69,44.11,35.340458401101706,3.1345505165,-0.0012485642,-0.0728010989
47,552,22.04,33.51,50.39,40.00006124995311,-3.1415926536,-0.0,-0.164924225
48,552,22.04,70.91,50.53,34.37002327610501,3.1342398449,0.1838202167,-0.142126704
56,552,22.04,237.59,53.20,23.82,-3.1415926536,0,0
57,552,22.04,185.13,50.30,33.84,-3.1415926536,0,0
58,552,22.04,289.59,53.20,23.82,-3.1415926536,0,0
59,552,22.04,237.13,50.30,33.84,-3.1415926536,0,0
20,553,22.08,378.15,34.74,23.8572497859,0.002994003,0,0
22,553,22.08,341.78,35.19,23.5004342122,0.0060789525,0,0
24,553,22.08,315.92,36.96,23.5003324445,0.0053190988,0.0664887346,1.5666555557
29,553,22.08,331.52,38.00,35.249999999999,0,0,-1.562500000018
30,553,22.08,358.57,38.00,39.124999999999,0,0,-0.000000000022
42,553,22.08,66.32,44.34,23.39054723600968,3.130954757,-0.005781015,-0.2549509757
46,553,22.08,85.28,44.12,35.340458401101706,3.1345005739,0.1773019919,-0.0728010989
47,553,22.08,31.91,50.39,40.01004498872752,-3.1415926536,-0.0,-0.155241747
48,553,22.08,69.53,50.53,34.38002326933477,-3.1415926536,-0.0,-0.1414213562
56,553,22.08,236.63,53.20,23.82,-3.1415926536,0,0
57,553,22.08,183.77,50.30,33.84,-3.1415926536,0,0
58,553,22.08,288.63,53.20,23.82,-3.1415926536,0,0
59,553,22.08,235.77,50.30,33.84,-3.1415926536,0,0
20,554,22.12,379.11,34.74,23.8572497859,0.002994003,0,0
22,554,22.12,342.72,35.19,23.5004342122,0.0060789525,0,0
24,554,22.12,316.86,36.97,23.5003324445,0.0053190988,-0.0664887346,-1.5666555557
29,554,22.12,332.93,38.00,35.249999999999,0,0,1.562500000018
30,554,22.12,360.13,38.00,39.124999999999,0,0,0.000000000022
42,554,22.12,65.4,44.35,23.3804811755447,3.1307235164,0.2717284294,-0.2549509757
46,554,22.12,83.88,44.12,35.350458271428394,-3.1415926536,-0.1760534277,-0.0670820393
47,554,22.12,30.31,50.39,40.01004498872752,-3.1415926536,-0.1543190276,-0.155241747
48,554,22.12,68.16,50.53,34.380013089002745,-3.1415926536,-0.0,-0.1414213562
56,554,22.12,235.68,53.20,23.82,-3.1415926536,0,0
57,554,22.12,182.42,50.30,33.84,-3.1415926536,0,0
58,554,22.12,287.68,53.20,23.82,-3.1415926536,0,0
59,554,22.12,234.42,50.30,33.84,-3.1415926536,0,0
20,555,22.16,380.06,34.74,23.8572497859,0.002994003,0,0
22,555,22.16,343.66,35.20,23.5004342122,0.0060789525,0,0
24,555,22.16,317.80,36.97,23.375,0,-0.0664887346,-1.5666555557
29,555,22.16,334.34,38.00,35.375000000001,0,0,1.562500000027
30,555,22.16,361.70,38.00,39.125000000001,0,0,0.000000000022
42,555,22.16,64.48,44.35,23.370481381435003,-3.1415926536,-0.2659474144,-0.2570992026
46,555,22.16,82.46,44.13,35.35051060451603,3.1345505165,-0.0,-0.0670820393
47,555,22.16,28.69,50.4,40.02004497748597,3.1354198925,0.1543190276,-0.1456021978
48,555,22.16,66.78,50.53,34.380013089002745,-3.1415926536,-0.0,-0.1345362405
56,555,22.16,234.73,53.20,23.82,-3.1415926536,0,0
57,555,22.16,181.07,50.30,33.84,-3.1415926536,0,0
58,555,22.16,286.73,53.20,23.82,-3.1415926536,0,0
59,555,22.16,233.07,50.30,33.84,-3.1415926536,0,0
20,556,22.2,381.02,34.75,23.8572497859,0.002994003,0,0
22,556,22.2,344.60,35.20,23.5004342122,0.0060789525,0,0
24,556,22.2,318.73,36.97,23.375,0,0,1.5625
29,556,22.2,335.76,38.00,35.375000000001,0,0,-1.562500000018
30,556,22.2,363.26,38.00,39.125000000001,0,0,1.562499999977
42,556,22.2,63.54,44.36,23.36048158750157,3.130954757,-0.0,-0.2570992026
46,556,22.2,81.04,44.14,35.35051060451603,3.1345505165,0.0,-0.0583095189
47,556,22.2,27.07,50.4,40.02003123437063,-3.1415926536,-0.0,-0.1456021978
48,556,22.2,65.42,50.53,34.39000581564359,-3.1415926536,-0.0,-0.1345362405
56,556,22.2,233.78,53.20,23.82,-3.1415926536,0,0
57,556,22.2,179.71,50.30,33.84,-3.1415926536,0,0
58,556,22.2,285.78,53.20,23.82,-3.1415926536,0,0
59,556,22.2,231.71,50.30,33.84,-3.1415926536,0,0
20,557,22.24,381.97,34.75,23.8572497859,0.002994003,0,0
22,557,22.24,345.54,35.21,23.5004342122,0.0060789525,0,0
24,557,22.24,319.67,36.97,23.5,0,0,0
29,557,22.24,337.17,38.00,35.249999999999,0,0,-0.000000000029
30,557,22.24,364.83,38.00,39.249999999999,0,0,-0.000000000022
42,557,22.24,62.6,44.37,23.35041969644229,3.130954757,0.2659474144,-0.2596150997
46,557,22.24,79.62,44.15,35.35051060451603,3.1345505165,0.1760534277,-0.05
47,557,22.24,25.46,50.4,40.030031226567885,-3.1415926536,-0.0,-0.1456021978
48,557,22.24,64.04,50.53,34.39000145391099,-3.1415926536,-0.0,-0.1360147051
56,557,22.24,232.82,53.20,23.82,-3.1415926536,0,0
57,557,22.24,178.36,50.30,33.84,-3.1415926536,0,0
58,557,22.24,284.82,53.20,23.82,-3.1415926536,0,0
59,557,22.24,230.36,50.30,33.84,-3.1415926536,0,0
20,558,22.28,382.92,34.75,23.8572497859,0.002994003,0,0
22,558,22.28,346.48,35.22,23.5004342122,0.0060789525,0,0
24,558,22.28,320.61,36.97,23.375,0,0,-1.5625
29,558,22.28,338.58,38.00,35.374999999999,0,0,1.562500000027
30,558,22.28,366.40,38.00,39.124999999999,0,0,-1.562499999977
42,558,22.28,61.67,44.37,23.34041987625758,-3.1415926536,-0.2659474144,-0.2596150997
46,558,22.28,78.2,44.15,35.35051060451603,-3.1415926536,-0.1760534277,-0.05
47,558,22.28,23.85,50.4,40.030019985006255,-3.1415926536,-0.1552775063,-0.1360147051
48,558,22.28,62.67,50.53,34.39000145391099,-3.1415926536,-0.0,-0.1360147051
56,558,22.28,231.87,53.20,23.82,-3.1415926536,0,0
57,558,22.28,177.00,50.30,33.84,-3.1415926536,0,0
58,558,22.28,283.87,53.20,23.82,-3.1415926536,0,0
59,558,22.28,229.00,50.30,33.84,-3.1415926536,0,0
20,559,22.32,383.88,34.76,23.8572497859,0.002994003,0,0
22,559,22.32,347.42,35.22,23.5004342122,0.0060789525,0,0
24,559,22.32,321.54,36.97,23.375,0,0.0664887346,1.5666555557
29,559,22.32,340.00,38.00,35.375000000001,0,0,-1.562499999979
30,559,22.32,367.96,38.00,39.125000000001,0,0,0.000000000022
42,559,22.32,60.73,44.38,23.330362191787763,3.130954757,0.2659474144,-0.2596150997
46,559,22.32,76.78,44.16,35.35051060451603,3.1345505165,-0.0,-0.0424264069
47,559,22.32,22.24,50.41,40.040019980015,3.1353815533,0.1552775063,-0.1360147051
48,559,22.32,61.29,50.53,34.4,-3.1415926536,-0.0,-0.1303840481
56,559,22.32,230.92,53.20,23.82,-3.1415926536,0,0
57,559,22.32,175.65,50.30,33.84,-3.1415926536,0,0
58,559,22.32,282.92,53.20,23.82,-3.1415926536,0,0
59,559,22.32,227.65,50.30,33.84,-3.1415926536,0,0
20,560,22.36,384.83,34.76,23.8572497859,0.002994003,0,0
22,560,22.36,348.36,35.23,23.5004342122,0.0060789525,0,0
24,560,22.36,322.48,36.97,23.5003324445,0.0053190988,0.0664887346,1.5666555557
29,560,22.36,341.41,38.00,35.250000000001,0,0,-1.562500000027
30,560,22.36,369.53,38.00,39.125000000001,0,0,-0.000000000013
42,560,22.36,59.78,44.38,23.32036234709916,-3.1415926536,-0.2659474144,-0.262488095
46,560,22.36,75.36,44.17,35.36051046011638,3.1345505165,0.0,-0.0424264069
47,560,22.36,20.64,50.41,40.040019980015,-3.1415926536,-0.0,-0.1360147051
48,560,22.36,59.91,50.53,34.4,-3.1415926536,-0.0,-0.1303840481
56,560,22.36,229.96,53.20,23.82,-3.1415926536,0,0
57,560,22.36,174.30,50.30,33.84,-3.1415926536,0,0
58,560,22.36,281.96,53.20,23.82,-3.1415926536,0,0
59,560,22.36,226.30,50.30,33.84,-3.1415926536,0,0
20,561,22.4,385.79,34.76,23.8572497859,0.002994003,0,0
22,561,22.4,349.30,35.23,23.5004342122,0.0060789525,0,0
24,561,22.4,323.42,36.98,23.5003324445,0.0053190988,-0.0664887346,-1.5666555557
29,561,22.4,342.82,38.00,35.249999999999,0,0,1.562499999979
30,561,22.4,371.09,38.00,39.125,0,0,-0.000000000013
42,561,22.4,58.84,44.39,23.310308878262425,3.130954757,,-0.262488095
46,561,22.4,73.94,44.18,35.36051046011638,3.1345505165,0.1760534277,-0.0360555128
47,561,22.4,19.03,50.41,40.05001123595348,-3.1415926536,-0.0,-0.1264911064
48,561,22.4,58.54,50.53,34.400001453488336,-3.1415926536,-0.0,-0.1252996409
56,561,22.4,229.01,53.20,23.82,-3.1415926536,0,0
57,561,22.4,172.94,50.30,33.84,-3.1415926536,0,0
58,561,22.4,281.01,53.20,23.82,-3.1415926536,0,0
59,561,22.4,224.94,50.30,33.84,-3.1415926536,0,0
20,562,22.44,386.74,34.76,23.8572497859,0.002994003,0,0
22,562,22.44,350.24,35.24,23.5004342122,0.0060789525,0,0
24,562,22.44,324.36,36.98,23.375,0,-0.0664887346,-1.5666555557
29,562,22.44,344.23,38.00,35.374999999999,0,0,1.562500000018
30,562,22.44,372.66,38.00,39.125,0,0,0.000000000013
46,562,22.44,72.52,44.18,35.36051046011638,-3.1415926536,-0.1760534277,-0.0316227766
47,562,22.44,17.42,50.41,40.05001123595348,-3.1415926536,-0.0,-0.1264911064
48,562,22.44,57.15,50.53,34.400005813952994,-3.1415926536,-0.0,-0.1208304597
56,562,22.44,228.06,53.20,23.82,-3.1415926536,0,0
57,562,22.44,171.59,50.30,33.84,-3.1415926536,0,0
58,562,22.44,280.06,53.20,23.82,-3.1415926536,0,0
59,562,22.44,223.59,50.30,33.84,-3.1415926536,0,0
20,563,22.48,387.70,34.77,23.8572497859,0.002994003,0,0
22,563,22.48,351.18,35.24,23.5004342122,0.0060789525,0,0
24,563,22.48,325.29,36.98,23.375,0,0,1.5625
29,563,22.48,345.65,38.00,35.375000000001,0,0,-1.56249999997
30,563,22.48,374.22,38.00,39.125000000001,0,0,1.562500000011
46,563,22.48,71.1,44.19,35.36056560633611,3.1345505165,0.0,-0.0316227766
47,563,22.48,15.82,50.41,40.0600112331487,-3.1415926536,-0.0,-0.1236931688
48,563,22.48,55.77,50.53,34.41000581226338,-3.1415926536,-0.0,-0.1208304597
56,563,22.48,227.11,53.20,23.82,-3.1415926536,0,0
57,563,22.48,170.24,50.30,33.84,-3.1415926536,0,0
58,563,22.48,279.11,53.20,23.82,-3.1415926536,0,0
59,563,22.48,222.24,50.30,33.84,-3.1415926536,0,0
20,564,22.52,388.65,34.77,23.8572497859,0.002994003,0,0
22,564,22.52,352.12,35.25,23.5004342122,0.0060789525,0,0
24,564,22.52,326.23,36.98,23.5,0,0,0
29,564,22.52,347.06,38.00,35.250000000001,0,0,-0.00000000002
30,564,22.52,375.79,38.00,39.250000000001,0,0,-0.000000000022
46,564,22.52,69.68,44.2,35.36056560633611,3.1345505165,-0.0012485642,-0.03
47,564,22.52,14.21,50.41,40.060004992510926,-3.1415926536,-0.0,-0.1236931688
48,564,22.52,54.4,50.53,34.41001307759123,-3.1415926536,-0.0,-0.1170469991
56,564,22.52,226.15,53.20,23.82,-3.1415926536,0,0
57,564,22.52,168.88,50.30,33.84,-3.1415926536,0,0
58,564,22.52,278.15,53.20,23.82,-3.1415926536,0,0
59,564,22.52,220.88,50.30,33.84,-3.1415926536,0,0
20,565,22.56,389.60,34.77,23.8572497859,0.002994003,0,0
22,565,22.56,353.06,35.26,23.5004342122,0.0060789525,0,0
24,565,22.56,327.17,36.98,23.375,0,0,-1.5625
29,565,22.56,348.47,38.00,35.374999999999,0,0,1.56249999997
30,565,22.56,377.36,38.00,39.124999999999,0,0,-1.56250000002
46,565,22.56,68.27,44.21,35.36056560633611,3.1345005739,0.1773019919,-0.04
47,565,22.56,12.61,50.41,40.07000499126497,-3.1415926536,-0.0,-0.1236931688
48,565,22.56,53.03,50.53,34.41002324904765,-3.1415926536,-0.0,-0.1264911064
56,565,22.56,225.20,53.20,23.82,-3.1415926536,0,0
57,565,22.56,167.53,50.30,33.84,-3.1415926536,0,0
58,565,22.56,277.20,53.20,23.82,-3.1415926536,0,0
59,565,22.56,219.53,50.30,33.84,-3.1415926536,0,0
20,566,22.6,390.56,34.78,23.8572497859,0.002994003,0,0
22,566,22.6,354.00,35.26,23.5004342122,0.0060789525,0,0
24,566,22.6,328.10,36.98,23.375,0,0.0664887346,1.5666555557
29,566,22.6,349.89,38.00,35.374999999999,0,0,-1.562499999979
30,566,22.6,378.92,38.00,39.124999999999,0,0,0.000000000022
46,566,22.6,66.86,44.21,35.36056560633611,-3.1415926536,-0.1773019919,-0.0412310563
47,566,22.6,11.01,50.41,40.07000499126497,-3.1415926536,-0.0,-0.1216552506
48,566,22.6,51.65,50.53,34.41002324904765,-3.1415926536,-0.0,-0.1236931688
56,566,22.6,224.25,53.20,23.82,-3.1415926536,0,0
57,566,22.6,166.18,50.30,33.84,-3.1415926536,0,0
58,566,22.6,276.25,53.20,23.82,-3.1415926536,0,0
59,566,22.6,218.18,50.30,33.84,-3.1415926536,0,0
20,567,22.64,391.51,34.78,23.8572497859,0.002994003,0,0
22,567,22.64,354.94,35.27,23.5004342122,0.0060789525,0,0
24,567,22.64,329.04,36.98,23.5003324445,0.0053190988,0.0664887346,1.5666555557
29,567,22.64,351.30,38.00,35.250000000001,0,0,-1.562499999979
30,567,22.64,380.49,38.00,39.125000000001,0,0,0.000000000022
46,567,22.64,65.45,44.22,35.36056560633611,3.1345005739,0.0,-0.0412310563
47,567,22.64,9.42,50.41,40.0700012478163,-3.1415926536,-0.0,-0.1216552506
48,567,22.64,50.27,50.53,34.41003632663005,-3.1415926536,-0.0,-0.1140175425
56,567,22.64,223.30,53.20,23.82,-3.1415926536,0,0
57,567,22.64,164.82,50.30,33.84,-3.1415926536,0,0
58,567,22.64,275.30,53.20,23.82,-3.1415926536,0,0
59,567,22.64,216.82,50.30,33.84,-3.1415926536,0,0
20,568,22.68,392.47,34.78,23.8572497859,0.002994003,0,0
22,568,22.68,355.88,35.27,23.5004342122,0.0060789525,0,0
24,568,22.68,329.98,36.99,23.5003324445,0.0053190988,-0.0664887346,-1.5666555557
29,568,22.68,352.71,38.00,35.250000000001,0,0,1.562499999988
30,568,22.68,382.05,38.00,39.125000000001,0,0,-0.000000000022
46,568,22.68,64.04,44.23,35.36056560633611,3.1345005739,-0.0012663999,-0.0447213595
47,568,22.68,7.85,50.41,40.08000124750497,-3.1415926536,-0.0,-0.1315294644
48,568,22.68,48.9,50.53,34.410052310335125,-3.1415926536,0.1811562495,-0.1118033989
56,568,22.68,222.34,53.20,23.82,-3.1415926536,0,0
57,568,22.68,163.47,50.30,33.84,-3.1415926536,0,0
58,568,22.68,274.34,53.20,23.82,-3.1415926536,0,0
59,568,22.68,215.47,50.30,33.84,-3.1415926536,0,0
20,569,22.72,393.42,34.78,23.8572497859,0.002994003,0,0
22,569,22.72,356.82,35.28,23.5004342122,0.0060789525,0,0
24,569,22.72,330.92,36.99,23.375,0,-0.0664887346,-1.5666555557
29,569,22.72,354.12,38.00,35.375,0,0,1.562499999979
30,569,22.72,383.62,38.00,39.124999999999,0,0,-0.000000000022
46,569,22.72,62.64,44.24,35.35062375687309,3.1344499179,0.0012663999,-0.0447213595
47,569,22.72,6.29,50.41,40.08000124750497,-3.1415926536,-0.1644713113,-0.1303840481
48,569,22.72,47.52,50.52,34.410052310335125,-3.1343464036,-0.1811562495,-0.1118033989
56,569,22.72,221.39,53.20,23.82,-3.1415926536,0,0
57,569,22.72,162.12,50.30,33.84,-3.1415926536,0,0
58,569,22.72,273.39,53.20,23.82,-3.1415926536,0,0
59,569,22.72,214.12,50.30,33.84,-3.1415926536,0,0
20,570,22.76,394.38,34.79,23.8572497859,0.002994003,0,0
22,570,22.76,357.76,35.28,23.5004342122,0.0060789525,0,0
24,570,22.76,331.85,36.99,23.375,0,0,1.5625
29,570,22.76,355.54,38.00,35.374999999999,0,0,-1.562499999988
30,570,22.76,385.18,38.00,39.124999999999,0,0,1.56250000002
46,570,22.76,61.23,44.25,35.35062375687309,3.1345005739,0.1773019919,-0.05
47,570,22.76,4.77,50.42,40.0900012471938,3.1350138011,0.1644713113,-0.1303840481
48,570,22.76,46.14,50.52,34.410071200158825,-3.1415926536,-0.0,-0.1104536102
56,570,22.76,220.44,53.20,23.82,-3.1415926536,0,0
57,570,22.76,160.76,50.30,33.84,-3.1415926536,0,0
58,570,22.76,272.44,53.20,23.82,-3.1415926536,0,0
59,570,22.76,212.76,50.30,33.84,-3.1415926536,0,0
20,571,22.8,395.33,34.79,23.8572497859,0.002994003,0,0
22,571,22.8,358.70,35.29,23.5004342122,0.0060789525,0,0
24,571,22.8,332.79,36.99,23.5,0,0,0
29,571,22.8,356.95,38.00,35.250000000001,0,0,0.00000000002
30,571,22.8,386.75,38.00,39.250000000001,0,0,0.000000000022
46,571,22.8,59.83,44.25,35.35062375687309,-3.1415926536,-0.1773019919,-0.05
47,571,22.8,3.3,50.42,40.1,-3.1415926536,,-0.14
48,571,22.8,44.75,50.52,34.410071200158825,-3.1415926536,0.1811562495,-0.1104536102
56,571,22.8,219.48,53.20,23.82,-3.1415926536,0,0
57,571,22.8,159.41,50.30,33.84,-3.1415926536,0,0
58,571,22.8,271.48,53.20,23.82,-3.1415926536,0,0
59,571,22.8,211.41,50.30,33.84,-3.1415926536,0,0
20,572,22.84,396.28,34.79,23.8572497859,0.002994003,0,0
22,572,22.84,359.64,35.30,23.5004342122,0.0060789525,0,0
24,572,22.84,333.73,36.99,23.375,0,0,-1.5625
29,572,22.84,358.36,38.00,35.375000000001,0,0,1.562499999979
30,572,22.84,388.32,38.00,39.125000000001,0,0,-1.56250000002
46,572,22.84,58.42,44.26,35.35062375687309,3.1345005739,0.0012485642,-0.0565685425
48,572,22.84,43.37,50.51,34.41009299609636,-3.1343464036,-0.1811562495,-0.11
56,572,22.84,218.53,53.20,23.82,-3.1415926536,0,0
57,572,22.84,158.05,50.30,33.84,-3.1415926536,0,0
58,572,22.84,270.53,53.20,23.82,-3.1415926536,0,0
59,572,22.84,210.05,50.30,33.84,-3.1415926536,0,0
20,573,22.88,397.24,34.80,23.8572497859,0.002994003,0,0
22,573,22.88,360.58,35.30,23.5004342122,0.0060789525,0,0
24,573,22.88,334.66,36.99,23.375,0,0.0664887346,1.5666555557
29,573,22.88,359.78,38.00,35.374999999999,0,0,-1.562500000009
30,573,22.88,389.88,38.00,39.124999999999,0,0,-0.000000000022
46,573,22.88,57.0,44.27,35.35062375687309,3.1345505165,-0.0012485642,-0.0565685425
48,573,22.88,41.99,50.51,34.41011769814221,-3.1415926536,-0.0,-0.11
56,573,22.88,217.58,53.20,23.82,-3.1415926536,0,0
57,573,22.88,156.70,50.30,33.84,-3.1415926536,0,0
58,573,22.88,269.58,53.20,23.82,-3.1415926536,0,0
59,573,22.88,208.70,50.30,33.84,-3.1415926536,0,0
20,574,22.92,398.19,34.80,23.8572497859,0.002994003,0,0
22,574,22.92,361.52,35.31,23.5004342122,0.0060789525,0,0
24,574,22.92,335.60,36.99,23.5003324445,0.0053190988,0.0664887346,1.5666555557
29,574,22.92,361.19,38.00,35.25,0,0,-1.562499999979
30,574,22.92,391.45,38.00,39.124999999999,0,0,0.000000000022
46,574,22.92,55.59,44.28,35.35068457611536,3.1345005739,0.0,-0.0640312424
48,574,22.92,40.61,50.51,34.41011769814221,-3.1415926536,0.1824785111,-0.1104536102
56,574,22.92,216.63,53.20,23.82,-3.1415926536,0,0
57,574,22.92,155.35,50.30,33.84,-3.1415926536,0,0
58,574,22.92,268.63,53.20,23.82,-3.1415926536,0,0
59,574,22.92,207.35,50.30,33.84,-3.1415926536,0,0
20,575,22.96,399.15,34.80,23.8572497859,0.002994003,0,0
22,575,22.96,362.46,35.31,23.5004342122,0.0060789525,0,0
24,575,22.96,336.54,37.00,23.5003324445,0.0053190988,-0.0664887346,-1.5666555557
29,575,22.96,362.60,38.00,35.250000000001,0,0,1.562500000009
30,575,22.96,393.01,38.00,39.125000000001,0,0,0.000000000022
46,575,22.96,54.18,44.29,35.340684769823014,3.1345005739,0.0012485642,-0.0721110255
48,575,22.96,39.24,50.5,34.41014530629012,-3.1342935131,-0.1824785111,-0.1104536102
56,575,22.96,215.67,53.20,23.82,-3.1415926536,0,0
57,575,22.96,153.99,50.30,33.84,-3.1415926536,0,0
58,575,22.96,267.67,53.20,23.82,-3.1415926536,0,0
59,575,22.96,205.99,50.30,33.84,-3.1415926536,0,0
20,576,23,400.10,34.80,23.8572497859,0.002994003,0,0
22,576,23,363.40,35.32,23.5004342122,0.0060789525,0,0
24,576,23,337.48,37.00,23.375,0,-0.0664887346,-1.5666555557
29,576,23,364.01,38.00,35.375000000001,0,0,1.562499999999
30,576,23,394.58,38.00,39.125000000001,0,0,0
46,576,23.0,52.76,44.3,35.340684769823014,3.1345505165,0.1760534277,-0.0721110255
48,576,23.0,37.87,50.5,34.410175820533084,-3.1415926536,0.1824785111,-0.1019803903
56,576,23,214.72,53.20,23.82,-3.1415926536,0,0
57,576,23,152.64,50.30,33.84,-3.1415926536,0,0
58,576,23,266.72,53.20,23.82,-3.1415926536,0,0
59,576,23,204.64,50.30,33.84,-3.1415926536,0,0
20,577,23.04,401.06,34.81,23.8572497859,0.002994003,0,0
22,577,23.04,364.34,35.32,23.5004342122,0.0060789525,0,0
24,577,23.04,338.41,37.00,23.375,0,0,1.5625
29,577,23.04,365.43,38.00,35.375000000001,0,0,-1.562500000018
30,577,23.04,396.14,38.00,39.125000000001,0,0,1.562499999977
46,577,23.04,51.34,44.3,35.340684769823014,-3.1415926536,-0.1760534277,-0.0806225775
48,577,23.04,36.5,50.49,34.410175820533084,-3.1342935131,-0.1824785111,-0.1019803903
56,577,23.04,213.77,53.20,23.82,-3.1415926536,0,0
57,577,23.04,151.29,50.30,33.84,-3.1415926536,0,0
58,577,23.04,265.77,53.20,23.82,-3.1415926536,0,0
59,577,23.04,203.29,50.30,33.84,-3.1415926536,0,0
20,578,23.08,402.01,34.81,23.8572497859,0.002994003,0,0
22,578,23.08,365.28,35.33,23.5004342122,0.0060789525,0,0
24,578,23.08,339.35,37.00,23.5,0,0,0
29,578,23.08,366.84,38.00,35.249999999999,0,0,-0.000000000011
30,578,23.08,397.71,38.00,39.249999999999,0,0,-0.000000000022
46,578,23.08,49.92,44.31,35.34074843576463,3.1345505165,0.0,-0.0806225775
48,578,23.08,35.12,50.49,34.41020924086338,-3.1415926536,0.1811562495,-0.1044030651
56,578,23.08,212.81,53.20,23.82,-3.1415926536,0,0
57,578,23.08,149.93,50.30,33.84,-3.1415926536,0,0
58,578,23.08,264.81,53.20,23.82,-3.1415926536,0,0
59,578,23.08,201.93,50.30,33.84,-3.1415926536,0,0
20,579,23.12,402.96,34.81,23.8572497859,0.002994003,0,0
22,579,23.12,366.22,35.34,23.5004342122,0.0060789525,0,0
24,579,23.12,340.29,37.00,23.375,0,0,-1.5625
29,579,23.12,368.25,38.00,35.375,0,0,1.562500000018
30,579,23.12,399.28,38.00,39.124999999999,0,0,-1.562499999968
46,579,23.12,48.5,44.32,35.33074864760157,3.1345505165,-0.0,-0.0894427191
48,579,23.12,33.74,50.48,34.41020924086338,-3.1343464036,-0.1811562495,-0.1044030651
56,579,23.12,211.86,53.20,23.82,-3.1415926536,0,0
57,579,23.12,148.58,50.30,33.84,-3.1415926536,0,0
58,579,23.12,263.86,53.20,23.82,-3.1415926536,0,0
59,579,23.12,200.58,50.30,33.84,-3.1415926536,0,0
20,580,23.16,403.92,34.82,23.8572497859,0.002994003,0,0
22,580,23.16,367.16,35.34,23.5004342122,0.0060789525,0,0
24,580,23.16,341.22,37.00,23.375,0,0.0664887346,1.5666555557
29,580,23.16,369.67,38.00,35.375000000001,0,0,-1.562499999988
30,580,23.16,400.84,38.00,39.125000000001,0,0,0.000000000031
46,580,23.16,47.08,44.33,35.33074864760157,3.1345505165,0.0,-0.098488578
48,580,23.16,32.36,50.48,34.41024556727255,-3.1415926536,0.1798530123,-0.098488578
56,580,23.16,210.91,53.20,23.82,-3.1415926536,0,0
57,580,23.16,147.23,50.30,33.84,-3.1415926536,0,0
58,580,23.16,262.91,53.20,23.82,-3.1415926536,0,0
59,580,23.16,199.23,50.30,33.84,-3.1415926536,0,0
20,581,23.2,404.87,34.82,23.8572497859,0.002994003,0,0
22,581,23.2,368.10,35.35,23.5004342122,0.0060789525,0,0
24,581,23.2,342.16,37.00,23.5003324445,0.0053190988,0.0664887346,1.5666555557
29,581,23.2,371.08,38.00,35.250000000001,0,0,-1.562500000018
30,581,23.2,402.41,38.00,39.125000000001,0,0,-0.000000000031
46,581,23.2,45.66,44.34,35.33081516183854,3.1345505165,-0.0012485642,-0.098488578
48,581,23.2,30.97,50.47,34.41024556727255,-3.1343985331,-0.1798530123,-0.098488578
56,581,23.2,209.96,53.20,23.82,-3.1415926536,0,0
57,581,23.2,145.87,50.30,33.84,-3.1415926536,0,0
58,581,23.2,261.96,53.20,23.82,-3.1415926536,0,0
59,581,23.2,197.87,50.30,33.84,-3.1415926536,0,0
20,582,23.24,405.83,34.82,23.8572497859,0.002994003,0,0
22,582,23.24,369.04,35.35,23.5004342122,0.0060789525,0,0
24,582,23.24,343.10,37.01,23.5003324445,0.0053190988,-0.0664887346,-1.5666555557
29,582,23.24,372.49,38.00,35.249999999999,0,0,1.562499999979
30,582,23.24,403.97,38.00,39.124999999999,0,0,-0.000000000031
46,582,23.24,44.25,44.35,35.320815392626486,3.1345005739,0.0,-0.1077032961
48,582,23.24,29.59,50.47,34.40028488254131,-3.1415926536,0.1798530123,-0.098488578
56,582,23.24,209.00,53.20,23.82,-3.1415926536,0,0
57,582,23.24,144.52,50.30,33.84,-3.1415926536,0,0
58,582,23.24,261.00,53.20,23.82,-3.1415926536,0,0
59,582,23.24,196.52,50.30,33.84,-3.1415926536,0,0
20,583,23.28,406.78,34.82,23.8572497859,0.002994003,0,0
22,583,23.28,369.98,35.36,23.5004342122,0.0060789525,0,0
24,583,23.28,344.04,37.01,23.375,0,-0.0664887346,-1.5666555557
29,583,23.28,373.90,38.00,35.374999999999,0,0,1.562500000027
30,583,23.28,405.54,38.00,39.124999999999,0,0,0.000000000022
46,583,23.28,42.84,44.36,35.320815392626486,3.1345005739,-0.0,-0.1170469991
48,583,23.28,28.2,50.46,34.40028488254131,-3.1343985331,0.0026254988,-0.0943398113
56,583,23.28,208.05,53.20,23.82,-3.1415926536,0,0
57,583,23.28,143.16,50.30,33.84,-3.1415926536,0,0
58,583,23.28,260.05,53.20,23.82,-3.1415926536,0,0
59,583,23.28,195.16,50.30,33.84,-3.1415926536,0,0
20,584,23.32,407.74,34.83,23.8572497859,0.002994003,0,0
22,584,23.32,370.92,35.36,23.5004342122,0.0060789525,0,0
24,584,23.32,344.97,37.01,23.375,0,0,1.5625
29,584,23.32,375.32,38.00,35.375000000001,0,0,-1.562499999979
30,584,23.32,407.10,38.00,39.125000000001,0,0,1.56250000002
46,584,23.32,41.43,44.37,35.31081562354515,3.1345005739,-0.0012663999,-0.1170469991
48,584,23.32,26.83,50.45,34.40028488254131,-3.1342935131,-0.1824785111,-0.0943398113
56,584,23.32,207.10,53.20,23.82,-3.1415926536,0,0
57,584,23.32,141.81,50.30,33.84,-3.1415926536,0,0
58,584,23.32,259.10,53.20,23.82,-3.1415926536,0,0
59,584,23.32,193.81,50.30,33.84,-3.1415926536,0,0
20,585,23.36,408.69,34.83,23.8572497859,0.002994003,0,0
22,585,23.36,371.86,35.37,23.5004342122,0.0060789525,0,0
24,585,23.36,345.91,37.01,23.5,0,0,0
29,585,23.36,376.73,38.00,35.250000000001,0,0,-0.000000000029
30,585,23.36,408.67,38.00,39.250000000001,0,0,-0.000000000022
46,585,23.36,40.03,44.38,35.31088500731751,3.1344499179,-0.0,-0.1264911064
48,585,23.36,25.45,50.45,34.400327033329205,-3.1415926536,0.1811562495,-0.0943398113
56,585,23.36,206.14,53.20,23.82,-3.1415926536,0,0
57,585,23.36,140.46,50.30,33.84,-3.1415926536,0,0
58,585,23.36,258.14,53.20,23.82,-3.1415926536,0,0
59,585,23.36,192.46,50.30,33.84,-3.1415926536,0,0
20,586,23.4,409.64,34.83,23.8572497859,0.002994003,0,0
22,586,23.4,372.80,35.38,23.5004342122,0.0060789525,0,0
24,586,23.4,346.85,37.01,23.375,0,0,-1.5625
29,586,23.4,378.14,38.00,35.374999999999,0,0,1.562499999988
30,586,23.4,410.24,38.00,39.124999999999,0,0,-1.56250000002
46,586,23.4,38.63,44.39,35.3008852580215,3.1344499179,0.002514964,-0.1264911064
48,586,23.4,24.07,50.44,34.400327033329205,-3.1343464036,0.0,-0.0921954446
56,586,23.4,205.19,53.20,23.82,-3.1415926536,0,0
57,586,23.4,139.10,50.30,33.84,-3.1415926536,0,0
58,586,23.4,257.19,53.20,23.82,-3.1415926536,0,0
59,586,23.4,191.10,50.30,33.84,-3.1415926536,0,0
20,587,23.44,410.60,34.84,23.8572497859,0.002994003,0,0
22,587,23.44,373.74,35.38,23.5004342122,0.0060789525,0,0
24,587,23.44,347.78,37.01,23.375,0,0.0664887346,1.5666555557
29,587,23.44,379.56,38.00,35.375,0,0,-1.562499999979
30,587,23.44,411.80,38.00,39.124999999999,0,0,0.000000000022
46,587,23.44,37.21,44.4,35.3008852580215,3.1345505165,0.0012311026,-0.1360147051
48,587,23.44,22.69,50.43,34.39037219920715,-3.1343464036,-0.1811562495,-0.0921954446
56,587,23.44,204.24,53.20,23.82,-3.1415926536,0,0
57,587,23.44,137.75,50.30,33.84,-3.1415926536,0,0
58,587,23.44,256.24,53.20,23.82,-3.1415926536,0,0
59,587,23.44,189.75,50.30,33.84,-3.1415926536,0,0
20,588,23.48,411.55,34.84,23.8572497859,0.002994003,0,0
22,588,23.48,374.68,35.39,23.5004342122,0.0060789525,0,0
24,588,23.48,348.72,37.01,23.5003324445,0.0053190988,0.0664887346,1.5666555557
29,588,23.48,380.97,38.00,35.250000000001,0,0,-1.562499999988
30,588,23.48,413.37,38.00,39.125000000001,0,0,0.000000000022
46,588,23.48,35.78,44.41,35.29088550886758,3.1345997606,-0.0,-0.1456021978
48,588,23.48,21.31,50.43,34.39037219920715,-3.1415926536,0.1824785111,-0.0848528137
56,588,23.48,203.29,53.20,23.82,-3.1415926536,0,0
57,588,23.48,136.40,50.30,33.84,-3.1415926536,0,0
58,588,23.48,255.29,53.20,23.82,-3.1415926536,0,0
59,588,23.48,188.40,50.30,33.84,-3.1415926536,0,0
20,589,23.52,412.51,34.84,23.8572497859,0.002994003,0,0
22,589,23.52,375.62,35.39,23.5004342122,0.0060789525,0,0
24,589,23.52,349.66,37.02,23.5003324445,0.0053190988,-0.0664887346,-1.5666555557
29,589,23.52,382.38,38.00,35.250000000001,0,0,1.562499999979
30,589,23.52,414.93,38.00,39.125000000001,0,0,-0.000000000022
46,589,23.52,34.35,44.42,35.29088550886758,3.1345997606,-0.0012311026,-0.1431782106
48,589,23.52,19.94,50.42,34.39037219920715,-3.1342935131,-0.0013222616,-0.0848528137
56,589,23.52,202.33,53.20,23.82,-3.1415926536,0,0
57,589,23.52,135.04,50.30,33.84,-3.1415926536,0,0
58,589,23.52,254.33,53.20,23.82,-3.1415926536,0,0
59,589,23.52,187.04,50.30,33.84,-3.1415926536,0,0
20,590,23.56,413.46,34.84,23.8572497859,0.002994003,0,0
22,590,23.56,376.56,35.40,23.5004342122,0.0060789525,0,0
24,590,23.56,350.60,37.02,23.375,0,-0.0664887346,-1.5666555557
29,590,23.56,383.79,38.00,35.374999999999,0,0,1.562499999979
30,590,23.56,416.50,38.00,39.124999999999,0,0,-0.000000000022
46,590,23.56,32.93,44.43,35.280958036878765,3.1345505165,-0.0012485642,-0.1529705854
48,590,23.56,18.56,50.41,34.38042029993235,-3.1343464036,-0.1811562495,-0.0781024968
56,590,23.56,201.38,53.20,23.82,-3.1415926536,0,0
57,590,23.56,133.69,50.30,33.84,-3.1415926536,0,0
58,590,23.56,253.38,53.20,23.82,-3.1415926536,0,0
59,590,23.56,185.69,50.30,33.84,-3.1415926536,0,0
20,591,23.6,414.42,34.85,23.8572497859,0.002994003,0,0
22,591,23.6,377.50,35.40,23.5004342122,0.0060789525,0,0
24,591,23.6,351.53,37.02,23.375,0,0,1.5625
29,591,23.6,385.21,38.00,35.374999999999,0,0,-1.562499999979
30,591,23.6,418.06,38.00,39.124999999999,0,0,1.56250000002
46,591,23.6,31.52,44.44,35.280958036878765,3.1345005739,0.0,-0.1529705854
48,591,23.6,17.18,50.41,34.38042029993235,-3.1415926536,0.1811562495,-0.0860232527
56,591,23.6,200.43,53.20,23.82,-3.1415926536,0,0
57,591,23.6,132.34,50.30,33.84,-3.1415926536,0,0
58,591,23.6,252.43,53.20,23.82,-3.1415926536,0,0
59,591,23.6,184.34,50.30,33.84,-3.1415926536,0,0
20,592,23.64,415.37,34.85,23.8572497859,0.002994003,0,0
22,592,23.64,378.44,35.41,23.5004342122,0.0060789525,0,0
24,592,23.64,352.47,37.02,23.5,0,0,0
29,592,23.64,386.62,38.00,35.250000000001,0,0,0.00000000002
30,592,23.64,419.63,38.00,39.250000000001,0,0,0.000000000022
46,592,23.64,30.11,44.45,35.27095830850078,3.1345005739,-0.0012663999,-0.162788206
48,592,23.64,15.8,50.4,34.38042029993235,-3.1343464036,-0.0,-0.0860232527
56,592,23.64,199.48,53.20,23.82,-3.1415926536,0,0
57,592,23.64,130.98,50.30,33.84,-3.1415926536,0,0
58,592,23.64,251.48,53.20,23.82,-3.1415926536,0,0
59,592,23.64,182.98,50.30,33.84,-3.1415926536,0,0
20,593,23.68,416.32,34.85,23.8572497859,0.002994003,0,0
22,593,23.68,379.38,35.42,23.5004342122,0.0060789525,0,0
24,593,23.68,353.41,37.02,23.375,0,0,-1.5625
29,593,23.68,388.03,38.00,35.375000000001,0,0,1.562499999988
30,593,23.68,421.20,38.00,39.125000000001,0,0,-1.56250000002
46,593,23.68,28.71,44.46,35.260958580276856,3.1344499179,-0.1710591624,-0.172626765
48,593,23.68,14.42,50.39,34.38042029993235,-3.1343464036,-0.1811562495,-0.0806225775
56,593,23.68,198.52,53.20,23.82,-3.1415926536,0,0
57,593,23.68,129.63,50.30,33.84,-3.1415926536,0,0
58,593,23.68,250.52,53.20,23.82,-3.1415926536,0,0
59,593,23.68,181.63,50.30,33.84,-3.1415926536,0,0
20,594,23.72,417.28,34.86,23.8572497859,0.002994003,0,0
22,594,23.72,380.32,35.42,23.5004342122,0.0060789525,0,0
24,594,23.72,354.34,37.02,23.375,0,0.0664887346,1.5666555557
29,594,23.72,389.45,38.00,35.375,0,0,-1.562500000018
30,594,23.72,422.76,38.00,39.124999999999,0,0,-0.000000000022
46,594,23.72,27.28,44.48,35.260958580276856,3.1276075514,0.1735741264,-0.172626765
48,594,23.72,13.05,50.39,34.370420422217705,-3.1415926536,0.1811562495,-0.0806225775
56,594,23.72,197.57,53.20,23.82,-3.1415926536,0,0
57,594,23.72,128.28,50.30,33.84,-3.1415926536,0,0
58,594,23.72,249.57,53.20,23.82,-3.1415926536,0,0
59,594,23.72,180.28,50.30,33.84,-3.1415926536,0,0
20,595,23.76,418.23,34.86,23.8572497859,0.002994003,0,0
22,595,23.76,381.26,35.43,23.5004342122,0.0060789525,0,0
24,595,23.76,355.28,37.02,23.5003324445,0.0053190988,0.0664887346,1.5666555557
29,595,23.76,390.86,38.00,35.249999999999,0,0,-1.562499999988
30,595,23.76,424.33,38.00,39.124999999999,0,0,0.000000000022
46,595,23.76,25.86,44.49,35.25095885220713,3.1345505165,-0.0012485642,-0.1824828759
48,595,23.76,11.67,50.38,34.370471338054124,-3.1343464036,0.0013222616,-0.0670820393
56,595,23.76,196.62,53.20,23.82,-3.1415926536,0,0
57,595,23.76,126.92,50.30,33.84,-3.1415926536,0,0
58,595,23.76,248.62,53.20,23.82,-3.1415926536,0,0
59,595,23.76,178.92,50.30,33.84,-3.1415926536,0,0
20,596,23.8,419.19,34.86,23.8572497859,0.002994003,0,0
22,596,23.8,382.20,35.43,23.5004342122,0.0060789525,0,0
24,596,23.8,356.22,37.03,23.5003324445,0.0053190988,-0.0664887346,-1.5666555557
29,596,23.8,392.27,38.00,35.250000000001,0,0,1.562500000027
30,596,23.8,425.89,38.00,39.125000000001,0,0,0.000000000022
46,596,23.8,24.45,44.5,35.24103432080279,3.1345005739,0.0012485642,-0.1811077028
48,596,23.8,10.3,50.37,34.370471338054124,-3.1342935131,0.0,-0.0670820393
56,596,23.8,195.66,53.20,23.82,-3.1415926536,0,0
57,596,23.8,125.57,50.30,33.84,-3.1415926536,0,0
58,596,23.8,247.66,53.20,23.82,-3.1415926536,0,0
59,596,23.8,177.57,50.30,33.84,-3.1415926536,0,0
20,597,23.84,420.14,34.86,23.8572497859,0.002994003,0,0
22,597,23.84,383.14,35.44,23.5004342122,0.0060789525,0,0
24,597,23.84,357.16,37.03,23.375,0,-0.0664887346,-1.5666555557
29,597,23.84,393.68,38.00,35.375000000001,0,0,1.562499999979
30,597,23.84,427.46,38.00,39.125000000001,0,0,-0.000000000022
46,597,23.84,23.03,44.51,35.23103461438508,3.1345505165,-0.0012485642,-0.1910497317
48,597,23.84,8.93,50.36,34.370471338054124,-3.1342935131,-0.1824785111,-0.0632455532
56,597,23.84,194.71,53.20,23.82,-3.1415926536,0,0
57,597,23.84,124.21,50.30,33.84,-3.1415926536,0,0
58,597,23.84,246.71,53.20,23.82,-3.1415926536,0,0
59,597,23.84,176.21,50.30,33.84,-3.1415926536,0,0
20,598,23.88,421.10,34.87,23.8572497859,0.002994003,0,0
22,598,23.88,384.08,35.44,23.5004342122,0.0060789525,0,0
24,598,23.88,358.09,37.03,23.375,0,0,1.5625
29,598,23.88,395.10,38.00,35.374999999999,0,0,-1.562500000027
30,598,23.88,429.02,38.00,39.124999999999,0,0,1.562499999986
46,598,23.88,21.62,44.52,35.23103461438508,3.1345005739,-0.0,-0.1910497317
48,598,23.88,7.57,50.36,34.36047147522863,-3.1415926536,0.1879663828,-0.0632455532
56,598,23.88,193.76,53.20,23.82,-3.1415926536,0,0
57,598,23.88,122.86,50.30,33.84,-3.1415926536,0,0
58,598,23.88,245.76,53.20,23.82,-3.1415926536,0,0
59,598,23.88,174.86,50.30,33.84,-3.1415926536,0,0
20,599,23.92,422.05,34.87,23.8572497859,0.002994003,0,0
22,599,23.92,385.02,35.45,23.5004342122,0.0060789525,0,0
24,599,23.92,359.03,37.03,23.5,0,0,0
29,599,23.92,396.51,38.00,35.249999999999,0,0,0.00000000002
30,599,23.92,430.59,38.00,39.25,0,0,0.000000000031
46,599,23.92,20.21,44.53,35.22103490813409,3.1345005739,-0.0012663999,-0.1910497317
48,599,23.92,6.24,50.35,34.36047147522863,-3.1340739983,0.0043375166,-0.0608276253
56,599,23.92,192.81,53.20,23.82,-3.1415926536,0,0
57,599,23.92,121.51,50.30,33.84,-3.1415926536,0,0
58,599,23.92,244.81,53.20,23.82,-3.1415926536,0,0
59,599,23.92,173.51,50.30,33.84,-3.1415926536,0,0
20,600,23.96,423.00,34.87,23.8572497859,0.002994003,0,0
22,600,23.96,385.96,35.46,23.5004342122,0.0060789525,0,0
24,600,23.96,359.97,37.03,23.375,0,0,-1.5625
29,600,23.96,397.92,38.00,35.375000000001,0,0,1.562500000018
30,600,23.96,432.16,38.00,39.125000000001,0,0,-1.562499999986
46,600,23.96,18.81,44.54,35.21103520204994,3.1344499179,0.0012663999,-0.2009975124
48,600,23.96,4.94,50.34,34.36047147522863,-3.1339004976,0.0061046333,-0.0509901951
56,600,23.96,191.85,53.20,23.82,-3.1415926536,0,0
57,600,23.96,120.15,50.30,33.84,-3.1415926536,0,0
58,600,23.96,243.85,53.20,23.82,-3.1415926536,0,0
59,600,23.96,172.15,50.30,33.84,-3.1415926536,0,0
20,601,24,423.96,34.88,23.8572497859,0.002994003,0,0
22,601,24,386.90,35.46,23.5004342122,0.0060789525,0,0
24,601,24,360.90,37.03,23.375,0,0.0664887346,1.5666555557
29,601,24,399.34,38.00,35.375000000001,0,0,-1.56249999999
30,601,24,433.72,38.00,39.125000000001,0,0,-0.000000000009
46,601,24.0,17.4,44.55,35.20103549613278,3.1345005739,-0.0,-0.2009975124
48,601,24.0,3.68,50.33,34.36047147522863,-3.1336563123,,-0.05
56,601,24,190.90,53.20,23.82,-3.1415926536,0,0
57,601,24,118.80,50.30,33.84,-3.1415926536,0,0
58,601,24,242.90,53.20,23.82,-3.1415926536,0,0
59,601,24,170.80,50.30,33.84,-3.1415926536,0,0
20,602,24.04,424.91,34.88,23.8572497859,0.002994003,0,0
22,602,24.04,387.84,35.47,23.5004342122,0.0060789525,0,0
24,602,24.04,361.84,37.03,23.5003324445,0.0053190988,0.0664887346,1.5666555557
29,602,24.04,400.75,38.00,35.250000000001,0,0,-1.562500000018
30,602,24.04,435.29,38.00,39.125000000001,0,0,-0.000000000022
46,602,24.04,15.99,44.56,35.19103579038275,3.1345005739,0.0012485642,-0.2009975124
56,602,24.04,189.95,53.20,23.82,-3.1415926536,0,0
57,602,24.04,117.45,50.30,33.84,-3.1415926536,0,0
58,602,24.04,241.95,53.20,23.82,-3.1415926536,0,0
59,602,24.04,169.45,50.30,33.84,-3.1415926536,0,0
20,603,24.08,425.87,34.88,23.8572497859,0.002994003,0,0
22,603,24.08,388.78,35.47,23.5004342122,0.0060789525,0,0
24,603,24.08,362.78,37.04,23.5003324445,0.0053190988,-0.0664887346,-1.5666555557
29,603,24.08,402.16,38.00,35.249999999999,0,0,1.56249999997
30,603,24.08,436.85,38.00,39.124999999999,0,0,-0.000000000022
46,603,24.08,14.57,44.57,35.1810360848,3.1345505165,0.0012311026,-0.2002498439
56,603,24.08,188.99,53.20,23.82,-3.1415926536,0,0
57,603,24.08,116.09,50.30,33.84,-3.1415926536,0,0
58,603,24.08,240.99,53.20,23.82,-3.1415926536,0,0
59,603,24.08,168.09,50.30,33.84,-3.1415926536,0,0
20,604,24.12,426.82,34.88,23.8572497859,0.002994003,0,0
22,604,24.12,389.72,35.48,23.5004342122,0.0060789525,0,0
24,604,24.12,363.72,37.04,23.375,0,-0.0664887346,-1.5666555557
29,604,24.12,403.57,38.00,35.374999999999,0,0,1.562500000018
30,604,24.12,438.42,38.00,39.124999999999,0,0,0.000000000022
46,604,24.12,13.14,44.58,35.1810360848,3.1345997606,-0.174805229,-0.2102379604
56,604,24.12,188.04,53.20,23.82,-3.1415926536,0,0
57,604,24.12,114.74,50.30,33.84,-3.1415926536,0,0
58,604,24.12,240.04,53.20,23.82,-3.1415926536,0,0
59,604,24.12,166.74,50.30,33.84,-3.1415926536,0,0
20,605,24.16,427.78,34.89,23.8572497859,0.002994003,0,0
22,605,24.16,390.66,35.48,23.5004342122,0.0060789525,0,0
24,605,24.16,364.65,37.04,23.375,0,0,1.5625
29,605,24.16,404.99,38.00,35.375000000001,0,0,-1.562499999979
30,605,24.16,439.98,38.00,39.125000000001,0,0,1.56250000002
46,605,24.16,11.71,44.6,35.171036379384674,3.1276075514,0.1723255623,-0.2102379604
56,605,24.16,187.09,53.20,23.82,-3.1415926536,0,0
57,605,24.16,113.39,50.30,33.84,-3.1415926536,0,0
58,605,24.16,239.09,53.20,23.82,-3.1415926536,0,0
59,605,24.16,165.39,50.30,33.84,-3.1415926536,0,0
20,606,24.2,428.73,34.89,23.8572497859,0.002994003,0,0
22,606,24.2,391.60,35.49,23.5004342122,0.0060789525,0,0
24,606,24.2,365.59,37.04,23.5,0,0,0
29,606,24.2,406.40,38.00,35.250000000001,0,0,-0.000000000011
30,606,24.2,441.55,38.00,39.250000000001,0,0,-0.000000000022
46,606,24.2,10.3,44.61,35.161036674136895,3.1345005739,-0.0012663999,-0.2102379604
56,606,24.2,186.14,53.20,23.82,-3.1415926536,0,0
57,606,24.2,112.03,50.30,33.84,-3.1415926536,0,0
58,606,24.2,238.14,53.20,23.82,-3.1415926536,0,0
59,606,24.2,164.03,50.30,33.84,-3.1415926536,0,0
20,607,24.24,429.68,34.89,23.8572497859,0.002994003,0,0
22,607,24.24,392.54,35.50,23.5004342122,0.0060789525,0,0
24,607,24.24,366.53,37.04,23.375,0,0,-1.5625
29,607,24.24,407.81,38.00,35.375,0,0,1.562499999979
30,607,24.24,443.12,38.00,39.124999999999,0,0,-1.56250000002
46,607,24.24,8.9,44.62,35.151036969056825,3.1344499179,-0.0025878578,-0.2102379604
56,607,24.24,185.18,53.20,23.82,-3.1415926536,0,0
57,607,24.24,110.68,50.30,33.84,-3.1415926536,0,0
58,607,24.24,237.18,53.20,23.82,-3.1415926536,0,0
59,607,24.24,162.68,50.30,33.84,-3.1415926536,0,0
20,608,24.28,430.64,34.90,23.8572497859,0.002994003,0,0
22,608,24.28,393.48,35.50,23.5004342122,0.0060789525,0,0
24,608,24.28,367.46,37.04,23.375,0,0.0664887346,1.5666555557
29,608,24.28,409.23,38.00,35.374999999999,0,0,-1.562499999988
30,608,24.28,444.68,38.00,39.124999999999,0,0,0.000000000022
46,608,24.28,7.52,44.63,35.14103726414461,3.1343464036,-0.0026639672,-0.2102379604
56,608,24.28,184.23,53.20,23.82,-3.1415926536,0,0
57,608,24.28,109.32,50.30,33.84,-3.1415926536,0,0
58,608,24.28,236.23,53.20,23.82,-3.1415926536,0,0
59,608,24.28,161.32,50.30,33.84,-3.1415926536,0,0
20,609,24.32,431.59,34.90,23.8572497859,0.002994003,0,0
22,609,24.32,394.42,35.51,23.5004342122,0.0060789525,0,0
24,609,24.32,368.40,37.04,23.5003324445,0.0053190988,0.0664887346,1.5666555557
29,609,24.32,410.64,38.00,35.250000000001,0,0,-1.562499999979
30,609,24.32,446.25,38.00,39.125000000001,0,0,0.000000000022
46,609,24.32,6.16,44.64,35.131037559400376,3.1342398449,-0.0013615816,-0.2
56,609,24.32,183.28,53.20,23.82,-3.1415926536,0,0
57,609,24.32,107.97,50.30,33.84,-3.1415926536,0,0
58,609,24.32,235.28,53.20,23.82,-3.1415926536,0,0
59,609,24.32,159.97,50.30,33.84,-3.1415926536,0,0
20,610,24.36,432.55,34.90,23.8572497859,0.002994003,0,0
22,610,24.36,395.36,35.51,23.5004342122,0.0060789525,0,0
24,610,24.36,369.34,37.05,23.5003324445,0.0053190988,-0.0664887346,-1.5666555557
29,610,24.36,412.05,38.00,35.250000000001,0,0,1.562499999979
30,610,24.36,447.81,38.00,39.125000000001,0,0,-0.000000000022
46,610,24.36,4.81,44.65,35.131037559400376,3.1341853817,-0.0086127695,-0.2
56,610,24.36,182.32,53.20,23.82,-3.1415926536,0,0
57,610,24.36,106.62,50.30,33.84,-3.1415926536,0,0
58,610,24.36,234.32,53.20,23.82,-3.1415926536,0,0
59,610,24.36,158.62,50.30,33.84,-3.1415926536,0,0
20,611,24.4,433.50,34.90,23.8572497859,0.002994003,0,0
22,611,24.4,396.30,35.52,23.5004342122,0.0060789525,0,0
24,611,24.4,370.28,37.05,23.375,0,-0.0664887346,-1.5666555557
29,611,24.4,413.46,38.00,35.374999999999,0,0,1.562499999988
30,611,24.4,449.38,38.00,39.124999999999,0,0,-0.000000000022
46,611,24.4,3.52,44.66,35.12103785482427,3.1338408709,,-0.2
56,611,24.4,181.37,53.20,23.82,-3.1415926536,0,0
57,611,24.4,105.26,50.30,33.84,-3.1415926536,0,0
58,611,24.4,233.37,53.20,23.82,-3.1415926536,0,0
59,611,24.4,157.26,50.30,33.84,-3.1415926536,0,0
20,612,24.44,434.46,34.91,23.8572497859,0.002994003,0,0
22,612,24.44,397.24,35.52,23.5004342122,0.0060789525,0,0
24,612,24.44,371.21,37.05,23.375,0,0,1.5625
29,612,24.44,414.88,38.00,35.375,0,0,-1.562499999979
30,612,24.44,450.94,38.00,39.124999999999,0,0,1.56250000002
56,612,24.44,180.42,53.20,23.82,-3.1415926536,0,0
57,612,24.44,103.91,50.30,33.84,-3.1415926536,0,0
58,612,24.44,232.42,53.20,23.82,-3.1415926536,0,0
59,612,24.44,155.91,50.30,33.84,-3.1415926536,0,0
20,613,24.48,435.41,34.91,23.8572497859,0.002994003,0,0
22,613,24.48,398.18,35.53,23.5004342122,0.0060789525,0,0
24,613,24.48,372.15,37.05,23.5,0,0,0
29,613,24.48,416.29,38.00,35.250000000001,0,0,0.000000000011
30,613,24.48,452.51,38.00,39.250000000001,0,0,0.000000000022
56,613,24.48,179.47,53.20,23.82,-3.1415926536,0,0
57,613,24.48,102.56,50.30,33.84,-3.1415926536,0,0
58,613,24.48,231.47,53.20,23.82,-3.1415926536,0,0
59,613,24.48,154.56,50.30,33.84,-3.1415926536,0,0
20,614,24.52,436.36,34.91,23.8572497859,0.002994003,0,0
22,614,24.52,399.12,35.54,23.5004342122,0.0060789525,0,0
24,614,24.52,373.09,37.05,23.375,0,0,-1.5625
29,614,24.52,417.70,38.00,35.375000000001,0,0,1.562499999979
30,614,24.52,454.08,38.00,39.125000000001,0,0,-1.56250000002
56,614,24.52,178.51,53.20,23.82,-3.1415926536,0,0
57,614,24.52,101.20,50.30,33.84,-3.1415926536,0,0
58,614,24.52,230.51,53.20,23.82,-3.1415926536,0,0
59,614,24.52,153.20,50.30,33.84,-3.1415926536,0,0
20,615,24.56,437.32,34.92,23.8572497859,0.002994003,0,0
22,615,24.56,400.06,35.54,23.5004342122,0.0060789525,0,0
24,615,24.56,374.02,37.05,23.375,0,0.0664887346,1.5666555557
29,615,24.56,419.12,38.00,35.374999999999,0,0,-1.562500000018
30,615,24.56,455.64,38.00,39.124999999999,0,0,-0.000000000022
56,615,24.56,177.56,53.20,23.82,-3.1415926536,0,0
57,615,24.56,99.85,50.30,33.84,-3.1415926536,0,0
58,615,24.56,229.56,53.20,23.82,-3.1415926536,0,0
59,615,24.56,151.85,50.30,33.84,-3.1415926536,0,0
20,616,24.6,438.27,34.92,23.8572497859,0.002994003,0,0
22,616,24.6,401.00,35.55,23.5004342122,0.0060789525,0,0
24,616,24.6,374.96,37.05,23.5003324445,0.0053190988,0.0664887346,1.5666555557
29,616,24.6,420.53,38.00,35.249999999999,0,0,-1.56249999997
30,616,24.6,457.21,38.00,39.124999999999,0,0,0.000000000022
56,616,24.6,176.61,53.20,23.82,-3.1415926536,0,0
57,616,24.6,98.50,50.30,33.84,-3.1415926536,0,0
58,616,24.6,228.61,53.20,23.82,-3.1415926536,0,0
59,616,24.6,150.50,50.30,33.84,-3.1415926536,0,0
20,617,24.64,439.23,34.92,23.8572497859,0.002994003,0,0
22,617,24.64,401.94,35.55,23.5004342122,0.0060789525,0,0
24,617,24.64,375.90,37.06,23.5003324445,0.0053190988,-0.0664887346,-1.5666555557
29,617,24.64,421.94,38.00,35.250000000001,0,0,1.562500000018
30,617,24.64,458.77,38.00,39.125000000001,0,0,0.000000000022
56,617,24.64,175.66,53.20,23.82,-3.1415926536,0,0
57,617,24.64,97.14,50.30,33.84,-3.1415926536,0,0
58,617,24.64,227.66,53.20,23.82,-3.1415926536,0,0
59,617,24.64,149.14,50.30,33.84,-3.1415926536,0,0
20,618,24.68,440.18,34.92,23.8572497859,0.002994003,0,0
22,618,24.68,402.88,35.56,23.5004342122,0.0060789525,0,0
24,618,24.68,376.84,37.06,23.375,0,-0.0664887346,-1.5666555557
29,618,24.68,423.35,38.00,35.375000000001,0,0,1.56249999997
30,618,24.68,460.34,38.00,39.125000000001,0,0,-0.000000000013
56,618,24.68,174.70,53.20,23.82,-3.1415926536,0,0
57,618,24.68,95.79,50.30,33.84,-3.1415926536,0,0
58,618,24.68,226.70,53.20,23.82,-3.1415926536,0,0
59,618,24.68,147.79,50.30,33.84,-3.1415926536,0,0
20,619,24.72,441.14,34.93,23.8572497859,0.002994003,0,0
22,619,24.72,403.82,35.56,23.5004342122,0.0060789525,0,0
24,619,24.72,377.77,37.06,23.375,0,0,1.5625
29,619,24.72,424.77,38.00,35.374999999999,0,0,-1.562500000018
30,619,24.72,461.90,38.00,39.125,0,0,1.562499999986
56,619,24.72,173.75,53.20,23.82,-3.1415926536,0,0
57,619,24.72,94.44,50.30,33.84,-3.1415926536,0,0
58,619,24.72,225.75,53.20,23.82,-3.1415926536,0,0
59,619,24.72,146.44,50.30,33.84,-3.1415926536,0,0
20,620,24.76,442.09,34.93,23.8572497859,0.002994003,0,0
22,620,24.76,404.76,35.57,23.5004342122,0.0060789525,0,0
24,620,24.76,378.71,37.06,23.5,0,0,0
29,620,24.76,426.18,38.00,35.249999999999,0,0,0.00000000002
30,620,24.76,463.47,38.00,39.25,0,0,0.000000000013
56,620,24.76,172.80,53.20,23.82,-3.1415926536,0,0
57,620,24.76,93.08,50.30,33.84,-3.1415926536,0,0
58,620,24.76,224.80,53.20,23.82,-3.1415926536,0,0
59,620,24.76,145.08,50.30,33.84,-3.1415926536,0,0
20,621,24.8,443.04,34.93,23.8572497859,0.002994003,0,0
22,621,24.8,405.70,35.58,23.5004342122,0.0060789525,0,0
24,621,24.8,379.65,37.06,23.375,0,0,-1.5625
29,621,24.8,427.59,38.00,35.375000000001,0,0,1.562500000027
30,621,24.8,465.04,38.00,39.125000000001,0,0,-1.562499999986
56,621,24.8,171.84,53.20,23.82,-3.1415926536,0,0
57,621,24.8,91.73,50.30,33.84,-3.1415926536,0,0
58,621,24.8,223.84,53.20,23.82,-3.1415926536,0,0
59,621,24.8,143.73,50.30,33.84,-3.1415926536,0,0
20,622,24.84,444.00,34.94,23.8572497859,0.002994003,0,0
22,622,24.84,406.64,35.58,23.5004342122,0.0060789525,0,0
24,622,24.84,380.58,37.06,23.375,0,0.0664887346,1.5666555557
29,622,24.84,429.01,38.00,35.375000000001,0,0,-1.562500000018
30,622,24.84,466.60,38.00,39.125000000001,0,0,-0.000000000022
56,622,24.84,170.89,53.20,23.82,-3.1415926536,0,0
57,622,24.84,90.37,50.30,33.84,-3.1415926536,0,0
58,622,24.84,222.89,53.20,23.82,-3.1415926536,0,0
59,622,24.84,142.37,50.30,33.84,-3.1415926536,0,0
20,623,24.88,444.95,34.94,23.8572497859,0.002994003,0,0
22,623,24.88,407.58,35.59,23.5004342122,0.0060789525,0,0
24,623,24.88,381.52,37.06,23.5003324445,0.0053190988,0.0664887346,1.5666555557
29,623,24.88,430.42,38.00,35.249999999999,0,0,-1.562500000027
30,623,24.88,468.17,38.00,39.124999999999,0,0,-0.000000000022
56,623,24.88,169.94,53.20,23.82,-3.1415926536,0,0
57,623,24.88,89.02,50.30,33.84,-3.1415926536,0,0
58,623,24.88,221.94,53.20,23.82,-3.1415926536,0,0
59,623,24.88,141.02,50.30,33.84,-3.1415926536,0,0
20,624,24.92,445.91,34.94,23.8572497859,0.002994003,0,0
22,624,24.92,408.52,35.59,23.5004342122,0.0060789525,0,0
24,624,24.92,382.46,37.07,23.5003324445,0.0053190988,-0.0664887346,-1.5666555557
29,624,24.92,431.83,38.00,35.249999999999,0,0,1.562500000027
30,624,24.92,469.73,38.00,39.124999999999,0,0,0.000000000022
56,624,24.92,168.99,53.20,23.82,-3.1415926536,0,0
57,624,24.92,87.67,50.30,33.84,-3.1415926536,0,0
58,624,24.92,220.99,53.20,23.82,-3.1415926536,0,0
59,624,24.92,139.67,50.30,33.84,-3.1415926536,0,0
20,625,24.96,446.86,34.94,23.8572497859,0.002994003,0,0
22,625,24.96,409.46,35.60,23.5004342122,0.0060789525,0,0
24,625,24.96,383.40,37.07,23.375,0,-0.0664887346,-3.1291555557
29,625,24.96,433.24,38.00,35.375000000001,0,0,3.125000000026
30,625,24.96,471.30,38.00,39.125000000001,0,0,-1.562499999977
56,625,24.96,168.03,53.20,23.82,-3.1415926536,0,0
57,625,24.96,86.31,50.30,33.84,-3.1415926536,0,0
58,625,24.96,220.03,53.20,23.82,-3.1415926536,0,0
59,625,24.96,138.31,50.30,33.84,-3.1415926536,0,0
20,626,25,447.82,34.95,23.8572497859,0.002994003,0,0
22,626,25,410.40,35.60,23.5004342122,0.0060789525,0,0
24,626,25,384.33,37.07,23.25,0,0,-3.125
29,626,25,434.66,38.00,35.500000000001,0,0,3.124999999997
30,626,25,472.86,38.00,39.000000000001,0,0,-3.124999999997
56,626,25,167.08,53.20,23.82,-3.1415926536,0,0
57,626,25,84.96,50.30,33.84,-3.1415926536,0,0
58,626,25,219.08,53.20,23.82,-3.1415926536,0,0
59,626,25,136.96,50.30,33.84,-3.1415926536,0,0
