{
  "best_score": 0.4397773152530389,
  "best_cfg": {
    "T": 20,
    "M": 1200,
    "I": 3,
    "lam": 0.023429558646096815,
    "sigma_v": 0.2960792974369973,
    "sigma_w_deg": 2.549027699192683,
    "u_max_v": 7.237137601885507,
    "u_max_w_deg": 162.25375876380033,
    "dyn_w_max_deg": 234.08634709537696,
    "Qx": 1.4456696243435383,
    "Qy": 9.174037029478788,
    "Qpsi": 0.7103259408484668,
    "Qfx": 3.397453133426547,
    "Qfy": 6.358185094340928,
    "Qfpsi": 2.3627725569874665,
    "Rv": 0.019224116316170776,
    "Rw": 1.6942047261405622,
    "cvar_alpha": 0.7526993690748744,
    "cvar_N": 48,
    "obs_sigma_mul_x": 0.633807192247849,
    "obs_sigma_mul_y": 1.15817673668582,
    "dr_eps_cvar": 0.005487046696714133,
    "obs_noise_mode": "static",
    "L_ref": 8.491132286107119,
    "v_des": 7.010695442123147,
    "u_blend_v": 0.9509115392731262,
    "extra_margin": 0.030449297739723893
  },
  "best_metrics": {
    "lane_rmse": 0.18528899077531047,
    "psi_rmse": 0.04294739854973571,
    "du_rms": 0.5434976660564275,
    "collision_violation_mean": 0.0,
    "mean_solve_ms": 15.387411262648481,
    "min_solve_ms": 12.756362004438415,
    "max_solve_ms": 21.929638998699374,
    "steps": 251
  },
  "tuned_keys": [
    "I",
    "L_ref",
    "M",
    "Qfpsi",
    "Qfx",
    "Qfy",
    "Qpsi",
    "Qx",
    "Qy",
    "Rv",
    "Rw",
    "T",
    "cvar_N",
    "cvar_alpha",
    "dr_eps_cvar",
    "dyn_w_max_deg",
    "extra_margin",
    "lam",
    "obs_noise_mode",
    "obs_sigma_mul_x",
    "obs_sigma_mul_y",
    "sigma_v",
    "sigma_w_deg",
    "u_blend_v",
    "u_max_v",
    "u_max_w_deg",
    "v_des"
  ],
  "notes": "Apply best_cfg into DR_mppi.py constants in main block."
}