{
  "best_score": 0.7031065338046865,
  "best_cfg": {
    "dt": 0.02365431268834492,
    "horizon_steps": 50,
    "rollouts": 2048,
    "iterations": 2,
    "lam": 0.8444146922964824,
    "ang_max_deg": 42.52350986190698,
    "yawrate_max_deg": 173.74212275188287,
    "tau_phi": 0.19171151474569642,
    "tau_theta": 0.16905177236157454,
    "phi_rate_max_deg": 302.76732088763026,
    "theta_rate_max_deg": 205.07368428551388,
    "w_cyl": 510.6988597095838,
    "cyl_safety_margin": 0.2150292356967072,
    "cyl_alpha": 8.72155294537059,
    "w_moving": 376.5800114691624,
    "moving_r": 0.3045201563139591,
    "moving_safety_margin": 0.4224283788684363,
    "moving_alpha": 15.033309531167399,
    "cvar_alpha": 0.7790712559865822,
    "cvar_N": 48,
    "obs_sigma_xy": [
      0.1569012991377936,
      0.18206816632027703
    ],
    "noise_mode": "per_step",
    "dr_eps_cvar": 0.030026822645753973,
    "drone_radius": 0.3662153322325755,
    "sigma_T_ratio": 0.15665141483025896,
    "sigma_phi_deg": 4.954352217068673,
    "sigma_theta_deg": 7.702984740619588,
    "sigma_yawrate_deg": 24.490391108169387,
    "Rd_T": 0.1391209429786332,
    "Rd_roll": 0.17400953848855316,
    "Rd_pitch": 1.3542346730954953,
    "Rd_yaw": 0.9273697619931647,
    "Qx": 70.83921979768184,
    "Qy": 101.7158401270657,
    "Qz": 24.804057074906098,
    "Qpsi": 0.0,
    "Qf_x_scale": 2.284106419929965,
    "Qf_y_scale": 2.3822271271768907,
    "Qf_z_scale": 3.454063139426116,
    "Qf_psi_scale": 0.0,
    "lead_time": 1.704014105868615
  },
  "best_metrics": {
    "rmse_pos": 0.4480016000013058,
    "du_rms_roll_pitch": 0.5642074955756762,
    "mean_solve_ms": 57.026529954730776,
    "safety_violation_mean": 0.0,
    "steps": 420
  },
  "tuned_keys": [
    "Qf_psi_scale",
    "Qf_x_scale",
    "Qf_y_scale",
    "Qf_z_scale",
    "Qpsi",
    "Qx",
    "Qy",
    "Qz",
    "Rd_T",
    "Rd_pitch",
    "Rd_roll",
    "Rd_yaw",
    "ang_max_deg",
    "cvar_N",
    "cvar_alpha",
    "cyl_alpha",
    "cyl_safety_margin",
    "dr_eps_cvar",
    "drone_radius",
    "dt",
    "horizon_steps",
    "iterations",
    "lam",
    "lead_time",
    "moving_alpha",
    "moving_r",
    "moving_safety_margin",
    "noise_mode",
    "obs_sigma_xy",
    "phi_rate_max_deg",
    "rollouts",
    "sigma_T_ratio",
    "sigma_phi_deg",
    "sigma_theta_deg",
    "sigma_yawrate_deg",
    "tau_phi",
    "tau_theta",
    "theta_rate_max_deg",
    "w_cyl",
    "w_moving",
    "yawrate_max_deg"
  ],
  "notes": "Use best_cfg to populate DRParams + Q/Qf + lead_time in DR_mppi_crazyflie.py"
}