{
  "best_score": 0.34956747805436034,
  "best_cfg": {
    "T": 15,
    "M": 512,
    "I": 2,
    "lam": 0.29726793561299514,
    "sigma_v": 1.6443273976328407,
    "sigma_w_deg": 4.58623390963249,
    "u_max_v": 8.364877631689447,
    "u_max_w_deg": 176.1424415305954,
    "dyn_w_max_deg": 116.89797342124137,
    "Qx": 0.6873410496584744,
    "Qy": 5.467444317529581,
    "Qpsi": 0.5867860166176039,
    "Qf_x_scale": 1.7689188820390345,
    "Qf_y_scale": 3.3014434128970245,
    "Qf_psi_scale": 3.2415824811751275,
    "Rv": 0.6117249912247185,
    "Rw": 0.3870650785280413,
    "L_ref": 12.74449407876313,
    "v_des": 7.44947891039344,
    "u_blend_v": 0.08033805065436278,
    "obs_w": 3053.0910271190305,
    "extra_margin": 0.035554662261121146
  },
  "best_metrics": {
    "lane_rmse": 0.09292890806474999,
    "psi_rmse": 0.011108997326164084,
    "du_rms": 0.4820513862784784,
    "collision_violation_mean": 0.003199981615686302,
    "mean_solve_ms": 6.487965103586255,
    "min_solve_ms": 5.779981000046064,
    "max_solve_ms": 9.16194700005235,
    "steps": 251
  },
  "tuned_keys": [
    "I",
    "L_ref",
    "M",
    "Qf_psi_scale",
    "Qf_x_scale",
    "Qf_y_scale",
    "Qpsi",
    "Qx",
    "Qy",
    "Rv",
    "Rw",
    "T",
    "dyn_w_max_deg",
    "extra_margin",
    "lam",
    "obs_w",
    "sigma_v",
    "sigma_w_deg",
    "u_blend_v",
    "u_max_v",
    "u_max_w_deg",
    "v_des"
  ],
  "notes": "Plain MPPI car tuning for MPPI_final/mppi.py using the CSV moving-obstacle scenario."
}