epsilon,Run,Seed,RunMinDistance,SafetyViolation,Collision,TotalQRCost,RunMaxComputeTimeMs
0.0,0,1501552845,0.19467997550964355,1.0,1.0,5.931550556560978,8.70135000150185
0.0,1,488200390,0.7929116487503052,0.0,0.0,5.185212264768779,12.762995000230148
0.0,2,1693606510,0.6844224333763123,0.0,0.0,5.590144566260278,18.1737850070931
0.0,3,680233354,0.8016997575759888,0.0,0.0,5.025198095245287,8.817609006655402
0.0,4,438466540,0.19948022067546844,1.0,1.0,6.0718954536132514,9.131623999564908
0.0,5,1712329280,1.0018994808197021,0.0,0.0,5.048920403700322,9.980452989111654
0.0,6,1380152455,0.25679755210876465,1.0,1.0,6.000334456097335,8.470781991491094
0.0,7,1452245846,0.8626503944396973,0.0,0.0,5.024522045860067,11.329796994687058
0.0,8,2122694021,0.13546696305274963,1.0,1.0,6.74213151994627,13.734944994212128
0.0,9,839901363,0.27320191264152527,1.0,1.0,6.490459264954552,9.68802798888646
0.0,10,1802651552,0.31180477142333984,1.0,1.0,6.9471750309458,11.721488001057878
0.0,11,714712467,0.3937799036502838,1.0,1.0,5.6606587616261095,13.286599991261028
0.0,12,1218704077,0.6780741810798645,0.0,0.0,5.749178301775828,18.17248600127641
0.0,13,1284858263,0.15969689190387726,1.0,1.0,6.861964326002635,10.590905993012711
0.0,14,457721135,0.1619768738746643,1.0,1.0,6.046184646198526,8.81435199698899
0.0,15,401008609,0.2916983962059021,1.0,1.0,7.221402316354215,10.11399700655602
0.0,16,492064534,0.24567894637584686,1.0,1.0,7.274701014277525,10.198796997428872
0.0,17,1444732602,0.9759528040885925,0.0,0.0,4.770974938757718,9.840863000135869
0.0,18,1317426686,0.3096484839916229,1.0,1.0,6.804554720642045,9.53502299671527
0.0,19,2022506251,0.42977258563041687,1.0,1.0,5.95898358989507,9.26016698940657
0.0,20,1516459118,0.857742428779602,0.0,0.0,5.133775136666372,8.994015995995142
0.0,21,533103612,0.16012628376483917,1.0,1.0,6.006629619281739,12.57559000805486
0.0,22,1964759878,0.1917923241853714,1.0,1.0,5.7975745112635195,12.167870998382568
0.0,23,2037706756,0.33524656295776367,1.0,1.0,6.483650253387168,13.673661000211723
0.0,24,1572889065,0.2674669325351715,1.0,1.0,7.6059684050269425,10.860649010282941
0.0,25,1432881518,0.8243660926818848,0.0,0.0,5.006158481119201,16.843157005496323
0.0,26,280516901,0.8812914490699768,0.0,0.0,5.073426868999377,12.024875002680346
0.0,27,205939248,0.7081483602523804,0.0,0.0,5.5470425565727055,14.627772005042061
0.0,28,571904914,0.311642050743103,1.0,1.0,6.288307318580337,8.915992002584971
0.0,29,948843457,0.7244998812675476,0.0,0.0,5.256373887415975,9.744922994286753
0.0,30,155492488,0.247648224234581,1.0,1.0,6.068046704633161,19.56757900188677
0.0,31,1903701130,0.8886021375656128,0.0,0.0,5.108400858007371,12.048303004121408
0.0,32,1017961266,1.1434746980667114,0.0,0.0,4.695026031695306,13.430113991489634
0.0,33,1497769985,0.007354992441833019,1.0,1.0,6.4554037428461015,8.47301799512934
0.0,34,456523489,0.7000532746315002,0.0,0.0,5.258146247826517,11.618539996561594
0.0,35,701095136,0.8028143644332886,0.0,0.0,5.064998257206753,13.564000008045696
0.0,36,249069576,0.24053774774074554,1.0,1.0,5.868231372209266,12.714262993540615
0.0,37,1576098728,0.9433399438858032,0.0,0.0,4.993120727362111,11.88588399963919
0.0,38,1662748500,1.0242228507995605,0.0,0.0,4.74693741905503,10.05749600881245
0.0,39,472736216,0.8016334772109985,0.0,0.0,5.310424672439694,7.62574998952914
0.0,40,1535411295,0.21808695793151855,1.0,1.0,5.878915019100532,7.8659879945917055
0.0,41,175223003,0.19602863490581512,1.0,1.0,5.981766928220168,10.469683998962864
0.0,42,840936862,0.8040666580200195,0.0,0.0,5.394208841025829,9.646856997278519
0.0,43,343373188,0.13038533926010132,1.0,1.0,6.351452382397838,9.825476998230442
0.0,44,1597751082,0.21362772583961487,1.0,1.0,5.842825474217534,10.860695998417214
0.0,45,730359585,0.21428340673446655,1.0,1.0,5.830401039216667,9.864221006864682
0.0,46,1016641002,0.7524264454841614,0.0,0.0,5.037083150586113,9.306179999839514
0.0,47,998994690,0.18964703381061554,1.0,1.0,5.847788882441819,18.29777201055549
0.0,48,1021240743,0.17393039166927338,1.0,1.0,6.738692669547163,10.144195999600925
0.0,49,572134801,1.0594514608383179,0.0,0.0,4.82298397179693,10.459694007295184
0.0,50,1198399760,0.21770234405994415,1.0,1.0,6.207876927219331,24.30516500317026
0.0,51,1751866485,0.8282789587974548,0.0,0.0,5.1624103609938174,15.104960009921342
0.0,52,1070889713,0.18661315739154816,1.0,1.0,5.987286933232099,12.592844999744557
0.0,53,415096539,0.18880951404571533,1.0,1.0,5.780129403108731,10.943588000372984
0.0,54,52416235,1.1348929405212402,0.0,0.0,4.7433842092286795,10.575638996670023
0.0,55,278032723,0.9441918134689331,0.0,0.0,4.9627465680241585,8.751485001994297
0.0,56,174946158,0.8903951644897461,0.0,0.0,5.011645279591903,9.846186003414914
0.0,57,196848554,0.1601753979921341,1.0,1.0,6.2386775619816035,9.44045301002916
0.0,58,263030910,0.2561468482017517,1.0,1.0,6.5141526001971215,9.835194010520354
0.0,59,1285415020,0.07444152235984802,1.0,1.0,6.216245137504302,14.8104819963919
0.0,60,1733223444,0.21670664846897125,1.0,1.0,6.052912755170837,11.57308800611645
0.0,61,1835544261,0.1815023571252823,1.0,1.0,6.826882792869583,12.497382995206863
0.0,62,1403186970,0.21892741322517395,1.0,1.0,6.1804564809426665,11.72937999945134
0.0,63,1291971777,0.20676465332508087,1.0,1.0,6.0265034874901175,10.339634987758473
0.0,64,712292067,0.3054894506931305,1.0,1.0,6.349074097000994,8.931039992603473
0.0,65,2001429764,0.1764693707227707,1.0,1.0,6.071685683447868,19.261955996626057
0.0,66,1375664061,0.7332305312156677,0.0,0.0,5.4850913202390075,31.052199003170244
0.0,67,1556456120,0.8079873323440552,0.0,0.0,5.303487440571189,10.514636000152677
0.0,68,1576053187,0.6910191774368286,0.0,0.0,5.526482620509341,9.793088000151329
0.0,69,1848019881,0.8519976735115051,0.0,0.0,5.026889254106209,9.519697996438481
0.0,70,1508652585,0.7379570007324219,0.0,0.0,5.2542607095092535,9.258153004338965
0.0,71,1995737731,0.2527126669883728,1.0,1.0,6.6032548426883295,9.401604998856783
0.0,72,1162788447,0.2577042281627655,1.0,1.0,6.600895210867748,9.261136990971863
0.0,73,1172925522,0.19064731895923615,1.0,1.0,5.8524336544796824,9.73766899551265
0.0,74,539174575,0.8016545176506042,0.0,0.0,5.156387171708047,9.76263299526181
0.0,75,2013637345,0.8394166827201843,0.0,0.0,4.93183498759754,10.12729000649415
0.0,76,1187468716,0.8570218086242676,0.0,0.0,5.089293161174282,8.987820998299867
0.0,77,1062978506,0.6913199424743652,0.0,0.0,5.651337758405134,10.038783002528362
0.0,78,679326770,0.988791286945343,0.0,0.0,4.92265969584696,10.21312600641977
0.0,79,587923432,0.814723551273346,0.0,0.0,5.0445785890333354,10.975103010423481
0.0,80,1359889667,0.8388079404830933,0.0,0.0,5.135954555589706,10.607702992274426
0.0,81,970187386,0.2036387026309967,1.0,1.0,5.762634517624974,10.256880006636493
0.0,82,1219839873,0.7780874371528625,0.0,0.0,5.410814848728478,9.71549199311994
0.0,83,1428160212,0.30207282304763794,1.0,1.0,6.691626645275392,10.777572999359109
0.0,84,1930609499,0.17602229118347168,1.0,1.0,6.593644868931733,13.00233299843967
0.0,85,710582861,0.8140294551849365,0.0,0.0,5.259308769134805,12.180785008240491
0.0,86,1463614337,0.702323853969574,0.0,0.0,5.559691831935197,15.99011399957817
0.0,87,1940152705,0.9911019206047058,0.0,0.0,4.921060551190749,24.314495996804908
0.0,88,985452196,0.40765395760536194,1.0,1.0,6.004242200637236,11.53426300152205
0.0,89,552062587,0.9887101650238037,0.0,0.0,4.736307403771207,9.666250000009313
0.0,90,623566272,0.32444876432418823,1.0,1.0,6.388127504964359,9.44958400214091
0.0,91,729775797,0.29577645659446716,1.0,1.0,6.608536444953643,10.9215060074348
0.0,92,1352536665,0.23357543349266052,1.0,1.0,6.436888720141724,12.748930996167473
0.0,93,555883440,0.2605641782283783,1.0,1.0,5.884802407817915,10.237372000119649
0.0,94,1801800003,0.7577829360961914,0.0,0.0,5.369464740157127,16.153067001141608
0.0,95,763315502,0.7235447764396667,0.0,0.0,5.474339078413323,13.891378999687731
0.0,96,138897982,0.8233890533447266,0.0,0.0,5.230666854418814,9.156786007224582
0.0,97,10785379,0.16206292808055878,1.0,1.0,6.054885957622901,9.838432000833564
0.0,98,53923185,0.781014084815979,0.0,0.0,5.4691331833601,17.534040001919493
0.0,99,1349917978,0.8434522747993469,0.0,0.0,5.029721930390224,11.13139299559407
0.001,0,1501552845,0.7532777786254883,0.0,0.0,5.329904281068593,21.265744988340884
0.001,1,488200390,0.8571161031723022,0.0,0.0,5.073435544734821,12.528201987151988
0.001,2,1693606510,0.7495548725128174,0.0,0.0,5.387397860875353,15.918356002657674
0.001,3,680233354,0.8136903047561646,0.0,0.0,5.101568661862984,16.122860994073562
0.001,4,438466540,0.250537246465683,1.0,1.0,6.268772728275508,14.20986300217919
0.001,5,1712329280,1.0508953332901,0.0,0.0,4.9670281005091965,13.456831002258696
0.001,6,1380152455,0.2426607459783554,1.0,1.0,5.778901567449793,9.857249009655789
0.001,7,1452245846,0.9419160485267639,0.0,0.0,4.9047346918378025,9.503194989520125
0.001,8,2122694021,0.08909258991479874,1.0,1.0,6.553578947088681,9.578756988048553
0.001,9,839901363,0.2032337784767151,1.0,1.0,6.807841154746711,9.610299006453715
0.001,10,1802651552,0.1892441064119339,1.0,1.0,5.873839914100245,10.15854200522881
0.001,11,714712467,0.7641774415969849,0.0,0.0,5.038957670796663,9.359308998682536
0.001,12,1218704077,0.7079514265060425,0.0,0.0,5.450380744179711,10.467085012351163
0.001,13,1284858263,0.1650768220424652,1.0,1.0,5.937616953859106,9.177817002637312
0.001,14,457721135,0.19980087876319885,1.0,1.0,5.923244629288092,12.276784007553943
0.001,15,401008609,0.7668581604957581,0.0,0.0,5.412506180815399,10.201487995800562
0.001,16,492064534,0.2311994731426239,1.0,1.0,7.396833031321876,10.674280987586826
0.001,17,1444732602,1.048029899597168,0.0,0.0,4.784667667932808,10.385045010480098
0.001,18,1317426686,0.2214617282152176,1.0,1.0,6.209462543949485,9.915678994730115
0.001,19,2022506251,0.7593408823013306,0.0,0.0,5.203231281833723,10.325593000743538
0.001,20,1516459118,0.8770545721054077,0.0,0.0,4.886812479700893,10.184320010012016
0.001,21,533103612,0.20932866632938385,1.0,1.0,5.811596212908626,10.033172002295032
0.001,22,1964759878,0.7645125389099121,0.0,0.0,5.224695410579443,9.11482899391558
0.001,23,2037706756,0.20103102922439575,1.0,1.0,5.857765573076904,9.21846998971887
0.001,24,1572889065,0.21152444183826447,1.0,1.0,6.076152215944603,10.11641399236396
0.001,25,1432881518,0.8413504958152771,0.0,0.0,5.0349055654369295,10.531177002121694
0.001,26,280516901,0.8382787108421326,0.0,0.0,5.154165193671361,16.746418987168
0.001,27,205939248,0.7472907900810242,0.0,0.0,5.166682597016916,10.34861100197304
0.001,28,571904914,0.17028678953647614,1.0,1.0,6.262171115493402,11.930496999411844
0.001,29,948843457,0.8520792126655579,0.0,0.0,5.150668290210888,14.868868995108642
0.001,30,155492488,0.27671223878860474,1.0,1.0,5.89361396827735,9.695032000308856
0.001,31,1903701130,0.9060853719711304,0.0,0.0,4.968675241572782,10.186058992985636
0.001,32,1017961266,1.2364637851715088,0.0,0.0,4.8226436644326895,16.914193998673
0.001,33,1497769985,0.2071267068386078,1.0,1.0,6.081309977220371,13.534208002965897
0.001,34,456523489,0.8059160113334656,0.0,0.0,5.040059758583084,16.620976995909587
0.001,35,701095136,0.8989928960800171,0.0,0.0,5.026054997928441,17.082282996852882
0.001,36,249069576,0.7555603981018066,0.0,0.0,5.241365149151534,16.545442005735822
0.001,37,1576098728,1.004827857017517,0.0,0.0,4.914144330425188,10.604085997329094
0.001,38,1662748500,1.1308704614639282,0.0,0.0,4.850241223582998,9.683505995781161
0.001,39,472736216,0.8754252791404724,0.0,0.0,5.194417550461367,9.282430008170195
0.001,40,1535411295,0.20300762355327606,1.0,1.0,5.949456522008404,10.314247003407218
0.001,41,175223003,0.19810962677001953,1.0,1.0,5.8460089394357055,15.969026993843727
0.001,42,840936862,0.8425054550170898,0.0,0.0,4.967155168065801,14.41108700237237
0.001,43,343373188,0.41546905040740967,1.0,1.0,6.927392818965018,13.190113997552544
0.001,44,1597751082,0.7679626941680908,0.0,0.0,5.195691163651645,9.022326004924253
0.001,45,730359585,0.17975077033042908,1.0,1.0,6.005098014837131,13.417195004876703
0.001,46,1016641002,0.8730917572975159,0.0,0.0,5.127974609378725,12.019482994219288
0.001,47,998994690,0.7551450133323669,0.0,0.0,5.08902124944143,10.366254995460622
0.001,48,1021240743,0.28695404529571533,1.0,1.0,6.027768429601565,11.2501039984636
0.001,49,572134801,1.1005191802978516,0.0,0.0,4.744410787709057,9.514340010355227
0.001,50,1198399760,0.14560332894325256,1.0,1.0,5.97254501725547,8.859620997100137
0.001,51,1751866485,0.9101458787918091,0.0,0.0,4.936046129791066,13.30730399058666
0.001,52,1070889713,0.7721088528633118,0.0,0.0,5.308475244324654,24.128342993208207
0.001,53,415096539,0.21415090560913086,1.0,1.0,5.944041207432747,10.744915009126998
0.001,54,52416235,1.276005506515503,0.0,0.0,4.672666943632066,12.991584997507744
0.001,55,278032723,0.9445896744728088,0.0,0.0,4.999561979668215,13.563535991124809
0.001,56,174946158,0.9084498882293701,0.0,0.0,4.922950781648979,18.007093996857293
0.001,57,196848554,0.7081124782562256,0.0,0.0,5.477827158756554,10.787306004203856
0.001,58,263030910,0.09223193675279617,1.0,1.0,6.165091514354572,11.932897003134713
0.001,59,1285415020,0.19365742802619934,1.0,1.0,5.92415803973563,13.324414991075173
0.001,60,1733223444,0.262071818113327,1.0,1.0,5.86978033487685,11.042376994737424
0.001,61,1835544261,0.6783010959625244,0.0,0.0,5.8360357182100415,18.6561109876493
0.001,62,1403186970,0.17612037062644958,1.0,1.0,5.930721985641867,11.51804999972228
0.001,63,1291971777,0.23201587796211243,1.0,1.0,6.012276490917429,13.379429990891367
0.001,64,712292067,0.07074765115976334,1.0,1.0,6.456467299489304,11.512020995724015
0.001,65,2001429764,0.217362642288208,1.0,1.0,6.125226658303291,10.957744001643732
0.001,66,1375664061,0.7835603356361389,0.0,0.0,5.324973316630349,16.084133996628225
0.001,67,1556456120,0.7469915747642517,0.0,0.0,5.485737332841381,12.27116999507416
0.001,68,1576053187,0.37029117345809937,1.0,1.0,5.869989389553666,11.344031998305582
0.001,69,1848019881,0.9118590950965881,0.0,0.0,4.891892803367227,9.045894010341726
0.001,70,1508652585,0.8960567712783813,0.0,0.0,4.91074970876798,7.838809993700124
0.001,71,1995737731,0.15291650593280792,1.0,1.0,6.406934130820446,8.9742239943007
0.001,72,1162788447,0.2764614224433899,1.0,1.0,6.199593611177988,8.91464100277517
0.001,73,1172925522,0.19053225219249725,1.0,1.0,5.988119232235476,9.30121100100223
0.001,74,539174575,0.836351752281189,0.0,0.0,5.164626697311178,13.051172005361877
0.001,75,2013637345,0.9248814582824707,0.0,0.0,4.89256293955259,13.566980996984057
0.001,76,1187468716,0.9039214849472046,0.0,0.0,4.965373944956809,12.689554991084151
0.001,77,1062978506,0.8221336007118225,0.0,0.0,5.111556821735576,11.959329989622347
0.001,78,679326770,0.9418392777442932,0.0,0.0,5.03453554213047,12.738535995595157
0.001,79,587923432,0.9088795185089111,0.0,0.0,5.0352211783174425,11.020995007129386
0.001,80,1359889667,0.9397203326225281,0.0,0.0,4.983427636092529,12.035400010063313
0.001,81,970187386,0.7660514116287231,0.0,0.0,5.415401280624792,15.6558119924739
0.001,82,1219839873,0.8169246315956116,0.0,0.0,5.211457727011293,11.015794996637851
0.001,83,1428160212,0.20303784310817719,1.0,1.0,5.934296559076756,13.185800009523518
0.001,84,1930609499,0.19286620616912842,1.0,1.0,6.036941037978977,14.352599988342263
0.001,85,710582861,0.7920865416526794,0.0,0.0,5.213185575557873,12.371239994536154
0.001,86,1463614337,0.7592321038246155,0.0,0.0,5.126878837123513,9.88664299075026
0.001,87,1940152705,1.0164767503738403,0.0,0.0,4.859137964434922,10.623123002005741
0.001,88,985452196,0.42897990345954895,1.0,1.0,6.029321106849238,12.073956997483037
0.001,89,552062587,0.9493377804756165,0.0,0.0,4.82641122629866,9.602710997569375
0.001,90,623566272,0.31841912865638733,1.0,1.0,6.571803390514106,7.935563990031369
0.001,91,729775797,0.434339314699173,1.0,1.0,5.872141970787197,10.391017000074498
0.001,92,1352536665,0.06480841338634491,1.0,1.0,6.601503936457448,9.418604997335933
0.001,93,555883440,0.2917707860469818,1.0,1.0,5.959454911528155,11.962464996031485
0.001,94,1801800003,0.5632116794586182,0.0,0.0,5.434923149412498,8.981395003502257
0.001,95,763315502,0.8302534818649292,0.0,0.0,5.146645326865837,7.778048006002791
0.001,96,138897982,0.8611559867858887,0.0,0.0,5.154807282146066,9.153502993285656
0.001,97,10785379,0.187003955245018,1.0,1.0,6.153783021727577,8.93650299985893
0.001,98,53923185,0.8405792713165283,0.0,0.0,5.137812800006941,13.594581992947496
0.001,99,1349917978,0.8170211315155029,0.0,0.0,5.126740222563967,11.885759988217615
0.002,0,1501552845,0.8266067504882812,0.0,0.0,5.17649027146399,15.949266002280638
0.002,1,488200390,0.8669800162315369,0.0,0.0,5.135178986703977,11.570569011382759
0.002,2,1693606510,0.7995852828025818,0.0,0.0,5.388737176777795,11.680190000333823
0.002,3,680233354,0.8340634703636169,0.0,0.0,5.191563253058121,10.649564996128902
0.002,4,438466540,0.7800747752189636,0.0,0.0,5.3330847846809775,12.390643008984625
0.002,5,1712329280,1.0349531173706055,0.0,0.0,4.769218987086788,13.309674002812244
0.002,6,1380152455,0.24487929046154022,1.0,1.0,6.089059744030237,9.351954999146983
0.002,7,1452245846,0.8991506099700928,0.0,0.0,4.895363787421957,12.29645501007326
0.002,8,2122694021,0.29065510630607605,1.0,1.0,6.716914312331937,14.342112001031637
0.002,9,839901363,0.20155976712703705,1.0,1.0,6.258063458837569,11.214102007215843
0.002,10,1802651552,0.20294204354286194,1.0,1.0,5.937643253710121,15.963408994139172
0.002,11,714712467,0.7122241854667664,0.0,0.0,5.249680986162275,10.979629005305469
0.002,12,1218704077,0.7505267858505249,0.0,0.0,5.300522070610896,11.182936999830417
0.002,13,1284858263,0.22229887545108795,1.0,1.0,6.734877099050209,11.089034000178799
0.002,14,457721135,0.2031761109828949,1.0,1.0,6.072685014922172,10.296056003426202
0.002,15,401008609,0.7762201428413391,0.0,0.0,5.393729918403551,9.1450559993973
0.002,16,492064534,0.16634869575500488,1.0,1.0,5.799817663850263,9.12982999579981
0.002,17,1444732602,1.0968128442764282,0.0,0.0,4.789729150710627,8.627066999906674
0.002,18,1317426686,0.7297032475471497,0.0,0.0,5.1316068498417735,9.588660002918914
0.002,19,2022506251,0.7901855111122131,0.0,0.0,5.095771232852712,8.234545006416738
0.002,20,1516459118,0.8501983880996704,0.0,0.0,5.048451957525685,12.364266003714874
0.002,21,533103612,0.20723280310630798,1.0,1.0,5.904290093574673,9.197712992317975
0.002,22,1964759878,0.8236920833587646,0.0,0.0,5.073970682453364,11.27260499924887
0.002,23,2037706756,0.19074901938438416,1.0,1.0,5.860783342272043,12.191468995297328
0.002,24,1572889065,0.35557758808135986,1.0,1.0,5.8811330436728895,9.910806998959742
0.002,25,1432881518,0.863094687461853,0.0,0.0,4.996607415843755,9.268765992601402
0.002,26,280516901,0.9131059050559998,0.0,0.0,5.078074457356706,8.689121998031624
0.002,27,205939248,0.8136193752288818,0.0,0.0,5.132029507309198,9.052314999280497
0.002,28,571904914,0.030858052894473076,1.0,1.0,6.368149992078543,17.672842994215898
0.002,29,948843457,0.8947032690048218,0.0,0.0,5.11113962973468,9.066037004231475
0.002,30,155492488,0.695914089679718,0.0,0.0,5.509823590517044,9.366993006551638
0.002,31,1903701130,1.0605520009994507,0.0,0.0,4.931374555919319,13.819165993481874
0.002,32,1017961266,1.2632700204849243,0.0,0.0,4.614991332637146,12.189466011477634
0.002,33,1497769985,0.207875058054924,1.0,1.0,6.105249528540298,14.819654010352679
0.002,34,456523489,0.809411883354187,0.0,0.0,5.013677027309313,12.101239000912756
0.002,35,701095136,0.8994470238685608,0.0,0.0,4.914097631815821,14.425457993638702
0.002,36,249069576,0.7740798592567444,0.0,0.0,5.02320794085972,11.794883001130074
0.002,37,1576098728,1.0463197231292725,0.0,0.0,4.98618548642844,11.361002994817682
0.002,38,1662748500,1.2364599704742432,0.0,0.0,4.719635648885742,9.314584007370286
0.002,39,472736216,0.839102566242218,0.0,0.0,5.24119119765237,11.413814005209133
0.002,40,1535411295,0.33037108182907104,1.0,1.0,6.078774644527584,8.126137996441685
0.002,41,175223003,0.17780858278274536,1.0,1.0,6.069233193993568,8.69070299086161
0.002,42,840936862,0.9451306462287903,0.0,0.0,5.012585906079039,9.181171000818722
0.002,43,343373188,0.24500687420368195,1.0,1.0,6.04774226504378,10.140832004253753
0.002,44,1597751082,0.8958255052566528,0.0,0.0,5.206646512495354,10.441908001666889
0.002,45,730359585,0.7578901648521423,0.0,0.0,5.243515249108896,10.06408000830561
0.002,46,1016641002,0.9939507246017456,0.0,0.0,4.914572372101247,10.67373200203292
0.002,47,998994690,0.8022856712341309,0.0,0.0,5.210325950058177,11.18328599841334
0.002,48,1021240743,0.6696235537528992,0.0,0.0,5.547402252908796,11.385498000890948
0.002,49,572134801,1.2367494106292725,0.0,0.0,4.798092044889927,9.80340299429372
0.002,50,1198399760,0.7740775942802429,0.0,0.0,5.4908016116824,8.942507003666833
0.002,51,1751866485,0.9484898447990417,0.0,0.0,4.9538743023294955,8.974947006208822
0.002,52,1070889713,0.19100548326969147,1.0,1.0,5.95334099070169,8.350232004886493
0.002,53,415096539,0.2081921100616455,1.0,1.0,6.008256293134764,8.876968990080059
0.002,54,52416235,1.2966336011886597,0.0,0.0,4.672834536759183,10.083166998811066
0.002,55,278032723,0.9828441739082336,0.0,0.0,4.859247695654631,11.272930991253816
0.002,56,174946158,0.9889925122261047,0.0,0.0,4.883667491143569,9.17658201069571
0.002,57,196848554,0.7560997605323792,0.0,0.0,5.304965419694781,9.136851003859192
0.002,58,263030910,0.35306990146636963,1.0,1.0,6.753357547684573,7.90641299681738
0.002,59,1285415020,0.20235270261764526,1.0,1.0,5.908583299489692,20.052392996149138
0.002,60,1733223444,0.5120461583137512,0.0,0.0,5.973390353610739,8.707713001058437
0.002,61,1835544261,0.7437940239906311,0.0,0.0,5.322666534921154,9.685222990810871
0.002,62,1403186970,0.19192185997962952,1.0,1.0,5.878729387419298,9.01402700401377
0.002,63,1291971777,0.20368753373622894,1.0,1.0,5.916332969209179,10.4917540011229
0.002,64,712292067,0.3210277259349823,1.0,1.0,6.010284362360835,14.997373000369407
0.002,65,2001429764,0.7596920132637024,0.0,0.0,5.332426488399506,13.9156460063532
0.002,66,1375664061,0.502155601978302,0.0,0.0,6.003996132640168,13.654911002959125
0.002,67,1556456120,0.8354077935218811,0.0,0.0,5.234304535901174,10.904043010668829
0.002,68,1576053187,0.8217042088508606,0.0,0.0,5.032532169483602,15.322147999540903
0.002,69,1848019881,0.9609588980674744,0.0,0.0,4.928705881815404,9.203913010424003
0.002,70,1508652585,1.100253701210022,0.0,0.0,4.7170558522921056,10.64579100057017
0.002,71,1995737731,0.27571576833724976,1.0,1.0,6.025636910228059,15.331394009990618
0.002,72,1162788447,0.2580113410949707,1.0,1.0,6.000525533920154,17.93952999287285
0.002,73,1172925522,0.7708695530891418,0.0,0.0,5.094868722138926,10.680571998818778
0.002,74,539174575,0.8718429803848267,0.0,0.0,4.995191443013027,12.70896200730931
0.002,75,2013637345,0.9533715844154358,0.0,0.0,4.96859564865008,11.640285010798834
0.002,76,1187468716,0.9708715677261353,0.0,0.0,4.965140505228192,18.67884400417097
0.002,77,1062978506,0.8933548331260681,0.0,0.0,5.03957003261894,20.949656012817286
0.002,78,679326770,0.9263761043548584,0.0,0.0,5.027833066182211,16.414308003732003
0.002,79,587923432,0.9040336608886719,0.0,0.0,5.1643315309192985,11.399013004847802
0.002,80,1359889667,0.9352465867996216,0.0,0.0,4.985427752370015,17.68256699142512
0.002,81,970187386,0.7831894755363464,0.0,0.0,5.486695464933291,16.773127994383685
0.002,82,1219839873,0.8574569225311279,0.0,0.0,5.182774133281782,20.519065990811214
0.002,83,1428160212,0.1871728003025055,1.0,1.0,5.997306413017213,26.62958699511364
0.002,84,1930609499,0.6948827505111694,0.0,0.0,5.329794024117291,17.018800994264893
0.002,85,710582861,0.8146612048149109,0.0,0.0,5.34100183728151,26.601666992064565
0.002,86,1463614337,0.7770181894302368,0.0,0.0,5.3552196701057255,9.47257199732121
0.002,87,1940152705,1.1097241640090942,0.0,0.0,4.812745196046308,10.69696199556347
0.002,88,985452196,0.7430935502052307,0.0,0.0,5.173902589827776,12.485560990171507
0.002,89,552062587,1.005260944366455,0.0,0.0,4.827646798687056,12.233050001668744
0.002,90,623566272,0.15818022191524506,1.0,1.0,6.311930540017784,16.652201986289583
0.002,91,729775797,0.7216333746910095,0.0,0.0,5.583452783990651,11.121139992610551
0.002,92,1352536665,0.7021296620368958,0.0,0.0,5.836797303752974,14.321125010610558
0.002,93,555883440,0.25481128692626953,1.0,1.0,5.8559713589493185,14.617401000577956
0.002,94,1801800003,0.8565732836723328,0.0,0.0,4.957041773945093,13.850492003257386
0.002,95,763315502,0.994191586971283,0.0,0.0,5.083896490745246,11.681112999212928
0.002,96,138897982,0.8406085968017578,0.0,0.0,5.056297796778381,9.775801008800045
0.002,97,10785379,0.6940798163414001,0.0,0.0,5.66731228120625,10.38136200804729
0.002,98,53923185,0.8932206034660339,0.0,0.0,5.1813057996332645,13.304977008374408
0.002,99,1349917978,0.8530741333961487,0.0,0.0,5.265814199810848,12.146822002250701
0.003,0,1501552845,0.8452805280685425,0.0,0.0,5.136318520177156,10.997183999279514
0.003,1,488200390,0.8573365211486816,0.0,0.0,5.075947290752083,13.272771000629291
0.003,2,1693606510,0.8213767409324646,0.0,0.0,5.153068572282791,11.801336993812583
0.003,3,680233354,0.8614926934242249,0.0,0.0,5.080630962969735,10.815069996169768
0.003,4,438466540,0.8822707533836365,0.0,0.0,5.066852611722425,12.057009997079149
0.003,5,1712329280,1.1260294914245605,0.0,0.0,5.036650919355452,12.892965009086765
0.003,6,1380152455,0.7261084318161011,0.0,0.0,5.572074369061738,10.696596989873797
0.003,7,1452245846,0.9553096890449524,0.0,0.0,4.926048507913947,11.63119099510368
0.003,8,2122694021,0.1914069652557373,1.0,1.0,6.274027112638578,10.876271000597626
0.003,9,839901363,0.1587066352367401,1.0,1.0,6.089076119242236,11.766473995521665
0.003,10,1802651552,0.7407570481300354,0.0,0.0,5.4579169899225235,14.467034008703195
0.003,11,714712467,0.7714167237281799,0.0,0.0,5.133073859848082,19.557261999580078
0.003,12,1218704077,0.8072189688682556,0.0,0.0,5.164646073477343,12.021290996926837
0.003,13,1284858263,0.18758510053157806,1.0,1.0,6.494368112063967,10.688095004297793
0.003,14,457721135,0.4684235751628876,1.0,1.0,5.994632247602567,10.403307998785749
0.003,15,401008609,0.8297944664955139,0.0,0.0,5.301394563401118,9.47027700021863
0.003,16,492064534,0.34179380536079407,1.0,1.0,5.907713155495003,10.046404000604525
0.003,17,1444732602,1.148228406906128,0.0,0.0,4.881978770252317,11.333178990753368
0.003,18,1317426686,0.7906290888786316,0.0,0.0,5.138561796396971,11.750415011192672
0.003,19,2022506251,0.7014050483703613,0.0,0.0,5.505804425338283,14.724469991051592
0.003,20,1516459118,0.8477873206138611,0.0,0.0,4.92736637708731,12.658313004067168
0.003,21,533103612,0.14188307523727417,1.0,1.0,6.043429419631138,13.107738996041007
0.003,22,1964759878,0.8498091101646423,0.0,0.0,5.158941152272746,12.152574010542594
0.003,23,2037706756,0.19065409898757935,1.0,1.0,5.746297680772841,12.120141997002065
0.003,24,1572889065,0.3170785903930664,1.0,1.0,5.789012810681015,12.050227000145242
0.003,25,1432881518,0.8676611185073853,0.0,0.0,4.9575175361242145,12.425743989297189
0.003,26,280516901,0.8495423793792725,0.0,0.0,5.043224038789049,19.07179699628614
0.003,27,205939248,0.7412493228912354,0.0,0.0,5.257230035029352,11.203696005395614
0.003,28,571904914,0.7275162935256958,0.0,0.0,5.955202215816826,9.753207996254787
0.003,29,948843457,0.9247315526008606,0.0,0.0,4.987397881923243,10.319458990124986
0.003,30,155492488,0.7403524518013,0.0,0.0,5.11277534510009,10.767321000457741
0.003,31,1903701130,1.1734458208084106,0.0,0.0,4.8649541162885725,11.437772991484962
0.003,32,1017961266,1.2628225088119507,0.0,0.0,4.698501460719854,16.434504999779165
0.003,33,1497769985,0.2723999619483948,1.0,1.0,5.9647264291998,14.698914994369261
0.003,34,456523489,0.8710045218467712,0.0,0.0,5.07791312970221,17.463337004301138
0.003,35,701095136,1.0074423551559448,0.0,0.0,4.835609150119126,10.794908987008967
0.003,36,249069576,0.7761348485946655,0.0,0.0,5.185006998246536,13.192874001106247
0.003,37,1576098728,1.060218334197998,0.0,0.0,4.9227384210098535,11.786414994276129
0.003,38,1662748500,1.2046114206314087,0.0,0.0,4.810964827425778,21.842545000254177
0.003,39,472736216,0.8783698081970215,0.0,0.0,5.118559714406729,11.289579008007422
0.003,40,1535411295,0.7172255516052246,0.0,0.0,5.237054952885956,14.253132991143502
0.003,41,175223003,0.7534538507461548,0.0,0.0,5.247709944844246,18.81083300395403
0.003,42,840936862,0.9453771114349365,0.0,0.0,4.850051297573373,17.113858993980102
0.003,43,343373188,0.7704124450683594,0.0,0.0,5.051781572168693,14.273153996327892
0.003,44,1597751082,0.8084360957145691,0.0,0.0,5.27345329336822,11.587127009988762
0.003,45,730359585,0.9393267035484314,0.0,0.0,5.045244419714436,14.78606800083071
0.003,46,1016641002,0.9906637668609619,0.0,0.0,4.822047803783789,15.83022199338302
0.003,47,998994690,0.7781819105148315,0.0,0.0,5.198660126887262,11.925626007723622
0.003,48,1021240743,0.7585196495056152,0.0,0.0,5.3246571340132505,17.133086992544122
0.003,49,572134801,1.2922074794769287,0.0,0.0,4.687591023975983,11.63446500140708
0.003,50,1198399760,0.2855604290962219,1.0,1.0,6.146877904655412,19.719832998816855
0.003,51,1751866485,0.9487228393554688,0.0,0.0,5.028304968262091,17.496952001238242
0.003,52,1070889713,0.027150453999638557,1.0,1.0,6.298525358201005,13.612310009193607
0.003,53,415096539,0.16523326933383942,1.0,1.0,6.05845485907048,17.253796992008574
0.003,54,52416235,1.3262990713119507,0.0,0.0,4.63687737332657,15.35477300058119
0.003,55,278032723,1.0458446741104126,0.0,0.0,4.833666514838114,17.379557000822388
0.003,56,174946158,1.0245749950408936,0.0,0.0,4.85635168873705,14.547215003403835
0.003,57,196848554,0.9277534484863281,0.0,0.0,5.030037304619327,12.586179000209086
0.003,58,263030910,0.20487511157989502,1.0,1.0,5.753282945835963,11.704842996550724
0.003,59,1285415020,0.31158289313316345,1.0,1.0,5.957744227722287,13.421170006040484
0.003,60,1733223444,0.7664801478385925,0.0,0.0,5.265959258424118,16.780867998022586
0.003,61,1835544261,0.41036078333854675,1.0,1.0,6.294338397216052,15.913456009002402
0.003,62,1403186970,0.18736226856708527,1.0,1.0,5.81973670120351,22.869770997203887
0.003,63,1291971777,0.17605140805244446,1.0,1.0,6.323445420479402,15.528839998296462
0.003,64,712292067,0.718885064125061,0.0,0.0,5.657371398527175,17.25094400171656
0.003,65,2001429764,0.8112773895263672,0.0,0.0,5.223173872334883,11.770876997616142
0.003,66,1375664061,0.7858848571777344,0.0,0.0,5.202822043327615,12.378034996800125
0.003,67,1556456120,0.86643385887146,0.0,0.0,5.433126286836341,12.994149001315236
0.003,68,1576053187,0.8248372077941895,0.0,0.0,5.1039348531048745,12.476332994992845
0.003,69,1848019881,1.0879689455032349,0.0,0.0,4.810833293246105,15.880855993600562
0.003,70,1508652585,1.2494080066680908,0.0,0.0,4.647521876031533,13.901294994866475
0.003,71,1995737731,0.19818292558193207,1.0,1.0,5.960896454984322,12.748206005198881
0.003,72,1162788447,0.7348353862762451,0.0,0.0,5.4530053494963795,15.412060005473904
0.003,73,1172925522,0.8526865839958191,0.0,0.0,4.878475324250758,12.904674993478693
0.003,74,539174575,0.9410374760627747,0.0,0.0,4.877093681599945,13.52919900091365
0.003,75,2013637345,0.996676504611969,0.0,0.0,4.913376975804567,14.708342001540586
0.003,76,1187468716,1.012753963470459,0.0,0.0,4.9305121367797256,12.741469996399246
0.003,77,1062978506,0.9504275918006897,0.0,0.0,4.980900320690125,12.832804000936449
0.003,78,679326770,0.981526792049408,0.0,0.0,4.95466394838877,9.986122997361235
0.003,79,587923432,0.9454534649848938,0.0,0.0,5.171936005819589,11.300393991405144
0.003,80,1359889667,1.000838041305542,0.0,0.0,4.872121271677315,16.968255993560888
0.003,81,970187386,0.8642187714576721,0.0,0.0,5.067940407898277,13.934420989244245
0.003,82,1219839873,0.905744731426239,0.0,0.0,5.117239708313718,13.564068998675793
0.003,83,1428160212,0.7730971574783325,0.0,0.0,5.311965009430423,33.6611590028042
0.003,84,1930609499,0.7739036083221436,0.0,0.0,5.150832400191575,15.445559998624958
0.003,85,710582861,0.8736202716827393,0.0,0.0,5.100271955365315,19.98128699779045
0.003,86,1463614337,0.850166916847229,0.0,0.0,5.206937749637291,10.29376698716078
0.003,87,1940152705,1.14040207862854,0.0,0.0,4.769073659088463,10.499725001864135
0.003,88,985452196,0.8075733184814453,0.0,0.0,5.115982379997149,13.86467799602542
0.003,89,552062587,0.9802073240280151,0.0,0.0,4.8909761919640005,9.479697997448966
0.003,90,623566272,0.2200503796339035,1.0,1.0,6.161469768267125,12.932274999911897
0.003,91,729775797,0.6956536769866943,0.0,0.0,5.521724542602897,9.541538005578332
0.003,92,1352536665,0.7277835011482239,0.0,0.0,5.738816782599315,9.559291996993124
0.003,93,555883440,0.2300916165113449,1.0,1.0,6.056859374977648,10.538257993175648
0.003,94,1801800003,0.8497728109359741,0.0,0.0,5.2167609464377165,9.597297990694642
0.003,95,763315502,0.9324721693992615,0.0,0.0,4.999002396361902,10.60804899316281
0.003,96,138897982,0.9213299751281738,0.0,0.0,4.947626103647053,11.400866002077237
0.003,97,10785379,0.6893844604492188,0.0,0.0,5.779157002456486,15.515845996560529
0.003,98,53923185,0.8840648531913757,0.0,0.0,5.042082534637302,22.615623005549423
0.003,99,1349917978,0.928571879863739,0.0,0.0,5.027593741426244,9.152203012490645
0.004,0,1501552845,0.9040752053260803,0.0,0.0,5.0527724120765924,13.428271995508112
0.004,1,488200390,1.0588659048080444,0.0,0.0,4.921535555971786,13.313307994394563
0.004,2,1693606510,0.8460108637809753,0.0,0.0,5.348624355858192,12.103708999347873
0.004,3,680233354,0.8567641377449036,0.0,0.0,5.128787349676713,13.509360011084937
0.004,4,438466540,0.8831567764282227,0.0,0.0,5.103081875713542,10.886143005336635
0.004,5,1712329280,1.108153223991394,0.0,0.0,4.743772306479514,23.648724003578536
0.004,6,1380152455,0.39031782746315,1.0,1.0,5.612458415096626,10.827178994077258
0.004,7,1452245846,0.9786654114723206,0.0,0.0,4.916799460537732,13.271952004288323
0.004,8,2122694021,0.24211592972278595,1.0,1.0,6.022432938218117,11.522642002091743
0.004,9,839901363,0.7856914401054382,0.0,0.0,5.214235075749457,12.300312009756453
0.004,10,1802651552,0.8340346813201904,0.0,0.0,5.158352108439431,10.60951899853535
0.004,11,714712467,0.7886341214179993,0.0,0.0,5.010227760532871,10.687706992030144
0.004,12,1218704077,0.8472299575805664,0.0,0.0,5.207576180342585,16.279983014101163
0.004,13,1284858263,0.2799554467201233,1.0,1.0,6.6051754099316895,11.467115007690154
0.004,14,457721135,0.8088332414627075,0.0,0.0,5.164705574978143,9.541154999169521
0.004,15,401008609,0.8293668031692505,0.0,0.0,5.252842320362106,9.95607599907089
0.004,16,492064534,0.829208254814148,0.0,0.0,5.20485924789682,12.637452993658371
0.004,17,1444732602,1.210661768913269,0.0,0.0,4.890699408715591,8.989833004307002
0.004,18,1317426686,0.6961030960083008,0.0,0.0,5.661862716311589,9.406336001120508
0.004,19,2022506251,0.8045239448547363,0.0,0.0,5.121080095879734,28.524591005407274
0.004,20,1516459118,0.9548419713973999,0.0,0.0,5.0768321910873055,11.119766990304925
0.004,21,533103612,0.19569888710975647,1.0,1.0,5.889569561230019,11.43140900239814
0.004,22,1964759878,0.9048325419425964,0.0,0.0,5.077565910993144,17.73816799686756
0.004,23,2037706756,0.16204896569252014,1.0,1.0,5.89918207237497,11.664200006634928
0.004,24,1572889065,0.33953747153282166,1.0,1.0,5.615247561596334,10.187815001700073
0.004,25,1432881518,0.9191130995750427,0.0,0.0,4.939672865206376,9.575531003065407
0.004,26,280516901,0.923373818397522,0.0,0.0,5.040633873548359,14.738252008100972
0.004,27,205939248,0.2941861152648926,1.0,1.0,5.92049446539022,13.551313997595571
0.004,28,571904914,0.7653147578239441,0.0,0.0,5.247153798816726,14.290029997937381
0.004,29,948843457,0.9430034756660461,0.0,0.0,4.939116476336494,18.391885998426005
0.004,30,155492488,0.7558059692382812,0.0,0.0,5.307165525620803,10.688793001463637
0.004,31,1903701130,1.067552089691162,0.0,0.0,4.8751537022180855,19.02293399325572
0.004,32,1017961266,1.276642084121704,0.0,0.0,4.676524587441236,24.28840300126467
0.004,33,1497769985,0.8151301741600037,0.0,0.0,5.235205517150462,9.393953994731419
0.004,34,456523489,0.9609984755516052,0.0,0.0,5.123696289490908,23.463724995963275
0.004,35,701095136,0.9604878425598145,0.0,0.0,4.8475316278636456,11.130145998322405
0.004,36,249069576,0.7821260094642639,0.0,0.0,5.322774198139086,13.794529004371725
0.004,37,1576098728,1.1968636512756348,0.0,0.0,4.885992890689522,12.515624999650754
0.004,38,1662748500,1.2195559740066528,0.0,0.0,4.87465724023059,10.632634002831765
0.004,39,472736216,0.9809110760688782,0.0,0.0,4.896749606123194,11.111824002000503
0.004,40,1535411295,0.7949418425559998,0.0,0.0,5.209455968346447,25.382731007994153
0.004,41,175223003,0.8178325891494751,0.0,0.0,5.063098547514528,9.407989011378959
0.004,42,840936862,0.9961672425270081,0.0,0.0,4.949470887426287,11.699794995365664
0.004,43,343373188,0.7931908369064331,0.0,0.0,5.130588258150965,15.801924993866123
0.004,44,1597751082,0.9605352878570557,0.0,0.0,5.218110996764153,14.049164994503371
0.004,45,730359585,0.8978701233863831,0.0,0.0,5.052603244083002,12.52420200034976
0.004,46,1016641002,0.9641425013542175,0.0,0.0,4.742298814933747,16.307010999298654
0.004,47,998994690,0.8197726011276245,0.0,0.0,5.050354559207335,12.752540991641581
0.004,48,1021240743,0.6825589537620544,0.0,0.0,5.361063074553385,24.60700999654364
0.004,49,572134801,1.3454114198684692,0.0,0.0,4.638820660766214,24.667808989761397
0.004,50,1198399760,0.8311019539833069,0.0,0.0,5.19860745803453,18.106097006238997
0.004,51,1751866485,1.0611196756362915,0.0,0.0,4.8913925278466195,13.171311002224684
0.004,52,1070889713,0.7474501729011536,0.0,0.0,5.467909580562264,13.454611005727202
0.004,53,415096539,0.8678760528564453,0.0,0.0,5.29385548713617,11.751514000934549
0.004,54,52416235,1.35930597782135,0.0,0.0,4.588901258772239,23.794492008164525
0.004,55,278032723,1.0535117387771606,0.0,0.0,4.915490972576663,10.203400001046248
0.004,56,174946158,1.030087947845459,0.0,0.0,4.746935462579131,13.566718000220135
0.004,57,196848554,1.0288184881210327,0.0,0.0,4.999021263793111,11.908082000445575
0.004,58,263030910,0.127228245139122,1.0,1.0,6.352942364523187,22.345386998495087
0.004,59,1285415020,0.4855550527572632,0.0,0.0,6.084296839078888,12.492352005210705
0.004,60,1733223444,0.8107666373252869,0.0,0.0,5.21900101355277,14.603664996684529
0.004,61,1835544261,0.7978127002716064,0.0,0.0,5.318288378883153,12.61306699598208
0.004,62,1403186970,0.172702357172966,1.0,1.0,5.890731634572148,12.874508000095375
0.004,63,1291971777,0.19785648584365845,1.0,1.0,6.160711182514206,17.897755999001674
0.004,64,712292067,0.8259533643722534,0.0,0.0,5.178355287062004,19.490348000545055
0.004,65,2001429764,0.9497168660163879,0.0,0.0,4.953172571957111,15.247317001922056
0.004,66,1375664061,0.8481580018997192,0.0,0.0,5.065118642291054,12.595263993716799
0.004,67,1556456120,0.9539103507995605,0.0,0.0,5.076136023271829,16.942504997132346
0.004,68,1576053187,0.6291224360466003,0.0,0.0,5.638732775812969,12.282508992939256
0.004,69,1848019881,1.1660029888153076,0.0,0.0,4.83053990942426,13.953838992165402
0.004,70,1508652585,1.305834174156189,0.0,0.0,4.694052111590281,22.117729007732123
0.004,71,1995737731,0.727663516998291,0.0,0.0,5.436012611491606,19.371260001207702
0.004,72,1162788447,0.7987730503082275,0.0,0.0,5.188449954381213,12.795820002793334
0.004,73,1172925522,0.8368585705757141,0.0,0.0,4.923184734070674,20.54180200502742
0.004,74,539174575,0.9525230526924133,0.0,0.0,4.934862027410418,28.910728011396714
0.004,75,2013637345,0.8985240459442139,0.0,0.0,5.11547610652633,12.004051997791976
0.004,76,1187468716,1.0438473224639893,0.0,0.0,4.830252489773557,14.608920988393947
0.004,77,1062978506,0.9344246983528137,0.0,0.0,4.967081857845187,11.91905399900861
0.004,78,679326770,1.0616466999053955,0.0,0.0,4.945067584281787,17.07660900137853
0.004,79,587923432,0.989176869392395,0.0,0.0,5.059281032299623,10.872453000047244
0.004,80,1359889667,1.0861647129058838,0.0,0.0,4.779606439173222,12.3453059932217
0.004,81,970187386,0.8506589531898499,0.0,0.0,5.063578230328858,11.271477997070178
0.004,82,1219839873,0.8770612478256226,0.0,0.0,5.160038833040744,9.999825997510925
0.004,83,1428160212,0.8036154508590698,0.0,0.0,5.3475316853728145,10.192248009843752
0.004,84,1930609499,0.7961345911026001,0.0,0.0,5.207069766009226,12.02710899815429
0.004,85,710582861,1.0160473585128784,0.0,0.0,4.893198500620201,17.165730998385698
0.004,86,1463614337,0.9480432868003845,0.0,0.0,4.969703899696469,13.332643997273408
0.004,87,1940152705,1.2001224756240845,0.0,0.0,4.709268740611151,27.01301599154249
0.004,88,985452196,0.8431591391563416,0.0,0.0,5.26955569232814,11.776545012253337
0.004,89,552062587,1.1738038063049316,0.0,0.0,4.694459335878491,21.890065996558405
0.004,90,623566272,0.7687755227088928,0.0,0.0,5.279780413256958,13.699365998036228
0.004,91,729775797,0.8048388361930847,0.0,0.0,5.226203019032255,27.267341007245705
0.004,92,1352536665,0.9285486340522766,0.0,0.0,5.099482618039474,29.168366992962547
0.004,93,555883440,0.2388073205947876,1.0,1.0,6.100447470787913,10.745778999989852
0.004,94,1801800003,1.0686436891555786,0.0,0.0,4.907487571239471,9.584498999174684
0.004,95,763315502,1.0771162509918213,0.0,0.0,4.89100156002678,7.699286987190135
0.004,96,138897982,1.0358521938323975,0.0,0.0,4.820535199018195,7.908190003945492
0.004,97,10785379,0.5006501078605652,0.0,0.0,6.236111074220389,7.971106999320909
0.004,98,53923185,1.0368411540985107,0.0,0.0,5.06287380377762,7.6799310045316815
0.004,99,1349917978,0.9342857003211975,0.0,0.0,5.00945865851827,7.937492002383806
0.005,0,1501552845,0.9736572504043579,0.0,0.0,5.05579542578198,7.25511099153664
0.005,1,488200390,1.0850058794021606,0.0,0.0,4.826264914125204,7.273240000358783
0.005,2,1693606510,0.9053254127502441,0.0,0.0,5.106035980628803,8.031113000470214
0.005,3,680233354,0.8761756420135498,0.0,0.0,5.1852099392563105,7.7353410015348345
0.005,4,438466540,0.817501425743103,0.0,0.0,5.171143149025738,7.931808999273926
0.005,5,1712329280,1.2208101749420166,0.0,0.0,4.759297517826781,7.88005099457223
0.005,6,1380152455,0.8229426741600037,0.0,0.0,5.052084584953263,7.285883999429643
0.005,7,1452245846,1.003117561340332,0.0,0.0,4.974889446049929,7.432563987094909
0.005,8,2122694021,0.2452516406774521,1.0,1.0,5.867436239961535,8.325923001393676
0.005,9,839901363,0.8221358060836792,0.0,0.0,5.239486575359479,7.159828004660085
0.005,10,1802651552,0.39090147614479065,1.0,1.0,5.953889890341088,7.657302005100064
0.005,11,714712467,1.0486493110656738,0.0,0.0,4.784741397481412,9.536101002595387
0.005,12,1218704077,0.8942046761512756,0.0,0.0,5.088183309650049,7.717878004768863
0.005,13,1284858263,0.27027130126953125,1.0,1.0,6.685045832651667,7.788406001054682
0.005,14,457721135,0.8457105159759521,0.0,0.0,5.086827017599717,7.364026008872315
0.005,15,401008609,0.8729088306427002,0.0,0.0,5.2202369892038405,7.657545997062698
0.005,16,492064534,0.9145187139511108,0.0,0.0,5.084531632717699,7.50323900138028
0.005,17,1444732602,1.2906781435012817,0.0,0.0,4.703015070175752,7.904982005129568
0.005,18,1317426686,0.8459488153457642,0.0,0.0,4.922506754053757,7.918909002910368
0.005,19,2022506251,0.7737153172492981,0.0,0.0,5.19369100080803,7.7491830015787855
0.005,20,1516459118,0.9918892979621887,0.0,0.0,4.916968189878389,7.6431420020526275
0.005,21,533103612,0.12579140067100525,1.0,1.0,6.553914797026664,7.574048999231309
0.005,22,1964759878,0.9858869314193726,0.0,0.0,5.021239245543256,7.34776200260967
0.005,23,2037706756,0.7625755071640015,0.0,0.0,5.261440918315202,7.701337002799846
0.005,24,1572889065,1.0268808603286743,0.0,0.0,4.895708314143121,7.455208004103042
0.005,25,1432881518,1.0727009773254395,0.0,0.0,4.7953118602745235,7.524510001530871
0.005,26,280516901,0.9192399382591248,0.0,0.0,4.972790508298203,7.151507990784012
0.005,27,205939248,0.9103466868400574,0.0,0.0,5.037492104340345,7.719825007370673
0.005,28,571904914,0.8936843276023865,0.0,0.0,5.152739090612158,7.935268004075624
0.005,29,948843457,0.955546498298645,0.0,0.0,5.043369797524065,12.386772010358982
0.005,30,155492488,0.8857933282852173,0.0,0.0,4.978389261988923,7.572272996185347
0.005,31,1903701130,1.2000788450241089,0.0,0.0,4.819192849565297,7.64915399486199
0.005,32,1017961266,1.3099868297576904,0.0,0.0,4.60712833260186,7.507119997171685
0.005,33,1497769985,0.8127435445785522,0.0,0.0,5.239888972369954,7.498377002775669
0.005,34,456523489,0.9913246631622314,0.0,0.0,4.953729433007538,7.331642002100125
0.005,35,701095136,1.0412322282791138,0.0,0.0,4.9178238292224705,7.843921004678123
0.005,36,249069576,0.7607553005218506,0.0,0.0,5.387205418432131,8.02912398648914
0.005,37,1576098728,1.2481480836868286,0.0,0.0,4.756297952495515,7.624029996804893
0.005,38,1662748500,1.3071610927581787,0.0,0.0,4.804413195699453,7.656166999367997
0.005,39,472736216,1.1543002128601074,0.0,0.0,4.888898147735745,7.570529007352889
0.005,40,1535411295,0.8440516591072083,0.0,0.0,5.096915793372318,8.042753004701808
0.005,41,175223003,0.7870597839355469,0.0,0.0,5.204146943520755,7.318529998883605
0.005,42,840936862,1.0210126638412476,0.0,0.0,4.896655049640685,8.216226997319609
0.005,43,343373188,0.8928548693656921,0.0,0.0,5.016023515257984,64.13181200332474
0.005,44,1597751082,1.1074037551879883,0.0,0.0,4.862133066169918,7.4813100072788075
0.005,45,730359585,0.9023343324661255,0.0,0.0,4.896559628425166,7.670110993785784
0.005,46,1016641002,1.0056507587432861,0.0,0.0,4.737648562062532,7.8424680104944855
0.005,47,998994690,0.8517347574234009,0.0,0.0,4.985514914616942,7.795433004503138
0.005,48,1021240743,0.9205989837646484,0.0,0.0,5.108604823006317,8.022453999728896
0.005,49,572134801,1.4157893657684326,0.0,0.0,4.532241506734863,8.097058002022095
0.005,50,1198399760,0.9697464108467102,0.0,0.0,4.970169668318704,7.497872997191735
0.005,51,1751866485,1.1153695583343506,0.0,0.0,4.888675094116479,26.37362200766802
0.005,52,1070889713,0.7698178887367249,0.0,0.0,5.237151871668175,7.733994003501721
0.005,53,415096539,0.8423527479171753,0.0,0.0,5.065721587277949,7.477127990568988
0.005,54,52416235,1.443241834640503,0.0,0.0,4.566047234693542,7.942177995573729
0.005,55,278032723,1.118359923362732,0.0,0.0,4.859044726239517,7.6749949948862195
0.005,56,174946158,1.0616861581802368,0.0,0.0,4.866526735248044,7.770005991915241
0.005,57,196848554,1.0449870824813843,0.0,0.0,4.9389030742459,7.544791005784646
0.005,58,263030910,0.7589208483695984,0.0,0.0,5.344722285168245,7.881070996518247
0.005,59,1285415020,0.693313717842102,0.0,0.0,5.43178745242767,7.831479990272783
0.005,60,1733223444,0.8117143511772156,0.0,0.0,5.410896120592952,8.098042002529837
0.005,61,1835544261,0.8023747205734253,0.0,0.0,5.329857369186357,7.88250399637036
0.005,62,1403186970,0.24242790043354034,1.0,1.0,5.821773969568312,7.898616997408681
0.005,63,1291971777,0.8312162756919861,0.0,0.0,5.179388258839026,7.83388499985449
0.005,64,712292067,0.8289207220077515,0.0,0.0,5.175333914114162,7.916398986708373
0.005,65,2001429764,0.9875816702842712,0.0,0.0,5.031926742522046,7.674663997022435
0.005,66,1375664061,0.9369470477104187,0.0,0.0,5.049484278773889,7.620584001415409
0.005,67,1556456120,0.9410936236381531,0.0,0.0,5.051705321064219,7.988498997292481
0.005,68,1576053187,0.8156080842018127,0.0,0.0,5.097708975430578,8.402480991207995
0.005,69,1848019881,1.2035380601882935,0.0,0.0,4.763353974558413,7.5905379926553
0.005,70,1508652585,1.4020441770553589,0.0,0.0,4.550617994973436,7.570498011773452
0.005,71,1995737731,0.21486741304397583,1.0,1.0,5.889682825189084,7.556447002571076
0.005,72,1162788447,0.8501720428466797,0.0,0.0,5.218672949587926,7.982898998307064
0.005,73,1172925522,0.9855781197547913,0.0,0.0,4.741568549303338,7.572319998871535
0.005,74,539174575,0.980078935623169,0.0,0.0,5.237876953557134,7.280170000740327
0.005,75,2013637345,1.055922269821167,0.0,0.0,4.779518058989197,7.654193992493674
0.005,76,1187468716,1.0909419059753418,0.0,0.0,4.798099294770509,8.106294990284368
0.005,77,1062978506,1.010350227355957,0.0,0.0,4.878790989518166,7.8886550036258996
0.005,78,679326770,1.2223607301712036,0.0,0.0,4.849682746222243,7.404547999612987
0.005,79,587923432,0.9681805968284607,0.0,0.0,5.036010880954564,7.442289992468432
0.005,80,1359889667,1.137230396270752,0.0,0.0,4.896912419935688,7.537502999184653
0.005,81,970187386,0.8750749826431274,0.0,0.0,5.095868989592418,7.572528003947809
0.005,82,1219839873,0.9392071962356567,0.0,0.0,5.162952513433993,7.550691996584646
0.005,83,1428160212,0.8333491086959839,0.0,0.0,5.263259553583339,7.409572004689835
0.005,84,1930609499,0.8573436737060547,0.0,0.0,5.079868453089148,7.68061401322484
0.005,85,710582861,1.03682279586792,0.0,0.0,5.000201973132789,8.047518989769742
0.005,86,1463614337,0.9252942204475403,0.0,0.0,4.995646794093773,8.073416000115685
0.005,87,1940152705,1.2048323154449463,0.0,0.0,4.859241131693125,7.58449400018435
0.005,88,985452196,0.8552148342132568,0.0,0.0,5.076497077010572,8.112702998914756
0.005,89,552062587,1.2978825569152832,0.0,0.0,4.636248477967456,7.98408999980893
0.005,90,623566272,0.7842321395874023,0.0,0.0,5.193974187830463,7.628824008861557
0.005,91,729775797,0.8350813984870911,0.0,0.0,5.176463384879753,7.442179005010985
0.005,92,1352536665,0.9526639580726624,0.0,0.0,4.997605576645583,7.698593006352894
0.005,93,555883440,0.20550933480262756,1.0,1.0,5.767161329044029,7.883422003942542
0.005,94,1801800003,1.0887782573699951,0.0,0.0,4.858091713162139,7.78689599246718
0.005,95,763315502,1.1230584383010864,0.0,0.0,4.829026523977518,7.757883999147452
0.005,96,138897982,1.1186949014663696,0.0,0.0,4.800616009160876,7.629843996255659
0.005,97,10785379,0.8359478116035461,0.0,0.0,5.318608270958066,7.629565996467136
0.005,98,53923185,0.9228588938713074,0.0,0.0,5.068996304878965,7.880068995291367
0.005,99,1349917978,0.9697047472000122,0.0,0.0,4.975743651622906,7.725206989562139
0.006,0,1501552845,0.9619194269180298,0.0,0.0,5.146641559898853,7.934902998385951
0.006,1,488200390,1.1028084754943848,0.0,0.0,4.856063296319917,8.092477000900544
0.006,2,1693606510,0.9605063199996948,0.0,0.0,4.883744161110371,7.152316989959218
0.006,3,680233354,0.8893727660179138,0.0,0.0,5.178875440033153,7.67071801237762
0.006,4,438466540,1.018955945968628,0.0,0.0,4.836548881372437,7.702600007178262
0.006,5,1712329280,1.2764569520950317,0.0,0.0,4.685146454488859,7.419223999022506
0.006,6,1380152455,0.889639139175415,0.0,0.0,4.996345462044701,7.521124993218109
0.006,7,1452245846,1.0519193410873413,0.0,0.0,4.914305931422859,7.577754993690178
0.006,8,2122694021,0.7112199068069458,0.0,0.0,5.709182004677132,7.531435010605492
0.006,9,839901363,0.9544857144355774,0.0,0.0,4.992325671250001,7.665502998861484
0.006,10,1802651552,0.9145002365112305,0.0,0.0,5.202852107351646,7.610922999447212
0.006,11,714712467,1.0997464656829834,0.0,0.0,4.859570810338482,8.058375999098644
0.006,12,1218704077,0.9277883172035217,0.0,0.0,5.070981458993629,7.844873995054513
0.006,13,1284858263,0.2581655979156494,1.0,1.0,6.722787716658786,7.509004004532471
0.006,14,457721135,0.7981149554252625,0.0,0.0,5.159650343935937,7.404280011542141
0.006,15,401008609,0.994647741317749,0.0,0.0,5.028418301837519,7.453890997567214
0.006,16,492064534,0.8975696563720703,0.0,0.0,5.110461112111807,7.404653006233275
0.006,17,1444732602,1.2951432466506958,0.0,0.0,4.772870691958815,8.278854002128355
0.006,18,1317426686,0.8364425301551819,0.0,0.0,5.131667433772236,62.50886499765329
0.006,19,2022506251,0.9047185778617859,0.0,0.0,5.114820403745398,7.3559919983381405
0.006,20,1516459118,1.0619990825653076,0.0,0.0,4.736053102416918,7.511919990065508
0.006,21,533103612,0.1407814472913742,1.0,1.0,6.094679326051846,7.6590560056502
0.006,22,1964759878,0.9664202928543091,0.0,0.0,4.892105313017964,7.861354999477044
0.006,23,2037706756,0.8063358068466187,0.0,0.0,5.233343080151826,8.205663994885981
0.006,24,1572889065,1.0442302227020264,0.0,0.0,4.969587695552036,7.421671005431563
0.006,25,1432881518,1.1077704429626465,0.0,0.0,4.7971109272912145,7.9390739992959425
0.006,26,280516901,0.9776285290718079,0.0,0.0,4.919882994843647,7.561007005278952
0.006,27,205939248,0.9351671934127808,0.0,0.0,5.3441269064787775,7.902736993855797
0.006,28,571904914,0.7795236706733704,0.0,0.0,5.39235391956754,7.219047998660244
0.006,29,948843457,1.1147632598876953,0.0,0.0,4.758090507006273,7.82465300289914
0.006,30,155492488,0.9976319074630737,0.0,0.0,4.984501451253891,7.8422100050374866
0.006,31,1903701130,1.2049267292022705,0.0,0.0,4.8620472305919975,8.06031099637039
0.006,32,1017961266,1.3367851972579956,0.0,0.0,4.547434393083677,7.860184006858617
0.006,33,1497769985,0.8668553233146667,0.0,0.0,5.24045475712046,7.458199004759081
0.006,34,456523489,0.8977704048156738,0.0,0.0,5.131177056580782,7.112285005860031
0.006,35,701095136,1.109662652015686,0.0,0.0,4.817991820164025,7.798125996487215
0.006,36,249069576,0.8532302975654602,0.0,0.0,4.958784604910761,8.31247899623122
0.006,37,1576098728,1.2612943649291992,0.0,0.0,4.768147811060771,7.975916989380494
0.006,38,1662748500,1.3423583507537842,0.0,0.0,4.693411553045735,7.779363993904553
0.006,39,472736216,1.2573343515396118,0.0,0.0,4.76211969088763,7.915336012956686
0.006,40,1535411295,0.8250381350517273,0.0,0.0,5.038108306704089,7.752805991913192
0.006,41,175223003,0.8002328872680664,0.0,0.0,5.225319035118446,7.875579001847655
0.006,42,840936862,1.0893585681915283,0.0,0.0,4.71867300872691,7.3473990050842986
0.006,43,343373188,0.8960281610488892,0.0,0.0,4.97028112388216,8.028658005059697
0.006,44,1597751082,1.182366132736206,0.0,0.0,4.799059312324971,7.737150997854769
0.006,45,730359585,0.9129020571708679,0.0,0.0,5.012731442693621,11.035927993361838
0.006,46,1016641002,1.1282762289047241,0.0,0.0,4.758606740273535,7.5080480019096285
0.006,47,998994690,0.8244192004203796,0.0,0.0,5.129848698619753,8.068656010436825
0.006,48,1021240743,0.9618152379989624,0.0,0.0,5.125003511086106,7.176768995122984
0.006,49,572134801,1.4654027223587036,0.0,0.0,4.497530815191567,7.7993669983698055
0.006,50,1198399760,0.9651171565055847,0.0,0.0,4.953694126103073,8.47902700479608
0.006,51,1751866485,1.112921118736267,0.0,0.0,4.742885067127645,7.632548993569799
0.006,52,1070889713,0.9015862941741943,0.0,0.0,5.031450976850465,6.986019012401812
0.006,53,415096539,0.9282147884368896,0.0,0.0,5.198276712791994,7.582004007417709
0.006,54,52416235,1.525128722190857,0.0,0.0,4.502815037732944,7.3567549989093095
0.006,55,278032723,1.0724083185195923,0.0,0.0,4.839687685249373,7.577197990030982
0.006,56,174946158,1.0681613683700562,0.0,0.0,4.848539524478838,7.120446010958403
0.006,57,196848554,1.1256756782531738,0.0,0.0,4.798295312793925,7.747699986794032
0.006,58,263030910,0.8112409114837646,0.0,0.0,5.376330824801698,7.610294007463381
0.006,59,1285415020,0.7179399132728577,0.0,0.0,5.457661608234048,7.528608999564312
0.006,60,1733223444,0.8821191787719727,0.0,0.0,5.141557447146624,7.366705001913942
0.006,61,1835544261,0.831635594367981,0.0,0.0,5.32305364520289,7.938807990285568
0.006,62,1403186970,0.21566374599933624,1.0,1.0,6.152401492698118,7.790000003296882
0.006,63,1291971777,0.8151304721832275,0.0,0.0,5.136683946941048,7.563460007077083
0.006,64,712292067,0.8241495490074158,0.0,0.0,5.172204458154738,7.233576994622126
0.006,65,2001429764,1.1161322593688965,0.0,0.0,4.827448996715248,8.5042269929545
0.006,66,1375664061,0.930203378200531,0.0,0.0,5.170800760155544,7.550969996373169
0.006,67,1556456120,1.1841522455215454,0.0,0.0,4.783582168165594,7.9414439969696105
0.006,68,1576053187,0.8953827619552612,0.0,0.0,4.950217950157821,7.7333590015769005
0.006,69,1848019881,1.2182890176773071,0.0,0.0,4.744792628567666,7.499792001908645
0.006,70,1508652585,1.4846220016479492,0.0,0.0,4.528453185921535,7.8113049967214465
0.006,71,1995737731,0.7851144075393677,0.0,0.0,5.490031965775415,7.6028809999115765
0.006,72,1162788447,0.8587555289268494,0.0,0.0,5.085587792331353,7.6166479993844405
0.006,73,1172925522,1.0858854055404663,0.0,0.0,4.732483373489231,7.79605501156766
0.006,74,539174575,0.9979783892631531,0.0,0.0,5.032679098658264,7.544224994489923
0.006,75,2013637345,1.0640748739242554,0.0,0.0,4.745964324800298,7.918998002423905
0.006,76,1187468716,1.2657957077026367,0.0,0.0,4.785509947454557,11.732066996046342
0.006,77,1062978506,1.002245306968689,0.0,0.0,4.952063738135621,7.937816000776365
0.006,78,679326770,1.2686325311660767,0.0,0.0,4.725660905241966,7.446234987583011
0.006,79,587923432,0.9915002584457397,0.0,0.0,4.914202013751492,7.91193699114956
0.006,80,1359889667,1.144430160522461,0.0,0.0,4.810586487874389,7.74453699705191
0.006,81,970187386,0.9203465580940247,0.0,0.0,5.074493646156043,7.86913200863637
0.006,82,1219839873,0.9201833009719849,0.0,0.0,4.93251193407923,7.538429999840446
0.006,83,1428160212,0.8537702560424805,0.0,0.0,5.08515307167545,7.949630991788581
0.006,84,1930609499,0.909263551235199,0.0,0.0,4.9766653317492455,7.507301008445211
0.006,85,710582861,1.2071490287780762,0.0,0.0,4.876282642828301,7.6402599952416494
0.006,86,1463614337,0.9150628447532654,0.0,0.0,5.041516224853694,7.271473004948348
0.006,87,1940152705,1.2147294282913208,0.0,0.0,4.748325266875327,7.825923006748781
0.006,88,985452196,0.8671895861625671,0.0,0.0,4.981193898012862,7.6511869992828
0.006,89,552062587,1.2692413330078125,0.0,0.0,4.665668100817129,7.744966002064757
0.006,90,623566272,0.840936005115509,0.0,0.0,5.034077864373103,7.551681002951227
0.006,91,729775797,0.7792412042617798,0.0,0.0,5.304673713631928,7.730897006695159
0.006,92,1352536665,0.9214801788330078,0.0,0.0,5.0460122677031904,7.47298399801366
0.006,93,555883440,0.9691982269287109,0.0,0.0,5.180781370494515,7.418524008244276
0.006,94,1801800003,1.1246615648269653,0.0,0.0,4.767953467788175,7.70717799605336
0.006,95,763315502,1.1743561029434204,0.0,0.0,4.776540654012933,7.362064003245905
0.006,96,138897982,1.1361263990402222,0.0,0.0,4.754702806472778,7.590055000036955
0.006,97,10785379,0.7835991382598877,0.0,0.0,5.27347696153447,7.880204007960856
0.006,98,53923185,1.04891037940979,0.0,0.0,5.162649897392839,7.343077988480218
0.006,99,1349917978,1.0784990787506104,0.0,0.0,4.926774428691715,7.823288004146889
0.007,0,1501552845,0.9961217045783997,0.0,0.0,5.076266566524282,7.560202007880434
0.007,1,488200390,1.1987450122833252,0.0,0.0,4.740763510810211,7.665080003789626
0.007,2,1693606510,0.9626482129096985,0.0,0.0,4.819064140086994,8.319140004459769
0.007,3,680233354,1.0372651815414429,0.0,0.0,4.925105038564652,7.569840003270656
0.007,4,438466540,1.0787160396575928,0.0,0.0,4.955856131622568,7.5337559974286705
0.007,5,1712329280,1.333532452583313,0.0,0.0,4.720721067627892,7.810273993527517
0.007,6,1380152455,1.059620976448059,0.0,0.0,4.887003866722807,8.055687008891255
0.007,7,1452245846,1.1247797012329102,0.0,0.0,4.878538112621754,8.166921004885808
0.007,8,2122694021,0.6699787974357605,0.0,0.0,5.678637612145394,7.839212004910223
0.007,9,839901363,0.863019585609436,0.0,0.0,5.0976638570427895,10.384669993072748
0.007,10,1802651552,0.8902444839477539,0.0,0.0,5.000806481810287,7.585821993416175
0.007,11,714712467,1.0724951028823853,0.0,0.0,4.916861166246235,7.933984001283534
0.007,12,1218704077,0.9401727318763733,0.0,0.0,5.04454837157391,7.164593000197783
0.007,13,1284858263,0.2046229988336563,1.0,1.0,6.0127397030591965,7.535873999586329
0.007,14,457721135,0.8643771409988403,0.0,0.0,5.0189415195491165,7.36969499848783
0.007,15,401008609,1.0588178634643555,0.0,0.0,5.002458213362843,8.091131996479817
0.007,16,492064534,0.9952828288078308,0.0,0.0,4.871959187090397,7.776092999847606
0.007,17,1444732602,1.2971853017807007,0.0,0.0,4.748287522234023,7.520404004026204
0.007,18,1317426686,0.8547259569168091,0.0,0.0,5.040257898857817,7.4361000006319955
0.007,19,2022506251,0.9042321443557739,0.0,0.0,5.04353759996593,8.621986009529792
0.007,20,1516459118,1.0981013774871826,0.0,0.0,4.76822097087279,7.216372003313154
0.007,21,533103612,0.14196227490901947,1.0,1.0,6.072504493873566,7.323545010876842
0.007,22,1964759878,0.9157684445381165,0.0,0.0,4.991304674651474,7.944238997879438
0.007,23,2037706756,0.7959024906158447,0.0,0.0,5.239136985037476,7.728505996055901
0.007,24,1572889065,1.0180938243865967,0.0,0.0,4.853459752164781,7.526594010414556
0.007,25,1432881518,1.1980057954788208,0.0,0.0,4.737801434705034,8.072915006778203
0.007,26,280516901,0.982647180557251,0.0,0.0,4.887953588971868,7.925732992589474
0.007,27,205939248,1.0738403797149658,0.0,0.0,4.803982850862667,9.370375992148183
0.007,28,571904914,0.8054649829864502,0.0,0.0,5.554643546231091,7.579505007015541
0.007,29,948843457,1.1680753231048584,0.0,0.0,4.793533745454624,7.941937990835868
0.007,30,155492488,1.0673112869262695,0.0,0.0,4.750409999629483,7.594566995976493
0.007,31,1903701130,1.2310113906860352,0.0,0.0,4.831559838494286,8.003275012015365
0.007,32,1017961266,1.390246033668518,0.0,0.0,4.5090114653576165,7.767281000269577
0.007,33,1497769985,0.9704726338386536,0.0,0.0,4.989070269512013,7.789969997247681
0.007,34,456523489,0.9601741433143616,0.0,0.0,4.9341000963468105,7.69777900131885
0.007,35,701095136,1.082898497581482,0.0,0.0,4.833242184948176,7.755359009024687
0.007,36,249069576,0.9554144740104675,0.0,0.0,4.911075766198337,7.318497999222018
0.007,37,1576098728,1.2932747602462769,0.0,0.0,4.66714085242711,13.89163600106258
0.007,38,1662748500,1.3620096445083618,0.0,0.0,4.6709018452093005,7.676866007386707
0.007,39,472736216,1.2562711238861084,0.0,0.0,4.858395808143541,7.216266996692866
0.007,40,1535411295,0.8549649119377136,0.0,0.0,5.104782194364816,7.364193006651476
0.007,41,175223003,0.8432173728942871,0.0,0.0,4.9580924841575325,7.7815290133003145
0.007,42,840936862,1.1020941734313965,0.0,0.0,4.793618085794151,7.428732991684228
0.007,43,343373188,1.1548877954483032,0.0,0.0,4.759487323928624,7.948471000418067
0.007,44,1597751082,1.223404049873352,0.0,0.0,4.736856408417225,7.411314989440143
0.007,45,730359585,1.0193549394607544,0.0,0.0,4.952926779631525,7.954838001751341
0.007,46,1016641002,1.1509079933166504,0.0,0.0,4.697544635273516,7.7638920047320426
0.007,47,998994690,0.8983837366104126,0.0,0.0,5.129570284159854,7.977305998792872
0.007,48,1021240743,1.0271128416061401,0.0,0.0,5.0358518860302866,7.563102000858635
0.007,49,572134801,1.4929388761520386,0.0,0.0,4.501679893350229,7.627839993801899
0.007,50,1198399760,0.9883767366409302,0.0,0.0,4.948695528320968,7.475239995983429
0.007,51,1751866485,1.1899821758270264,0.0,0.0,4.683293526759371,7.997633991180919
0.007,52,1070889713,0.8795772790908813,0.0,0.0,5.236337658949196,7.113346000551246
0.007,53,415096539,0.9249055981636047,0.0,0.0,5.188531840220094,8.029024000279605
0.007,54,52416235,1.5478308200836182,0.0,0.0,4.501417230349034,7.813571995939128
0.007,55,278032723,1.129454493522644,0.0,0.0,4.811502195196226,7.56346998969093
0.007,56,174946158,1.0576568841934204,0.0,0.0,4.986385854426771,7.830997012206353
0.007,57,196848554,1.0992724895477295,0.0,0.0,4.836357052903622,7.784479996189475
0.007,58,263030910,0.8263260722160339,0.0,0.0,5.220661515602842,7.228175003547221
0.007,59,1285415020,0.7894992828369141,0.0,0.0,5.320411932421848,7.61672000226099
0.007,60,1733223444,0.9076264500617981,0.0,0.0,5.162098829634488,7.810852010152303
0.007,61,1835544261,0.8875308632850647,0.0,0.0,5.153311712201685,8.217757000238635
0.007,62,1403186970,0.21946172416210175,1.0,1.0,5.96239050780423,7.800601000781171
0.007,63,1291971777,0.7651209831237793,0.0,0.0,5.502953896531835,63.99657399742864
0.007,64,712292067,0.82574462890625,0.0,0.0,5.288843681802973,7.423091999953613
0.007,65,2001429764,1.1082873344421387,0.0,0.0,4.825175730744377,7.979739995789714
0.007,66,1375664061,0.9712093472480774,0.0,0.0,4.914442484034225,7.4387729982845485
0.007,67,1556456120,1.167840600013733,0.0,0.0,4.934854949591681,7.989560006535612
0.007,68,1576053187,0.8787434697151184,0.0,0.0,4.911611462244764,7.997055989108048
0.007,69,1848019881,1.229616403579712,0.0,0.0,4.788621675688773,7.3578339943196625
0.007,70,1508652585,1.512967586517334,0.0,0.0,4.510326038580388,7.875627008615993
0.007,71,1995737731,0.7200964689254761,0.0,0.0,5.495941519970074,7.961184994201176
0.007,72,1162788447,0.9408255219459534,0.0,0.0,5.11050012265332,7.7396190026775
0.007,73,1172925522,1.0627204179763794,0.0,0.0,4.751603004755452,7.905987004050985
0.007,74,539174575,1.2339200973510742,0.0,0.0,4.791122653521597,7.30197099619545
0.007,75,2013637345,1.1874430179595947,0.0,0.0,4.662005785154179,7.837122000637464
0.007,76,1187468716,1.2648717164993286,0.0,0.0,4.689295339863747,7.7226330031408
0.007,77,1062978506,1.0876654386520386,0.0,0.0,4.729187893914059,7.525275999796577
0.007,78,679326770,1.2893542051315308,0.0,0.0,4.762513933703303,7.808975991792977
0.007,79,587923432,1.058777928352356,0.0,0.0,5.028330572182313,7.538471996667795
0.007,80,1359889667,1.1589124202728271,0.0,0.0,4.7976387173403054,7.749101001536474
0.007,81,970187386,1.0387166738510132,0.0,0.0,5.0074969155248255,13.265616988064721
0.007,82,1219839873,0.9628784656524658,0.0,0.0,5.025730389403179,7.4616060010157526
0.007,83,1428160212,0.9535589218139648,0.0,0.0,5.137968646828085,7.341250005993061
0.007,84,1930609499,1.0012749433517456,0.0,0.0,4.855165568413213,7.888552005169913
0.007,85,710582861,1.201541543006897,0.0,0.0,4.792991626774892,8.050737000303343
0.007,86,1463614337,0.9510021209716797,0.0,0.0,4.958223901456222,7.533076000981964
0.007,87,1940152705,1.2615669965744019,0.0,0.0,4.780571179464459,7.783904991811141
0.007,88,985452196,0.8680841326713562,0.0,0.0,5.319246616680175,8.096352001302876
0.007,89,552062587,1.2981637716293335,0.0,0.0,4.638069321634248,7.636484006070532
0.007,90,623566272,0.8862820863723755,0.0,0.0,5.024937927024439,7.752987003186718
0.007,91,729775797,0.8379008769989014,0.0,0.0,5.309135051444173,7.479886000510305
0.007,92,1352536665,1.101322889328003,0.0,0.0,4.94783107470721,7.805745000950992
0.007,93,555883440,0.9593517184257507,0.0,0.0,5.1855353966820985,7.598666998092085
0.007,94,1801800003,1.1756705045700073,0.0,0.0,4.733932672766969,7.406193995848298
0.007,95,763315502,1.2332416772842407,0.0,0.0,4.707932403543964,7.616681003128178
0.007,96,138897982,1.1894556283950806,0.0,0.0,4.718891899799928,8.037320003495552
0.007,97,10785379,0.8817356824874878,0.0,0.0,5.258159670745954,7.519278005929664
0.007,98,53923185,1.1081185340881348,0.0,0.0,4.966110603418201,7.53084100142587
0.007,99,1349917978,1.1336438655853271,0.0,0.0,4.804649619618431,7.591593996039592
0.008,0,1501552845,1.003855586051941,0.0,0.0,5.208967213518918,12.382696004351601
0.008,1,488200390,1.3013982772827148,0.0,0.0,4.7258336315862834,7.252679992234334
0.008,2,1693606510,1.004652976989746,0.0,0.0,4.8944405927322805,7.579013996291906
0.008,3,680233354,1.0387524366378784,0.0,0.0,4.89106037071906,7.433827995555475
0.008,4,438466540,1.0020450353622437,0.0,0.0,4.995953451609239,7.576709002023563
0.008,5,1712329280,1.3382617235183716,0.0,0.0,4.645303240744397,7.543572006397881
0.008,6,1380152455,0.9712440371513367,0.0,0.0,4.955878670793027,7.591419998789206
0.008,7,1452245846,1.214950442314148,0.0,0.0,4.717118763830513,10.178007010836154
0.008,8,2122694021,0.8495641946792603,0.0,0.0,5.433367393910885,7.559916994068772
0.008,9,839901363,0.940963089466095,0.0,0.0,5.0159690582659096,8.171129011316225
0.008,10,1802651552,0.9755021929740906,0.0,0.0,5.1076059772167355,7.957174995681271
0.008,11,714712467,1.1964080333709717,0.0,0.0,4.765929996734485,7.69288299488835
0.008,12,1218704077,0.9550888538360596,0.0,0.0,5.107933742925525,7.627391998539679
0.008,13,1284858263,0.1765877902507782,1.0,1.0,6.038346556480974,7.309762993827462
0.008,14,457721135,1.0517053604125977,0.0,0.0,4.960294418036938,7.580310993944295
0.008,15,401008609,1.0677767992019653,0.0,0.0,4.939864844083786,7.485837995773181
0.008,16,492064534,0.908464789390564,0.0,0.0,5.097089054295793,7.767361996229738
0.008,17,1444732602,1.3108985424041748,0.0,0.0,4.764026294695213,7.903252990217879
0.008,18,1317426686,0.8193947672843933,0.0,0.0,5.155807315604761,12.903089009341784
0.008,19,2022506251,0.9033822417259216,0.0,0.0,5.171157131437212,8.005809999303892
0.008,20,1516459118,1.100372314453125,0.0,0.0,4.73572697956115,7.481013992219232
0.008,21,533103612,0.7659445405006409,0.0,0.0,5.427820762852207,7.598593001603149
0.008,22,1964759878,0.9500079154968262,0.0,0.0,5.120559206465259,7.443717011483386
0.008,23,2037706756,0.8487625122070312,0.0,0.0,4.9982160676736385,7.655014007468708
0.008,24,1572889065,1.1202930212020874,0.0,0.0,4.724976788274944,7.832914008758962
0.008,25,1432881518,1.1858947277069092,0.0,0.0,4.72649380681105,7.64135000645183
0.008,26,280516901,1.024724006652832,0.0,0.0,4.900427485816181,7.6997290016151965
0.008,27,205939248,1.0302777290344238,0.0,0.0,4.929178165271878,7.767615999910049
0.008,28,571904914,0.9801144003868103,0.0,0.0,5.001519389217719,7.874884002376348
0.008,29,948843457,1.2126657962799072,0.0,0.0,4.823014348978177,7.881069992436096
0.008,30,155492488,1.0197771787643433,0.0,0.0,4.8494337680749595,10.049011994851753
0.008,31,1903701130,1.2578152418136597,0.0,0.0,4.800470263697207,8.032519996049814
0.008,32,1017961266,1.384984016418457,0.0,0.0,4.522180752828717,7.305153994821012
0.008,33,1497769985,0.9689687490463257,0.0,0.0,5.154109503375366,7.510023002396338
0.008,34,456523489,0.9729619026184082,0.0,0.0,4.949055282399058,7.508977010729723
0.008,35,701095136,1.1852786540985107,0.0,0.0,4.690139138838276,7.534621996455826
0.008,36,249069576,0.929934561252594,0.0,0.0,5.061119234655052,7.75006199546624
0.008,37,1576098728,1.373846411705017,0.0,0.0,4.649627330712974,8.20765299431514
0.008,38,1662748500,1.36327064037323,0.0,0.0,4.680481913499534,7.791979995090514
0.008,39,472736216,1.3265101909637451,0.0,0.0,4.733859738335013,7.880488003138453
0.008,40,1535411295,0.9365843534469604,0.0,0.0,4.949958976823837,7.387793011730537
0.008,41,175223003,0.9475008249282837,0.0,0.0,5.008784692035988,7.755375001579523
0.008,42,840936862,1.1971279382705688,0.0,0.0,4.768677930347621,12.100302992621437
0.008,43,343373188,1.1846264600753784,0.0,0.0,4.837420711293817,7.340356009081006
0.008,44,1597751082,1.298065423965454,0.0,0.0,4.796457026619464,7.8361689957091585
0.008,45,730359585,1.020240306854248,0.0,0.0,4.7876916457898915,7.656273999600671
0.008,46,1016641002,1.3134931325912476,0.0,0.0,4.626158377621323,7.997633001650684
0.008,47,998994690,1.024916172027588,0.0,0.0,4.915379507699981,7.9525049950461835
0.008,48,1021240743,1.0843268632888794,0.0,0.0,4.861617333022878,8.012985999812372
0.008,49,572134801,1.5169864892959595,0.0,0.0,4.478915172629058,7.80752400169149
0.008,50,1198399760,1.0462076663970947,0.0,0.0,4.898769561434165,8.359425992239267
0.008,51,1751866485,1.2706958055496216,0.0,0.0,4.645423744106665,7.618119998369366
0.008,52,1070889713,0.8910250663757324,0.0,0.0,4.9920810190960765,7.6452190114650875
0.008,53,415096539,0.9469504356384277,0.0,0.0,4.985435974318534,7.420157009619288
0.008,54,52416235,1.5688672065734863,0.0,0.0,4.487666797591373,8.052605000557378
0.008,55,278032723,1.118768334388733,0.0,0.0,4.845528546953574,7.546902998001315
0.008,56,174946158,1.126113772392273,0.0,0.0,4.790071609662846,7.835779993911274
0.008,57,196848554,1.2007290124893188,0.0,0.0,4.791644136188552,7.582366990391165
0.008,58,263030910,0.7678819894790649,0.0,0.0,5.384676303016022,7.116282009519637
0.008,59,1285415020,0.7927923798561096,0.0,0.0,5.366084406152368,7.752408011583611
0.008,60,1733223444,0.8778036236763,0.0,0.0,5.063587088836357,7.34479000675492
0.008,61,1835544261,0.8972444534301758,0.0,0.0,4.96559426211752,8.036218001507223
0.008,62,1403186970,0.7778877019882202,0.0,0.0,5.260557558387518,7.7642629912588745
0.008,63,1291971777,0.8793853521347046,0.0,0.0,5.111815856071189,8.083906010142528
0.008,64,712292067,0.8892052173614502,0.0,0.0,5.147997790249065,7.2910140006570145
0.008,65,2001429764,1.0305477380752563,0.0,0.0,4.951598020037636,7.676038003410213
0.008,66,1375664061,0.9758509993553162,0.0,0.0,4.950669845100492,7.934741006465629
0.008,67,1556456120,1.1748102903366089,0.0,0.0,4.832624739501625,8.213879002141766
0.008,68,1576053187,0.8847466707229614,0.0,0.0,4.977376456838101,7.280053992872126
0.008,69,1848019881,1.2385339736938477,0.0,0.0,4.764350961660966,7.8608510084450245
0.008,70,1508652585,1.5249338150024414,0.0,0.0,4.51902148546651,7.286602005478926
0.008,71,1995737731,0.7662190198898315,0.0,0.0,5.390671994071454,7.463504007318988
0.008,72,1162788447,0.9124230146408081,0.0,0.0,5.265474961604923,7.4292399949627
0.008,73,1172925522,1.1587659120559692,0.0,0.0,4.800949501339346,7.768070005113259
0.008,74,539174575,1.2260560989379883,0.0,0.0,4.808764597401023,8.154511990142055
0.008,75,2013637345,1.2704232931137085,0.0,0.0,4.672593971947208,7.879377997596748
0.008,76,1187468716,1.3162941932678223,0.0,0.0,4.691073358990252,7.34482699772343
0.008,77,1062978506,1.0665432214736938,0.0,0.0,4.831519678700715,8.433394992607646
0.008,78,679326770,1.2985678911209106,0.0,0.0,4.68483273521997,7.882810998125933
0.008,79,587923432,1.033600926399231,0.0,0.0,4.924945044331253,7.395192995318212
0.008,80,1359889667,1.1344364881515503,0.0,0.0,4.751271198736504,8.100394989014603
0.008,81,970187386,0.9645740985870361,0.0,0.0,5.062106128782034,7.447513009537943
0.008,82,1219839873,0.9661808013916016,0.0,0.0,5.0026287836954,7.944782002596185
0.008,83,1428160212,0.9607658386230469,0.0,0.0,5.184737308416516,8.182669000234455
0.008,84,1930609499,0.935109555721283,0.0,0.0,5.008876289241016,8.477274008328095
0.008,85,710582861,1.3073586225509644,0.0,0.0,4.822578121675178,8.00412500393577
0.008,86,1463614337,1.222786784172058,0.0,0.0,4.874661450274289,7.795504003297538
0.008,87,1940152705,1.2560205459594727,0.0,0.0,4.6909478737507015,7.435011997586116
0.008,88,985452196,0.826750636100769,0.0,0.0,5.095414463197812,7.529814989538863
0.008,89,552062587,1.3999207019805908,0.0,0.0,4.529875325737521,7.590918001369573
0.008,90,623566272,0.940695583820343,0.0,0.0,4.918627425096929,12.961549000465311
0.008,91,729775797,0.9707399606704712,0.0,0.0,4.964851196389645,7.4294299993198365
0.008,92,1352536665,1.1152328252792358,0.0,0.0,4.808029478881508,7.601289005833678
0.008,93,555883440,0.9331846833229065,0.0,0.0,5.289783921325579,7.600034005008638
0.008,94,1801800003,1.2206586599349976,0.0,0.0,4.734173048753291,7.97973400040064
0.008,95,763315502,1.273758888244629,0.0,0.0,4.718623356660828,7.626221005921252
0.008,96,138897982,1.2292497158050537,0.0,0.0,4.677820752840489,8.0065200017998
0.008,97,10785379,1.009264349937439,0.0,0.0,5.16879817051813,7.609790991409682
0.008,98,53923185,1.0949301719665527,0.0,0.0,4.892992092529312,7.825988010154106
0.008,99,1349917978,1.2139112949371338,0.0,0.0,4.82209288305603,7.6564589980989695
0.009,0,1501552845,1.070749282836914,0.0,0.0,4.939488682895899,7.7609709987882525
0.009,1,488200390,1.3237169981002808,0.0,0.0,4.67565544648096,7.31881799583789
0.009,2,1693606510,1.0051369667053223,0.0,0.0,4.973642953205854,7.808293012203649
0.009,3,680233354,1.0096735954284668,0.0,0.0,4.906457826029509,7.509087998187169
0.009,4,438466540,1.05208420753479,0.0,0.0,4.898573913378641,7.708614008151926
0.009,5,1712329280,1.334303617477417,0.0,0.0,4.6412663327064365,7.777288003126159
0.009,6,1380152455,1.0308245420455933,0.0,0.0,4.819541956996545,8.138457997119986
0.009,7,1452245846,1.2470762729644775,0.0,0.0,4.689160239882767,7.7785159955965355
0.009,8,2122694021,0.8427113890647888,0.0,0.0,5.454104425851256,12.077177001629025
0.009,9,839901363,1.0179840326309204,0.0,0.0,4.829780844505876,7.314550006412901
0.009,10,1802651552,0.8861910700798035,0.0,0.0,5.104661286342889,7.649560997379012
0.009,11,714712467,1.274785041809082,0.0,0.0,4.680687816115096,7.689829988521524
0.009,12,1218704077,0.9789238572120667,0.0,0.0,5.1747654397040606,7.991190999746323
0.009,13,1284858263,0.17851950228214264,1.0,1.0,6.132376045919955,7.650633007870056
0.009,14,457721135,1.074609398841858,0.0,0.0,4.829809823306277,7.743506008409895
0.009,15,401008609,1.0782276391983032,0.0,0.0,4.912548556923866,7.3461959982523695
0.009,16,492064534,1.1586185693740845,0.0,0.0,4.726887601893395,8.011722995433956
0.009,17,1444732602,1.328902244567871,0.0,0.0,4.636197906453162,7.603727004607208
0.009,18,1317426686,0.8557876348495483,0.0,0.0,4.9386281536426395,7.961055001942441
0.009,19,2022506251,0.9766142964363098,0.0,0.0,4.958314928226173,7.668207006645389
0.009,20,1516459118,1.1114377975463867,0.0,0.0,4.7488283885177225,8.151998001267202
0.009,21,533103612,0.7266588807106018,0.0,0.0,5.451676532626152,7.689841993851587
0.009,22,1964759878,1.0588278770446777,0.0,0.0,4.825833177892491,7.904810001491569
0.009,23,2037706756,0.9517813920974731,0.0,0.0,4.943273026030511,12.776271993061528
0.009,24,1572889065,1.0421884059906006,0.0,0.0,4.865079966373742,7.967623998411
0.009,25,1432881518,1.2627079486846924,0.0,0.0,4.634610536042601,7.2565229929750785
0.009,26,280516901,1.1192286014556885,0.0,0.0,4.842482572654262,7.715996995102614
0.009,27,205939248,0.9920128583908081,0.0,0.0,4.928890025941655,7.5150930060772225
0.009,28,571904914,0.913455605506897,0.0,0.0,5.198546863393858,7.654840999748558
0.009,29,948843457,1.2459348440170288,0.0,0.0,4.718548648059368,7.114227002603002
0.009,30,155492488,0.9962793588638306,0.0,0.0,4.894793908111751,7.8118630044627935
0.009,31,1903701130,1.3058075904846191,0.0,0.0,4.7598445769399405,7.59602700418327
0.009,32,1017961266,1.4336680173873901,0.0,0.0,4.472636705264449,7.9567259963369
0.009,33,1497769985,0.9989438056945801,0.0,0.0,4.904844378121197,7.3931129882112145
0.009,34,456523489,1.0043952465057373,0.0,0.0,4.955319830216467,7.985905001987703
0.009,35,701095136,1.2383759021759033,0.0,0.0,4.9241021242924035,8.07695799448993
0.009,36,249069576,0.900007963180542,0.0,0.0,5.081233337055892,7.445387003826909
0.009,37,1576098728,1.3976314067840576,0.0,0.0,4.662327329162508,7.67540700326208
0.009,38,1662748500,1.3736112117767334,0.0,0.0,4.672320815967396,7.649035993381403
0.009,39,472736216,1.3365734815597534,0.0,0.0,4.667722476879135,7.255284988787025
0.009,40,1535411295,1.0464202165603638,0.0,0.0,4.883358165388927,7.778687999234535
0.009,41,175223003,1.0217814445495605,0.0,0.0,4.930111184483394,7.876835996285081
0.009,42,840936862,1.1863925457000732,0.0,0.0,4.726202374557033,7.582641992485151
0.009,43,343373188,1.192436933517456,0.0,0.0,4.8390411157161,7.300886994926259
0.009,44,1597751082,1.3001347780227661,0.0,0.0,4.717863264493644,7.7984669915167615
0.009,45,730359585,1.0915920734405518,0.0,0.0,4.8893838678486645,7.058435992803425
0.009,46,1016641002,1.3177344799041748,0.0,0.0,4.5960856303572655,7.678813009988517
0.009,47,998994690,1.116898536682129,0.0,0.0,4.7831122756469995,8.07110899768304
0.009,48,1021240743,1.1073551177978516,0.0,0.0,4.802814350929111,7.974986991030164
0.009,49,572134801,1.5147310495376587,0.0,0.0,4.476962331682444,7.4498510075500235
0.009,50,1198399760,1.0712790489196777,0.0,0.0,4.816139618400484,8.25969100696966
0.009,51,1751866485,1.2681604623794556,0.0,0.0,4.602825432084501,9.094711000216193
0.009,52,1070889713,0.9278355240821838,0.0,0.0,5.0595040358603,8.030141005292535
0.009,53,415096539,0.9202646017074585,0.0,0.0,4.99171849549748,7.907613995485008
0.009,54,52416235,1.6790218353271484,0.0,0.0,4.455485061975196,7.351534994086251
0.009,55,278032723,1.111504316329956,0.0,0.0,4.907783698057756,8.287065997137688
0.009,56,174946158,1.0946382284164429,0.0,0.0,4.982314081164077,7.712872000411153
0.009,57,196848554,1.2516484260559082,0.0,0.0,4.714225529693067,7.344793004449457
0.009,58,263030910,0.7940491437911987,0.0,0.0,5.411539506400004,7.728137003141455
0.009,59,1285415020,0.851954460144043,0.0,0.0,5.030651162611321,7.247247005579993
0.009,60,1733223444,0.9135079383850098,0.0,0.0,5.016368581913412,7.887478990596719
0.009,61,1835544261,1.120898723602295,0.0,0.0,4.758405966218561,7.280103993252851
0.009,62,1403186970,0.7920126914978027,0.0,0.0,5.308884380152449,7.956082001328468
0.009,63,1291971777,0.9198972582817078,0.0,0.0,5.123461385490373,7.7885079954285175
0.009,64,712292067,0.9117565155029297,0.0,0.0,5.240835054544732,7.8564400027971715
0.009,65,2001429764,1.1942739486694336,0.0,0.0,4.752207838697359,8.15115199657157
0.009,66,1375664061,1.0174152851104736,0.0,0.0,5.017876567551866,7.182018001913093
0.009,67,1556456120,1.2017930746078491,0.0,0.0,4.858260716544464,7.561018006526865
0.009,68,1576053187,1.1026310920715332,0.0,0.0,4.742510454496369,7.6822440023534
0.009,69,1848019881,1.2522437572479248,0.0,0.0,4.634713075123727,7.399818001431413
0.009,70,1508652585,1.5444185733795166,0.0,0.0,4.521412217989564,7.707465993007645
0.009,71,1995737731,0.759273111820221,0.0,0.0,5.4266006597317755,7.777353006531484
0.009,72,1162788447,0.9901318550109863,0.0,0.0,4.921942577231675,7.938633003504947
0.009,73,1172925522,1.1629793643951416,0.0,0.0,4.82562335813418,8.178117001079954
0.009,74,539174575,1.2833268642425537,0.0,0.0,4.750468803336844,7.7271939953789115
0.009,75,2013637345,1.3188799619674683,0.0,0.0,4.639667533105239,8.080328989308327
0.009,76,1187468716,1.389965534210205,0.0,0.0,4.643914038548246,8.043257999815978
0.009,77,1062978506,1.1275451183319092,0.0,0.0,4.792378522921354,7.708802004344761
0.009,78,679326770,1.3329092264175415,0.0,0.0,4.626138198887929,7.438403001287952
0.009,79,587923432,1.0759656429290771,0.0,0.0,4.88384642964229,7.450325007084757
0.009,80,1359889667,1.1729360818862915,0.0,0.0,4.765356402145699,7.774758996674791
0.009,81,970187386,1.0456836223602295,0.0,0.0,4.985881780274212,7.74348400591407
0.009,82,1219839873,1.028625249862671,0.0,0.0,4.982334305066615,8.25199500832241
0.009,83,1428160212,1.1479374170303345,0.0,0.0,4.798275202512741,7.962331001181155
0.009,84,1930609499,1.0079219341278076,0.0,0.0,5.071017471840605,7.382701995084062
0.009,85,710582861,1.3635362386703491,0.0,0.0,4.673687099013478,7.726117997663096
0.009,86,1463614337,1.2831801176071167,0.0,0.0,4.754768966464326,7.563273000414483
0.009,87,1940152705,1.3032047748565674,0.0,0.0,4.600492422003299,7.669301994610578
0.009,88,985452196,0.9015047550201416,0.0,0.0,5.015433656051755,7.341934004216455
0.009,89,552062587,1.4040321111679077,0.0,0.0,4.529312015743926,7.340156997088343
0.009,90,623566272,0.9946256875991821,0.0,0.0,4.977377651259303,7.955664012115449
0.009,91,729775797,1.0447463989257812,0.0,0.0,4.932994230883196,8.034593993215822
0.009,92,1352536665,1.1612910032272339,0.0,0.0,4.8103890512138605,7.957199006341398
0.009,93,555883440,0.5467954874038696,0.0,0.0,5.771120487945154,7.789556999341585
0.009,94,1801800003,1.217004656791687,0.0,0.0,4.711151719558984,7.6268160046311095
0.009,95,763315502,1.296623706817627,0.0,0.0,4.699839457403868,7.960996998008341
0.009,96,138897982,1.2875512838363647,0.0,0.0,4.687300292309374,7.1733229997335
0.009,97,10785379,0.8877770304679871,0.0,0.0,5.142643108963966,7.418209002935328
0.009,98,53923185,1.1022783517837524,0.0,0.0,4.9063971089199185,7.715232000919059
0.009,99,1349917978,1.3100802898406982,0.0,0.0,4.7124527702108026,8.235515997512266
0.01,0,1501552845,1.090389609336853,0.0,0.0,4.971229647286236,8.083537002676167
0.01,1,488200390,1.3764903545379639,0.0,0.0,4.631767180282623,7.727001007879153
0.01,2,1693606510,1.048927664756775,0.0,0.0,5.092416373314336,7.583115002489649
0.01,3,680233354,1.2141764163970947,0.0,0.0,4.78765867347829,8.002153990673833
0.01,4,438466540,1.0380480289459229,0.0,0.0,4.945318315178156,7.458287989720702
0.01,5,1712329280,1.337834358215332,0.0,0.0,4.59805994713679,8.110864000627771
0.01,6,1380152455,1.0638478994369507,0.0,0.0,4.909733538515866,7.374344990239479
0.01,7,1452245846,1.271443486213684,0.0,0.0,4.707958271261305,8.060943000600673
0.01,8,2122694021,0.9991178512573242,0.0,0.0,5.0152232584077865,8.144292994984426
0.01,9,839901363,1.0713720321655273,0.0,0.0,4.8576208534650505,7.9330400039907545
0.01,10,1802651552,0.9992107152938843,0.0,0.0,5.000913235824555,7.329323008889332
0.01,11,714712467,1.2700984477996826,0.0,0.0,4.656207566848025,8.29646599595435
0.01,12,1218704077,0.9949686527252197,0.0,0.0,5.103350708959624,7.4514610023470595
0.01,13,1284858263,0.6419341564178467,0.0,0.0,5.994645557831973,7.927407990791835
0.01,14,457721135,1.0784902572631836,0.0,0.0,4.88383815693669,7.592078007292002
0.01,15,401008609,1.1059019565582275,0.0,0.0,5.021341592306271,7.705529991653748
0.01,16,492064534,1.1966814994812012,0.0,0.0,4.8287516590207815,7.322755001951009
0.01,17,1444732602,1.3578215837478638,0.0,0.0,4.586311366641894,10.385109999333508
0.01,18,1317426686,1.1378788948059082,0.0,0.0,4.747282024007291,7.509807997848839
0.01,19,2022506251,0.9783306121826172,0.0,0.0,5.005868159700185,8.248976999311708
0.01,20,1516459118,1.2071948051452637,0.0,0.0,4.663319815183058,7.595917006256059
0.01,21,533103612,1.0252983570098877,0.0,0.0,4.951847534161061,7.650304003618658
0.01,22,1964759878,1.238983392715454,0.0,0.0,4.755328688304871,8.08988299104385
0.01,23,2037706756,0.9448807239532471,0.0,0.0,4.902356277452782,7.41559499874711
0.01,24,1572889065,1.0641441345214844,0.0,0.0,4.783906434895471,7.633308006916195
0.01,25,1432881518,1.312883973121643,0.0,0.0,4.623921716585755,7.781129010254517
0.01,26,280516901,1.1168079376220703,0.0,0.0,4.780890987953171,7.522443993366323
0.01,27,205939248,1.1058329343795776,0.0,0.0,4.80292311264202,8.437616997980513
0.01,28,571904914,1.0968890190124512,0.0,0.0,4.95709845982492,7.744153990643099
0.01,29,948843457,1.329219102859497,0.0,0.0,4.8558622295968235,7.677841989789158
0.01,30,155492488,1.1393150091171265,0.0,0.0,4.78111667605117,8.040400003665127
0.01,31,1903701130,1.287508249282837,0.0,0.0,4.753454090328887,7.710803998634219
0.01,32,1017961266,1.468306064605713,0.0,0.0,4.457745591411367,7.78564800566528
0.01,33,1497769985,1.1429888010025024,0.0,0.0,4.878607289632782,7.8974889911478385
0.01,34,456523489,1.0853420495986938,0.0,0.0,4.910563523881137,7.169775999500416
0.01,35,701095136,1.2901787757873535,0.0,0.0,4.804373867111281,8.023014001082629
0.01,36,249069576,1.018636703491211,0.0,0.0,4.7712923504877836,7.175888997153379
0.01,37,1576098728,1.4155888557434082,0.0,0.0,4.647989427205175,7.909574997029267
0.01,38,1662748500,1.40716552734375,0.0,0.0,4.609953970415518,7.18362900079228
0.01,39,472736216,1.3529808521270752,0.0,0.0,4.696100279688835,7.904281999799423
0.01,40,1535411295,1.0467427968978882,0.0,0.0,4.865823472384363,7.907826991868205
0.01,41,175223003,1.129767656326294,0.0,0.0,4.880671072751284,8.077604012214579
0.01,42,840936862,1.25751531124115,0.0,0.0,4.656647328520194,7.998100001714192
0.01,43,343373188,1.1756106615066528,0.0,0.0,4.801730125211179,7.631581000168808
0.01,44,1597751082,1.3143975734710693,0.0,0.0,4.731466121040285,7.841112994356081
0.01,45,730359585,1.180015206336975,0.0,0.0,4.726893863640726,7.763942005112767
0.01,46,1016641002,1.4418052434921265,0.0,0.0,4.53422538167797,7.873448994359933
0.01,47,998994690,1.1350454092025757,0.0,0.0,4.819238046882674,7.873922004364431
0.01,48,1021240743,1.1058670282363892,0.0,0.0,5.002064068103209,7.470412994734943
0.01,49,572134801,1.5250110626220703,0.0,0.0,4.4649119805544615,7.441734996973537
0.01,50,1198399760,1.115044116973877,0.0,0.0,4.848550194874406,7.765381000353955
0.01,51,1751866485,1.2865467071533203,0.0,0.0,4.652498736046255,7.6058900012867525
0.01,52,1070889713,1.158647060394287,0.0,0.0,4.830567977158353,7.5985479925293475
0.01,53,415096539,1.0018264055252075,0.0,0.0,5.059102570172399,7.681590999709442
0.01,54,52416235,1.7059521675109863,0.0,0.0,4.458566607907414,7.449507000274025
0.01,55,278032723,1.1276038885116577,0.0,0.0,4.799937703181058,7.217071004561149
0.01,56,174946158,1.1296181678771973,0.0,0.0,5.13375338469632,7.728369004325941
0.01,57,196848554,1.304503321647644,0.0,0.0,4.674329702043906,7.8484589903382584
0.01,58,263030910,0.8162785172462463,0.0,0.0,5.405193128390238,7.4762529984582216
0.01,59,1285415020,0.953260600566864,0.0,0.0,4.847378685604781,7.440048997523263
0.01,60,1733223444,0.9251709580421448,0.0,0.0,4.974351813085377,7.196391001343727
0.01,61,1835544261,0.9170142412185669,0.0,0.0,5.2206297484226525,7.5133520003873855
0.01,62,1403186970,0.8314210176467896,0.0,0.0,5.306443122914061,8.11255699954927
0.01,63,1291971777,0.797724723815918,0.0,0.0,5.399743376299739,7.556232012575492
0.01,64,712292067,0.9437086582183838,0.0,0.0,5.066580619895831,7.750011995085515
0.01,65,2001429764,1.1948970556259155,0.0,0.0,4.7441593708936125,7.6799439993919805
0.01,66,1375664061,1.107978105545044,0.0,0.0,4.911099686985835,8.024766997550614
0.01,67,1556456120,1.1919599771499634,0.0,0.0,4.902968276059255,7.482735993107781
0.01,68,1576053187,1.0130447149276733,0.0,0.0,4.808792611351237,7.559006990049966
0.01,69,1848019881,1.2629079818725586,0.0,0.0,4.654383925022557,7.44728599966038
0.01,70,1508652585,1.5624409914016724,0.0,0.0,4.518723382614553,7.803233995218761
0.01,71,1995737731,0.775322675704956,0.0,0.0,5.417947618989274,7.6445830054581165
0.01,72,1162788447,0.8835805654525757,0.0,0.0,5.3066258013714105,7.538766003563069
0.01,73,1172925522,1.2905573844909668,0.0,0.0,4.603019227273762,7.544178995885886
0.01,74,539174575,1.310746192932129,0.0,0.0,4.695120901335031,7.8411569993477315
0.01,75,2013637345,1.3766874074935913,0.0,0.0,4.563292478211224,7.363204989815131
0.01,76,1187468716,1.40442955493927,0.0,0.0,4.526878409320489,7.533066993346438
0.01,77,1062978506,1.2400615215301514,0.0,0.0,4.748782200738788,7.883344995207153
0.01,78,679326770,1.3605380058288574,0.0,0.0,4.5865090591832995,7.820980987162329
0.01,79,587923432,1.0808354616165161,0.0,0.0,4.874559726566076,8.009006996871904
0.01,80,1359889667,1.2069334983825684,0.0,0.0,4.796157891396433,7.5483450054889545
0.01,81,970187386,1.0039631128311157,0.0,0.0,5.1195872272364795,8.018777007237077
0.01,82,1219839873,1.019871473312378,0.0,0.0,5.125659733545035,7.568044005893171
0.01,83,1428160212,1.1227519512176514,0.0,0.0,4.820734858512878,8.19165700522717
0.01,84,1930609499,1.0430809259414673,0.0,0.0,4.947249123360962,7.545838001533411
0.01,85,710582861,1.4168874025344849,0.0,0.0,4.634290367364883,7.486668997444212
0.01,86,1463614337,1.323345422744751,0.0,0.0,4.764169086469337,7.77794599707704
0.01,87,1940152705,1.3534667491912842,0.0,0.0,4.550147542729974,7.724216004135087
0.01,88,985452196,0.8321985006332397,0.0,0.0,5.10727420123294,8.195171991246752
0.01,89,552062587,1.4377321004867554,0.0,0.0,4.5172603346873075,8.296708998386748
0.01,90,623566272,1.154034972190857,0.0,0.0,4.683617730857804,7.8624019952258095
0.01,91,729775797,1.199535608291626,0.0,0.0,4.888419632567093,7.92829500278458
0.01,92,1352536665,1.2377374172210693,0.0,0.0,4.775737655581906,7.5926030112896115
0.01,93,555883440,0.8701940774917603,0.0,0.0,5.254509746329859,8.34374999976717
0.01,94,1801800003,1.234865427017212,0.0,0.0,4.704396108398214,7.647924998309463
0.01,95,763315502,1.3232110738754272,0.0,0.0,4.686497140675783,7.456136998371221
0.01,96,138897982,1.2958793640136719,0.0,0.0,4.626761288614944,7.405468000797555
0.01,97,10785379,1.0803660154342651,0.0,0.0,5.013104445533827,8.09196500631515
0.01,98,53923185,1.1526447534561157,0.0,0.0,4.85172319598496,7.517344987718388
0.01,99,1349917978,1.3443468809127808,0.0,0.0,4.648084604647011,7.765319998725317
0.011,0,1501552845,1.016020655632019,0.0,0.0,4.959240958094597,7.6532120001502335
0.011,1,488200390,1.37833571434021,0.0,0.0,4.661047130823135,7.250085007399321
0.011,2,1693606510,1.150819182395935,0.0,0.0,4.849744008621201,7.618699994054623
0.011,3,680233354,1.2287356853485107,0.0,0.0,4.736778015969321,7.517158999689855
0.011,4,438466540,1.0932023525238037,0.0,0.0,5.049372520996258,7.284277002327144
0.011,5,1712329280,1.4568675756454468,0.0,0.0,4.556220401078463,7.28554799570702
0.011,6,1380152455,1.1094985008239746,0.0,0.0,4.848104107892141,7.62625400966499
0.011,7,1452245846,1.2840005159378052,0.0,0.0,4.659572725417092,8.252801999333315
0.011,8,2122694021,0.9651097655296326,0.0,0.0,5.055568356765434,7.504041001084261
0.011,9,839901363,1.0147795677185059,0.0,0.0,4.842720854561776,7.962538002175279
0.011,10,1802651552,1.084215760231018,0.0,0.0,4.93946361518465,7.513302989536896
0.011,11,714712467,1.3637075424194336,0.0,0.0,4.556408032774925,7.7156699990155175
0.011,12,1218704077,1.0967251062393188,0.0,0.0,4.926348838256672,10.12617400556337
0.011,13,1284858263,0.8734284043312073,0.0,0.0,5.45429075602442,7.528531001298688
0.011,14,457721135,1.0968008041381836,0.0,0.0,4.840765550732613,7.716945998254232
0.011,15,401008609,1.1074944734573364,0.0,0.0,4.860225997632369,8.151838002959266
0.011,16,492064534,1.1909329891204834,0.0,0.0,4.695218632463366,7.257395001943223
0.011,17,1444732602,1.4034602642059326,0.0,0.0,4.585263196378946,7.360880001215264
0.011,18,1317426686,1.162535309791565,0.0,0.0,4.67095623142086,7.876750998548232
0.011,19,2022506251,0.9817996025085449,0.0,0.0,4.982991357799619,7.76463899819646
0.011,20,1516459118,1.2239066362380981,0.0,0.0,4.644771454622969,7.493974990211427
0.011,21,533103612,1.0691657066345215,0.0,0.0,4.84655087441206,7.631743996171281
0.011,22,1964759878,1.267799735069275,0.0,0.0,4.723001584410667,7.78013801027555
0.011,23,2037706756,1.0153100490570068,0.0,0.0,4.87831531255506,8.184614998754114
0.011,24,1572889065,1.1008644104003906,0.0,0.0,4.741425833897665,7.206718000816181
0.011,25,1432881518,1.3225926160812378,0.0,0.0,4.588233322836459,7.534867996582761
0.011,26,280516901,1.196107268333435,0.0,0.0,4.77908796723932,7.739851993392222
0.011,27,205939248,1.086403727531433,0.0,0.0,4.788477034773678,7.515067001804709
0.011,28,571904914,1.1348087787628174,0.0,0.0,4.890717833535746,7.970917009515688
0.011,29,948843457,1.3515381813049316,0.0,0.0,4.73435191065073,7.849071000237018
0.011,30,155492488,1.2189055681228638,0.0,0.0,4.702039970085025,7.798591992468573
0.011,31,1903701130,1.3216567039489746,0.0,0.0,4.670412050560117,8.17190099041909
0.011,32,1017961266,1.4733741283416748,0.0,0.0,4.453805950703099,7.479983993107453
0.011,33,1497769985,1.1944284439086914,0.0,0.0,4.825987804215401,7.5155950034968555
0.011,34,456523489,1.1880053281784058,0.0,0.0,4.756185154430568,7.187113995314576
0.011,35,701095136,1.309885025024414,0.0,0.0,4.783780742436647,7.585668005049229
0.011,36,249069576,1.1005388498306274,0.0,0.0,4.795976163586602,7.795903002261184
0.011,37,1576098728,1.427988052368164,0.0,0.0,4.655770872486755,7.192523989942856
0.011,38,1662748500,1.4199297428131104,0.0,0.0,4.626603671582416,7.518571001128294
0.011,39,472736216,1.3950202465057373,0.0,0.0,4.627511489670724,7.786325993947685
0.011,40,1535411295,1.124852180480957,0.0,0.0,4.792049726238474,7.530825998401269
0.011,41,175223003,1.155808925628662,0.0,0.0,4.8043935431633145,7.696343003772199
0.011,42,840936862,1.3010599613189697,0.0,0.0,4.690172879491001,8.161534002283588
0.011,43,343373188,1.2003992795944214,0.0,0.0,4.847981455270201,7.547599991085008
0.011,44,1597751082,1.37629234790802,0.0,0.0,4.614310528384522,8.098322010482661
0.011,45,730359585,1.233093023300171,0.0,0.0,4.707356853410602,7.529271999374032
0.011,46,1016641002,1.4956389665603638,0.0,0.0,4.516148626804352,7.41066099726595
0.011,47,998994690,1.1569032669067383,0.0,0.0,4.914095382671803,7.8349399991566315
0.011,48,1021240743,1.1894804239273071,0.0,0.0,4.7779886547941715,7.857980992412195
0.011,49,572134801,1.584984302520752,0.0,0.0,4.468250568956137,7.857819990022108
0.011,50,1198399760,1.1455527544021606,0.0,0.0,4.830192502820864,7.468241004971787
0.011,51,1751866485,1.2868356704711914,0.0,0.0,4.617395027540624,7.844949999707751
0.011,52,1070889713,1.0623090267181396,0.0,0.0,4.786802930058911,7.595846996991895
0.011,53,415096539,1.0981231927871704,0.0,0.0,4.91947959898971,7.810030991095118
0.011,54,52416235,1.7378101348876953,0.0,0.0,4.453986667096615,7.476785991457291
0.011,55,278032723,1.1766895055770874,0.0,0.0,4.71816432569176,7.423635004670359
0.011,56,174946158,1.243174433708191,0.0,0.0,4.886948945000768,7.415157000650652
0.011,57,196848554,1.3485255241394043,0.0,0.0,4.658361392095685,7.650316008948721
0.011,58,263030910,0.9712684750556946,0.0,0.0,5.088738203747198,7.8300989989656955
0.011,59,1285415020,1.0488837957382202,0.0,0.0,4.849400671664625,7.8967199951875955
0.011,60,1733223444,0.9710251688957214,0.0,0.0,4.97629239433445,8.048386996961199
0.011,61,1835544261,1.2421025037765503,0.0,0.0,4.6879386766813695,7.492194999940693
0.011,62,1403186970,0.8820697665214539,0.0,0.0,5.1068073296919465,7.933195985970087
0.011,63,1291971777,0.8978040814399719,0.0,0.0,5.083378071663901,7.49016398913227
0.011,64,712292067,0.9530054330825806,0.0,0.0,5.163576178951189,7.855048999772407
0.011,65,2001429764,1.0699522495269775,0.0,0.0,4.828804520890117,7.634146008058451
0.011,66,1375664061,1.236517071723938,0.0,0.0,4.679639276582748,7.875265000620857
0.011,67,1556456120,1.2694427967071533,0.0,0.0,4.693574386648834,7.792542994138785
0.011,68,1576053187,1.2034698724746704,0.0,0.0,4.731162051437423,7.737748004728928
0.011,69,1848019881,1.3407737016677856,0.0,0.0,4.62515387381427,7.40670801314991
0.011,70,1508652585,1.596605896949768,0.0,0.0,4.530351751483977,7.642609998583794
0.011,71,1995737731,0.9833492636680603,0.0,0.0,4.89595980849117,7.424420997267589
0.011,72,1162788447,1.0370286703109741,0.0,0.0,4.861217172583565,7.478895990061574
0.011,73,1172925522,1.335976481437683,0.0,0.0,4.612896222155541,7.502148000639863
0.011,74,539174575,1.36184561252594,0.0,0.0,4.669005348347127,7.562490995042026
0.011,75,2013637345,1.4012354612350464,0.0,0.0,4.547375939786434,8.043908994295634
0.011,76,1187468716,1.457482933998108,0.0,0.0,4.510611851001158,7.929863000754267
0.011,77,1062978506,1.2859410047531128,0.0,0.0,4.712013709591702,7.4671320035122335
0.011,78,679326770,1.4280403852462769,0.0,0.0,4.594249945366755,7.853123999666423
0.011,79,587923432,1.124379277229309,0.0,0.0,4.824323809472844,7.5721330067608505
0.011,80,1359889667,1.2924001216888428,0.0,0.0,4.748379728524014,7.825013002729975
0.011,81,970187386,1.1206395626068115,0.0,0.0,4.842627439647913,7.577655997010879
0.011,82,1219839873,1.0612730979919434,0.0,0.0,4.983494475251064,7.371508996584453
0.011,83,1428160212,1.1714752912521362,0.0,0.0,4.8199454876594245,7.840327001758851
0.011,84,1930609499,1.1005393266677856,0.0,0.0,4.9477432642597705,7.76071498694364
0.011,85,710582861,1.4788539409637451,0.0,0.0,4.564893051749095,11.993987995083444
0.011,86,1463614337,1.3174779415130615,0.0,0.0,4.688683146378025,7.577993004815653
0.011,87,1940152705,1.3930073976516724,0.0,0.0,4.551648385589942,7.775687001412734
0.011,88,985452196,0.9222626686096191,0.0,0.0,5.157837781123817,8.058460996835493
0.011,89,552062587,1.4501665830612183,0.0,0.0,4.514578472822905,8.449631990515627
0.011,90,623566272,1.199555516242981,0.0,0.0,4.773645077832043,7.695925000007264
0.011,91,729775797,1.2149815559387207,0.0,0.0,4.784018402686343,46.43299100280274
0.011,92,1352536665,1.3524163961410522,0.0,0.0,4.668638196075335,7.991359001607634
0.011,93,555883440,1.1308951377868652,0.0,0.0,4.85625995718874,7.562161001260392
0.011,94,1801800003,1.2483659982681274,0.0,0.0,4.704566831002012,7.5981729896739125
0.011,95,763315502,1.3273444175720215,0.0,0.0,4.685953627340496,7.3631639970699325
0.011,96,138897982,1.3150173425674438,0.0,0.0,4.671978570288047,7.752346005872823
0.011,97,10785379,1.1805317401885986,0.0,0.0,4.875739231472835,7.652583997696638
0.011,98,53923185,1.202438235282898,0.0,0.0,4.804827532963827,7.960542003274895
0.011,99,1349917978,1.3549067974090576,0.0,0.0,4.661628754576668,7.745795999653637
0.012,0,1501552845,1.1364452838897705,0.0,0.0,4.935947135556489,7.315023991395719
0.012,1,488200390,1.4566491842269897,0.0,0.0,4.5604078562464565,7.242854000651278
0.012,2,1693606510,1.239452600479126,0.0,0.0,4.71128760650754,7.668859005207196
0.012,3,680233354,1.2458816766738892,0.0,0.0,4.719369443831965,7.689291989663616
0.012,4,438466540,1.2202016115188599,0.0,0.0,4.779109962517396,8.002489994396456
0.012,5,1712329280,1.4821075201034546,0.0,0.0,4.56983563490212,7.781943000736646
0.012,6,1380152455,1.1901202201843262,0.0,0.0,4.82030198071152,7.697811990510672
0.012,7,1452245846,1.3037577867507935,0.0,0.0,4.7196229146793485,9.846875997027382
0.012,8,2122694021,1.134135127067566,0.0,0.0,4.802439702209085,7.5388190016383305
0.012,9,839901363,1.0672686100006104,0.0,0.0,4.861487604910508,8.630026000901125
0.012,10,1802651552,1.111872911453247,0.0,0.0,4.755521870916709,8.110381997539662
0.012,11,714712467,1.3948731422424316,0.0,0.0,4.56357202725485,7.764120004139841
0.012,12,1218704077,1.1719162464141846,0.0,0.0,4.949922749772668,7.401840994134545
0.012,13,1284858263,0.8971628546714783,0.0,0.0,5.565337917068973,7.8093820047797635
0.012,14,457721135,1.1873159408569336,0.0,0.0,4.891745991073549,7.47936699190177
0.012,15,401008609,1.241111159324646,0.0,0.0,4.850447181612253,7.713846993283369
0.012,16,492064534,1.2530517578125,0.0,0.0,4.813859775662422,7.506409005145542
0.012,17,1444732602,1.3829611539840698,0.0,0.0,4.590132412035018,8.00520800112281
0.012,18,1317426686,1.1758360862731934,0.0,0.0,4.6940139348153025,7.452178993844427
0.012,19,2022506251,0.9702906012535095,0.0,0.0,4.865163423353806,7.7304440055741
0.012,20,1516459118,1.2347925901412964,0.0,0.0,4.679652622435242,7.889974003774114
0.012,21,533103612,1.0537474155426025,0.0,0.0,4.8330894995015115,7.949808001285419
0.012,22,1964759878,1.3288341760635376,0.0,0.0,4.689722946379334,7.781972992233932
0.012,23,2037706756,1.0808700323104858,0.0,0.0,4.858301644213498,7.755626997095533
0.012,24,1572889065,1.103057622909546,0.0,0.0,4.798070287331939,7.599486998515204
0.012,25,1432881518,1.3369899988174438,0.0,0.0,4.580182212404907,7.50622600025963
0.012,26,280516901,1.2127735614776611,0.0,0.0,4.733617536956444,7.901835997472517
0.012,27,205939248,1.2279585599899292,0.0,0.0,4.7429319366347045,10.935482001514174
0.012,28,571904914,1.1401352882385254,0.0,0.0,4.937818481121212,7.098340996890329
0.012,29,948843457,1.3556151390075684,0.0,0.0,4.636225476628169,7.667550002224743
0.012,30,155492488,1.2956002950668335,0.0,0.0,4.614404928870499,7.765829999698326
0.012,31,1903701130,1.4138587713241577,0.0,0.0,4.634320231853053,7.680976006668061
0.012,32,1017961266,1.6386997699737549,0.0,0.0,4.443150284001604,7.32039799913764
0.012,33,1497769985,1.1999475955963135,0.0,0.0,4.890826873946935,7.1078420005505905
0.012,34,456523489,1.23573899269104,0.0,0.0,4.766726166475564,7.60037598956842
0.012,35,701095136,1.4505233764648438,0.0,0.0,4.5333248362876475,7.549244997790083
0.012,36,249069576,1.1205984354019165,0.0,0.0,4.8776485631242394,7.772426004521549
0.012,37,1576098728,1.4528958797454834,0.0,0.0,4.6528833247721195,7.7584699902217835
0.012,38,1662748500,1.4256184101104736,0.0,0.0,4.595754803158343,7.728538999799639
0.012,39,472736216,1.4464921951293945,0.0,0.0,4.635904792696238,7.493253986467607
0.012,40,1535411295,1.0827363729476929,0.0,0.0,4.7550409864634275,7.825211010640487
0.012,41,175223003,1.1783573627471924,0.0,0.0,4.790540877729654,8.068671988439746
0.012,42,840936862,1.3240569829940796,0.0,0.0,4.644107776461169,7.564988001831807
0.012,43,343373188,1.3547649383544922,0.0,0.0,4.611125408438966,7.592708003357984
0.012,44,1597751082,1.411751389503479,0.0,0.0,4.572314083343372,7.478145998902619
0.012,45,730359585,1.2912797927856445,0.0,0.0,4.570485966512933,11.133079009596258
0.012,46,1016641002,1.4992705583572388,0.0,0.0,4.511665445752442,8.005385010619648
0.012,47,998994690,1.1897250413894653,0.0,0.0,4.807890711352229,7.315858005313203
0.012,48,1021240743,1.2259998321533203,0.0,0.0,4.770398650318384,7.441415000357665
0.012,49,572134801,1.6968514919281006,0.0,0.0,4.437710654456168,7.890105000115
0.012,50,1198399760,1.1854196786880493,0.0,0.0,4.833553689531982,8.127524997689761
0.012,51,1751866485,1.375692367553711,0.0,0.0,4.584866447141394,7.640353011083789
0.012,52,1070889713,1.2463555335998535,0.0,0.0,4.64019881747663,7.670238002901897
0.012,53,415096539,1.0633938312530518,0.0,0.0,4.852175721200183,7.83536299422849
0.012,54,52416235,1.7501012086868286,0.0,0.0,4.432472781976685,7.686180993914604
0.012,55,278032723,1.2604700326919556,0.0,0.0,4.6528117505367845,7.208548006019555
0.012,56,174946158,1.3064459562301636,0.0,0.0,4.748948606196791,8.733331007533707
0.012,57,196848554,1.3586803674697876,0.0,0.0,4.6390228951349854,7.276796997757629
0.012,58,263030910,1.0039806365966797,0.0,0.0,4.972803263692185,7.873769995057955
0.012,59,1285415020,1.0102671384811401,0.0,0.0,5.156905370764434,8.062923996476457
0.012,60,1733223444,1.0657085180282593,0.0,0.0,4.881663438631222,7.4684779974631965
0.012,61,1835544261,1.2484936714172363,0.0,0.0,4.816482852678746,7.445606999681331
0.012,62,1403186970,0.8758398294448853,0.0,0.0,5.26119625614956,7.7379029971780255
0.012,63,1291971777,0.9387710690498352,0.0,0.0,5.029543960932642,8.501902993884869
0.012,64,712292067,1.0199774503707886,0.0,0.0,5.026838224381208,8.07278900174424
0.012,65,2001429764,1.1127336025238037,0.0,0.0,4.911316783865914,7.665567012736574
0.012,66,1375664061,1.2384495735168457,0.0,0.0,4.699692629743367,7.03306301147677
0.012,67,1556456120,1.2622913122177124,0.0,0.0,4.722581276670098,7.718364999163896
0.012,68,1576053187,1.225935935974121,0.0,0.0,4.657641662051901,7.946198995341547
0.012,69,1848019881,1.3713593482971191,0.0,0.0,4.628127319272608,8.002272006706335
0.012,70,1508652585,1.6298202276229858,0.0,0.0,4.51545290206559,7.942772994283587
0.012,71,1995737731,0.9736291170120239,0.0,0.0,4.889461994636804,7.428223005263135
0.012,72,1162788447,1.0952122211456299,0.0,0.0,5.0499281492084265,7.588121996377595
0.012,73,1172925522,1.4460121393203735,0.0,0.0,4.508123183390126,7.716196007095277
0.012,74,539174575,1.4012922048568726,0.0,0.0,4.645791043760255,7.765261994791217
0.012,75,2013637345,1.4266585111618042,0.0,0.0,4.522605910664424,7.776828002533875
0.012,76,1187468716,1.4680455923080444,0.0,0.0,4.537050821818411,7.606996005051769
0.012,77,1062978506,1.2965720891952515,0.0,0.0,4.652409735135734,7.720194000285119
0.012,78,679326770,1.4754760265350342,0.0,0.0,4.5814599364530295,7.9242179926950485
0.012,79,587923432,1.2519879341125488,0.0,0.0,4.76652204291895,7.650797997484915
0.012,80,1359889667,1.3155895471572876,0.0,0.0,4.638097167713568,7.848680994356982
0.012,81,970187386,1.1867822408676147,0.0,0.0,4.970548348268494,7.303775011678226
0.012,82,1219839873,1.0833547115325928,0.0,0.0,5.019635548815131,7.770650991005823
0.012,83,1428160212,1.3413915634155273,0.0,0.0,4.647850169334561,7.469916992704384
0.012,84,1930609499,1.1818206310272217,0.0,0.0,4.770311617525294,8.018595995963551
0.012,85,710582861,1.4937022924423218,0.0,0.0,4.55519111151807,7.6741899974877015
0.012,86,1463614337,1.3648016452789307,0.0,0.0,4.629768379498273,7.697926004766487
0.012,87,1940152705,1.4023478031158447,0.0,0.0,4.550253685563803,7.2293220000574365
0.012,88,985452196,1.0616530179977417,0.0,0.0,4.728754814015701,7.405975993606262
0.012,89,552062587,1.4702725410461426,0.0,0.0,4.5027107005007565,8.087975002126768
0.012,90,623566272,1.2243633270263672,0.0,0.0,4.691947570769116,8.191152999643236
0.012,91,729775797,1.164641261100769,0.0,0.0,4.872267935425043,7.279017998371273
0.012,92,1352536665,1.3418793678283691,0.0,0.0,4.6654048319906,8.231993007939309
0.012,93,555883440,1.2094413042068481,0.0,0.0,4.775803182972595,7.415815998683684
0.012,94,1801800003,1.2598180770874023,0.0,0.0,4.734598302049562,7.665103999897838
0.012,95,763315502,1.3749059438705444,0.0,0.0,4.693512795027345,7.703291004872881
0.012,96,138897982,1.3323153257369995,0.0,0.0,4.6098424210213125,7.924454999738373
0.012,97,10785379,1.1788640022277832,0.0,0.0,4.902147524058819,7.458705993485637
0.012,98,53923185,1.2579132318496704,0.0,0.0,4.830357962753624,7.389193997369148
0.012,99,1349917978,1.3855701684951782,0.0,0.0,4.618381790816784,7.634209003299475
0.013,0,1501552845,1.1524502038955688,0.0,0.0,4.785953601589426,8.059054001932964
0.013,1,488200390,1.4856621026992798,0.0,0.0,4.554192517651245,7.689520003623329
0.013,2,1693606510,1.4010804891586304,0.0,0.0,4.579668007558212,10.747503998572938
0.013,3,680233354,1.2461590766906738,0.0,0.0,4.745172845432535,7.66459500300698
0.013,4,438466540,1.2595421075820923,0.0,0.0,4.756738717900589,7.928791994345374
0.013,5,1712329280,1.501859426498413,0.0,0.0,4.571521601872519,7.715432002441958
0.013,6,1380152455,1.1803847551345825,0.0,0.0,4.661126300459728,7.92247400386259
0.013,7,1452245846,1.4067739248275757,0.0,0.0,4.603846485959366,7.58802899508737
0.013,8,2122694021,1.1265757083892822,0.0,0.0,4.862972284434363,8.231993997469544
0.013,9,839901363,1.0739021301269531,0.0,0.0,4.885449723573402,7.38225900568068
0.013,10,1802651552,1.136203408241272,0.0,0.0,4.815710748778656,7.376709996606223
0.013,11,714712467,1.4152060747146606,0.0,0.0,4.5346841749269515,7.704606992774643
0.013,12,1218704077,1.1757174730300903,0.0,0.0,4.81818210426718,7.824793996405788
0.013,13,1284858263,0.866671621799469,0.0,0.0,5.350110607454553,7.849891990190372
0.013,14,457721135,1.2047141790390015,0.0,0.0,4.845030431635678,7.489448005799204
0.013,15,401008609,1.2831695079803467,0.0,0.0,4.755192256066948,7.864543003961444
0.013,16,492064534,1.2742493152618408,0.0,0.0,4.690945743350312,7.52903099055402
0.013,17,1444732602,1.438603401184082,0.0,0.0,4.582886200863868,11.178553992067464
0.013,18,1317426686,1.210680603981018,0.0,0.0,4.648819901747629,7.89079099195078
0.013,19,2022506251,0.9853345155715942,0.0,0.0,4.970753900706768,7.181645996752195
0.013,20,1516459118,1.3010696172714233,0.0,0.0,4.61426777113229,7.820295009878464
0.013,21,533103612,1.0608500242233276,0.0,0.0,4.727976857684553,7.759373998851515
0.013,22,1964759878,1.3368338346481323,0.0,0.0,4.675640584202483,7.978660010849126
0.013,23,2037706756,1.2866407632827759,0.0,0.0,4.73471672530286,7.367152997176163
0.013,24,1572889065,1.2086247205734253,0.0,0.0,4.66018952592276,7.72774699726142
0.013,25,1432881518,1.3575776815414429,0.0,0.0,4.564555461984128,7.572235990664922
0.013,26,280516901,1.2185930013656616,0.0,0.0,4.717805030755699,8.028252006624825
0.013,27,205939248,1.2759816646575928,0.0,0.0,4.6780941393226385,7.706407006480731
0.013,28,571904914,1.0340921878814697,0.0,0.0,4.922487819334492,7.584116989164613
0.013,29,948843457,1.3790717124938965,0.0,0.0,4.639924040762708,7.113643005141057
0.013,30,155492488,1.294325351715088,0.0,0.0,4.651560452301055,7.558331999462098
0.013,31,1903701130,1.4333455562591553,0.0,0.0,4.617305942578241,7.466511000529863
0.013,32,1017961266,1.648359775543213,0.0,0.0,4.448566497536376,7.704041010583751
0.013,33,1497769985,1.2171313762664795,0.0,0.0,4.779495873488486,7.54386700282339
0.013,34,456523489,1.2462412118911743,0.0,0.0,4.79145675804466,7.885671002441086
0.013,35,701095136,1.4342883825302124,0.0,0.0,4.529305312782526,42.12270698917564
0.013,36,249069576,1.1328411102294922,0.0,0.0,4.71878264262341,8.298178989207372
0.013,37,1576098728,1.5135343074798584,0.0,0.0,4.624967969954014,8.071007003309205
0.013,38,1662748500,1.488197922706604,0.0,0.0,4.570900120539591,7.883186000981368
0.013,39,472736216,1.467477798461914,0.0,0.0,4.620463306084275,7.636825001100078
0.013,40,1535411295,1.175944209098816,0.0,0.0,4.687602320453152,7.496156002162024
0.013,41,175223003,1.2470349073410034,0.0,0.0,4.776017245836556,7.73949600988999
0.013,42,840936862,1.3132587671279907,0.0,0.0,4.663543269736692,7.654622007976286
0.013,43,343373188,1.405381679534912,0.0,0.0,4.625713515095413,7.64869998965878
0.013,44,1597751082,1.4610657691955566,0.0,0.0,4.589591019554064,7.737142994301394
0.013,45,730359585,1.3792839050292969,0.0,0.0,4.5425198576413095,7.499641986214556
0.013,46,1016641002,1.5267564058303833,0.0,0.0,4.506783313816413,7.349078994593583
0.013,47,998994690,1.2719802856445312,0.0,0.0,4.695712017128244,7.861047997721471
0.013,48,1021240743,1.24361252784729,0.0,0.0,4.736722711008042,7.5048500002594665
0.013,49,572134801,1.7129870653152466,0.0,0.0,4.433822548249736,8.260846996563487
0.013,50,1198399760,1.262369990348816,0.0,0.0,4.701058718608692,7.5047939899377525
0.013,51,1751866485,1.3986040353775024,0.0,0.0,4.582712693139911,7.763937988784164
0.013,52,1070889713,1.29286789894104,0.0,0.0,4.610676761250943,7.317251001950353
0.013,53,415096539,1.1927207708358765,0.0,0.0,4.718385419808328,28.41424199868925
0.013,54,52416235,1.7787944078445435,0.0,0.0,4.425674129277468,8.02175399439875
0.013,55,278032723,1.244936466217041,0.0,0.0,4.638355047209188,8.176712988642976
0.013,56,174946158,1.3396105766296387,0.0,0.0,4.63085386203602,7.859362987801433
0.013,57,196848554,1.3585484027862549,0.0,0.0,4.635094618191943,11.567868990823627
0.013,58,263030910,1.0279488563537598,0.0,0.0,4.970505106961355,8.556821005186066
0.013,59,1285415020,1.0844742059707642,0.0,0.0,4.8046990926377475,7.489483003155328
0.013,60,1733223444,1.0854932069778442,0.0,0.0,4.8002540215384215,7.586873005493544
0.013,61,1835544261,1.2731666564941406,0.0,0.0,4.7014937868807465,7.971729006385431
0.013,62,1403186970,0.9186682105064392,0.0,0.0,5.1647163953166455,7.693658000789583
0.013,63,1291971777,0.9705515503883362,0.0,0.0,4.851619636639953,7.422941009281203
0.013,64,712292067,1.0032000541687012,0.0,0.0,4.950919739669189,8.065831003477797
0.013,65,2001429764,1.302083134651184,0.0,0.0,4.655217280611396,7.487843002309091
0.013,66,1375664061,1.2391912937164307,0.0,0.0,4.703407338820398,8.23616300476715
0.013,67,1556456120,1.4073429107666016,0.0,0.0,4.621144395554438,7.847528991987929
0.013,68,1576053187,1.2287153005599976,0.0,0.0,4.753574363654479,7.319672004086897
0.013,69,1848019881,1.387985348701477,0.0,0.0,4.606466798810288,7.40578499971889
0.013,70,1508652585,1.6779954433441162,0.0,0.0,4.5221022120676935,7.403727009659633
0.013,71,1995737731,1.100583791732788,0.0,0.0,5.071195058757439,7.959332986501977
0.013,72,1162788447,1.1974225044250488,0.0,0.0,4.868858591420576,7.550137990619987
0.013,73,1172925522,1.537929892539978,0.0,0.0,4.4685885303188115,7.813037998857908
0.013,74,539174575,1.4275611639022827,0.0,0.0,4.603018084540963,7.525370994699188
0.013,75,2013637345,1.443960428237915,0.0,0.0,4.530018656514585,8.207528997445479
0.013,76,1187468716,1.4966883659362793,0.0,0.0,4.52455385401845,7.489869007258676
0.013,77,1062978506,1.383554220199585,0.0,0.0,4.56192326801829,7.468237992725335
0.013,78,679326770,1.4932513236999512,0.0,0.0,4.579639750532806,7.888362000812776
0.013,79,587923432,1.2465238571166992,0.0,0.0,4.732798299053684,7.830932998331264
0.013,80,1359889667,1.3309882879257202,0.0,0.0,4.655922214267775,7.988297002157196
0.013,81,970187386,1.2933552265167236,0.0,0.0,4.787123255198821,7.474013997125439
0.013,82,1219839873,1.070534348487854,0.0,0.0,4.837908812100068,7.850591005990282
0.013,83,1428160212,1.3693954944610596,0.0,0.0,4.652627598959953,7.705405005253851
0.013,84,1930609499,1.161712884902954,0.0,0.0,5.104344562627375,7.802530002663843
0.013,85,710582861,1.5137169361114502,0.0,0.0,4.558940889313817,7.41284700052347
0.013,86,1463614337,1.3894251585006714,0.0,0.0,4.612742043565959,7.5075430067954585
0.013,87,1940152705,1.4124171733856201,0.0,0.0,4.551841253880411,7.634806999703869
0.013,88,985452196,1.1010335683822632,0.0,0.0,4.877783451694995,7.868669010349549
0.013,89,552062587,1.492056131362915,0.0,0.0,4.500605046283454,7.553086994448677
0.013,90,623566272,1.277759075164795,0.0,0.0,4.704173394944519,7.915585010778159
0.013,91,729775797,1.1739894151687622,0.0,0.0,4.794489891501144,7.874086004449055
0.013,92,1352536665,1.3848419189453125,0.0,0.0,4.652876225300133,8.49147500412073
0.013,93,555883440,1.2362223863601685,0.0,0.0,4.698907095938921,7.591153989778832
0.013,94,1801800003,1.3291223049163818,0.0,0.0,4.606140272459015,7.5762399937957525
0.013,95,763315502,1.3882676362991333,0.0,0.0,4.645628746133298,7.829363996279426
0.013,96,138897982,1.3907569646835327,0.0,0.0,4.564261747291312,7.297713993466459
0.013,97,10785379,1.0715566873550415,0.0,0.0,4.848234075354412,8.792253996944055
0.013,98,53923185,1.2799663543701172,0.0,0.0,4.674465023446828,7.428755008731969
0.013,99,1349917978,1.3984079360961914,0.0,0.0,4.619314526673406,7.533069001510739
0.014,0,1501552845,1.1260515451431274,0.0,0.0,4.9020525654777884,7.811450996086933
0.014,1,488200390,1.500355839729309,0.0,0.0,4.53899117722176,7.587453001178801
0.014,2,1693606510,1.4835184812545776,0.0,0.0,4.579179038060829,7.680395006900653
0.014,3,680233354,1.2799196243286133,0.0,0.0,4.649648037506267,7.299009987036698
0.014,4,438466540,1.2868359088897705,0.0,0.0,4.691244993591681,7.730729994364083
0.014,5,1712329280,1.5264031887054443,0.0,0.0,4.559896082384512,7.733010002993979
0.014,6,1380152455,1.2353591918945312,0.0,0.0,4.60353429755196,7.873562004533596
0.014,7,1452245846,1.4213961362838745,0.0,0.0,4.60530213592574,7.91319299605675
0.014,8,2122694021,1.1213256120681763,0.0,0.0,4.84607919305563,8.571055994252674
0.014,9,839901363,1.1766959428787231,0.0,0.0,4.75514584640041,7.651566993445158
0.014,10,1802651552,1.145142912864685,0.0,0.0,4.81027845130302,7.875173003412783
0.014,11,714712467,1.4823760986328125,0.0,0.0,4.525567140430212,7.264776999363676
0.014,12,1218704077,1.1652412414550781,0.0,0.0,4.998090647393838,7.16750200081151
0.014,13,1284858263,0.8563588261604309,0.0,0.0,5.5236909673549235,7.778553001116961
0.014,14,457721135,1.2516580820083618,0.0,0.0,4.681022220058367,7.808038993971422
0.014,15,401008609,1.312101125717163,0.0,0.0,4.754540687194094,7.698820991208777
0.014,16,492064534,1.2658807039260864,0.0,0.0,4.721905432641506,7.530433998908848
0.014,17,1444732602,1.443154215812683,0.0,0.0,4.571491083828732,7.26052800018806
0.014,18,1317426686,1.2383358478546143,0.0,0.0,4.674099074210972,8.190101987565868
0.014,19,2022506251,1.0153061151504517,0.0,0.0,4.892079301876947,63.93186800414696
0.014,20,1516459118,1.347775936126709,0.0,0.0,4.555310636293143,7.683290998102166
0.014,21,533103612,1.113548755645752,0.0,0.0,4.803120569093153,7.321109005715698
0.014,22,1964759878,1.3336139917373657,0.0,0.0,4.701934755546972,8.270122998510487
0.014,23,2037706756,1.2781686782836914,0.0,0.0,4.763271052390337,7.479293009964749
0.014,24,1572889065,1.279753565788269,0.0,0.0,4.612628010800108,8.327738993102685
0.014,25,1432881518,1.3706324100494385,0.0,0.0,4.5744968159124255,7.5539130048127845
0.014,26,280516901,1.2060109376907349,0.0,0.0,4.7463013615924865,7.745180002530105
0.014,27,205939248,1.3256869316101074,0.0,0.0,4.597435175674036,7.922984004835598
0.014,28,571904914,1.141168475151062,0.0,0.0,4.886490021832287,7.408535995637067
0.014,29,948843457,1.4068199396133423,0.0,0.0,4.599916168954223,7.555411008070223
0.014,30,155492488,1.3004733324050903,0.0,0.0,4.622505801264197,7.365444005699828
0.014,31,1903701130,1.5279299020767212,0.0,0.0,4.590832168934867,7.866112995543517
0.014,32,1017961266,1.69496488571167,0.0,0.0,4.430157926632091,7.835409007384442
0.014,33,1497769985,1.283464789390564,0.0,0.0,4.7356475226115435,7.402053000987507
0.014,34,456523489,1.2899036407470703,0.0,0.0,4.706929256208241,7.599372998811305
0.014,35,701095136,1.472709059715271,0.0,0.0,4.509801852051169,7.399701004032977
0.014,36,249069576,1.2203700542449951,0.0,0.0,4.596161180641502,7.938871000078507
0.014,37,1576098728,1.5300259590148926,0.0,0.0,4.630493744509295,7.688319994485937
0.014,38,1662748500,1.558990240097046,0.0,0.0,4.551421089563519,7.98740099708084
0.014,39,472736216,1.4925330877304077,0.0,0.0,4.603237803792581,7.616065006004646
0.014,40,1535411295,1.3300459384918213,0.0,0.0,4.625452750828117,19.153701010509394
0.014,41,175223003,1.3070482015609741,0.0,0.0,4.638298419537023,9.504857996944338
0.014,42,840936862,1.3612667322158813,0.0,0.0,4.647094956133515,7.904034006060101
0.014,43,343373188,1.4203598499298096,0.0,0.0,4.6346198685932904,15.044683997984976
0.014,44,1597751082,1.5192726850509644,0.0,0.0,4.5749570422340184,7.466773997293785
0.014,45,730359585,1.4608041048049927,0.0,0.0,4.551719340030104,7.327879007789306
0.014,46,1016641002,1.557771921157837,0.0,0.0,4.5096208800096065,7.549548012320884
0.014,47,998994690,1.2233651876449585,0.0,0.0,4.799103062367067,7.824697997421026
0.014,48,1021240743,1.2925935983657837,0.0,0.0,4.702747558709234,7.386903002043255
0.014,49,572134801,1.7782105207443237,0.0,0.0,4.381197749637067,7.850023001083173
0.014,50,1198399760,1.273368000984192,0.0,0.0,4.744497022591531,7.240192993776873
0.014,51,1751866485,1.5682361125946045,0.0,0.0,4.525727806380019,7.671632993151434
0.014,52,1070889713,1.2851216793060303,0.0,0.0,4.592992172110826,7.36054900335148
0.014,53,415096539,1.2290515899658203,0.0,0.0,4.799956490052864,7.625365993590094
0.014,54,52416235,1.8131526708602905,0.0,0.0,4.415580899221823,7.4053260032087564
0.014,55,278032723,1.2888671159744263,0.0,0.0,4.666944969911128,7.851890011806972
0.014,56,174946158,1.3520948886871338,0.0,0.0,4.757442957255989,7.335795002290979
0.014,57,196848554,1.406440019607544,0.0,0.0,4.6366692134179175,7.7227480069268495
0.014,58,263030910,1.110785961151123,0.0,0.0,4.850635587936267,7.839315992896445
0.014,59,1285415020,1.1147994995117188,0.0,0.0,4.740614140871912,7.61005500680767
0.014,60,1733223444,1.2071641683578491,0.0,0.0,4.743538404814899,7.808383001247421
0.014,61,1835544261,1.3271416425704956,0.0,0.0,4.61369920312427,8.200009004212916
0.014,62,1403186970,0.8904898762702942,0.0,0.0,5.128667644690722,7.894106995081529
0.014,63,1291971777,0.9757060408592224,0.0,0.0,5.078963135369122,7.439023989718407
0.014,64,712292067,1.0659915208816528,0.0,0.0,4.855963888345286,7.907812992925756
0.014,65,2001429764,1.336348295211792,0.0,0.0,4.624319200636819,7.668567996006459
0.014,66,1375664061,1.285352110862732,0.0,0.0,4.770963054616004,7.406368997180834
0.014,67,1556456120,1.4869792461395264,0.0,0.0,4.624684986658394,7.486409012926742
0.014,68,1576053187,1.2749115228652954,0.0,0.0,4.660104737617075,7.461815999704413
0.014,69,1848019881,1.4374803304672241,0.0,0.0,4.5839242255315185,7.424151001032442
0.014,70,1508652585,1.672754168510437,0.0,0.0,4.521969685796648,7.848805995308794
0.014,71,1995737731,1.0910041332244873,0.0,0.0,4.860199748771265,7.459782995283604
0.014,72,1162788447,1.2087520360946655,0.0,0.0,4.680897860089317,7.613412002683617
0.014,73,1172925522,1.6055564880371094,0.0,0.0,4.479706397280097,7.8451599983964115
0.014,74,539174575,1.44069504737854,0.0,0.0,4.62190464604646,7.753226003842428
0.014,75,2013637345,1.4647243022918701,0.0,0.0,4.546071221586317,7.431838006596081
0.014,76,1187468716,1.51144278049469,0.0,0.0,4.517293987330049,8.224852994317189
0.014,77,1062978506,1.3986579179763794,0.0,0.0,4.570104808080941,7.783759996527806
0.014,78,679326770,1.563470721244812,0.0,0.0,4.577302552293986,7.901949997176416
0.014,79,587923432,1.2868939638137817,0.0,0.0,4.7706474252045155,30.91267100535333
0.014,80,1359889667,1.3462058305740356,0.0,0.0,4.613375393440947,8.583676986745559
0.014,81,970187386,1.2912906408309937,0.0,0.0,4.854886902263388,7.0737709902459756
0.014,82,1219839873,1.0752816200256348,0.0,0.0,4.850813473574817,7.768930998281576
0.014,83,1428160212,1.3939447402954102,0.0,0.0,4.638046366628259,7.667331999982707
0.014,84,1930609499,1.2690213918685913,0.0,0.0,4.627698363736272,8.004672999959439
0.014,85,710582861,1.5252219438552856,0.0,0.0,4.5566674212459475,7.373902000836097
0.014,86,1463614337,1.4243241548538208,0.0,0.0,4.60521104093641,7.843654995667748
0.014,87,1940152705,1.4320259094238281,0.0,0.0,4.540072086034343,7.7302939898800105
0.014,88,985452196,1.315642237663269,0.0,0.0,4.701950648799539,7.892777997767553
0.014,89,552062587,1.6568337678909302,0.0,0.0,4.469508869340643,7.8936430072644725
0.014,90,623566272,1.27165949344635,0.0,0.0,4.701792495558038,11.670314997900277
0.014,91,729775797,1.2987068891525269,0.0,0.0,4.722923180088401,7.421379996230826
0.014,92,1352536665,1.3967500925064087,0.0,0.0,4.658292340347543,7.5980600086040795
0.014,93,555883440,1.2615522146224976,0.0,0.0,4.728316553402692,7.391638006083667
0.014,94,1801800003,1.4222338199615479,0.0,0.0,4.584887780947611,8.075209014350548
0.014,95,763315502,1.397924542427063,0.0,0.0,4.623786623356864,7.846948996302672
0.014,96,138897982,1.4513059854507446,0.0,0.0,4.526714178500697,7.9534830001648515
0.014,97,10785379,1.174000859260559,0.0,0.0,4.840656541986391,7.638067996595055
0.014,98,53923185,1.2894573211669922,0.0,0.0,4.6907396973110735,7.297690986888483
0.014,99,1349917978,1.4033924341201782,0.0,0.0,4.623033404815942,7.447789001162164
0.015,0,1501552845,1.0424950122833252,0.0,0.0,4.824989409418777,7.414270003209822
0.015,1,488200390,1.5751382112503052,0.0,0.0,4.534864702960476,7.578951001050882
0.015,2,1693606510,1.5205636024475098,0.0,0.0,4.554836763069034,8.030716999201104
0.015,3,680233354,1.2739834785461426,0.0,0.0,4.686668244889006,7.614846006617881
0.015,4,438466540,1.336933970451355,0.0,0.0,4.65245029120706,8.089151000604033
0.015,5,1712329280,1.5340813398361206,0.0,0.0,4.568823652807623,7.888585998443887
0.015,6,1380152455,1.2631285190582275,0.0,0.0,4.617919418029487,7.704097995883785
0.015,7,1452245846,1.449816346168518,0.0,0.0,4.594556885771453,7.729118995484896
0.015,8,2122694021,1.2320514917373657,0.0,0.0,4.755216788500547,7.383450007182546
0.015,9,839901363,1.1486477851867676,0.0,0.0,4.846136580454186,7.56983199971728
0.015,10,1802651552,1.2072606086730957,0.0,0.0,4.651536009972915,7.3808760062092915
0.015,11,714712467,1.515586495399475,0.0,0.0,4.518376663560048,7.800006002071314
0.015,12,1218704077,1.2183879613876343,0.0,0.0,4.877724006772041,7.8242669987957925
0.015,13,1284858263,0.9413799047470093,0.0,0.0,5.307365790242329,8.137376004015096
0.015,14,457721135,1.2631356716156006,0.0,0.0,4.7305738443974406,7.742695001070388
0.015,15,401008609,1.3278172016143799,0.0,0.0,4.686048447620124,7.638095004949719
0.015,16,492064534,1.3454920053482056,0.0,0.0,4.6150173030328006,16.107493996969424
0.015,17,1444732602,1.4488434791564941,0.0,0.0,4.574464655015618,8.21949599776417
0.015,18,1317426686,1.2699835300445557,0.0,0.0,4.593111535534263,7.426880998536944
0.015,19,2022506251,1.1521614789962769,0.0,0.0,4.82926156418398,7.8042410023044795
0.015,20,1516459118,1.3695565462112427,0.0,0.0,4.568332871655002,7.677713001612574
0.015,21,533103612,1.1700190305709839,0.0,0.0,4.740245359251276,8.266040997114033
0.015,22,1964759878,1.3692758083343506,0.0,0.0,4.640267670620233,7.58241699077189
0.015,23,2037706756,1.3338823318481445,0.0,0.0,4.62857886753045,8.502982003847137
0.015,24,1572889065,1.2737853527069092,0.0,0.0,4.639560071984306,7.635027999640442
0.015,25,1432881518,1.3810062408447266,0.0,0.0,4.58848020946607,7.434615996317007
0.015,26,280516901,1.161231517791748,0.0,0.0,4.831519946223125,7.440258006681688
0.015,27,205939248,1.3583701848983765,0.0,0.0,4.592348582809791,8.24336199730169
0.015,28,571904914,1.1291258335113525,0.0,0.0,4.977295218734071,7.760349995805882
0.015,29,948843457,1.4150733947753906,0.0,0.0,4.613448327407241,7.694708998315036
0.015,30,155492488,1.33053719997406,0.0,0.0,4.597732467344031,8.372850003070198
0.015,31,1903701130,1.550096869468689,0.0,0.0,4.598893386311829,7.944400000269525
0.015,32,1017961266,1.7418498992919922,0.0,0.0,4.4004616676829755,7.9391489998670295
0.015,33,1497769985,1.3164606094360352,0.0,0.0,4.699945046566427,7.416073989588767
0.015,34,456523489,1.2963260412216187,0.0,0.0,4.704442559275776,7.739240012597293
0.015,35,701095136,1.5841923952102661,0.0,0.0,4.522554328432307,8.000492991413921
0.015,36,249069576,1.216068148612976,0.0,0.0,4.649343612603843,7.997155000339262
0.015,37,1576098728,1.5617009401321411,0.0,0.0,4.612813261570409,7.845776999602094
0.015,38,1662748500,1.5717626810073853,0.0,0.0,4.551452887477353,7.4950050038751215
0.015,39,472736216,1.5101563930511475,0.0,0.0,4.615558336954564,7.842328006518073
0.015,40,1535411295,1.3418563604354858,0.0,0.0,4.574746169382706,7.849526999052614
0.015,41,175223003,1.3974206447601318,0.0,0.0,4.610034884652123,7.714010003837757
0.015,42,840936862,1.3807154893875122,0.0,0.0,4.565806410042569,7.836172007955611
0.015,43,343373188,1.5247600078582764,0.0,0.0,4.5825290428474545,7.41136001306586
0.015,44,1597751082,1.5593643188476562,0.0,0.0,4.576622160850093,8.221330004744232
0.015,45,730359585,1.4752755165100098,0.0,0.0,4.554275775095448,7.236102988827042
0.015,46,1016641002,1.5763219594955444,0.0,0.0,4.511749206110835,7.841846003429964
0.015,47,998994690,1.3036612272262573,0.0,0.0,4.6989155183546245,7.569617999251932
0.015,48,1021240743,1.365602731704712,0.0,0.0,4.650800921954215,7.515545003116131
0.015,49,572134801,1.7868496179580688,0.0,0.0,4.36032960168086,11.600990997976623
0.015,50,1198399760,1.2701778411865234,0.0,0.0,4.699738195398822,7.835969008738175
0.015,51,1751866485,1.602792739868164,0.0,0.0,4.525581841822714,7.8604699956486
0.015,52,1070889713,1.3741536140441895,0.0,0.0,4.566321461461484,7.680069000343792
0.015,53,415096539,1.2125334739685059,0.0,0.0,4.681933499407023,7.460213004378602
0.015,54,52416235,1.8232258558273315,0.0,0.0,4.412295232759789,7.331462009460665
0.015,55,278032723,1.3071303367614746,0.0,0.0,4.588020479306579,8.335385005921125
0.015,56,174946158,1.3705939054489136,0.0,0.0,4.652755051152781,7.931236003059894
0.015,57,196848554,1.4262150526046753,0.0,0.0,4.619287488050759,7.971198006998748
0.015,58,263030910,1.0221072435379028,0.0,0.0,5.040349860209972,8.423040999332443
0.015,59,1285415020,1.2310218811035156,0.0,0.0,4.664976256899536,7.946751997224055
0.015,60,1733223444,1.437155842781067,0.0,0.0,4.609725940739736,7.798108999850228
0.015,61,1835544261,1.3769208192825317,0.0,0.0,4.588627958903089,7.826622007996775
0.015,62,1403186970,1.1520822048187256,0.0,0.0,4.805130832130089,7.891722998465411
0.015,63,1291971777,1.0467884540557861,0.0,0.0,4.808523996034637,7.496081001590937
0.015,64,712292067,1.0057562589645386,0.0,0.0,4.878194100223482,8.444505001534708
0.015,65,2001429764,1.407610535621643,0.0,0.0,4.6260517137125134,7.267383989528753
0.015,66,1375664061,1.317594289779663,0.0,0.0,4.6503924240823835,7.873722002841532
0.015,67,1556456120,1.529132604598999,0.0,0.0,4.618180372286588,8.396672012167983
0.015,68,1576053187,1.3818998336791992,0.0,0.0,4.502668546512723,7.963939991896041
0.015,69,1848019881,1.4949610233306885,0.0,0.0,4.557152414694428,7.606433995533735
0.015,70,1508652585,1.7014397382736206,0.0,0.0,4.514249523635954,8.236761001171544
0.015,71,1995737731,1.08511221408844,0.0,0.0,4.926278785336763,8.15442499879282
0.015,72,1162788447,1.1922494173049927,0.0,0.0,4.7364057982340455,7.8313079866347834
0.015,73,1172925522,1.6626098155975342,0.0,0.0,4.474147822475061,8.260440998128615
0.015,74,539174575,1.4505071640014648,0.0,0.0,4.619075546739623,7.598386990139261
0.015,75,2013637345,1.483597755432129,0.0,0.0,4.556549459928647,7.241562998387963
0.015,76,1187468716,1.5246995687484741,0.0,0.0,4.518963293870911,7.802421008818783
0.015,77,1062978506,1.4283852577209473,0.0,0.0,4.565301073947921,8.055858008447103
0.015,78,679326770,1.6098500490188599,0.0,0.0,4.594400343950838,8.045673996093683
0.015,79,587923432,1.3063430786132812,0.0,0.0,4.7161514207255095,7.550508002168499
0.015,80,1359889667,1.3668134212493896,0.0,0.0,4.606463180622086,8.474401998682879
0.015,81,970187386,1.3476122617721558,0.0,0.0,4.720636244863272,7.368809994659387
0.015,82,1219839873,1.1599231958389282,0.0,0.0,4.715488329762593,7.6559020089916885
0.015,83,1428160212,1.4189094305038452,0.0,0.0,4.629263665527105,7.810786992195062
0.015,84,1930609499,1.3357458114624023,0.0,0.0,4.562064029276371,8.758124997257255
0.015,85,710582861,1.539678931236267,0.0,0.0,4.558889728737995,7.917179987998679
0.015,86,1463614337,1.5316321849822998,0.0,0.0,4.593261688482016,7.77500300318934
0.015,87,1940152705,1.445433497428894,0.0,0.0,4.554447100730613,8.66135599790141
0.015,88,985452196,1.3179348707199097,0.0,0.0,4.703521556453779,8.26509899343364
0.015,89,552062587,1.6941750049591064,0.0,0.0,4.480910160811618,7.991773993126117
0.015,90,623566272,1.2841339111328125,0.0,0.0,4.67186074052006,8.593977996497415
0.015,91,729775797,1.3961182832717896,0.0,0.0,4.637386599555612,7.626824997714721
0.015,92,1352536665,1.472893476486206,0.0,0.0,4.619963070843369,7.67357500444632
0.015,93,555883440,1.1943451166152954,0.0,0.0,4.751579514471814,7.443455004249699
0.015,94,1801800003,1.4398149251937866,0.0,0.0,4.568515021819621,8.16510699223727
0.015,95,763315502,1.43125581741333,0.0,0.0,4.61574710230343,7.916760994703509
0.015,96,138897982,1.4736404418945312,0.0,0.0,4.536630128510296,7.51159198989626
0.015,97,10785379,1.1705917119979858,0.0,0.0,4.848161370726302,7.630242995219305
0.015,98,53923185,1.2988104820251465,0.0,0.0,4.703013337915763,7.720972003880888
0.015,99,1349917978,1.411808967590332,0.0,0.0,4.612034045392647,7.794705001288094
0.016,0,1501552845,1.1737159490585327,0.0,0.0,4.883270603837445,7.708397999522276
0.016,1,488200390,1.5979564189910889,0.0,0.0,4.536472428124398,7.414648003759794
0.016,2,1693606510,1.5407837629318237,0.0,0.0,4.562747573014349,8.519415991031565
0.016,3,680233354,1.2812498807907104,0.0,0.0,4.623519079294056,7.455938000930473
0.016,4,438466540,1.3366721868515015,0.0,0.0,4.658023329684511,8.357100989087485
0.016,5,1712329280,1.562428593635559,0.0,0.0,4.563689331058413,7.7234060008777305
0.016,6,1380152455,1.3143421411514282,0.0,0.0,4.59776752255857,8.012541002244689
0.016,7,1452245846,1.4811595678329468,0.0,0.0,4.594524392392486,8.363026005099528
0.016,8,2122694021,1.2800257205963135,0.0,0.0,4.715652619721368,8.026420007809065
0.016,9,839901363,1.1698805093765259,0.0,0.0,4.77278338605538,8.1753259873949
0.016,10,1802651552,1.2088181972503662,0.0,0.0,4.7822117689065635,8.360806008568034
0.016,11,714712467,1.5582730770111084,0.0,0.0,4.515972890658304,7.943613003590144
0.016,12,1218704077,1.2002379894256592,0.0,0.0,4.834930172655731,7.815475997631438
0.016,13,1284858263,0.9686862826347351,0.0,0.0,5.1888188468292356,7.786193993524648
0.016,14,457721135,1.3626559972763062,0.0,0.0,4.600329616107047,7.567763997940347
0.016,15,401008609,1.3362807035446167,0.0,0.0,4.687686054967344,7.94409700029064
0.016,16,492064534,1.371957540512085,0.0,0.0,4.624413411831483,7.591247995151207
0.016,17,1444732602,1.461105227470398,0.0,0.0,4.568239771295339,7.716371997958049
0.016,18,1317426686,1.2871628999710083,0.0,0.0,4.664765732828528,64.32744300400373
0.016,19,2022506251,1.1745474338531494,0.0,0.0,4.7562029517721385,7.287380998604931
0.016,20,1516459118,1.3713303804397583,0.0,0.0,4.568573291879147,7.887305997428484
0.016,21,533103612,1.1987888813018799,0.0,0.0,4.684529881225899,7.905513004516251
0.016,22,1964759878,1.3815727233886719,0.0,0.0,4.631254769163206,7.6954940013820305
0.016,23,2037706756,1.3293026685714722,0.0,0.0,4.675889967707917,7.687339006224647
0.016,24,1572889065,1.3440876007080078,0.0,0.0,4.597019150620326,8.180744989658706
0.016,25,1432881518,1.5041093826293945,0.0,0.0,4.572685269173235,7.701343987719156
0.016,26,280516901,1.2084585428237915,0.0,0.0,4.705494286492467,7.542353996541351
0.016,27,205939248,1.4410889148712158,0.0,0.0,4.580415256554261,8.490469990647398
0.016,28,571904914,1.1171826124191284,0.0,0.0,4.961564871948212,7.639989999006502
0.016,29,948843457,1.474668025970459,0.0,0.0,4.579392914427444,7.237942001665942
0.016,30,155492488,1.4107273817062378,0.0,0.0,4.553001491818577,8.20199899317231
0.016,31,1903701130,1.556230068206787,0.0,0.0,4.5918059481773525,7.544897001935169
0.016,32,1017961266,1.788108468055725,0.0,0.0,4.394142196979374,7.63047399232164
0.016,33,1497769985,1.3219614028930664,0.0,0.0,4.710796723375097,7.455851999111474
0.016,34,456523489,1.317807674407959,0.0,0.0,4.6503239560406655,8.37564498942811
0.016,35,701095136,1.60561203956604,0.0,0.0,4.511682617710903,7.42348498897627
0.016,36,249069576,1.2106187343597412,0.0,0.0,4.714847073657438,9.395111992489547
0.016,37,1576098728,1.5881990194320679,0.0,0.0,4.614538191119209,7.932690990855917
0.016,38,1662748500,1.6176776885986328,0.0,0.0,4.5558195386547595,7.622607998200692
0.016,39,472736216,1.5137953758239746,0.0,0.0,4.601296073291451,7.73063900123816
0.016,40,1535411295,1.3879449367523193,0.0,0.0,4.562544619431719,8.044073008932173
0.016,41,175223003,1.414928674697876,0.0,0.0,4.621355295414105,7.797937010764144
0.016,42,840936862,1.4002960920333862,0.0,0.0,4.530220137210563,8.02198400197085
0.016,43,343373188,1.5723613500595093,0.0,0.0,4.545796748716384,7.140948000596836
0.016,44,1597751082,1.7422899007797241,0.0,0.0,4.48734722007066,8.72290600091219
0.016,45,730359585,1.4873147010803223,0.0,0.0,4.558097312459722,7.466110997484066
0.016,46,1016641002,1.622060775756836,0.0,0.0,4.494139454327524,7.838054996682331
0.016,47,998994690,1.3811712265014648,0.0,0.0,4.608185229822993,7.59647399536334
0.016,48,1021240743,1.344486117362976,0.0,0.0,4.648121495964006,7.407177006825805
0.016,49,572134801,1.7962285280227661,0.0,0.0,4.3704837849363685,8.126342989271507
0.016,50,1198399760,1.3785761594772339,0.0,0.0,4.612969711655751,8.29132299986668
0.016,51,1751866485,1.6178337335586548,0.0,0.0,4.522903755540028,7.6238949986873195
0.016,52,1070889713,1.3587300777435303,0.0,0.0,4.578672772040591,8.196109003620222
0.016,53,415096539,1.254169225692749,0.0,0.0,4.668559089768678,7.868255008361302
0.016,54,52416235,1.8259586095809937,0.0,0.0,4.404009142424911,17.612069990718737
0.016,55,278032723,1.2872556447982788,0.0,0.0,4.605264859041199,7.849380999687128
0.016,56,174946158,1.4072721004486084,0.0,0.0,4.586693648947403,8.058106992393732
0.016,57,196848554,1.598877191543579,0.0,0.0,4.613715069135651,6.931929005077109
0.016,58,263030910,1.3276032209396362,0.0,0.0,4.646066348068416,7.502687003579922
0.016,59,1285415020,1.2741832733154297,0.0,0.0,4.6455444761086255,7.439741006237455
0.016,60,1733223444,1.451784372329712,0.0,0.0,4.608211170649156,8.01695100381039
0.016,61,1835544261,1.6051840782165527,0.0,0.0,4.549707494908944,8.060555992415175
0.016,62,1403186970,1.184875726699829,0.0,0.0,4.759224703535438,8.381188992643729
0.016,63,1291971777,1.0691475868225098,0.0,0.0,4.784364215098321,8.140068006468937
0.016,64,712292067,1.1385772228240967,0.0,0.0,4.724360195687041,8.44678599969484
0.016,65,2001429764,1.4782953262329102,0.0,0.0,4.637049644486979,7.678466005017981
0.016,66,1375664061,1.4768415689468384,0.0,0.0,4.560864688362926,7.5238909921608865
0.016,67,1556456120,1.5658584833145142,0.0,0.0,4.6140719873365015,7.714278995990753
0.016,68,1576053187,1.4020535945892334,0.0,0.0,4.485156760551035,7.865642008255236
0.016,69,1848019881,1.5543462038040161,0.0,0.0,4.538670798996463,8.091672003502026
0.016,70,1508652585,1.7418932914733887,0.0,0.0,4.489807087928057,7.3776579956756905
0.016,71,1995737731,1.252333402633667,0.0,0.0,4.639375164406374,8.114295997074805
0.016,72,1162788447,1.2319389581680298,0.0,0.0,4.6303707452025265,13.470762001816183
0.016,73,1172925522,1.6808804273605347,0.0,0.0,4.447789363795891,8.009568991838023
0.016,74,539174575,1.5617995262145996,0.0,0.0,4.597363819135353,8.038176005356945
0.016,75,2013637345,1.757505178451538,0.0,0.0,4.502935262396932,7.7688960009254515
0.016,76,1187468716,1.6739246845245361,0.0,0.0,4.49336897325702,7.629301995621063
0.016,77,1062978506,1.4321178197860718,0.0,0.0,4.564654530026019,7.975396001711488
0.016,78,679326770,1.6343700885772705,0.0,0.0,4.597049719886854,13.216687002568506
0.016,79,587923432,1.376899242401123,0.0,0.0,4.67523033823818,7.608664993313141
0.016,80,1359889667,1.367379069328308,0.0,0.0,4.607060841051862,7.6162960031069815
0.016,81,970187386,1.3361380100250244,0.0,0.0,4.7353071856778115,7.932881009764969
0.016,82,1219839873,1.199145793914795,0.0,0.0,4.7375704345759,7.867755004554056
0.016,83,1428160212,1.4584261178970337,0.0,0.0,4.627031055744737,8.191441986127757
0.016,84,1930609499,1.3466100692749023,0.0,0.0,4.557503418531269,7.566464992123656
0.016,85,710582861,1.5690363645553589,0.0,0.0,4.5693567271810025,8.156099007464945
0.016,86,1463614337,1.5565837621688843,0.0,0.0,4.586774522671476,7.968767997226678
0.016,87,1940152705,1.5199904441833496,0.0,0.0,4.535805950639769,8.519133989466354
0.016,88,985452196,1.283323049545288,0.0,0.0,4.7033177830744535,7.799635990522802
0.016,89,552062587,1.7841426134109497,0.0,0.0,4.403582061640918,7.866305997595191
0.016,90,623566272,1.3140292167663574,0.0,0.0,4.696965706767514,7.372887994279154
0.016,91,729775797,1.4063825607299805,0.0,0.0,4.642713706707582,8.16566300636623
0.016,92,1352536665,1.4907567501068115,0.0,0.0,4.614282067166641,7.697495995671488
0.016,93,555883440,1.2270914316177368,0.0,0.0,4.696848340332508,7.588895998196676
0.016,94,1801800003,1.467433214187622,0.0,0.0,4.56151645979844,7.62910398771055
0.016,95,763315502,1.4746043682098389,0.0,0.0,4.61466040299274,7.9173619888024405
0.016,96,138897982,1.485381007194519,0.0,0.0,4.55073699564673,7.818683996447362
0.016,97,10785379,1.2022037506103516,0.0,0.0,4.7708995076827705,8.43017699662596
0.016,98,53923185,1.320339322090149,0.0,0.0,4.652851195540279,8.2967400085181
0.016,99,1349917978,1.4628658294677734,0.0,0.0,4.586601095739752,7.5944020063616335
0.017,0,1501552845,1.1628609895706177,0.0,0.0,4.848887390922755,7.378270995104685
0.017,1,488200390,1.6314764022827148,0.0,0.0,4.526822572108358,8.010481993551366
0.017,2,1693606510,1.581805944442749,0.0,0.0,4.566043984610587,7.923877987195738
0.017,3,680233354,1.2963650226593018,0.0,0.0,4.64814802701585,7.8820139897288755
0.017,4,438466540,1.350589394569397,0.0,0.0,4.645942127797753,7.555221993243322
0.017,5,1712329280,1.5737501382827759,0.0,0.0,4.563479463336989,7.75294000050053
0.017,6,1380152455,1.5187028646469116,0.0,0.0,4.548410817282274,7.935106012155302
0.017,7,1452245846,1.5576308965682983,0.0,0.0,4.598515954101458,7.805130997439846
0.017,8,2122694021,1.2865830659866333,0.0,0.0,4.722482408862561,7.822054001735523
0.017,9,839901363,1.313470721244812,0.0,0.0,4.644113881979138,9.313140995800495
0.017,10,1802651552,1.236082673072815,0.0,0.0,4.664148777257651,7.3333609907422215
0.017,11,714712467,1.5706747770309448,0.0,0.0,4.518992520868778,8.173674999852665
0.017,12,1218704077,1.3599035739898682,0.0,0.0,4.658610075712204,7.340197989833541
0.017,13,1284858263,1.0253618955612183,0.0,0.0,5.0203012379352,7.841608006856404
0.017,14,457721135,1.3083893060684204,0.0,0.0,4.602077281102538,7.9362929973285645
0.017,15,401008609,1.3747235536575317,0.0,0.0,4.644276754697785,7.384266995359212
0.017,16,492064534,1.3854743242263794,0.0,0.0,4.628454321064055,7.570866000605747
0.017,17,1444732602,1.4694883823394775,0.0,0.0,4.582013885257766,7.694041007198393
0.017,18,1317426686,1.3275936841964722,0.0,0.0,4.559917293488979,7.170754004619084
0.017,19,2022506251,1.2039599418640137,0.0,0.0,4.725354368798435,7.621373995789327
0.017,20,1516459118,1.3972376585006714,0.0,0.0,4.572217954089865,7.895488990470767
0.017,21,533103612,1.2526335716247559,0.0,0.0,4.641203018836677,7.82495598832611
0.017,22,1964759878,1.3883436918258667,0.0,0.0,4.630196096608415,7.184060988947749
0.017,23,2037706756,1.4350254535675049,0.0,0.0,4.5855767657049,7.662781004910357
0.017,24,1572889065,1.4230636358261108,0.0,0.0,4.6161342554260045,7.744550006464124
0.017,25,1432881518,1.5187194347381592,0.0,0.0,4.556242050137371,7.180850996519439
0.017,26,280516901,1.2908645868301392,0.0,0.0,4.64824384986423,7.570711997686885
0.017,27,205939248,1.4851970672607422,0.0,0.0,4.5755007811822,7.801173996995203
0.017,28,571904914,1.2818615436553955,0.0,0.0,4.710139751667157,7.146086994907819
0.017,29,948843457,1.7745945453643799,0.0,0.0,4.495630394201726,7.9693190054968
0.017,30,155492488,1.5531505346298218,0.0,0.0,4.520987496245652,7.5542319973465055
0.017,31,1903701130,1.5756858587265015,0.0,0.0,4.599198381183669,7.335316011449322
0.017,32,1017961266,1.8104710578918457,0.0,0.0,4.373726081801578,7.249970003613271
0.017,33,1497769985,1.3602038621902466,0.0,0.0,4.682322618085891,7.567695007310249
0.017,34,456523489,1.3754578828811646,0.0,0.0,4.595287401927635,7.908860992756672
0.017,35,701095136,1.6135600805282593,0.0,0.0,4.513317061588168,8.085088004008867
0.017,36,249069576,1.195063591003418,0.0,0.0,4.662715540966019,7.016716001089662
0.017,37,1576098728,1.716452956199646,0.0,0.0,4.521122657461092,7.738920001429506
0.017,38,1662748500,1.6516751050949097,0.0,0.0,4.5427896259352565,7.175140010076575
0.017,39,472736216,1.5248186588287354,0.0,0.0,4.608952982118353,7.390065002255142
0.017,40,1535411295,1.4889723062515259,0.0,0.0,4.5619337521493435,7.49084900598973
0.017,41,175223003,1.4156574010849,0.0,0.0,4.621460862457752,8.116705997963436
0.017,42,840936862,1.4074478149414062,0.0,0.0,4.5326216742396355,7.8705820051254705
0.017,43,343373188,1.6030471324920654,0.0,0.0,4.538889402290806,7.977144996402785
0.017,44,1597751082,1.7491446733474731,0.0,0.0,4.460504998220131,8.065601999987848
0.017,45,730359585,1.501482367515564,0.0,0.0,4.552661345107481,7.774101992254145
0.017,46,1016641002,1.6512120962142944,0.0,0.0,4.487595640355721,7.66248899162747
0.017,47,998994690,1.391417384147644,0.0,0.0,4.603180826641619,7.286577005288564
0.017,48,1021240743,1.5179495811462402,0.0,0.0,4.60936531657353,7.286207008291967
0.017,49,572134801,1.8045424222946167,0.0,0.0,4.357675461331382,7.86729299579747
0.017,50,1198399760,1.4857618808746338,0.0,0.0,4.570283408276737,7.423539995215833
0.017,51,1751866485,1.6288093328475952,0.0,0.0,4.532926545711234,7.705268013523892
0.017,52,1070889713,1.4850239753723145,0.0,0.0,4.5467031977605075,7.327056999201886
0.017,53,415096539,1.274498462677002,0.0,0.0,4.671602456364781,7.660208997549489
0.017,54,52416235,1.8301864862442017,0.0,0.0,4.396715196315199,7.26140099868644
0.017,55,278032723,1.4682705402374268,0.0,0.0,4.511474832426757,7.342138007516041
0.017,56,174946158,1.4396958351135254,0.0,0.0,4.591089722234756,7.881965997512452
0.017,57,196848554,1.6462525129318237,0.0,0.0,4.558166567934677,8.113750998745672
0.017,58,263030910,1.3811171054840088,0.0,0.0,4.600079140160233,7.275582989677787
0.017,59,1285415020,1.292346477508545,0.0,0.0,4.667747596977279,7.862162005039863
0.017,60,1733223444,1.5379836559295654,0.0,0.0,4.582395747769624,8.061779997660778
0.017,61,1835544261,1.635718584060669,0.0,0.0,4.555549067445099,7.86516499647405
0.017,62,1403186970,1.132047176361084,0.0,0.0,4.799795459024608,7.301582008949481
0.017,63,1291971777,1.1622403860092163,0.0,0.0,4.673449645051733,7.7455610007746145
0.017,64,712292067,1.2072672843933105,0.0,0.0,4.745289267040789,7.638712995685637
0.017,65,2001429764,1.4946480989456177,0.0,0.0,4.653131100581959,7.6679120102198794
0.017,66,1375664061,1.5582338571548462,0.0,0.0,4.573679090477526,7.42349200299941
0.017,67,1556456120,1.5968096256256104,0.0,0.0,4.586691522505134,8.336250990396366
0.017,68,1576053187,1.4311624765396118,0.0,0.0,4.493512561544776,7.332402994506992
0.017,69,1848019881,1.5847643613815308,0.0,0.0,4.522600107127801,8.180223012459464
0.017,70,1508652585,1.7832902669906616,0.0,0.0,4.478742428822443,7.565763997263275
0.017,71,1995737731,1.3263782262802124,0.0,0.0,4.588740137871355,7.468119991244748
0.017,72,1162788447,1.2683672904968262,0.0,0.0,4.684667986817658,7.368088990915567
0.017,73,1172925522,1.7868046760559082,0.0,0.0,4.36694963183254,9.63314798718784
0.017,74,539174575,1.6286029815673828,0.0,0.0,4.579947953112423,7.364794000750408
0.017,75,2013637345,1.786292552947998,0.0,0.0,4.428756197215989,7.872072994359769
0.017,76,1187468716,1.7494505643844604,0.0,0.0,4.461287535959855,7.345573001657613
0.017,77,1062978506,1.4734004735946655,0.0,0.0,4.543150231707841,7.644922996405512
0.017,78,679326770,1.6793702840805054,0.0,0.0,4.589657092932612,7.795605997671373
0.017,79,587923432,1.3902994394302368,0.0,0.0,4.673017892520875,7.647746009752154
0.017,80,1359889667,1.4546343088150024,0.0,0.0,4.5990523477084935,7.864811006584205
0.017,81,970187386,1.3068516254425049,0.0,0.0,4.733261812478304,7.491027005016804
0.017,82,1219839873,1.28499174118042,0.0,0.0,4.6850420269183815,7.819431004463695
0.017,83,1428160212,1.4702773094177246,0.0,0.0,4.625389861874282,7.228788992506452
0.017,84,1930609499,1.3733991384506226,0.0,0.0,4.539364641066641,7.961108000017703
0.017,85,710582861,1.6777827739715576,0.0,0.0,4.537031206069514,6.989898000028916
0.017,86,1463614337,1.5785338878631592,0.0,0.0,4.564445046707988,8.045798007515259
0.017,87,1940152705,1.5898149013519287,0.0,0.0,4.546246878337115,7.589212997118011
0.017,88,985452196,1.4187310934066772,0.0,0.0,4.5971625472884625,7.743295995169319
0.017,89,552062587,1.7897552251815796,0.0,0.0,4.374748853733763,7.382142008282244
0.017,90,623566272,1.313486099243164,0.0,0.0,4.630508455447853,7.86457299545873
0.017,91,729775797,1.4614850282669067,0.0,0.0,4.638005923014134,7.462616995326243
0.017,92,1352536665,1.5229393243789673,0.0,0.0,4.635370911331847,7.431478006765246
0.017,93,555883440,1.3031286001205444,0.0,0.0,4.673134107608348,7.494040997698903
0.017,94,1801800003,1.5106160640716553,0.0,0.0,4.54857914452441,7.829290989320725
0.017,95,763315502,1.7853212356567383,0.0,0.0,4.512134192977101,7.088138008839451
0.017,96,138897982,1.5296560525894165,0.0,0.0,4.545858409721404,7.6486899924930185
0.017,97,10785379,1.3190536499023438,0.0,0.0,4.6995576824992895,7.808403999661095
0.017,98,53923185,1.3333779573440552,0.0,0.0,4.657686712220311,7.998679007869214
0.017,99,1349917978,1.5701313018798828,0.0,0.0,4.581906517036259,8.474349990137853
0.018,0,1501552845,1.1785414218902588,0.0,0.0,4.790247037308291,7.861069010687061
0.018,1,488200390,1.7814425230026245,0.0,0.0,4.421477374387905,7.392864994471893
0.018,2,1693606510,1.6060105562210083,0.0,0.0,4.556035619461909,7.928354010800831
0.018,3,680233354,1.3415827751159668,0.0,0.0,4.608356046723202,7.946676996652968
0.018,4,438466540,1.3636229038238525,0.0,0.0,4.634973766747862,7.986263997736387
0.018,5,1712329280,1.6307191848754883,0.0,0.0,4.521814031060785,7.503418004489504
0.018,6,1380152455,1.570915937423706,0.0,0.0,4.53776318160817,7.802151012583636
0.018,7,1452245846,1.567771553993225,0.0,0.0,4.60314982640557,7.8279279987327754
0.018,8,2122694021,1.3214272260665894,0.0,0.0,4.708373619709164,7.673590007470921
0.018,9,839901363,1.3388473987579346,0.0,0.0,4.632796306395903,7.721066998783499
0.018,10,1802651552,1.3121614456176758,0.0,0.0,4.5772050535306334,7.659045993932523
0.018,11,714712467,1.6166433095932007,0.0,0.0,4.504557169275358,8.057005004957318
0.018,12,1218704077,1.3703718185424805,0.0,0.0,4.6791595227550715,7.869383000070229
0.018,13,1284858263,1.0587188005447388,0.0,0.0,4.993343058973551,7.49850099964533
0.018,14,457721135,1.331120252609253,0.0,0.0,4.600455643609166,8.423534003668465
0.018,15,401008609,1.418935775756836,0.0,0.0,4.639275566674769,7.446885007084347
0.018,16,492064534,1.3846242427825928,0.0,0.0,4.615648327628151,7.6465449965326115
0.018,17,1444732602,1.5799980163574219,0.0,0.0,4.562689569313079,7.75535601133015
0.018,18,1317426686,1.3572229146957397,0.0,0.0,4.546867684228346,7.825797001714818
0.018,19,2022506251,1.2786883115768433,0.0,0.0,4.654483169550076,7.406783988699317
0.018,20,1516459118,1.5811995267868042,0.0,0.0,4.524481105618179,8.025122006074525
0.018,21,533103612,1.449562907218933,0.0,0.0,4.58612301456742,8.11261500348337
0.018,22,1964759878,1.501104712486267,0.0,0.0,4.590338418725878,8.039077001740225
0.018,23,2037706756,1.528550624847412,0.0,0.0,4.605763902887702,7.617376992129721
0.018,24,1572889065,1.4315205812454224,0.0,0.0,4.609574922127649,7.6370300084818155
0.018,25,1432881518,1.5349862575531006,0.0,0.0,4.54043987672776,7.898019001004286
0.018,26,280516901,1.3233096599578857,0.0,0.0,4.638581134146079,8.12927600054536
0.018,27,205939248,1.5620473623275757,0.0,0.0,4.60112611297518,7.661140989512205
0.018,28,571904914,1.314611792564392,0.0,0.0,4.673000981565565,7.454670005245134
0.018,29,948843457,1.7769428491592407,0.0,0.0,4.498786146286875,7.495869998820126
0.018,30,155492488,1.5978564023971558,0.0,0.0,4.52523214626126,7.74446599825751
0.018,31,1903701130,1.6051158905029297,0.0,0.0,4.583608003798872,7.475074002286419
0.018,32,1017961266,1.8221023082733154,0.0,0.0,4.357323974138126,7.727720003458671
0.018,33,1497769985,1.3854336738586426,0.0,0.0,4.671766900224611,7.810491006239317
0.018,34,456523489,1.3953148126602173,0.0,0.0,4.575793769210577,7.9342329991050065
0.018,35,701095136,1.6683043241500854,0.0,0.0,4.503541133366525,7.949220002046786
0.018,36,249069576,1.2131342887878418,0.0,0.0,4.6447956340853125,7.750671007670462
0.018,37,1576098728,1.7894670963287354,0.0,0.0,4.453169904416427,7.875972994952463
0.018,38,1662748500,1.6891154050827026,0.0,0.0,4.546397298574448,7.9329999862238765
0.018,39,472736216,1.5441582202911377,0.0,0.0,4.619609386194497,8.100274004391395
0.018,40,1535411295,1.5327030420303345,0.0,0.0,4.542368221562356,7.466390990884975
0.018,41,175223003,1.4095066785812378,0.0,0.0,4.611904067918658,20.25283699913416
0.018,42,840936862,1.5280706882476807,0.0,0.0,4.522946758661419,7.972224004333839
0.018,43,343373188,1.61310875415802,0.0,0.0,4.52247730223462,7.1919559995876625
0.018,44,1597751082,1.7783221006393433,0.0,0.0,4.452046273974702,7.765022004605271
0.018,45,730359585,1.6030744314193726,0.0,0.0,4.552061502123252,7.295842005987652
0.018,46,1016641002,1.671168565750122,0.0,0.0,4.474321621935815,7.782746004522778
0.018,47,998994690,1.438547134399414,0.0,0.0,4.587976350449026,8.003846989595331
0.018,48,1021240743,1.6295453310012817,0.0,0.0,4.610829998971894,7.101100010913797
0.018,49,572134801,1.8146308660507202,0.0,0.0,4.366261806106195,7.8820020135026425
0.018,50,1198399760,1.4820363521575928,0.0,0.0,4.582537788897753,7.410637001157738
0.018,51,1751866485,1.647557258605957,0.0,0.0,4.527675011660904,7.919847004814073
0.018,52,1070889713,1.583563208580017,0.0,0.0,4.544968571746722,7.588698994368315
0.018,53,415096539,1.3197154998779297,0.0,0.0,4.683367785764858,7.9539229918736964
0.018,54,52416235,1.8343220949172974,0.0,0.0,4.382582177175209,8.315674000186846
0.018,55,278032723,1.5555238723754883,0.0,0.0,4.5252582498360425,7.53682000504341
0.018,56,174946158,1.4748294353485107,0.0,0.0,4.59082640055567,8.127358989440836
0.018,57,196848554,1.6862576007843018,0.0,0.0,4.494810993783176,8.193017012672499
0.018,58,263030910,1.3970609903335571,0.0,0.0,4.597854119259864,7.720035006059334
0.018,59,1285415020,1.3165113925933838,0.0,0.0,4.658934923820198,7.971564002218656
0.018,60,1733223444,1.6411197185516357,0.0,0.0,4.567108388291672,7.844703999580815
0.018,61,1835544261,1.677497386932373,0.0,0.0,4.5290763664525,8.009459997992963
0.018,62,1403186970,1.2472412586212158,0.0,0.0,4.639638791326433,7.499947008909658
0.018,63,1291971777,1.2421841621398926,0.0,0.0,4.61691500688903,7.928534003440291
0.018,64,712292067,1.2118995189666748,0.0,0.0,4.8093243225011975,7.336959999520332
0.018,65,2001429764,1.6232036352157593,0.0,0.0,4.59676713985391,18.418745006783865
0.018,66,1375664061,1.6230087280273438,0.0,0.0,4.544156007701531,7.32513600087259
0.018,67,1556456120,1.670706868171692,0.0,0.0,4.5316058727912605,7.188080999185331
0.018,68,1576053187,1.4501993656158447,0.0,0.0,4.49836417613551,12.972695010830648
0.018,69,1848019881,1.618646264076233,0.0,0.0,4.521012882702053,7.432409998727962
0.018,70,1508652585,1.7973488569259644,0.0,0.0,4.461247489321977,7.424385999911465
0.018,71,1995737731,1.3444926738739014,0.0,0.0,4.593036719830707,7.54293600039091
0.018,72,1162788447,1.3117601871490479,0.0,0.0,4.652692326810211,7.192750999820419
0.018,73,1172925522,1.7908093929290771,0.0,0.0,4.371489844983444,11.667054001009092
0.018,74,539174575,1.6590296030044556,0.0,0.0,4.57153314515017,7.685057993512601
0.018,75,2013637345,1.7915780544281006,0.0,0.0,4.430572423152626,7.238090998725966
0.018,76,1187468716,1.785280704498291,0.0,0.0,4.440001769224182,7.593318005092442
0.018,77,1062978506,1.5367313623428345,0.0,0.0,4.531409941148013,7.921229000203311
0.018,78,679326770,1.7386120557785034,0.0,0.0,4.538670976180583,7.482166998670436
0.018,79,587923432,1.4109854698181152,0.0,0.0,4.6783453018870205,7.611936001922004
0.018,80,1359889667,1.6323477029800415,0.0,0.0,4.580078865867108,7.749880998744629
0.018,81,970187386,1.348383903503418,0.0,0.0,4.634665248915553,7.476415004930459
0.018,82,1219839873,1.4503341913223267,0.0,0.0,4.681570216314867,7.6250779966358095
0.018,83,1428160212,1.4883087873458862,0.0,0.0,4.6455257553607225,7.6707740081474185
0.018,84,1930609499,1.4091417789459229,0.0,0.0,4.52632831223309,7.848360997741111
0.018,85,710582861,1.715000867843628,0.0,0.0,4.513386636506766,7.992306986125186
0.018,86,1463614337,1.602940320968628,0.0,0.0,4.5739514962770045,7.474172001820989
0.018,87,1940152705,1.6821180582046509,0.0,0.0,4.545368488878012,7.826410001143813
0.018,88,985452196,1.4948087930679321,0.0,0.0,4.5806811132933944,8.034448997932486
0.018,89,552062587,1.7958415746688843,0.0,0.0,4.366530191618949,7.664636999834329
0.018,90,623566272,1.3361433744430542,0.0,0.0,4.603846687125042,7.526653993409127
0.018,91,729775797,1.4767327308654785,0.0,0.0,4.6433484787121415,8.671513001900166
0.018,92,1352536665,1.5941712856292725,0.0,0.0,4.60476100537926,7.4205370037816465
0.018,93,555883440,1.3036164045333862,0.0,0.0,4.662493633572012,7.973942992975935
0.018,94,1801800003,1.5469346046447754,0.0,0.0,4.539074784843251,7.581331999972463
0.018,95,763315502,1.7878304719924927,0.0,0.0,4.4988678398076445,7.503964996431023
0.018,96,138897982,1.5509397983551025,0.0,0.0,4.544550233753398,7.937778005725704
0.018,97,10785379,1.3646864891052246,0.0,0.0,4.712672793772072,7.753049008897506
0.018,98,53923185,1.473383903503418,0.0,0.0,4.598221730673686,7.2710439999355
0.018,99,1349917978,1.616752028465271,0.0,0.0,4.597549080615863,8.062032997258939
0.019,0,1501552845,1.3041365146636963,0.0,0.0,4.65179473394528,7.31560199346859
0.019,1,488200390,1.7835915088653564,0.0,0.0,4.424337713280693,7.927928993012756
0.019,2,1693606510,1.634875774383545,0.0,0.0,4.557602804386988,7.3591639957157895
0.019,3,680233354,1.3635953664779663,0.0,0.0,4.61499755945988,7.793694996507838
0.019,4,438466540,1.5968413352966309,0.0,0.0,4.566748134093359,7.840076999855228
0.019,5,1712329280,1.7793539762496948,0.0,0.0,4.43650216399692,7.85496000025887
0.019,6,1380152455,1.593242883682251,0.0,0.0,4.5299811193253845,7.607502993778326
0.019,7,1452245846,1.6063212156295776,0.0,0.0,4.611707474570721,7.590648994664662
0.019,8,2122694021,1.3491252660751343,0.0,0.0,4.712756119435653,7.715271000051871
0.019,9,839901363,1.444011926651001,0.0,0.0,4.561898188432679,7.797434998792596
0.019,10,1802651552,1.347396731376648,0.0,0.0,4.578696919139475,7.298001000890508
0.019,11,714712467,1.6479172706604004,0.0,0.0,4.500885252607986,7.834034011466429
0.019,12,1218704077,1.4857079982757568,0.0,0.0,4.618425565771759,7.447044001310132
0.019,13,1284858263,1.0761886835098267,0.0,0.0,5.0699657667428255,8.261355003924109
0.019,14,457721135,1.4460372924804688,0.0,0.0,4.593469202052802,7.354588989983313
0.019,15,401008609,1.5764249563217163,0.0,0.0,4.629942283034325,7.407090000924654
0.019,16,492064534,1.3984051942825317,0.0,0.0,4.609460696578026,11.758931999793276
0.019,17,1444732602,1.7168101072311401,0.0,0.0,4.520908819744363,7.8792919957777485
0.019,18,1317426686,1.3616788387298584,0.0,0.0,4.526676035486162,7.347929000388831
0.019,19,2022506251,1.2566777467727661,0.0,0.0,4.668193746358156,7.767987000988796
0.019,20,1516459118,1.5827244520187378,0.0,0.0,4.52814044826664,8.048340998357162
0.019,21,533103612,1.515044927597046,0.0,0.0,4.573911242885515,7.840573001885787
0.019,22,1964759878,1.5841206312179565,0.0,0.0,4.59545290376991,8.657355996547267
0.019,23,2037706756,1.6210570335388184,0.0,0.0,4.59554192610085,7.6769220031565055
0.019,24,1572889065,1.497278094291687,0.0,0.0,4.584418807877228,7.700159010710195
0.019,25,1432881518,1.524356484413147,0.0,0.0,4.548713541124016,7.998460001545027
0.019,26,280516901,1.5859026908874512,0.0,0.0,4.563260986935347,7.6556640124181286
0.019,27,205939248,1.5971571207046509,0.0,0.0,4.588293067412451,7.6572090038098395
0.019,28,571904914,1.327148199081421,0.0,0.0,4.6601825980469584,7.840108009986579
0.019,29,948843457,1.7789307832717896,0.0,0.0,4.492789420299232,7.561600010376424
0.019,30,155492488,1.682815432548523,0.0,0.0,4.525019941153005,7.825634995242581
0.019,31,1903701130,1.631956934928894,0.0,0.0,4.587441714014858,7.603906007716432
0.019,32,1017961266,1.8229246139526367,0.0,0.0,4.364354240242392,7.667806989047676
0.019,33,1497769985,1.4333347082138062,0.0,0.0,4.6702652832027525,7.895579998148605
0.019,34,456523489,1.4237016439437866,0.0,0.0,4.56668937811628,7.429413992213085
0.019,35,701095136,1.6974897384643555,0.0,0.0,4.510515813482925,7.396265005809255
0.019,36,249069576,1.218233585357666,0.0,0.0,4.698217764031142,7.513104006648064
0.019,37,1576098728,1.79545259475708,0.0,0.0,4.467162326676771,7.554698997410014
0.019,38,1662748500,1.7714283466339111,0.0,0.0,4.477532849647105,7.455112005118281
0.019,39,472736216,1.6086176633834839,0.0,0.0,4.574842060916126,8.122970990370959
0.019,40,1535411295,1.6225539445877075,0.0,0.0,4.5194835311267525,7.324189005885273
0.019,41,175223003,1.4283987283706665,0.0,0.0,4.620489301625639,7.3670139972819015
0.019,42,840936862,1.5645406246185303,0.0,0.0,4.508100659120828,7.449137992807664
0.019,43,343373188,1.6273987293243408,0.0,0.0,4.532820341875777,7.197882994660176
0.019,44,1597751082,1.7868139743804932,0.0,0.0,4.441525132860988,8.288501994684339
0.019,45,730359585,1.7837815284729004,0.0,0.0,4.404363173758611,7.781706997775473
0.019,46,1016641002,1.7869853973388672,0.0,0.0,4.39296635473147,8.001096997759305
0.019,47,998994690,1.4645276069641113,0.0,0.0,4.588686648523435,7.674840002437122
0.019,48,1021240743,1.7484071254730225,0.0,0.0,4.480905086034909,7.6259549969108775
0.019,49,572134801,1.8166409730911255,0.0,0.0,4.363687452394515,7.391329010715708
0.019,50,1198399760,1.5533126592636108,0.0,0.0,4.565411596791819,7.454692997271195
0.019,51,1751866485,1.6783581972122192,0.0,0.0,4.519267643801868,8.120213999063708
0.019,52,1070889713,1.647360920906067,0.0,0.0,4.529989988310263,7.9231389972846955
0.019,53,415096539,1.349664568901062,0.0,0.0,4.644328802358359,7.334053996601142
0.019,54,52416235,1.838749885559082,0.0,0.0,4.3805947217624635,7.5665249896701425
0.019,55,278032723,1.6903494596481323,0.0,0.0,4.471158824395388,7.635379006387666
0.019,56,174946158,1.5274033546447754,0.0,0.0,4.579633898101747,7.846330001484603
0.019,57,196848554,1.7033565044403076,0.0,0.0,4.478718535741791,7.966831006342545
0.019,58,263030910,1.4052311182022095,0.0,0.0,4.596513845259324,7.559194011264481
0.019,59,1285415020,1.3420958518981934,0.0,0.0,4.643680159468204,7.930828011012636
0.019,60,1733223444,1.6655811071395874,0.0,0.0,4.5572715911548585,7.729425007710233
0.019,61,1835544261,1.7158206701278687,0.0,0.0,4.501918029272929,13.451883001835085
0.019,62,1403186970,1.2965203523635864,0.0,0.0,4.621876643272117,7.258044992340729
0.019,63,1291971777,1.322553038597107,0.0,0.0,4.561513077002019,7.971082013682462
0.019,64,712292067,1.2277381420135498,0.0,0.0,4.702776179648936,7.951192004838958
0.019,65,2001429764,1.6422553062438965,0.0,0.0,4.589823432266712,7.978314009960741
0.019,66,1375664061,1.6871421337127686,0.0,0.0,4.53223654255271,7.287713000550866
0.019,67,1556456120,1.776505708694458,0.0,0.0,4.464651031885296,7.7299820113694295
0.019,68,1576053187,1.4926226139068604,0.0,0.0,4.472073948476464,7.580449993838556
0.019,69,1848019881,1.6598997116088867,0.0,0.0,4.512592561310157,7.519802995375358
0.019,70,1508652585,1.8151206970214844,0.0,0.0,4.460003138985485,7.9456920066149905
0.019,71,1995737731,1.4328714609146118,0.0,0.0,4.549681226024404,7.818416008376516
0.019,72,1162788447,1.3430923223495483,0.0,0.0,4.612664267187938,7.922524004243314
0.019,73,1172925522,1.7990370988845825,0.0,0.0,4.374719797633588,7.526260000304319
0.019,74,539174575,1.7605323791503906,0.0,0.0,4.521754842950031,7.832095987396315
0.019,75,2013637345,1.789610743522644,0.0,0.0,4.432137732859701,7.404528005281463
0.019,76,1187468716,1.7936522960662842,0.0,0.0,4.433291069464758,7.940840994706377
0.019,77,1062978506,1.5683164596557617,0.0,0.0,4.530453114770353,7.692462007980794
0.019,78,679326770,1.7591570615768433,0.0,0.0,4.500631848117337,7.918417002656497
0.019,79,587923432,1.4380803108215332,0.0,0.0,4.675350267672911,7.699257999775
0.019,80,1359889667,1.658597707748413,0.0,0.0,4.554907399462536,7.818986996426247
0.019,81,970187386,1.5223757028579712,0.0,0.0,4.593764619901776,7.5915400084340945
0.019,82,1219839873,1.5222313404083252,0.0,0.0,4.652355593629181,7.451854995451868
0.019,83,1428160212,1.6043894290924072,0.0,0.0,4.631841185037047,7.431546997395344
0.019,84,1930609499,1.5316177606582642,0.0,0.0,4.482234622584656,7.950671992148273
0.019,85,710582861,1.7869292497634888,0.0,0.0,4.453920058207586,7.973100000526756
0.019,86,1463614337,1.646317720413208,0.0,0.0,4.557316943071783,7.889764994615689
0.019,87,1940152705,1.7830605506896973,0.0,0.0,4.422489825403318,7.420617999741808
0.019,88,985452196,1.509946584701538,0.0,0.0,4.604823753004894,8.042662011575885
0.019,89,552062587,1.8043354749679565,0.0,0.0,4.362400395562872,8.26582100125961
0.019,90,623566272,1.4435019493103027,0.0,0.0,4.5505797690711915,23.54298000864219
0.019,91,729775797,1.4839762449264526,0.0,0.0,4.6607257823925465,7.834710995666683
0.019,92,1352536665,1.614155650138855,0.0,0.0,4.5983288052957505,8.202208002330735
0.019,93,555883440,1.3348151445388794,0.0,0.0,4.659693478606641,7.480901011149399
0.019,94,1801800003,1.5901644229888916,0.0,0.0,4.516653093975037,7.7836900018155575
0.019,95,763315502,1.786959171295166,0.0,0.0,4.497243657708168,7.766862996504642
0.019,96,138897982,1.6278678178787231,0.0,0.0,4.498287547379732,7.392307001282461
0.019,97,10785379,1.408351182937622,0.0,0.0,4.673445942578837,7.80812899756711
0.019,98,53923185,1.524355411529541,0.0,0.0,4.610235154163092,7.3670470010256395
0.019,99,1349917978,1.6357743740081787,0.0,0.0,4.582463174825534,7.5287319923518226
0.02,0,1501552845,1.3664249181747437,0.0,0.0,4.631084323860705,8.015982006327249
0.02,1,488200390,1.7959140539169312,0.0,0.0,4.428182629868388,7.9230669944081455
0.02,2,1693606510,1.6409310102462769,0.0,0.0,4.534076348179951,7.603200996527448
0.02,3,680233354,1.3919949531555176,0.0,0.0,4.617757474305108,7.715458006714471
0.02,4,438466540,1.6650056838989258,0.0,0.0,4.553396625677124,7.65192300605122
0.02,5,1712329280,1.7861814498901367,0.0,0.0,4.418908879160881,7.6360390085028484
0.02,6,1380152455,1.6359615325927734,0.0,0.0,4.524067406542599,7.501820000470616
0.02,7,1452245846,1.7843878269195557,0.0,0.0,4.48245086800307,7.848994006053545
0.02,8,2122694021,1.5684820413589478,0.0,0.0,4.648299288703129,8.692846997291781
0.02,9,839901363,1.415562391281128,0.0,0.0,4.600083604687825,7.58936999773141
0.02,10,1802651552,1.363961935043335,0.0,0.0,4.586019225651398,8.580641995649785
0.02,11,714712467,1.6873993873596191,0.0,0.0,4.47685673343949,7.780027997796424
0.02,12,1218704077,1.6735903024673462,0.0,0.0,4.589468255871907,7.737528998404741
0.02,13,1284858263,1.0971336364746094,0.0,0.0,4.956409947248176,7.702845992753282
0.02,14,457721135,1.4813451766967773,0.0,0.0,4.579348456114531,7.6560710003832355
0.02,15,401008609,1.6017177104949951,0.0,0.0,4.625331394840032,7.8116439981386065
0.02,16,492064534,1.4463789463043213,0.0,0.0,4.603922710288316,7.333592991926707
0.02,17,1444732602,1.7942848205566406,0.0,0.0,4.459997002733871,7.571580004878342
0.02,18,1317426686,1.392080545425415,0.0,0.0,4.528293352806941,8.004291012184694
0.02,19,2022506251,1.6132088899612427,0.0,0.0,4.549874131567776,7.668505000765435
0.02,20,1516459118,1.6354694366455078,0.0,0.0,4.517833561170846,7.77185799961444
0.02,21,533103612,1.5605463981628418,0.0,0.0,4.58175906073302,7.287808999535628
0.02,22,1964759878,1.6523756980895996,0.0,0.0,4.566403151489794,7.716067993897013
0.02,23,2037706756,1.7036097049713135,0.0,0.0,4.571423649555072,7.415726999170147
0.02,24,1572889065,1.5568641424179077,0.0,0.0,4.563654928700998,7.80681699689012
0.02,25,1432881518,1.5439320802688599,0.0,0.0,4.553777279565111,8.206988000893034
0.02,26,280516901,1.6599485874176025,0.0,0.0,4.550143909174949,7.674791995668784
0.02,27,205939248,1.6314281225204468,0.0,0.0,4.544865089468658,10.19435799389612
0.02,28,571904914,1.3735382556915283,0.0,0.0,4.658501970814541,7.6749359868699685
0.02,29,948843457,1.7849408388137817,0.0,0.0,4.495290484745055,7.358700007898733
0.02,30,155492488,1.7586833238601685,0.0,0.0,4.440507563529536,7.6117709977552295
0.02,31,1903701130,1.6741677522659302,0.0,0.0,4.564277928555384,7.777709004585631
0.02,32,1017961266,1.8370492458343506,0.0,0.0,4.359920293092728,7.6680810016114265
0.02,33,1497769985,1.4597948789596558,0.0,0.0,4.66012700740248,7.49957600783091
0.02,34,456523489,1.5527443885803223,0.0,0.0,4.565993311814964,7.825549007975496
0.02,35,701095136,1.7810659408569336,0.0,0.0,4.404188878601417,7.971368002472445
0.02,36,249069576,1.2499271631240845,0.0,0.0,4.630159405292943,7.352441010880284
0.02,37,1576098728,1.7989095449447632,0.0,0.0,4.45525230653584,7.994451996637508
0.02,38,1662748500,1.7776777744293213,0.0,0.0,4.454100710572675,7.7859909943072125
0.02,39,472736216,1.5970393419265747,0.0,0.0,4.58942933450453,7.811326999217272
0.02,40,1535411295,1.6977882385253906,0.0,0.0,4.47919743671082,7.958526010042988
0.02,41,175223003,1.595691204071045,0.0,0.0,4.575451070209965,9.712060011224821
0.02,42,840936862,1.5929723978042603,0.0,0.0,4.516558468574658,7.277105003595352
0.02,43,343373188,1.737697720527649,0.0,0.0,4.449584887595847,10.031911995611154
0.02,44,1597751082,1.7952343225479126,0.0,0.0,4.44191232137382,7.948495986056514
0.02,45,730359585,1.7990111112594604,0.0,0.0,4.405466598924249,7.537366007454693
0.02,46,1016641002,1.7952330112457275,0.0,0.0,4.388462684582919,7.925580008304678
0.02,47,998994690,1.6996052265167236,0.0,0.0,4.5264042019844055,7.564683997770771
0.02,48,1021240743,1.7552540302276611,0.0,0.0,4.481445305515081,7.939324001199566
0.02,49,572134801,1.8270763158798218,0.0,0.0,4.35797458817251,7.768327006488107
0.02,50,1198399760,1.575661540031433,0.0,0.0,4.570561709813774,7.159340006182902
0.02,51,1751866485,1.6983274221420288,0.0,0.0,4.506175216520205,7.595704999403097
0.02,52,1070889713,1.7456830739974976,0.0,0.0,4.430296160513535,7.85633000486996
0.02,53,415096539,1.3984129428863525,0.0,0.0,4.625150538049638,7.885685001383536
0.02,54,52416235,1.8453114032745361,0.0,0.0,4.3709083697758615,7.542683000792749
0.02,55,278032723,1.7300297021865845,0.0,0.0,4.439682641066611,8.08619600138627
0.02,56,174946158,1.5799113512039185,0.0,0.0,4.587708179838955,7.3627730016596615
0.02,57,196848554,1.758893609046936,0.0,0.0,4.445802696282044,10.840162009117194
0.02,58,263030910,1.435569405555725,0.0,0.0,4.598413864150643,7.6697299955412745
0.02,59,1285415020,1.5005511045455933,0.0,0.0,4.602157628396526,7.939773000543937
0.02,60,1733223444,1.6988890171051025,0.0,0.0,4.541451583849266,8.077903999947011
0.02,61,1835544261,1.7426279783248901,0.0,0.0,4.490545054432005,8.651455995277502
0.02,62,1403186970,1.2336760759353638,0.0,0.0,4.642792536411434,7.405939992167987
0.02,63,1291971777,1.345651388168335,0.0,0.0,4.5576843661256135,7.500773994252086
0.02,64,712292067,1.267266035079956,0.0,0.0,4.711507783504203,7.54868499643635
0.02,65,2001429764,1.6906766891479492,0.0,0.0,4.565621623536572,7.405766998999752
0.02,66,1375664061,1.733230471611023,0.0,0.0,4.481590668205172,7.340887008467689
0.02,67,1556456120,1.7872525453567505,0.0,0.0,4.465445403009653,8.042728004511446
0.02,68,1576053187,1.5792326927185059,0.0,0.0,4.468829780584201,7.728944008704275
0.02,69,1848019881,1.7619109153747559,0.0,0.0,4.453627297189087,7.54976000462193
0.02,70,1508652585,1.8229334354400635,0.0,0.0,4.452773735625669,7.6058339909650385
0.02,71,1995737731,1.4733877182006836,0.0,0.0,4.550133994081989,7.793960001436062
0.02,72,1162788447,1.432194709777832,0.0,0.0,4.640654777176678,7.55159099935554
0.02,73,1172925522,1.8024829626083374,0.0,0.0,4.379192995140329,8.093693002592772
0.02,74,539174575,1.7801315784454346,0.0,0.0,4.4991625510156155,7.587885003886186
0.02,75,2013637345,1.8032373189926147,0.0,0.0,4.407000389415771,7.742187997791916
0.02,76,1187468716,1.7985718250274658,0.0,0.0,4.4220154751092196,8.187505998648703
0.02,77,1062978506,1.5905134677886963,0.0,0.0,4.529910673387349,8.18165999953635
0.02,78,679326770,1.7812609672546387,0.0,0.0,4.4798497864976525,8.348564006155357
0.02,79,587923432,1.4633477926254272,0.0,0.0,4.680047927424312,8.647381007904187
0.02,80,1359889667,1.6953763961791992,0.0,0.0,4.515562131069601,7.726956988335587
0.02,81,970187386,1.6999527215957642,0.0,0.0,4.562716013984755,7.745547001832165
0.02,82,1219839873,1.5765342712402344,0.0,0.0,4.653671481413767,7.559685007436201
0.02,83,1428160212,1.616600513458252,0.0,0.0,4.635963595006615,7.343243007198907
0.02,84,1930609499,1.5701689720153809,0.0,0.0,4.481241231085733,7.849403002182953
0.02,85,710582861,1.7972875833511353,0.0,0.0,4.446601410629228,7.606457002111711
0.02,86,1463614337,1.6808969974517822,0.0,0.0,4.538819605484605,7.681542992941104
0.02,87,1940152705,1.7888939380645752,0.0,0.0,4.40541979460977,7.482764995074831
0.02,88,985452196,1.5246269702911377,0.0,0.0,4.591361398110166,7.795223995344713
0.02,89,552062587,1.814459204673767,0.0,0.0,4.357361631467938,7.414099993184209
0.02,90,623566272,1.5269629955291748,0.0,0.0,4.501044602831826,7.98444400425069
0.02,91,729775797,1.5293605327606201,0.0,0.0,4.670146012911573,7.672455001738854
0.02,92,1352536665,1.6118227243423462,0.0,0.0,4.603559473296627,7.562786006019451
0.02,93,555883440,1.2753976583480835,0.0,0.0,4.71537699108012,7.874925999203697
0.02,94,1801800003,1.6346874237060547,0.0,0.0,4.5148525522090495,8.391055001993664
0.02,95,763315502,1.7948040962219238,0.0,0.0,4.4977468906436116,7.512104988563806
0.02,96,138897982,1.7658369541168213,0.0,0.0,4.399718079017475,7.607402993016876
0.02,97,10785379,1.4321510791778564,0.0,0.0,4.674426768440753,7.316849994822405
0.02,98,53923185,1.6086704730987549,0.0,0.0,4.595738237025216,7.9376590001629665
0.02,99,1349917978,1.6886799335479736,0.0,0.0,4.579038933850825,7.518487997003831
0.021,0,1501552845,1.4737153053283691,0.0,0.0,4.593424282735214,8.151047004503198
0.021,1,488200390,1.8005295991897583,0.0,0.0,4.422900795470923,7.319542011828162
0.021,2,1693606510,1.6891517639160156,0.0,0.0,4.5143387373536825,7.772876997478306
0.021,3,680233354,1.403263807296753,0.0,0.0,4.613147783325985,7.374559994786978
0.021,4,438466540,1.748854160308838,0.0,0.0,4.4870614495594054,11.61810799385421
0.021,5,1712329280,1.7949613332748413,0.0,0.0,4.424289791379124,7.353602995863184
0.021,6,1380152455,1.708938479423523,0.0,0.0,4.460980086354539,7.755614991765469
0.021,7,1452245846,1.787467122077942,0.0,0.0,4.4675801722332835,7.347133010625839
0.021,8,2122694021,1.5974711179733276,0.0,0.0,4.629619701765478,7.344434008700773
0.021,9,839901363,1.440147042274475,0.0,0.0,4.580982221290469,7.451892000972293
0.021,10,1802651552,1.3790881633758545,0.0,0.0,4.594105347059667,8.178999996744096
0.021,11,714712467,1.7303199768066406,0.0,0.0,4.449657863471657,7.925550002255477
0.021,12,1218704077,1.720316767692566,0.0,0.0,4.527639788808301,7.575622003059834
0.021,13,1284858263,1.1621301174163818,0.0,0.0,4.7792567007709295,7.91590400331188
0.021,14,457721135,1.5956051349639893,0.0,0.0,4.536372082540765,7.691056991461664
0.021,15,401008609,1.6637725830078125,0.0,0.0,4.596380472648889,7.4716919916681945
0.021,16,492064534,1.597611427307129,0.0,0.0,4.572504433337599,7.723582006292418
0.021,17,1444732602,1.7983118295669556,0.0,0.0,4.452687336830422,7.9710249992785975
0.021,18,1317426686,1.418588638305664,0.0,0.0,4.543484831228852,7.751589000690728
0.021,19,2022506251,1.740757703781128,0.0,0.0,4.466274393489584,7.487266993848607
0.021,20,1516459118,1.6556366682052612,0.0,0.0,4.491273461841047,7.033931004116312
0.021,21,533103612,1.5805473327636719,0.0,0.0,4.591278208419681,7.397226989269257
0.021,22,1964759878,1.76540207862854,0.0,0.0,4.4836892588064075,7.565988009446301
0.021,23,2037706756,1.7448903322219849,0.0,0.0,4.517575037898496,8.109807997243479
0.021,24,1572889065,1.5789995193481445,0.0,0.0,4.54844245291315,7.6995589915895835
0.021,25,1432881518,1.6410785913467407,0.0,0.0,4.516193754039705,11.16724600433372
0.021,26,280516901,1.670699954032898,0.0,0.0,4.53975203121081,8.357696002349257
0.021,27,205939248,1.6840744018554688,0.0,0.0,4.5425787412095815,7.619027004693635
0.021,28,571904914,1.3855047225952148,0.0,0.0,4.644632598385215,7.481837994419038
0.021,29,948843457,1.7899792194366455,0.0,0.0,4.499429323012009,7.7505460067186505
0.021,30,155492488,1.7656886577606201,0.0,0.0,4.426218380220234,7.47573099215515
0.021,31,1903701130,1.6867910623550415,0.0,0.0,4.56605426967144,7.757718994980678
0.021,32,1017961266,1.8428024053573608,0.0,0.0,4.352741883369163,8.120594997308217
0.021,33,1497769985,1.5444358587265015,0.0,0.0,4.621290645096451,14.870044004055671
0.021,34,456523489,1.5676683187484741,0.0,0.0,4.564720164053142,7.676872992306016
0.021,35,701095136,1.7827378511428833,0.0,0.0,4.404324637260288,7.652063999557868
0.021,36,249069576,1.4199579954147339,0.0,0.0,4.569828635081649,7.9350739979417995
0.021,37,1576098728,1.807295799255371,0.0,0.0,4.460812703939155,7.382726005744189
0.021,38,1662748500,1.785622000694275,0.0,0.0,4.440291836159304,7.35603399516549
0.021,39,472736216,1.7836040258407593,0.0,0.0,4.478518400806934,7.886507999501191
0.021,40,1535411295,1.748641848564148,0.0,0.0,4.448246338637546,7.80246099748183
0.021,41,175223003,1.62370765209198,0.0,0.0,4.573843155289069,7.703164010308683
0.021,42,840936862,1.625648856163025,0.0,0.0,4.529255312401801,7.838839999749325
0.021,43,343373188,1.767230749130249,0.0,0.0,4.413856778759509,7.356475995038636
0.021,44,1597751082,1.8057208061218262,0.0,0.0,4.430238505126908,7.768141003907658
0.021,45,730359585,1.804486632347107,0.0,0.0,4.396538645960391,7.833234005374834
0.021,46,1016641002,1.7981696128845215,0.0,0.0,4.3885499311145395,7.909003994427621
0.021,47,998994690,1.7069681882858276,0.0,0.0,4.504677243065089,7.416564010782167
0.021,48,1021240743,1.7594510316848755,0.0,0.0,4.486664310796186,7.302736994461156
0.021,49,572134801,1.8318073749542236,0.0,0.0,4.352443786105141,7.268824003404006
0.021,50,1198399760,1.7506098747253418,0.0,0.0,4.497468589805067,10.145705993636511
0.021,51,1751866485,1.7838971614837646,0.0,0.0,4.417956867720932,7.690665006521158
0.021,52,1070889713,1.7656595706939697,0.0,0.0,4.42125355056487,7.958235000842251
0.021,53,415096539,1.4695756435394287,0.0,0.0,4.5949759285431355,7.8465389960911125
0.021,54,52416235,1.8507335186004639,0.0,0.0,4.361174914287403,7.901374003267847
0.021,55,278032723,1.733703374862671,0.0,0.0,4.421404953347519,7.290049004950561
0.021,56,174946158,1.600750207901001,0.0,0.0,4.596172603778541,7.789615003275685
0.021,57,196848554,1.7867168188095093,0.0,0.0,4.430254666134715,7.468842988600954
0.021,58,263030910,1.433101773262024,0.0,0.0,4.602333429036662,7.894207999925129
0.021,59,1285415020,1.585699200630188,0.0,0.0,4.581450121942908,7.747316994937137
0.021,60,1733223444,1.7118064165115356,0.0,0.0,4.524523189291358,7.377856993116438
0.021,61,1835544261,1.7444194555282593,0.0,0.0,4.486445988994092,8.00648599397391
0.021,62,1403186970,1.397531270980835,0.0,0.0,4.609978760359809,7.568779998109676
0.021,63,1291971777,1.3756417036056519,0.0,0.0,4.5589650687761605,7.064456003718078
0.021,64,712292067,1.3688526153564453,0.0,0.0,4.623651057714596,7.942087991978042
0.021,65,2001429764,1.7390146255493164,0.0,0.0,4.486444667214528,7.613316003698856
0.021,66,1375664061,1.7527563571929932,0.0,0.0,4.470621080836281,7.6711839938070625
0.021,67,1556456120,1.7971221208572388,0.0,0.0,4.465703251073137,7.968577992869541
0.021,68,1576053187,1.6525589227676392,0.0,0.0,4.468169153202325,7.929414001409896
0.021,69,1848019881,1.768275260925293,0.0,0.0,4.43203104659915,13.246165995951742
0.021,70,1508652585,1.8307143449783325,0.0,0.0,4.436191868502647,7.5492090109037235
0.021,71,1995737731,1.497070074081421,0.0,0.0,4.531955504557118,7.889291999163106
0.021,72,1162788447,1.4993295669555664,0.0,0.0,4.610442413715646,7.767613002215512
0.021,73,1172925522,1.8020110130310059,0.0,0.0,4.3798428094014525,7.310880988370627
0.021,74,539174575,1.7730934619903564,0.0,0.0,4.493892375612631,7.6826889999210835
0.021,75,2013637345,1.794264793395996,0.0,0.0,4.413715365109965,6.981928992900066
0.021,76,1187468716,1.8020912408828735,0.0,0.0,4.423733249073848,7.9712500009918585
0.021,77,1062978506,1.6074702739715576,0.0,0.0,4.530111322179437,7.483434994355775
0.021,78,679326770,1.7812998294830322,0.0,0.0,4.467967866919935,7.530139002483338
0.021,79,587923432,1.4813541173934937,0.0,0.0,4.67507853009738,7.5940830138279125
0.021,80,1359889667,1.73452889919281,0.0,0.0,4.474411559291184,8.067664006375708
0.021,81,970187386,1.739281415939331,0.0,0.0,4.499274329282343,7.398745001410134
0.021,82,1219839873,1.7030566930770874,0.0,0.0,4.555011574877426,7.671347004361451
0.021,83,1428160212,1.6555726528167725,0.0,0.0,4.6003216814715415,7.448528995155357
0.021,84,1930609499,1.5914943218231201,0.0,0.0,4.483551827725023,7.857563003199175
0.021,85,710582861,1.798426866531372,0.0,0.0,4.446817455813289,7.689051009947434
0.021,86,1463614337,1.675673246383667,0.0,0.0,4.528243874199688,7.764501991914585
0.021,87,1940152705,1.8002382516860962,0.0,0.0,4.405800413805991,11.475759005406871
0.021,88,985452196,1.7002638578414917,0.0,0.0,4.510005118791014,7.904999001766555
0.021,89,552062587,1.8192301988601685,0.0,0.0,4.337442140793428,8.366883994312957
0.021,90,623566272,1.5566047430038452,0.0,0.0,4.52002890361473,7.681670002057217
0.021,91,729775797,1.5704114437103271,0.0,0.0,4.651959025068209,7.721194997429848
0.021,92,1352536665,1.6804081201553345,0.0,0.0,4.6000137000810355,7.827245004591532
0.021,93,555883440,1.3729244470596313,0.0,0.0,4.651033537928015,7.308322994504124
0.021,94,1801800003,1.7841849327087402,0.0,0.0,4.433423218782991,8.268484991276637
0.021,95,763315502,1.800616979598999,0.0,0.0,4.490885141072795,10.035363986389711
0.021,96,138897982,1.785509705543518,0.0,0.0,4.3806732355151325,8.179028998711146
0.021,97,10785379,1.4795475006103516,0.0,0.0,4.673165734857321,7.619324998813681
0.021,98,53923185,1.6637388467788696,0.0,0.0,4.54018122330308,8.183152007404715
0.021,99,1349917978,1.7200192213058472,0.0,0.0,4.529194852570072,7.853607996366918
0.022,0,1501552845,1.6341912746429443,0.0,0.0,4.520462025422603,7.9692059953231364
0.022,1,488200390,1.8064483404159546,0.0,0.0,4.41617540945299,8.01812601275742
0.022,2,1693606510,1.688452959060669,0.0,0.0,4.519462757045403,14.49941900500562
0.022,3,680233354,1.4310988187789917,0.0,0.0,4.59235632349737,7.895636008470319
0.022,4,438466540,1.7683442831039429,0.0,0.0,4.488886031555012,7.3484780004946515
0.022,5,1712329280,1.7988086938858032,0.0,0.0,4.427736747544259,7.749415992293507
0.022,6,1380152455,1.7569925785064697,0.0,0.0,4.434526646044105,7.472630997654051
0.022,7,1452245846,1.7905913591384888,0.0,0.0,4.451694650109857,7.9143570037558675
0.022,8,2122694021,1.6490156650543213,0.0,0.0,4.578396905446425,7.697465000092052
0.022,9,839901363,1.6088509559631348,0.0,0.0,4.540456211194396,13.12903499638196
0.022,10,1802651552,1.401236891746521,0.0,0.0,4.59019765490666,7.80526599555742
0.022,11,714712467,1.763274908065796,0.0,0.0,4.426992770051584,7.7785129979019985
0.022,12,1218704077,1.7513542175292969,0.0,0.0,4.494075570721179,15.328132998547517
0.022,13,1284858263,1.2835241556167603,0.0,0.0,4.680937917670235,7.863453007303178
0.022,14,457721135,1.5505598783493042,0.0,0.0,4.567608998855576,8.065742993494496
0.022,15,401008609,1.683621883392334,0.0,0.0,4.583601443562657,7.800182997016236
0.022,16,492064534,1.6282007694244385,0.0,0.0,4.571772218449041,7.578097996884026
0.022,17,1444732602,1.8007152080535889,0.0,0.0,4.456006872467697,7.379426999250427
0.022,18,1317426686,1.4481847286224365,0.0,0.0,4.527811571257189,7.719358007307164
0.022,19,2022506251,1.7496088743209839,0.0,0.0,4.467544994549826,7.377085988991894
0.022,20,1516459118,1.737699270248413,0.0,0.0,4.435164886061102,7.629439001902938
0.022,21,533103612,1.6039179563522339,0.0,0.0,4.5936264898628,7.597344010719098
0.022,22,1964759878,1.7747036218643188,0.0,0.0,4.463403606321663,8.30385800509248
0.022,23,2037706756,1.7531297206878662,0.0,0.0,4.5049097668379545,7.730543002253398
0.022,24,1572889065,1.671447515487671,0.0,0.0,4.485438534291461,8.292565995361656
0.022,25,1432881518,1.7724584341049194,0.0,0.0,4.410285813501105,8.056490012677386
0.022,26,280516901,1.703737735748291,0.0,0.0,4.525133425602689,11.50696599506773
0.022,27,205939248,1.7820580005645752,0.0,0.0,4.461672758217901,7.875722003518604
0.022,28,571904914,1.4109901189804077,0.0,0.0,4.647441103355959,7.626509992405772
0.022,29,948843457,1.7976710796356201,0.0,0.0,4.493137552635744,7.922034987132065
0.022,30,155492488,1.7724543809890747,0.0,0.0,4.4342308670748025,8.358065999345854
0.022,31,1903701130,1.7253459692001343,0.0,0.0,4.544389120535925,7.659868992050178
0.022,32,1017961266,1.843403697013855,0.0,0.0,4.351859105750918,8.242684998549521
0.022,33,1497769985,1.6465356349945068,0.0,0.0,4.572454491630197,7.497015001717955
0.022,34,456523489,1.5810182094573975,0.0,0.0,4.552283423952758,7.830182003090158
0.022,35,701095136,1.7864117622375488,0.0,0.0,4.4046202001627535,7.6284359965939075
0.022,36,249069576,1.5649089813232422,0.0,0.0,4.532179111614823,7.943501012050547
0.022,37,1576098728,1.8128644227981567,0.0,0.0,4.448457274818793,8.211501000914723
0.022,38,1662748500,1.7864042520523071,0.0,0.0,4.434060993837193,7.7563939994433895
0.022,39,472736216,1.786040186882019,0.0,0.0,4.475836351746693,8.359639992704615
0.022,40,1535411295,1.752875566482544,0.0,0.0,4.446085389936343,8.238928014179692
0.022,41,175223003,1.628653645515442,0.0,0.0,4.570330351125449,8.175014008884318
0.022,42,840936862,1.6552459001541138,0.0,0.0,4.50468278140761,7.532704010372981
0.022,43,343373188,1.7781078815460205,0.0,0.0,4.4134803637862206,7.641987991519272
0.022,44,1597751082,1.8182740211486816,0.0,0.0,4.435485490830615,7.322092991671525
0.022,45,730359585,1.8105279207229614,0.0,0.0,4.4019879954867065,8.917781000491232
0.022,46,1016641002,1.8064993619918823,0.0,0.0,4.3964764955453575,8.046064001973718
0.022,47,998994690,1.7372108697891235,0.0,0.0,4.476490836823359,7.343801000388339
0.022,48,1021240743,1.763004183769226,0.0,0.0,4.481550505151972,7.664168006158434
0.022,49,572134801,1.8365683555603027,0.0,0.0,4.342781872022897,7.830961010768078
0.022,50,1198399760,1.7620056867599487,0.0,0.0,4.487657654564828,8.032184006879106
0.022,51,1751866485,1.7887593507766724,0.0,0.0,4.4056925917975605,7.627274011611007
0.022,52,1070889713,1.7697043418884277,0.0,0.0,4.4244028576649725,7.7545649983221665
0.022,53,415096539,1.5520741939544678,0.0,0.0,4.594387835590169,7.509012997616082
0.022,54,52416235,1.8519538640975952,0.0,0.0,4.3641748847439885,7.657751004444435
0.022,55,278032723,1.7635116577148438,0.0,0.0,4.392497754655778,7.755947997793555
0.022,56,174946158,1.6422100067138672,0.0,0.0,4.585190171375871,7.353470995440148
0.022,57,196848554,1.7930814027786255,0.0,0.0,4.430889970390126,8.8876009976957
0.022,58,263030910,1.4730700254440308,0.0,0.0,4.590011395746842,8.205866994103417
0.022,59,1285415020,1.6440564393997192,0.0,0.0,4.545554357115179,8.077392005361617
0.022,60,1733223444,1.7310343980789185,0.0,0.0,4.509608386084437,7.869456996559165
0.022,61,1835544261,1.7509430646896362,0.0,0.0,4.455274692270905,7.697851993725635
0.022,62,1403186970,1.3528451919555664,0.0,0.0,4.615082733333111,7.93757798965089
0.022,63,1291971777,1.3816403150558472,0.0,0.0,4.562560563208535,9.348679988761432
0.022,64,712292067,1.4507946968078613,0.0,0.0,4.59863945399411,7.424780007568188
0.022,65,2001429764,1.7568881511688232,0.0,0.0,4.474867006763816,8.282649010652676
0.022,66,1375664061,1.762050747871399,0.0,0.0,4.459250454325229,8.048048010095954
0.022,67,1556456120,1.8049668073654175,0.0,0.0,4.470573448808864,8.453993999864906
0.022,68,1576053187,1.706536054611206,0.0,0.0,4.43390873610042,7.5259969889884815
0.022,69,1848019881,1.770294189453125,0.0,0.0,4.431791178649291,7.878778997110203
0.022,70,1508652585,1.8364769220352173,0.0,0.0,4.441574651282281,7.840637001208961
0.022,71,1995737731,1.5735692977905273,0.0,0.0,4.535509233828634,7.438152009854093
0.022,72,1162788447,1.5544110536575317,0.0,0.0,4.5833234924357384,7.421836999128573
0.022,73,1172925522,1.8076624870300293,0.0,0.0,4.357757623074576,7.2279949963558465
0.022,74,539174575,1.7887071371078491,0.0,0.0,4.490655901143327,8.69520400010515
0.022,75,2013637345,1.801596999168396,0.0,0.0,4.395513138035312,7.695391002926044
0.022,76,1187468716,1.8038740158081055,0.0,0.0,4.427116381702945,7.557044998975471
0.022,77,1062978506,1.6307704448699951,0.0,0.0,4.521678930614144,7.553294999524951
0.022,78,679326770,1.790909767150879,0.0,0.0,4.4624050601851195,8.960134000517428
0.022,79,587923432,1.500630259513855,0.0,0.0,4.686420099809766,8.68026100215502
0.022,80,1359889667,1.760249376296997,0.0,0.0,4.42942718253471,7.87510399823077
0.022,81,970187386,1.7494664192199707,0.0,0.0,4.498230168130249,7.370883991825394
0.022,82,1219839873,1.7367010116577148,0.0,0.0,4.518627540208399,7.657440000912175
0.022,83,1428160212,1.698664665222168,0.0,0.0,4.541579531040043,7.707019001827575
0.022,84,1930609499,1.61892569065094,0.0,0.0,4.478845270816237,7.694166008150205
0.022,85,710582861,1.8074055910110474,0.0,0.0,4.439246391411871,16.179815007490106
0.022,86,1463614337,1.7164839506149292,0.0,0.0,4.499416773905978,7.427625998388976
0.022,87,1940152705,1.803770899772644,0.0,0.0,4.391333480831236,7.514695011195727
0.022,88,985452196,1.7336032390594482,0.0,0.0,4.449383025523275,12.574974010931328
0.022,89,552062587,1.8221895694732666,0.0,0.0,4.338914625579491,7.6823960116598755
0.022,90,623566272,1.6310168504714966,0.0,0.0,4.498672643210739,8.065236994298175
0.022,91,729775797,1.6775542497634888,0.0,0.0,4.611612954642624,8.424872008617967
0.022,92,1352536665,1.7836648225784302,0.0,0.0,4.524739585351199,8.272336999652907
0.022,93,555883440,1.5220028162002563,0.0,0.0,4.59686743770726,7.926271995529532
0.022,94,1801800003,1.7919237613677979,0.0,0.0,4.428543250309303,7.82859799801372
0.022,95,763315502,1.808269739151001,0.0,0.0,4.477202540496364,8.306232004542835
0.022,96,138897982,1.7998155355453491,0.0,0.0,4.387523808283731,7.595515999128111
0.022,97,10785379,1.592555284500122,0.0,0.0,4.647885152837262,7.627607003087178
0.022,98,53923185,1.7247635126113892,0.0,0.0,4.4834765961859375,7.647646008990705
0.022,99,1349917978,1.7611392736434937,0.0,0.0,4.495416910620406,7.4430809909245
0.023,0,1501552845,1.7460249662399292,0.0,0.0,4.4279410457238555,7.859828998334706
0.023,1,488200390,1.8102346658706665,0.0,0.0,4.420010193949565,8.004528004676104
0.023,2,1693606510,1.7368507385253906,0.0,0.0,4.471208566101268,8.04817900643684
0.023,3,680233354,1.4756091833114624,0.0,0.0,4.576640619896352,7.775801001116633
0.023,4,438466540,1.7665348052978516,0.0,0.0,4.4917642248328775,8.203486999263987
0.023,5,1712329280,1.8007527589797974,0.0,0.0,4.426682744873688,7.667619996936992
0.023,6,1380152455,1.7660069465637207,0.0,0.0,4.422200361499563,7.60066400107462
0.023,7,1452245846,1.795977234840393,0.0,0.0,4.439325701678172,8.072481999988668
0.023,8,2122694021,1.704492449760437,0.0,0.0,4.552566895959899,7.929786996101029
0.023,9,839901363,1.6483582258224487,0.0,0.0,4.5353825280908495,7.458763007889502
0.023,10,1802651552,1.4425857067108154,0.0,0.0,4.588319231988862,7.420056994305924
0.023,11,714712467,1.7807263135910034,0.0,0.0,4.393910373328254,7.2426029946655035
0.023,12,1218704077,1.7603023052215576,0.0,0.0,4.496596663724631,8.269710000604391
0.023,13,1284858263,1.3180077075958252,0.0,0.0,4.675468180794269,7.705620999331586
0.023,14,457721135,1.596071720123291,0.0,0.0,4.548478174954653,7.24155199714005
0.023,15,401008609,1.7532497644424438,0.0,0.0,4.500944384140894,7.867081003496423
0.023,16,492064534,1.7379846572875977,0.0,0.0,4.472066476941109,7.726183990598656
0.023,17,1444732602,1.8096530437469482,0.0,0.0,4.458260264014825,7.900321012130007
0.023,18,1317426686,1.5210400819778442,0.0,0.0,4.5270665739662945,7.341222997638397
0.023,19,2022506251,1.7534985542297363,0.0,0.0,4.47312271152623,8.27923699398525
0.023,20,1516459118,1.7493430376052856,0.0,0.0,4.429900431307033,7.919131996459328
0.023,21,533103612,1.6199344396591187,0.0,0.0,4.5851326221600175,8.458308991976082
0.023,22,1964759878,1.7778515815734863,0.0,0.0,4.4621175630018115,7.539714002632536
0.023,23,2037706756,1.7636445760726929,0.0,0.0,4.510776819428429,9.365919002448209
0.023,24,1572889065,1.756868600845337,0.0,0.0,4.44871020433493,7.523428008425981
0.023,25,1432881518,1.782277226448059,0.0,0.0,4.409990479238331,7.630683001480065
0.023,26,280516901,1.7440987825393677,0.0,0.0,4.465507285203785,7.86739400064107
0.023,27,205939248,1.7900211811065674,0.0,0.0,4.438257569912821,7.303671998670325
0.023,28,571904914,1.4631415605545044,0.0,0.0,4.645447776187211,7.748678995994851
0.023,29,948843457,1.8027231693267822,0.0,0.0,4.4969033289235085,7.988383993506432
0.023,30,155492488,1.777958631515503,0.0,0.0,4.413710760418326,7.700860005570576
0.023,31,1903701130,1.7565243244171143,0.0,0.0,4.5211583017371595,7.984102005138993
0.023,32,1017961266,1.8449466228485107,0.0,0.0,4.355209864443168,7.818869999027811
0.023,33,1497769985,1.745605707168579,0.0,0.0,4.479280130704865,7.712596008786932
0.023,34,456523489,1.6095706224441528,0.0,0.0,4.551027887966484,7.643486009328626
0.023,35,701095136,1.7950828075408936,0.0,0.0,4.409247380448505,7.635065005160868
0.023,36,249069576,1.6614793539047241,0.0,0.0,4.467123021371663,7.022082005278207
0.023,37,1576098728,1.818408489227295,0.0,0.0,4.452528048772365,7.4903719942085445
0.023,38,1662748500,1.796717643737793,0.0,0.0,4.426661120261997,7.599429998663254
0.023,39,472736216,1.7927998304367065,0.0,0.0,4.467597458744422,12.093343990272842
0.023,40,1535411295,1.7625025510787964,0.0,0.0,4.43350925645791,7.958603993756697
0.023,41,175223003,1.672481656074524,0.0,0.0,4.542728945380077,7.313398004043847
0.023,42,840936862,1.745573878288269,0.0,0.0,4.441718816990033,7.359073992120102
0.023,43,343373188,1.7783962488174438,0.0,0.0,4.415454508503899,7.908081999630667
0.023,44,1597751082,1.818467378616333,0.0,0.0,4.435857677133754,7.212381009594537
0.023,45,730359585,1.8179757595062256,0.0,0.0,4.3905907173175365,7.901191987912171
0.023,46,1016641002,1.8093761205673218,0.0,0.0,4.388787955744192,7.674387001316063
0.023,47,998994690,1.7685794830322266,0.0,0.0,4.4773998882155865,8.304525006678887
0.023,48,1021240743,1.778307318687439,0.0,0.0,4.472000856883824,7.485502006602474
0.023,49,572134801,1.840085744857788,0.0,0.0,4.344351280014962,8.255976004875265
0.023,50,1198399760,1.7613542079925537,0.0,0.0,4.482015238143504,7.4452009866945446
0.023,51,1751866485,1.7907729148864746,0.0,0.0,4.4098500108812,7.594151000375859
0.023,52,1070889713,1.7815687656402588,0.0,0.0,4.412938692606986,7.6602150074904785
0.023,53,415096539,1.627111792564392,0.0,0.0,4.567765762563795,7.564799001556821
0.023,54,52416235,1.8557641506195068,0.0,0.0,4.367259317543358,7.762843000818975
0.023,55,278032723,1.769139289855957,0.0,0.0,4.397616357076913,7.849001005524769
0.023,56,174946158,1.7604714632034302,0.0,0.0,4.472858262015507,7.445423994795419
0.023,57,196848554,1.7953330278396606,0.0,0.0,4.434947704197839,7.779507010127418
0.023,58,263030910,1.6495441198349,0.0,0.0,4.561299566412345,8.116565993987024
0.023,59,1285415020,1.7257672548294067,0.0,0.0,4.466193496482447,8.352136006578803
0.023,60,1733223444,1.7573662996292114,0.0,0.0,4.487000479828566,7.3382249975111336
0.023,61,1835544261,1.7522943019866943,0.0,0.0,4.460563736967742,7.907238003099337
0.023,62,1403186970,1.5077145099639893,0.0,0.0,4.562411433085799,7.533263997174799
0.023,63,1291971777,1.5073068141937256,0.0,0.0,4.545356130693108,7.818311991286464
0.023,64,712292067,1.566141128540039,0.0,0.0,4.610562172951177,8.316785999340937
0.023,65,2001429764,1.7573676109313965,0.0,0.0,4.477939520264044,7.509076007409021
0.023,66,1375664061,1.7601096630096436,0.0,0.0,4.46426797634922,11.14706699445378
0.023,67,1556456120,1.8115558624267578,0.0,0.0,4.476432795403525,8.093803000519983
0.023,68,1576053187,1.7619316577911377,0.0,0.0,4.408392393030226,7.763590998365544
0.023,69,1848019881,1.7865321636199951,0.0,0.0,4.408404687186703,7.957871988764964
0.023,70,1508652585,1.8384509086608887,0.0,0.0,4.432038486236706,7.644012992386706
0.023,71,1995737731,1.597446084022522,0.0,0.0,4.547270199749619,8.566821008571424
0.023,72,1162788447,1.718064546585083,0.0,0.0,4.4834684354718775,7.452739999280311
0.023,73,1172925522,1.8089430332183838,0.0,0.0,4.349139425903559,7.865049992688
0.023,74,539174575,1.796315312385559,0.0,0.0,4.475281012477353,7.864375002100132
0.023,75,2013637345,1.8055956363677979,0.0,0.0,4.409903140272945,7.607556006405503
0.023,76,1187468716,1.808765172958374,0.0,0.0,4.423649792559445,7.728711992967874
0.023,77,1062978506,1.6985496282577515,0.0,0.0,4.492767406627536,7.921113006887026
0.023,78,679326770,1.7944419384002686,0.0,0.0,4.454881689976901,7.66822999867145
0.023,79,587923432,1.5427608489990234,0.0,0.0,4.694504242157564,7.784429006278515
0.023,80,1359889667,1.7712504863739014,0.0,0.0,4.399890705011785,7.285113999387249
0.023,81,970187386,1.7531180381774902,0.0,0.0,4.481904985848814,8.072666998486966
0.023,82,1219839873,1.7458775043487549,0.0,0.0,4.486346309538931,7.894210008089431
0.023,83,1428160212,1.7017645835876465,0.0,0.0,4.527348751435056,7.569040011730976
0.023,84,1930609499,1.6635010242462158,0.0,0.0,4.465234539005905,7.328777006478049
0.023,85,710582861,1.808562159538269,0.0,0.0,4.431355549721047,7.761860004393384
0.023,86,1463614337,1.7648813724517822,0.0,0.0,4.45787913701497,7.454734994098544
0.023,87,1940152705,1.8060798645019531,0.0,0.0,4.384643782163039,7.817313002306037
0.023,88,985452196,1.7373005151748657,0.0,0.0,4.445461354684085,7.233684998936951
0.023,89,552062587,1.830838680267334,0.0,0.0,4.322102006291971,7.620712989591993
0.023,90,623566272,1.6986024379730225,0.0,0.0,4.447484449483454,7.880717996158637
0.023,91,729775797,1.7216578722000122,0.0,0.0,4.528444170486182,7.899708012701012
0.023,92,1352536665,1.7874571084976196,0.0,0.0,4.524441580288112,7.710404999670573
0.023,93,555883440,1.539044976234436,0.0,0.0,4.587060184916481,7.446215007803403
0.023,94,1801800003,1.7931700944900513,0.0,0.0,4.417400187579915,6.9374750019051135
0.023,95,763315502,1.8130754232406616,0.0,0.0,4.471843436360359,7.458605992724188
0.023,96,138897982,1.80595862865448,0.0,0.0,4.3894197039771825,7.288032007636502
0.023,97,10785379,1.6485422849655151,0.0,0.0,4.574785202974454,7.8884860122343525
0.023,98,53923185,1.7527070045471191,0.0,0.0,4.463977086590603,7.837404002202675
0.023,99,1349917978,1.7654156684875488,0.0,0.0,4.490142080932856,7.836614997358993
0.024,0,1501552845,1.7567200660705566,0.0,0.0,4.421733041992411,7.947991005494259
0.024,1,488200390,1.8156030178070068,0.0,0.0,4.4250904195941985,7.374067005002871
0.024,2,1693606510,1.7411552667617798,0.0,0.0,4.460594739764929,7.741124005406164
0.024,3,680233354,1.69785737991333,0.0,0.0,4.447854444850236,7.524304004618898
0.024,4,438466540,1.77081298828125,0.0,0.0,4.502918004756793,7.532898001954891
0.024,5,1712329280,1.8028134107589722,0.0,0.0,4.4137382006738335,7.756716004223563
0.024,6,1380152455,1.7740957736968994,0.0,0.0,4.4292401627171785,7.178157000453211
0.024,7,1452245846,1.8012179136276245,0.0,0.0,4.444405997404829,8.090210001682863
0.024,8,2122694021,1.7684026956558228,0.0,0.0,4.508580352878198,8.006397998542525
0.024,9,839901363,1.7596197128295898,0.0,0.0,4.455168350599706,7.624945996212773
0.024,10,1802651552,1.457964301109314,0.0,0.0,4.597312156576663,7.360058996709995
0.024,11,714712467,1.7856658697128296,0.0,0.0,4.388400973752141,7.600220007589087
0.024,12,1218704077,1.7686042785644531,0.0,0.0,4.492168801603839,7.702817005338147
0.024,13,1284858263,1.347693920135498,0.0,0.0,4.677265344653279,8.248697995441034
0.024,14,457721135,1.6858136653900146,0.0,0.0,4.461921092122793,8.092345000477508
0.024,15,401008609,1.7646223306655884,0.0,0.0,4.481167059391737,7.64415500452742
0.024,16,492064534,1.7540425062179565,0.0,0.0,4.472672216361389,7.876707997638732
0.024,17,1444732602,1.8112894296646118,0.0,0.0,4.44520223676227,8.095167999272235
0.024,18,1317426686,1.605086326599121,0.0,0.0,4.509705550502986,7.642575001227669
0.024,19,2022506251,1.7575962543487549,0.0,0.0,4.474447278538719,12.365793998469599
0.024,20,1516459118,1.767421007156372,0.0,0.0,4.42289455817081,7.67946700216271
0.024,21,533103612,1.640660285949707,0.0,0.0,4.559259969741106,7.565725987660699
0.024,22,1964759878,1.7784757614135742,0.0,0.0,4.460357104195282,8.0420839949511
0.024,23,2037706756,1.7705364227294922,0.0,0.0,4.502116914372891,7.821758001227863
0.024,24,1572889065,1.7510112524032593,0.0,0.0,4.44839354744181,7.745435010292567
0.024,25,1432881518,1.7913591861724854,0.0,0.0,4.38355159945786,7.970035992912017
0.024,26,280516901,1.7565523386001587,0.0,0.0,4.459174896823242,8.089384995400906
0.024,27,205939248,1.789135217666626,0.0,0.0,4.44355173013173,7.6782850082963705
0.024,28,571904914,1.7558995485305786,0.0,0.0,4.494974945206195,8.132428003591485
0.024,29,948843457,1.8117499351501465,0.0,0.0,4.493758664699271,7.591608999064192
0.024,30,155492488,1.7899779081344604,0.0,0.0,4.399662721902132,7.765174988890067
0.024,31,1903701130,1.7828099727630615,0.0,0.0,4.459864690201357,7.870430999901146
0.024,32,1017961266,1.8523807525634766,0.0,0.0,4.358876288402826,8.717934004380368
0.024,33,1497769985,1.760211706161499,0.0,0.0,4.489487643353641,7.770648007863201
0.024,34,456523489,1.7497295141220093,0.0,0.0,4.459836690220982,7.804370005032979
0.024,35,701095136,1.801641583442688,0.0,0.0,4.410131510114297,8.419528006925248
0.024,36,249069576,1.7422086000442505,0.0,0.0,4.433042152784765,8.187679006368853
0.024,37,1576098728,1.8206355571746826,0.0,0.0,4.459468227112666,7.446868999977596
0.024,38,1662748500,1.802626371383667,0.0,0.0,4.427412957185879,11.774580998462625
0.024,39,472736216,1.8007903099060059,0.0,0.0,4.4701363642234355,8.415353004238568
0.024,40,1535411295,1.7763556241989136,0.0,0.0,4.4382765360642225,8.004388000699691
0.024,41,175223003,1.7516318559646606,0.0,0.0,4.491914690705016,7.259602993144654
0.024,42,840936862,1.7643336057662964,0.0,0.0,4.435759551124647,7.7883089979877695
0.024,43,343373188,1.7850068807601929,0.0,0.0,4.383568255929276,7.349264997174032
0.024,44,1597751082,1.8260211944580078,0.0,0.0,4.427413905970752,7.269894005730748
0.024,45,730359585,1.8179826736450195,0.0,0.0,4.393142309272662,7.360014002188109
0.024,46,1016641002,1.818323016166687,0.0,0.0,4.377407100750133,7.780526007991284
0.024,47,998994690,1.7716631889343262,0.0,0.0,4.462363256141543,7.697487002587877
0.024,48,1021240743,1.7828705310821533,0.0,0.0,4.467156950384378,7.271088004927151
0.024,49,572134801,1.8404080867767334,0.0,0.0,4.333172682439908,7.576826988952234
0.024,50,1198399760,1.7651597261428833,0.0,0.0,4.459863732336089,7.4284059955971316
0.024,51,1751866485,1.795733094215393,0.0,0.0,4.401702925795689,7.917625000118278
0.024,52,1070889713,1.7881454229354858,0.0,0.0,4.403335215523839,7.530810005846433
0.024,53,415096539,1.7442556619644165,0.0,0.0,4.502129934495315,7.820575992809609
0.024,54,52416235,1.8606395721435547,0.0,0.0,4.369566627312452,7.436303989379667
0.024,55,278032723,1.773006796836853,0.0,0.0,4.396409249864519,8.183701997040771
0.024,56,174946158,1.769996166229248,0.0,0.0,4.454378375317901,51.56159300531726
0.024,57,196848554,1.803298830986023,0.0,0.0,4.440023202216253,7.888187989010476
0.024,58,263030910,1.6744354963302612,0.0,0.0,4.534302798099816,7.095470005879179
0.024,59,1285415020,1.7269113063812256,0.0,0.0,4.462834403850138,7.919294992461801
0.024,60,1733223444,1.7635561227798462,0.0,0.0,4.457376729231328,8.033385005546734
0.024,61,1835544261,1.7616099119186401,0.0,0.0,4.441505103372037,8.170542001607828
0.024,62,1403186970,1.7321943044662476,0.0,0.0,4.408064939081669,7.945562989334576
0.024,63,1291971777,1.5282444953918457,0.0,0.0,4.544017274165526,7.727789008640684
0.024,64,712292067,1.64495050907135,0.0,0.0,4.568171157734469,8.035522987484
0.024,65,2001429764,1.7733118534088135,0.0,0.0,4.47699836618267,7.7080810006009415
0.024,66,1375664061,1.7650049924850464,0.0,0.0,4.469294974114746,7.53873900976032
0.024,67,1556456120,1.8185861110687256,0.0,0.0,4.4795744435396045,7.861189995310269
0.024,68,1576053187,1.7632473707199097,0.0,0.0,4.382462874287739,8.004660994629376
0.024,69,1848019881,1.7898287773132324,0.0,0.0,4.411210398655385,7.630417007021606
0.024,70,1508652585,1.8439359664916992,0.0,0.0,4.434655894525349,7.606357001350261
0.024,71,1995737731,1.6268175840377808,0.0,0.0,4.553055825410411,7.875975992647
0.024,72,1162788447,1.7421534061431885,0.0,0.0,4.471112231025472,8.472643996356055
0.024,73,1172925522,1.8118934631347656,0.0,0.0,4.35278166923672,7.765955000650138
0.024,74,539174575,1.801537036895752,0.0,0.0,4.478578098816797,7.6214860018808395
0.024,75,2013637345,1.8056977987289429,0.0,0.0,4.402598220389336,8.051709010032937
0.024,76,1187468716,1.8117176294326782,0.0,0.0,4.411046613706276,7.555589007097296
0.024,77,1062978506,1.749814748764038,0.0,0.0,4.466861655237153,7.5617630063788965
0.024,78,679326770,1.7918105125427246,0.0,0.0,4.4575727065093815,7.953794003697112
0.024,79,587923432,1.7446054220199585,0.0,0.0,4.54239080613479,7.5774889992317185
0.024,80,1359889667,1.7796623706817627,0.0,0.0,4.393648438621312,7.8207400074461475
0.024,81,970187386,1.7585721015930176,0.0,0.0,4.484153709374368,7.977273009601049
0.024,82,1219839873,1.7524946928024292,0.0,0.0,4.478062839014456,7.817382997018285
0.024,83,1428160212,1.7546651363372803,0.0,0.0,4.499016179703176,7.617181006935425
0.024,84,1930609499,1.6911048889160156,0.0,0.0,4.460958271287382,7.752057004836388
0.024,85,710582861,1.813499927520752,0.0,0.0,4.42377051175572,7.957409005030058
0.024,86,1463614337,1.7834211587905884,0.0,0.0,4.418084142031148,7.778635001159273
0.024,87,1940152705,1.806412696838379,0.0,0.0,4.375917187193409,7.332816996495239
0.024,88,985452196,1.759657621383667,0.0,0.0,4.429072355153039,7.673836007597856
0.024,89,552062587,1.8361660242080688,0.0,0.0,4.325410642893985,7.5356830056989565
0.024,90,623566272,1.7534877061843872,0.0,0.0,4.408403248060495,7.99773600010667
0.024,91,729775797,1.7452633380889893,0.0,0.0,4.518477780278772,7.636839000042528
0.024,92,1352536665,1.7921570539474487,0.0,0.0,4.520114050479606,7.270660003996454
0.024,93,555883440,1.5578314065933228,0.0,0.0,4.573923785006627,7.4201449897373095
0.024,94,1801800003,1.7951781749725342,0.0,0.0,4.41868844255805,8.190613996703178
0.024,95,763315502,1.8186500072479248,0.0,0.0,4.466094741597772,7.469083997420967
0.024,96,138897982,1.809631109237671,0.0,0.0,4.392636343138292,7.717954998952337
0.024,97,10785379,1.7326083183288574,0.0,0.0,4.524113412247971,7.969186990521848
0.024,98,53923185,1.7575290203094482,0.0,0.0,4.450831295922399,7.877085008658469
0.024,99,1349917978,1.7745180130004883,0.0,0.0,4.487917874474078,7.9556840064469725
0.025,0,1501552845,1.7631255388259888,0.0,0.0,4.426842360524461,7.732290992862545
0.025,1,488200390,1.8138823509216309,0.0,0.0,4.417513839434832,7.489073002943769
0.025,2,1693606510,1.7615305185317993,0.0,0.0,4.431146296672523,8.144744002493098
0.025,3,680233354,1.7348620891571045,0.0,0.0,4.413826911011711,7.476937011233531
0.025,4,438466540,1.7752264738082886,0.0,0.0,4.491417644079775,7.87798099918291
0.025,5,1712329280,1.8084911108016968,0.0,0.0,4.409145650686696,7.796115998644382
0.025,6,1380152455,1.7829251289367676,0.0,0.0,4.399193863617256,7.2949000023072585
0.025,7,1452245846,1.803754448890686,0.0,0.0,4.445521406130865,7.209122006315738
0.025,8,2122694021,1.7832475900650024,0.0,0.0,4.5082940007559955,12.499680000473745
0.025,9,839901363,1.7729438543319702,0.0,0.0,4.452390316175297,7.8241040027933195
0.025,10,1802651552,1.7361034154891968,0.0,0.0,4.404784224927425,7.758878011372872
0.025,11,714712467,1.7939482927322388,0.0,0.0,4.388664106372744,8.163994993083179
0.025,12,1218704077,1.7781505584716797,0.0,0.0,4.491327203344554,7.716354011790827
0.025,13,1284858263,1.430249571800232,0.0,0.0,4.674972979351878,7.526251007220708
0.025,14,457721135,1.7301427125930786,0.0,0.0,4.445200969697908,7.810727009200491
0.025,15,401008609,1.7704607248306274,0.0,0.0,4.477761141723022,7.8309429954970255
0.025,16,492064534,1.7599139213562012,0.0,0.0,4.462577039608732,7.912839995697141
0.025,17,1444732602,1.816131591796875,0.0,0.0,4.446734977187589,7.851257003494538
0.025,18,1317426686,1.6968498229980469,0.0,0.0,4.457446475513279,7.464698996045627
0.025,19,2022506251,1.7698655128479004,0.0,0.0,4.474252282641828,7.7418639993993565
0.025,20,1516459118,1.7721662521362305,0.0,0.0,4.430812183767557,7.426227006362751
0.025,21,533103612,1.7365622520446777,0.0,0.0,4.4743717652745545,7.778714003507048
0.025,22,1964759878,1.7887827157974243,0.0,0.0,4.443594409618527,7.602717989357188
0.025,23,2037706756,1.77841317653656,0.0,0.0,4.504852660931647,7.732042999123223
0.025,24,1572889065,1.7641911506652832,0.0,0.0,4.458469528937712,7.59100700088311
0.025,25,1432881518,1.791038155555725,0.0,0.0,4.38504589907825,8.005070994840935
0.025,26,280516901,1.7631033658981323,0.0,0.0,4.449822353897616,7.61302700266242
0.025,27,205939248,1.7955349683761597,0.0,0.0,4.433307707775384,13.352060006582178
0.025,28,571904914,1.7607853412628174,0.0,0.0,4.498148119775578,7.378325011814013
0.025,29,948843457,1.8069452047348022,0.0,0.0,4.493210299871862,8.036043000174686
0.025,30,155492488,1.799577236175537,0.0,0.0,4.398512038169429,7.8335910075111315
0.025,31,1903701130,1.785317301750183,0.0,0.0,4.446934815729037,8.195550995878875
0.025,32,1017961266,1.8570419549942017,0.0,0.0,4.363848266657442,7.632968001416884
0.025,33,1497769985,1.765010952949524,0.0,0.0,4.497246886137873,7.414152001729235
0.025,34,456523489,1.761757731437683,0.0,0.0,4.453294252511114,7.444176997523755
0.025,35,701095136,1.81966233253479,0.0,0.0,4.404716747812927,8.006690986803733
0.025,36,249069576,1.750366449356079,0.0,0.0,4.402157574193552,7.225112000014633
0.025,37,1576098728,1.8242077827453613,0.0,0.0,4.463216444477439,8.078786006080918
0.025,38,1662748500,1.8068029880523682,0.0,0.0,4.43047317257151,7.78959300077986
0.025,39,472736216,1.8035932779312134,0.0,0.0,4.464268041308969,7.58438601042144
0.025,40,1535411295,1.779962182044983,0.0,0.0,4.42976523982361,7.896491006249562
0.025,41,175223003,1.7515575885772705,0.0,0.0,4.4860635651275516,7.772163997287862
0.025,42,840936862,1.7727012634277344,0.0,0.0,4.419657194754109,8.086936999461614
0.025,43,343373188,1.7962145805358887,0.0,0.0,4.389877382433042,7.847283995943144
0.025,44,1597751082,1.8383240699768066,0.0,0.0,4.420218860032037,7.6997680007480085
0.025,45,730359585,1.8179970979690552,0.0,0.0,4.385031448910013,7.976341003086418
0.025,46,1016641002,1.8212435245513916,0.0,0.0,4.372821970377117,7.614941001520492
0.025,47,998994690,1.771677851676941,0.0,0.0,4.465663085691631,7.449010998243466
0.025,48,1021240743,1.7875317335128784,0.0,0.0,4.456175210652873,8.178036994650029
0.025,49,572134801,1.8439048528671265,0.0,0.0,4.339293182361871,8.224705990869552
0.025,50,1198399760,1.7720803022384644,0.0,0.0,4.468735938658938,7.887792002293281
0.025,51,1751866485,1.802639365196228,0.0,0.0,4.400179205229506,7.783011998981237
0.025,52,1070889713,1.792392611503601,0.0,0.0,4.403444283874705,7.30251100321766
0.025,53,415096539,1.7658047676086426,0.0,0.0,4.490824448177591,7.585550993098877
0.025,54,52416235,1.8689079284667969,0.0,0.0,4.3660370064899325,8.538171008694917
0.025,55,278032723,1.7913728952407837,0.0,0.0,4.373072604648769,7.5495799974305555
0.025,56,174946158,1.7757508754730225,0.0,0.0,4.454219394363463,7.512569995014928
0.025,57,196848554,1.8091206550598145,0.0,0.0,4.435200574342161,7.994788000360131
0.025,58,263030910,1.7440035343170166,0.0,0.0,4.4492158107459545,7.540047008660622
0.025,59,1285415020,1.7431601285934448,0.0,0.0,4.424627314554527,7.580174002214335
0.025,60,1733223444,1.758165717124939,0.0,0.0,4.440687943249941,7.407426004647277
0.025,61,1835544261,1.764971375465393,0.0,0.0,4.4427576621528715,8.088718997896649
0.025,62,1403186970,1.7396825551986694,0.0,0.0,4.403200407046825,7.947812991915271
0.025,63,1291971777,1.5438792705535889,0.0,0.0,4.543896664166823,17.17396400636062
0.025,64,712292067,1.6486122608184814,0.0,0.0,4.549338654382154,8.052956996834837
0.025,65,2001429764,1.7714991569519043,0.0,0.0,4.479617031523958,7.902090001152828
0.025,66,1375664061,1.767446756362915,0.0,0.0,4.457168965833262,8.049648007727228
0.025,67,1556456120,1.8184890747070312,0.0,0.0,4.481059780111536,7.563010003650561
0.025,68,1576053187,1.769045114517212,0.0,0.0,4.386830302886665,7.14322600106243
0.025,69,1848019881,1.7969838380813599,0.0,0.0,4.417414071504027,7.725711009697989
0.025,70,1508652585,1.8512500524520874,0.0,0.0,4.439031182322651,8.199131989385933
0.025,71,1995737731,1.7345452308654785,0.0,0.0,4.445227256976068,8.744153994484805
0.025,72,1162788447,1.7462879419326782,0.0,0.0,4.480284286895767,7.776565995300189
0.025,73,1172925522,1.8160953521728516,0.0,0.0,4.348535274388269,7.448264004779048
0.025,74,539174575,1.8058981895446777,0.0,0.0,4.484333818545565,7.908386993221939
0.025,75,2013637345,1.8152772188186646,0.0,0.0,4.383002429036424,7.305571998585947
0.025,76,1187468716,1.8153572082519531,0.0,0.0,4.414415647042915,8.092706993920729
0.025,77,1062978506,1.7636361122131348,0.0,0.0,4.460355506977066,7.2466749988961965
0.025,78,679326770,1.7961246967315674,0.0,0.0,4.460747871315107,7.818961006705649
0.025,79,587923432,1.7616316080093384,0.0,0.0,4.532406114740297,7.4160869990009815
0.025,80,1359889667,1.78083074092865,0.0,0.0,4.390121075557545,7.868398999562487
0.025,81,970187386,1.7830288410186768,0.0,0.0,4.447739420924336,9.484804002568126
0.025,82,1219839873,1.7523027658462524,0.0,0.0,4.477865353692323,7.5010620057582855
0.025,83,1428160212,1.7594125270843506,0.0,0.0,4.49480644101277,8.068958995863795
0.025,84,1930609499,1.7545875310897827,0.0,0.0,4.402558219851926,7.6300830114632845
0.025,85,710582861,1.8185759782791138,0.0,0.0,4.426286054542288,7.650375002413057
0.025,86,1463614337,1.787653923034668,0.0,0.0,4.399231759598479,7.910358996014111
0.025,87,1940152705,1.8125226497650146,0.0,0.0,4.379220111761242,7.964885007822886
0.025,88,985452196,1.7724782228469849,0.0,0.0,4.433417526073754,7.780294996337034
0.025,89,552062587,1.8427380323410034,0.0,0.0,4.328719871817157,7.623240002430975
0.025,90,623566272,1.7599408626556396,0.0,0.0,4.411822512513027,7.530946008046158
0.025,91,729775797,1.7514742612838745,0.0,0.0,4.513260155916214,7.03837200126145
0.025,92,1352536665,1.7965043783187866,0.0,0.0,4.517740825423971,7.7367619960568845
0.025,93,555883440,1.7033215761184692,0.0,0.0,4.455663365544751,7.679543996346183
0.025,94,1801800003,1.7978876829147339,0.0,0.0,4.408804562175646,7.455045997630805
0.025,95,763315502,1.822220802307129,0.0,0.0,4.46068305009976,7.4696910014608875
0.025,96,138897982,1.814145565032959,0.0,0.0,4.398154316237196,7.143788010580465
0.025,97,10785379,1.7343937158584595,0.0,0.0,4.514781968202442,7.498268998460844
0.025,98,53923185,1.766142725944519,0.0,0.0,4.4563421700149775,7.404514006339014
0.025,99,1349917978,1.7705187797546387,0.0,0.0,4.48379472643137,7.935875008115545
0.026,0,1501552845,1.768288493156433,0.0,0.0,4.431646388256922,8.188170002540573
0.026,1,488200390,1.8176177740097046,0.0,0.0,4.4092296892777085,7.865321997087449
0.026,2,1693606510,1.7637009620666504,0.0,0.0,4.431848785374314,7.798580001690425
0.026,3,680233354,1.750624418258667,0.0,0.0,4.403377209790051,8.062477005296387
0.026,4,438466540,1.7868205308914185,0.0,0.0,4.474293367704377,7.809902002918534
0.026,5,1712329280,1.810734748840332,0.0,0.0,4.40511705679819,7.979677000548691
0.026,6,1380152455,1.777046799659729,0.0,0.0,4.416255780495703,8.131509006489068
0.026,7,1452245846,1.809391736984253,0.0,0.0,4.427214219002053,7.90015199163463
0.026,8,2122694021,1.7858271598815918,0.0,0.0,4.5117556599434465,7.3649959958856925
0.026,9,839901363,1.7713043689727783,0.0,0.0,4.449742788914591,8.145939005771652
0.026,10,1802651552,1.7479684352874756,0.0,0.0,4.411861447617412,7.593148009618744
0.026,11,714712467,1.797424554824829,0.0,0.0,4.380596324568614,7.5630150095093995
0.026,12,1218704077,1.7840451002120972,0.0,0.0,4.470437820069492,7.692772996961139
0.026,13,1284858263,1.4226740598678589,0.0,0.0,4.652313579106703,7.529376991442405
0.026,14,457721135,1.737978458404541,0.0,0.0,4.4477363410405815,7.686830998864025
0.026,15,401008609,1.774387240409851,0.0,0.0,4.480545373866335,7.3438850085949525
0.026,16,492064534,1.766841173171997,0.0,0.0,4.465485876426101,7.6456259994301945
0.026,17,1444732602,1.8282265663146973,0.0,0.0,4.439338649157435,7.889326006988995
0.026,18,1317426686,1.7260030508041382,0.0,0.0,4.440038598142564,10.432106006192043
0.026,19,2022506251,1.769257664680481,0.0,0.0,4.473743853159249,7.573854993097484
0.026,20,1516459118,1.779904842376709,0.0,0.0,4.397161325439811,7.295620001968928
0.026,21,533103612,1.7514041662216187,0.0,0.0,4.470679258229211,7.859484991058707
0.026,22,1964759878,1.7939741611480713,0.0,0.0,4.451563829090446,10.302302995114587
0.026,23,2037706756,1.778921127319336,0.0,0.0,4.48226605867967,8.375858000363223
0.026,24,1572889065,1.7680060863494873,0.0,0.0,4.4603468992281705,7.930548003059812
0.026,25,1432881518,1.7935608625411987,0.0,0.0,4.386030219728127,8.15454899566248
0.026,26,280516901,1.7533694505691528,0.0,0.0,4.427083072485402,7.892920999438502
0.026,27,205939248,1.7972915172576904,0.0,0.0,4.438750084256753,7.867285996326245
0.026,28,571904914,1.7609988451004028,0.0,0.0,4.495370741467923,7.814387994585559
0.026,29,948843457,1.8071999549865723,0.0,0.0,4.49500142224133,8.373165997909382
0.026,30,155492488,1.8030496835708618,0.0,0.0,4.382849133806303,7.436285988660529
0.026,31,1903701130,1.7898997068405151,0.0,0.0,4.447033921023831,8.14004399580881
0.026,32,1017961266,1.8578221797943115,0.0,0.0,4.351195414550602,8.048190007684752
0.026,33,1497769985,1.7724283933639526,0.0,0.0,4.501070610247552,7.645193007192574
0.026,34,456523489,1.7673181295394897,0.0,0.0,4.457656140672043,7.732928002951667
0.026,35,701095136,1.818901777267456,0.0,0.0,4.403089529834688,7.2746430087136105
0.026,36,249069576,1.7576736211776733,0.0,0.0,4.408990922151133,7.282008999027312
0.026,37,1576098728,1.8282390832901,0.0,0.0,4.463979790918529,7.954533997690305
0.026,38,1662748500,1.8077205419540405,0.0,0.0,4.433780713472515,8.614859994850121
0.026,39,472736216,1.805893898010254,0.0,0.0,4.45258724084124,7.704265008214861
0.026,40,1535411295,1.7827460765838623,0.0,0.0,4.424529925221577,7.6008239993825555
0.026,41,175223003,1.757380485534668,0.0,0.0,4.482138233492151,7.499052007915452
0.026,42,840936862,1.7781949043273926,0.0,0.0,4.410483800107613,7.664104996365495
0.026,43,343373188,1.7987459897994995,0.0,0.0,4.391299174167216,7.474315003491938
0.026,44,1597751082,1.8442598581314087,0.0,0.0,4.422671111300588,7.394979998935014
0.026,45,730359585,1.8273944854736328,0.0,0.0,4.38668889994733,7.2932670009322464
0.026,46,1016641002,1.8205503225326538,0.0,0.0,4.373753646854311,7.5680739973904565
0.026,47,998994690,1.7690705060958862,0.0,0.0,4.440545376390219,7.5510499882511795
0.026,48,1021240743,1.7905381917953491,0.0,0.0,4.455346421338618,7.666149991564453
0.026,49,572134801,1.845584750175476,0.0,0.0,4.329977915156633,7.613275010953657
0.026,50,1198399760,1.7761019468307495,0.0,0.0,4.456623577047139,7.378839000011794
0.026,51,1751866485,1.8088133335113525,0.0,0.0,4.406343042850494,7.707851997110993
0.026,52,1070889713,1.79897141456604,0.0,0.0,4.399786747992039,7.59961100993678
0.026,53,415096539,1.7684681415557861,0.0,0.0,4.492109140148386,7.33658199897036
0.026,54,52416235,1.8742477893829346,0.0,0.0,4.3654990524519235,7.621293989359401
0.026,55,278032723,1.799326777458191,0.0,0.0,4.353695543948561,7.246990004205145
0.026,56,174946158,1.7895411252975464,0.0,0.0,4.445426473394036,7.452937992638908
0.026,57,196848554,1.8123464584350586,0.0,0.0,4.438154265517369,7.350390995270573
0.026,58,263030910,1.7506221532821655,0.0,0.0,4.436276083346456,8.008978009456769
0.026,59,1285415020,1.7479259967803955,0.0,0.0,4.426039836835116,7.4974370072595775
0.026,60,1733223444,1.7665596008300781,0.0,0.0,4.448512251023203,7.798695005476475
0.026,61,1835544261,1.7850773334503174,0.0,0.0,4.429354589432478,7.788028990034945
0.026,62,1403186970,1.7488422393798828,0.0,0.0,4.4085740693844855,7.530146001954563
0.026,63,1291971777,1.5882151126861572,0.0,0.0,4.524806320434436,7.608194995555095
0.026,64,712292067,1.6651393175125122,0.0,0.0,4.523973245406523,7.787223992636427
0.026,65,2001429764,1.7743947505950928,0.0,0.0,4.466944319661707,7.5638129928847775
0.026,66,1375664061,1.773889422416687,0.0,0.0,4.460272091208026,7.754142992780544
0.026,67,1556456120,1.8236902952194214,0.0,0.0,4.470275931991637,7.420105001074262
0.026,68,1576053187,1.7846031188964844,0.0,0.0,4.367711703758687,7.528372996603139
0.026,69,1848019881,1.796974539756775,0.0,0.0,4.415903826011345,7.725882009253837
0.026,70,1508652585,1.8501116037368774,0.0,0.0,4.443370305234566,7.67427499522455
0.026,71,1995737731,1.7485885620117188,0.0,0.0,4.419287638971582,7.395196007564664
0.026,72,1162788447,1.749698519706726,0.0,0.0,4.4843748009298,7.955057008075528
0.026,73,1172925522,1.8193113803863525,0.0,0.0,4.352156163658947,7.462266003130935
0.026,74,539174575,1.809798240661621,0.0,0.0,4.470172843197361,8.16442898940295
0.026,75,2013637345,1.8232007026672363,0.0,0.0,4.391326934332028,7.509545001084916
0.026,76,1187468716,1.8167588710784912,0.0,0.0,4.423949893563986,7.486445989343338
0.026,77,1062978506,1.766682744026184,0.0,0.0,4.446071624290198,7.657107998966239
0.026,78,679326770,1.8031960725784302,0.0,0.0,4.467135801212862,8.301301990286447
0.026,79,587923432,1.7608394622802734,0.0,0.0,4.5301654923241585,7.829248002963141
0.026,80,1359889667,1.7818882465362549,0.0,0.0,4.365645672893152,7.748671996523626
0.026,81,970187386,1.7868496179580688,0.0,0.0,4.449076660908759,7.568105997052044
0.026,82,1219839873,1.7756235599517822,0.0,0.0,4.472221428528428,7.454464997863397
0.026,83,1428160212,1.7623167037963867,0.0,0.0,4.491413705749437,8.198883006116375
0.026,84,1930609499,1.7820000648498535,0.0,0.0,4.367758380249143,7.827929002814926
0.026,85,710582861,1.8302736282348633,0.0,0.0,4.412672462873161,7.839655998395756
0.026,86,1463614337,1.7961753606796265,0.0,0.0,4.402696175966412,7.384858006844297
0.026,87,1940152705,1.821344017982483,0.0,0.0,4.373003598535433,7.690993996220641
0.026,88,985452196,1.7809809446334839,0.0,0.0,4.411617860896513,7.471117001841776
0.026,89,552062587,1.8460394144058228,0.0,0.0,4.321871846681461,8.000058005563915
0.026,90,623566272,1.756913423538208,0.0,0.0,4.390630144160241,7.744668997474946
0.026,91,729775797,1.7594664096832275,0.0,0.0,4.515744633041322,8.034636004595086
0.026,92,1352536665,1.8029512166976929,0.0,0.0,4.503631989005953,7.649646999198012
0.026,93,555883440,1.717580795288086,0.0,0.0,4.455076379934326,7.675736997043714
0.026,94,1801800003,1.8034666776657104,0.0,0.0,4.4002871012780815,7.133874009014107
0.026,95,763315502,1.8205815553665161,0.0,0.0,4.461729254340753,7.742667003185488
0.026,96,138897982,1.819953441619873,0.0,0.0,4.373778734821826,7.549849004135467
0.026,97,10785379,1.7430000305175781,0.0,0.0,4.5099760624580085,7.615772003191523
0.026,98,53923185,1.7717196941375732,0.0,0.0,4.457128357607871,7.368382997810841
0.026,99,1349917978,1.7781168222427368,0.0,0.0,4.471034511225298,7.565006002550945
0.027,0,1501552845,1.7757755517959595,0.0,0.0,4.444044966017827,7.420719004585408
0.027,1,488200390,1.8129727840423584,0.0,0.0,4.409778746077791,7.954428001539782
0.027,2,1693606510,1.7708269357681274,0.0,0.0,4.437312215100974,8.05842800764367
0.027,3,680233354,1.7547481060028076,0.0,0.0,4.4078773183282465,7.65814000624232
0.027,4,438466540,1.795892357826233,0.0,0.0,4.456281864549965,7.7132000005804
0.027,5,1712329280,1.811753511428833,0.0,0.0,4.400371543364599,7.186121001723222
0.027,6,1380152455,1.7935932874679565,0.0,0.0,4.380567413521931,7.823535997886211
0.027,7,1452245846,1.8140548467636108,0.0,0.0,4.429969885619357,8.15780000993982
0.027,8,2122694021,1.7770315408706665,0.0,0.0,4.498783845687285,7.525110006099567
0.027,9,839901363,1.7720680236816406,0.0,0.0,4.4398156569805,11.536785998032428
0.027,10,1802651552,1.7493247985839844,0.0,0.0,4.404715026495978,9.132273000432178
0.027,11,714712467,1.789726972579956,0.0,0.0,4.388580449391156,7.546648994321004
0.027,12,1218704077,1.7890759706497192,0.0,0.0,4.471046439372003,8.551045000785962
0.027,13,1284858263,1.4441348314285278,0.0,0.0,4.657336617587134,7.521152001572773
0.027,14,457721135,1.74418044090271,0.0,0.0,4.454357412178069,7.825915003195405
0.027,15,401008609,1.7815207242965698,0.0,0.0,4.467158674960956,7.523381995270029
0.027,16,492064534,1.7733793258666992,0.0,0.0,4.470911140320823,9.734487000969239
0.027,17,1444732602,1.8312221765518188,0.0,0.0,4.4300846653059125,7.519621998653747
0.027,18,1317426686,1.7400835752487183,0.0,0.0,4.392483750358224,7.4090679991059005
0.027,19,2022506251,1.7749460935592651,0.0,0.0,4.478975220350549,7.689870006288402
0.027,20,1516459118,1.7802566289901733,0.0,0.0,4.406199564458802,7.824252999853343
0.027,21,533103612,1.7496654987335205,0.0,0.0,4.473418090958148,7.861769001465291
0.027,22,1964759878,1.7989565134048462,0.0,0.0,4.444421536754817,7.643821008969098
0.027,23,2037706756,1.788711667060852,0.0,0.0,4.462213165825233,7.567266002297401
0.027,24,1572889065,1.764312744140625,0.0,0.0,4.447121984325349,9.277232005842961
0.027,25,1432881518,1.7976139783859253,0.0,0.0,4.38729688571766,30.260397994425148
0.027,26,280516901,1.7552635669708252,0.0,0.0,4.425376265309751,8.273835992440581
0.027,27,205939248,1.8047863245010376,0.0,0.0,4.429848582716659,7.965152995893732
0.027,28,571904914,1.7593798637390137,0.0,0.0,4.498030287679285,7.971334009198472
0.027,29,948843457,1.8046663999557495,0.0,0.0,4.494569836417213,7.595934992423281
0.027,30,155492488,1.8044931888580322,0.0,0.0,4.385694313328713,7.8372520074481145
0.027,31,1903701130,1.7930047512054443,0.0,0.0,4.447987223044038,7.722595008090138
0.027,32,1017961266,1.8597365617752075,0.0,0.0,4.362290637334809,7.552684997790493
0.027,33,1497769985,1.7780520915985107,0.0,0.0,4.491074615856633,7.505800997023471
0.027,34,456523489,1.773302435874939,0.0,0.0,4.459935455583036,7.428470999002457
0.027,35,701095136,1.8241515159606934,0.0,0.0,4.400003545451909,7.408894001855515
0.027,36,249069576,1.7457571029663086,0.0,0.0,4.409358666744083,7.8804530057823285
0.027,37,1576098728,1.8324474096298218,0.0,0.0,4.435621693730354,7.356398011324927
0.027,38,1662748500,1.8073010444641113,0.0,0.0,4.434045625850558,7.927857994218357
0.027,39,472736216,1.8152354955673218,0.0,0.0,4.459162070415914,7.847298998967744
0.027,40,1535411295,1.791232705116272,0.0,0.0,4.415283284848556,7.94471800327301
0.027,41,175223003,1.7648565769195557,0.0,0.0,4.485244543058798,7.8973920026328415
0.027,42,840936862,1.7824310064315796,0.0,0.0,4.405633150134236,7.1631280006840825
0.027,43,343373188,1.7998707294464111,0.0,0.0,4.381520455237478,7.815716991899535
0.027,44,1597751082,1.8495796918869019,0.0,0.0,4.418680481147021,8.334705009474419
0.027,45,730359585,1.8327326774597168,0.0,0.0,4.376450887881219,7.703827999648638
0.027,46,1016641002,1.82957124710083,0.0,0.0,4.353406673995778,8.488188002957031
0.027,47,998994690,1.7730050086975098,0.0,0.0,4.456810750532895,7.586227991851047
0.027,48,1021240743,1.7945725917816162,0.0,0.0,4.445018809521571,8.067578004556708
0.027,49,572134801,1.854003667831421,0.0,0.0,4.335993819404393,7.511349002015777
0.027,50,1198399760,1.7846848964691162,0.0,0.0,4.413925131317228,7.7430220117093995
0.027,51,1751866485,1.8142633438110352,0.0,0.0,4.396937430370599,7.405048992950469
0.027,52,1070889713,1.797315001487732,0.0,0.0,4.400473714340478,8.866422998835333
0.027,53,415096539,1.7773451805114746,0.0,0.0,4.4845795158762485,7.46565600275062
0.027,54,52416235,1.8776781558990479,0.0,0.0,4.348110594088212,7.523788008256815
0.027,55,278032723,1.802002191543579,0.0,0.0,4.356237441301346,7.662774994969368
0.027,56,174946158,1.7997509241104126,0.0,0.0,4.436873889528215,7.62463100545574
0.027,57,196848554,1.8206478357315063,0.0,0.0,4.4449614125769585,7.875334995333105
0.027,58,263030910,1.7447888851165771,0.0,0.0,4.439964645542204,7.935807996545918
0.027,59,1285415020,1.7520825862884521,0.0,0.0,4.434165004175156,7.718241002294235
0.027,60,1733223444,1.784584879875183,0.0,0.0,4.434949678834528,7.797623009537347
0.027,61,1835544261,1.7784693241119385,0.0,0.0,4.433834699681029,7.895988004747778
0.027,62,1403186970,1.7556531429290771,0.0,0.0,4.398521058959886,12.687105001532473
0.027,63,1291971777,1.6065438985824585,0.0,0.0,4.495320310117677,7.532193994848058
0.027,64,712292067,1.6686736345291138,0.0,0.0,4.533756899880245,7.844392996048555
0.027,65,2001429764,1.7786753177642822,0.0,0.0,4.469822073820978,7.675422006286681
0.027,66,1375664061,1.7726513147354126,0.0,0.0,4.449673975119367,7.495369995012879
0.027,67,1556456120,1.830386757850647,0.0,0.0,4.459428688045591,11.750138000934385
0.027,68,1576053187,1.780656099319458,0.0,0.0,4.361069824080914,7.704458010266535
0.027,69,1848019881,1.8028203248977661,0.0,0.0,4.409725474426523,7.853689006878994
0.027,70,1508652585,1.859387755393982,0.0,0.0,4.4389049464371055,7.4307909962954
0.027,71,1995737731,1.74724543094635,0.0,0.0,4.4242411237210035,7.830747999832965
0.027,72,1162788447,1.747876524925232,0.0,0.0,4.47758478927426,7.870846995501779
0.027,73,1172925522,1.8222153186798096,0.0,0.0,4.355930807301775,7.460998996975832
0.027,74,539174575,1.8168189525604248,0.0,0.0,4.473832773044705,7.874686998547986
0.027,75,2013637345,1.8197426795959473,0.0,0.0,4.383912174962461,7.665712008019909
0.027,76,1187468716,1.8183201551437378,0.0,0.0,4.406939002685249,8.42613200074993
0.027,77,1062978506,1.7652320861816406,0.0,0.0,4.4474706731271,7.463376998202875
0.027,78,679326770,1.8081234693527222,0.0,0.0,4.450590455438942,7.561476988485083
0.027,79,587923432,1.7643628120422363,0.0,0.0,4.525654339930043,7.3117090068990365
0.027,80,1359889667,1.788291096687317,0.0,0.0,4.365088451420888,8.070736992522143
0.027,81,970187386,1.7896747589111328,0.0,0.0,4.44991433317773,7.647438003914431
0.027,82,1219839873,1.7656491994857788,0.0,0.0,4.470936247613281,7.617431998369284
0.027,83,1428160212,1.7785204648971558,0.0,0.0,4.485593301709741,7.731817007879727
0.027,84,1930609499,1.7892260551452637,0.0,0.0,4.367182152112946,7.405916010611691
0.027,85,710582861,1.8256868124008179,0.0,0.0,4.427696062717587,8.12469600350596
0.027,86,1463614337,1.7993764877319336,0.0,0.0,4.409429696621373,8.004837000044063
0.027,87,1940152705,1.8315035104751587,0.0,0.0,4.362302333349362,7.945732999360189
0.027,88,985452196,1.7835566997528076,0.0,0.0,4.413280413253233,7.85162000101991
0.027,89,552062587,1.8502075672149658,0.0,0.0,4.31733630807139,7.530151997343637
0.027,90,623566272,1.766811728477478,0.0,0.0,4.402522996068001,7.860855999751948
0.027,91,729775797,1.76454496383667,0.0,0.0,4.5158743464853615,8.11633700504899
0.027,92,1352536665,1.8054211139678955,0.0,0.0,4.506457670824602,8.3789400086971
0.027,93,555883440,1.7203240394592285,0.0,0.0,4.454788777278736,7.621038006618619
0.027,94,1801800003,1.8113096952438354,0.0,0.0,4.397578232688829,7.8288439981406555
0.027,95,763315502,1.8307018280029297,0.0,0.0,4.467001073528081,7.317472001886927
0.027,96,138897982,1.83110773563385,0.0,0.0,4.360683590173721,7.877498006564565
0.027,97,10785379,1.757256269454956,0.0,0.0,4.4854260387364775,7.9274549934780225
0.027,98,53923185,1.7737116813659668,0.0,0.0,4.458543875720352,7.429866003803909
0.027,99,1349917978,1.7831685543060303,0.0,0.0,4.453218167414889,7.022398000117391
0.028,0,1501552845,1.7804814577102661,0.0,0.0,4.430202606134117,7.675372995436192
0.028,1,488200390,1.8168292045593262,0.0,0.0,4.400036660255864,7.836687000235543
0.028,2,1693606510,1.7730649709701538,0.0,0.0,4.428725121775642,8.18663599784486
0.028,3,680233354,1.7580878734588623,0.0,0.0,4.407192855607718,7.383204996585846
0.028,4,438466540,1.8029580116271973,0.0,0.0,4.453902748413384,7.782704997225665
0.028,5,1712329280,1.828255295753479,0.0,0.0,4.377886948175728,7.537779994891025
0.028,6,1380152455,1.8008010387420654,0.0,0.0,4.381326669128612,7.814715005224571
0.028,7,1452245846,1.8180887699127197,0.0,0.0,4.437162807676941,7.807968009728938
0.028,8,2122694021,1.7842200994491577,0.0,0.0,4.488239245023578,7.393866995698772
0.028,9,839901363,1.7899951934814453,0.0,0.0,4.423002387164161,8.193422996555455
0.028,10,1802651552,1.7520779371261597,0.0,0.0,4.402697695419192,7.837341996491887
0.028,11,714712467,1.80424964427948,0.0,0.0,4.377050549257547,64.75050600420218
0.028,12,1218704077,1.7921971082687378,0.0,0.0,4.477829746436328,7.34299499890767
0.028,13,1284858263,1.6114596128463745,0.0,0.0,4.592765141278505,7.96696801262442
0.028,14,457721135,1.7432386875152588,0.0,0.0,4.454261520178989,66.79112800338771
0.028,15,401008609,1.7852681875228882,0.0,0.0,4.462734340224415,7.487549999495968
0.028,16,492064534,1.777635931968689,0.0,0.0,4.473381978226826,7.842992999940179
0.028,17,1444732602,1.840677261352539,0.0,0.0,4.424653794849291,7.477554012439214
0.028,18,1317426686,1.7512060403823853,0.0,0.0,4.40382124716416,8.179847995052114
0.028,19,2022506251,1.7870354652404785,0.0,0.0,4.462261690292507,7.721416011918336
0.028,20,1516459118,1.7869194746017456,0.0,0.0,4.408905842574313,7.712100996286608
0.028,21,533103612,1.753073811531067,0.0,0.0,4.472187611041591,7.711919999564998
0.028,22,1964759878,1.8008707761764526,0.0,0.0,4.439765781397,7.962719988427125
0.028,23,2037706756,1.7949970960617065,0.0,0.0,4.464837009785697,7.7257529919734225
0.028,24,1572889065,1.7736896276474,0.0,0.0,4.454668219201267,7.8892160090617836
0.028,25,1432881518,1.8002851009368896,0.0,0.0,4.38483989960514,7.5164720037719235
0.028,26,280516901,1.7560524940490723,0.0,0.0,4.429340308299288,7.554629992228001
0.028,27,205939248,1.812739372253418,0.0,0.0,4.431569692445919,8.064922003541142
0.028,28,571904914,1.773442029953003,0.0,0.0,4.48045326047577,7.963584008393809
0.028,29,948843457,1.8130258321762085,0.0,0.0,4.5008609087672085,7.607608989928849
0.028,30,155492488,1.806842565536499,0.0,0.0,4.388285453664139,7.45515400194563
0.028,31,1903701130,1.789418339729309,0.0,0.0,4.435939692892134,8.015034996788017
0.028,32,1017961266,1.8679693937301636,0.0,0.0,4.36215359182097,7.4860919994534925
0.028,33,1497769985,1.7804776430130005,0.0,0.0,4.498761865310371,8.063413988566026
0.028,34,456523489,1.7816354036331177,0.0,0.0,4.46281652757898,7.70774700504262
0.028,35,701095136,1.8308327198028564,0.0,0.0,4.387023152317852,8.7837360042613
0.028,36,249069576,1.767401099205017,0.0,0.0,4.405856734374538,8.036939994781278
0.028,37,1576098728,1.8358118534088135,0.0,0.0,4.4349554849322885,7.534450007369742
0.028,38,1662748500,1.8146270513534546,0.0,0.0,4.4179134021978825,7.4709460022859275
0.028,39,472736216,1.8180748224258423,0.0,0.0,4.460588987683877,7.88137799827382
0.028,40,1535411295,1.791957139968872,0.0,0.0,4.420397063251585,7.675393004319631
0.028,41,175223003,1.7655625343322754,0.0,0.0,4.488554195035249,7.736490006209351
0.028,42,840936862,1.7860348224639893,0.0,0.0,4.395548822358251,7.523576990934089
0.028,43,343373188,1.8024884462356567,0.0,0.0,4.38032479933463,7.465999995474704
0.028,44,1597751082,1.8538451194763184,0.0,0.0,4.423373367404565,7.947007004986517
0.028,45,730359585,1.8407742977142334,0.0,0.0,4.370190355461091,7.712802005698904
0.028,46,1016641002,1.833996295928955,0.0,0.0,4.354216300416738,7.850289999623783
0.028,47,998994690,1.7668163776397705,0.0,0.0,4.441576996352524,7.5577660027192906
0.028,48,1021240743,1.8031078577041626,0.0,0.0,4.453021463006735,7.745702998363413
0.028,49,572134801,1.8616695404052734,0.0,0.0,4.342845698352903,7.6543169998330995
0.028,50,1198399760,1.7895398139953613,0.0,0.0,4.413684298750013,8.218967006541789
0.028,51,1751866485,1.8182824850082397,0.0,0.0,4.400897943181917,7.6296159968478605
0.028,52,1070889713,1.8069864511489868,0.0,0.0,4.404781056335196,7.585856001242064
0.028,53,415096539,1.7830222845077515,0.0,0.0,4.468484530225396,7.2829159907996655
0.028,54,52416235,1.880823016166687,0.0,0.0,4.350176734151319,7.5470960000529885
0.028,55,278032723,1.8052563667297363,0.0,0.0,4.361531399656087,7.57925100333523
0.028,56,174946158,1.80745530128479,0.0,0.0,4.447340881219134,8.178417992894538
0.028,57,196848554,1.824168086051941,0.0,0.0,4.431410775054246,7.5066819990752265
0.028,58,263030910,1.7724697589874268,0.0,0.0,4.439511300530285,7.710738995228894
0.028,59,1285415020,1.7555184364318848,0.0,0.0,4.43541653919965,7.241824991069734
0.028,60,1733223444,1.7738107442855835,0.0,0.0,4.45312396530062,8.271131999208592
0.028,61,1835544261,1.7893213033676147,0.0,0.0,4.409056883538142,7.323561003431678
0.028,62,1403186970,1.7615783214569092,0.0,0.0,4.407520035281777,7.747622003080323
0.028,63,1291971777,1.7161768674850464,0.0,0.0,4.430201536975801,7.350134997977875
0.028,64,712292067,1.7246371507644653,0.0,0.0,4.500120947370306,7.376197012490593
0.028,65,2001429764,1.7890335321426392,0.0,0.0,4.4540991557296365,7.395909997285344
0.028,66,1375664061,1.7802881002426147,0.0,0.0,4.436223567230627,7.59914300579112
0.028,67,1556456120,1.833497405052185,0.0,0.0,4.457839475013316,7.858345008571632
0.028,68,1576053187,1.7901477813720703,0.0,0.0,4.365005949744955,7.710502002737485
0.028,69,1848019881,1.8066333532333374,0.0,0.0,4.408005466219038,39.11906000575982
0.028,70,1508652585,1.8609288930892944,0.0,0.0,4.436359218787402,8.095308003248647
0.028,71,1995737731,1.7664557695388794,0.0,0.0,4.413034553872421,7.348052007728256
0.028,72,1162788447,1.7491775751113892,0.0,0.0,4.443984770216048,7.185064008808695
0.028,73,1172925522,1.8293555974960327,0.0,0.0,4.350519398460165,7.053801004076377
0.028,74,539174575,1.8229506015777588,0.0,0.0,4.459872085833922,8.066202004556544
0.028,75,2013637345,1.8334513902664185,0.0,0.0,4.375223484355956,7.428601995343342
0.028,76,1187468716,1.841220498085022,0.0,0.0,4.393453731900081,8.034768005018122
0.028,77,1062978506,1.783620834350586,0.0,0.0,4.429097576532513,7.920948002720252
0.028,78,679326770,1.811568260192871,0.0,0.0,4.444410369731486,7.901210003183223
0.028,79,587923432,1.7679662704467773,0.0,0.0,4.527110910974443,7.789914001477882
0.028,80,1359889667,1.8006815910339355,0.0,0.0,4.372820015996695,7.215004996396601
0.028,81,970187386,1.7954087257385254,0.0,0.0,4.4529459241312,7.410980993881822
0.028,82,1219839873,1.769136667251587,0.0,0.0,4.46449278248474,7.650148996617645
0.028,83,1428160212,1.7819641828536987,0.0,0.0,4.492811736185104,7.855668998672627
0.028,84,1930609499,1.7929258346557617,0.0,0.0,4.363332344451919,7.460877997800708
0.028,85,710582861,1.837118148803711,0.0,0.0,4.4124274926725775,7.873191992985085
0.028,86,1463614337,1.8038805723190308,0.0,0.0,4.394203667063266,7.374275010079145
0.028,87,1940152705,1.8337968587875366,0.0,0.0,4.367457753047347,7.600388009450398
0.028,88,985452196,1.7766729593276978,0.0,0.0,4.434704561950639,8.179434997146018
0.028,89,552062587,1.8570994138717651,0.0,0.0,4.3194129769690335,7.672962994547561
0.028,90,623566272,1.7731643915176392,0.0,0.0,4.4016076773405075,7.394486994598992
0.028,91,729775797,1.7687219381332397,0.0,0.0,4.520124011905864,7.5019750074716285
0.028,92,1352536665,1.8121823072433472,0.0,0.0,4.501441036816686,7.920294010546058
0.028,93,555883440,1.7348411083221436,0.0,0.0,4.417373301228508,7.578079996164888
0.028,94,1801800003,1.8156651258468628,0.0,0.0,4.3830806952901185,7.628243009094149
0.028,95,763315502,1.8349624872207642,0.0,0.0,4.453342884313315,8.064976005698554
0.028,96,138897982,1.8353763818740845,0.0,0.0,4.362513085827231,7.872133995988406
0.028,97,10785379,1.7766770124435425,0.0,0.0,4.498445829376578,7.60740099940449
0.028,98,53923185,1.7811455726623535,0.0,0.0,4.456163268070668,7.934420995297842
0.028,99,1349917978,1.785556674003601,0.0,0.0,4.454715656582266,15.309359005186707
0.029,0,1501552845,1.7856025695800781,0.0,0.0,4.421747015789151,7.713703002082184
0.029,1,488200390,1.8284579515457153,0.0,0.0,4.406062697991729,8.22791300015524
0.029,2,1693606510,1.7727142572402954,0.0,0.0,4.433853425085545,9.205565991578624
0.029,3,680233354,1.7636208534240723,0.0,0.0,4.408816316630691,8.314033999340609
0.029,4,438466540,1.8054262399673462,0.0,0.0,4.447263123001903,7.709598998189904
0.029,5,1712329280,1.8357428312301636,0.0,0.0,4.363965787226334,9.310291992733255
0.029,6,1380152455,1.8029029369354248,0.0,0.0,4.383430452086031,7.662708012503572
0.029,7,1452245846,1.8156428337097168,0.0,0.0,4.437027981504798,7.788873001118191
0.029,8,2122694021,1.7853105068206787,0.0,0.0,4.492124495329335,8.51628600503318
0.029,9,839901363,1.7951180934906006,0.0,0.0,4.4284500882495195,7.82844600325916
0.029,10,1802651552,1.7538999319076538,0.0,0.0,4.403075915761292,7.973216997925192
0.029,11,714712467,1.8076101541519165,0.0,0.0,4.372977937338874,7.6674650044878945
0.029,12,1218704077,1.7989246845245361,0.0,0.0,4.477216707542539,7.944119002786465
0.029,13,1284858263,1.6965874433517456,0.0,0.0,4.530187675496563,7.408178993500769
0.029,14,457721135,1.7499945163726807,0.0,0.0,4.438777271658182,7.762905996059999
0.029,15,401008609,1.7880674600601196,0.0,0.0,4.463206245098263,7.183487003203481
0.029,16,492064534,1.7781916856765747,0.0,0.0,4.479245307855308,8.28921100765001
0.029,17,1444732602,1.8428071737289429,0.0,0.0,4.4120766937267035,8.25081999937538
0.029,18,1317426686,1.7561899423599243,0.0,0.0,4.4114411666523665,7.917955008451827
0.029,19,2022506251,1.790028691291809,0.0,0.0,4.450712996535003,7.913788998848759
0.029,20,1516459118,1.7912933826446533,0.0,0.0,4.407339577330276,7.454564998624846
0.029,21,533103612,1.753908395767212,0.0,0.0,4.4753300356678665,7.503389002522454
0.029,22,1964759878,1.8023141622543335,0.0,0.0,4.442746313754469,7.7693619969068095
0.029,23,2037706756,1.804044485092163,0.0,0.0,4.460991777479649,8.288514000014402
0.029,24,1572889065,1.770884394645691,0.0,0.0,4.454732520971447,7.690383994486183
0.029,25,1432881518,1.8099309206008911,0.0,0.0,4.38827730435878,7.737374005955644
0.029,26,280516901,1.7550404071807861,0.0,0.0,4.420465341536328,7.7239959937287495
0.029,27,205939248,1.814728021621704,0.0,0.0,4.434214886510745,7.545311003923416
0.029,28,571904914,1.76853346824646,0.0,0.0,4.484665035968646,7.709858997259289
0.029,29,948843457,1.8274009227752686,0.0,0.0,4.493169919354841,8.111914998153225
0.029,30,155492488,1.8155096769332886,0.0,0.0,4.386743023991585,8.216807997087017
0.029,31,1903701130,1.7927629947662354,0.0,0.0,4.417919582920149,8.283975999802351
0.029,32,1017961266,1.8704928159713745,0.0,0.0,4.366730839246884,7.66140699852258
0.029,33,1497769985,1.7854596376419067,0.0,0.0,4.47878751414828,7.643442993867211
0.029,34,456523489,1.7908837795257568,0.0,0.0,4.442664876347408,7.533420997788198
0.029,35,701095136,1.8271602392196655,0.0,0.0,4.399705499410629,7.930118998046964
0.029,36,249069576,1.77374267578125,0.0,0.0,4.410229671979323,7.624973994097672
0.029,37,1576098728,1.8387887477874756,0.0,0.0,4.438246598932892,7.491620010114275
0.029,38,1662748500,1.8165555000305176,0.0,0.0,4.417706679087132,7.780865009408444
0.029,39,472736216,1.820861577987671,0.0,0.0,4.468923481879756,64.20541799161583
0.029,40,1535411295,1.7983328104019165,0.0,0.0,4.423802448902279,7.838019999326207
0.029,41,175223003,1.7679860591888428,0.0,0.0,4.492269432172179,7.787259004544467
0.029,42,840936862,1.790730595588684,0.0,0.0,4.397618115879595,7.900320997578092
0.029,43,343373188,1.8040516376495361,0.0,0.0,4.383507022401318,7.859645993448794
0.029,44,1597751082,1.8600233793258667,0.0,0.0,4.419348013354465,7.515910008805804
0.029,45,730359585,1.8395917415618896,0.0,0.0,4.3690063485410064,8.03211799939163
0.029,46,1016641002,1.8356671333312988,0.0,0.0,4.355712075484917,7.101028997567482
0.029,47,998994690,1.7733032703399658,0.0,0.0,4.449175684247166,7.491169992135838
0.029,48,1021240743,1.8084619045257568,0.0,0.0,4.452036879723892,7.704649993684143
0.029,49,572134801,1.8662201166152954,0.0,0.0,4.334056814434007,7.448468008078635
0.029,50,1198399760,1.7960114479064941,0.0,0.0,4.417061170563102,7.85605599230621
0.029,51,1751866485,1.819388508796692,0.0,0.0,4.408357367385179,7.309520005946979
0.029,52,1070889713,1.8113211393356323,0.0,0.0,4.385339822154492,7.919823998236097
0.029,53,415096539,1.7872799634933472,0.0,0.0,4.460561064770445,7.558354991488159
0.029,54,52416235,1.8860007524490356,0.0,0.0,4.335870923940092,7.650618994375691
0.029,55,278032723,1.809065818786621,0.0,0.0,4.362964189611375,11.621524012298323
0.029,56,174946158,1.8136649131774902,0.0,0.0,4.4526097839698195,8.097719997749664
0.029,57,196848554,1.8329440355300903,0.0,0.0,4.41133117955178,7.400557995424606
0.029,58,263030910,1.7702044248580933,0.0,0.0,4.443673188565299,7.395626002107747
0.029,59,1285415020,1.765561580657959,0.0,0.0,4.444226877298206,7.806713998434134
0.029,60,1733223444,1.7719452381134033,0.0,0.0,4.446711430326104,7.462574998498894
0.029,61,1835544261,1.7939554452896118,0.0,0.0,4.4104248830117285,7.8406349930446595
0.029,62,1403186970,1.77457857131958,0.0,0.0,4.394297236576676,7.277798998984508
0.029,63,1291971777,1.7270574569702148,0.0,0.0,4.408227204112336,8.733201000723056
0.029,64,712292067,1.7418593168258667,0.0,0.0,4.4691650837194175,8.01299100567121
0.029,65,2001429764,1.8019435405731201,0.0,0.0,4.447791575221345,8.165549006662332
0.029,66,1375664061,1.795674204826355,0.0,0.0,4.417791208485141,8.100128005025908
0.029,67,1556456120,1.8383139371871948,0.0,0.0,4.45081628090702,8.197260001907125
0.029,68,1576053187,1.791634202003479,0.0,0.0,4.371298568788916,7.404074989608489
0.029,69,1848019881,1.8117144107818604,0.0,0.0,4.411721466341987,8.258974994532764
0.029,70,1508652585,1.8649474382400513,0.0,0.0,4.4385252327192575,7.788234011968598
0.029,71,1995737731,1.7697169780731201,0.0,0.0,4.405415950343013,7.261339997057803
0.029,72,1162788447,1.750010371208191,0.0,0.0,4.447722636861727,7.970516991917975
0.029,73,1172925522,1.8328617811203003,0.0,0.0,4.342481560306624,8.160932993632741
0.029,74,539174575,1.8266240358352661,0.0,0.0,4.465007659979165,7.4542609945638105
0.029,75,2013637345,1.831038236618042,0.0,0.0,4.393135264748707,7.473710997146554
0.029,76,1187468716,1.8411569595336914,0.0,0.0,4.392627062508836,8.347812996362336
0.029,77,1062978506,1.7844382524490356,0.0,0.0,4.431456081336364,7.5694919942179695
0.029,78,679326770,1.8185628652572632,0.0,0.0,4.448838660260662,8.131683003739454
0.029,79,587923432,1.7777634859085083,0.0,0.0,4.541368456790224,7.7127560070948675
0.029,80,1359889667,1.8072789907455444,0.0,0.0,4.367903519188985,7.388286001514643
0.029,81,970187386,1.7987182140350342,0.0,0.0,4.439060876145959,7.641185002285056
0.029,82,1219839873,1.7729363441467285,0.0,0.0,4.460663347737864,7.937328002299182
0.029,83,1428160212,1.79063081741333,0.0,0.0,4.473086577607319,8.2155729905935
0.029,84,1930609499,1.7947582006454468,0.0,0.0,4.352926045423374,7.87214600131847
0.029,85,710582861,1.8427447080612183,0.0,0.0,4.416809647576883,7.761168002616614
0.029,86,1463614337,1.79993736743927,0.0,0.0,4.393702697940171,7.962043993757106
0.029,87,1940152705,1.8383883237838745,0.0,0.0,4.369700937066227,7.586034989799373
0.029,88,985452196,1.7871028184890747,0.0,0.0,4.404219763819128,7.877708005253226
0.029,89,552062587,1.8630027770996094,0.0,0.0,4.323656072374433,7.891101995483041
0.029,90,623566272,1.7740527391433716,0.0,0.0,4.402077984064817,7.310986999073066
0.029,91,729775797,1.7718936204910278,0.0,0.0,4.510293802479282,7.7801949955755845
0.029,92,1352536665,1.8123421669006348,0.0,0.0,4.501975286519155,8.028486001421697
0.029,93,555883440,1.7408318519592285,0.0,0.0,4.41725255176425,8.237048008595593
0.029,94,1801800003,1.8218237161636353,0.0,0.0,4.384301338810474,7.888434993219562
0.029,95,763315502,1.838556170463562,0.0,0.0,4.4555103743914515,7.409986996208318
0.029,96,138897982,1.8387014865875244,0.0,0.0,4.359100847970694,8.77651599876117
0.029,97,10785379,1.7793792486190796,0.0,0.0,4.487915114266798,7.659784008865245
0.029,98,53923185,1.78423011302948,0.0,0.0,4.435767235001549,13.404505007201806
0.029,99,1349917978,1.7892751693725586,0.0,0.0,4.444972468307242,7.95265199849382
0.03,0,1501552845,1.7932920455932617,0.0,0.0,4.416761753149331,7.975258995429613
0.03,1,488200390,1.8362643718719482,0.0,0.0,4.389144112356007,7.5458610081113875
0.03,2,1693606510,1.7781174182891846,0.0,0.0,4.423947149189189,7.740447006653994
0.03,3,680233354,1.7681005001068115,0.0,0.0,4.413083070656285,7.666646997677162
0.03,4,438466540,1.8097352981567383,0.0,0.0,4.460753304651007,7.608786996570416
0.03,5,1712329280,1.837050199508667,0.0,0.0,4.365829715738073,7.403397001326084
0.03,6,1380152455,1.8139277696609497,0.0,0.0,4.372311012586579,7.863548002205789
0.03,7,1452245846,1.8248076438903809,0.0,0.0,4.437525239540264,7.918343995697796
0.03,8,2122694021,1.7898677587509155,0.0,0.0,4.4894480924122036,7.356614005402662
0.03,9,839901363,1.7877135276794434,0.0,0.0,4.430406566942111,7.873158989241347
0.03,10,1802651552,1.7508140802383423,0.0,0.0,4.404904782073572,7.382140000117943
0.03,11,714712467,1.813843846321106,0.0,0.0,4.3790726468432695,8.294885003124364
0.03,12,1218704077,1.8038990497589111,0.0,0.0,4.479225065559149,7.777676000841893
0.03,13,1284858263,1.7015701532363892,0.0,0.0,4.5351141260471195,7.921118012745865
0.03,14,457721135,1.7600836753845215,0.0,0.0,4.4478296572342515,7.580813005915843
0.03,15,401008609,1.795279860496521,0.0,0.0,4.464681373676285,7.511713003623299
0.03,16,492064534,1.7753127813339233,0.0,0.0,4.481145138153806,7.977558998391032
0.03,17,1444732602,1.847840428352356,0.0,0.0,4.412349496036768,8.359550993191078
0.03,18,1317426686,1.7562180757522583,0.0,0.0,4.400729532120749,7.778806000715122
0.03,19,2022506251,1.7879445552825928,0.0,0.0,4.456487044459209,7.506756010116078
0.03,20,1516459118,1.8036741018295288,0.0,0.0,4.411774123320356,7.678680995013565
0.03,21,533103612,1.7520533800125122,0.0,0.0,4.455352094490081,8.25583799451124
0.03,22,1964759878,1.8047977685928345,0.0,0.0,4.446162252454087,7.769306990667246
0.03,23,2037706756,1.8078539371490479,0.0,0.0,4.45923909638077,7.757210012641735
0.03,24,1572889065,1.77717125415802,0.0,0.0,4.458839351311326,7.625256999745034
0.03,25,1432881518,1.82034432888031,0.0,0.0,4.393680607434362,7.852473005186766
0.03,26,280516901,1.7564586400985718,0.0,0.0,4.411957471631467,6.851864993222989
0.03,27,205939248,1.8156664371490479,0.0,0.0,4.432540812995285,7.609916996443644
0.03,28,571904914,1.7709442377090454,0.0,0.0,4.488083048956469,7.791865995386615
0.03,29,948843457,1.8190910816192627,0.0,0.0,4.490762020461261,14.532825007336214
0.03,30,155492488,1.8196558952331543,0.0,0.0,4.37882442958653,7.9149369994411245
0.03,31,1903701130,1.7984217405319214,0.0,0.0,4.423793139168993,7.246984998346306
0.03,32,1017961266,1.872463583946228,0.0,0.0,4.365967511665076,8.11428000451997
0.03,33,1497769985,1.789591908454895,0.0,0.0,4.4616387316491455,7.6177919982001185
0.03,34,456523489,1.7911572456359863,0.0,0.0,4.437411492923275,7.758157007629052
0.03,35,701095136,1.834643840789795,0.0,0.0,4.369613708928227,7.8529089951189235
0.03,36,249069576,1.7828598022460938,0.0,0.0,4.390851370990276,7.7409060031641275
0.03,37,1576098728,1.836350440979004,0.0,0.0,4.439212482655421,7.689926991588436
0.03,38,1662748500,1.8282248973846436,0.0,0.0,4.404203041223809,7.371566010988317
0.03,39,472736216,1.8224831819534302,0.0,0.0,4.465340279508382,7.5380030029919
0.03,40,1535411295,1.8035589456558228,0.0,0.0,4.429793477989733,7.534575997851789
0.03,41,175223003,1.7833799123764038,0.0,0.0,4.466959165409207,7.84242399095092
0.03,42,840936862,1.7931157350540161,0.0,0.0,4.4030523877590895,7.4769179918803275
0.03,43,343373188,1.8077415227890015,0.0,0.0,4.381755062146112,7.546772001660429
0.03,44,1597751082,1.865436315536499,0.0,0.0,4.425268454477191,7.841926999390125
0.03,45,730359585,1.8433345556259155,0.0,0.0,4.363747174851596,7.575562995043583
0.03,46,1016641002,1.8368209600448608,0.0,0.0,4.357419733889401,7.524423999711871
0.03,47,998994690,1.7822381258010864,0.0,0.0,4.432294023921713,8.369321993086487
0.03,48,1021240743,1.8122081756591797,0.0,0.0,4.455495861358941,8.273633997305296
0.03,49,572134801,1.8698118925094604,0.0,0.0,4.332933347206563,7.6319340005284175
0.03,50,1198399760,1.814995527267456,0.0,0.0,4.411667527165264,7.369093989836983
0.03,51,1751866485,1.8264667987823486,0.0,0.0,4.41197416302748,7.445467010256834
0.03,52,1070889713,1.8129335641860962,0.0,0.0,4.386956236558035,7.84310900780838
0.03,53,415096539,1.7891781330108643,0.0,0.0,4.462178248446435,7.676216002437286
0.03,54,52416235,1.8874704837799072,0.0,0.0,4.339139164891094,7.936752008390613
0.03,55,278032723,1.811026930809021,0.0,0.0,4.367002884158865,7.584512000903487
0.03,56,174946158,1.816440224647522,0.0,0.0,4.4514898234047,8.107215006020851
0.03,57,196848554,1.838837742805481,0.0,0.0,4.419201945187524,7.603206991916522
0.03,58,263030910,1.7726483345031738,0.0,0.0,4.447773433523253,8.158679003827274
0.03,59,1285415020,1.7689954042434692,0.0,0.0,4.436113791307434,7.848128996556625
0.03,60,1733223444,1.7784401178359985,0.0,0.0,4.441334044327959,7.304825005121529
0.03,61,1835544261,1.7976261377334595,0.0,0.0,4.4172660887707025,8.025780989555642
0.03,62,1403186970,1.7574069499969482,0.0,0.0,4.405276493402198,8.344540008693002
0.03,63,1291971777,1.7362170219421387,0.0,0.0,4.390217645792291,7.399378999252804
0.03,64,712292067,1.7369661331176758,0.0,0.0,4.471463114954531,7.930374995339662
0.03,65,2001429764,1.8025352954864502,0.0,0.0,4.4292887195479125,10.879706998821348
0.03,66,1375664061,1.7952228784561157,0.0,0.0,4.42068510549143,9.23792298999615
0.03,67,1556456120,1.8365099430084229,0.0,0.0,4.450650344369933,8.166718005668372
0.03,68,1576053187,1.7885041236877441,0.0,0.0,4.353671924211085,7.965623997733928
0.03,69,1848019881,1.8276853561401367,0.0,0.0,4.416584001854062,7.959094000398181
0.03,70,1508652585,1.8678584098815918,0.0,0.0,4.444983363617212,7.5089480087626725
0.03,71,1995737731,1.7690011262893677,0.0,0.0,4.408298699883744,7.48303098953329
0.03,72,1162788447,1.7554086446762085,0.0,0.0,4.4505449964199215,7.747013994958252
0.03,73,1172925522,1.8403278589248657,0.0,0.0,4.327413561288267,7.830051006749272
0.03,74,539174575,1.8311494588851929,0.0,0.0,4.446420149412006,7.65142599993851
0.03,75,2013637345,1.8368159532546997,0.0,0.0,4.382513906341046,7.685075004701503
0.03,76,1187468716,1.8466185331344604,0.0,0.0,4.399271235568449,7.1524579980177805
0.03,77,1062978506,1.7900372743606567,0.0,0.0,4.431067927973345,7.958386995596811
0.03,78,679326770,1.8183366060256958,0.0,0.0,4.449012142140418,7.105261989636347
0.03,79,587923432,1.7859089374542236,0.0,0.0,4.514792369445786,7.998271001270041
0.03,80,1359889667,1.8143832683563232,0.0,0.0,4.358244214905426,8.362281994777732
0.03,81,970187386,1.8025919198989868,0.0,0.0,4.446707193506882,8.419107005465776
0.03,82,1219839873,1.7755985260009766,0.0,0.0,4.464476046618074,7.799341998179443
0.03,83,1428160212,1.794032335281372,0.0,0.0,4.478863195050508,7.623647004947998
0.03,84,1930609499,1.7992806434631348,0.0,0.0,4.355230319779366,7.500474996049888
0.03,85,710582861,1.84261953830719,0.0,0.0,4.4230679627507925,7.830877002561465
0.03,86,1463614337,1.8069844245910645,0.0,0.0,4.398870518663898,7.429359000525437
0.03,87,1940152705,1.8464735746383667,0.0,0.0,4.363998220534995,7.673212996451184
0.03,88,985452196,1.78290593624115,0.0,0.0,4.3986816317774355,7.779830004437827
0.03,89,552062587,1.8730835914611816,0.0,0.0,4.308680848451331,7.952875006594695
0.03,90,623566272,1.7739616632461548,0.0,0.0,4.39991416153498,7.908979008789174
0.03,91,729775797,1.7761611938476562,0.0,0.0,4.512484230333939,7.923256998765282
0.03,92,1352536665,1.827785849571228,0.0,0.0,4.494486102834344,7.421485002851114
0.03,93,555883440,1.7511156797409058,0.0,0.0,4.417197287315503,11.193141006515361
0.03,94,1801800003,1.8270412683486938,0.0,0.0,4.388252252014354,7.834274001652375
0.03,95,763315502,1.8334006071090698,0.0,0.0,4.441915969830006,7.269074994837865
0.03,96,138897982,1.8447515964508057,0.0,0.0,4.3646114252042025,7.654297995031811
0.03,97,10785379,1.772546648979187,0.0,0.0,4.486463769804686,7.841687009204179
0.03,98,53923185,1.7906591892242432,0.0,0.0,4.433189468225464,7.844686013413593
0.03,99,1349917978,1.7932339906692505,0.0,0.0,4.449079382698983,7.211018993984908
0.031,0,1501552845,1.802024245262146,0.0,0.0,4.420860343147069,7.868833999964409
0.031,1,488200390,1.8456153869628906,0.0,0.0,4.395755105186254,7.665176992304623
0.031,2,1693606510,1.7796353101730347,0.0,0.0,4.427817271091044,7.829495996702462
0.031,3,680233354,1.7708144187927246,0.0,0.0,4.417669227812439,7.679695991100743
0.031,4,438466540,1.8111379146575928,0.0,0.0,4.452434923266992,7.696247004787438
0.031,5,1712329280,1.8410645723342896,0.0,0.0,4.368551715742797,7.780394997098483
0.031,6,1380152455,1.8153154850006104,0.0,0.0,4.368279485730454,11.727142002200708
0.031,7,1452245846,1.8278183937072754,0.0,0.0,4.434927231865004,8.383834006963298
0.031,8,2122694021,1.7879831790924072,0.0,0.0,4.490601672325283,7.393480002065189
0.031,9,839901363,1.796583890914917,0.0,0.0,4.420395604101941,7.899078002083115
0.031,10,1802651552,1.7485913038253784,0.0,0.0,4.407336972653866,7.425200994475745
0.031,11,714712467,1.8148674964904785,0.0,0.0,4.377901056082919,7.91357499838341
0.031,12,1218704077,1.8108808994293213,0.0,0.0,4.479741808958352,7.217427992145531
0.031,13,1284858263,1.7127763032913208,0.0,0.0,4.525060867657885,7.386703000520356
0.031,14,457721135,1.7660361528396606,0.0,0.0,4.433256625197828,7.810795999830589
0.031,15,401008609,1.8024333715438843,0.0,0.0,4.4619833279866725,7.479160005459562
0.031,16,492064534,1.7888075113296509,0.0,0.0,4.442925601033494,7.658481001271866
0.031,17,1444732602,1.853814959526062,0.0,0.0,4.38746720738709,7.735772000160068
0.031,18,1317426686,1.755226731300354,0.0,0.0,4.402865719050169,7.40313099231571
0.031,19,2022506251,1.7932289838790894,0.0,0.0,4.460113660199568,8.143399012624286
0.031,20,1516459118,1.8079030513763428,0.0,0.0,4.408143805572763,7.523300009779632
0.031,21,533103612,1.7662036418914795,0.0,0.0,4.460005720844492,7.570105997729115
0.031,22,1964759878,1.80632746219635,0.0,0.0,4.447666798485443,7.387265999568626
0.031,23,2037706756,1.8131932020187378,0.0,0.0,4.4613009437453,7.6268520060693845
0.031,24,1572889065,1.7850896120071411,0.0,0.0,4.417971607996151,7.1167550049722195
0.031,25,1432881518,1.8245840072631836,0.0,0.0,4.388985856901854,7.782657005009241
0.031,26,280516901,1.76332426071167,0.0,0.0,4.416257130913436,7.657868991373107
0.031,27,205939248,1.8227323293685913,0.0,0.0,4.43692562635988,11.803642002632841
0.031,28,571904914,1.7735086679458618,0.0,0.0,4.483942282851785,7.655458990484476
0.031,29,948843457,1.821718454360962,0.0,0.0,4.495596194639802,7.831993003492244
0.031,30,155492488,1.8230425119400024,0.0,0.0,4.381848970428109,7.635529997060075
0.031,31,1903701130,1.7875714302062988,0.0,0.0,4.4248219311703,7.887814994319342
0.031,32,1017961266,1.8741410970687866,0.0,0.0,4.351439997786656,8.074091005255468
0.031,33,1497769985,1.7938381433486938,0.0,0.0,4.464215237181634,8.165512001141906
0.031,34,456523489,1.7986913919448853,0.0,0.0,4.433556960429996,8.082879998255521
0.031,35,701095136,1.8374817371368408,0.0,0.0,4.3779390449635684,7.270070986123756
0.031,36,249069576,1.7832642793655396,0.0,0.0,4.392779171001166,8.083298002020456
0.031,37,1576098728,1.8392823934555054,0.0,0.0,4.440159202553332,15.035914999316446
0.031,38,1662748500,1.8372669219970703,0.0,0.0,4.389771299203858,8.104352993541397
0.031,39,472736216,1.8267253637313843,0.0,0.0,4.470977225806564,7.691849998082034
0.031,40,1535411295,1.8081016540527344,0.0,0.0,4.414106361800805,7.779905994539149
0.031,41,175223003,1.7890126705169678,0.0,0.0,4.454230559291318,7.8865200048312545
0.031,42,840936862,1.7897506952285767,0.0,0.0,4.381863586138934,7.615998008986935
0.031,43,343373188,1.814746618270874,0.0,0.0,4.387658738764003,7.938337992527522
0.031,44,1597751082,1.8695060014724731,0.0,0.0,4.427715168334544,7.439712004270405
0.031,45,730359585,1.8437196016311646,0.0,0.0,4.366789767285809,7.9730619909241796
0.031,46,1016641002,1.847285270690918,0.0,0.0,4.352396288421005,7.7062880009179935
0.031,47,998994690,1.7919694185256958,0.0,0.0,4.433589941356331,8.069360002991743
0.031,48,1021240743,1.8201497793197632,0.0,0.0,4.4573580923024565,8.059261002927087
0.031,49,572134801,1.8676685094833374,0.0,0.0,4.334341930691153,7.4357609992148355
0.031,50,1198399760,1.8197674751281738,0.0,0.0,4.413464611861855,7.515846999012865
0.031,51,1751866485,1.8320231437683105,0.0,0.0,4.396314110606909,7.886513994890265
0.031,52,1070889713,1.8258576393127441,0.0,0.0,4.379815304186195,7.5751390104414895
0.031,53,415096539,1.7964929342269897,0.0,0.0,4.467612548265606,7.73396399745252
0.031,54,52416235,1.8931317329406738,0.0,0.0,4.330686171539128,7.600119002745487
0.031,55,278032723,1.8130429983139038,0.0,0.0,4.369688141392544,13.040145990089513
0.031,56,174946158,1.8289874792099,0.0,0.0,4.462041767081246,7.197883009212092
0.031,57,196848554,1.8419889211654663,0.0,0.0,4.3947931446600705,7.8906889975769445
0.031,58,263030910,1.7686092853546143,0.0,0.0,4.439771989360452,7.674613007111475
0.031,59,1285415020,1.7780487537384033,0.0,0.0,4.440116744721308,7.840448000933975
0.031,60,1733223444,1.7812787294387817,0.0,0.0,4.44467903370969,7.276589996763505
0.031,61,1835544261,1.8026913404464722,0.0,0.0,4.424911578884348,7.904946993221529
0.031,62,1403186970,1.7787965536117554,0.0,0.0,4.385040666209534,7.741594003164209
0.031,63,1291971777,1.7495173215866089,0.0,0.0,4.390544798923656,8.063443994615227
0.031,64,712292067,1.7553038597106934,0.0,0.0,4.463395384605974,8.405901011428796
0.031,65,2001429764,1.803519606590271,0.0,0.0,4.431428809650242,7.472108001820743
0.031,66,1375664061,1.7971625328063965,0.0,0.0,4.426445052726194,7.986033000634052
0.031,67,1556456120,1.842469334602356,0.0,0.0,4.4546828479506075,7.885561004513875
0.031,68,1576053187,1.7977173328399658,0.0,0.0,4.351904499344528,7.856069001718424
0.031,69,1848019881,1.8268965482711792,0.0,0.0,4.4010496800765395,7.278261997271329
0.031,70,1508652585,1.8711531162261963,0.0,0.0,4.431833787821233,7.556523996754549
0.031,71,1995737731,1.7779505252838135,0.0,0.0,4.415699809789658,7.596979005029425
0.031,72,1162788447,1.7625720500946045,0.0,0.0,4.452144124079496,7.720604000496678
0.031,73,1172925522,1.840114951133728,0.0,0.0,4.329274664167315,16.389903001254424
0.031,74,539174575,1.8396730422973633,0.0,0.0,4.449730036780238,7.895214992458932
0.031,75,2013637345,1.8349506855010986,0.0,0.0,4.383978909347206,7.600686003570445
0.031,76,1187468716,1.845766305923462,0.0,0.0,4.385090360650793,7.724149996647611
0.031,77,1062978506,1.7933179140090942,0.0,0.0,4.422421196242794,8.204981000744738
0.031,78,679326770,1.8221158981323242,0.0,0.0,4.451582180568948,7.756004997645505
0.031,79,587923432,1.7936543226242065,0.0,0.0,4.506641894346103,8.144216000800952
0.031,80,1359889667,1.816734790802002,0.0,0.0,4.361711534438655,7.952241998282261
0.031,81,970187386,1.8067439794540405,0.0,0.0,4.446435379097238,7.684930998948403
0.031,82,1219839873,1.7817436456680298,0.0,0.0,4.449603396002203,7.765549002215266
0.031,83,1428160212,1.7971841096878052,0.0,0.0,4.460896969772875,7.478145998902619
0.031,84,1930609499,1.7960376739501953,0.0,0.0,4.3443541107699275,7.7021959878038615
0.031,85,710582861,1.8495928049087524,0.0,0.0,4.406068053562194,7.835071999579668
0.031,86,1463614337,1.809704303741455,0.0,0.0,4.404489472741261,7.3163280030712485
0.031,87,1940152705,1.8457612991333008,0.0,0.0,4.370081406086683,7.560626996564679
0.031,88,985452196,1.7822643518447876,0.0,0.0,4.40054580103606,7.661727999220602
0.031,89,552062587,1.8761872053146362,0.0,0.0,4.3115426453296095,9.864331994322129
0.031,90,623566272,1.7854251861572266,0.0,0.0,4.374912123195827,7.604497994179837
0.031,91,729775797,1.7797322273254395,0.0,0.0,4.516237603500485,10.638056992320344
0.031,92,1352536665,1.830399513244629,0.0,0.0,4.481907997978851,7.57379800779745
0.031,93,555883440,1.7478954792022705,0.0,0.0,4.4210550400894135,7.841956990887411
0.031,94,1801800003,1.8294711112976074,0.0,0.0,4.381571997189894,8.281072994577698
0.031,95,763315502,1.8347883224487305,0.0,0.0,4.446427135262638,7.754893013043329
0.031,96,138897982,1.8481444120407104,0.0,0.0,4.366902294103056,7.9250069975387305
0.031,97,10785379,1.7854835987091064,0.0,0.0,4.455704238964245,8.354164005140774
0.031,98,53923185,1.7957687377929688,0.0,0.0,4.423923433525488,7.799008002621122
0.031,99,1349917978,1.7984145879745483,0.0,0.0,4.453352166805416,7.381569012068212
0.032,0,1501552845,1.8081858158111572,0.0,0.0,4.423987159971148,7.374609005637467
0.032,1,488200390,1.8417527675628662,0.0,0.0,4.3845397140830755,7.621954006026499
0.032,2,1693606510,1.7837672233581543,0.0,0.0,4.41074168169871,7.54540300113149
0.032,3,680233354,1.7758928537368774,0.0,0.0,4.409569219686091,8.301420995849185
0.032,4,438466540,1.8141093254089355,0.0,0.0,4.459340794477612,7.974893000209704
0.032,5,1712329280,1.8445626497268677,0.0,0.0,4.372823123587295,7.43118800164666
0.032,6,1380152455,1.818207025527954,0.0,0.0,4.367426593787968,7.83466300345026
0.032,7,1452245846,1.8320860862731934,0.0,0.0,4.416470339987427,7.914457004517317
0.032,8,2122694021,1.795519471168518,0.0,0.0,4.497288909275085,8.398309990298003
0.032,9,839901363,1.7962539196014404,0.0,0.0,4.419451096095145,7.231722003780305
0.032,10,1802651552,1.752396583557129,0.0,0.0,4.395608671475202,8.27264500549063
0.032,11,714712467,1.817771077156067,0.0,0.0,4.381104112835601,7.4567620031302795
0.032,12,1218704077,1.8126559257507324,0.0,0.0,4.478909662691876,7.968326011905447
0.032,13,1284858263,1.7112009525299072,0.0,0.0,4.516603394178674,7.391232007648796
0.032,14,457721135,1.7700613737106323,0.0,0.0,4.4376329788938165,8.19560700620059
0.032,15,401008609,1.8059260845184326,0.0,0.0,4.46025547827594,10.968599002808332
0.032,16,492064534,1.7870352268218994,0.0,0.0,4.44548490899615,7.560821002698503
0.032,17,1444732602,1.8628013134002686,0.0,0.0,4.396590141579509,7.855135991121642
0.032,18,1317426686,1.7594133615493774,0.0,0.0,4.406865043798462,7.675026994547807
0.032,19,2022506251,1.7983057498931885,0.0,0.0,4.462025022134185,7.750335003947839
0.032,20,1516459118,1.8129088878631592,0.0,0.0,4.412752100266516,7.5248559878673404
0.032,21,533103612,1.762558102607727,0.0,0.0,4.464956163428724,7.46795600571204
0.032,22,1964759878,1.8066118955612183,0.0,0.0,4.44788428558968,7.637287009856664
0.032,23,2037706756,1.8120437860488892,0.0,0.0,4.466270049335435,7.787907001329586
0.032,24,1572889065,1.7813206911087036,0.0,0.0,4.4195532337762415,7.696140004554763
0.032,25,1432881518,1.8267587423324585,0.0,0.0,4.38495164969936,7.807952002622187
0.032,26,280516901,1.7702451944351196,0.0,0.0,4.411362606333569,7.544653999502771
0.032,27,205939248,1.8263053894042969,0.0,0.0,4.433452427154407,7.784563000313938
0.032,28,571904914,1.7775520086288452,0.0,0.0,4.486592520726845,7.685363991186023
0.032,29,948843457,1.827917456626892,0.0,0.0,4.4944176399149,7.454605001839809
0.032,30,155492488,1.823017954826355,0.0,0.0,4.361833933740854,7.477355989976786
0.032,31,1903701130,1.8057267665863037,0.0,0.0,4.421302568400279,7.53081199945882
0.032,32,1017961266,1.8813971281051636,0.0,0.0,4.340885265963152,8.344287998625077
0.032,33,1497769985,1.7967256307601929,0.0,0.0,4.466380956582725,7.987386008608155
0.032,34,456523489,1.8054299354553223,0.0,0.0,4.436309437267482,8.245455988799222
0.032,35,701095136,1.843977689743042,0.0,0.0,4.365174107952043,7.671714993193746
0.032,36,249069576,1.7723004817962646,0.0,0.0,4.419692539609969,7.97560800856445
0.032,37,1576098728,1.841767430305481,0.0,0.0,4.416456869104877,7.8590190096292645
0.032,38,1662748500,1.8389233350753784,0.0,0.0,4.390924064442515,7.4515300075290725
0.032,39,472736216,1.8306294679641724,0.0,0.0,4.45479568419978,7.603972000651993
0.032,40,1535411295,1.8132202625274658,0.0,0.0,4.414015389280394,7.608938001794741
0.032,41,175223003,1.7934885025024414,0.0,0.0,4.456612634006888,8.266092001576908
0.032,42,840936862,1.7958606481552124,0.0,0.0,4.3797548254951835,7.646093989023939
0.032,43,343373188,1.8185343742370605,0.0,0.0,4.381120468955487,7.563541003037244
0.032,44,1597751082,1.8713597059249878,0.0,0.0,4.417784465942532,7.655120993149467
0.032,45,730359585,1.8431599140167236,0.0,0.0,4.369718029629439,7.615657988935709
0.032,46,1016641002,1.8484487533569336,0.0,0.0,4.354416812770069,8.188991007045843
0.032,47,998994690,1.795944333076477,0.0,0.0,4.421443480299786,7.9951259976951405
0.032,48,1021240743,1.8232396841049194,0.0,0.0,4.459350892342627,7.98261100135278
0.032,49,572134801,1.8712104558944702,0.0,0.0,4.333742906572297,7.916032001958229
0.032,50,1198399760,1.823891043663025,0.0,0.0,4.409313645912334,8.195227012038231
0.032,51,1751866485,1.8400927782058716,0.0,0.0,4.387625984847546,7.633608009200543
0.032,52,1070889713,1.8264847993850708,0.0,0.0,4.38134605740197,7.60769699991215
0.032,53,415096539,1.7977144718170166,0.0,0.0,4.4532952955923975,7.950598999741487
0.032,54,52416235,1.8976022005081177,0.0,0.0,4.33328147768043,7.482476998120546
0.032,55,278032723,1.8173326253890991,0.0,0.0,4.37111472315155,7.531337003456429
0.032,56,174946158,1.8335142135620117,0.0,0.0,4.4493870253209025,8.343666995642707
0.032,57,196848554,1.8508692979812622,0.0,0.0,4.399599306751043,7.589159999042749
0.032,58,263030910,1.781878113746643,0.0,0.0,4.4375172117725015,7.401367009151727
0.032,59,1285415020,1.7849913835525513,0.0,0.0,4.418841729406267,7.992635000846349
0.032,60,1733223444,1.7950462102890015,0.0,0.0,4.397869425592944,8.272555991425179
0.032,61,1835544261,1.8070154190063477,0.0,0.0,4.413222203962505,7.470937998732552
0.032,62,1403186970,1.7839356660842896,0.0,0.0,4.3743085246533155,8.351744996616617
0.032,63,1291971777,1.7502038478851318,0.0,0.0,4.38452496053651,19.745487996260636
0.032,64,712292067,1.766556739807129,0.0,0.0,4.45914029632695,7.735720006166957
0.032,65,2001429764,1.8061741590499878,0.0,0.0,4.436215327586979,7.569216992123984
0.032,66,1375664061,1.803514838218689,0.0,0.0,4.410408960655332,7.55616401147563
0.032,67,1556456120,1.8475254774093628,0.0,0.0,4.4547789103817195,7.406111995805986
0.032,68,1576053187,1.7944819927215576,0.0,0.0,4.353608618257567,8.156982003129087
0.032,69,1848019881,1.8327077627182007,0.0,0.0,4.388027114793658,7.502010004827753
0.032,70,1508652585,1.869551658630371,0.0,0.0,4.422966187587008,7.9878760006977245
0.032,71,1995737731,1.779997706413269,0.0,0.0,4.416942787822336,7.455290004145354
0.032,72,1162788447,1.7710729837417603,0.0,0.0,4.451751798624173,8.102182997390628
0.032,73,1172925522,1.846888780593872,0.0,0.0,4.330505077494308,8.01673298701644
0.032,74,539174575,1.8458439111709595,0.0,0.0,4.4422866567038,7.418345994665287
0.032,75,2013637345,1.8479912281036377,0.0,0.0,4.373982983874157,7.327112994971685
0.032,76,1187468716,1.8517420291900635,0.0,0.0,4.392337807221338,7.432088008499704
0.032,77,1062978506,1.7865443229675293,0.0,0.0,4.437688528560102,7.727301010163501
0.032,78,679326770,1.8130970001220703,0.0,0.0,4.430766188772395,7.490908988984302
0.032,79,587923432,1.7968541383743286,0.0,0.0,4.509118469431996,7.687484991038218
0.032,80,1359889667,1.825517177581787,0.0,0.0,4.366153075592592,7.444399001542479
0.032,81,970187386,1.8123422861099243,0.0,0.0,4.445968191372231,7.797883008606732
0.032,82,1219839873,1.7901252508163452,0.0,0.0,4.4325075866654515,15.347249995102175
0.032,83,1428160212,1.8012830018997192,0.0,0.0,4.4683319525793195,8.49360300344415
0.032,84,1930609499,1.8010690212249756,0.0,0.0,4.34965696441941,8.012118996703066
0.032,85,710582861,1.8540173768997192,0.0,0.0,4.41041034203954,7.84888600173872
0.032,86,1463614337,1.8149257898330688,0.0,0.0,4.394880649168044,7.8327489900402725
0.032,87,1940152705,1.8456768989562988,0.0,0.0,4.369776208652183,7.6632849959423766
0.032,88,985452196,1.7815569639205933,0.0,0.0,4.404395518358797,7.784364992403425
0.032,89,552062587,1.8796427249908447,0.0,0.0,4.297442485578358,7.712279009865597
0.032,90,623566272,1.79399573802948,0.0,0.0,4.376901237061247,8.82165299844928
0.032,91,729775797,1.786332130432129,0.0,0.0,4.4908051781822,7.671980012673885
0.032,92,1352536665,1.8322055339813232,0.0,0.0,4.483377967495471,7.833700001356192
0.032,93,555883440,1.7457062005996704,0.0,0.0,4.422443658579141,7.980246999068186
0.032,94,1801800003,1.8338736295700073,0.0,0.0,4.3635742084588856,7.533241005148739
0.032,95,763315502,1.8429341316223145,0.0,0.0,4.447188118472695,8.120754995616153
0.032,96,138897982,1.8501235246658325,0.0,0.0,4.370856596622616,7.730398006970063
0.032,97,10785379,1.7886016368865967,0.0,0.0,4.459398481762037,7.699223002418876
0.032,98,53923185,1.7975294589996338,0.0,0.0,4.4172382852993906,7.335447997320443
0.032,99,1349917978,1.800606369972229,0.0,0.0,4.455576240317896,7.5093939958605915
0.033,0,1501552845,1.8123750686645508,0.0,0.0,4.426147337537259,7.77723899227567
0.033,1,488200390,1.8508163690567017,0.0,0.0,4.373381340876222,7.6799829985247925
0.033,2,1693606510,1.7824634313583374,0.0,0.0,4.433514728909358,8.012162987142801
0.033,3,680233354,1.7844483852386475,0.0,0.0,4.3880734904669225,8.27016300172545
0.033,4,438466540,1.8189202547073364,0.0,0.0,4.463113014353439,8.043031994020566
0.033,5,1712329280,1.8464922904968262,0.0,0.0,4.377032918622717,7.7374859974952415
0.033,6,1380152455,1.8205339908599854,0.0,0.0,4.368273698026314,7.455144994310103
0.033,7,1452245846,1.8427201509475708,0.0,0.0,4.423177417134866,7.523936990764923
0.033,8,2122694021,1.8039023876190186,0.0,0.0,4.496982121607289,7.682830997509882
0.033,9,839901363,1.8016777038574219,0.0,0.0,4.414687072392553,8.146938009303994
0.033,10,1802651552,1.7658108472824097,0.0,0.0,4.397152241552249,7.291604997590184
0.033,11,714712467,1.8227896690368652,0.0,0.0,4.371958408271894,7.4268160096835345
0.033,12,1218704077,1.818798542022705,0.0,0.0,4.471930972998962,8.514629007549956
0.033,13,1284858263,1.713592529296875,0.0,0.0,4.523631622316316,7.601534991408698
0.033,14,457721135,1.776609182357788,0.0,0.0,4.443444709060714,7.774098005029373
0.033,15,401008609,1.8145581483840942,0.0,0.0,4.454453221289441,7.982584007550031
0.033,16,492064534,1.7907520532608032,0.0,0.0,4.4450580957345665,7.90407600288745
0.033,17,1444732602,1.8675167560577393,0.0,0.0,4.403138180496171,7.420251000439748
0.033,18,1317426686,1.7691624164581299,0.0,0.0,4.410378856351599,7.847968008718453
0.033,19,2022506251,1.8050620555877686,0.0,0.0,4.456293067894876,7.664158008992672
0.033,20,1516459118,1.8166569471359253,0.0,0.0,4.416633591987193,7.7822489984100685
0.033,21,533103612,1.7629480361938477,0.0,0.0,4.470235720044002,7.773869001539424
0.033,22,1964759878,1.8095242977142334,0.0,0.0,4.451212436892092,7.920638992800377
0.033,23,2037706756,1.816685438156128,0.0,0.0,4.470721444115043,8.320544991875067
0.033,24,1572889065,1.7923624515533447,0.0,0.0,4.416895880829543,7.3907009937101975
0.033,25,1432881518,1.8233113288879395,0.0,0.0,4.37996123242192,7.447882002452388
0.033,26,280516901,1.7716224193572998,0.0,0.0,4.415958470432088,7.496065009036101
0.033,27,205939248,1.8311423063278198,0.0,0.0,4.422590824775398,8.08299299387727
0.033,28,571904914,1.7772983312606812,0.0,0.0,4.491400338476524,7.71018500381615
0.033,29,948843457,1.8345531225204468,0.0,0.0,4.476907200878486,8.047819006606005
0.033,30,155492488,1.8286116123199463,0.0,0.0,4.3667366409208626,7.19358200149145
0.033,31,1903701130,1.8101946115493774,0.0,0.0,4.426299666054547,7.813894000719301
0.033,32,1017961266,1.8810769319534302,0.0,0.0,4.337631919421256,7.476558006601408
0.033,33,1497769985,1.8024982213974,0.0,0.0,4.4626409818883985,7.858416996896267
0.033,34,456523489,1.8082127571105957,0.0,0.0,4.430314074270427,7.869720007875003
0.033,35,701095136,1.8474481105804443,0.0,0.0,4.366313530597836,7.773960009217262
0.033,36,249069576,1.7810959815979004,0.0,0.0,4.4212609264068305,7.299666001927108
0.033,37,1576098728,1.8408910036087036,0.0,0.0,4.3984079589135945,7.935592002468184
0.033,38,1662748500,1.8403735160827637,0.0,0.0,4.39408707129769,8.361232001334429
0.033,39,472736216,1.827160358428955,0.0,0.0,4.473160339752212,7.764356007101014
0.033,40,1535411295,1.8070874214172363,0.0,0.0,4.401640657801181,7.396023996989243
0.033,41,175223003,1.7966312170028687,0.0,0.0,4.4571047755889595,7.332436012802646
0.033,42,840936862,1.7992099523544312,0.0,0.0,4.388511176919565,7.4948160036001354
0.033,43,343373188,1.8364288806915283,0.0,0.0,4.347575007472187,8.087416004855186
0.033,44,1597751082,1.8660433292388916,0.0,0.0,4.402529152110219,7.997313005034812
0.033,45,730359585,1.8581409454345703,0.0,0.0,4.375338966958225,7.409243989968672
0.033,46,1016641002,1.8517409563064575,0.0,0.0,4.354104321682826,7.86476799112279
0.033,47,998994690,1.796825885772705,0.0,0.0,4.424810717115179,7.782925997162238
0.033,48,1021240743,1.824170470237732,0.0,0.0,4.446616960223764,7.712867998634465
0.033,49,572134801,1.8737103939056396,0.0,0.0,4.3403795540798455,7.753825004328974
0.033,50,1198399760,1.8170452117919922,0.0,0.0,4.404891682323068,7.63459199515637
0.033,51,1751866485,1.8384828567504883,0.0,0.0,4.39082572190091,7.747556999674998
0.033,52,1070889713,1.8240119218826294,0.0,0.0,4.366937877610326,7.673492000321858
0.033,53,415096539,1.803382396697998,0.0,0.0,4.462078869109973,7.69488699734211
0.033,54,52416235,1.9003046751022339,0.0,0.0,4.334520487114787,8.260151007561944
0.033,55,278032723,1.818986177444458,0.0,0.0,4.37420111335814,7.211528005427681
0.033,56,174946158,1.828275442123413,0.0,0.0,4.464665250387043,7.548100998974405
0.033,57,196848554,1.8540931940078735,0.0,0.0,4.40205226582475,7.350326006417163
0.033,58,263030910,1.7773000001907349,0.0,0.0,4.43991027912125,7.424578987411223
0.033,59,1285415020,1.787082314491272,0.0,0.0,4.4222661077510566,7.643805001862347
0.033,60,1733223444,1.793359637260437,0.0,0.0,4.394029017770663,7.38593700225465
0.033,61,1835544261,1.8085947036743164,0.0,0.0,4.414613977307454,8.342457993421704
0.033,62,1403186970,1.7920820713043213,0.0,0.0,4.375452462118119,7.57584000530187
0.033,63,1291971777,1.757314682006836,0.0,0.0,4.3867258676327765,7.953199004987255
0.033,64,712292067,1.7627065181732178,0.0,0.0,4.45825450704433,7.416483000270091
0.033,65,2001429764,1.8171428442001343,0.0,0.0,4.439821691019461,7.841548998840153
0.033,66,1375664061,1.8107657432556152,0.0,0.0,4.413627102738246,7.720257999608293
0.033,67,1556456120,1.8513107299804688,0.0,0.0,4.459659688174725,7.659964001504704
0.033,68,1576053187,1.8004326820373535,0.0,0.0,4.342248942703009,7.80705499346368
0.033,69,1848019881,1.8337578773498535,0.0,0.0,4.380998108536005,39.01924499950837
0.033,70,1508652585,1.8704907894134521,0.0,0.0,4.404579956550151,7.698257002630271
0.033,71,1995737731,1.7862720489501953,0.0,0.0,4.394528073025867,7.53777900536079
0.033,72,1162788447,1.7829241752624512,0.0,0.0,4.439251698087901,7.280901001649909
0.033,73,1172925522,1.8487050533294678,0.0,0.0,4.338097453350201,7.75740499375388
0.033,74,539174575,1.8522886037826538,0.0,0.0,4.444360546534881,7.37405099789612
0.033,75,2013637345,1.8460663557052612,0.0,0.0,4.375439959345385,7.370052000624128
0.033,76,1187468716,1.8517018556594849,0.0,0.0,4.394795411033556,13.582344996393658
0.033,77,1062978506,1.787950038909912,0.0,0.0,4.429231499321759,7.2968370077433065
0.033,78,679326770,1.831466794013977,0.0,0.0,4.412452903343365,7.6505189936142415
0.033,79,587923432,1.7971808910369873,0.0,0.0,4.509164013667032,7.466383001883514
0.033,80,1359889667,1.8307222127914429,0.0,0.0,4.352234301157296,7.930252002552152
0.033,81,970187386,1.8161344528198242,0.0,0.0,4.433300437172875,8.300330999190919
0.033,82,1219839873,1.7992714643478394,0.0,0.0,4.439798578154296,7.781765001709573
0.033,83,1428160212,1.806333303451538,0.0,0.0,4.447367143817246,7.609075008076616
0.033,84,1930609499,1.8141602277755737,0.0,0.0,4.351666671456769,8.234182998421602
0.033,85,710582861,1.8514950275421143,0.0,0.0,4.405483117327094,7.616211994900368
0.033,86,1463614337,1.818601369857788,0.0,0.0,4.39826914225705,7.729035001830198
0.033,87,1940152705,1.8497638702392578,0.0,0.0,4.362084840191528,8.374530996661633
0.033,88,985452196,1.7878344058990479,0.0,0.0,4.402874714462087,7.777828999678604
0.033,89,552062587,1.8799842596054077,0.0,0.0,4.301537342835218,7.966277000377886
0.033,90,623566272,1.8000441789627075,0.0,0.0,4.370213819900528,7.330509994062595
0.033,91,729775797,1.791672706604004,0.0,0.0,4.487822478637099,7.538898003986105
0.033,92,1352536665,1.8382158279418945,0.0,0.0,4.487012160476297,7.769161995383911
0.033,93,555883440,1.7634788751602173,0.0,0.0,4.415400322293863,8.133262002957053
0.033,94,1801800003,1.839023470878601,0.0,0.0,4.363125029718503,7.9240129998652264
0.033,95,763315502,1.8561985492706299,0.0,0.0,4.45014200755395,7.373083004495129
0.033,96,138897982,1.8586715459823608,0.0,0.0,4.361344494856894,7.673596002859995
0.033,97,10785379,1.7903633117675781,0.0,0.0,4.462611114373431,7.9116090055322275
0.033,98,53923185,1.8012703657150269,0.0,0.0,4.418903701240197,8.611462995759211
0.033,99,1349917978,1.8038641214370728,0.0,0.0,4.446599689079449,7.5961359980283305
0.034,0,1501552845,1.8154654502868652,0.0,0.0,4.421648162882775,7.661051000468433
0.034,1,488200390,1.8605529069900513,0.0,0.0,4.380787993781269,7.5591089989757165
0.034,2,1693606510,1.7907663583755493,0.0,0.0,4.407540432410315,7.506177993491292
0.034,3,680233354,1.7873173952102661,0.0,0.0,4.391594673739746,8.037094012252055
0.034,4,438466540,1.8250974416732788,0.0,0.0,4.456152007449418,7.917616996564902
0.034,5,1712329280,1.8523674011230469,0.0,0.0,4.380569429369643,7.522915009758435
0.034,6,1380152455,1.8261924982070923,0.0,0.0,4.359004555502906,8.068202994763851
0.034,7,1452245846,1.8447184562683105,0.0,0.0,4.426067940657958,7.76631900225766
0.034,8,2122694021,1.8157200813293457,0.0,0.0,4.500787926372141,7.8244040050776675
0.034,9,839901363,1.7962238788604736,0.0,0.0,4.416152117075399,8.8224729988724
0.034,10,1802651552,1.760796070098877,0.0,0.0,4.397634710883722,7.734833998256363
0.034,11,714712467,1.8248295783996582,0.0,0.0,4.364036831306294,7.6723249949282035
0.034,12,1218704077,1.82027268409729,0.0,0.0,4.469493846176192,7.558279001386836
0.034,13,1284858263,1.7231013774871826,0.0,0.0,4.512891501188278,7.50899501144886
0.034,14,457721135,1.773260474205017,0.0,0.0,4.4383848630823195,7.498851002310403
0.034,15,401008609,1.8177087306976318,0.0,0.0,4.451890267431736,7.789241994032636
0.034,16,492064534,1.7972228527069092,0.0,0.0,4.44663921976462,7.59050200576894
0.034,17,1444732602,1.8691073656082153,0.0,0.0,4.3887181871104985,8.045919996220618
0.034,18,1317426686,1.7706712484359741,0.0,0.0,4.408519041491672,7.6840160036226735
0.034,19,2022506251,1.805976152420044,0.0,0.0,4.458227524999529,7.769545991322957
0.034,20,1516459118,1.8196473121643066,0.0,0.0,4.422048543579876,7.753040001261979
0.034,21,533103612,1.7713702917099,0.0,0.0,4.465044435346499,11.569587004487403
0.034,22,1964759878,1.8170771598815918,0.0,0.0,4.458179883426055,7.6596020080614835
0.034,23,2037706756,1.8184243440628052,0.0,0.0,4.458204631460831,8.358846011105925
0.034,24,1572889065,1.7993189096450806,0.0,0.0,4.416226238710806,7.859942998038605
0.034,25,1432881518,1.825598120689392,0.0,0.0,4.390322148567066,7.601898003485985
0.034,26,280516901,1.7749426364898682,0.0,0.0,4.418950726278126,7.82129199069459
0.034,27,205939248,1.834984540939331,0.0,0.0,4.4135688913520426,7.278995995875448
0.034,28,571904914,1.7740150690078735,0.0,0.0,4.484013072913513,7.628382998518646
0.034,29,948843457,1.8417270183563232,0.0,0.0,4.480401688953862,7.130526995752007
0.034,30,155492488,1.834579348564148,0.0,0.0,4.352887751534581,7.510641997214407
0.034,31,1903701130,1.8140697479248047,0.0,0.0,4.429685281822458,7.564701998489909
0.034,32,1017961266,1.8780349493026733,0.0,0.0,4.325892029097304,8.157055999618024
0.034,33,1497769985,1.8085901737213135,0.0,0.0,4.46524070459418,7.794635996106081
0.034,34,456523489,1.8027421236038208,0.0,0.0,4.430330785922706,7.529288006480783
0.034,35,701095136,1.8515273332595825,0.0,0.0,4.3719825353473425,7.557980003184639
0.034,36,249069576,1.7825044393539429,0.0,0.0,4.395511627430096,7.387332996586338
0.034,37,1576098728,1.8444130420684814,0.0,0.0,4.4052111154887825,8.247716003097594
0.034,38,1662748500,1.8465898036956787,0.0,0.0,4.377023824257776,7.5767590024042875
0.034,39,472736216,1.8321585655212402,0.0,0.0,4.453192004002631,8.022573994821869
0.034,40,1535411295,1.8164609670639038,0.0,0.0,4.410253156675026,7.476874990970828
0.034,41,175223003,1.8019187450408936,0.0,0.0,4.4612888030242175,7.969758007675409
0.034,42,840936862,1.8014882802963257,0.0,0.0,4.387458915589377,8.23794498865027
0.034,43,343373188,1.8270173072814941,0.0,0.0,4.3555835315492,7.773606994305737
0.034,44,1597751082,1.8697082996368408,0.0,0.0,4.388312634080648,7.699242007220164
0.034,45,730359585,1.85853910446167,0.0,0.0,4.363721403526142,12.236402995768003
0.034,46,1016641002,1.8598573207855225,0.0,0.0,4.359707563184202,7.298059994354844
0.034,47,998994690,1.7983686923980713,0.0,0.0,4.42707764194347,7.596092997118831
0.034,48,1021240743,1.829602599143982,0.0,0.0,4.449238567380235,8.005384996067733
0.034,49,572134801,1.8837246894836426,0.0,0.0,4.32320074364543,7.718014006968588
0.034,50,1198399760,1.819040298461914,0.0,0.0,4.403605870436877,16.888600992388092
0.034,51,1751866485,1.8512450456619263,0.0,0.0,4.395057290559635,7.373649001237936
0.034,52,1070889713,1.8284406661987305,0.0,0.0,4.3728302048984915,8.283186994958669
0.034,53,415096539,1.8150320053100586,0.0,0.0,4.47145443642512,7.30613199993968
0.034,54,52416235,1.902984619140625,0.0,0.0,4.324427783489227,7.485423004254699
0.034,55,278032723,1.8233873844146729,0.0,0.0,4.3594043150078505,7.746907998807728
0.034,56,174946158,1.8298739194869995,0.0,0.0,4.466358478413895,7.750464996206574
0.034,57,196848554,1.8559777736663818,0.0,0.0,4.4045514985919,7.690356986131519
0.034,58,263030910,1.767998218536377,0.0,0.0,4.443429598817602,7.5112779886694625
0.034,59,1285415020,1.7910822629928589,0.0,0.0,4.424075081245974,7.36612499167677
0.034,60,1733223444,1.7946414947509766,0.0,0.0,4.381991485599428,7.5969610043102875
0.034,61,1835544261,1.8094377517700195,0.0,0.0,4.4119170166086406,7.796956997481175
0.034,62,1403186970,1.8005573749542236,0.0,0.0,4.356916363118216,7.423907998600043
0.034,63,1291971777,1.7580909729003906,0.0,0.0,4.379113769857213,7.61831300042104
0.034,64,712292067,1.7620229721069336,0.0,0.0,4.462019837461412,7.614212998305447
0.034,65,2001429764,1.8187096118927002,0.0,0.0,4.441311574773863,8.100786988507025
0.034,66,1375664061,1.8136500120162964,0.0,0.0,4.416998767061159,7.941693998873234
0.034,67,1556456120,1.860761046409607,0.0,0.0,4.446425091009587,7.893759000580758
0.034,68,1576053187,1.7980655431747437,0.0,0.0,4.351082434644923,7.7303329890128225
0.034,69,1848019881,1.8374799489974976,0.0,0.0,4.3814875048119575,8.282281996798702
0.034,70,1508652585,1.8736984729766846,0.0,0.0,4.406846955418587,13.311778006027453
0.034,71,1995737731,1.7884438037872314,0.0,0.0,4.398133451817557,7.961770999827422
0.034,72,1162788447,1.789439082145691,0.0,0.0,4.442547350889072,7.907455001259223
0.034,73,1172925522,1.8475227355957031,0.0,0.0,4.338436631951481,7.926974998554215
0.034,74,539174575,1.8557969331741333,0.0,0.0,4.432713733287528,7.838853009161539
0.034,75,2013637345,1.852978229522705,0.0,0.0,4.362509735394269,7.809393995557912
0.034,76,1187468716,1.8555681705474854,0.0,0.0,4.39765605237335,7.490554999094456
0.034,77,1062978506,1.7915865182876587,0.0,0.0,4.420542185660452,7.91133800521493
0.034,78,679326770,1.8328864574432373,0.0,0.0,4.41837642621249,7.763728004647419
0.034,79,587923432,1.8012880086898804,0.0,0.0,4.511803664499894,7.995994994416833
0.034,80,1359889667,1.833807349205017,0.0,0.0,4.341751346364617,7.318662988836877
0.034,81,970187386,1.8198271989822388,0.0,0.0,4.440725991502404,7.559416000731289
0.034,82,1219839873,1.7978726625442505,0.0,0.0,4.4397343271411955,7.982859999174252
0.034,83,1428160212,1.7980948686599731,0.0,0.0,4.468822282506153,7.596106006531045
0.034,84,1930609499,1.8153878450393677,0.0,0.0,4.344731115736067,7.766719005303457
0.034,85,710582861,1.8523565530776978,0.0,0.0,4.403537685982883,7.727614007308148
0.034,86,1463614337,1.8198742866516113,0.0,0.0,4.387809430016205,8.152711001457646
0.034,87,1940152705,1.8543781042099,0.0,0.0,4.364186252932996,8.149293003953062
0.034,88,985452196,1.7943309545516968,0.0,0.0,4.40409272769466,8.103751999442466
0.034,89,552062587,1.8804270029067993,0.0,0.0,4.302134399069473,7.836253993446007
0.034,90,623566272,1.8057242631912231,0.0,0.0,4.374404325382784,7.533581010648049
0.034,91,729775797,1.7999076843261719,0.0,0.0,4.485993209993467,7.958515008795075
0.034,92,1352536665,1.844555377960205,0.0,0.0,4.488605400780216,7.478130006347783
0.034,93,555883440,1.7689133882522583,0.0,0.0,4.418324529891834,8.285094998427667
0.034,94,1801800003,1.8440552949905396,0.0,0.0,4.367268618196249,7.445437004207633
0.034,95,763315502,1.8620775938034058,0.0,0.0,4.448139758780599,7.76640600815881
0.034,96,138897982,1.8620610237121582,0.0,0.0,4.366587720811367,8.20379500510171
0.034,97,10785379,1.797135353088379,0.0,0.0,4.453040186781436,7.311439010663889
0.034,98,53923185,1.80434250831604,0.0,0.0,4.42213425016962,7.538163990830071
0.034,99,1349917978,1.8066200017929077,0.0,0.0,4.443511652760208,7.131694001145661
0.035,0,1501552845,1.8227338790893555,0.0,0.0,4.411528630414978,8.11706599779427
0.035,1,488200390,1.856532335281372,0.0,0.0,4.379473456880078,7.7665200078627095
0.035,2,1693606510,1.79087233543396,0.0,0.0,4.3891191750299186,7.185073001892306
0.035,3,680233354,1.7959558963775635,0.0,0.0,4.379836660344154,7.457331987097859
0.035,4,438466540,1.827313780784607,0.0,0.0,4.458062234567478,7.451077006408013
0.035,5,1712329280,1.856842279434204,0.0,0.0,4.383665956556797,7.59629400272388
0.035,6,1380152455,1.8254475593566895,0.0,0.0,4.361028689658269,7.803104992490262
0.035,7,1452245846,1.8582632541656494,0.0,0.0,4.42703243647702,8.150827998179011
0.035,8,2122694021,1.8221665620803833,0.0,0.0,4.48921136604622,8.267016004538164
0.035,9,839901363,1.8000706434249878,0.0,0.0,4.4185801688581705,7.396710003376938
0.035,10,1802651552,1.7614891529083252,0.0,0.0,4.400353764882311,14.407424998353235
0.035,11,714712467,1.8211787939071655,0.0,0.0,4.3664898769930005,7.420657013426535
0.035,12,1218704077,1.8223168849945068,0.0,0.0,4.4755016944836825,7.652886008145288
0.035,13,1284858263,1.723929524421692,0.0,0.0,4.513689633226022,7.741699009784497
0.035,14,457721135,1.7738122940063477,0.0,0.0,4.443589900853112,7.823745996574871
0.035,15,401008609,1.8213598728179932,0.0,0.0,4.425575771601871,7.313844995223917
0.035,16,492064534,1.8059512376785278,0.0,0.0,4.4409211948513985,7.9940380092011765
0.035,17,1444732602,1.8723866939544678,0.0,0.0,4.391707774717361,7.579031007480808
0.035,18,1317426686,1.7801322937011719,0.0,0.0,4.412640143418685,7.916896996903233
0.035,19,2022506251,1.811594009399414,0.0,0.0,4.463574692141265,7.821885999874212
0.035,20,1516459118,1.824877142906189,0.0,0.0,4.416998946107924,7.63896299758926
0.035,21,533103612,1.7784196138381958,0.0,0.0,4.461159736150876,7.386860001133755
0.035,22,1964759878,1.819481372833252,0.0,0.0,4.447698652977124,7.395138993160799
0.035,23,2037706756,1.824670433998108,0.0,0.0,4.462746344041079,7.834860996808857
0.035,24,1572889065,1.8099159002304077,0.0,0.0,4.4171395094599575,7.721615009359084
0.035,25,1432881518,1.8215409517288208,0.0,0.0,4.389459033496678,7.895732996985316
0.035,26,280516901,1.7775371074676514,0.0,0.0,4.397300500888377,7.505571004003286
0.035,27,205939248,1.8186460733413696,0.0,0.0,4.437210478819907,7.913198001915589
0.035,28,571904914,1.7862858772277832,0.0,0.0,4.466274831909686,9.902866004267707
0.035,29,948843457,1.8469724655151367,0.0,0.0,4.48125382559374,8.2703060033964
0.035,30,155492488,1.837859869003296,0.0,0.0,4.355143174296245,8.088782997219823
0.035,31,1903701130,1.8234041929244995,0.0,0.0,4.433446888811886,7.713340004556812
0.035,32,1017961266,1.8799065351486206,0.0,0.0,4.321354914223775,7.627683997270651
0.035,33,1497769985,1.8163515329360962,0.0,0.0,4.473763290792704,7.651838008314371
0.035,34,456523489,1.806809902191162,0.0,0.0,4.428315480705351,7.700574002228677
0.035,35,701095136,1.8571809530258179,0.0,0.0,4.375626867869869,12.066481009242125
0.035,36,249069576,1.784538984298706,0.0,0.0,4.3818698967806995,8.127334003802389
0.035,37,1576098728,1.8455380201339722,0.0,0.0,4.407981528202072,7.643081989954226
0.035,38,1662748500,1.8542213439941406,0.0,0.0,4.387994968565181,8.268238001619466
0.035,39,472736216,1.8356255292892456,0.0,0.0,4.441896890755743,8.050325006479397
0.035,40,1535411295,1.8190624713897705,0.0,0.0,4.4124617979396135,7.818041995051317
0.035,41,175223003,1.8039774894714355,0.0,0.0,4.463964307447895,7.711897997069173
0.035,42,840936862,1.8073476552963257,0.0,0.0,4.386216454207897,8.014097009436227
0.035,43,343373188,1.829577088356018,0.0,0.0,4.358858092455193,7.63534200086724
0.035,44,1597751082,1.8774135112762451,0.0,0.0,4.39201596332714,7.96508599887602
0.035,45,730359585,1.864542841911316,0.0,0.0,4.365845368942246,8.128677000058815
0.035,46,1016641002,1.8643511533737183,0.0,0.0,4.356376227689907,7.865213003242388
0.035,47,998994690,1.7941477298736572,0.0,0.0,4.4279452280607074,7.516523997765034
0.035,48,1021240743,1.8400979042053223,0.0,0.0,4.437196867773309,8.031805991777219
0.035,49,572134801,1.8829283714294434,0.0,0.0,4.328566008945927,7.728374999715015
0.035,50,1198399760,1.8207472562789917,0.0,0.0,4.406690689967945,12.18898499791976
0.035,51,1751866485,1.8479490280151367,0.0,0.0,4.395768999354914,7.771914999466389
0.035,52,1070889713,1.83840012550354,0.0,0.0,4.351222658297047,7.595300005050376
0.035,53,415096539,1.8065621852874756,0.0,0.0,4.467363425530493,8.14138499845285
0.035,54,52416235,1.9095768928527832,0.0,0.0,4.326257101958618,7.641048010555096
0.035,55,278032723,1.8314497470855713,0.0,0.0,4.337107922881842,7.750296994345263
0.035,56,174946158,1.8301762342453003,0.0,0.0,4.462065757717937,8.555148000596091
0.035,57,196848554,1.8658298254013062,0.0,0.0,4.396360789425671,8.045206006499939
0.035,58,263030910,1.7611150741577148,0.0,0.0,4.443959170719609,7.814451993908733
0.035,59,1285415020,1.7959963083267212,0.0,0.0,4.42026290204376,7.8848569974070415
0.035,60,1733223444,1.7873804569244385,0.0,0.0,4.3972429246641695,8.109535003313795
0.035,61,1835544261,1.8127801418304443,0.0,0.0,4.416940280236304,7.77597600244917
0.035,62,1403186970,1.8058128356933594,0.0,0.0,4.3655801138374954,7.80996801040601
0.035,63,1291971777,1.7672603130340576,0.0,0.0,4.380188513547182,7.536588993389159
0.035,64,712292067,1.7688668966293335,0.0,0.0,4.448059229645878,7.7350020001176745
0.035,65,2001429764,1.8252767324447632,0.0,0.0,4.444717866834253,13.284701009979472
0.035,66,1375664061,1.8144036531448364,0.0,0.0,4.4196301200427115,7.3733980098040774
0.035,67,1556456120,1.8701530694961548,0.0,0.0,4.452603400219232,7.939721996081062
0.035,68,1576053187,1.7973581552505493,0.0,0.0,4.349528469378129,7.703473995206878
0.035,69,1848019881,1.8419609069824219,0.0,0.0,4.386953970883042,7.607716994243674
0.035,70,1508652585,1.878334879875183,0.0,0.0,4.39721938315779,7.974189997185022
0.035,71,1995737731,1.787719964981079,0.0,0.0,4.397097156615928,7.627995000802912
0.035,72,1162788447,1.796627163887024,0.0,0.0,4.43388159503229,8.369791990844533
0.035,73,1172925522,1.8543630838394165,0.0,0.0,4.334337362553924,7.590062989038415
0.035,74,539174575,1.8578870296478271,0.0,0.0,4.43869437975809,8.18339800753165
0.035,75,2013637345,1.8480349779129028,0.0,0.0,4.349796458845958,16.671504999976605
0.035,76,1187468716,1.8603904247283936,0.0,0.0,4.401337881106883,7.615889000589959
0.035,77,1062978506,1.787906527519226,0.0,0.0,4.436618221923709,7.542321996879764
0.035,78,679326770,1.838094711303711,0.0,0.0,4.420079397270456,7.704261006438173
0.035,79,587923432,1.8064411878585815,0.0,0.0,4.506478802068159,8.121146005578339
0.035,80,1359889667,1.840109944343567,0.0,0.0,4.344632102642208,7.6904279994778335
0.035,81,970187386,1.8225741386413574,0.0,0.0,4.44326838105917,7.977297005709261
0.035,82,1219839873,1.802659273147583,0.0,0.0,4.44118893914856,7.63451200327836
0.035,83,1428160212,1.8019548654556274,0.0,0.0,4.450402712216601,7.8530979953939095
0.035,84,1930609499,1.8190721273422241,0.0,0.0,4.343108814675361,8.02568301151041
0.035,85,710582861,1.8432754278182983,0.0,0.0,4.396515606436878,7.486538001103327
0.035,86,1463614337,1.830113172531128,0.0,0.0,4.384733594022691,7.636932990862988
0.035,87,1940152705,1.8558437824249268,0.0,0.0,4.368771640816703,7.530125993071124
0.035,88,985452196,1.8059004545211792,0.0,0.0,4.410054789157584,8.124113010126166
0.035,89,552062587,1.8834322690963745,0.0,0.0,4.29273174260743,8.576131993322633
0.035,90,623566272,1.8133840560913086,0.0,0.0,4.359412028687075,7.9233220021706074
0.035,91,729775797,1.808923363685608,0.0,0.0,4.4858862571418285,7.677286994294263
0.035,92,1352536665,1.8449021577835083,0.0,0.0,4.488084814278409,7.9753379977773875
0.035,93,555883440,1.7693991661071777,0.0,0.0,4.42444939725101,8.044144997256808
0.035,94,1801800003,1.84707510471344,0.0,0.0,4.368763230275363,7.455792001564987
0.035,95,763315502,1.8551080226898193,0.0,0.0,4.44907138356939,7.873360998928547
0.035,96,138897982,1.8629047870635986,0.0,0.0,4.36921117734164,7.7411120000761
0.035,97,10785379,1.804003357887268,0.0,0.0,4.464333231095225,7.810164999682456
0.035,98,53923185,1.8108141422271729,0.0,0.0,4.41450827033259,7.820850005373359
0.035,99,1349917978,1.8102818727493286,0.0,0.0,4.447364840656519,7.578443008242175
0.036,0,1501552845,1.8258589506149292,0.0,0.0,4.416310032363981,7.57040100870654
0.036,1,488200390,1.865538477897644,0.0,0.0,4.38343222416006,7.506629000999965
0.036,2,1693606510,1.80657958984375,0.0,0.0,4.40080327144824,7.7219980012159795
0.036,3,680233354,1.795461893081665,0.0,0.0,4.381722386227921,7.130087004043162
0.036,4,438466540,1.830445647239685,0.0,0.0,4.437264808220789,7.887254003435373
0.036,5,1712329280,1.8573024272918701,0.0,0.0,4.387281446252018,9.150354992016219
0.036,6,1380152455,1.835936188697815,0.0,0.0,4.355915087042376,7.909703999757767
0.036,7,1452245846,1.85233736038208,0.0,0.0,4.426824255846441,7.117004002793692
0.036,8,2122694021,1.8197046518325806,0.0,0.0,4.485213460400701,7.395048000034876
0.036,9,839901363,1.817789912223816,0.0,0.0,4.425167996902019,7.596706011099741
0.036,10,1802651552,1.765053153038025,0.0,0.0,4.391068628756329,7.557544988230802
0.036,11,714712467,1.8295574188232422,0.0,0.0,4.3696440095081925,7.75825600430835
0.036,12,1218704077,1.8163011074066162,0.0,0.0,4.476487976498902,8.070456999121234
0.036,13,1284858263,1.729618787765503,0.0,0.0,4.511430760379881,7.52729301166255
0.036,14,457721135,1.7743180990219116,0.0,0.0,4.431917777750641,8.181605007848702
0.036,15,401008609,1.824783444404602,0.0,0.0,4.428030351176858,7.555503994808532
0.036,16,492064534,1.8071311712265015,0.0,0.0,4.445114888017997,7.483631998184137
0.036,17,1444732602,1.8782163858413696,0.0,0.0,4.381636772537604,8.086292000371031
0.036,18,1317426686,1.7802343368530273,0.0,0.0,4.412250270135701,8.008513003005646
0.036,19,2022506251,1.8158451318740845,0.0,0.0,4.463823741534725,7.6003580034011975
0.036,20,1516459118,1.8291473388671875,0.0,0.0,4.398740662960336,7.570439993287437
0.036,21,533103612,1.7923246622085571,0.0,0.0,4.441137652145699,7.947449994389899
0.036,22,1964759878,1.8212954998016357,0.0,0.0,4.448730464326218,8.087809997959994
0.036,23,2037706756,1.8280327320098877,0.0,0.0,4.4672814956866205,7.523077001678757
0.036,24,1572889065,1.8157752752304077,0.0,0.0,4.425633471691981,7.927535989438184
0.036,25,1432881518,1.84119713306427,0.0,0.0,4.36220919014886,7.8186470054788515
0.036,26,280516901,1.7805715799331665,0.0,0.0,4.388665759703144,7.355558991548605
0.036,27,205939248,1.8275845050811768,0.0,0.0,4.437003451399505,7.708370001637377
0.036,28,571904914,1.7863463163375854,0.0,0.0,4.470467040780932,7.660542003577575
0.036,29,948843457,1.8495917320251465,0.0,0.0,4.486977537628263,7.151087003876455
0.036,30,155492488,1.8374080657958984,0.0,0.0,4.3535635529551655,8.128690999001265
0.036,31,1903701130,1.817108392715454,0.0,0.0,4.420745481969789,8.094043005257845
0.036,32,1017961266,1.8839374780654907,0.0,0.0,4.290918774902821,7.911667998996563
0.036,33,1497769985,1.8211160898208618,0.0,0.0,4.469056538539007,8.06963798822835
0.036,34,456523489,1.8178499937057495,0.0,0.0,4.422745865071192,7.690311002079397
0.036,35,701095136,1.8607014417648315,0.0,0.0,4.368730403250083,8.03801100119017
0.036,36,249069576,1.7933578491210938,0.0,0.0,4.365646958351135,7.573868002509698
0.036,37,1576098728,1.8418972492218018,0.0,0.0,4.406807394698262,7.648892991710454
0.036,38,1662748500,1.8588132858276367,0.0,0.0,4.389184014173225,7.756883991532959
0.036,39,472736216,1.8376739025115967,0.0,0.0,4.447213249979541,7.596844996442087
0.036,40,1535411295,1.8236886262893677,0.0,0.0,4.417531549232081,7.46867099951487
0.036,41,175223003,1.8032695055007935,0.0,0.0,4.452517584664747,7.606493003549986
0.036,42,840936862,1.80966055393219,0.0,0.0,4.389221451478079,7.985085001564585
0.036,43,343373188,1.8231313228607178,0.0,0.0,4.360782924108207,8.100334001937881
0.036,44,1597751082,1.8836807012557983,0.0,0.0,4.375661440892145,7.251149989315309
0.036,45,730359585,1.8543589115142822,0.0,0.0,4.367759936489165,7.82573499600403
0.036,46,1016641002,1.8660228252410889,0.0,0.0,4.358868985902518,7.543216997873969
0.036,47,998994690,1.792117714881897,0.0,0.0,4.429865804268047,7.547241999418475
0.036,48,1021240743,1.844476580619812,0.0,0.0,4.437309680972248,7.784293993609026
0.036,49,572134801,1.8827444314956665,0.0,0.0,4.328515523578972,7.706285003223456
0.036,50,1198399760,1.8355454206466675,0.0,0.0,4.393027575453743,7.662520991289057
0.036,51,1751866485,1.8507570028305054,0.0,0.0,4.396960847079754,7.374509994406253
0.036,52,1070889713,1.8416826725006104,0.0,0.0,4.354848082875833,8.306585004902445
0.036,53,415096539,1.8285129070281982,0.0,0.0,4.483791740844026,7.841391998226754
0.036,54,52416235,1.9141507148742676,0.0,0.0,4.315341135719791,7.6970790105406195
0.036,55,278032723,1.8328531980514526,0.0,0.0,4.342200004030019,7.476029990357347
0.036,56,174946158,1.8292758464813232,0.0,0.0,4.462214112281799,7.72999000037089
0.036,57,196848554,1.869335412979126,0.0,0.0,4.400581066729501,7.764173002215102
0.036,58,263030910,1.770929217338562,0.0,0.0,4.446824247250333,7.811169998603873
0.036,59,1285415020,1.801015853881836,0.0,0.0,4.408622261369601,11.968022998189554
0.036,60,1733223444,1.8014734983444214,0.0,0.0,4.3872924169991165,7.613713009050116
0.036,61,1835544261,1.813085675239563,0.0,0.0,4.419098493875936,7.8268649958772585
0.036,62,1403186970,1.8090927600860596,0.0,0.0,4.362691429443657,7.847408996894956
0.036,63,1291971777,1.7646870613098145,0.0,0.0,4.3847861376125365,7.783701992593706
0.036,64,712292067,1.7730536460876465,0.0,0.0,4.450484046479687,7.344431011006236
0.036,65,2001429764,1.8327261209487915,0.0,0.0,4.421112967422232,7.321910990867764
0.036,66,1375664061,1.8190146684646606,0.0,0.0,4.411965966690332,8.257658002548851
0.036,67,1556456120,1.8730347156524658,0.0,0.0,4.45678439270705,7.61915699695237
0.036,68,1576053187,1.7997891902923584,0.0,0.0,4.350445606047288,7.842140999855474
0.036,69,1848019881,1.8547821044921875,0.0,0.0,4.39422976761125,7.552519993623719
0.036,70,1508652585,1.8841397762298584,0.0,0.0,4.3990124594420195,61.155422998126596
0.036,71,1995737731,1.796850562095642,0.0,0.0,4.395178653066978,7.314054004382342
0.036,72,1162788447,1.7988247871398926,0.0,0.0,4.431322711985558,8.44358399626799
0.036,73,1172925522,1.8585716485977173,0.0,0.0,4.3374322487507015,8.348716000909917
0.036,74,539174575,1.862091064453125,0.0,0.0,4.442360500572249,7.922017000964843
0.036,75,2013637345,1.8522857427597046,0.0,0.0,4.355874286731705,7.528454996645451
0.036,76,1187468716,1.8627939224243164,0.0,0.0,4.390286462614313,7.8139749966794625
0.036,77,1062978506,1.7884865999221802,0.0,0.0,4.4194123656488955,7.657041001948528
0.036,78,679326770,1.8372600078582764,0.0,0.0,4.42171772220172,7.611523004015908
0.036,79,587923432,1.8093136548995972,0.0,0.0,4.515307375695556,7.810201990650967
0.036,80,1359889667,1.837490439414978,0.0,0.0,4.349983340827748,7.669041006010957
0.036,81,970187386,1.8260928392410278,0.0,0.0,4.448171459138393,7.534183998359367
0.036,82,1219839873,1.799971580505371,0.0,0.0,4.445780235342681,7.629592000739649
0.036,83,1428160212,1.8161051273345947,0.0,0.0,4.457837968599051,8.0237360089086
0.036,84,1930609499,1.8205275535583496,0.0,0.0,4.348216292914003,7.4395909905433655
0.036,85,710582861,1.8544822931289673,0.0,0.0,4.40231570112519,7.904672995209694
0.036,86,1463614337,1.834733486175537,0.0,0.0,4.374089634278789,7.886424005846493
0.036,87,1940152705,1.8505098819732666,0.0,0.0,4.353791573084891,7.593266986077651
0.036,88,985452196,1.8019680976867676,0.0,0.0,4.401591493748128,11.219733001780696
0.036,89,552062587,1.8839524984359741,0.0,0.0,4.293401303701103,7.289717003004625
0.036,90,623566272,1.81674063205719,0.0,0.0,4.3631372197996825,7.939645001897588
0.036,91,729775797,1.8210505247116089,0.0,0.0,4.479334869189188,7.648614002391696
0.036,92,1352536665,1.8428750038146973,0.0,0.0,4.492466235300526,7.877864001784474
0.036,93,555883440,1.777781367301941,0.0,0.0,4.431855174014345,7.66900900634937
0.036,94,1801800003,1.854102373123169,0.0,0.0,4.3555440553463995,7.76199100073427
0.036,95,763315502,1.8659473657608032,0.0,0.0,4.4437671264167875,7.723746006377041
0.036,96,138897982,1.8674302101135254,0.0,0.0,4.370491452980787,7.957103996886872
0.036,97,10785379,1.8085910081863403,0.0,0.0,4.474157452117652,8.218388000386767
0.036,98,53923185,1.8132132291793823,0.0,0.0,4.416957048466429,7.648568003787659
0.036,99,1349917978,1.8122856616973877,0.0,0.0,4.451392585877329,7.336565002333373
0.037,0,1501552845,1.8276340961456299,0.0,0.0,4.419759328011423,8.213593013351783
0.037,1,488200390,1.8696472644805908,0.0,0.0,4.3796632760204375,7.715044004726224
0.037,2,1693606510,1.81006920337677,0.0,0.0,4.393955998821184,7.316653005545959
0.037,3,680233354,1.8018547296524048,0.0,0.0,4.376706026494503,7.866761996410787
0.037,4,438466540,1.8374402523040771,0.0,0.0,4.437124108662829,7.47193000279367
0.037,5,1712329280,1.860467553138733,0.0,0.0,4.374479443533346,8.128853995003738
0.037,6,1380152455,1.838860273361206,0.0,0.0,4.359115982428193,7.879722004872747
0.037,7,1452245846,1.8623597621917725,0.0,0.0,4.430120653705671,7.776333004585467
0.037,8,2122694021,1.8179242610931396,0.0,0.0,4.487369249342009,7.635058995219879
0.037,9,839901363,1.818586826324463,0.0,0.0,4.409995982423425,7.4998100026277825
0.037,10,1802651552,1.7682358026504517,0.0,0.0,4.379082687199116,7.586465013446286
0.037,11,714712467,1.8290866613388062,0.0,0.0,4.372426871675998,7.5987859891029075
0.037,12,1218704077,1.8290539979934692,0.0,0.0,4.449696006719023,7.299965000129305
0.037,13,1284858263,1.7392064332962036,0.0,0.0,4.489899169187993,7.4699319957289845
0.037,14,457721135,1.7894023656845093,0.0,0.0,4.394308758201078,7.283300001290627
0.037,15,401008609,1.8257484436035156,0.0,0.0,4.43083815719001,7.4915129953296855
0.037,16,492064534,1.8108445405960083,0.0,0.0,4.451545361895114,8.291327001643367
0.037,17,1444732602,1.8766893148422241,0.0,0.0,4.400792948901653,7.598226991831325
0.037,18,1317426686,1.7821720838546753,0.0,0.0,4.392814786406234,7.6720840006601065
0.037,19,2022506251,1.8182379007339478,0.0,0.0,4.466932626673952,7.851578004192561
0.037,20,1516459118,1.8284423351287842,0.0,0.0,4.383662316948175,7.966805002070032
0.037,21,533103612,1.7902942895889282,0.0,0.0,4.442446609027684,7.302306010387838
0.037,22,1964759878,1.8200246095657349,0.0,0.0,4.45315803703852,7.500530991819687
0.037,23,2037706756,1.8323299884796143,0.0,0.0,4.4503039417322725,7.836656994186342
0.037,24,1572889065,1.8092342615127563,0.0,0.0,4.423192166024819,19.380958008696325
0.037,25,1432881518,1.8364310264587402,0.0,0.0,4.363585330778733,7.9797490034252405
0.037,26,280516901,1.7890872955322266,0.0,0.0,4.376890351762995,7.736743995337747
0.037,27,205939248,1.8295027017593384,0.0,0.0,4.432211823062971,7.864216997404583
0.037,28,571904914,1.7949578762054443,0.0,0.0,4.4592794014606625,7.721153990132734
0.037,29,948843457,1.8471039533615112,0.0,0.0,4.460510876495391,7.815126009518281
0.037,30,155492488,1.8457000255584717,0.0,0.0,4.356614166172221,7.599624994327314
0.037,31,1903701130,1.8168889284133911,0.0,0.0,4.424614529823884,7.588732987642288
0.037,32,1017961266,1.8936192989349365,0.0,0.0,4.305635916534811,7.640773997991346
0.037,33,1497769985,1.8257102966308594,0.0,0.0,4.471089846687391,7.62562699674163
0.037,34,456523489,1.8267607688903809,0.0,0.0,4.42500451230444,7.615655995323323
0.037,35,701095136,1.864222764968872,0.0,0.0,4.370118947699666,8.039035994443111
0.037,36,249069576,1.7918498516082764,0.0,0.0,4.371264444664121,8.070797004620545
0.037,37,1576098728,1.8491419553756714,0.0,0.0,4.393118541920558,7.784275003359653
0.037,38,1662748500,1.86481773853302,0.0,0.0,4.3764496992807835,7.530495000537485
0.037,39,472736216,1.8501073122024536,0.0,0.0,4.443291461095214,7.780783009366132
0.037,40,1535411295,1.8252924680709839,0.0,0.0,4.396173279499635,7.9419099929509684
0.037,41,175223003,1.80915367603302,0.0,0.0,4.458541317842901,7.513175994972698
0.037,42,840936862,1.8121025562286377,0.0,0.0,4.391121065011248,8.246626995969564
0.037,43,343373188,1.825360894203186,0.0,0.0,4.364803621545434,7.632819993887097
0.037,44,1597751082,1.8796133995056152,0.0,0.0,4.373368081171066,7.712517995969392
0.037,45,730359585,1.8653661012649536,0.0,0.0,4.372484200401232,8.39569499657955
0.037,46,1016641002,1.8708503246307373,0.0,0.0,4.359802525024861,7.24463899678085
0.037,47,998994690,1.8173524141311646,0.0,0.0,4.41825880529359,7.880104007199407
0.037,48,1021240743,1.8468533754348755,0.0,0.0,4.441291901748627,7.202189997769892
0.037,49,572134801,1.8859235048294067,0.0,0.0,4.317349702119827,7.6028639887226745
0.037,50,1198399760,1.8432159423828125,0.0,0.0,4.381285854615271,7.51731799391564
0.037,51,1751866485,1.850914716720581,0.0,0.0,4.404789544874802,7.09467199339997
0.037,52,1070889713,1.8465633392333984,0.0,0.0,4.359342950163409,7.717921995208599
0.037,53,415096539,1.8218079805374146,0.0,0.0,4.482380459550768,7.618577001267113
0.037,54,52416235,1.9057159423828125,0.0,0.0,4.315140546299517,9.831087998463772
0.037,55,278032723,1.8361903429031372,0.0,0.0,4.348823324544355,7.501405998482369
0.037,56,174946158,1.8361444473266602,0.0,0.0,4.438505002297461,7.589847009512596
0.037,57,196848554,1.8713879585266113,0.0,0.0,4.386913205496967,8.188452004105784
0.037,58,263030910,1.773574709892273,0.0,0.0,4.4505228558555245,7.680440990952775
0.037,59,1285415020,1.7976826429367065,0.0,0.0,4.399423656985164,7.190656993770972
0.037,60,1733223444,1.7913986444473267,0.0,0.0,4.387240153737366,9.399898000992835
0.037,61,1835544261,1.8208659887313843,0.0,0.0,4.401858423138037,7.4826560012297705
0.037,62,1403186970,1.8145315647125244,0.0,0.0,4.357554050162435,7.76636999216862
0.037,63,1291971777,1.767935037612915,0.0,0.0,4.3880798341706395,8.98479699390009
0.037,64,712292067,1.7697227001190186,0.0,0.0,4.464135199086741,7.424381998134777
0.037,65,2001429764,1.8283733129501343,0.0,0.0,4.425024238647893,7.439369001076557
0.037,66,1375664061,1.8244423866271973,0.0,0.0,4.4097666626330465,7.725549992755987
0.037,67,1556456120,1.8750258684158325,0.0,0.0,4.459476720774546,7.974009989993647
0.037,68,1576053187,1.7968199253082275,0.0,0.0,4.333438093075529,8.628037991002202
0.037,69,1848019881,1.8603460788726807,0.0,0.0,4.3939684990327805,7.26572000712622
0.037,70,1508652585,1.8866146802902222,0.0,0.0,4.397080198395997,7.750709002721123
0.037,71,1995737731,1.804303526878357,0.0,0.0,4.38604376767762,7.68779800273478
0.037,72,1162788447,1.8056179285049438,0.0,0.0,4.433823755476624,7.649402992683463
0.037,73,1172925522,1.866543173789978,0.0,0.0,4.3150128738489,7.596093011670746
0.037,74,539174575,1.8659857511520386,0.0,0.0,4.4456702270545065,7.421987000270747
0.037,75,2013637345,1.853969931602478,0.0,0.0,4.355859485222027,7.59920799464453
0.037,76,1187468716,1.862729549407959,0.0,0.0,4.390523860231042,7.274356001289561
0.037,77,1062978506,1.793103575706482,0.0,0.0,4.420489340554923,7.768202995066531
0.037,78,679326770,1.837414264678955,0.0,0.0,4.417966651264578,7.16849000309594
0.037,79,587923432,1.8136672973632812,0.0,0.0,4.51915323198773,7.954068001708947
0.037,80,1359889667,1.844667673110962,0.0,0.0,4.346738496329635,7.5914680055575445
0.037,81,970187386,1.823302149772644,0.0,0.0,4.436500781681389,7.654537999769673
0.037,82,1219839873,1.8016440868377686,0.0,0.0,4.44556555734016,7.743167006992735
0.037,83,1428160212,1.8160561323165894,0.0,0.0,4.462829807307571,7.504483000957407
0.037,84,1930609499,1.823072075843811,0.0,0.0,4.3462534688878804,7.674232998397201
0.037,85,710582861,1.873268961906433,0.0,0.0,4.389091326389462,7.45319300040137
0.037,86,1463614337,1.840202808380127,0.0,0.0,4.356880083680153,7.782984001096338
0.037,87,1940152705,1.8435598611831665,0.0,0.0,4.371435855748132,7.41153399576433
0.037,88,985452196,1.8103162050247192,0.0,0.0,4.409600725397468,7.819241000106558
0.037,89,552062587,1.8794245719909668,0.0,0.0,4.303200451424345,7.429182005580515
0.037,90,623566272,1.817991018295288,0.0,0.0,4.370477868942544,7.904589001554996
0.037,91,729775797,1.819705843925476,0.0,0.0,4.480844692327082,12.70332200510893
0.037,92,1352536665,1.8498705625534058,0.0,0.0,4.482847859151661,7.781377003993839
0.037,93,555883440,1.7860606908798218,0.0,0.0,4.412249996792525,7.305052000447176
0.037,94,1801800003,1.855556607246399,0.0,0.0,4.3580075786449015,7.927853992441669
0.037,95,763315502,1.8639016151428223,0.0,0.0,4.444257526425645,63.88230998709332
0.037,96,138897982,1.8681933879852295,0.0,0.0,4.372818282106891,7.551150003564544
0.037,97,10785379,1.818541407585144,0.0,0.0,4.468240220565349,7.655182998860255
0.037,98,53923185,1.8158206939697266,0.0,0.0,4.419855238869786,7.954208005685359
0.037,99,1349917978,1.8208695650100708,0.0,0.0,4.456451230449602,7.831412003724836
0.038,0,1501552845,1.831915259361267,0.0,0.0,4.400140953250229,7.9359380033565685
0.038,1,488200390,1.8680274486541748,0.0,0.0,4.379966656677425,7.627137994859368
0.038,2,1693606510,1.8077316284179688,0.0,0.0,4.398518686182797,7.779127001413144
0.038,3,680233354,1.8105765581130981,0.0,0.0,4.379288335563615,7.696250002481975
0.038,4,438466540,1.8406894207000732,0.0,0.0,4.439703355077654,7.045767997624353
0.038,5,1712329280,1.864906907081604,0.0,0.0,4.379833540413529,7.582467995234765
0.038,6,1380152455,1.836552381515503,0.0,0.0,4.359136466868222,7.5658729911083356
0.038,7,1452245846,1.8728492259979248,0.0,0.0,4.426072537200525,7.5072619947604835
0.038,8,2122694021,1.8269295692443848,0.0,0.0,4.493267324054614,7.939876013551839
0.038,9,839901363,1.8193005323410034,0.0,0.0,4.412115047220141,7.8514909982914105
0.038,10,1802651552,1.7711617946624756,0.0,0.0,4.3840773538686335,7.3917279951274395
0.038,11,714712467,1.8386499881744385,0.0,0.0,4.354910825379193,7.792930002324283
0.038,12,1218704077,1.8331800699234009,0.0,0.0,4.44940939405933,7.585880986880511
0.038,13,1284858263,1.7429224252700806,0.0,0.0,4.496052676578984,27.60715900512878
0.038,14,457721135,1.8001381158828735,0.0,0.0,4.3878889991901815,7.255799995618872
0.038,15,401008609,1.829206109046936,0.0,0.0,4.415861466899514,7.7763089939253405
0.038,16,492064534,1.8133734464645386,0.0,0.0,4.452328574378043,7.452322999597527
0.038,17,1444732602,1.8795876502990723,0.0,0.0,4.382586440304294,8.239634000346996
0.038,18,1317426686,1.790121078491211,0.0,0.0,4.370282321237028,7.558999990578741
0.038,19,2022506251,1.8182594776153564,0.0,0.0,4.4308238595258445,7.615203998284414
0.038,20,1516459118,1.8269788026809692,0.0,0.0,4.4028362093959,7.405861004372127
0.038,21,533103612,1.7894638776779175,0.0,0.0,4.4482996326405555,7.832592003978789
0.038,22,1964759878,1.823087215423584,0.0,0.0,4.439956317655742,8.13688599737361
0.038,23,2037706756,1.835134744644165,0.0,0.0,4.450174959609285,6.8443990021478385
0.038,24,1572889065,1.8177292346954346,0.0,0.0,4.40499679162167,8.098977996269241
0.038,25,1432881518,1.8338934183120728,0.0,0.0,4.36390638933517,8.379010003409348
0.038,26,280516901,1.7898551225662231,0.0,0.0,4.3673353414051235,7.807820002199151
0.038,27,205939248,1.8383009433746338,0.0,0.0,4.428085585124791,7.36612499167677
0.038,28,571904914,1.7930331230163574,0.0,0.0,4.4572195305954665,7.682243987801485
0.038,29,948843457,1.846699595451355,0.0,0.0,4.467421746812761,8.033905003685504
0.038,30,155492488,1.8506375551223755,0.0,0.0,4.346316456096247,22.090835991548374
0.038,31,1903701130,1.8214304447174072,0.0,0.0,4.4310042324941605,7.792367003276013
0.038,32,1017961266,1.8979833126068115,0.0,0.0,4.285284531768411,7.355027002631687
0.038,33,1497769985,1.832053303718567,0.0,0.0,4.451073240255937,7.652083004359156
0.038,34,456523489,1.8284096717834473,0.0,0.0,4.4268049208913,7.7351520012598485
0.038,35,701095136,1.866044282913208,0.0,0.0,4.37424252810888,7.671608007512987
0.038,36,249069576,1.790529489517212,0.0,0.0,4.375084848375991,7.858922996092588
0.038,37,1576098728,1.8622691631317139,0.0,0.0,4.398610576055944,7.831124996300787
0.038,38,1662748500,1.8681750297546387,0.0,0.0,4.390021265251562,7.901757999206893
0.038,39,472736216,1.8532147407531738,0.0,0.0,4.42823257506825,7.29030100046657
0.038,40,1535411295,1.830800175666809,0.0,0.0,4.3853630071971565,7.518470010836609
0.038,41,175223003,1.8009718656539917,0.0,0.0,4.432539751753211,7.9247789981309325
0.038,42,840936862,1.8142749071121216,0.0,0.0,4.392131733242422,7.727497999439947
0.038,43,343373188,1.8290048837661743,0.0,0.0,4.367206097813323,7.769503004965372
0.038,44,1597751082,1.8873836994171143,0.0,0.0,4.374143995344639,7.740222994470969
0.038,45,730359585,1.8772188425064087,0.0,0.0,4.377328482223675,7.378651003818959
0.038,46,1016641002,1.8779627084732056,0.0,0.0,4.33696148567833,7.582865000586025
0.038,47,998994690,1.816315770149231,0.0,0.0,4.421016443986446,7.894805996329524
0.038,48,1021240743,1.852748155593872,0.0,0.0,4.4181599139701575,6.917512000654824
0.038,49,572134801,1.8905880451202393,0.0,0.0,4.317815002752468,64.13568700372707
0.038,50,1198399760,1.8454816341400146,0.0,0.0,4.370517674367875,7.916254005976953
0.038,51,1751866485,1.853119134902954,0.0,0.0,4.3980852293316275,9.12530199275352
0.038,52,1070889713,1.863162875175476,0.0,0.0,4.363230880582705,7.322192992432974
0.038,53,415096539,1.8252350091934204,0.0,0.0,4.485885238042101,7.650055005797185
0.038,54,52416235,1.9124723672866821,0.0,0.0,4.316395939560607,7.40833199233748
0.038,55,278032723,1.8377723693847656,0.0,0.0,4.337302996544167,7.910059008281678
0.038,56,174946158,1.8358595371246338,0.0,0.0,4.438544694101438,8.047527997405268
0.038,57,196848554,1.8741487264633179,0.0,0.0,4.38868970121257,7.815495002432726
0.038,58,263030910,1.77632737159729,0.0,0.0,4.453102926025167,7.886541003244929
0.038,59,1285415020,1.8009611368179321,0.0,0.0,4.413099464029074,7.437673993990757
0.038,60,1733223444,1.794920802116394,0.0,0.0,4.395082997391,7.876873001805507
0.038,61,1835544261,1.8254451751708984,0.0,0.0,4.403738474240527,7.334342997637577
0.038,62,1403186970,1.8016114234924316,0.0,0.0,4.349570774007589,7.420979003654793
0.038,63,1291971777,1.7679202556610107,0.0,0.0,4.390643883962184,39.152800003648736
0.038,64,712292067,1.7740839719772339,0.0,0.0,4.468461340060458,7.81068300420884
0.038,65,2001429764,1.83741295337677,0.0,0.0,4.406369358999655,7.949915001518093
0.038,66,1375664061,1.8243550062179565,0.0,0.0,4.404048428637907,7.626172999152914
0.038,67,1556456120,1.8734956979751587,0.0,0.0,4.459240311291069,7.992783997906372
0.038,68,1576053187,1.7979203462600708,0.0,0.0,4.323455551173538,7.696733009652235
0.038,69,1848019881,1.8603168725967407,0.0,0.0,4.391158011509106,7.875287003116682
0.038,70,1508652585,1.890032172203064,0.0,0.0,4.3999009935650975,7.4241029942641035
0.038,71,1995737731,1.805383324623108,0.0,0.0,4.391348363133147,7.399125999654643
0.038,72,1162788447,1.805899739265442,0.0,0.0,4.4320629965513945,7.452721998561174
0.038,73,1172925522,1.8693315982818604,0.0,0.0,4.3181511471048,7.59264400403481
0.038,74,539174575,1.868762731552124,0.0,0.0,4.448546562809497,7.5944569980492815
0.038,75,2013637345,1.8591580390930176,0.0,0.0,4.35951394890435,7.840790000045672
0.038,76,1187468716,1.8682026863098145,0.0,0.0,4.394588669063523,7.850812005926855
0.038,77,1062978506,1.7983375787734985,0.0,0.0,4.419869855744764,7.443263995810412
0.038,78,679326770,1.8437386751174927,0.0,0.0,4.40844106557779,7.42994699976407
0.038,79,587923432,1.8197352886199951,0.0,0.0,4.499522922094911,7.862515005399473
0.038,80,1359889667,1.841368317604065,0.0,0.0,4.326124618994072,7.750071992632002
0.038,81,970187386,1.8250936269760132,0.0,0.0,4.430530939484015,7.721212998148985
0.038,82,1219839873,1.8066749572753906,0.0,0.0,4.446403754409403,7.79609200253617
0.038,83,1428160212,1.8160730600357056,0.0,0.0,4.465146601432934,7.665707991691306
0.038,84,1930609499,1.8287458419799805,0.0,0.0,4.344834482995793,7.652012995094992
0.038,85,710582861,1.8580390214920044,0.0,0.0,4.381796828005463,7.152306992793456
0.038,86,1463614337,1.8305622339248657,0.0,0.0,4.359268752159551,7.7039339957991615
0.038,87,1940152705,1.847024917602539,0.0,0.0,4.356730906525627,7.414903011522256
0.038,88,985452196,1.8137084245681763,0.0,0.0,4.41460771812126,7.878745003836229
0.038,89,552062587,1.8804023265838623,0.0,0.0,4.303567197872326,7.726494004600681
0.038,90,623566272,1.82365083694458,0.0,0.0,4.381370055489242,7.77811800071504
0.038,91,729775797,1.8231946229934692,0.0,0.0,4.474278271896765,7.402853007079102
0.038,92,1352536665,1.8446091413497925,0.0,0.0,4.47855308954604,7.835224998416379
0.038,93,555883440,1.7893203496932983,0.0,0.0,4.393094154540449,8.006748001207598
0.038,94,1801800003,1.8581669330596924,0.0,0.0,4.346997901331633,7.909127001767047
0.038,95,763315502,1.8638248443603516,0.0,0.0,4.4317951269913465,7.6658610050799325
0.038,96,138897982,1.8736329078674316,0.0,0.0,4.378970299148932,7.398315006867051
0.038,97,10785379,1.8233637809753418,0.0,0.0,4.471616773167625,7.834992007701658
0.038,98,53923185,1.82199227809906,0.0,0.0,4.430453164037317,7.204406996606849
0.038,99,1349917978,1.8240898847579956,0.0,0.0,4.445124526275322,7.796593999955803
0.039,0,1501552845,1.8294100761413574,0.0,0.0,4.40979112056084,7.973781001055613
0.039,1,488200390,1.8691462278366089,0.0,0.0,4.390575823606923,7.647441991139203
0.039,2,1693606510,1.8079133033752441,0.0,0.0,4.400093596894294,7.51868198858574
0.039,3,680233354,1.803957462310791,0.0,0.0,4.378900838084519,7.37890500749927
0.039,4,438466540,1.8457337617874146,0.0,0.0,4.435062316711992,7.395761989755556
0.039,5,1712329280,1.8657387495040894,0.0,0.0,4.382688803365454,7.4750889907591045
0.039,6,1380152455,1.8481770753860474,0.0,0.0,4.361995332874358,7.588603999465704
0.039,7,1452245846,1.8733454942703247,0.0,0.0,4.42864684574306,7.553871007985435
0.039,8,2122694021,1.8313071727752686,0.0,0.0,4.473178207874298,7.803149012033828
0.039,9,839901363,1.8238093852996826,0.0,0.0,4.419569727266207,7.405955009744503
0.039,10,1802651552,1.774083137512207,0.0,0.0,4.3874883516691625,7.790492003550753
0.039,11,714712467,1.8406336307525635,0.0,0.0,4.3588544190861285,8.12826601031702
0.039,12,1218704077,1.8315647840499878,0.0,0.0,4.450172399869189,8.430153000517748
0.039,13,1284858263,1.746016025543213,0.0,0.0,4.494878038065508,7.407693003187887
0.039,14,457721135,1.7980161905288696,0.0,0.0,4.375252401921898,7.758007996017113
0.039,15,401008609,1.832578182220459,0.0,0.0,4.41288939374499,7.369690996711142
0.039,16,492064534,1.818068504333496,0.0,0.0,4.424130038823932,7.334562003961764
0.039,17,1444732602,1.8853272199630737,0.0,0.0,4.376334492349997,7.736231011222117
0.039,18,1317426686,1.790445327758789,0.0,0.0,4.35914765833877,7.971605999046005
0.039,19,2022506251,1.8222746849060059,0.0,0.0,4.4429251903202385,6.944038002984598
0.039,20,1516459118,1.822609543800354,0.0,0.0,4.40506135718897,7.738878004602157
0.039,21,533103612,1.8010444641113281,0.0,0.0,4.438144809100777,7.613494002725929
0.039,22,1964759878,1.819503903388977,0.0,0.0,4.430361141450703,7.859559002099559
0.039,23,2037706756,1.8383532762527466,0.0,0.0,4.451513419859111,15.266417001839727
0.039,24,1572889065,1.8253527879714966,0.0,0.0,4.4089048721361905,7.620315998792648
0.039,25,1432881518,1.8358534574508667,0.0,0.0,4.362218411639333,8.042187997489236
0.039,26,280516901,1.806732416152954,0.0,0.0,4.372253290843219,7.73706600011792
0.039,27,205939248,1.8379499912261963,0.0,0.0,4.430165888275951,8.01603400032036
0.039,28,571904914,1.8086975812911987,0.0,0.0,4.466544654918835,8.143177998135798
0.039,29,948843457,1.8513071537017822,0.0,0.0,4.451515097403899,7.8255580010591075
0.039,30,155492488,1.852483868598938,0.0,0.0,4.349711505929008,7.434674000251107
0.039,31,1903701130,1.825252890586853,0.0,0.0,4.433640728006139,7.976357999723405
0.039,32,1017961266,1.9027485847473145,0.0,0.0,4.278756006853655,7.771799006150104
0.039,33,1497769985,1.8359034061431885,0.0,0.0,4.436502044321969,9.777928004041314
0.039,34,456523489,1.8250582218170166,0.0,0.0,4.41102929529734,7.6355649944162
0.039,35,701095136,1.8621041774749756,0.0,0.0,4.3684615404345095,7.349530002102256
0.039,36,249069576,1.802056074142456,0.0,0.0,4.3716549295932055,7.578771997941658
0.039,37,1576098728,1.8588809967041016,0.0,0.0,4.3981732942629606,7.759414002066478
0.039,38,1662748500,1.871425747871399,0.0,0.0,4.380318908253685,7.226300003821962
0.039,39,472736216,1.8524065017700195,0.0,0.0,4.4314867737703025,7.8525930002797395
0.039,40,1535411295,1.8361560106277466,0.0,0.0,4.384844372747466,7.445096009178087
0.039,41,175223003,1.808248519897461,0.0,0.0,4.441882930696011,7.500887993955985
0.039,42,840936862,1.815732717514038,0.0,0.0,4.3905564858578146,7.670297985896468
0.039,43,343373188,1.833104133605957,0.0,0.0,4.350091956090182,7.840562000637874
0.039,44,1597751082,1.8889360427856445,0.0,0.0,4.376807800494134,8.506526006385684
0.039,45,730359585,1.878484845161438,0.0,0.0,4.363202440785244,8.38742099585943
0.039,46,1016641002,1.8662339448928833,0.0,0.0,4.318415954709053,7.509571005357429
0.039,47,998994690,1.8236465454101562,0.0,0.0,4.430633501848206,8.106164008495398
0.039,48,1021240743,1.8535635471343994,0.0,0.0,4.416752889519557,7.922413002233952
0.039,49,572134801,1.8966419696807861,0.0,0.0,4.3259627318475395,7.700682006543502
0.039,50,1198399760,1.8497421741485596,0.0,0.0,4.372933315578848,7.371640007477254
0.039,51,1751866485,1.8574903011322021,0.0,0.0,4.401248870883137,7.56222200288903
0.039,52,1070889713,1.8643985986709595,0.0,0.0,4.366363652050495,7.530699993367307
0.039,53,415096539,1.8295992612838745,0.0,0.0,4.4682123605161905,7.485241003450938
0.039,54,52416235,1.9209493398666382,0.0,0.0,4.3090410945005715,7.85820500459522
0.039,55,278032723,1.839545726776123,0.0,0.0,4.338075431296602,7.59511100477539
0.039,56,174946158,1.831986904144287,0.0,0.0,4.428902281913906,7.658697999431752
0.039,57,196848554,1.8777235746383667,0.0,0.0,4.392708337400109,7.318283009226434
0.039,58,263030910,1.7770910263061523,0.0,0.0,4.455687124049291,10.71309600956738
0.039,59,1285415020,1.8061625957489014,0.0,0.0,4.408102320274338,7.7977960027055815
0.039,60,1733223444,1.8009940385818481,0.0,0.0,4.377711251378059,7.676581008126959
0.039,61,1835544261,1.825721025466919,0.0,0.0,4.405192338628694,8.155338000506163
0.039,62,1403186970,1.8046396970748901,0.0,0.0,4.3619341214653105,7.738087995676324
0.039,63,1291971777,1.7682044506072998,0.0,0.0,4.395564430160448,8.073246004641987
0.039,64,712292067,1.7776460647583008,0.0,0.0,4.466203850926831,8.103454994852655
0.039,65,2001429764,1.8434394598007202,0.0,0.0,4.3880422345828265,7.755056009045802
0.039,66,1375664061,1.8217533826828003,0.0,0.0,4.406318411696702,7.77950999327004
0.039,67,1556456120,1.8866006135940552,0.0,0.0,4.44312821701169,8.188432999304496
0.039,68,1576053187,1.803515911102295,0.0,0.0,4.325309772277251,7.457596002495848
0.039,69,1848019881,1.866637110710144,0.0,0.0,4.390279278391972,7.807093992596492
0.039,70,1508652585,1.8915221691131592,0.0,0.0,4.401262451661751,7.649626990314573
0.039,71,1995737731,1.8088252544403076,0.0,0.0,4.39436183986254,7.749124997644685
0.039,72,1162788447,1.794812560081482,0.0,0.0,4.429615738103166,7.370229999651201
0.039,73,1172925522,1.8738709688186646,0.0,0.0,4.318933288799599,7.891645000199787
0.039,74,539174575,1.8740899562835693,0.0,0.0,4.442618802422658,7.658565999008715
0.039,75,2013637345,1.8456432819366455,0.0,0.0,4.35868788161315,7.350450003286824
0.039,76,1187468716,1.8729699850082397,0.0,0.0,4.376510155154392,7.965978002175689
0.039,77,1062978506,1.8015538454055786,0.0,0.0,4.423937683459371,7.667151003261097
0.039,78,679326770,1.845966100692749,0.0,0.0,4.410920674679801,7.939385002828203
0.039,79,587923432,1.8230321407318115,0.0,0.0,4.519809807883576,7.445852999808267
0.039,80,1359889667,1.8400490283966064,0.0,0.0,4.327428190037608,7.654054003069177
0.039,81,970187386,1.8345345258712769,0.0,0.0,4.418002399615943,7.3916930123232305
0.039,82,1219839873,1.812024474143982,0.0,0.0,4.434030867181718,7.450436009094119
0.039,83,1428160212,1.8221977949142456,0.0,0.0,4.453352150274441,7.348034007009119
0.039,84,1930609499,1.8450719118118286,0.0,0.0,4.330132729839534,8.060886000748724
0.039,85,710582861,1.8614596128463745,0.0,0.0,4.385854220949113,7.5478229991858825
0.039,86,1463614337,1.836320161819458,0.0,0.0,4.358578693587333,8.046179995290004
0.039,87,1940152705,1.8397541046142578,0.0,0.0,4.337209589546546,7.999326990102418
0.039,88,985452196,1.815316915512085,0.0,0.0,4.4179992051795125,49.90705399541184
0.039,89,552062587,1.8853635787963867,0.0,0.0,4.308398311259225,7.9629139945609495
0.039,90,623566272,1.833482265472412,0.0,0.0,4.373179653892294,7.396909000817686
0.039,91,729775797,1.8321104049682617,0.0,0.0,4.461843419354409,7.471431992598809
0.039,92,1352536665,1.8649245500564575,0.0,0.0,4.484806897351518,7.862170998123474
0.039,93,555883440,1.790113925933838,0.0,0.0,4.396509365877137,7.952357002068311
0.039,94,1801800003,1.8671388626098633,0.0,0.0,4.352761592017487,6.830010010162368
0.039,95,763315502,1.8639166355133057,0.0,0.0,4.435387868667021,8.180414995877072
0.039,96,138897982,1.8764413595199585,0.0,0.0,4.385289613856003,7.2423590027028695
0.039,97,10785379,1.8274950981140137,0.0,0.0,4.474839263828471,7.625639991601929
0.039,98,53923185,1.8253647089004517,0.0,0.0,4.417766811326146,7.421522997901775
0.039,99,1349917978,1.828405737876892,0.0,0.0,4.447212626226246,7.811304007191211
0.04,0,1501552845,1.8367663621902466,0.0,0.0,4.3937774014193565,7.394558007945307
0.04,1,488200390,1.873795747756958,0.0,0.0,4.375596819445491,7.766064009047113
0.04,2,1693606510,1.8158349990844727,0.0,0.0,4.394110105233267,7.552712006145157
0.04,3,680233354,1.8109843730926514,0.0,0.0,4.3832082997541875,7.372865002253093
0.04,4,438466540,1.8494024276733398,0.0,0.0,4.443011375842616,26.064679012051784
0.04,5,1712329280,1.8693232536315918,0.0,0.0,4.373056516284123,7.525287001044489
0.04,6,1380152455,1.8506344556808472,0.0,0.0,4.350902606034651,7.6212870044400916
0.04,7,1452245846,1.8819814920425415,0.0,0.0,4.413748181425035,7.533003998105414
0.04,8,2122694021,1.843897819519043,0.0,0.0,4.467173978220671,8.171638997737318
0.04,9,839901363,1.8369708061218262,0.0,0.0,4.3860519849695265,7.257835997734219
0.04,10,1802651552,1.775930404663086,0.0,0.0,4.401114397216588,7.7174600010039285
0.04,11,714712467,1.852410078048706,0.0,0.0,4.354431039420888,7.315224997000769
0.04,12,1218704077,1.837467074394226,0.0,0.0,4.453667429974303,8.816296001896262
0.04,13,1284858263,1.7549962997436523,0.0,0.0,4.497526164632291,7.511126997997053
0.04,14,457721135,1.7979846000671387,0.0,0.0,4.377187334932387,7.69345200387761
0.04,15,401008609,1.8344101905822754,0.0,0.0,4.419829798396677,7.516119003412314
0.04,16,492064534,1.8208140134811401,0.0,0.0,4.428245461080223,7.7749080082867295
0.04,17,1444732602,1.89033043384552,0.0,0.0,4.382146568968892,7.382171010249294
0.04,18,1317426686,1.7930046319961548,0.0,0.0,4.361369219375774,7.56302299851086
0.04,19,2022506251,1.8246769905090332,0.0,0.0,4.433687965851277,7.745827999315225
0.04,20,1516459118,1.8260486125946045,0.0,0.0,4.40293747279793,7.580231002066284
0.04,21,533103612,1.8058894872665405,0.0,0.0,4.442108054412529,7.647638005437329
0.04,22,1964759878,1.823155403137207,0.0,0.0,4.432378110010177,7.442739995894954
0.04,23,2037706756,1.8411107063293457,0.0,0.0,4.429354222957045,7.643228003871627
0.04,24,1572889065,1.8289852142333984,0.0,0.0,4.406942849047482,11.52578101027757
0.04,25,1432881518,1.8361366987228394,0.0,0.0,4.361114862840623,7.865455001592636
0.04,26,280516901,1.8122334480285645,0.0,0.0,4.375164756784216,14.347807999001816
0.04,27,205939248,1.8441780805587769,0.0,0.0,4.435706039890647,7.472261000657454
0.04,28,571904914,1.8137307167053223,0.0,0.0,4.45735097117722,7.359556999290362
0.04,29,948843457,1.8547064065933228,0.0,0.0,4.4578321382869035,7.941424002638087
0.04,30,155492488,1.8550374507904053,0.0,0.0,4.353044854477048,7.836775999749079
0.04,31,1903701130,1.829836130142212,0.0,0.0,4.412946660537273,7.69126700470224
0.04,32,1017961266,1.902646780014038,0.0,0.0,4.28270092071034,7.768351002596319
0.04,33,1497769985,1.8377199172973633,0.0,0.0,4.441681941738352,7.547360990429297
0.04,34,456523489,1.8296551704406738,0.0,0.0,4.414561315672472,7.396404005703516
0.04,35,701095136,1.8630880117416382,0.0,0.0,4.37514595547691,7.817344012437388
0.04,36,249069576,1.805996060371399,0.0,0.0,4.359908236656338,7.937420989037491
0.04,37,1576098728,1.8612843751907349,0.0,0.0,4.4005483512301,10.203114987234585
0.04,38,1662748500,1.8793319463729858,0.0,0.0,4.37447381648235,8.189378000679426
0.04,39,472736216,1.857073187828064,0.0,0.0,4.41437182831578,7.3000539996428415
0.04,40,1535411295,1.8408311605453491,0.0,0.0,4.389890831196681,8.051832002820447
0.04,41,175223003,1.8100758790969849,0.0,0.0,4.445317403879017,7.483796987798996
0.04,42,840936862,1.8192425966262817,0.0,0.0,4.394865607609972,7.516660989494994
0.04,43,343373188,1.8393934965133667,0.0,0.0,4.341698561562225,9.834708995185792
0.04,44,1597751082,1.8906482458114624,0.0,0.0,4.376867136685178,7.11287499871105
0.04,45,730359585,1.8767582178115845,0.0,0.0,4.376936798682436,7.005955994827673
0.04,46,1016641002,1.8708781003952026,0.0,0.0,4.319523689802736,7.429779987432994
0.04,47,998994690,1.8140370845794678,0.0,0.0,4.429701584391296,7.836720003979281
0.04,48,1021240743,1.860658884048462,0.0,0.0,4.41181152081117,7.889582004281692
0.04,49,572134801,1.8989861011505127,0.0,0.0,4.31951749837026,7.563387989648618
0.04,50,1198399760,1.8510074615478516,0.0,0.0,4.3760022630449384,7.5027050042990595
0.04,51,1751866485,1.8602800369262695,0.0,0.0,4.404172264505178,7.545454995124601
0.04,52,1070889713,1.858234167098999,0.0,0.0,4.3663346585817635,7.616396003868431
0.04,53,415096539,1.8444875478744507,0.0,0.0,4.4597356107551605,7.7289869950618595
0.04,54,52416235,1.928714632987976,0.0,0.0,4.307580003514886,7.673163010622375
0.04,55,278032723,1.8424313068389893,0.0,0.0,4.3417601871769875,7.619053998496383
0.04,56,174946158,1.835069179534912,0.0,0.0,4.430947815533727,7.868920991313644
0.04,57,196848554,1.8803741931915283,0.0,0.0,4.375803454313427,7.439714987413026
0.04,58,263030910,1.789561152458191,0.0,0.0,4.435947260586545,7.720954003161751
0.04,59,1285415020,1.8094091415405273,0.0,0.0,4.406361784087494,7.733070000540465
0.04,60,1733223444,1.8043912649154663,0.0,0.0,4.38078452902846,7.5793959986185655
0.04,61,1835544261,1.8293452262878418,0.0,0.0,4.394250761251897,7.840013000532053
0.04,62,1403186970,1.8283584117889404,0.0,0.0,4.351514468668029,7.664040997042321
0.04,63,1291971777,1.7668160200119019,0.0,0.0,4.382764423033223,7.751031007501297
0.04,64,712292067,1.7818472385406494,0.0,0.0,4.4400893456768245,7.835294003598392
0.04,65,2001429764,1.847111463546753,0.0,0.0,4.3932276563718915,7.3529599903849885
0.04,66,1375664061,1.8274632692337036,0.0,0.0,4.3947792707476765,8.102540989057161
0.04,67,1556456120,1.8898155689239502,0.0,0.0,4.453122184611857,7.439007997163571
0.04,68,1576053187,1.8099733591079712,0.0,0.0,4.325978498905897,7.270096990396269
0.04,69,1848019881,1.8706508874893188,0.0,0.0,4.3874600301496685,7.079773000441492
0.04,70,1508652585,1.8964754343032837,0.0,0.0,4.400423074373975,7.844627005397342
0.04,71,1995737731,1.8113129138946533,0.0,0.0,4.396031988086179,7.2838780033634976
0.04,72,1162788447,1.8044670820236206,0.0,0.0,4.43206083914265,8.137354991049506
0.04,73,1172925522,1.8732397556304932,0.0,0.0,4.306283933110535,7.6159570016898215
0.04,74,539174575,1.8768690824508667,0.0,0.0,4.444577563088387,7.675885994103737
0.04,75,2013637345,1.847580909729004,0.0,0.0,4.362063320586458,7.478261002688669
0.04,76,1187468716,1.8766838312149048,0.0,0.0,4.380069277714938,7.861165009671822
0.04,77,1062978506,1.8036531209945679,0.0,0.0,4.425606247736141,8.092249001492746
0.04,78,679326770,1.8510771989822388,0.0,0.0,4.399166968651116,7.793088007019833
0.04,79,587923432,1.825708031654358,0.0,0.0,4.497129006776959,7.393863008474
0.04,80,1359889667,1.841409683227539,0.0,0.0,4.329902512487024,7.733576989267021
0.04,81,970187386,1.8368414640426636,0.0,0.0,4.416002672165632,7.672327003092505
0.04,82,1219839873,1.8185539245605469,0.0,0.0,4.440811104374006,7.7641849929932505
0.04,83,1428160212,1.8243080377578735,0.0,0.0,4.454328969819471,8.04628900368698
0.04,84,1930609499,1.8508232831954956,0.0,0.0,4.308321274118498,7.33929401030764
0.04,85,710582861,1.8639552593231201,0.0,0.0,4.389693015487865,7.97531999705825
0.04,86,1463614337,1.8418505191802979,0.0,0.0,4.348399823298678,7.596591996843927
0.04,87,1940152705,1.846680998802185,0.0,0.0,4.3609925888013095,7.773016011924483
0.04,88,985452196,1.8246214389801025,0.0,0.0,4.404532788787037,7.448189993738197
0.04,89,552062587,1.8922427892684937,0.0,0.0,4.316604228690267,7.96205599908717
0.04,90,623566272,1.8346813917160034,0.0,0.0,4.362496973946691,7.511806004913524
0.04,91,729775797,1.8357869386672974,0.0,0.0,4.462106631370261,7.397322988254018
0.04,92,1352536665,1.8688280582427979,0.0,0.0,4.475986767327413,7.436617001076229
0.04,93,555883440,1.782397747039795,0.0,0.0,4.397665771888569,7.4410679953871295
0.04,94,1801800003,1.8728772401809692,0.0,0.0,4.356676209485158,8.070454990956932
0.04,95,763315502,1.8737897872924805,0.0,0.0,4.443012061761692,7.7568239939864725
0.04,96,138897982,1.8774280548095703,0.0,0.0,4.373309227405116,7.805820001522079
0.04,97,10785379,1.8328322172164917,0.0,0.0,4.450266877422109,7.259169011376798
0.04,98,53923185,1.8286093473434448,0.0,0.0,4.42153118387796,7.994758998393081
0.04,99,1349917978,1.8344985246658325,0.0,0.0,4.429200805025175,7.0887899928493425
0.041,0,1501552845,1.8387949466705322,0.0,0.0,4.372509557520971,8.04872700246051
0.041,1,488200390,1.8735746145248413,0.0,0.0,4.361903980374336,7.441551002557389
0.041,2,1693606510,1.8232176303863525,0.0,0.0,4.397948476253077,7.667584999580868
0.041,3,680233354,1.8186330795288086,0.0,0.0,4.387494684197009,7.8361299965763465
0.041,4,438466540,1.8566991090774536,0.0,0.0,4.437245418783277,8.014081002329476
0.041,5,1712329280,1.871677041053772,0.0,0.0,4.374938735505566,7.580395002150908
0.041,6,1380152455,1.8545888662338257,0.0,0.0,4.353508590487763,7.884888997068629
0.041,7,1452245846,1.88434898853302,0.0,0.0,4.400022814981639,7.711491998634301
0.041,8,2122694021,1.8508306741714478,0.0,0.0,4.471689710626379,7.652346001123078
0.041,9,839901363,1.834142804145813,0.0,0.0,4.403101859847084,7.930143998237327
0.041,10,1802651552,1.7896205186843872,0.0,0.0,4.3709228408988565,7.960121991345659
0.041,11,714712467,1.8489488363265991,0.0,0.0,4.3519486982841045,7.619568990776315
0.041,12,1218704077,1.8377299308776855,0.0,0.0,4.438129929825664,7.82789099321235
0.041,13,1284858263,1.7596852779388428,0.0,0.0,4.493128175614402,7.714410006883554
0.041,14,457721135,1.8020747900009155,0.0,0.0,4.383457415737212,7.490400996175595
0.041,15,401008609,1.8350034952163696,0.0,0.0,4.385719028068706,7.8849839919712394
0.041,16,492064534,1.820162057876587,0.0,0.0,4.43265375145711,7.86231599340681
0.041,17,1444732602,1.891958236694336,0.0,0.0,4.381272467086092,7.941714007756673
0.041,18,1317426686,1.799812912940979,0.0,0.0,4.369546752423048,7.833053998183459
0.041,19,2022506251,1.826278805732727,0.0,0.0,4.436459379736334,7.7912429987918586
0.041,20,1516459118,1.839690923690796,0.0,0.0,4.3743394506163895,7.513361008022912
0.041,21,533103612,1.807858943939209,0.0,0.0,4.427021741867065,7.880632008891553
0.041,22,1964759878,1.8321442604064941,0.0,0.0,4.405151741579175,7.322771998587996
0.041,23,2037706756,1.842715859413147,0.0,0.0,4.429240074008703,7.599246004247107
0.041,24,1572889065,1.838003158569336,0.0,0.0,4.388108505634591,7.587373009300791
0.041,25,1432881518,1.847768783569336,0.0,0.0,4.34522540285252,7.855900999857113
0.041,26,280516901,1.8148117065429688,0.0,0.0,4.361020396463573,7.714694002061151
0.041,27,205939248,1.8452309370040894,0.0,0.0,4.426279842387885,7.858147990191355
0.041,28,571904914,1.8163079023361206,0.0,0.0,4.460040006786585,7.587572996271774
0.041,29,948843457,1.8649154901504517,0.0,0.0,4.463161156279966,7.825089996913448
0.041,30,155492488,1.8570241928100586,0.0,0.0,4.337036825949326,7.397576991934329
0.041,31,1903701130,1.8351435661315918,0.0,0.0,4.413634688593447,10.043751011835411
0.041,32,1017961266,1.9025408029556274,0.0,0.0,4.285415833350271,7.270268004504032
0.041,33,1497769985,1.8404279947280884,0.0,0.0,4.445559923304245,12.14296898979228
0.041,34,456523489,1.832353949546814,0.0,0.0,4.39443989074789,7.298030002857558
0.041,35,701095136,1.864411473274231,0.0,0.0,4.381036543985829,7.247009998536669
0.041,36,249069576,1.8162789344787598,0.0,0.0,4.365944830235094,8.489440006087534
0.041,37,1576098728,1.866970419883728,0.0,0.0,4.4045913147274405,7.863215010729618
0.041,38,1662748500,1.8782627582550049,0.0,0.0,4.3748581488616765,7.690297003136948
0.041,39,472736216,1.8637235164642334,0.0,0.0,4.4210290145128965,7.543129002442583
0.041,40,1535411295,1.8442612886428833,0.0,0.0,4.367529314942658,7.471442004316486
0.041,41,175223003,1.814380168914795,0.0,0.0,4.4276008133310825,7.51566699182149
0.041,42,840936862,1.8230684995651245,0.0,0.0,4.38799356482923,7.421246002195403
0.041,43,343373188,1.8537720441818237,0.0,0.0,4.347657760372385,7.383554009720683
0.041,44,1597751082,1.8902812004089355,0.0,0.0,4.379137280862778,7.985755990375765
0.041,45,730359585,1.8696424961090088,0.0,0.0,4.3589596098754555,8.173499998520128
0.041,46,1016641002,1.8748703002929688,0.0,0.0,4.320377912372351,7.512240001233295
0.041,47,998994690,1.8142415285110474,0.0,0.0,4.421537902671844,7.918467003037222
0.041,48,1021240743,1.8636155128479004,0.0,0.0,4.413596560014412,7.385165998130105
0.041,49,572134801,1.8987923860549927,0.0,0.0,4.31629618559964,7.608405998325907
0.041,50,1198399760,1.8544148206710815,0.0,0.0,4.372397439554334,7.495172991184518
0.041,51,1751866485,1.8616530895233154,0.0,0.0,4.40758998808451,12.080022002919577
0.041,52,1070889713,1.8741888999938965,0.0,0.0,4.378234124742448,8.11868900200352
0.041,53,415096539,1.8468962907791138,0.0,0.0,4.4610949729103595,8.159737000823952
0.041,54,52416235,1.9303241968154907,0.0,0.0,4.2962591426912695,8.0185799888568
0.041,55,278032723,1.8449965715408325,0.0,0.0,4.334312148625031,7.605858991155401
0.041,56,174946158,1.841880440711975,0.0,0.0,4.4219619042705745,8.069410992902704
0.041,57,196848554,1.884223222732544,0.0,0.0,4.378641718998551,7.68348500423599
0.041,58,263030910,1.7913894653320312,0.0,0.0,4.438158435514197,7.9150460078381
0.041,59,1285415020,1.8175781965255737,0.0,0.0,4.412001092452556,7.906126993475482
0.041,60,1733223444,1.8053497076034546,0.0,0.0,4.385196021525189,7.161923989770003
0.041,61,1835544261,1.8380519151687622,0.0,0.0,4.397581424564123,7.969600992510095
0.041,62,1403186970,1.8314682245254517,0.0,0.0,4.336766978725791,7.3721160006243736
0.041,63,1291971777,1.777047038078308,0.0,0.0,4.375276293139905,7.730880999588408
0.041,64,712292067,1.7965620756149292,0.0,0.0,4.441898628370836,7.886362000135705
0.041,65,2001429764,1.8572381734848022,0.0,0.0,4.401090579107404,7.781419990351424
0.041,66,1375664061,1.8274823427200317,0.0,0.0,4.396781891351566,7.7287649910431355
0.041,67,1556456120,1.8914612531661987,0.0,0.0,4.442551163723692,7.6851240010000765
0.041,68,1576053187,1.8118157386779785,0.0,0.0,4.319120383588597,7.4449050007388
0.041,69,1848019881,1.8775464296340942,0.0,0.0,4.389010248938575,8.258618996478617
0.041,70,1508652585,1.8976553678512573,0.0,0.0,4.404055362567306,7.462636989657767
0.041,71,1995737731,1.8209331035614014,0.0,0.0,4.395940731046721,7.620264004799537
0.041,72,1162788447,1.8145554065704346,0.0,0.0,4.4221402877010405,7.63522599299904
0.041,73,1172925522,1.8744561672210693,0.0,0.0,4.3068301868624985,7.70182600535918
0.041,74,539174575,1.8790456056594849,0.0,0.0,4.426057433709502,7.410584992612712
0.041,75,2013637345,1.8197441101074219,0.0,0.0,4.376028978498653,7.567099004518241
0.041,76,1187468716,1.8725082874298096,0.0,0.0,4.367463337723166,7.5631620129570365
0.041,77,1062978506,1.8084863424301147,0.0,0.0,4.431407911935821,8.28147999709472
0.041,78,679326770,1.8591384887695312,0.0,0.0,4.405539734521881,7.819396996637806
0.041,79,587923432,1.829162836074829,0.0,0.0,4.499630704987794,7.805568995536305
0.041,80,1359889667,1.843171238899231,0.0,0.0,4.333520802203566,7.691387014347129
0.041,81,970187386,1.8404004573822021,0.0,0.0,4.413055280223489,7.248601003084332
0.041,82,1219839873,1.8270546197891235,0.0,0.0,4.439335142960772,7.774087993311696
0.041,83,1428160212,1.8314868211746216,0.0,0.0,4.448516903212294,7.674634005525149
0.041,84,1930609499,1.8457930088043213,0.0,0.0,4.310146139003336,8.303727998281829
0.041,85,710582861,1.8712058067321777,0.0,0.0,4.376393907703459,7.0078190037747845
0.041,86,1463614337,1.8275729417800903,0.0,0.0,4.3634739618282765,8.55041600880213
0.041,87,1940152705,1.850640892982483,0.0,0.0,4.363463161978871,7.572656992124394
0.041,88,985452196,1.8272322416305542,0.0,0.0,4.4112920318730175,7.5884920079261065
0.041,89,552062587,1.8985176086425781,0.0,0.0,4.304823552956805,7.645844991202466
0.041,90,623566272,1.8352760076522827,0.0,0.0,4.358246454736218,7.994801999302581
0.041,91,729775797,1.8407121896743774,0.0,0.0,4.456359213683754,8.12609400600195
0.041,92,1352536665,1.871838092803955,0.0,0.0,4.475652809487656,8.225454002968036
0.041,93,555883440,1.7979650497436523,0.0,0.0,4.400965834967792,7.624560006661341
0.041,94,1801800003,1.881467580795288,0.0,0.0,4.334687647409737,8.737855998333544
0.041,95,763315502,1.8748784065246582,0.0,0.0,4.445037065073848,7.552028997451998
0.041,96,138897982,1.8777562379837036,0.0,0.0,4.377281365450472,7.630811000126414
0.041,97,10785379,1.8379642963409424,0.0,0.0,4.449992217822,7.824147003702819
0.041,98,53923185,1.8304799795150757,0.0,0.0,4.404815817950293,7.569749999674968
0.041,99,1349917978,1.83753502368927,0.0,0.0,4.435575584182516,7.850158988730982
0.042,0,1501552845,1.843744158744812,0.0,0.0,4.375258105574176,7.376253997790627
0.042,1,488200390,1.8779571056365967,0.0,0.0,4.346723719500005,7.910568005172536
0.042,2,1693606510,1.827995777130127,0.0,0.0,4.400538470828906,7.695452994084917
0.042,3,680233354,1.8232011795043945,0.0,0.0,4.379119545454159,7.680676004383713
0.042,4,438466540,1.8410025835037231,0.0,0.0,4.44275917019695,7.353570996201597
0.042,5,1712329280,1.8812775611877441,0.0,0.0,4.357916223118082,8.151832997100428
0.042,6,1380152455,1.8577768802642822,0.0,0.0,4.355540148448199,7.855568997911178
0.042,7,1452245846,1.8919440507888794,0.0,0.0,4.398327782051638,7.918420000351034
0.042,8,2122694021,1.8535981178283691,0.0,0.0,4.477251823991537,7.686400989769027
0.042,9,839901363,1.8347046375274658,0.0,0.0,4.390070126624778,7.625174999702722
0.042,10,1802651552,1.7941466569900513,0.0,0.0,4.378699706168845,8.141546000842936
0.042,11,714712467,1.8593530654907227,0.0,0.0,4.358774344669655,7.578756005386822
0.042,12,1218704077,1.8514174222946167,0.0,0.0,4.442703855223954,7.47123001201544
0.042,13,1284858263,1.7609877586364746,0.0,0.0,4.494614079128951,7.441374997142702
0.042,14,457721135,1.8074275255203247,0.0,0.0,4.385523524368182,7.934269000543281
0.042,15,401008609,1.8377577066421509,0.0,0.0,4.407393695786595,7.573470997158438
0.042,16,492064534,1.828967571258545,0.0,0.0,4.421013075392693,7.543774001533166
0.042,17,1444732602,1.9042960405349731,0.0,0.0,4.388269764604047,7.303761987714097
0.042,18,1317426686,1.800969123840332,0.0,0.0,4.361128921853378,7.334109002840705
0.042,19,2022506251,1.8295575380325317,0.0,0.0,4.4417913868092,7.738846994470805
0.042,20,1516459118,1.8365107774734497,0.0,0.0,4.376253203256056,7.938358001410961
0.042,21,533103612,1.8098410367965698,0.0,0.0,4.427598861744627,7.226375993923284
0.042,22,1964759878,1.831677794456482,0.0,0.0,4.4086779723875225,8.335699996678159
0.042,23,2037706756,1.8448678255081177,0.0,0.0,4.429139292333275,7.459376007318497
0.042,24,1572889065,1.8421679735183716,0.0,0.0,4.389337984612212,7.693917999858968
0.042,25,1432881518,1.8500958681106567,0.0,0.0,4.334286040626466,7.431124002323486
0.042,26,280516901,1.8228167295455933,0.0,0.0,4.363666494609788,9.19886099291034
0.042,27,205939248,1.8455274105072021,0.0,0.0,4.4255240492057055,7.63681999524124
0.042,28,571904914,1.820876955986023,0.0,0.0,4.4465753603726625,7.353196997428313
0.042,29,948843457,1.8668649196624756,0.0,0.0,4.455539000220597,8.012721998966299
0.042,30,155492488,1.8518681526184082,0.0,0.0,4.339152048807591,7.4840019951807335
0.042,31,1903701130,1.8392210006713867,0.0,0.0,4.3950508332345635,7.40343400684651
0.042,32,1017961266,1.9101383686065674,0.0,0.0,4.289072737330571,7.651154010090977
0.042,33,1497769985,1.842692255973816,0.0,0.0,4.449894240126014,7.581885001854971
0.042,34,456523489,1.8343969583511353,0.0,0.0,4.392930198227987,7.636502006789669
0.042,35,701095136,1.868080735206604,0.0,0.0,4.378125858260319,7.914707995951176
0.042,36,249069576,1.81913161277771,0.0,0.0,4.367470800876617,7.955617998959497
0.042,37,1576098728,1.8755923509597778,0.0,0.0,4.3893176226411015,7.3547889915062115
0.042,38,1662748500,1.8885051012039185,0.0,0.0,4.376790104433894,8.038835003389977
0.042,39,472736216,1.8674490451812744,0.0,0.0,4.4153532513882965,7.224185988889076
0.042,40,1535411295,1.8394421339035034,0.0,0.0,4.359430667711422,7.5766480003949255
0.042,41,175223003,1.8188388347625732,0.0,0.0,4.432989803608507,7.31806100520771
0.042,42,840936862,1.826810359954834,0.0,0.0,4.397307069739327,8.090121002169326
0.042,43,343373188,1.8543516397476196,0.0,0.0,4.348864727886394,7.788436007103883
0.042,44,1597751082,1.9008291959762573,0.0,0.0,4.3730750198010355,7.2944770072354
0.042,45,730359585,1.876554012298584,0.0,0.0,4.348693721927702,7.336798997130245
0.042,46,1016641002,1.8759911060333252,0.0,0.0,4.310251879505813,8.467653999105096
0.042,47,998994690,1.8169723749160767,0.0,0.0,4.424037531251088,7.943370001157746
0.042,48,1021240743,1.8621608018875122,0.0,0.0,4.4156172156799585,8.337129998835735
0.042,49,572134801,1.9028421640396118,0.0,0.0,4.322622886393219,7.682113006012514
0.042,50,1198399760,1.857818603515625,0.0,0.0,4.378736241022125,7.5519859965424985
0.042,51,1751866485,1.8656344413757324,0.0,0.0,4.407989982748404,7.463793008355424
0.042,52,1070889713,1.8753199577331543,0.0,0.0,4.3646778429392725,8.018731998163275
0.042,53,415096539,1.8419983386993408,0.0,0.0,4.4593437924049795,7.601165998494253
0.042,54,52416235,1.9365569353103638,0.0,0.0,4.297951876185834,7.379429996944964
0.042,55,278032723,1.846699595451355,0.0,0.0,4.336439347825944,7.707301992923021
0.042,56,174946158,1.8447458744049072,0.0,0.0,4.4231260525994,9.041507000802085
0.042,57,196848554,1.8841190338134766,0.0,0.0,4.37596647371538,7.1159010112751275
0.042,58,263030910,1.7923638820648193,0.0,0.0,4.440303977346048,7.803574000718072
0.042,59,1285415020,1.8203775882720947,0.0,0.0,4.415395605377853,7.854165000026114
0.042,60,1733223444,1.807922124862671,0.0,0.0,4.390548673458397,7.950630009872839
0.042,61,1835544261,1.8406671285629272,0.0,0.0,4.397484240820631,8.041858003707603
0.042,62,1403186970,1.815372347831726,0.0,0.0,4.350655404385179,7.818004989530891
0.042,63,1291971777,1.778087854385376,0.0,0.0,4.380456116516143,7.585573999676853
0.042,64,712292067,1.78398597240448,0.0,0.0,4.430425183614716,7.615268012159504
0.042,65,2001429764,1.8665814399719238,0.0,0.0,4.407489529345185,8.095581011730246
0.042,66,1375664061,1.8303806781768799,0.0,0.0,4.358728666091338,7.321344004594721
0.042,67,1556456120,1.8841978311538696,0.0,0.0,4.416067230515182,7.960969000123441
0.042,68,1576053187,1.8190397024154663,0.0,0.0,4.3313169160392135,7.32287899882067
0.042,69,1848019881,1.8823317289352417,0.0,0.0,4.374604374635965,7.819850012310781
0.042,70,1508652585,1.9001493453979492,0.0,0.0,4.385998590383679,7.677924993913621
0.042,71,1995737731,1.8231267929077148,0.0,0.0,4.398732365807518,7.702392002101988
0.042,72,1162788447,1.80991792678833,0.0,0.0,4.421331548597664,7.834493997506797
0.042,73,1172925522,1.8779922723770142,0.0,0.0,4.304564023157582,7.856875003199093
0.042,74,539174575,1.8789979219436646,0.0,0.0,4.425485791172832,8.061109998379834
0.042,75,2013637345,1.821853518486023,0.0,0.0,4.379419039934874,7.176641011028551
0.042,76,1187468716,1.8793580532073975,0.0,0.0,4.351227667881176,7.971599989105016
0.042,77,1062978506,1.8110512495040894,0.0,0.0,4.417208919301629,7.996137996087782
0.042,78,679326770,1.8553141355514526,0.0,0.0,4.405766418902203,7.676263994653709
0.042,79,587923432,1.823299527168274,0.0,0.0,4.499297836795449,7.824663000064902
0.042,80,1359889667,1.8374760150909424,0.0,0.0,4.333576163044199,7.992484999704175
0.042,81,970187386,1.846070408821106,0.0,0.0,4.415850828168914,7.651599997188896
0.042,82,1219839873,1.8249982595443726,0.0,0.0,4.427344238618389,8.181177006918006
0.042,83,1428160212,1.8375569581985474,0.0,0.0,4.4328968855552375,7.520793995354325
0.042,84,1930609499,1.858779788017273,0.0,0.0,4.322530352976173,7.670648992643692
0.042,85,710582861,1.8752812147140503,0.0,0.0,4.378941892646253,7.486883012461476
0.042,86,1463614337,1.8322378396987915,0.0,0.0,4.346193691249937,8.244179000030272
0.042,87,1940152705,1.8382594585418701,0.0,0.0,4.3406407427974045,7.694594998611137
0.042,88,985452196,1.8303381204605103,0.0,0.0,4.393379779532552,7.806979003362358
0.042,89,552062587,1.9030193090438843,0.0,0.0,4.313325461233035,7.234710996272042
0.042,90,623566272,1.8443357944488525,0.0,0.0,4.3488396354950964,7.422463997500017
0.042,91,729775797,1.8434633016586304,0.0,0.0,4.462240542983636,7.354222994763404
0.042,92,1352536665,1.8734760284423828,0.0,0.0,4.477427451405674,8.459499003947712
0.042,93,555883440,1.803253412246704,0.0,0.0,4.3893088542390615,7.590947003336623
0.042,94,1801800003,1.8852369785308838,0.0,0.0,4.336063513532281,7.8745560022071
0.042,95,763315502,1.8759690523147583,0.0,0.0,4.446235235547647,7.6261569920461625
0.042,96,138897982,1.8814377784729004,0.0,0.0,4.359843717189506,7.705373005592264
0.042,97,10785379,1.839354395866394,0.0,0.0,4.455650779418647,7.884041988290846
0.042,98,53923185,1.8365355730056763,0.0,0.0,4.404443858889863,7.6837219967273995
0.042,99,1349917978,1.8404442071914673,0.0,0.0,4.419813563115895,7.232555988593958
0.043,0,1501552845,1.8462315797805786,0.0,0.0,4.357884516939521,7.619900003192015
0.043,1,488200390,1.889665126800537,0.0,0.0,4.347892367746681,7.409823010675609
0.043,2,1693606510,1.8303420543670654,0.0,0.0,4.400606009410694,7.277619995875284
0.043,3,680233354,1.8258001804351807,0.0,0.0,4.362948243273422,7.536802993854508
0.043,4,438466540,1.8380513191223145,0.0,0.0,4.442167266272008,8.1675599940354
0.043,5,1712329280,1.8841149806976318,0.0,0.0,4.365511233685538,7.326709004701115
0.043,6,1380152455,1.8624765872955322,0.0,0.0,4.357638167683035,8.010171994101256
0.043,7,1452245846,1.8959367275238037,0.0,0.0,4.401044625788927,8.152510999934748
0.043,8,2122694021,1.854982614517212,0.0,0.0,4.480166225228459,7.809194998117164
0.043,9,839901363,1.8323115110397339,0.0,0.0,4.392471918370575,7.800051986123435
0.043,10,1802651552,1.7944252490997314,0.0,0.0,4.3797285875771195,7.26247500278987
0.043,11,714712467,1.8613258600234985,0.0,0.0,4.364696030970663,7.780619009281509
0.043,12,1218704077,1.8482980728149414,0.0,0.0,4.44300050730817,7.572772010462359
0.043,13,1284858263,1.7652298212051392,0.0,0.0,4.49717227765359,14.456297998549417
0.043,14,457721135,1.8139021396636963,0.0,0.0,4.382043984020129,7.870971006923355
0.043,15,401008609,1.8427889347076416,0.0,0.0,4.397121348185465,7.733113001449965
0.043,16,492064534,1.8302892446517944,0.0,0.0,4.418831844814122,7.430202997056767
0.043,17,1444732602,1.909307837486267,0.0,0.0,4.398939446778968,7.437325999489985
0.043,18,1317426686,1.805878758430481,0.0,0.0,4.365373078268021,7.674602995393798
0.043,19,2022506251,1.8309344053268433,0.0,0.0,4.4271266418509185,7.5464770052349195
0.043,20,1516459118,1.8400993347167969,0.0,0.0,4.382928328821436,7.521059000282548
0.043,21,533103612,1.8132116794586182,0.0,0.0,4.427101191831753,8.387339999899268
0.043,22,1964759878,1.832423210144043,0.0,0.0,4.410387652227655,7.949014994665049
0.043,23,2037706756,1.8473074436187744,0.0,0.0,4.421454992843792,7.78615300077945
0.043,24,1572889065,1.8425220251083374,0.0,0.0,4.39115362521261,7.7196469937916845
0.043,25,1432881518,1.8547356128692627,0.0,0.0,4.340127655304968,7.309288994292729
0.043,26,280516901,1.825906753540039,0.0,0.0,4.366658275248483,8.235048997448757
0.043,27,205939248,1.8603010177612305,0.0,0.0,4.429734345525503,8.020310997380875
0.043,28,571904914,1.8244311809539795,0.0,0.0,4.450660899979994,7.69269400916528
0.043,29,948843457,1.8709884881973267,0.0,0.0,4.454236924182624,7.953328007715754
0.043,30,155492488,1.8541908264160156,0.0,0.0,4.331367539940402,7.7550309943035245
0.043,31,1903701130,1.843326210975647,0.0,0.0,4.397716391598806,7.708552002441138
0.043,32,1017961266,1.9175879955291748,0.0,0.0,4.289493915857747,8.415208998485468
0.043,33,1497769985,1.8440989255905151,0.0,0.0,4.415314000332728,7.31117399118375
0.043,34,456523489,1.8446683883666992,0.0,0.0,4.398634965764359,8.001056994544342
0.043,35,701095136,1.865858554840088,0.0,0.0,4.377656664000824,7.5269950029905885
0.043,36,249069576,1.823801875114441,0.0,0.0,4.352672837907448,7.780626998282969
0.043,37,1576098728,1.8722234964370728,0.0,0.0,4.3892890880815685,7.683364994591102
0.043,38,1662748500,1.8889774084091187,0.0,0.0,4.368577615823597,7.160762004787102
0.043,39,472736216,1.8700062036514282,0.0,0.0,4.418877404183149,7.829433990991674
0.043,40,1535411295,1.8429913520812988,0.0,0.0,4.364142548060045,7.455812010448426
0.043,41,175223003,1.8230887651443481,0.0,0.0,4.435448704054579,7.676684996113181
0.043,42,840936862,1.8324403762817383,0.0,0.0,4.379379061050713,7.244809006806463
0.043,43,343373188,1.8564258813858032,0.0,0.0,4.340797893702984,7.85382000321988
0.043,44,1597751082,1.9032392501831055,0.0,0.0,4.378558699507266,7.369282000581734
0.043,45,730359585,1.8785338401794434,0.0,0.0,4.338775561423972,8.112278999760747
0.043,46,1016641002,1.8795909881591797,0.0,0.0,4.297400070121512,7.158933003665879
0.043,47,998994690,1.816427230834961,0.0,0.0,4.423900813795626,7.649838997167535
0.043,48,1021240743,1.8648868799209595,0.0,0.0,4.416320512536913,7.66709100571461
0.043,49,572134801,1.9032241106033325,0.0,0.0,4.323689705692232,8.431876005488448
0.043,50,1198399760,1.861106276512146,0.0,0.0,4.375527315307409,7.674335007322952
0.043,51,1751866485,1.8669852018356323,0.0,0.0,4.412558222655207,7.4436139984754845
0.043,52,1070889713,1.8715580701828003,0.0,0.0,4.367360512260348,7.605007995152846
0.043,53,415096539,1.8445816040039062,0.0,0.0,4.459717622259632,7.886667997809127
0.043,54,52416235,1.940687656402588,0.0,0.0,4.3034518144559115,7.517619000282139
0.043,55,278032723,1.8528954982757568,0.0,0.0,4.337209356250241,7.63505999930203
0.043,56,174946158,1.8379759788513184,0.0,0.0,4.421094245510176,7.617240000399761
0.043,57,196848554,1.8866134881973267,0.0,0.0,4.377565316623077,7.853604998672381
0.043,58,263030910,1.7632691860198975,0.0,0.0,4.483021879103035,7.638996990863234
0.043,59,1285415020,1.8243517875671387,0.0,0.0,4.421586411539465,7.693801991990767
0.043,60,1733223444,1.8098969459533691,0.0,0.0,4.392140463693067,7.812183001078665
0.043,61,1835544261,1.8431930541992188,0.0,0.0,4.38352550053969,7.606423998367973
0.043,62,1403186970,1.824061632156372,0.0,0.0,4.348681218689308,7.927309998194687
0.043,63,1291971777,1.781059741973877,0.0,0.0,4.38398852897808,7.663919997867197
0.043,64,712292067,1.8007235527038574,0.0,0.0,4.430929630063474,7.803426997270435
0.043,65,2001429764,1.8707138299942017,0.0,0.0,4.403995201224461,7.295149000128731
0.043,66,1375664061,1.8338632583618164,0.0,0.0,4.359631731407717,8.115368997096084
0.043,67,1556456120,1.8859872817993164,0.0,0.0,4.422191591700539,7.427528995322064
0.043,68,1576053187,1.8224728107452393,0.0,0.0,4.324256889522076,7.9397319932468235
0.043,69,1848019881,1.8890358209609985,0.0,0.0,4.378157999366522,7.829645008314401
0.043,70,1508652585,1.9080804586410522,0.0,0.0,4.379254368133843,7.834243995603174
0.043,71,1995737731,1.8247523307800293,0.0,0.0,4.3960463530384,7.612594999955036
0.043,72,1162788447,1.8072466850280762,0.0,0.0,4.421297537628561,7.61513999896124
0.043,73,1172925522,1.8624886274337769,0.0,0.0,4.306857719551772,7.619277996127494
0.043,74,539174575,1.8815327882766724,0.0,0.0,4.430452200118452,7.8424870007438585
0.043,75,2013637345,1.8242168426513672,0.0,0.0,4.381038331659511,8.0033900012495
0.043,76,1187468716,1.8823782205581665,0.0,0.0,4.33955498225987,7.6110049994895235
0.043,77,1062978506,1.8181602954864502,0.0,0.0,4.424124630633742,7.7224639971973374
0.043,78,679326770,1.8554106950759888,0.0,0.0,4.408157567027956,8.0311299971072
0.043,79,587923432,1.835564374923706,0.0,0.0,4.482787678251043,7.928626000648364
0.043,80,1359889667,1.8447649478912354,0.0,0.0,4.342221597209573,7.589323009597138
0.043,81,970187386,1.850231647491455,0.0,0.0,4.419221964664757,7.544066000264138
0.043,82,1219839873,1.8300764560699463,0.0,0.0,4.409349778899923,7.588766995468177
0.043,83,1428160212,1.8280391693115234,0.0,0.0,4.461685633286834,7.537783007137477
0.043,84,1930609499,1.8559006452560425,0.0,0.0,4.324425249826163,7.724805996986106
0.043,85,710582861,1.8835870027542114,0.0,0.0,4.368782455101609,7.848341003409587
0.043,86,1463614337,1.8354120254516602,0.0,0.0,4.355437075486407,7.654182001715526
0.043,87,1940152705,1.8551502227783203,0.0,0.0,4.340811659581959,7.449414988514036
0.043,88,985452196,1.8358267545700073,0.0,0.0,4.391436839941889,7.739544991636649
0.043,89,552062587,1.9016529321670532,0.0,0.0,4.319908536970615,7.74771100259386
0.043,90,623566272,1.8424479961395264,0.0,0.0,4.34826524509117,7.903100005933084
0.043,91,729775797,1.8378429412841797,0.0,0.0,4.456771370023489,7.363153010373935
0.043,92,1352536665,1.8804304599761963,0.0,0.0,4.466596926096827,7.790564006427303
0.043,93,555883440,1.7970167398452759,0.0,0.0,4.40366383572109,7.885626997449435
0.043,94,1801800003,1.8845146894454956,0.0,0.0,4.333975356770679,7.71272300335113
0.043,95,763315502,1.8840222358703613,0.0,0.0,4.436724176630378,7.844049992854707
0.043,96,138897982,1.8859577178955078,0.0,0.0,4.363000670680776,7.660880000912584
0.043,97,10785379,1.822176218032837,0.0,0.0,4.460220071719959,7.382979994872585
0.043,98,53923185,1.8429577350616455,0.0,0.0,4.410752195632085,7.43413700547535
0.043,99,1349917978,1.8466547727584839,0.0,0.0,4.423227648483589,7.396053988486528
0.044,0,1501552845,1.8482524156570435,0.0,0.0,4.379083110019565,8.078099999693222
0.044,1,488200390,1.8985193967819214,0.0,0.0,4.353969153482467,7.518117010476999
0.044,2,1693606510,1.8329782485961914,0.0,0.0,4.385049188975245,7.836314995074645
0.044,3,680233354,1.8279441595077515,0.0,0.0,4.366528221173212,8.84813698939979
0.044,4,438466540,1.8034601211547852,0.0,0.0,4.457166967447847,7.704543997533619
0.044,5,1712329280,1.891479253768921,0.0,0.0,4.369926595361903,7.909323991043493
0.044,6,1380152455,1.86349618434906,0.0,0.0,4.360322862863541,7.546595996245742
0.044,7,1452245846,1.8993459939956665,0.0,0.0,4.402729648631066,7.293461996596307
0.044,8,2122694021,1.8654284477233887,0.0,0.0,4.476778703043237,7.526182002038695
0.044,9,839901363,1.8336244821548462,0.0,0.0,4.396042689681053,7.933492001029663
0.044,10,1802651552,1.7961304187774658,0.0,0.0,4.382772181881592,7.859792007366195
0.044,11,714712467,1.8537360429763794,0.0,0.0,4.360810874495655,7.888473002822138
0.044,12,1218704077,1.8521392345428467,0.0,0.0,4.445928302127868,7.427018994349055
0.044,13,1284858263,1.7674474716186523,0.0,0.0,4.49781460640952,7.6839829998789355
0.044,14,457721135,1.8172715902328491,0.0,0.0,4.388940147124231,7.701722002821043
0.044,15,401008609,1.8458943367004395,0.0,0.0,4.39668520190753,10.008650002419017
0.044,16,492064534,1.8360199928283691,0.0,0.0,4.4066192677710205,7.182781002484262
0.044,17,1444732602,1.9116718769073486,0.0,0.0,4.387182206148282,7.623251993209124
0.044,18,1317426686,1.8125749826431274,0.0,0.0,4.371289113769308,7.9387610021512955
0.044,19,2022506251,1.8334267139434814,0.0,0.0,4.4265355376992375,8.088525995844975
0.044,20,1516459118,1.845320701599121,0.0,0.0,4.386032774113119,9.939527008100413
0.044,21,533103612,1.8170963525772095,0.0,0.0,4.428424427751452,7.951086008688435
0.044,22,1964759878,1.834514856338501,0.0,0.0,4.411279606167227,7.779252002364956
0.044,23,2037706756,1.8510351181030273,0.0,0.0,4.434912122786045,7.426672003930435
0.044,24,1572889065,1.8401896953582764,0.0,0.0,4.393516100710258,8.028002994251437
0.044,25,1432881518,1.8574947118759155,0.0,0.0,4.3401717592496425,12.780047007254325
0.044,26,280516901,1.830812931060791,0.0,0.0,4.3488467738498,7.945040997583419
0.044,27,205939248,1.8623321056365967,0.0,0.0,4.432102683465928,7.395680004265159
0.044,28,571904914,1.8300927877426147,0.0,0.0,4.456044126302004,7.909477004432119
0.044,29,948843457,1.8766186237335205,0.0,0.0,4.457699939608574,7.195713013061322
0.044,30,155492488,1.8513035774230957,0.0,0.0,4.341736624017358,8.56014598684851
0.044,31,1903701130,1.846996545791626,0.0,0.0,4.399826690321788,8.083291992079467
0.044,32,1017961266,1.9216221570968628,0.0,0.0,4.286264539230615,7.52525900315959
0.044,33,1497769985,1.8493554592132568,0.0,0.0,4.405368423787877,7.41534199914895
0.044,34,456523489,1.850090503692627,0.0,0.0,4.400975879281759,7.6692769944202155
0.044,35,701095136,1.8751847743988037,0.0,0.0,4.383213323773816,7.774856989271939
0.044,36,249069576,1.8234941959381104,0.0,0.0,4.352091624168679,7.497539991163649
0.044,37,1576098728,1.8809142112731934,0.0,0.0,4.379958896897733,7.748286006972194
0.044,38,1662748500,1.8950737714767456,0.0,0.0,4.36742481822148,7.733532998827286
0.044,39,472736216,1.873248815536499,0.0,0.0,4.402728293323889,7.936152003821917
0.044,40,1535411295,1.8480310440063477,0.0,0.0,4.36725118290633,7.907088001957163
0.044,41,175223003,1.8254823684692383,0.0,0.0,4.437260407023132,7.926522011985071
0.044,42,840936862,1.8339115381240845,0.0,0.0,4.377464891877025,7.783841007039882
0.044,43,343373188,1.8621042966842651,0.0,0.0,4.346343503566459,7.2885110130300745
0.044,44,1597751082,1.9072930812835693,0.0,0.0,4.374848352046683,7.760052001685835
0.044,45,730359585,1.873556137084961,0.0,0.0,4.353780153207481,7.877647003624588
0.044,46,1016641002,1.8834810256958008,0.0,0.0,4.296984959859401,7.999812994967215
0.044,47,998994690,1.826438546180725,0.0,0.0,4.411438938463107,7.373839995125309
0.044,48,1021240743,1.8722763061523438,0.0,0.0,4.41251784353517,7.6305160037009045
0.044,49,572134801,1.9001543521881104,0.0,0.0,4.325455808546394,7.514789002016187
0.044,50,1198399760,1.8633356094360352,0.0,0.0,4.378661172930151,7.633061992237344
0.044,51,1751866485,1.8720800876617432,0.0,0.0,4.392431550426409,7.572957998490892
0.044,52,1070889713,1.8716464042663574,0.0,0.0,4.36574422288686,7.585432002088055
0.044,53,415096539,1.8573588132858276,0.0,0.0,4.450368679128587,8.296922009321861
0.044,54,52416235,1.9417744874954224,0.0,0.0,4.306429119547829,7.443741997121833
0.044,55,278032723,1.8558380603790283,0.0,0.0,4.336434042546898,7.911310996860266
0.044,56,174946158,1.8444586992263794,0.0,0.0,4.424945240141824,7.17318500392139
0.044,57,196848554,1.8907674551010132,0.0,0.0,4.3741095806472,7.898195006418973
0.044,58,263030910,1.7254785299301147,0.0,0.0,4.513623891631141,7.775359001243487
0.044,59,1285415020,1.8283071517944336,0.0,0.0,4.409910279326141,7.432916987454519
0.044,60,1733223444,1.8130404949188232,0.0,0.0,4.3943890009541065,7.3356069915462285
0.044,61,1835544261,1.8462090492248535,0.0,0.0,4.385830326471478,7.792115997290239
0.044,62,1403186970,1.8287768363952637,0.0,0.0,4.35723821260035,7.846152002457529
0.044,63,1291971777,1.7882269620895386,0.0,0.0,4.363683389266953,7.66799200209789
0.044,64,712292067,1.7938454151153564,0.0,0.0,4.433145174989477,7.573056995170191
0.044,65,2001429764,1.874609112739563,0.0,0.0,4.407254725927487,8.084287997917272
0.044,66,1375664061,1.8373639583587646,0.0,0.0,4.359491530340165,7.591989007778466
0.044,67,1556456120,1.8863238096237183,0.0,0.0,4.423726105829701,7.369541999651119
0.044,68,1576053187,1.8235623836517334,0.0,0.0,4.329110730206594,7.340697004110552
0.044,69,1848019881,1.892257809638977,0.0,0.0,4.381664432585239,7.543118001194671
0.044,70,1508652585,1.9086086750030518,0.0,0.0,4.383161262609065,7.852484995964915
0.044,71,1995737731,1.8291449546813965,0.0,0.0,4.392812607809901,7.505774992750958
0.044,72,1162788447,1.810104489326477,0.0,0.0,4.425132647156715,7.965556011185981
0.044,73,1172925522,1.848806381225586,0.0,0.0,4.310460441280156,8.036679995711893
0.044,74,539174575,1.8851410150527954,0.0,0.0,4.417027818737552,7.5357149908086285
0.044,75,2013637345,1.8269095420837402,0.0,0.0,4.385540395975113,7.709979006904177
0.044,76,1187468716,1.8869315385818481,0.0,0.0,4.342448820825666,7.917481998447329
0.044,77,1062978506,1.8179923295974731,0.0,0.0,4.425312651088461,7.375019995379262
0.044,78,679326770,1.8600409030914307,0.0,0.0,4.3977058560121804,7.603392994496971
0.044,79,587923432,1.8385473489761353,0.0,0.0,4.479689781088382,7.93865199375432
0.044,80,1359889667,1.8391865491867065,0.0,0.0,4.339041622821242,7.414920997689478
0.044,81,970187386,1.854414701461792,0.0,0.0,4.417239509522915,7.881119003286585
0.044,82,1219839873,1.8306903839111328,0.0,0.0,4.409924984443933,7.438427011948079
0.044,83,1428160212,1.8327713012695312,0.0,0.0,4.444628319935873,46.508400002494454
0.044,84,1930609499,1.8490946292877197,0.0,0.0,4.322862537112087,7.556258991826326
0.044,85,710582861,1.8828604221343994,0.0,0.0,4.36741729429923,8.015937011805363
0.044,86,1463614337,1.8559989929199219,0.0,0.0,4.358300195541233,8.136557007674128
0.044,87,1940152705,1.844450831413269,0.0,0.0,4.340134172467515,7.462042005499825
0.044,88,985452196,1.8376537561416626,0.0,0.0,4.395124634262174,7.791673997417092
0.044,89,552062587,1.90190851688385,0.0,0.0,4.321416109567508,7.52186898898799
0.044,90,623566272,1.8483918905258179,0.0,0.0,4.355489765293896,7.435138992150314
0.044,91,729775797,1.8410050868988037,0.0,0.0,4.447705728467554,7.238930003950372
0.044,92,1352536665,1.8787533044815063,0.0,0.0,4.46761400368996,7.4864139896817505
0.044,93,555883440,1.7956018447875977,0.0,0.0,4.391479011857882,7.90164599311538
0.044,94,1801800003,1.892671823501587,0.0,0.0,4.318947843043134,7.210760988527909
0.044,95,763315502,1.896187424659729,0.0,0.0,4.440525836311281,7.353699998930097
0.044,96,138897982,1.884525179862976,0.0,0.0,4.364159004995599,7.288174994755536
0.044,97,10785379,1.851289987564087,0.0,0.0,4.452265156200156,7.660907998797484
0.044,98,53923185,1.8493996858596802,0.0,0.0,4.390262276865542,7.924222998553887
0.044,99,1349917978,1.8492045402526855,0.0,0.0,4.427796855568886,7.8347350063268095
0.045,0,1501552845,1.8510091304779053,0.0,0.0,4.380912171676755,7.8912269964348525
0.045,1,488200390,1.9115842580795288,0.0,0.0,4.362676143879071,7.44345600833185
0.045,2,1693606510,1.8389396667480469,0.0,0.0,4.37957901484333,7.877134004957043
0.045,3,680233354,1.8285932540893555,0.0,0.0,4.35402994020842,7.171747987740673
0.045,4,438466540,1.8016501665115356,0.0,0.0,4.4656915760133415,7.742496993159875
0.045,5,1712329280,1.8943825960159302,0.0,0.0,4.370484051993117,7.722923997789621
0.045,6,1380152455,1.8724216222763062,0.0,0.0,4.363413735525683,7.921184005681425
0.045,7,1452245846,1.9055149555206299,0.0,0.0,4.408600305207074,7.350431988015771
0.045,8,2122694021,1.8494949340820312,0.0,0.0,4.461067098425701,9.266702996683307
0.045,9,839901363,1.834781527519226,0.0,0.0,4.39699375606142,7.411698010400869
0.045,10,1802651552,1.8009427785873413,0.0,0.0,4.388152414234355,7.795494006131776
0.045,11,714712467,1.854567050933838,0.0,0.0,4.351753835566342,7.45682799606584
0.045,12,1218704077,1.854479432106018,0.0,0.0,4.453002778114751,7.835854004952125
0.045,13,1284858263,1.7712371349334717,0.0,0.0,4.500099905999377,8.010359000763856
0.045,14,457721135,1.821265459060669,0.0,0.0,4.378673666389659,7.523074993514456
0.045,15,401008609,1.8472511768341064,0.0,0.0,4.398546040756628,8.248935992014594
0.045,16,492064534,1.8428195714950562,0.0,0.0,4.41108918027021,7.913110996014439
0.045,17,1444732602,1.9159464836120605,0.0,0.0,4.385751708876342,7.897600007709116
0.045,18,1317426686,1.8250113725662231,0.0,0.0,4.3630278815981,8.113432006211951
0.045,19,2022506251,1.8368273973464966,0.0,0.0,4.421108106849715,7.895850998465903
0.045,20,1516459118,1.8191038370132446,0.0,0.0,4.410805033985525,7.679882997763343
0.045,21,533103612,1.80841064453125,0.0,0.0,4.424833568511531,7.842068996978924
0.045,22,1964759878,1.8355711698532104,0.0,0.0,4.411954618059099,8.05355999909807
0.045,23,2037706756,1.8562922477722168,0.0,0.0,4.4356731756124645,8.029274991713464
0.045,24,1572889065,1.8417941331863403,0.0,0.0,4.394242586567998,7.394386004307307
0.045,25,1432881518,1.862798810005188,0.0,0.0,4.327840075129643,7.634939000126906
0.045,26,280516901,1.8356150388717651,0.0,0.0,4.354477632557973,7.6914520032005385
0.045,27,205939248,1.866418480873108,0.0,0.0,4.439323075814173,7.689240999752656
0.045,28,571904914,1.831434726715088,0.0,0.0,4.442492930917069,7.389827005681582
0.045,29,948843457,1.8788584470748901,0.0,0.0,4.439674098044634,7.629208994330838
0.045,30,155492488,1.8533189296722412,0.0,0.0,4.334991795010865,7.905691003543325
0.045,31,1903701130,1.8492437601089478,0.0,0.0,4.403231219854206,7.592553010908887
0.045,32,1017961266,1.916286587715149,0.0,0.0,4.286383936647326,7.535073993494734
0.045,33,1497769985,1.850277304649353,0.0,0.0,4.409086493309587,7.57759899715893
0.045,34,456523489,1.8562068939208984,0.0,0.0,4.403388397535309,7.762731998809613
0.045,35,701095136,1.8776832818984985,0.0,0.0,4.3820748082362115,7.37992899667006
0.045,36,249069576,1.8238091468811035,0.0,0.0,4.357644158648327,7.521608000388369
0.045,37,1576098728,1.8859894275665283,0.0,0.0,4.380024675512686,7.930030013085343
0.045,38,1662748500,1.9036295413970947,0.0,0.0,4.377189666032791,7.733316000667401
0.045,39,472736216,1.875253677368164,0.0,0.0,4.406055910745636,7.78238799830433
0.045,40,1535411295,1.853753924369812,0.0,0.0,4.371916054980829,7.800444000167772
0.045,41,175223003,1.8271948099136353,0.0,0.0,4.440074389567599,7.366272999206558
0.045,42,840936862,1.8375933170318604,0.0,0.0,4.369350361637771,7.638453986146487
0.045,43,343373188,1.8648929595947266,0.0,0.0,4.348733879625797,7.241630999487825
0.045,44,1597751082,1.9106168746948242,0.0,0.0,4.377149240113795,8.064972003921866
0.045,45,730359585,1.8770968914031982,0.0,0.0,4.356924690073356,7.379613991361111
0.045,46,1016641002,1.8848341703414917,0.0,0.0,4.296659418614581,7.933184009743854
0.045,47,998994690,1.826987624168396,0.0,0.0,4.412443376844749,7.553040006314404
0.045,48,1021240743,1.8856581449508667,0.0,0.0,4.3854957623407245,7.411400001728907
0.045,49,572134801,1.907999038696289,0.0,0.0,4.324897151906043,7.447928001056425
0.045,50,1198399760,1.8701854944229126,0.0,0.0,4.39040042925626,7.529364011134021
0.045,51,1751866485,1.8698498010635376,0.0,0.0,4.392672206042334,7.6007879979442805
0.045,52,1070889713,1.8744902610778809,0.0,0.0,4.367528184317052,7.552366994787008
0.045,53,415096539,1.8353602886199951,0.0,0.0,4.449201316572726,8.073864999460056
0.045,54,52416235,1.9493528604507446,0.0,0.0,4.294959443388507,7.650283994735219
0.045,55,278032723,1.8586041927337646,0.0,0.0,4.333420870127156,7.68674400751479
0.045,56,174946158,1.8460848331451416,0.0,0.0,4.426558630540967,7.6664539956254885
0.045,57,196848554,1.8910973072052002,0.0,0.0,4.376812484115362,7.602045006933622
0.045,58,263030910,1.7721835374832153,0.0,0.0,4.494705492863432,7.534028001828119
0.045,59,1285415020,1.8312851190567017,0.0,0.0,4.390503866132349,7.510356997954659
0.045,60,1733223444,1.8191936016082764,0.0,0.0,4.403132662875578,7.710653997492045
0.045,61,1835544261,1.831553339958191,0.0,0.0,4.389645661693066,7.697401000768878
0.045,62,1403186970,1.8270783424377441,0.0,0.0,4.362398305442184,9.059713003807701
0.045,63,1291971777,1.7783081531524658,0.0,0.0,4.388844022294506,7.821309991413727
0.045,64,712292067,1.7999759912490845,0.0,0.0,4.428808234166354,7.709552999585867
0.045,65,2001429764,1.878460168838501,0.0,0.0,4.394570604432374,7.605986000271514
0.045,66,1375664061,1.8420714139938354,0.0,0.0,4.3583075175993145,7.747552008368075
0.045,67,1556456120,1.8915754556655884,0.0,0.0,4.412886928068474,7.728404001682065
0.045,68,1576053187,1.8242441415786743,0.0,0.0,4.3353214133530855,7.500325998989865
0.045,69,1848019881,1.8982276916503906,0.0,0.0,4.374655103310943,7.307024992769584
0.045,70,1508652585,1.9108655452728271,0.0,0.0,4.384868600638583,8.134203002555296
0.045,71,1995737731,1.8344169855117798,0.0,0.0,4.374381365021691,7.685495991609059
0.045,72,1162788447,1.8319664001464844,0.0,0.0,4.401901013916358,7.781539999996312
0.045,73,1172925522,1.8457857370376587,0.0,0.0,4.313474777620286,7.607575011206791
0.045,74,539174575,1.8896392583847046,0.0,0.0,4.417293013306335,8.094032004009932
0.045,75,2013637345,1.831147313117981,0.0,0.0,4.3878918283153325,7.765603004372679
0.045,76,1187468716,1.9025797843933105,0.0,0.0,4.354267398593947,7.393640989903361
0.045,77,1062978506,1.8203476667404175,0.0,0.0,4.430863408837467,7.9493370139971375
0.045,78,679326770,1.8683092594146729,0.0,0.0,4.401975926477462,7.518974001868628
0.045,79,587923432,1.8457704782485962,0.0,0.0,4.478736058343202,7.371069004875608
0.045,80,1359889667,1.849339485168457,0.0,0.0,4.331465307855979,7.645935998880304
0.045,81,970187386,1.8600962162017822,0.0,0.0,4.420705274911597,7.71503199939616
0.045,82,1219839873,1.8372979164123535,0.0,0.0,4.418304600985721,7.438177999574691
0.045,83,1428160212,1.835874080657959,0.0,0.0,4.442732739262283,7.6949270005570725
0.045,84,1930609499,1.8450286388397217,0.0,0.0,4.3013099988456815,7.93303400860168
0.045,85,710582861,1.869958758354187,0.0,0.0,4.375516263069585,8.039833992370404
0.045,86,1463614337,1.8551809787750244,0.0,0.0,4.359656183049083,7.56515099783428
0.045,87,1940152705,1.8518955707550049,0.0,0.0,4.329755504615605,7.782913002301939
0.045,88,985452196,1.8570003509521484,0.0,0.0,4.393392332363874,7.637023009010591
0.045,89,552062587,1.912732720375061,0.0,0.0,4.322095051640645,7.710902005783282
0.045,90,623566272,1.8562321662902832,0.0,0.0,4.35891192429699,7.568157001514919
0.045,91,729775797,1.8472621440887451,0.0,0.0,4.452099629910663,7.934835986816324
0.045,92,1352536665,1.8826403617858887,0.0,0.0,4.453137579839677,7.418316003168002
0.045,93,555883440,1.7995494604110718,0.0,0.0,4.3796753524802625,8.023721005884
0.045,94,1801800003,1.8957353830337524,0.0,0.0,4.322921477258205,7.715145999100059
0.045,95,763315502,1.895098090171814,0.0,0.0,4.433875530259684,7.576119998702779
0.045,96,138897982,1.8817245960235596,0.0,0.0,4.367747143143788,7.546517997980118
0.045,97,10785379,1.8353902101516724,0.0,0.0,4.450894220964983,7.482535002054647
0.045,98,53923185,1.8526371717453003,0.0,0.0,4.408137975027785,7.264233994646929
0.045,99,1349917978,1.8553297519683838,0.0,0.0,4.419267545454204,7.716874999459833
0.046,0,1501552845,1.8543390035629272,0.0,0.0,4.37564783054404,7.393160005449317
0.046,1,488200390,1.9146655797958374,0.0,0.0,4.343708304455504,8.106651992420666
0.046,2,1693606510,1.847629189491272,0.0,0.0,4.382014898816124,7.431659003486857
0.046,3,680233354,1.8385930061340332,0.0,0.0,4.337391454027966,7.6079239952377975
0.046,4,438466540,1.8059135675430298,0.0,0.0,4.470377764897421,13.081721001071855
0.046,5,1712329280,1.8973876237869263,0.0,0.0,4.373344002990052,7.62345599650871
0.046,6,1380152455,1.8781708478927612,0.0,0.0,4.354533907491714,7.233110998640768
0.046,7,1452245846,1.9091169834136963,0.0,0.0,4.388529373100027,7.349569001235068
0.046,8,2122694021,1.86017906665802,0.0,0.0,4.447014616802335,7.608107000123709
0.046,9,839901363,1.839846134185791,0.0,0.0,4.396322490647435,7.633989996975288
0.046,10,1802651552,1.807279348373413,0.0,0.0,4.3863659324124455,7.513956996263005
0.046,11,714712467,1.8514307737350464,0.0,0.0,4.352103982353583,8.056983991991729
0.046,12,1218704077,1.8581756353378296,0.0,0.0,4.451744266785681,7.670987004530616
0.046,13,1284858263,1.775946021080017,0.0,0.0,4.503527540015057,7.675250002648681
0.046,14,457721135,1.8231498003005981,0.0,0.0,4.380072182975709,7.585458006360568
0.046,15,401008609,1.8427331447601318,0.0,0.0,4.399810674600303,7.650522005860694
0.046,16,492064534,1.8490238189697266,0.0,0.0,4.406416531186551,7.470864991773851
0.046,17,1444732602,1.9158543348312378,0.0,0.0,4.388067943509668,7.122234994312748
0.046,18,1317426686,1.8291600942611694,0.0,0.0,4.368737485725433,7.8891570010455325
0.046,19,2022506251,1.8383644819259644,0.0,0.0,4.425419199978933,7.379454997135326
0.046,20,1516459118,1.8217161893844604,0.0,0.0,4.411662843776867,7.9505670000799
0.046,21,533103612,1.8167648315429688,0.0,0.0,4.424502797424793,7.719343004282564
0.046,22,1964759878,1.8444849252700806,0.0,0.0,4.407156098401174,7.932498003356159
0.046,23,2037706756,1.8189258575439453,0.0,0.0,4.4535803131293505,7.776255006319843
0.046,24,1572889065,1.8436821699142456,0.0,0.0,4.386303319828585,7.6704569946741685
0.046,25,1432881518,1.864237904548645,0.0,0.0,4.330680086743087,7.335112997679971
0.046,26,280516901,1.8386129140853882,0.0,0.0,4.357017621630803,7.860055993660353
0.046,27,205939248,1.863711953163147,0.0,0.0,4.449837324908003,7.454734004568309
0.046,28,571904914,1.831575632095337,0.0,0.0,4.443318546749651,7.162066001910716
0.046,29,948843457,1.8868317604064941,0.0,0.0,4.44002637360245,7.218062994070351
0.046,30,155492488,1.8520379066467285,0.0,0.0,4.329717129236087,7.442099988111295
0.046,31,1903701130,1.855063796043396,0.0,0.0,4.407584433676675,7.4565559916663915
0.046,32,1017961266,1.918818473815918,0.0,0.0,4.290271071018651,7.261940001626499
0.046,33,1497769985,1.8613159656524658,0.0,0.0,4.414484239183366,10.37718499719631
0.046,34,456523489,1.8571810722351074,0.0,0.0,4.404969652183354,7.573826995212585
0.046,35,701095136,1.8772684335708618,0.0,0.0,4.3852186389267445,7.238146004965529
0.046,36,249069576,1.829725742340088,0.0,0.0,4.362282054265961,7.406593998894095
0.046,37,1576098728,1.8882369995117188,0.0,0.0,4.374913426116109,8.225562996813096
0.046,38,1662748500,1.9104242324829102,0.0,0.0,4.367765426868573,7.4298989929957315
0.046,39,472736216,1.8794236183166504,0.0,0.0,4.4072367392946035,7.971064012963325
0.046,40,1535411295,1.8612556457519531,0.0,0.0,4.3565652433317155,7.873123002354987
0.046,41,175223003,1.8308613300323486,0.0,0.0,4.420828944304958,8.059162995778024
0.046,42,840936862,1.8425434827804565,0.0,0.0,4.375976837007329,7.5170319905737415
0.046,43,343373188,1.8615306615829468,0.0,0.0,4.351597939617932,7.792328004143201
0.046,44,1597751082,1.9133031368255615,0.0,0.0,4.380556230200455,7.439640001393855
0.046,45,730359585,1.892385482788086,0.0,0.0,4.347510862862691,7.885804006946273
0.046,46,1016641002,1.8862789869308472,0.0,0.0,4.297124859876931,7.2328329988522455
0.046,47,998994690,1.827494502067566,0.0,0.0,4.413650234229863,7.51104399387259
0.046,48,1021240743,1.8884823322296143,0.0,0.0,4.3881095023825765,7.284125997102819
0.046,49,572134801,1.918761134147644,0.0,0.0,4.331161109963432,8.000393005204387
0.046,50,1198399760,1.8716109991073608,0.0,0.0,4.381919801933691,7.801173996995203
0.046,51,1751866485,1.8721672296524048,0.0,0.0,4.394850546959788,7.8431360016111284
0.046,52,1070889713,1.878160834312439,0.0,0.0,4.345383375650272,7.194196994532831
0.046,53,415096539,1.8709526062011719,0.0,0.0,4.463061143178493,7.986505996086635
0.046,54,52416235,1.9404079914093018,0.0,0.0,4.297006365377456,7.851985996239819
0.046,55,278032723,1.8619478940963745,0.0,0.0,4.338332943385467,7.6763420074712485
0.046,56,174946158,1.8512789011001587,0.0,0.0,4.422614235198125,16.796689000329934
0.046,57,196848554,1.8954142332077026,0.0,0.0,4.378614416113123,7.716635009273887
0.046,58,263030910,1.733874797821045,0.0,0.0,4.4945621255319566,7.901796998339705
0.046,59,1285415020,1.8347222805023193,0.0,0.0,4.392236160347238,8.170842003892176
0.046,60,1733223444,1.8216702938079834,0.0,0.0,4.406636635307223,7.4129669956164435
0.046,61,1835544261,1.8280673027038574,0.0,0.0,4.412165536778048,7.8165900049498305
0.046,62,1403186970,1.828426480293274,0.0,0.0,4.364540427457541,7.961486000567675
0.046,63,1291971777,1.7840893268585205,0.0,0.0,4.368031859397888,7.733721999102272
0.046,64,712292067,1.8029195070266724,0.0,0.0,4.420783940935507,7.444048998877406
0.046,65,2001429764,1.8821855783462524,0.0,0.0,4.387344362214208,7.690144004300237
0.046,66,1375664061,1.8443132638931274,0.0,0.0,4.354390541324392,7.396497006993741
0.046,67,1556456120,1.8955248594284058,0.0,0.0,4.416654310654849,7.447071009664796
0.046,68,1576053187,1.8286261558532715,0.0,0.0,4.31885053939186,7.574532006401569
0.046,69,1848019881,1.9011867046356201,0.0,0.0,4.368395703611895,7.478554995032027
0.046,70,1508652585,1.9167907238006592,0.0,0.0,4.388369617983699,8.288818993605673
0.046,71,1995737731,1.8305262327194214,0.0,0.0,4.357650462072343,8.060371008468792
0.046,72,1162788447,1.8338987827301025,0.0,0.0,4.401916017523035,7.895289993030019
0.046,73,1172925522,1.848448395729065,0.0,0.0,4.313982204534113,7.797006997861899
0.046,74,539174575,1.8934967517852783,0.0,0.0,4.422421745257452,7.6297500054351985
0.046,75,2013637345,1.8330782651901245,0.0,0.0,4.343682900769636,8.142164995661005
0.046,76,1187468716,1.903087854385376,0.0,0.0,4.354128684382886,7.5570289918687195
0.046,77,1062978506,1.82425856590271,0.0,0.0,4.436420710757375,7.659629001864232
0.046,78,679326770,1.870235562324524,0.0,0.0,4.396350443828851,7.775315010803752
0.046,79,587923432,1.8482251167297363,0.0,0.0,4.481672141700983,7.820092010661028
0.046,80,1359889667,1.8554407358169556,0.0,0.0,4.337295245844871,7.864988991059363
0.046,81,970187386,1.8638782501220703,0.0,0.0,4.413225670810789,7.833816998754628
0.046,82,1219839873,1.8220489025115967,0.0,0.0,4.431351451668888,8.032958998228423
0.046,83,1428160212,1.8313742876052856,0.0,0.0,4.443180819042027,7.347295002546161
0.046,84,1930609499,1.8474094867706299,0.0,0.0,4.302321669179946,8.159085002262145
0.046,85,710582861,1.8843557834625244,0.0,0.0,4.36682059103623,7.755932994768955
0.046,86,1463614337,1.854853630065918,0.0,0.0,4.3587571629323065,7.708730001468211
0.046,87,1940152705,1.8596028089523315,0.0,0.0,4.331802369095385,7.973683008458465
0.046,88,985452196,1.8486275672912598,0.0,0.0,4.369061815319583,8.081937005044892
0.046,89,552062587,1.910870909690857,0.0,0.0,4.312089464394376,6.988153996644542
0.046,90,623566272,1.8594049215316772,0.0,0.0,4.359984346898273,8.221910000429489
0.046,91,729775797,1.8444453477859497,0.0,0.0,4.449595412937924,7.590074994368479
0.046,92,1352536665,1.8844977617263794,0.0,0.0,4.456322142388672,8.115014992654324
0.046,93,555883440,1.801155686378479,0.0,0.0,4.381106666754931,7.406164004351012
0.046,94,1801800003,1.8983943462371826,0.0,0.0,4.32569833425805,7.591307992697693
0.046,95,763315502,1.9004274606704712,0.0,0.0,4.436272490536794,7.419583998853341
0.046,96,138897982,1.8840099573135376,0.0,0.0,4.3715306259691715,7.1712349890731275
0.046,97,10785379,1.8391283750534058,0.0,0.0,4.438586591742933,7.986208001966588
0.046,98,53923185,1.856935977935791,0.0,0.0,4.4241857612505555,9.154029990895651
0.046,99,1349917978,1.8578717708587646,0.0,0.0,4.421529284212738,7.64126300055068
0.047,0,1501552845,1.8555140495300293,0.0,0.0,4.358623830135912,7.737594001810066
0.047,1,488200390,1.9150700569152832,0.0,0.0,4.345757770352066,7.298030002857558
0.047,2,1693606510,1.8455240726470947,0.0,0.0,4.383402362698689,7.4075720040127635
0.047,3,680233354,1.8468871116638184,0.0,0.0,4.329620178323239,7.676085995626636
0.047,4,438466540,1.8090109825134277,0.0,0.0,4.469462964683771,7.867888998589478
0.047,5,1712329280,1.9003102779388428,0.0,0.0,4.379412318347022,7.701228998485021
0.047,6,1380152455,1.8879388570785522,0.0,0.0,4.33300223108381,7.649485996807925
0.047,7,1452245846,1.8588898181915283,0.0,0.0,4.374944333452731,7.728056007181294
0.047,8,2122694021,1.8637566566467285,0.0,0.0,4.451667083194479,7.574905001092702
0.047,9,839901363,1.8408513069152832,0.0,0.0,4.391752096358687,7.706680000410415
0.047,10,1802651552,1.8247209787368774,0.0,0.0,4.3913459605537355,7.662468997295946
0.047,11,714712467,1.8685877323150635,0.0,0.0,4.351407712325454,7.755341997835785
0.047,12,1218704077,1.8528698682785034,0.0,0.0,4.45121650211513,8.401086990488693
0.047,13,1284858263,1.779251217842102,0.0,0.0,4.501738272840157,7.6291659934213385
0.047,14,457721135,1.8277570009231567,0.0,0.0,4.377036755206063,7.832606992451474
0.047,15,401008609,1.8466758728027344,0.0,0.0,4.390568359522149,7.716356994933449
0.047,16,492064534,1.8577814102172852,0.0,0.0,4.408716206206009,7.715902000200003
0.047,17,1444732602,1.9258321523666382,0.0,0.0,4.379205917473882,7.773044999339618
0.047,18,1317426686,1.8231836557388306,0.0,0.0,4.369122242555022,7.625140002346598
0.047,19,2022506251,1.8404626846313477,0.0,0.0,4.4264339888468385,7.7044560021022335
0.047,20,1516459118,1.8143141269683838,0.0,0.0,4.418682858580723,7.945285004097968
0.047,21,533103612,1.80663001537323,0.0,0.0,4.4386981232091784,7.39482999779284
0.047,22,1964759878,1.8510241508483887,0.0,0.0,4.411214518127963,7.7837479911977425
0.047,23,2037706756,1.8228397369384766,0.0,0.0,4.45903717703186,7.629084007930942
0.047,24,1572889065,1.8417989015579224,0.0,0.0,4.382350747706369,7.957920999615453
0.047,25,1432881518,1.8686144351959229,0.0,0.0,4.32586728897877,7.564503001049161
0.047,26,280516901,1.8410449028015137,0.0,0.0,4.345270822523162,7.9626369988545775
0.047,27,205939248,1.8710312843322754,0.0,0.0,4.445013076532632,7.414619001792744
0.047,28,571904914,1.833935260772705,0.0,0.0,4.437637228984386,7.309603999601677
0.047,29,948843457,1.8870556354522705,0.0,0.0,4.442951024044305,7.302843994693831
0.047,30,155492488,1.859300971031189,0.0,0.0,4.332336287945509,7.992013997863978
0.047,31,1903701130,1.8575090169906616,0.0,0.0,4.410693160723895,7.731942998361774
0.047,32,1017961266,1.9168977737426758,0.0,0.0,4.27140028658323,7.2399439959554
0.047,33,1497769985,1.8658392429351807,0.0,0.0,4.4147050434257835,7.862558995839208
0.047,34,456523489,1.8679513931274414,0.0,0.0,4.39880013698712,7.8541480033891276
0.047,35,701095136,1.8890961408615112,0.0,0.0,4.37129250750877,7.8022620000410825
0.047,36,249069576,1.838356375694275,0.0,0.0,4.333489895099774,7.791083000483923
0.047,37,1576098728,1.8950260877609253,0.0,0.0,4.3769911110866815,7.956782996188849
0.047,38,1662748500,1.9136991500854492,0.0,0.0,4.374264455866069,7.630323001649231
0.047,39,472736216,1.8826351165771484,0.0,0.0,4.390271986136213,7.58818699978292
0.047,40,1535411295,1.8643162250518799,0.0,0.0,4.366515739588067,7.4380240112077445
0.047,41,175223003,1.83418607711792,0.0,0.0,4.422355416463688,7.611849010572769
0.047,42,840936862,1.846423625946045,0.0,0.0,4.375511564314365,8.116597993648611
0.047,43,343373188,1.8738458156585693,0.0,0.0,4.355195816839114,7.974420004757121
0.047,44,1597751082,1.9175437688827515,0.0,0.0,4.377092649927363,7.652484011487104
0.047,45,730359585,1.8988022804260254,0.0,0.0,4.357286557555199,7.684698008233681
0.047,46,1016641002,1.889413595199585,0.0,0.0,4.2877469004597515,7.713563012657687
0.047,47,998994690,1.8317184448242188,0.0,0.0,4.400911211967468,7.5144009897485375
0.047,48,1021240743,1.8784818649291992,0.0,0.0,4.406640095869079,7.327451996388845
0.047,49,572134801,1.923027515411377,0.0,0.0,4.335400123381987,7.79032900754828
0.047,50,1198399760,1.8712667226791382,0.0,0.0,4.39649623609148,8.478011004626751
0.047,51,1751866485,1.8729127645492554,0.0,0.0,4.381016637664288,8.059671003138646
0.047,52,1070889713,1.8858662843704224,0.0,0.0,4.344842494698241,7.328191990382038
0.047,53,415096539,1.866538643836975,0.0,0.0,4.451400670688599,8.786997990682721
0.047,54,52416235,1.945040225982666,0.0,0.0,4.29765588697046,7.31205299962312
0.047,55,278032723,1.8640527725219727,0.0,0.0,4.342744944384322,7.729297009063885
0.047,56,174946158,1.857743740081787,0.0,0.0,4.4305506309028715,7.585899991681799
0.047,57,196848554,1.897737979888916,0.0,0.0,4.363029131432995,7.732345009571873
0.047,58,263030910,1.7059245109558105,0.0,0.0,4.562762439483777,8.104196997010149
0.047,59,1285415020,1.8371771574020386,0.0,0.0,4.394376110518351,7.346863989369012
0.047,60,1733223444,1.8242789506912231,0.0,0.0,4.394001167267561,7.862388010835275
0.047,61,1835544261,1.8332756757736206,0.0,0.0,4.3975632505025715,7.531612005550414
0.047,62,1403186970,1.813920259475708,0.0,0.0,4.364123963052407,8.052257995586842
0.047,63,1291971777,1.8182965517044067,0.0,0.0,4.363073723623529,7.512183001381345
0.047,64,712292067,1.8073499202728271,0.0,0.0,4.42610742058605,7.731272999080829
0.047,65,2001429764,1.8855102062225342,0.0,0.0,4.379313295008615,8.005319003132172
0.047,66,1375664061,1.8459432125091553,0.0,0.0,4.357411877950653,7.991399004822597
0.047,67,1556456120,1.8972623348236084,0.0,0.0,4.405161358881742,7.768962008412927
0.047,68,1576053187,1.8521314859390259,0.0,0.0,4.308818820398301,7.595403003506362
0.047,69,1848019881,1.90578293800354,0.0,0.0,4.37156427372247,7.295351999346167
0.047,70,1508652585,1.9146685600280762,0.0,0.0,4.3793990660924464,7.985664007719606
0.047,71,1995737731,1.8362140655517578,0.0,0.0,4.372228790773079,7.896349998190999
0.047,72,1162788447,1.8403059244155884,0.0,0.0,4.421418541111052,7.604793005157262
0.047,73,1172925522,1.8680665493011475,0.0,0.0,4.309649192728102,7.429500998114236
0.047,74,539174575,1.8951385021209717,0.0,0.0,4.428102565463632,7.723014990915544
0.047,75,2013637345,1.8323894739151,0.0,0.0,4.346188552677631,7.543422005255707
0.047,76,1187468716,1.9108103513717651,0.0,0.0,4.343448172323406,9.065442005521618
0.047,77,1062978506,1.8284114599227905,0.0,0.0,4.391695115249604,7.54076600424014
0.047,78,679326770,1.8732800483703613,0.0,0.0,4.39921382884495,7.793326003593393
0.047,79,587923432,1.8518059253692627,0.0,0.0,4.484794681193307,8.130130998324603
0.047,80,1359889667,1.862015962600708,0.0,0.0,4.3372533621732146,8.303736001835205
0.047,81,970187386,1.8670501708984375,0.0,0.0,4.417435638606548,7.561925987829454
0.047,82,1219839873,1.8290947675704956,0.0,0.0,4.439275115495548,7.758268999168649
0.047,83,1428160212,1.8407014608383179,0.0,0.0,4.430636388715357,7.449072989402339
0.047,84,1930609499,1.8549258708953857,0.0,0.0,4.286987649276853,7.769411997287534
0.047,85,710582861,1.8871898651123047,0.0,0.0,4.357726185116917,7.373255997663364
0.047,86,1463614337,1.8580280542373657,0.0,0.0,4.361599653027952,7.935600006021559
0.047,87,1940152705,1.8612306118011475,0.0,0.0,4.333872827701271,7.494638994103298
0.047,88,985452196,1.8527157306671143,0.0,0.0,4.3965676398947835,7.527736001065932
0.047,89,552062587,1.9139474630355835,0.0,0.0,4.317714272299781,8.379778009839356
0.047,90,623566272,1.8534109592437744,0.0,0.0,4.352569103240967,7.3904050077544525
0.047,91,729775797,1.8436322212219238,0.0,0.0,4.450829294277355,7.532877003541216
0.047,92,1352536665,1.8911892175674438,0.0,0.0,4.456999770598486,8.056974998908117
0.047,93,555883440,1.8110817670822144,0.0,0.0,4.392010375391692,11.770721001084894
0.047,94,1801800003,1.9007259607315063,0.0,0.0,4.324447982246056,7.268609988386743
0.047,95,763315502,1.889076590538025,0.0,0.0,4.413175841560587,8.48976700217463
0.047,96,138897982,1.8827048540115356,0.0,0.0,4.346785008208826,7.861288002459332
0.047,97,10785379,1.8155431747436523,0.0,0.0,4.484405000228435,7.741537992842495
0.047,98,53923185,1.860606074333191,0.0,0.0,4.403693105559796,7.593956994242035
0.047,99,1349917978,1.8604735136032104,0.0,0.0,4.421297021443024,7.789864001097158
0.048,0,1501552845,1.8591148853302002,0.0,0.0,4.364651223411784,7.325414990191348
0.048,1,488200390,1.9181967973709106,0.0,0.0,4.350377335678786,7.747110998025164
0.048,2,1693606510,1.8538684844970703,0.0,0.0,4.37798016006127,7.67332999384962
0.048,3,680233354,1.8487483263015747,0.0,0.0,4.326533643295988,7.936316003906541
0.048,4,438466540,1.811745047569275,0.0,0.0,4.470049341209233,7.504939989303239
0.048,5,1712329280,1.904186725616455,0.0,0.0,4.359761520754546,7.53815499774646
0.048,6,1380152455,1.8905543088912964,0.0,0.0,4.344646799610928,7.211814008769579
0.048,7,1452245846,1.8569951057434082,0.0,0.0,4.379687796114013,7.742335990769789
0.048,8,2122694021,1.8696988821029663,0.0,0.0,4.460155040957034,7.141541995224543
0.048,9,839901363,1.8495787382125854,0.0,0.0,4.380441060522571,7.253229996422306
0.048,10,1802651552,1.8290554285049438,0.0,0.0,4.3953556111082435,7.336844995734282
0.048,11,714712467,1.870121955871582,0.0,0.0,4.340025576530024,7.6828029996249825
0.048,12,1218704077,1.8533642292022705,0.0,0.0,4.45508061372675,7.615074006025679
0.048,13,1284858263,1.785086750984192,0.0,0.0,4.478217184310779,9.918073992594145
0.048,14,457721135,1.8302057981491089,0.0,0.0,4.380763896973804,7.633508997969329
0.048,15,401008609,1.8608604669570923,0.0,0.0,4.3790268851444125,7.3408809985267
0.048,16,492064534,1.859955906867981,0.0,0.0,4.412539105862379,7.8414960007648915
0.048,17,1444732602,1.9257872104644775,0.0,0.0,4.377702291822061,6.903445988427848
0.048,18,1317426686,1.8283655643463135,0.0,0.0,4.372782860184088,7.7293070062296465
0.048,19,2022506251,1.8436453342437744,0.0,0.0,4.420583594357595,8.431039997958578
0.048,20,1516459118,1.8136005401611328,0.0,0.0,4.422649009618908,8.323191999807023
0.048,21,533103612,1.8129864931106567,0.0,0.0,4.428506379714236,7.720377994701266
0.048,22,1964759878,1.8507989645004272,0.0,0.0,4.413690408458933,7.820355996955186
0.048,23,2037706756,1.8325461149215698,0.0,0.0,4.4583749391604215,7.423639006447047
0.048,24,1572889065,1.8428882360458374,0.0,0.0,4.376478545600548,7.821975013939664
0.048,25,1432881518,1.8790961503982544,0.0,0.0,4.3122815690003335,7.937635004054755
0.048,26,280516901,1.8434010744094849,0.0,0.0,4.347268534358591,8.178492993465625
0.048,27,205939248,1.8808165788650513,0.0,0.0,4.416328123537824,7.304472004761919
0.048,28,571904914,1.8401695489883423,0.0,0.0,4.448865435784683,7.660041999770328
0.048,29,948843457,1.889121413230896,0.0,0.0,4.445981079945341,8.086856003501453
0.048,30,155492488,1.8634076118469238,0.0,0.0,4.332796116126701,7.537772005889565
0.048,31,1903701130,1.8800066709518433,0.0,0.0,4.400023743743077,11.51966699399054
0.048,32,1017961266,1.9187508821487427,0.0,0.0,4.274756494909525,7.565787993371487
0.048,33,1497769985,1.8667863607406616,0.0,0.0,4.4173165403772146,7.5115979998372495
0.048,34,456523489,1.8702512979507446,0.0,0.0,4.401558766607195,8.246634009992704
0.048,35,701095136,1.8900460004806519,0.0,0.0,4.374541159952059,7.241075989441015
0.048,36,249069576,1.8393304347991943,0.0,0.0,4.347671021008864,7.315319002373144
0.048,37,1576098728,1.8977315425872803,0.0,0.0,4.378052059095353,8.364048000657931
0.048,38,1662748500,1.8987685441970825,0.0,0.0,4.347896309569478,7.91580299846828
0.048,39,472736216,1.8869017362594604,0.0,0.0,4.394167680060491,7.33286100148689
0.048,40,1535411295,1.867043137550354,0.0,0.0,4.367789063835517,7.665757002541795
0.048,41,175223003,1.8382799625396729,0.0,0.0,4.41206512437202,7.618735995492898
0.048,42,840936862,1.8497563600540161,0.0,0.0,4.378511630697176,7.412869992549531
0.048,43,343373188,1.8702166080474854,0.0,0.0,4.359088175697252,7.28730799164623
0.048,44,1597751082,1.9228817224502563,0.0,0.0,4.380302543286234,7.910446001915261
0.048,45,730359585,1.9058246612548828,0.0,0.0,4.3479272071272135,7.619274008902721
0.048,46,1016641002,1.899693250656128,0.0,0.0,4.283698922488838,8.266314005595632
0.048,47,998994690,1.8322234153747559,0.0,0.0,4.4012950961478055,7.758795007248409
0.048,48,1021240743,1.8945318460464478,0.0,0.0,4.393889470491558,7.352987988269888
0.048,49,572134801,1.9171780347824097,0.0,0.0,4.3247504136525095,9.117846988374367
0.048,50,1198399760,1.8741722106933594,0.0,0.0,4.4017320855055,7.040069001959637
0.048,51,1751866485,1.8878082036972046,0.0,0.0,4.369653473375365,7.216123995021917
0.048,52,1070889713,1.8900808095932007,0.0,0.0,4.342077382374555,8.575159998144954
0.048,53,415096539,1.8684931993484497,0.0,0.0,4.44985039671883,7.857208009227179
0.048,54,52416235,1.9472060203552246,0.0,0.0,4.299842824460939,7.77636599377729
0.048,55,278032723,1.8672817945480347,0.0,0.0,4.345952986739576,8.03697200899478
0.048,56,174946158,1.8526090383529663,0.0,0.0,4.427318896399811,7.5779950129799545
0.048,57,196848554,1.9034929275512695,0.0,0.0,4.367235351586714,7.630822001374327
0.048,58,263030910,1.7848083972930908,0.0,0.0,4.450545168714598,7.502769003622234
0.048,59,1285415020,1.8381201028823853,0.0,0.0,4.39227011310868,7.518295009504072
0.048,60,1733223444,1.8268400430679321,0.0,0.0,4.395743772387505,7.576235002488829
0.048,61,1835544261,1.836359977722168,0.0,0.0,4.3957876563072205,7.668296995689161
0.048,62,1403186970,1.8174594640731812,0.0,0.0,4.367487869923934,7.466978990123607
0.048,63,1291971777,1.8325740098953247,0.0,0.0,4.349431824870408,8.213303997763433
0.048,64,712292067,1.8417080640792847,0.0,0.0,4.4117767764255404,7.845833999454044
0.048,65,2001429764,1.886907935142517,0.0,0.0,4.386713725049049,7.573335009510629
0.048,66,1375664061,1.8505241870880127,0.0,0.0,4.358618680853397,7.3563250043662265
0.048,67,1556456120,1.9001851081848145,0.0,0.0,4.408443762920797,7.465383998351172
0.048,68,1576053187,1.8554030656814575,0.0,0.0,4.317262472817674,8.061447995714843
0.048,69,1848019881,1.9103477001190186,0.0,0.0,4.371826748596504,8.156737007084303
0.048,70,1508652585,1.924471139907837,0.0,0.0,4.377344591543078,7.566013009636663
0.048,71,1995737731,1.8452554941177368,0.0,0.0,4.3721015569753945,7.667521989787929
0.048,72,1162788447,1.8490748405456543,0.0,0.0,4.402775667840615,7.646154990652576
0.048,73,1172925522,1.8468191623687744,0.0,0.0,4.2825705169234425,7.749074007733725
0.048,74,539174575,1.8974815607070923,0.0,0.0,4.406075518578291,7.631699001649395
0.048,75,2013637345,1.848595380783081,0.0,0.0,4.35266303922981,7.338969997363165
0.048,76,1187468716,1.9162640571594238,0.0,0.0,4.350397119764239,11.259713995968923
0.048,77,1062978506,1.83322274684906,0.0,0.0,4.3939141826704144,7.276440999703482
0.048,78,679326770,1.8757328987121582,0.0,0.0,4.407584314933047,7.680864000576548
0.048,79,587923432,1.8546843528747559,0.0,0.0,4.474941342603415,7.604597994941287
0.048,80,1359889667,1.8620308637619019,0.0,0.0,4.342828997410834,7.593717993586324
0.048,81,970187386,1.8698326349258423,0.0,0.0,4.421079771360382,7.699018009589054
0.048,82,1219839873,1.8244538307189941,0.0,0.0,4.437547089299187,7.803401007549837
0.048,83,1428160212,1.8436274528503418,0.0,0.0,4.427449114620686,7.212530006654561
0.048,84,1930609499,1.8602250814437866,0.0,0.0,4.293256475823,7.919755007606
0.048,85,710582861,1.8921653032302856,0.0,0.0,4.364540225127712,7.645566001883708
0.048,86,1463614337,1.8634718656539917,0.0,0.0,4.3678703042678535,7.9187710070982575
0.048,87,1940152705,1.8643075227737427,0.0,0.0,4.339459557784721,7.636966998688877
0.048,88,985452196,1.8628108501434326,0.0,0.0,4.381990560563281,10.184287995798513
0.048,89,552062587,1.9095648527145386,0.0,0.0,4.3192860225681216,7.447593990946189
0.048,90,623566272,1.8628160953521729,0.0,0.0,4.338630547747016,7.267328997841105
0.048,91,729775797,1.8463174104690552,0.0,0.0,4.452964334515855,7.415756001137197
0.048,92,1352536665,1.8843755722045898,0.0,0.0,4.44892932404764,8.033129997784272
0.048,93,555883440,1.8011960983276367,0.0,0.0,4.3861130776349455,7.2076849901350215
0.048,94,1801800003,1.9044873714447021,0.0,0.0,4.330637752078474,7.605653998325579
0.048,95,763315502,1.905640959739685,0.0,0.0,4.408981729764491,7.777480001095682
0.048,96,138897982,1.8895223140716553,0.0,0.0,4.334314652252942,7.667386991670355
0.048,97,10785379,1.8486472368240356,0.0,0.0,4.483479176880792,11.796613995102234
0.048,98,53923185,1.8635821342468262,0.0,0.0,4.4068250404670835,7.66078699962236
0.048,99,1349917978,1.8636459112167358,0.0,0.0,4.422894958872348,7.613524998305365
0.049,0,1501552845,1.8629523515701294,0.0,0.0,4.3691393590997905,7.935742993140593
0.049,1,488200390,1.922908067703247,0.0,0.0,4.350958978990093,7.833779003703967
0.049,2,1693606510,1.8616467714309692,0.0,0.0,4.386560782091692,7.445868992363103
0.049,3,680233354,1.8512122631072998,0.0,0.0,4.331021944992244,7.903195000835694
0.049,4,438466540,1.8092862367630005,0.0,0.0,4.47153606149368,7.26448000932578
0.049,5,1712329280,1.9055529832839966,0.0,0.0,4.364739166805521,7.602047000546008
0.049,6,1380152455,1.892494797706604,0.0,0.0,4.346380713628605,7.9443029972026125
0.049,7,1452245846,1.8844809532165527,0.0,0.0,4.363809003960341,7.89958999666851
0.049,8,2122694021,1.8812828063964844,0.0,0.0,4.450957118533552,7.4499290058156475
0.049,9,839901363,1.8541839122772217,0.0,0.0,4.3787707719020545,7.972655002959073
0.049,10,1802651552,1.822943091392517,0.0,0.0,4.3846921641379595,7.5120120018254966
0.049,11,714712467,1.8707270622253418,0.0,0.0,4.342316359514371,7.737931999145076
0.049,12,1218704077,1.8550246953964233,0.0,0.0,4.442800890421495,7.931441999971867
0.049,13,1284858263,1.791137933731079,0.0,0.0,4.456940192263573,7.977144996402785
0.049,14,457721135,1.8207646608352661,0.0,0.0,4.378306225640699,8.544554002583027
0.049,15,401008609,1.8692693710327148,0.0,0.0,4.384675030829385,8.204712998121977
0.049,16,492064534,1.8651481866836548,0.0,0.0,4.418236017692834,7.709929996053688
0.049,17,1444732602,1.9291467666625977,0.0,0.0,4.374227371066809,8.827769997878931
0.049,18,1317426686,1.8381049633026123,0.0,0.0,4.355826528742909,7.530333998147398
0.049,19,2022506251,1.8464267253875732,0.0,0.0,4.428567098919302,8.028711003134958
0.049,20,1516459118,1.8173608779907227,0.0,0.0,4.427958927350119,7.368047998170368
0.049,21,533103612,1.8261476755142212,0.0,0.0,4.408491538371891,7.794845994794741
0.049,22,1964759878,1.8465090990066528,0.0,0.0,4.413697175914422,8.121360006043687
0.049,23,2037706756,1.836544394493103,0.0,0.0,4.4612607231829315,7.858135009882972
0.049,24,1572889065,1.842502474784851,0.0,0.0,4.38084082189016,7.548260997282341
0.049,25,1432881518,1.8832404613494873,0.0,0.0,4.3099261126481,7.790258998284116
0.049,26,280516901,1.8462879657745361,0.0,0.0,4.348456542706117,7.237069003167562
0.049,27,205939248,1.883315920829773,0.0,0.0,4.418111857958138,7.5236700067762285
0.049,28,571904914,1.8422973155975342,0.0,0.0,4.436756085371599,8.408730005612597
0.049,29,948843457,1.8953129053115845,0.0,0.0,4.442274886649102,7.607911000377499
0.049,30,155492488,1.8669008016586304,0.0,0.0,4.335764252813533,7.451942001353018
0.049,31,1903701130,1.88770592212677,0.0,0.0,4.397125140065327,8.391482988372445
0.049,32,1017961266,1.9196796417236328,0.0,0.0,4.277241952950135,7.586777996039018
0.049,33,1497769985,1.8727173805236816,0.0,0.0,4.395941824652255,7.430968005792238
0.049,34,456523489,1.8728244304656982,0.0,0.0,4.405995846726,7.7196620113682
0.049,35,701095136,1.8941726684570312,0.0,0.0,4.3585385088808835,7.966236997162923
0.049,36,249069576,1.8480300903320312,0.0,0.0,4.340437082806602,9.329313994385302
0.049,37,1576098728,1.89384925365448,0.0,0.0,4.378264353843406,7.749481010250747
0.049,38,1662748500,1.900393009185791,0.0,0.0,4.349240825045854,7.0679430064046755
0.049,39,472736216,1.8874868154525757,0.0,0.0,4.3719214126467705,8.376273006433621
0.049,40,1535411295,1.870381236076355,0.0,0.0,4.370307482080534,7.357600989053026
0.049,41,175223003,1.842939853668213,0.0,0.0,4.412637441884726,7.533577998401597
0.049,42,840936862,1.8534358739852905,0.0,0.0,4.373567377449945,7.77017799555324
0.049,43,343373188,1.8750641345977783,0.0,0.0,4.346018958603963,8.009379002032802
0.049,44,1597751082,1.9236254692077637,0.0,0.0,4.382384653668851,8.034379003220238
0.049,45,730359585,1.8969550132751465,0.0,0.0,4.344525390537456,7.273884999449365
0.049,46,1016641002,1.9022810459136963,0.0,0.0,4.287767392350361,7.542921011918224
0.049,47,998994690,1.8392518758773804,0.0,0.0,4.396228330209851,7.803790009347722
0.049,48,1021240743,1.8981589078903198,0.0,0.0,4.384979385416955,7.863028993597254
0.049,49,572134801,1.92737877368927,0.0,0.0,4.314595324685797,7.922317992779426
0.049,50,1198399760,1.876792073249817,0.0,0.0,4.365911964094266,7.707267999649048
0.049,51,1751866485,1.8892407417297363,0.0,0.0,4.370390257565305,7.697162989643402
0.049,52,1070889713,1.8913321495056152,0.0,0.0,4.348819039994851,7.618718009325676
0.049,53,415096539,1.8729397058486938,0.0,0.0,4.437772800214589,7.472372002666816
0.049,54,52416235,1.9491125345230103,0.0,0.0,4.291395543375984,28.667593011050485
0.049,55,278032723,1.8693299293518066,0.0,0.0,4.346268275752664,7.514678000006825
0.049,56,174946158,1.8573769330978394,0.0,0.0,4.430763506097719,7.813342002918944
0.049,57,196848554,1.905818223953247,0.0,0.0,4.370785612845793,7.751463999738917
0.049,58,263030910,1.7866252660751343,0.0,0.0,4.45396894053556,8.064029010711238
0.049,59,1285415020,1.838915467262268,0.0,0.0,4.394899606239051,7.139613997424021
0.049,60,1733223444,1.844499945640564,0.0,0.0,4.380825239699334,7.956644010846503
0.049,61,1835544261,1.8378688097000122,0.0,0.0,4.398063269210979,7.525519991759211
0.049,62,1403186970,1.8209826946258545,0.0,0.0,4.369110685074702,7.934068999020383
0.049,63,1291971777,1.794201135635376,0.0,0.0,4.360409244894981,7.959597001899965
0.049,64,712292067,1.8497339487075806,0.0,0.0,4.4190231647808105,7.75182199140545
0.049,65,2001429764,1.8897486925125122,0.0,0.0,4.375181196723133,8.466611994663253
0.049,66,1375664061,1.8535581827163696,0.0,0.0,4.349492181325331,7.872226997278631
0.049,67,1556456120,1.9028199911117554,0.0,0.0,4.399598335381597,6.774878012947738
0.049,68,1576053187,1.8813620805740356,0.0,0.0,4.285675798309967,7.581496000057086
0.049,69,1848019881,1.9145317077636719,0.0,0.0,4.3746308498084545,7.36052000138443
0.049,70,1508652585,1.9316818714141846,0.0,0.0,4.370456861099228,8.021372996154241
0.049,71,1995737731,1.8304550647735596,0.0,0.0,4.379033516859636,7.908572006272152
0.049,72,1162788447,1.8428781032562256,0.0,0.0,4.404161301674321,8.048527990467846
0.049,73,1172925522,1.8503402471542358,0.0,0.0,4.284901150967926,7.512577009038068
0.049,74,539174575,1.9021302461624146,0.0,0.0,4.411725106881931,7.370803999947384
0.049,75,2013637345,1.8496211767196655,0.0,0.0,4.355841974727809,7.188155999756418
0.049,76,1187468716,1.9193155765533447,0.0,0.0,4.346068621613085,8.154429000569507
0.049,77,1062978506,1.8398394584655762,0.0,0.0,4.396462919889018,7.297817006474361
0.049,78,679326770,1.8782048225402832,0.0,0.0,4.4070757469162345,7.227912006783299
0.049,79,587923432,1.854047417640686,0.0,0.0,4.481797192944214,7.6793640037067235
0.049,80,1359889667,1.8611907958984375,0.0,0.0,4.3425469195935875,7.918265997432172
0.049,81,970187386,1.8792003393173218,0.0,0.0,4.412583329714835,9.681630006525666
0.049,82,1219839873,1.8286291360855103,0.0,0.0,4.444156551966444,7.592948997626081
0.049,83,1428160212,1.841446042060852,0.0,0.0,4.431961711496115,7.719424000242725
0.049,84,1930609499,1.8603143692016602,0.0,0.0,4.292760936310515,7.74478999665007
0.049,85,710582861,1.8994101285934448,0.0,0.0,4.367779347579926,7.531891009421088
0.049,86,1463614337,1.8643512725830078,0.0,0.0,4.3703629213850945,7.901069009676576
0.049,87,1940152705,1.866947054862976,0.0,0.0,4.341661408543587,7.643621996976435
0.049,88,985452196,1.8676331043243408,0.0,0.0,4.383883845759556,7.497600992792286
0.049,89,552062587,1.9147887229919434,0.0,0.0,4.310843494022265,7.576538002467714
0.049,90,623566272,1.866684079170227,0.0,0.0,4.334000284317881,7.596750001539476
0.049,91,729775797,1.8484420776367188,0.0,0.0,4.457385373767465,7.400728005450219
0.049,92,1352536665,1.8868826627731323,0.0,0.0,4.445106848608702,7.758056992315687
0.049,93,555883440,1.8142262697219849,0.0,0.0,4.3944613775238395,7.8565510048065335
0.049,94,1801800003,1.8892242908477783,0.0,0.0,4.326471760403365,7.576336007332429
0.049,95,763315502,1.9213812351226807,0.0,0.0,4.417968688299879,7.80236600257922
0.049,96,138897982,1.8943750858306885,0.0,0.0,4.34076589718461,7.637423012056388
0.049,97,10785379,1.8542546033859253,0.0,0.0,4.4887949912808836,8.255292996182106
0.049,98,53923185,1.8656096458435059,0.0,0.0,4.421920733293518,7.4227239965694025
0.049,99,1349917978,1.8670029640197754,0.0,0.0,4.419391561765224,7.7024049969622865
0.05,0,1501552845,1.8668087720870972,0.0,0.0,4.3728358305525035,7.717465996393003
0.05,1,488200390,1.9299341440200806,0.0,0.0,4.340858774026856,7.916677001048811
0.05,2,1693606510,1.8657829761505127,0.0,0.0,4.386143008247018,7.460834996891208
0.05,3,680233354,1.8554484844207764,0.0,0.0,4.33402060251683,7.620525997481309
0.05,4,438466540,1.8124057054519653,0.0,0.0,4.450380955589935,7.321972996578552
0.05,5,1712329280,1.9008935689926147,0.0,0.0,4.361714467406273,7.176454004365951
0.05,6,1380152455,1.8966015577316284,0.0,0.0,4.33875831332989,7.56666500819847
0.05,7,1452245846,1.8880319595336914,0.0,0.0,4.375084967818111,8.03584601089824
0.05,8,2122694021,1.8870444297790527,0.0,0.0,4.442262019496411,7.572871007141657
0.05,9,839901363,1.8459265232086182,0.0,0.0,4.3817310992162675,7.4552489968482405
0.05,10,1802651552,1.8338096141815186,0.0,0.0,4.380033974070102,7.270497997524217
0.05,11,714712467,1.8733115196228027,0.0,0.0,4.329909715801477,7.8652520023752
0.05,12,1218704077,1.8568308353424072,0.0,0.0,4.445671126712114,7.793354001478292
0.05,13,1284858263,1.8015527725219727,0.0,0.0,4.462363051250577,8.127383000100963
0.05,14,457721135,1.8214327096939087,0.0,0.0,4.383602422429249,7.8721370082348585
0.05,15,401008609,1.8643357753753662,0.0,0.0,4.384755253326148,7.847333006793633
0.05,16,492064534,1.8688081502914429,0.0,0.0,4.423950715456158,7.529631999204867
0.05,17,1444732602,1.9320127964019775,0.0,0.0,4.366202127654105,7.5377890025265515
0.05,18,1317426686,1.8475265502929688,0.0,0.0,4.3611887155566365,7.616752001922578
0.05,19,2022506251,1.847854495048523,0.0,0.0,4.430125479819253,8.118050987832248
0.05,20,1516459118,1.8252582550048828,0.0,0.0,4.428418408846483,7.75564499781467
0.05,21,533103612,1.8184305429458618,0.0,0.0,4.4127180012874305,7.3622879863251
0.05,22,1964759878,1.8496198654174805,0.0,0.0,4.417508589336649,7.179687992902473
0.05,23,2037706756,1.8387699127197266,0.0,0.0,4.46874835784547,8.11835000058636
0.05,24,1572889065,1.847510576248169,0.0,0.0,4.387282750336453,7.859205987188034
0.05,25,1432881518,1.8923228979110718,0.0,0.0,4.315345444018021,7.7147740084910765
0.05,26,280516901,1.8466472625732422,0.0,0.0,4.343994395574555,7.099897993612103
0.05,27,205939248,1.8799257278442383,0.0,0.0,4.428933700080961,7.707785000093281
0.05,28,571904914,1.8437325954437256,0.0,0.0,4.443920140853152,8.05306198890321
0.05,29,948843457,1.8907153606414795,0.0,0.0,4.443654521601275,7.955765002407134
0.05,30,155492488,1.869717001914978,0.0,0.0,4.333650621119887,7.620820993906818
0.05,31,1903701130,1.8929851055145264,0.0,0.0,4.399345445679501,8.027493007830344
0.05,32,1017961266,1.9257773160934448,0.0,0.0,4.276332609122619,7.441491005010903
0.05,33,1497769985,1.875024676322937,0.0,0.0,4.403178046224639,8.156937998137437
0.05,34,456523489,1.8744114637374878,0.0,0.0,4.406454732175916,7.576047006295994
0.05,35,701095136,1.9057190418243408,0.0,0.0,4.366944504901767,8.20553999801632
0.05,36,249069576,1.866010308265686,0.0,0.0,4.348243509186432,7.633886998519301
0.05,37,1576098728,1.8997400999069214,0.0,0.0,4.3738025994971395,7.546460998128168
0.05,38,1662748500,1.9037437438964844,0.0,0.0,4.351559469709173,8.074049997958355
0.05,39,472736216,1.887884497642517,0.0,0.0,4.376041885232553,7.379646995104849
0.05,40,1535411295,1.8728169202804565,0.0,0.0,4.3728438024409115,7.486495000193827
0.05,41,175223003,1.85090970993042,0.0,0.0,4.416313959285617,7.502742999349721
0.05,42,840936862,1.8557103872299194,0.0,0.0,4.370890527497977,7.46808698750101
0.05,43,343373188,1.8757221698760986,0.0,0.0,4.350009200396016,7.4705709994304925
0.05,44,1597751082,1.9223109483718872,0.0,0.0,4.377217302797362,7.578755001304671
0.05,45,730359585,1.89509117603302,0.0,0.0,4.349375013029203,7.866323008784093
0.05,46,1016641002,1.907662272453308,0.0,0.0,4.294923851266503,7.7370070066535845
0.05,47,998994690,1.8406267166137695,0.0,0.0,4.400413597933948,7.142753005609848
0.05,48,1021240743,1.9101765155792236,0.0,0.0,4.386148775462061,7.49813299626112
0.05,49,572134801,1.9291061162948608,0.0,0.0,4.316824928391725,7.764602996758185
0.05,50,1198399760,1.879429817199707,0.0,0.0,4.368274017004296,7.477847000700422
0.05,51,1751866485,1.8898223638534546,0.0,0.0,4.374760967446491,7.819555001333356
0.05,52,1070889713,1.8926200866699219,0.0,0.0,4.350371493026614,8.342062996234745
0.05,53,415096539,1.874904751777649,0.0,0.0,4.441082474775612,8.014583989279345
0.05,54,52416235,1.9557007551193237,0.0,0.0,4.296884471317753,7.424943003570661
0.05,55,278032723,1.8706756830215454,0.0,0.0,4.350754973012954,7.669634011108428
0.05,56,174946158,1.8675183057785034,0.0,0.0,4.430889762705192,7.639953997568227
0.05,57,196848554,1.908169150352478,0.0,0.0,4.372921861242503,7.815040007699281
0.05,58,263030910,1.7883436679840088,0.0,0.0,4.4577251323498785,7.743756999843754
0.05,59,1285415020,1.8417606353759766,0.0,0.0,4.3859889099840075,7.359664989053272
0.05,60,1733223444,1.838752269744873,0.0,0.0,4.372511345660314,7.799648999935016
0.05,61,1835544261,1.8409173488616943,0.0,0.0,4.405217547900975,7.735112987575121
0.05,62,1403186970,1.8244028091430664,0.0,0.0,4.373831775039434,7.640217008884065
0.05,63,1291971777,1.7991799116134644,0.0,0.0,4.364388950634748,7.153263999498449
0.05,64,712292067,1.8542231321334839,0.0,0.0,4.422878329176456,8.328887008246966
0.05,65,2001429764,1.8916414976119995,0.0,0.0,4.377744936384261,7.791021998855285
0.05,66,1375664061,1.8551983833312988,0.0,0.0,4.353665387025103,7.701588998315856
0.05,67,1556456120,1.9041188955307007,0.0,0.0,4.402467614272609,7.580784003948793
0.05,68,1576053187,1.8853906393051147,0.0,0.0,4.289897845359519,7.685891003347933
0.05,69,1848019881,1.9157154560089111,0.0,0.0,4.3603191040456295,7.473728008335456
0.05,70,1508652585,1.9315916299819946,0.0,0.0,4.3716072319075465,7.725239003775641
0.05,71,1995737731,1.832806944847107,0.0,0.0,4.374930918915197,7.30318900605198
0.05,72,1162788447,1.8571242094039917,0.0,0.0,4.411127592204139,7.975594999152236
0.05,73,1172925522,1.8544367551803589,0.0,0.0,4.286018184386194,7.309467997401953
0.05,74,539174575,1.9055126905441284,0.0,0.0,4.418299805140123,9.315327988588251
0.05,75,2013637345,1.8548388481140137,0.0,0.0,4.359965943265706,7.181730004958808
0.05,76,1187468716,1.924973964691162,0.0,0.0,4.34906261228025,7.888272011769004
0.05,77,1062978506,1.842612862586975,0.0,0.0,4.3990403360221535,7.906504004495218
0.05,78,679326770,1.8779535293579102,0.0,0.0,4.41018363670446,8.032179990550503
0.05,79,587923432,1.8615695238113403,0.0,0.0,4.482523714425042,7.646436992217787
0.05,80,1359889667,1.860060453414917,0.0,0.0,4.330733000533655,7.03205399622675
0.05,81,970187386,1.8856922388076782,0.0,0.0,4.412105476018041,7.960670001921244
0.05,82,1219839873,1.8296167850494385,0.0,0.0,4.447781703667715,8.17288100370206
0.05,83,1428160212,1.852561593055725,0.0,0.0,4.427750235423446,7.5086120050400496
0.05,84,1930609499,1.85910964012146,0.0,0.0,4.29148606560193,16.98888899409212
0.05,85,710582861,1.8980731964111328,0.0,0.0,4.350814127596095,8.639046995085664
0.05,86,1463614337,1.870319128036499,0.0,0.0,4.365536300698295,7.676755005377345
0.05,87,1940152705,1.8719674348831177,0.0,0.0,4.344319269293919,7.472632001736201
0.05,88,985452196,1.869661808013916,0.0,0.0,4.369873519986868,8.049034004216082
0.05,89,552062587,1.9188861846923828,0.0,0.0,4.314755424624309,7.252969007822685
0.05,90,623566272,1.8710829019546509,0.0,0.0,4.33808265440166,8.161051999195479
0.05,91,729775797,1.8547230958938599,0.0,0.0,4.446984216570854,7.512115000281483
0.05,92,1352536665,1.8856940269470215,0.0,0.0,4.4498305902816355,7.448623000527732
0.05,93,555883440,1.8243590593338013,0.0,0.0,4.394843949470669,7.324741993215866
0.05,94,1801800003,1.8927276134490967,0.0,0.0,4.340401287190616,7.850570997106843
0.05,95,763315502,1.925559401512146,0.0,0.0,4.4207674586214125,8.583827002439648
0.05,96,138897982,1.8927345275878906,0.0,0.0,4.339443388395011,8.352267002919689
0.05,97,10785379,1.781413197517395,0.0,0.0,4.609293848276138,7.812967000063509
0.05,98,53923185,1.8714264631271362,0.0,0.0,4.437610097695142,8.082535001449287
0.05,99,1349917978,1.8697668313980103,0.0,0.0,4.422489220276475,7.688452998991124
0.051,0,1501552845,1.8701205253601074,0.0,0.0,4.3768238122574985,7.808112990460359
0.051,1,488200390,1.9364289045333862,0.0,0.0,4.343661384889856,7.842662002076395
0.051,2,1693606510,1.8697950839996338,0.0,0.0,4.366467238403857,7.71715200971812
0.051,3,680233354,1.8764735460281372,0.0,0.0,4.339246910298243,7.648097001947463
0.051,4,438466540,1.8163487911224365,0.0,0.0,4.452328755520284,8.11516199610196
0.051,5,1712329280,1.9031250476837158,0.0,0.0,4.365496167680249,7.95208899944555
0.051,6,1380152455,1.900734782218933,0.0,0.0,4.334030046127737,7.67017099133227
0.051,7,1452245846,1.8927617073059082,0.0,0.0,4.374364042421803,7.985010990523733
0.051,8,2122694021,1.882303237915039,0.0,0.0,4.4407188452314585,7.944183002109639
0.051,9,839901363,1.8609740734100342,0.0,0.0,4.391143312677741,7.405625990941189
0.051,10,1802651552,1.8371810913085938,0.0,0.0,4.379963369341567,7.703962008235976
0.051,11,714712467,1.8801050186157227,0.0,0.0,4.345391302835196,8.106111999950372
0.051,12,1218704077,1.8578965663909912,0.0,0.0,4.449046336347237,7.602422003401443
0.051,13,1284858263,1.810255765914917,0.0,0.0,4.468405453022569,7.531676004873589
0.051,14,457721135,1.820974349975586,0.0,0.0,4.385842920513824,7.670803999644704
0.051,15,401008609,1.8658658266067505,0.0,0.0,4.386029200162739,7.60909600649029
0.051,16,492064534,1.8676196336746216,0.0,0.0,4.413194231223315,7.71872499899473
0.051,17,1444732602,1.935331106185913,0.0,0.0,4.372909685596824,7.396283996058628
0.051,18,1317426686,1.842524528503418,0.0,0.0,4.3485790668055415,7.729985009063967
0.051,19,2022506251,1.8501901626586914,0.0,0.0,4.43305871495977,7.760046006296761
0.051,20,1516459118,1.8318722248077393,0.0,0.0,4.397482043132186,7.901941993623041
0.051,21,533103612,1.8134396076202393,0.0,0.0,4.4170174999162555,7.953585998620838
0.051,22,1964759878,1.856534481048584,0.0,0.0,4.4252219528425485,7.774893005262129
0.051,23,2037706756,1.8425228595733643,0.0,0.0,4.474041312932968,7.336370996199548
0.051,24,1572889065,1.8499269485473633,0.0,0.0,4.391368956770748,7.130460988264531
0.051,25,1432881518,1.8887546062469482,0.0,0.0,4.308275313815102,7.637151997187175
0.051,26,280516901,1.8505446910858154,0.0,0.0,4.348414748674259,7.636087000719272
0.051,27,205939248,1.8781383037567139,0.0,0.0,4.448541975580156,7.997561988304369
0.051,28,571904914,1.8446518182754517,0.0,0.0,4.44803031720221,7.631471991771832
0.051,29,948843457,1.901983618736267,0.0,0.0,4.434758047806099,7.4735959933605045
0.051,30,155492488,1.8732503652572632,0.0,0.0,4.3373602230567485,7.984438998391852
0.051,31,1903701130,1.8966068029403687,0.0,0.0,4.403604943770915,7.976752007380128
0.051,32,1017961266,1.928517460823059,0.0,0.0,4.274259571218863,7.499516999814659
0.051,33,1497769985,1.8840502500534058,0.0,0.0,4.385317040840164,7.727192001766525
0.051,34,456523489,1.8831777572631836,0.0,0.0,4.385016109095886,8.406869994360022
0.051,35,701095136,1.9116528034210205,0.0,0.0,4.3696533555630594,7.430251003825106
0.051,36,249069576,1.849258303642273,0.0,0.0,4.337154215667397,8.02284199744463
0.051,37,1576098728,1.9013034105300903,0.0,0.0,4.372198770754039,7.479394000256434
0.051,38,1662748500,1.9075238704681396,0.0,0.0,4.34483686927706,7.8764719946775585
0.051,39,472736216,1.8895665407180786,0.0,0.0,4.37776138400659,7.304899001610465
0.051,40,1535411295,1.8807016611099243,0.0,0.0,4.349489325424656,7.796325997333042
0.051,41,175223003,1.8607629537582397,0.0,0.0,4.396022551460192,7.467115006875247
0.051,42,840936862,1.8576961755752563,0.0,0.0,4.373246236238629,7.730189987341873
0.051,43,343373188,1.875786304473877,0.0,0.0,4.355443588690832,7.954501998028718
0.051,44,1597751082,1.9288042783737183,0.0,0.0,4.377636281074956,9.075035995920189
0.051,45,730359585,1.90023672580719,0.0,0.0,4.352172394050285,7.9824769927654415
0.051,46,1016641002,1.9052860736846924,0.0,0.0,4.29632411012426,7.6602369954343885
0.051,47,998994690,1.8463783264160156,0.0,0.0,4.39751161262393,11.452980994363315
0.051,48,1021240743,1.918491244316101,0.0,0.0,4.374906719662249,7.308193002245389
0.051,49,572134801,1.933864712715149,0.0,0.0,4.318876419216394,8.594524013460614
0.051,50,1198399760,1.8844735622406006,0.0,0.0,4.37534656166099,7.844492996810004
0.051,51,1751866485,1.8938006162643433,0.0,0.0,4.377690332010388,7.600741999340244
0.051,52,1070889713,1.8943960666656494,0.0,0.0,4.352503845002502,7.500780004193075
0.051,53,415096539,1.8767060041427612,0.0,0.0,4.442853047745302,8.176932999049313
0.051,54,52416235,1.9606144428253174,0.0,0.0,4.301260778447613,7.712185004493222
0.051,55,278032723,1.8766766786575317,0.0,0.0,4.346249568276107,7.861081001465209
0.051,56,174946158,1.8708003759384155,0.0,0.0,4.430454121436924,7.476995000615716
0.051,57,196848554,1.9105092287063599,0.0,0.0,4.364948879927397,7.824738000635989
0.051,58,263030910,1.790036678314209,0.0,0.0,4.462275977246463,7.706901000346988
0.051,59,1285415020,1.8504003286361694,0.0,0.0,4.399006299907342,7.660692004719749
0.051,60,1733223444,1.8560070991516113,0.0,0.0,4.390953153371811,8.214262008550577
0.051,61,1835544261,1.8417372703552246,0.0,0.0,4.392722333082929,7.690623999224044
0.051,62,1403186970,1.8280470371246338,0.0,0.0,4.377207448706031,7.4617299978854135
0.051,63,1291971777,1.8358012437820435,0.0,0.0,4.334779710043222,7.927975006168708
0.051,64,712292067,1.8572142124176025,0.0,0.0,4.405835379147902,7.690261991228908
0.051,65,2001429764,1.9034466743469238,0.0,0.0,4.375922990264371,7.715119994827546
0.051,66,1375664061,1.860674500465393,0.0,0.0,4.354884141357616,7.983594012330286
0.051,67,1556456120,1.9071650505065918,0.0,0.0,4.406162140192464,7.6475170062622055
0.051,68,1576053187,1.870968222618103,0.0,0.0,4.298701354768127,7.453682002960704
0.051,69,1848019881,1.9195517301559448,0.0,0.0,4.364765860140324,12.51983801194001
0.051,70,1508652585,1.9340211153030396,0.0,0.0,4.370554522611201,7.482769011403434
0.051,71,1995737731,1.8346226215362549,0.0,0.0,4.362157497787848,7.832614006474614
0.051,72,1162788447,1.8510608673095703,0.0,0.0,4.410260902252048,7.4369049980305135
0.051,73,1172925522,1.856518030166626,0.0,0.0,4.289945415453985,7.824226006050594
0.051,74,539174575,1.9050730466842651,0.0,0.0,4.394978390075266,7.975656000780873
0.051,75,2013637345,1.857131004333496,0.0,0.0,4.360237075248733,7.850305002648383
0.051,76,1187468716,1.9281806945800781,0.0,0.0,4.344828673405573,8.08023099671118
0.051,77,1062978506,1.850487232208252,0.0,0.0,4.403960663126782,7.920760006527416
0.051,78,679326770,1.8788814544677734,0.0,0.0,4.390335323987529,8.052388002397493
0.051,79,587923432,1.8679779767990112,0.0,0.0,4.483031019801274,7.127507997211069
0.051,80,1359889667,1.8579902648925781,0.0,0.0,4.337177861947566,7.906589991762303
0.051,81,970187386,1.8871865272521973,0.0,0.0,4.402607592288405,7.713015002082102
0.051,82,1219839873,1.83543860912323,0.0,0.0,4.419769769301638,7.387727004243061
0.051,83,1428160212,1.857622504234314,0.0,0.0,4.429776083910838,7.422609007335268
0.051,84,1930609499,1.8646085262298584,0.0,0.0,4.299888440873474,7.8195399983087555
0.051,85,710582861,1.9039722681045532,0.0,0.0,4.353999104350805,7.747508003376424
0.051,86,1463614337,1.8653554916381836,0.0,0.0,4.3685246638488024,8.28519300557673
0.051,87,1940152705,1.8758578300476074,0.0,0.0,4.349215894471854,7.52241000009235
0.051,88,985452196,1.8721482753753662,0.0,0.0,4.354703105054796,7.985021991771646
0.051,89,552062587,1.921213984489441,0.0,0.0,4.306123034795746,7.801043990184553
0.051,90,623566272,1.865354061126709,0.0,0.0,4.337439401540905,8.540901995729655
0.051,91,729775797,1.856715202331543,0.0,0.0,4.449455946218222,8.102334992145188
0.051,92,1352536665,1.8959331512451172,0.0,0.0,4.429611417464912,8.185471000615507
0.051,93,555883440,1.835809588432312,0.0,0.0,4.377552420832217,8.157724994816817
0.051,94,1801800003,1.8963366746902466,0.0,0.0,4.331361149670556,8.273197003290989
0.051,95,763315502,1.9244883060455322,0.0,0.0,4.419453006004915,7.507768998038955
0.051,96,138897982,1.8930869102478027,0.0,0.0,4.34015950653702,8.184382008039393
0.051,97,10785379,1.7833070755004883,0.0,0.0,4.612756592454389,8.05873800709378
0.051,98,53923185,1.875591516494751,0.0,0.0,4.440419840626419,8.70956499420572
0.051,99,1349917978,1.8732713460922241,0.0,0.0,4.424514337442815,7.690450001973659
0.052,0,1501552845,1.8714405298233032,0.0,0.0,4.3768172659911215,7.244521999382414
0.052,1,488200390,1.9418305158615112,0.0,0.0,4.345752329565585,7.685114003834315
0.052,2,1693606510,1.875847578048706,0.0,0.0,4.374014121945947,7.567181994090788
0.052,3,680233354,1.8795918226242065,0.0,0.0,4.315245490288362,7.997734006494284
0.052,4,438466540,1.8227818012237549,0.0,0.0,4.456458535743877,7.987666002009064
0.052,5,1712329280,1.9069745540618896,0.0,0.0,4.362548809265718,7.648498998605646
0.052,6,1380152455,1.9056004285812378,0.0,0.0,4.345933044329286,7.815459000994451
0.052,7,1452245846,1.878842830657959,0.0,0.0,4.371380100492388,8.508796003297903
0.052,8,2122694021,1.8893548250198364,0.0,0.0,4.429399060783908,7.837507000658661
0.052,9,839901363,1.8636422157287598,0.0,0.0,4.398453918751329,7.8418160119326785
0.052,10,1802651552,1.8403328657150269,0.0,0.0,4.367235376732424,8.430040994426236
0.052,11,714712467,1.874955654144287,0.0,0.0,4.331293943338096,8.104900989565067
0.052,12,1218704077,1.8597896099090576,0.0,0.0,4.4512285713572055,7.525573004386388
0.052,13,1284858263,1.8128952980041504,0.0,0.0,4.4606733752880245,7.48083800135646
0.052,14,457721135,1.8201242685317993,0.0,0.0,4.387455909745768,8.251713996287435
0.052,15,401008609,1.8668490648269653,0.0,0.0,4.387493728660047,7.867489999625832
0.052,16,492064534,1.875680685043335,0.0,0.0,4.416164266876876,7.4197119974996895
0.052,17,1444732602,1.9394419193267822,0.0,0.0,4.372212921269238,8.068784009083174
0.052,18,1317426686,1.848941683769226,0.0,0.0,4.35215286933817,7.858346987632103
0.052,19,2022506251,1.8527792692184448,0.0,0.0,4.420812266413122,8.40094400336966
0.052,20,1516459118,1.835651159286499,0.0,0.0,4.403623696882278,7.270810005138628
0.052,21,533103612,1.8414363861083984,0.0,0.0,4.392994994996116,8.271304002846591
0.052,22,1964759878,1.8560682535171509,0.0,0.0,4.417060304898769,7.614212998305447
0.052,23,2037706756,1.8406351804733276,0.0,0.0,4.462315504439175,7.878374992287718
0.052,24,1572889065,1.8305833339691162,0.0,0.0,4.372416213853285,8.03072500275448
0.052,25,1432881518,1.890224814414978,0.0,0.0,4.310561104910448,7.374310996965505
0.052,26,280516901,1.8553088903427124,0.0,0.0,4.351845307042822,8.21762099803891
0.052,27,205939248,1.879687786102295,0.0,0.0,4.433461347594857,7.899776988779195
0.052,28,571904914,1.8372069597244263,0.0,0.0,4.449178331065923,7.737217994872481
0.052,29,948843457,1.8963563442230225,0.0,0.0,4.432631018105894,7.462583991582505
0.052,30,155492488,1.8702943325042725,0.0,0.0,4.337620763340965,7.638828989001922
0.052,31,1903701130,1.8997389078140259,0.0,0.0,4.405567347072065,8.437602999038063
0.052,32,1017961266,1.9316692352294922,0.0,0.0,4.2745688133873045,7.880171004217118
0.052,33,1497769985,1.8894834518432617,0.0,0.0,4.388825393514708,7.72665100521408
0.052,34,456523489,1.8889126777648926,0.0,0.0,4.385986439650878,7.530107002821751
0.052,35,701095136,1.918311357498169,0.0,0.0,4.362886949442327,7.688507001148537
0.052,36,249069576,1.8620959520339966,0.0,0.0,4.349432583898306,7.438152999384329
0.052,37,1576098728,1.9057152271270752,0.0,0.0,4.375104495324194,8.37320000573527
0.052,38,1662748500,1.9107974767684937,0.0,0.0,4.347052754601464,7.411701008095406
0.052,39,472736216,1.8885743618011475,0.0,0.0,4.343599116895348,8.094744989648461
0.052,40,1535411295,1.8867172002792358,0.0,0.0,4.351342183770612,7.7098379988456145
0.052,41,175223003,1.8632540702819824,0.0,0.0,4.398262112168595,8.441776008112356
0.052,42,840936862,1.8632092475891113,0.0,0.0,4.375280076172203,7.7225389977684245
0.052,43,343373188,1.87803316116333,0.0,0.0,4.358094074297696,7.63838499551639
0.052,44,1597751082,1.9319795370101929,0.0,0.0,4.380177484359592,8.28840199392289
0.052,45,730359585,1.9021419286727905,0.0,0.0,4.358147609746084,7.933022003271617
0.052,46,1016641002,1.9122751951217651,0.0,0.0,4.291840265272185,7.992443002876826
0.052,47,998994690,1.85152006149292,0.0,0.0,4.399418609915301,7.793713011778891
0.052,48,1021240743,1.9229141473770142,0.0,0.0,4.376234408468008,8.163660997524858
0.052,49,572134801,1.935534954071045,0.0,0.0,4.323231180664152,7.715792002272792
0.052,50,1198399760,1.8872395753860474,0.0,0.0,4.356757138855755,8.050543998251669
0.052,51,1751866485,1.8940184116363525,0.0,0.0,4.359127081232145,8.447157000773586
0.052,52,1070889713,1.903814435005188,0.0,0.0,4.346800969913602,7.757895000395365
0.052,53,415096539,1.8749734163284302,0.0,0.0,4.44127838825807,7.4053260032087564
0.052,54,52416235,1.965383529663086,0.0,0.0,4.304584899917245,7.857008997234516
0.052,55,278032723,1.8797695636749268,0.0,0.0,4.335024093976244,7.983890987816267
0.052,56,174946158,1.8751033544540405,0.0,0.0,4.42450126982294,10.304690003977157
0.052,57,196848554,1.9104063510894775,0.0,0.0,4.3649011752568185,7.501947999116965
0.052,58,263030910,1.7943098545074463,0.0,0.0,4.464935927186161,8.176057992386632
0.052,59,1285415020,1.848877191543579,0.0,0.0,4.38457976677455,7.86626800254453
0.052,60,1733223444,1.831606388092041,0.0,0.0,4.386874383548275,8.869655997841619
0.052,61,1835544261,1.8396567106246948,0.0,0.0,4.392853803234175,7.799569997587241
0.052,62,1403186970,1.8336328268051147,0.0,0.0,4.347142182756215,7.811282994225621
0.052,63,1291971777,1.8391064405441284,0.0,0.0,4.327355252346024,8.6178280034801
0.052,64,712292067,1.8590240478515625,0.0,0.0,4.406085171503946,8.430551999481395
0.052,65,2001429764,1.910940408706665,0.0,0.0,4.383098053745925,8.52293700154405
0.052,66,1375664061,1.8607614040374756,0.0,0.0,4.357209251727909,7.9038599942578
0.052,67,1556456120,1.9090521335601807,0.0,0.0,4.402081078849733,7.929281011456624
0.052,68,1576053187,1.898140788078308,0.0,0.0,4.291608858387917,7.639552990440279
0.052,69,1848019881,1.9222545623779297,0.0,0.0,4.364698029123247,7.928021004772745
0.052,70,1508652585,1.938929796218872,0.0,0.0,4.374003122095019,7.711466998443939
0.052,71,1995737731,1.8354153633117676,0.0,0.0,4.371562570333481,8.669631002703682
0.052,72,1162788447,1.854824185371399,0.0,0.0,4.410061500035226,8.076008001808077
0.052,73,1172925522,1.8598730564117432,0.0,0.0,4.2926203976385295,7.976135995704681
0.052,74,539174575,1.9111284017562866,0.0,0.0,4.43265624018386,7.754917998681776
0.052,75,2013637345,1.860538363456726,0.0,0.0,4.363577748881653,8.45241200295277
0.052,76,1187468716,1.9325392246246338,0.0,0.0,4.3377447875682265,7.5109619938302785
0.052,77,1062978506,1.852651596069336,0.0,0.0,4.39494306105189,7.94365699402988
0.052,78,679326770,1.8816317319869995,0.0,0.0,4.391182536026463,7.5045169942313805
0.052,79,587923432,1.8752095699310303,0.0,0.0,4.482613088330254,8.034268001210876
0.052,80,1359889667,1.8665307760238647,0.0,0.0,4.330533628584817,7.569907000288367
0.052,81,970187386,1.8902006149291992,0.0,0.0,4.405195296276361,7.744264992652461
0.052,82,1219839873,1.8391324281692505,0.0,0.0,4.424793185200542,7.963605006807484
0.052,83,1428160212,1.858987808227539,0.0,0.0,4.428482071263716,7.603431004099548
0.052,84,1930609499,1.8638591766357422,0.0,0.0,4.297188027296215,7.532001007348299
0.052,85,710582861,1.9086029529571533,0.0,0.0,4.3568815612234175,7.769452000502497
0.052,86,1463614337,1.8661030530929565,0.0,0.0,4.358790933387354,8.081725012743846
0.052,87,1940152705,1.879173755645752,0.0,0.0,4.334014568012208,7.8578049869975075
0.052,88,985452196,1.8763306140899658,0.0,0.0,4.375898229656741,7.475381004041992
0.052,89,552062587,1.924013376235962,0.0,0.0,4.286210258724168,7.503807995817624
0.052,90,623566272,1.8688838481903076,0.0,0.0,4.329651527106762,7.86354900628794
0.052,91,729775797,1.8585350513458252,0.0,0.0,4.453015563776717,8.048738993238658
0.052,92,1352536665,1.8999719619750977,0.0,0.0,4.438292140839621,7.798380000167526
0.052,93,555883440,1.8299490213394165,0.0,0.0,4.378769384231418,7.741969006019644
0.052,94,1801800003,1.9017634391784668,0.0,0.0,4.3158405555877835,7.627578001120128
0.052,95,763315502,1.9271162748336792,0.0,0.0,4.421023676870391,8.123805004288442
0.052,96,138897982,1.8904013633728027,0.0,0.0,4.335145118180662,7.729295000899583
0.052,97,10785379,1.8663010597229004,0.0,0.0,4.49303130665794,7.637261995114386
0.052,98,53923185,1.8779964447021484,0.0,0.0,4.432511807885021,7.899107004050165
0.052,99,1349917978,1.8735690116882324,0.0,0.0,4.405872544972226,7.831342998542823
0.053,0,1501552845,1.8744816780090332,0.0,0.0,4.371109493309632,7.812326002749614
0.053,1,488200390,1.949308156967163,0.0,0.0,4.334661302156746,7.729328004643321
0.053,2,1693606510,1.8779631853103638,0.0,0.0,4.37723696231842,7.934592998935841
0.053,3,680233354,1.8853286504745483,0.0,0.0,4.315068752504885,7.296387004316784
0.053,4,438466540,1.8578364849090576,0.0,0.0,4.467297229915857,7.7721970010316
0.053,5,1712329280,1.920015573501587,0.0,0.0,4.366048997500911,7.027810992440209
0.053,6,1380152455,1.9062325954437256,0.0,0.0,4.3381427091080695,8.073278004303575
0.053,7,1452245846,1.8920994997024536,0.0,0.0,4.372573639266193,7.713358994806185
0.053,8,2122694021,1.8951356410980225,0.0,0.0,4.432785687735304,9.060680997208692
0.053,9,839901363,1.8714107275009155,0.0,0.0,4.381779616465792,7.290533001651056
0.053,10,1802651552,1.8393768072128296,0.0,0.0,4.368561991723254,7.76314600079786
0.053,11,714712467,1.880624771118164,0.0,0.0,4.333156753797084,7.68472500203643
0.053,12,1218704077,1.8615831136703491,0.0,0.0,4.453680628910661,7.5283740006852895
0.053,13,1284858263,1.8108954429626465,0.0,0.0,4.466079303296283,7.420719994115643
0.053,14,457721135,1.8248600959777832,0.0,0.0,4.389151337789372,7.5324679928598925
0.053,15,401008609,1.8636271953582764,0.0,0.0,4.389888638397679,7.367066995357163
0.053,16,492064534,1.880684733390808,0.0,0.0,4.3878328807186335,7.713416998740286
0.053,17,1444732602,1.9445583820343018,0.0,0.0,4.365267077228054,7.877822004957125
0.053,18,1317426686,1.8523257970809937,0.0,0.0,4.354667132953182,7.533577008871362
0.053,19,2022506251,1.8558634519577026,0.0,0.0,4.421169456792995,7.673015003092587
0.053,20,1516459118,1.8468784093856812,0.0,0.0,4.408276652451605,7.959059992572293
0.053,21,533103612,1.8344441652297974,0.0,0.0,4.383630340220407,7.654555010958575
0.053,22,1964759878,1.8636536598205566,0.0,0.0,4.421244575409219,7.789556999341585
0.053,23,2037706756,1.845811128616333,0.0,0.0,4.437566593755037,7.717141998000443
0.053,24,1572889065,1.8345248699188232,0.0,0.0,4.374900459544733,7.920180010842159
0.053,25,1432881518,1.891404628753662,0.0,0.0,4.311460962286219,7.613106994540431
0.053,26,280516901,1.8578360080718994,0.0,0.0,4.347192724701017,7.681973002036102
0.053,27,205939248,1.8859528303146362,0.0,0.0,4.43012349284254,7.419350004056469
0.053,28,571904914,1.8510816097259521,0.0,0.0,4.45677622477524,7.370181003352627
0.053,29,948843457,1.891007661819458,0.0,0.0,4.428862066008151,7.764649999444373
0.053,30,155492488,1.8804759979248047,0.0,0.0,4.314883636776358,7.601896999403834
0.053,31,1903701130,1.9041740894317627,0.0,0.0,4.409832950681448,7.675568005652167
0.053,32,1017961266,1.9349228143692017,0.0,0.0,4.270559162599966,7.436865009367466
0.053,33,1497769985,1.8932034969329834,0.0,0.0,4.395114344311878,7.713507002335973
0.053,34,456523489,1.8842098712921143,0.0,0.0,4.364720476325601,8.023354996112175
0.053,35,701095136,1.9262102842330933,0.0,0.0,4.365075225941837,7.744841001112945
0.053,36,249069576,1.8688246011734009,0.0,0.0,4.352514019235969,7.684333992074244
0.053,37,1576098728,1.9092955589294434,0.0,0.0,4.378898411989212,7.370021994574927
0.053,38,1662748500,1.8974602222442627,0.0,0.0,4.347017053281888,7.874226997955702
0.053,39,472736216,1.889987587928772,0.0,0.0,4.3464898760430515,7.531076989835128
0.053,40,1535411295,1.8910945653915405,0.0,0.0,4.346971854800358,7.931828004075214
0.053,41,175223003,1.8681979179382324,0.0,0.0,4.386589036555961,7.959955997648649
0.053,42,840936862,1.8648191690444946,0.0,0.0,4.376095542917028,7.719318004092202
0.053,43,343373188,1.879287838935852,0.0,0.0,4.345416808268055,7.939985996927135
0.053,44,1597751082,1.9369094371795654,0.0,0.0,4.372636321000755,7.599036995088682
0.053,45,730359585,1.9057835340499878,0.0,0.0,4.363925814628601,7.824137996067293
0.053,46,1016641002,1.9171223640441895,0.0,0.0,4.294396797893569,7.779613006277941
0.053,47,998994690,1.8492342233657837,0.0,0.0,4.376551801105961,7.708917008130811
0.053,48,1021240743,1.9237910509109497,0.0,0.0,4.377323608612642,8.129981011734344
0.053,49,572134801,1.9326456785202026,0.0,0.0,4.325246024876833,7.6894399971934035
0.053,50,1198399760,1.8889641761779785,0.0,0.0,4.358880922663957,7.563666993519291
0.053,51,1751866485,1.8948819637298584,0.0,0.0,4.36008443729952,7.587204992887564
0.053,52,1070889713,1.9074007272720337,0.0,0.0,4.352866789791733,7.634641006006859
0.053,53,415096539,1.8825104236602783,0.0,0.0,4.429722308879718,7.350738000241108
0.053,54,52416235,1.9679293632507324,0.0,0.0,4.307046341476962,7.716374995652586
0.053,55,278032723,1.8842324018478394,0.0,0.0,4.332709633046761,7.76104700344149
0.053,56,174946158,1.8771783113479614,0.0,0.0,4.426612900337204,7.800577994203195
0.053,57,196848554,1.9135725498199463,0.0,0.0,4.366477072937414,8.137202996294945
0.053,58,263030910,1.7903144359588623,0.0,0.0,4.453225288074464,12.252624001121148
0.053,59,1285415020,1.850003719329834,0.0,0.0,4.385164965642616,7.5776750018121675
0.053,60,1733223444,1.8480044603347778,0.0,0.0,4.398171419510618,7.266321001225151
0.053,61,1835544261,1.8429193496704102,0.0,0.0,4.405621100682765,7.897807008703239
0.053,62,1403186970,1.8368215560913086,0.0,0.0,4.350273077143356,7.568835004349239
0.053,63,1291971777,1.8575142621994019,0.0,0.0,4.340731746517122,7.534924006904475
0.053,64,712292067,1.8580822944641113,0.0,0.0,4.40995223284699,7.790342002408579
0.053,65,2001429764,1.9093515872955322,0.0,0.0,4.382469947449863,7.674941007280722
0.053,66,1375664061,1.8632928133010864,0.0,0.0,4.360913422424346,7.658900009118952
0.053,67,1556456120,1.9142489433288574,0.0,0.0,4.403912822715938,8.035213002585806
0.053,68,1576053187,1.8938755989074707,0.0,0.0,4.302840591408312,7.487861003028229
0.053,69,1848019881,1.9264392852783203,0.0,0.0,4.371892163529992,7.4719889962580055
0.053,70,1508652585,1.9414918422698975,0.0,0.0,4.377484982367605,7.539195998106152
0.053,71,1995737731,1.8437856435775757,0.0,0.0,4.362983263796195,7.714899998973124
0.053,72,1162788447,1.857614517211914,0.0,0.0,4.4104684388730675,7.714863008004613
0.053,73,1172925522,1.8634203672409058,0.0,0.0,4.286094615003094,7.885282000643201
0.053,74,539174575,1.912379503250122,0.0,0.0,4.408871649065986,6.894271995406598
0.053,75,2013637345,1.8615679740905762,0.0,0.0,4.354347129585221,8.999433004646562
0.053,76,1187468716,1.9375102519989014,0.0,0.0,4.3400380639359355,8.729264998692088
0.053,77,1062978506,1.8557937145233154,0.0,0.0,4.396548742195591,7.168787997215986
0.053,78,679326770,1.8842734098434448,0.0,0.0,4.392495220527053,7.313731999602169
0.053,79,587923432,1.8859889507293701,0.0,0.0,4.466871857875958,7.676029999856837
0.053,80,1359889667,1.8665908575057983,0.0,0.0,4.332708971109241,7.862425001803786
0.053,81,970187386,1.893233060836792,0.0,0.0,4.409973294241354,7.883697995566763
0.053,82,1219839873,1.842925786972046,0.0,0.0,4.4266496582422405,7.620559001225047
0.053,83,1428160212,1.863268494606018,0.0,0.0,4.432860121596605,7.458869004040025
0.053,84,1930609499,1.869344711303711,0.0,0.0,4.300345156341791,7.565026011434384
0.053,85,710582861,1.9135196208953857,0.0,0.0,4.358541147783399,7.454334991052747
0.053,86,1463614337,1.8592232465744019,0.0,0.0,4.381283389870077,7.675814995309338
0.053,87,1940152705,1.88335120677948,0.0,0.0,4.329539055703208,7.498940001823939
0.053,88,985452196,1.880962610244751,0.0,0.0,4.35754123236984,7.91935900633689
0.053,89,552062587,1.9238632917404175,0.0,0.0,4.290988081134856,7.4706979939946905
0.053,90,623566272,1.8739453554153442,0.0,0.0,4.332780141150579,7.630592008354142
0.053,91,729775797,1.860625147819519,0.0,0.0,4.455805605975911,8.253498992417008
0.053,92,1352536665,1.899997591972351,0.0,0.0,4.432049878174439,8.259629001258872
0.053,93,555883440,1.8331830501556396,0.0,0.0,4.380143523449078,7.757796993246302
0.053,94,1801800003,1.9074465036392212,0.0,0.0,4.323289246531203,7.660186995053664
0.053,95,763315502,1.928372859954834,0.0,0.0,4.414694183273241,7.619491996592842
0.053,96,138897982,1.897385835647583,0.0,0.0,4.329588897759095,7.47366099676583
0.053,97,10785379,1.7907198667526245,0.0,0.0,4.610205442644656,7.747934010694735
0.053,98,53923185,1.8798036575317383,0.0,0.0,4.407816804014146,7.711280006333254
0.053,99,1349917978,1.8769978284835815,0.0,0.0,4.40570740448311,8.24791299237404
0.054,0,1501552845,1.8785250186920166,0.0,0.0,4.359981217188761,7.983659001183696
0.054,1,488200390,1.9458786249160767,0.0,0.0,4.333165335468948,7.771524004056118
0.054,2,1693606510,1.8798130750656128,0.0,0.0,4.378399757668376,7.326705002924427
0.054,3,680233354,1.889449119567871,0.0,0.0,4.317088073119521,7.672592997550964
0.054,4,438466540,1.8306077718734741,0.0,0.0,4.437818457139656,8.046672999626026
0.054,5,1712329280,1.916762113571167,0.0,0.0,4.358182777417824,7.695396998315118
0.054,6,1380152455,1.9178833961486816,0.0,0.0,4.351727301022038,7.281179990968667
0.054,7,1452245846,1.8861783742904663,0.0,0.0,4.37401594617404,7.894891998148523
0.054,8,2122694021,1.8974034786224365,0.0,0.0,4.435721666319296,7.549663991085254
0.054,9,839901363,1.864419937133789,0.0,0.0,4.384138275170699,7.904814992798492
0.054,10,1802651552,1.826082468032837,0.0,0.0,4.383747534593567,7.455544997355901
0.054,11,714712467,1.8844902515411377,0.0,0.0,4.320006747264415,7.556087002740242
0.054,12,1218704077,1.8673632144927979,0.0,0.0,4.458707581972703,7.974427004228346
0.054,13,1284858263,1.821053385734558,0.0,0.0,4.468756910879165,7.695538006373681
0.054,14,457721135,1.8281724452972412,0.0,0.0,4.391503377817571,7.84451600338798
0.054,15,401008609,1.8671907186508179,0.0,0.0,4.391219422454014,12.890259007690474
0.054,16,492064534,1.8810679912567139,0.0,0.0,4.393356530927122,7.935971996630542
0.054,17,1444732602,1.9440993070602417,0.0,0.0,4.368549786275253,8.033416990656406
0.054,18,1317426686,1.855332374572754,0.0,0.0,4.36228721565567,7.462813009624369
0.054,19,2022506251,1.8590189218521118,0.0,0.0,4.427533908979967,7.684010997763835
0.054,20,1516459118,1.8496646881103516,0.0,0.0,4.392816853011027,8.239158007199876
0.054,21,533103612,1.8200371265411377,0.0,0.0,4.404122767271474,7.381055998848751
0.054,22,1964759878,1.8673871755599976,0.0,0.0,4.421899165259674,8.141584010445513
0.054,23,2037706756,1.8509081602096558,0.0,0.0,4.442606794415042,7.731951001915149
0.054,24,1572889065,1.8541431427001953,0.0,0.0,4.38304918515496,7.524745000409894
0.054,25,1432881518,1.9038143157958984,0.0,0.0,4.31318818568252,7.582407008158043
0.054,26,280516901,1.8625051975250244,0.0,0.0,4.345246405806392,8.482863995595835
0.054,27,205939248,1.8894965648651123,0.0,0.0,4.432516248431057,8.055802987655625
0.054,28,571904914,1.8370943069458008,0.0,0.0,4.439829301089048,7.85015600558836
0.054,29,948843457,1.90140700340271,0.0,0.0,4.435549236368388,7.686837008805014
0.054,30,155492488,1.876725673675537,0.0,0.0,4.330062469933182,8.116383993183263
0.054,31,1903701130,1.9075645208358765,0.0,0.0,4.412030853098258,7.420617999741808
0.054,32,1017961266,1.9377857446670532,0.0,0.0,4.269205470802262,7.151089987019077
0.054,33,1497769985,1.8980865478515625,0.0,0.0,4.386676326394081,7.528545000241138
0.054,34,456523489,1.8875094652175903,0.0,0.0,4.357519323704764,7.31482201081235
0.054,35,701095136,1.9304100275039673,0.0,0.0,4.36855418048799,8.077596998191439
0.054,36,249069576,1.8855875730514526,0.0,0.0,4.347296198131517,7.619132011313923
0.054,37,1576098728,1.914230227470398,0.0,0.0,4.359994020545855,7.95247100177221
0.054,38,1662748500,1.8987390995025635,0.0,0.0,4.334203717065975,7.902277997345664
0.054,39,472736216,1.8988641500473022,0.0,0.0,4.3793256904464215,7.910297994385473
0.054,40,1535411295,1.8888649940490723,0.0,0.0,4.3505019538570195,7.61988598969765
0.054,41,175223003,1.8701081275939941,0.0,0.0,4.3887315194588155,8.12435599800665
0.054,42,840936862,1.86837637424469,0.0,0.0,4.377254847437143,7.66350599587895
0.054,43,343373188,1.8691672086715698,0.0,0.0,4.367832764284685,7.551974995294586
0.054,44,1597751082,1.9392162561416626,0.0,0.0,4.37927925074473,7.56829499732703
0.054,45,730359585,1.9036928415298462,0.0,0.0,4.367725785356015,7.704981995630078
0.054,46,1016641002,1.924056887626648,0.0,0.0,4.296560059301555,7.4407000065548345
0.054,47,998994690,1.8542280197143555,0.0,0.0,4.381138062337413,8.4922400128562
0.054,48,1021240743,1.9300048351287842,0.0,0.0,4.358591845957562,7.6434770016931
0.054,49,572134801,1.9358419179916382,0.0,0.0,4.312944048084319,7.791569994878955
0.054,50,1198399760,1.8914083242416382,0.0,0.0,4.360132275382057,7.385727993096225
0.054,51,1751866485,1.8960106372833252,0.0,0.0,4.365826962748542,11.500730994157493
0.054,52,1070889713,1.9178135395050049,0.0,0.0,4.352545956149697,8.213123001041822
0.054,53,415096539,1.882314682006836,0.0,0.0,4.433950747363269,12.427624998963438
0.054,54,52416235,1.9718877077102661,0.0,0.0,4.310796994715929,8.181953002349474
0.054,55,278032723,1.885032296180725,0.0,0.0,4.334630604367703,8.339121995959431
0.054,56,174946158,1.8798953294754028,0.0,0.0,4.410138965817168,8.005613010027446
0.054,57,196848554,1.9171724319458008,0.0,0.0,4.361806217115372,7.762744993669912
0.054,58,263030910,1.7979681491851807,0.0,0.0,4.459988956339657,7.682456009206362
0.054,59,1285415020,1.852942943572998,0.0,0.0,4.386713116895407,7.557224002084695
0.054,60,1733223444,1.8384207487106323,0.0,0.0,4.394203260075301,7.651020001503639
0.054,61,1835544261,1.8443949222564697,0.0,0.0,4.393545662518591,7.383724005194381
0.054,62,1403186970,1.8389108180999756,0.0,0.0,4.353174692718312,7.221389998449013
0.054,63,1291971777,1.8602795600891113,0.0,0.0,4.343907180940732,7.693482009926811
0.054,64,712292067,1.8641678094863892,0.0,0.0,4.413030554074794,7.695335996686481
0.054,65,2001429764,1.916886568069458,0.0,0.0,4.385178969241679,7.84501300950069
0.054,66,1375664061,1.8671010732650757,0.0,0.0,4.363416732056066,7.526839995989576
0.054,67,1556456120,1.9167160987854004,0.0,0.0,4.4048624250572175,7.977949993801303
0.054,68,1576053187,1.9069019556045532,0.0,0.0,4.2877145109232515,7.225277993711643
0.054,69,1848019881,1.9284456968307495,0.0,0.0,4.360280358465388,8.107488989480771
0.054,70,1508652585,1.9429426193237305,0.0,0.0,4.382244864711538,7.534390999353491
0.054,71,1995737731,1.8387787342071533,0.0,0.0,4.374917129985988,7.426111988024786
0.054,72,1162788447,1.857262134552002,0.0,0.0,4.412354605039582,7.743013993604109
0.054,73,1172925522,1.8673944473266602,0.0,0.0,4.291108442703262,8.016816005692817
0.054,74,539174575,1.9152477979660034,0.0,0.0,4.4125751841347665,8.201043005101383
0.054,75,2013637345,1.8687199354171753,0.0,0.0,4.356766981072724,7.18696900003124
0.054,76,1187468716,1.941843032836914,0.0,0.0,4.3416100109461695,7.389624006464146
0.054,77,1062978506,1.8600572347640991,0.0,0.0,4.40580758289434,7.705748997977935
0.054,78,679326770,1.8864126205444336,0.0,0.0,4.389749486930668,8.198151001124643
0.054,79,587923432,1.8905110359191895,0.0,0.0,4.470475275069475,7.771819000481628
0.054,80,1359889667,1.873152256011963,0.0,0.0,4.337652474874631,7.979927991982549
0.054,81,970187386,1.8948925733566284,0.0,0.0,4.413190501276404,7.780692001688294
0.054,82,1219839873,1.847419261932373,0.0,0.0,4.431596950162202,7.655605993932113
0.054,83,1428160212,1.8664802312850952,0.0,0.0,4.434949098387733,8.263144991360605
0.054,84,1930609499,1.8735661506652832,0.0,0.0,4.302562083583325,8.072898999671452
0.054,85,710582861,1.915630578994751,0.0,0.0,4.360749285435304,7.687131990678608
0.054,86,1463614337,1.8274966478347778,0.0,0.0,4.392579598119482,7.351769003435038
0.054,87,1940152705,1.8872212171554565,0.0,0.0,4.323962981346995,7.575855997856706
0.054,88,985452196,1.8848642110824585,0.0,0.0,4.343478912953287,8.070448006037623
0.054,89,552062587,1.9278299808502197,0.0,0.0,4.301730718929321,7.8851569996913895
0.054,90,623566272,1.8864850997924805,0.0,0.0,4.319206208689138,7.593132002511993
0.054,91,729775797,1.8552345037460327,0.0,0.0,4.4567335525061935,8.236837995355017
0.054,92,1352536665,1.9048917293548584,0.0,0.0,4.431172383949161,7.829351001419127
0.054,93,555883440,1.8365669250488281,0.0,0.0,4.3701731422916055,7.607127001392655
0.054,94,1801800003,1.9105254411697388,0.0,0.0,4.325818038079888,7.384348995401524
0.054,95,763315502,1.9269561767578125,0.0,0.0,4.4288708788808435,7.82072899164632
0.054,96,138897982,1.8994619846343994,0.0,0.0,4.335521463304758,7.361501004197635
0.054,97,10785379,1.7949475049972534,0.0,0.0,4.616395972203463,7.99910600471776
0.054,98,53923185,1.8830190896987915,0.0,0.0,4.412073742598295,7.6849320030305535
0.054,99,1349917978,1.879765272140503,0.0,0.0,4.388290470000356,8.171363995643333
0.055,0,1501552845,1.8810192346572876,0.0,0.0,4.3412839223165065,7.605166989378631
0.055,1,488200390,1.940276026725769,0.0,0.0,4.336992481723428,7.790853007463738
0.055,2,1693606510,1.8900151252746582,0.0,0.0,4.364609949057922,7.777136008371599
0.055,3,680233354,1.8933290243148804,0.0,0.0,4.318464663112536,7.999932000529952
0.055,4,438466540,1.8319939374923706,0.0,0.0,4.444647013442591,7.576634001452476
0.055,5,1712329280,1.9196683168411255,0.0,0.0,4.36164439888671,7.742483998299576
0.055,6,1380152455,1.9206807613372803,0.0,0.0,4.3541310229338706,7.273909010109492
0.055,7,1452245846,1.8893167972564697,0.0,0.0,4.376706896582618,7.48929099063389
0.055,8,2122694021,1.899503231048584,0.0,0.0,4.436963724438101,7.411882004817016
0.055,9,839901363,1.8686069250106812,0.0,0.0,4.388101233635098,7.683079995331354
0.055,10,1802651552,1.8291118144989014,0.0,0.0,4.386810907628387,7.751376993837766
0.055,11,714712467,1.889298915863037,0.0,0.0,4.324752243002877,7.648963990504853
0.055,12,1218704077,1.8722996711730957,0.0,0.0,4.455831052036956,7.393904001219198
0.055,13,1284858263,1.8266838788986206,0.0,0.0,4.4729083576239645,7.771522999973968
0.055,14,457721135,1.834059238433838,0.0,0.0,4.375620657578111,7.297963995370083
0.055,15,401008609,1.8606288433074951,0.0,0.0,4.38995397510007,8.14401899697259
0.055,16,492064534,1.8835517168045044,0.0,0.0,4.399271635571495,7.790607996867038
0.055,17,1444732602,1.9448522329330444,0.0,0.0,4.373548638774082,7.910301996162161
0.055,18,1317426686,1.8625619411468506,0.0,0.0,4.356215768726543,7.201793996500783
0.055,19,2022506251,1.8621928691864014,0.0,0.0,4.429148625815287,7.791330004693009
0.055,20,1516459118,1.8552831411361694,0.0,0.0,4.398308684118092,7.585062005091459
0.055,21,533103612,1.817559003829956,0.0,0.0,4.406081955181435,7.901766992290504
0.055,22,1964759878,1.8724828958511353,0.0,0.0,4.411915807984769,7.473197008948773
0.055,23,2037706756,1.8547654151916504,0.0,0.0,4.44485941156745,7.68507900647819
0.055,24,1572889065,1.8403548002243042,0.0,0.0,4.387991315685213,8.009896002477035
0.055,25,1432881518,1.9081294536590576,0.0,0.0,4.320873646065593,7.686733995797113
0.055,26,280516901,1.8936890363693237,0.0,0.0,4.324210716877133,11.363582001649775
0.055,27,205939248,1.8976552486419678,0.0,0.0,4.436087822075933,17.180572991492227
0.055,28,571904914,1.8680920600891113,0.0,0.0,4.451501891482621,7.872895002947189
0.055,29,948843457,1.9103295803070068,0.0,0.0,4.439173638820648,7.697709996136837
0.055,30,155492488,1.8754204511642456,0.0,0.0,4.331372875021771,7.412819002638571
0.055,31,1903701130,1.9146965742111206,0.0,0.0,4.419549593003467,8.022132009500638
0.055,32,1017961266,1.942228078842163,0.0,0.0,4.272676839260384,7.870144007029012
0.055,33,1497769985,1.9019908905029297,0.0,0.0,4.389296436449513,7.66436499543488
0.055,34,456523489,1.8886873722076416,0.0,0.0,4.359145532129332,7.596867988468148
0.055,35,701095136,1.9304865598678589,0.0,0.0,4.356807318516076,7.601142002386041
0.055,36,249069576,1.887774109840393,0.0,0.0,4.337619681144133,7.654444998479448
0.055,37,1576098728,1.919359564781189,0.0,0.0,4.3655094360001385,7.772470999043435
0.055,38,1662748500,1.9041125774383545,0.0,0.0,4.32417937903665,7.8919799998402596
0.055,39,472736216,1.9028466939926147,0.0,0.0,4.368209095438942,7.472859986592084
0.055,40,1535411295,1.8941874504089355,0.0,0.0,4.322792916558683,7.4837409920291975
0.055,41,175223003,1.872402310371399,0.0,0.0,4.391785375541076,7.574983988888562
0.055,42,840936862,1.84702467918396,0.0,0.0,4.3802782678976655,7.489961993996985
0.055,43,343373188,1.8719382286071777,0.0,0.0,4.372757525416091,7.51787300396245
0.055,44,1597751082,1.9376260042190552,0.0,0.0,4.361587860155851,8.881090994691476
0.055,45,730359585,1.906085729598999,0.0,0.0,4.363826397806406,7.429524994222447
0.055,46,1016641002,1.9272122383117676,0.0,0.0,4.283956920262426,12.284155003726482
0.055,47,998994690,1.8330546617507935,0.0,0.0,4.382313627516851,8.023168993531726
0.055,48,1021240743,1.920432209968567,0.0,0.0,4.375260377069935,7.945253004436381
0.055,49,572134801,1.9380789995193481,0.0,0.0,4.319832741748542,7.912198998383246
0.055,50,1198399760,1.8923017978668213,0.0,0.0,4.36289312178269,7.783998007653281
0.055,51,1751866485,1.90253484249115,0.0,0.0,4.371178432833403,7.495738012949005
0.055,52,1070889713,1.9255304336547852,0.0,0.0,4.353074831189588,7.404666001093574
0.055,53,415096539,1.883335828781128,0.0,0.0,4.433815338881686,7.661865005502477
0.055,54,52416235,1.9858028888702393,0.0,0.0,4.293052557390183,8.060567008215003
0.055,55,278032723,1.8881675004959106,0.0,0.0,4.338289543287829,7.980532987858169
0.055,56,174946158,1.8851600885391235,0.0,0.0,4.417655036086217,7.115633998182602
0.055,57,196848554,1.923479676246643,0.0,0.0,4.365940422285348,7.704786999966018
0.055,58,263030910,1.799007534980774,0.0,0.0,4.4623795200604945,7.481254011509009
0.055,59,1285415020,1.8568792343139648,0.0,0.0,4.390273257624358,8.114348005619831
0.055,60,1733223444,1.8284573554992676,0.0,0.0,4.435096361907199,7.565029009128921
0.055,61,1835544261,1.8475227355957031,0.0,0.0,4.389570777537301,7.7126769901951775
0.055,62,1403186970,1.8419766426086426,0.0,0.0,4.353996485006064,7.908105995738879
0.055,63,1291971777,1.8648520708084106,0.0,0.0,4.344203739194199,7.657765003386885
0.055,64,712292067,1.8683481216430664,0.0,0.0,4.422608895925805,8.125952008413151
0.055,65,2001429764,1.9163967370986938,0.0,0.0,4.38830298720859,7.587840998894535
0.055,66,1375664061,1.8627803325653076,0.0,0.0,4.367205773247406,7.894523005234078
0.055,67,1556456120,1.9242699146270752,0.0,0.0,4.410088322125375,7.9256040044128895
0.055,68,1576053187,1.9122271537780762,0.0,0.0,4.287041236646473,7.349286999669857
0.055,69,1848019881,1.9309481382369995,0.0,0.0,4.361274163238704,7.6470049971248955
0.055,70,1508652585,1.9420318603515625,0.0,0.0,4.349532796535641,7.682769006351009
0.055,71,1995737731,1.841302514076233,0.0,0.0,4.372577314032242,7.335390007938258
0.055,72,1162788447,1.8637487888336182,0.0,0.0,4.396767619531602,8.37845099158585
0.055,73,1172925522,1.8731989860534668,0.0,0.0,4.292577956570312,7.935725996503606
0.055,74,539174575,1.9216934442520142,0.0,0.0,4.407751847989857,8.018224005354568
0.055,75,2013637345,1.8761868476867676,0.0,0.0,4.362349629634991,12.38745599403046
0.055,76,1187468716,1.930037021636963,0.0,0.0,4.317822685232386,7.892926994827576
0.055,77,1062978506,1.863436222076416,0.0,0.0,4.396321549080312,7.35930900555104
0.055,78,679326770,1.889399528503418,0.0,0.0,4.378965000389144,19.77940899087116
0.055,79,587923432,1.8937969207763672,0.0,0.0,4.475770882330835,7.357809008681215
0.055,80,1359889667,1.876833438873291,0.0,0.0,4.331989402649924,8.021190005820245
0.055,81,970187386,1.9025452136993408,0.0,0.0,4.396376476855949,7.894623995525762
0.055,82,1219839873,1.85125732421875,0.0,0.0,4.42516744020395,7.55866699910257
0.055,83,1428160212,1.869854211807251,0.0,0.0,4.438180911587551,7.413667990476824
0.055,84,1930609499,1.8735957145690918,0.0,0.0,4.305223889881745,7.631265005329624
0.055,85,710582861,1.9175167083740234,0.0,0.0,4.3652689105365425,7.913749999715947
0.055,86,1463614337,1.8086392879486084,0.0,0.0,4.388376341899857,7.436789994244464
0.055,87,1940152705,1.895819902420044,0.0,0.0,4.330034242942929,7.745116992737167
0.055,88,985452196,1.8921254873275757,0.0,0.0,4.348476268816739,7.450420991517603
0.055,89,552062587,1.9288843870162964,0.0,0.0,4.307697489624843,7.24656401143875
0.055,90,623566272,1.8936125040054321,0.0,0.0,4.318105569342151,7.731753008556552
0.055,91,729775797,1.85818350315094,0.0,0.0,4.459032169310376,7.767522998619825
0.055,92,1352536665,1.9080181121826172,0.0,0.0,4.434730606852099,7.601397999678738
0.055,93,555883440,1.8488255739212036,0.0,0.0,4.354449679143727,8.1972100015264
0.055,94,1801800003,1.9115480184555054,0.0,0.0,4.3262782245874405,11.505440008477308
0.055,95,763315502,1.9354087114334106,0.0,0.0,4.416965434094891,7.459692002157681
0.055,96,138897982,1.9022215604782104,0.0,0.0,4.335206559393555,7.600419005029835
0.055,97,10785379,1.797343373298645,0.0,0.0,4.621032218215987,7.789060997311026
0.055,98,53923185,1.8853559494018555,0.0,0.0,4.4162380618508905,7.914342000731267
0.055,99,1349917978,1.8822343349456787,0.0,0.0,4.390255058882758,7.709296012762934
0.056,0,1501552845,1.890391230583191,0.0,0.0,4.34104607696645,7.515317993238568
0.056,1,488200390,1.943476915359497,0.0,0.0,4.340326669625938,7.675807995838113
0.056,2,1693606510,1.8941677808761597,0.0,0.0,4.372155411401764,7.284356004674919
0.056,3,680233354,1.8853168487548828,0.0,0.0,4.316406104015186,8.029332995647565
0.056,4,438466540,1.8383291959762573,0.0,0.0,4.428748816717416,8.196536989999004
0.056,5,1712329280,1.9245719909667969,0.0,0.0,4.364672466181219,7.999168999958783
0.056,6,1380152455,1.9199062585830688,0.0,0.0,4.341152094304562,7.491895012208261
0.056,7,1452245846,1.8913606405258179,0.0,0.0,4.379441350931302,8.299449007608928
0.056,8,2122694021,1.8994197845458984,0.0,0.0,4.439032868016511,8.218621005653404
0.056,9,839901363,1.8728575706481934,0.0,0.0,4.39183057541959,7.443276990670711
0.056,10,1802651552,1.8357471227645874,0.0,0.0,4.372821685858071,10.856950000743382
0.056,11,714712467,1.8991800546646118,0.0,0.0,4.331389053957537,7.647309001185931
0.056,12,1218704077,1.8885326385498047,0.0,0.0,4.437810841249302,8.108982990961522
0.056,13,1284858263,1.827149748802185,0.0,0.0,4.474492492619902,7.5713800033554435
0.056,14,457721135,1.8458034992218018,0.0,0.0,4.365470342338085,7.367477999650873
0.056,15,401008609,1.864457607269287,0.0,0.0,4.400282613700256,7.378768001217395
0.056,16,492064534,1.8862180709838867,0.0,0.0,4.401928377337754,8.043979003559798
0.056,17,1444732602,1.9495898485183716,0.0,0.0,4.375638426048681,7.5473150063771755
0.056,18,1317426686,1.8684300184249878,0.0,0.0,4.349965469213203,7.725055009359494
0.056,19,2022506251,1.8669599294662476,0.0,0.0,4.432706299936399,7.750478995149024
0.056,20,1516459118,1.8596082925796509,0.0,0.0,4.405347469262779,7.7630279993172735
0.056,21,533103612,1.822642207145691,0.0,0.0,4.407838442595676,7.557674005511217
0.056,22,1964759878,1.884273648262024,0.0,0.0,4.399869149783626,7.329307001782581
0.056,23,2037706756,1.8578625917434692,0.0,0.0,4.447345054708421,7.842047998565249
0.056,24,1572889065,1.840570092201233,0.0,0.0,4.38966737408191,7.397487992420793
0.056,25,1432881518,1.9130377769470215,0.0,0.0,4.305038426071405,7.3529770015738904
0.056,26,280516901,1.8866270780563354,0.0,0.0,4.337694520363584,8.10247399203945
0.056,27,205939248,1.9023538827896118,0.0,0.0,4.4330821053590626,7.243118001497351
0.056,28,571904914,1.8742878437042236,0.0,0.0,4.467907420126721,7.86106099258177
0.056,29,948843457,1.9053107500076294,0.0,0.0,4.441365311155096,7.49092000478413
0.056,30,155492488,1.8619635105133057,0.0,0.0,4.331339902011678,8.00330500351265
0.056,31,1903701130,1.9165140390396118,0.0,0.0,4.410810591652989,8.14173799881246
0.056,32,1017961266,1.9465796947479248,0.0,0.0,4.27466123807244,7.494525998481549
0.056,33,1497769985,1.9109951257705688,0.0,0.0,4.39803723921068,7.8420960053335875
0.056,34,456523489,1.8912036418914795,0.0,0.0,4.360174342989922,7.91044499783311
0.056,35,701095136,1.932828664779663,0.0,0.0,4.357614390319213,7.331978005822748
0.056,36,249069576,1.9092497825622559,0.0,0.0,4.34287996054627,7.780375002766959
0.056,37,1576098728,1.923228144645691,0.0,0.0,4.372008339036256,7.55191600183025
0.056,38,1662748500,1.9276814460754395,0.0,0.0,4.326672387542203,7.5209310016362
0.056,39,472736216,1.9076728820800781,0.0,0.0,4.369622085476294,7.483887005946599
0.056,40,1535411295,1.8973815441131592,0.0,0.0,4.326091742841527,9.151997990556993
0.056,41,175223003,1.8753997087478638,0.0,0.0,4.392823688453063,7.604206999531016
0.056,42,840936862,1.8541226387023926,0.0,0.0,4.375869944924489,7.544956999481656
0.056,43,343373188,1.8748565912246704,0.0,0.0,4.3742295959964395,7.97762798902113
0.056,44,1597751082,1.9456647634506226,0.0,0.0,4.365083045559004,7.9537410056218505
0.056,45,730359585,1.9195959568023682,0.0,0.0,4.372074446175247,7.715111001743935
0.056,46,1016641002,1.9187207221984863,0.0,0.0,4.293968811631203,7.418052991852164
0.056,47,998994690,1.832975149154663,0.0,0.0,4.384256510529667,6.649493996519595
0.056,48,1021240743,1.9249792098999023,0.0,0.0,4.375762823270634,7.58191199565772
0.056,49,572134801,1.9395689964294434,0.0,0.0,4.3242615684866905,7.587063009850681
0.056,50,1198399760,1.8963240385055542,0.0,0.0,4.365344261284918,9.428211997146718
0.056,51,1751866485,1.913012981414795,0.0,0.0,4.371723978081718,7.900985991000198
0.056,52,1070889713,1.9220117330551147,0.0,0.0,4.354345115367323,7.761842003674246
0.056,53,415096539,1.8899844884872437,0.0,0.0,4.43997455900535,7.894144000601955
0.056,54,52416235,2.002354621887207,0.0,0.0,4.296878063119948,7.788317001541145
0.056,55,278032723,1.8890608549118042,0.0,0.0,4.341311975615099,7.6679859921569005
0.056,56,174946158,1.8445767164230347,0.0,0.0,4.428672352805734,7.6262329966994
0.056,57,196848554,1.9276436567306519,0.0,0.0,4.3552940369118005,11.433114006649703
0.056,58,263030910,1.7998528480529785,0.0,0.0,4.4599880774039775,7.307384992600419
0.056,59,1285415020,1.8595139980316162,0.0,0.0,4.393180831335485,7.1361709997290745
0.056,60,1733223444,1.8312671184539795,0.0,0.0,4.421566921053454,7.905257007223554
0.056,61,1835544261,1.852661371231079,0.0,0.0,4.375288866460323,7.333240006119013
0.056,62,1403186970,1.8484755754470825,0.0,0.0,4.347511405823752,7.29786699230317
0.056,63,1291971777,1.8724228143692017,0.0,0.0,4.352368619525805,7.674672000575811
0.056,64,712292067,1.8721591234207153,0.0,0.0,4.427666231291369,13.356531999306753
0.056,65,2001429764,1.921290397644043,0.0,0.0,4.378829039400443,7.102420990122482
0.056,66,1375664061,1.8682078123092651,0.0,0.0,4.3717046794481575,7.772144002956338
0.056,67,1556456120,1.9270992279052734,0.0,0.0,4.411065777763724,8.217911003157496
0.056,68,1576053187,1.9175001382827759,0.0,0.0,4.278192169498652,7.696234999457374
0.056,69,1848019881,1.9353939294815063,0.0,0.0,4.367925359401852,7.862315003876574
0.056,70,1508652585,1.9485359191894531,0.0,0.0,4.3751134355552495,7.427055999869481
0.056,71,1995737731,1.8313825130462646,0.0,0.0,4.371951312292367,7.7205670095281675
0.056,72,1162788447,1.8702441453933716,0.0,0.0,4.4026258832309395,7.659503011382185
0.056,73,1172925522,1.8197133541107178,0.0,0.0,4.3156909281387925,7.429498000419699
0.056,74,539174575,1.9231590032577515,0.0,0.0,4.427007882855833,7.323850004468113
0.056,75,2013637345,1.8820501565933228,0.0,0.0,4.345529365586117,7.456089006154798
0.056,76,1187468716,1.9315035343170166,0.0,0.0,4.322522363392636,7.994522005901672
0.056,77,1062978506,1.8696762323379517,0.0,0.0,4.400641206651926,7.476541999494657
0.056,78,679326770,1.8917769193649292,0.0,0.0,4.382681781891733,8.337644001585431
0.056,79,587923432,1.8958308696746826,0.0,0.0,4.464065084932372,7.7877180010546
0.056,80,1359889667,1.8834216594696045,0.0,0.0,4.3290810864418745,11.793164987466298
0.056,81,970187386,1.9040038585662842,0.0,0.0,4.402537089306861,7.704160001594573
0.056,82,1219839873,1.8539958000183105,0.0,0.0,4.429544141516089,7.7275489893509075
0.056,83,1428160212,1.8704266548156738,0.0,0.0,4.442139049060643,7.576638003229164
0.056,84,1930609499,1.8774818181991577,0.0,0.0,4.293266331776977,7.679824993829243
0.056,85,710582861,1.9363454580307007,0.0,0.0,4.354613094357774,8.403668005485088
0.056,86,1463614337,1.8409017324447632,0.0,0.0,4.369571760529652,7.7358979906421155
0.056,87,1940152705,1.8946537971496582,0.0,0.0,4.325302089564502,7.680905997403897
0.056,88,985452196,1.8953313827514648,0.0,0.0,4.346667176112533,7.358333008596674
0.056,89,552062587,1.931565284729004,0.0,0.0,4.28797348192893,7.519570994190872
0.056,90,623566272,1.8980903625488281,0.0,0.0,4.3225390911102295,7.413079991238192
0.056,91,729775797,1.8533275127410889,0.0,0.0,4.460393253946677,7.768309995299205
0.056,92,1352536665,1.910962700843811,0.0,0.0,4.446323031093925,7.55356099398341
0.056,93,555883440,1.863211989402771,0.0,0.0,4.364098537713289,8.133903000270948
0.056,94,1801800003,1.917596697807312,0.0,0.0,4.310578358126804,8.342803994310088
0.056,95,763315502,1.9318114519119263,0.0,0.0,4.414658175315708,7.997320994036272
0.056,96,138897982,1.894645094871521,0.0,0.0,4.332194408169016,7.602790996315889
0.056,97,10785379,1.7956163883209229,0.0,0.0,4.596789442934096,7.470252996427007
0.056,98,53923185,1.8891394138336182,0.0,0.0,4.429832730675116,7.197597005870193
0.056,99,1349917978,1.8854748010635376,0.0,0.0,4.378560046199709,7.318629010114819
0.057,0,1501552845,1.8972755670547485,0.0,0.0,4.343991630710661,56.50634798803367
0.057,1,488200390,1.9487978219985962,0.0,0.0,4.34373013372533,7.688274010433815
0.057,2,1693606510,1.8971292972564697,0.0,0.0,4.376373009290546,7.32928400975652
0.057,3,680233354,1.9023964405059814,0.0,0.0,4.321887338068336,7.812133000697941
0.057,4,438466540,1.843155026435852,0.0,0.0,4.443290498107672,8.257508990936913
0.057,5,1712329280,1.9312800168991089,0.0,0.0,4.352258189115673,8.035178994759917
0.057,6,1380152455,1.925884485244751,0.0,0.0,4.330455251503736,7.319976997678168
0.057,7,1452245846,1.8918901681900024,0.0,0.0,4.380953594110906,7.862174999900162
0.057,8,2122694021,1.883427619934082,0.0,0.0,4.4367717215791345,7.428622004226781
0.057,9,839901363,1.872912049293518,0.0,0.0,4.395867343526334,15.243964997353032
0.057,10,1802651552,1.8413028717041016,0.0,0.0,4.381768653402105,7.185947994003072
0.057,11,714712467,1.901219367980957,0.0,0.0,4.331654916051775,7.663742988370359
0.057,12,1218704077,1.8915215730667114,0.0,0.0,4.4411671629641205,7.5980010005878285
0.057,13,1284858263,1.831494688987732,0.0,0.0,4.456228956114501,7.606411003507674
0.057,14,457721135,1.84494948387146,0.0,0.0,4.3681715910788625,7.69946699438151
0.057,15,401008609,1.8771510124206543,0.0,0.0,4.377803886309266,7.360162999248132
0.057,16,492064534,1.878399133682251,0.0,0.0,4.400807202793658,7.434177998220548
0.057,17,1444732602,1.9569116830825806,0.0,0.0,4.378469907445833,8.310915000038221
0.057,18,1317426686,1.8733946084976196,0.0,0.0,4.35332295182161,30.1097969932016
0.057,19,2022506251,1.871683120727539,0.0,0.0,4.431623693322763,7.6806500001112
0.057,20,1516459118,1.861932396888733,0.0,0.0,4.393766626249999,7.422545008012094
0.057,21,533103612,1.8230561017990112,0.0,0.0,4.408815425587818,7.51363999734167
0.057,22,1964759878,1.879398226737976,0.0,0.0,4.377130931708962,7.714937994023785
0.057,23,2037706756,1.8620022535324097,0.0,0.0,4.455487718805671,7.877806012402289
0.057,24,1572889065,1.843565583229065,0.0,0.0,4.393229778157547,12.480381992645562
0.057,25,1432881518,1.9160925149917603,0.0,0.0,4.3082716565113515,7.157653002650477
0.057,26,280516901,1.8684889078140259,0.0,0.0,4.337696506176144,7.309859007364139
0.057,27,205939248,1.9055262804031372,0.0,0.0,4.4357279285322875,7.498403996578418
0.057,28,571904914,1.8776212930679321,0.0,0.0,4.471182640176266,7.606547005707398
0.057,29,948843457,1.9130547046661377,0.0,0.0,4.4349647257477045,7.286566004040651
0.057,30,155492488,1.8642902374267578,0.0,0.0,4.334403625456616,7.29896301345434
0.057,31,1903701130,1.919510841369629,0.0,0.0,4.4138376652263105,7.576583011541516
0.057,32,1017961266,1.9488227367401123,0.0,0.0,4.276383573655039,7.766212002024986
0.057,33,1497769985,1.9139410257339478,0.0,0.0,4.403331168461591,7.789725001202896
0.057,34,456523489,1.8958853483200073,0.0,0.0,4.364225858589634,8.203178003896028
0.057,35,701095136,1.9343341588974,0.0,0.0,4.36114191962406,16.495460004080087
0.057,36,249069576,1.9148348569869995,0.0,0.0,4.328072669217363,8.509947001584806
0.057,37,1576098728,1.931889533996582,0.0,0.0,4.356929715489969,7.858399010729045
0.057,38,1662748500,1.929733395576477,0.0,0.0,4.324897519079968,7.605867998790927
0.057,39,472736216,1.9091129302978516,0.0,0.0,4.370454006595537,7.947033998789266
0.057,40,1535411295,1.8980813026428223,0.0,0.0,4.328192250337452,8.08037600654643
0.057,41,175223003,1.8898003101348877,0.0,0.0,4.377736839465797,7.901513003162108
0.057,42,840936862,1.8208132982254028,0.0,0.0,4.419275090331212,7.603744001244195
0.057,43,343373188,1.8780478239059448,0.0,0.0,4.380562203703448,11.276015007751994
0.057,44,1597751082,1.9492698907852173,0.0,0.0,4.3627582704648376,7.419052999466658
0.057,45,730359585,1.9241162538528442,0.0,0.0,4.375586178153753,7.492995006032288
0.057,46,1016641002,1.9225735664367676,0.0,0.0,4.29530162573792,7.632984998053871
0.057,47,998994690,1.8497028350830078,0.0,0.0,4.3866651866119355,7.423074988764711
0.057,48,1021240743,1.940178394317627,0.0,0.0,4.361639939714223,8.197736999136396
0.057,49,572134801,1.9451380968093872,0.0,0.0,4.312376118265092,7.376085995929316
0.057,50,1198399760,1.8953094482421875,0.0,0.0,4.384496395941824,7.8505359997507185
0.057,51,1751866485,1.9232288599014282,0.0,0.0,4.3780692014843225,8.175673996447586
0.057,52,1070889713,1.9305157661437988,0.0,0.0,4.344573135720566,12.226252001710236
0.057,53,415096539,1.8924747705459595,0.0,0.0,4.420949891209602,9.012219990836456
0.057,54,52416235,1.9866502285003662,0.0,0.0,4.292528700316325,8.428176006418653
0.057,55,278032723,1.8918496370315552,0.0,0.0,4.344927079044282,7.99371900211554
0.057,56,174946158,1.8528426885604858,0.0,0.0,4.434255595086142,7.853073999285698
0.057,57,196848554,1.927964448928833,0.0,0.0,4.357712069991976,7.929388986667618
0.057,58,263030910,1.8026131391525269,0.0,0.0,4.467352948151529,7.884922000812367
0.057,59,1285415020,1.870397925376892,0.0,0.0,4.393534644506872,8.166086001438089
0.057,60,1733223444,1.8272584676742554,0.0,0.0,4.42172443587333,7.419244007905945
0.057,61,1835544261,1.86548912525177,0.0,0.0,4.379876411287114,7.490652002161369
0.057,62,1403186970,1.8210546970367432,0.0,0.0,4.400864980416372,7.6908969931537285
0.057,63,1291971777,1.8746083974838257,0.0,0.0,4.355666988063604,7.92870600707829
0.057,64,712292067,1.8754472732543945,0.0,0.0,4.43200703477487,7.758264007861726
0.057,65,2001429764,1.9289027452468872,0.0,0.0,4.372334105428308,7.302257989067584
0.057,66,1375664061,1.865547776222229,0.0,0.0,4.371587408008054,7.793361000949517
0.057,67,1556456120,1.9371470212936401,0.0,0.0,4.40023724664934,8.275442000012845
0.057,68,1576053187,1.924415111541748,0.0,0.0,4.278898980701342,7.6844099967274815
0.057,69,1848019881,1.9350616931915283,0.0,0.0,4.369220568332821,7.915762995253317
0.057,70,1508652585,1.9514445066452026,0.0,0.0,4.377734726527706,7.458865002263337
0.057,71,1995737731,1.8340842723846436,0.0,0.0,4.37508337222971,7.914401998277754
0.057,72,1162788447,1.874171257019043,0.0,0.0,4.392230647150427,7.835444004740566
0.057,73,1172925522,1.821650743484497,0.0,0.0,4.317122137406841,7.396400993457064
0.057,74,539174575,1.9249467849731445,0.0,0.0,4.429127807263285,7.2287390066776425
0.057,75,2013637345,1.8855555057525635,0.0,0.0,4.322385300183669,7.855217001633719
0.057,76,1187468716,1.9316436052322388,0.0,0.0,4.3248796567786485,7.1517290052725
0.057,77,1062978506,1.8717769384384155,0.0,0.0,4.4039065153338015,7.87382700946182
0.057,78,679326770,1.8929309844970703,0.0,0.0,4.374084457755089,7.231915995362215
0.057,79,587923432,1.9004096984863281,0.0,0.0,4.468607888091356,7.934437002404593
0.057,80,1359889667,1.8841840028762817,0.0,0.0,4.3130750260315835,7.650343992281705
0.057,81,970187386,1.9063949584960938,0.0,0.0,4.383081290405244,7.745736002107151
0.057,82,1219839873,1.881841778755188,0.0,0.0,4.407793493475765,6.869459000881761
0.057,83,1428160212,1.8713330030441284,0.0,0.0,4.439655556343496,7.4296520033385605
0.057,84,1930609499,1.8813313245773315,0.0,0.0,4.273561502806842,7.612326007802039
0.057,85,710582861,1.9396775960922241,0.0,0.0,4.358854535734281,8.331114004249685
0.057,86,1463614337,1.8401093482971191,0.0,0.0,4.376877581933513,7.77659700543154
0.057,87,1940152705,1.8991960287094116,0.0,0.0,4.327363653574139,7.959901005961001
0.057,88,985452196,1.8989133834838867,0.0,0.0,4.34968063281849,7.465040005627088
0.057,89,552062587,1.936568021774292,0.0,0.0,4.289526238106191,7.204741006717086
0.057,90,623566272,1.902449369430542,0.0,0.0,4.310077614616603,7.760987995425239
0.057,91,729775797,1.8486340045928955,0.0,0.0,4.445942745544016,7.704959003604017
0.057,92,1352536665,1.9140722751617432,0.0,0.0,4.449643502244726,7.538706006016582
0.057,93,555883440,1.8668111562728882,0.0,0.0,4.366720248945057,7.9667279933346435
0.057,94,1801800003,1.9217201471328735,0.0,0.0,4.318281112238765,7.321498997043818
0.057,95,763315502,1.935868740081787,0.0,0.0,4.404517196351662,7.639418006874621
0.057,96,138897982,1.8886525630950928,0.0,0.0,4.340540346689522,7.4439269956201315
0.057,97,10785379,1.8031996488571167,0.0,0.0,4.589014546247199,7.547421002527699
0.057,98,53923185,1.8928983211517334,0.0,0.0,4.433212925447151,7.779815001413226
0.057,99,1349917978,1.888180136680603,0.0,0.0,4.382596197538078,7.440002009388991
0.058,0,1501552845,1.901751160621643,0.0,0.0,4.345344751607627,7.485654990887269
0.058,1,488200390,1.957887053489685,0.0,0.0,4.337738616624847,8.920002001104876
0.058,2,1693606510,1.907448410987854,0.0,0.0,4.362514558015391,7.859995996113867
0.058,3,680233354,1.907094120979309,0.0,0.0,4.329529414186254,7.987051998497918
0.058,4,438466540,1.87980055809021,0.0,0.0,4.45999436522834,7.311899011256173
0.058,5,1712329280,1.9333491325378418,0.0,0.0,4.353985121706501,8.00422100292053
0.058,6,1380152455,1.9273555278778076,0.0,0.0,4.310684789670631,10.150342000997625
0.058,7,1452245846,1.859259843826294,0.0,0.0,4.3974893018603325,7.895554997958243
0.058,8,2122694021,1.8828210830688477,0.0,0.0,4.437815129058436,7.154448991059326
0.058,9,839901363,1.8766837120056152,0.0,0.0,4.3986228229478,7.852000999264419
0.058,10,1802651552,1.847245216369629,0.0,0.0,4.379261246649548,7.578774995636195
0.058,11,714712467,1.9029147624969482,0.0,0.0,4.310431832214817,7.709122000960633
0.058,12,1218704077,1.8937305212020874,0.0,0.0,4.441653857007623,7.610815009684302
0.058,13,1284858263,1.8407760858535767,0.0,0.0,4.453990957932547,7.756462000543252
0.058,14,457721135,1.8459502458572388,0.0,0.0,4.360867186915129,7.451443001627922
0.058,15,401008609,1.8709145784378052,0.0,0.0,4.390669820830226,7.432951999362558
0.058,16,492064534,1.8701999187469482,0.0,0.0,4.422408094396815,8.028722004382871
0.058,17,1444732602,1.963963270187378,0.0,0.0,4.366274606436491,7.948558006319217
0.058,18,1317426686,1.87700617313385,0.0,0.0,4.348282614490017,8.66286399832461
0.058,19,2022506251,1.8759022951126099,0.0,0.0,4.433690226636827,8.056170991039835
0.058,20,1516459118,1.8657151460647583,0.0,0.0,4.384189743781462,7.895513001130894
0.058,21,533103612,1.826136827468872,0.0,0.0,4.419764147605747,7.857771008275449
0.058,22,1964759878,1.8971943855285645,0.0,0.0,4.385856215143576,6.865494011435658
0.058,23,2037706756,1.8657082319259644,0.0,0.0,4.446717855054885,8.425680993241258
0.058,24,1572889065,1.8476170301437378,0.0,0.0,4.3952536676079035,7.812087991624139
0.058,25,1432881518,1.9078483581542969,0.0,0.0,4.309837190667167,7.990954996785149
0.058,26,280516901,1.9034851789474487,0.0,0.0,4.324390547350049,7.741049994365312
0.058,27,205939248,1.9096579551696777,0.0,0.0,4.434185150079429,7.343108998611569
0.058,28,571904914,1.827160358428955,0.0,0.0,4.535539996344596,8.004899995285086
0.058,29,948843457,1.9179482460021973,0.0,0.0,4.437474084086716,8.15817499824334
0.058,30,155492488,1.864839792251587,0.0,0.0,4.338253197260201,12.882106995675713
0.058,31,1903701130,1.9255902767181396,0.0,0.0,4.420614122413099,7.393060994218104
0.058,32,1017961266,1.9518362283706665,0.0,0.0,4.2792974640615284,8.206701997551136
0.058,33,1497769985,1.9204540252685547,0.0,0.0,4.3972983453422785,7.820870989235118
0.058,34,456523489,1.8978322744369507,0.0,0.0,4.366292065707967,7.619627998792566
0.058,35,701095136,1.9384905099868774,0.0,0.0,4.352196751860902,8.302656002342701
0.058,36,249069576,1.9201622009277344,0.0,0.0,4.318764090305194,7.22052100172732
0.058,37,1576098728,1.935232162475586,0.0,0.0,4.364346900256351,8.171783003490418
0.058,38,1662748500,1.9328463077545166,0.0,0.0,4.338857099181041,7.854834999307059
0.058,39,472736216,1.9145488739013672,0.0,0.0,4.375215847278014,8.00740800332278
0.058,40,1535411295,1.89291250705719,0.0,0.0,4.335432783933356,7.631182990735397
0.058,41,175223003,1.8921856880187988,0.0,0.0,4.3812236580997705,7.593553003971465
0.058,42,840936862,1.8290108442306519,0.0,0.0,4.40743003343232,7.48267000017222
0.058,43,343373188,1.8814815282821655,0.0,0.0,4.343153204768896,7.623943994985893
0.058,44,1597751082,1.955300211906433,0.0,0.0,4.363739395746961,7.40073699853383
0.058,45,730359585,1.888669490814209,0.0,0.0,4.389797442825511,8.2189179956913
0.058,46,1016641002,1.9274648427963257,0.0,0.0,4.2801521110814065,7.292762995348312
0.058,47,998994690,1.824597716331482,0.0,0.0,4.409020240884274,7.39865200011991
0.058,48,1021240743,1.9455360174179077,0.0,0.0,4.367363003548235,7.57814000826329
0.058,49,572134801,1.947957158088684,0.0,0.0,4.315901073161513,7.449562996043824
0.058,50,1198399760,1.8994237184524536,0.0,0.0,4.377043392974883,7.38926199846901
0.058,51,1751866485,1.9253497123718262,0.0,0.0,4.372612088685855,7.59407201258
0.058,52,1070889713,1.937209963798523,0.0,0.0,4.351773648522794,7.887867992394604
0.058,53,415096539,1.894942045211792,0.0,0.0,4.414586119586602,7.391845996608026
0.058,54,52416235,1.989500641822815,0.0,0.0,4.283774238545448,7.533673997386359
0.058,55,278032723,1.893426537513733,0.0,0.0,4.346973882056773,7.7545130043290555
0.058,56,174946158,1.8837450742721558,0.0,0.0,4.418196236947551,7.909031992312521
0.058,57,196848554,1.9252413511276245,0.0,0.0,4.370641070883721,8.244119002483785
0.058,58,263030910,1.8060111999511719,0.0,0.0,4.469159138388932,7.823011997970752
0.058,59,1285415020,1.8774915933609009,0.0,0.0,4.399289899971336,8.019268003408797
0.058,60,1733223444,1.8308179378509521,0.0,0.0,4.401348170125857,7.780651008943096
0.058,61,1835544261,1.8563131093978882,0.0,0.0,4.386613065842539,7.7934800065122545
0.058,62,1403186970,1.8235536813735962,0.0,0.0,4.403185387607664,7.736630999715999
0.058,63,1291971777,1.8823491334915161,0.0,0.0,4.340679488610476,7.547981993411668
0.058,64,712292067,1.8864428997039795,0.0,0.0,4.4154346832074225,7.252830997458659
0.058,65,2001429764,1.9314768314361572,0.0,0.0,4.38373225973919,7.8914159967098385
0.058,66,1375664061,1.8692915439605713,0.0,0.0,4.360521696973592,7.642440003110096
0.058,67,1556456120,1.9408363103866577,0.0,0.0,4.395107323536649,7.895996008301154
0.058,68,1576053187,1.9285118579864502,0.0,0.0,4.269723338074982,7.969623009557836
0.058,69,1848019881,1.942082405090332,0.0,0.0,4.362479283707216,7.281402009539306
0.058,70,1508652585,1.9475699663162231,0.0,0.0,4.342600885545835,7.638402006705292
0.058,71,1995737731,1.8353962898254395,0.0,0.0,4.375851925229654,8.068074996117502
0.058,72,1162788447,1.8821266889572144,0.0,0.0,4.376537446863949,7.682027004193515
0.058,73,1172925522,1.8302881717681885,0.0,0.0,4.299554554047063,7.501573010813445
0.058,74,539174575,1.927535891532898,0.0,0.0,4.406860766699538,7.4957580072805285
0.058,75,2013637345,1.8764256238937378,0.0,0.0,4.344171731034294,8.118426005239598
0.058,76,1187468716,1.9318983554840088,0.0,0.0,4.2965669091790915,7.980609007063322
0.058,77,1062978506,1.8739941120147705,0.0,0.0,4.4061371786519885,7.514309996622615
0.058,78,679326770,1.8947100639343262,0.0,0.0,4.377786274300888,7.505869012675248
0.058,79,587923432,1.9029207229614258,0.0,0.0,4.468593131983653,8.156426003552042
0.058,80,1359889667,1.8902287483215332,0.0,0.0,4.313909364165738,7.360711009823717
0.058,81,970187386,1.9110908508300781,0.0,0.0,4.371923912782222,7.9197620070772246
0.058,82,1219839873,1.8827499151229858,0.0,0.0,4.3951098651159555,7.464529000571929
0.058,83,1428160212,1.875609040260315,0.0,0.0,4.4442037348635495,38.44767400005367
0.058,84,1930609499,1.8805853128433228,0.0,0.0,4.271802987204865,7.751932993414812
0.058,85,710582861,1.9215905666351318,0.0,0.0,4.356506822863594,7.378145004622638
0.058,86,1463614337,1.8370230197906494,0.0,0.0,4.384441882604733,7.552002993179485
0.058,87,1940152705,1.905755877494812,0.0,0.0,4.325005260994658,7.620784992468543
0.058,88,985452196,1.9111831188201904,0.0,0.0,4.356762963347137,7.225318011478521
0.058,89,552062587,1.9406238794326782,0.0,0.0,4.292594488710165,7.513652992201969
0.058,90,623566272,1.905227780342102,0.0,0.0,4.314394219079986,7.995780993951485
0.058,91,729775797,1.852152943611145,0.0,0.0,4.449639200000092,7.510210998589173
0.058,92,1352536665,1.9228328466415405,0.0,0.0,4.422481982037425,7.924937002826482
0.058,93,555883440,1.8655014038085938,0.0,0.0,4.370056690881029,7.808727998053655
0.058,94,1801800003,1.9257373809814453,0.0,0.0,4.320036901859567,7.623034995049238
0.058,95,763315502,1.941498041152954,0.0,0.0,4.417824450414628,7.8525569988414645
0.058,96,138897982,1.8922438621520996,0.0,0.0,4.339028388960287,8.209360996261239
0.058,97,10785379,1.806614637374878,0.0,0.0,4.599410883616656,7.71077600074932
0.058,98,53923185,1.8967552185058594,0.0,0.0,4.437003883998841,7.423871007631533
0.058,99,1349917978,1.890453815460205,0.0,0.0,4.386544024106115,7.896979994256981
0.059,0,1501552845,1.9095032215118408,0.0,0.0,4.347108213463798,7.454958991729654
0.059,1,488200390,1.9644914865493774,0.0,0.0,4.342216129414737,7.6936460100114346
0.059,2,1693606510,1.9103509187698364,0.0,0.0,4.364991510286927,7.729674005531706
0.059,3,680233354,1.8986822366714478,0.0,0.0,4.331420127535239,7.462588997441344
0.059,4,438466540,1.883553147315979,0.0,0.0,4.462991518899798,7.832964998669922
0.059,5,1712329280,1.9370743036270142,0.0,0.0,4.358691706089303,7.421668997267261
0.059,6,1380152455,1.931031584739685,0.0,0.0,4.302109993528575,7.336181995924562
0.059,7,1452245846,1.8602063655853271,0.0,0.0,4.3994885107968,7.3229200061177835
0.059,8,2122694021,1.8830177783966064,0.0,0.0,4.441263997461647,7.887568004662171
0.059,9,839901363,1.8814321756362915,0.0,0.0,4.382959266891703,7.559677003882825
0.059,10,1802651552,1.846476435661316,0.0,0.0,4.380066414829344,7.693071995163336
0.059,11,714712467,1.9058363437652588,0.0,0.0,4.315746039617807,7.5455799960764125
0.059,12,1218704077,1.9025752544403076,0.0,0.0,4.434023921145126,7.492194999940693
0.059,13,1284858263,1.8448477983474731,0.0,0.0,4.455611166544259,7.793255994329229
0.059,14,457721135,1.8477064371109009,0.0,0.0,4.366565078031272,7.456383013050072
0.059,15,401008609,1.8886712789535522,0.0,0.0,4.3802858255803585,7.65648199012503
0.059,16,492064534,1.8742945194244385,0.0,0.0,4.420475888997316,7.886596999014728
0.059,17,1444732602,1.9627258777618408,0.0,0.0,4.367344085825607,51.641682992340066
0.059,18,1317426686,1.8820691108703613,0.0,0.0,4.3406473863869905,7.319178010220639
0.059,19,2022506251,1.8785722255706787,0.0,0.0,4.415276557439938,7.96861200069543
0.059,20,1516459118,1.8686563968658447,0.0,0.0,4.397977648768574,7.793957993271761
0.059,21,533103612,1.833235502243042,0.0,0.0,4.405128466663882,8.20067799941171
0.059,22,1964759878,1.8981207609176636,0.0,0.0,4.3840638340916485,7.68483299179934
0.059,23,2037706756,1.8720998764038086,0.0,0.0,4.452374436194077,7.235333003336564
0.059,24,1572889065,1.851359486579895,0.0,0.0,4.386391974752769,12.574470994877629
0.059,25,1432881518,1.9102201461791992,0.0,0.0,4.3124981473665684,8.106301000225358
0.059,26,280516901,1.9191665649414062,0.0,0.0,4.324721976649016,7.756209000945091
0.059,27,205939248,1.907297968864441,0.0,0.0,4.433603335404769,8.682967003551312
0.059,28,571904914,1.837207555770874,0.0,0.0,4.523276920430362,7.703864001086913
0.059,29,948843457,1.921763300895691,0.0,0.0,4.439342768397182,7.690215003094636
0.059,30,155492488,1.8678839206695557,0.0,0.0,4.328370107570663,7.977697998285294
0.059,31,1903701130,1.9290028810501099,0.0,0.0,4.402120873564854,7.996997999725863
0.059,32,1017961266,1.9500353336334229,0.0,0.0,4.283799343043938,7.3581020114943385
0.059,33,1497769985,1.9230759143829346,0.0,0.0,4.399772400269285,7.549379995907657
0.059,34,456523489,1.901750922203064,0.0,0.0,4.377514942083508,7.796001998940483
0.059,35,701095136,1.9436110258102417,0.0,0.0,4.346604969352484,7.273399998666719
0.059,36,249069576,1.9040772914886475,0.0,0.0,4.327538504498079,8.06776799436193
0.059,37,1576098728,1.9396910667419434,0.0,0.0,4.354821955552325,7.908608007710427
0.059,38,1662748500,1.934419870376587,0.0,0.0,4.341167431790382,7.644077006261796
0.059,39,472736216,1.9183059930801392,0.0,0.0,4.365567163564265,7.779648993164301
0.059,40,1535411295,1.891384482383728,0.0,0.0,4.3388825377915055,7.743893991573714
0.059,41,175223003,1.8619805574417114,0.0,0.0,4.397428541909903,7.83358899934683
0.059,42,840936862,1.8907147645950317,0.0,0.0,4.35774159966968,7.756755003356375
0.059,43,343373188,1.8851450681686401,0.0,0.0,4.3451938044745475,7.9037130053620785
0.059,44,1597751082,1.9576035737991333,0.0,0.0,4.370767936343327,7.5272200047038496
0.059,45,730359585,1.8880895376205444,0.0,0.0,4.387250343803316,7.901057004346512
0.059,46,1016641002,1.9266496896743774,0.0,0.0,4.277461678022519,7.304038997972384
0.059,47,998994690,1.827879548072815,0.0,0.0,4.402337936451659,7.276599004399031
0.059,48,1021240743,1.9330073595046997,0.0,0.0,4.37252506124787,7.89701500616502
0.059,49,572134801,1.95228910446167,0.0,0.0,4.317364389076829,7.374562002951279
0.059,50,1198399760,1.906296730041504,0.0,0.0,4.408627656754106,7.767424991470762
0.059,51,1751866485,1.9224717617034912,0.0,0.0,4.368527819169685,8.060877997195348
0.059,52,1070889713,1.8643362522125244,0.0,0.0,4.389078912790865,8.277796994661912
0.059,53,415096539,1.8959245681762695,0.0,0.0,4.411527959862724,9.244633009075187
0.059,54,52416235,1.9990580081939697,0.0,0.0,4.285286490339786,7.604345999425277
0.059,55,278032723,1.8988659381866455,0.0,0.0,4.353929805103689,7.626424005138688
0.059,56,174946158,1.8851691484451294,0.0,0.0,4.409317213576287,7.695598993450403
0.059,57,196848554,1.927958369255066,0.0,0.0,4.358238963410258,7.676211986108683
0.059,58,263030910,1.807356595993042,0.0,0.0,4.471926703583449,7.311763009056449
0.059,59,1285415020,1.8835117816925049,0.0,0.0,4.38239221717231,7.7626909915125
0.059,60,1733223444,1.8350369930267334,0.0,0.0,4.404830573825166,7.149697994464077
0.059,61,1835544261,1.867903232574463,0.0,0.0,4.380934881977737,7.8409580019069836
0.059,62,1403186970,1.8206621408462524,0.0,0.0,4.4050857508555055,7.621483004186302
0.059,63,1291971777,1.8863999843597412,0.0,0.0,4.344256529351696,7.780505999107845
0.059,64,712292067,1.8901797533035278,0.0,0.0,4.412094548810273,8.189258995116688
0.059,65,2001429764,1.935760736465454,0.0,0.0,4.372709848918021,7.506601003115065
0.059,66,1375664061,1.888801097869873,0.0,0.0,4.355713016586378,7.476246988517232
0.059,67,1556456120,1.9490236043930054,0.0,0.0,4.392473179381341,8.014795996132307
0.059,68,1576053187,1.938543438911438,0.0,0.0,4.257320885313675,8.072204000200145
0.059,69,1848019881,1.944481611251831,0.0,0.0,4.371749273268506,7.836196993594058
0.059,70,1508652585,1.9520204067230225,0.0,0.0,4.344617059221491,8.22605998837389
0.059,71,1995737731,1.836683988571167,0.0,0.0,4.370204919949174,7.9265230015153065
0.059,72,1162788447,1.8763710260391235,0.0,0.0,4.398789464961737,7.7041040058247745
0.059,73,1172925522,1.8313264846801758,0.0,0.0,4.302508675958961,7.984722004039213
0.059,74,539174575,1.9328840970993042,0.0,0.0,4.409039578866214,11.757286003557965
0.059,75,2013637345,1.8994373083114624,0.0,0.0,4.337847490096465,7.262251994688995
0.059,76,1187468716,1.93931245803833,0.0,0.0,4.298895493848249,7.826250992366113
0.059,77,1062978506,1.880272388458252,0.0,0.0,4.394669652916491,8.000510002602823
0.059,78,679326770,1.9001103639602661,0.0,0.0,4.383372160140425,8.114202006254345
0.059,79,587923432,1.9073866605758667,0.0,0.0,4.470739184645936,7.7817460114602
0.059,80,1359889667,1.8918406963348389,0.0,0.0,4.317716371268034,8.210837011574768
0.059,81,970187386,1.91426420211792,0.0,0.0,4.353412004653364,7.583901999169029
0.059,82,1219839873,1.8854714632034302,0.0,0.0,4.396547932876274,8.014273000299
0.059,83,1428160212,1.877097487449646,0.0,0.0,4.43895339476876,7.723190996330231
0.059,84,1930609499,1.8853857517242432,0.0,0.0,4.276281866710633,7.868239990784787
0.059,85,710582861,1.9245197772979736,0.0,0.0,4.363538551842794,7.994176005013287
0.059,86,1463614337,1.8699520826339722,0.0,0.0,4.363632887369022,8.770440006628633
0.059,87,1940152705,1.9134413003921509,0.0,0.0,4.331879444187507,7.240509003167972
0.059,88,985452196,1.91949462890625,0.0,0.0,4.350834189681336,7.746033006696962
0.059,89,552062587,1.9667398929595947,0.0,0.0,4.286311851581559,7.513706004829146
0.059,90,623566272,1.9027900695800781,0.0,0.0,4.314217001432553,7.478629995603114
0.059,91,729775797,1.8538795709609985,0.0,0.0,4.447489455807954,7.501839005271904
0.059,92,1352536665,1.924279808998108,0.0,0.0,4.423054811311886,7.505888002924621
0.059,93,555883440,1.8712109327316284,0.0,0.0,4.3745658283587545,7.392293002340011
0.059,94,1801800003,1.9249002933502197,0.0,0.0,4.323027619626373,8.08307201077696
0.059,95,763315502,1.9448059797286987,0.0,0.0,4.4081982092466205,8.035999999265186
0.059,96,138897982,1.8944021463394165,0.0,0.0,4.340538490563631,7.429386998410337
0.059,97,10785379,1.8095029592514038,0.0,0.0,4.584732059622183,8.156738011166453
0.059,98,53923185,1.898991346359253,0.0,0.0,4.43495844793506,7.395353997708298
0.059,99,1349917978,1.8940430879592896,0.0,0.0,4.386709121055901,7.938933005789295
0.06,0,1501552845,1.917475938796997,0.0,0.0,4.335472762584686,7.99938800628297
0.06,1,488200390,1.9701266288757324,0.0,0.0,4.342424695845693,7.638138995389454
0.06,2,1693606510,1.9125880002975464,0.0,0.0,4.366859700763598,7.715908999671228
0.06,3,680233354,1.9146682024002075,0.0,0.0,4.328544983640313,8.703055005753413
0.06,4,438466540,1.8862727880477905,0.0,0.0,4.46517717721872,7.389550999505445
0.06,5,1712329280,1.9434133768081665,0.0,0.0,4.354336446849629,7.719632005318999
0.06,6,1380152455,1.93342924118042,0.0,0.0,4.303670280147344,7.886303996201605
0.06,7,1452245846,1.8614180088043213,0.0,0.0,4.400190837914124,7.971680999617092
0.06,8,2122694021,1.8862676620483398,0.0,0.0,4.4405474530067295,7.737365987850353
0.06,9,839901363,1.883312463760376,0.0,0.0,4.388850171351805,7.869193999795243
0.06,10,1802651552,1.851918339729309,0.0,0.0,4.385564672527835,7.806319001247175
0.06,11,714712467,1.90609610080719,0.0,0.0,4.320444404613227,7.480956002837047
0.06,12,1218704077,1.9007489681243896,0.0,0.0,4.433436933672056,7.428644996252842
0.06,13,1284858263,1.8620587587356567,0.0,0.0,4.452571529429406,7.95895500050392
0.06,14,457721135,1.8527047634124756,0.0,0.0,4.369645427912474,7.614287998876534
0.06,15,401008609,1.884022831916809,0.0,0.0,4.379117627628148,7.499586004996672
0.06,16,492064534,1.8966736793518066,0.0,0.0,4.408395329723135,7.574641989776865
0.06,17,1444732602,1.9682220220565796,0.0,0.0,4.372185766464099,7.747754993033595
0.06,18,1317426686,1.886817216873169,0.0,0.0,4.342183104017749,10.189013002673164
0.06,19,2022506251,1.8825794458389282,0.0,0.0,4.413560341577977,8.020958004635759
0.06,20,1516459118,1.8534008264541626,0.0,0.0,4.399597521638498,7.80222199682612
0.06,21,533103612,1.8332023620605469,0.0,0.0,4.403103628894314,7.755070997518487
0.06,22,1964759878,1.9040868282318115,0.0,0.0,4.380073710810393,7.470918004401028
0.06,23,2037706756,1.8792144060134888,0.0,0.0,4.43634225660935,7.412671999190934
0.06,24,1572889065,1.8498575687408447,0.0,0.0,4.393488573376089,7.119269997929223
0.06,25,1432881518,1.924706220626831,0.0,0.0,4.318986615398899,7.9885669983923435
0.06,26,280516901,1.8835258483886719,0.0,0.0,4.327953988686204,7.192506003775634
0.06,27,205939248,1.9072297811508179,0.0,0.0,4.43383313738741,8.131586000672542
0.06,28,571904914,1.8786978721618652,0.0,0.0,4.545060540782288,7.360742994933389
0.06,29,948843457,1.9260165691375732,0.0,0.0,4.433172886725515,8.890894998330623
0.06,30,155492488,1.872471809387207,0.0,0.0,4.332531206309795,7.58040499931667
0.06,31,1903701130,1.931320309638977,0.0,0.0,4.403344434220344,8.351161988684908
0.06,32,1017961266,1.9341769218444824,0.0,0.0,4.279518804745749,7.752498000627384
0.06,33,1497769985,1.9268646240234375,0.0,0.0,4.404999742284417,7.851276997826062
0.06,34,456523489,1.901906132698059,0.0,0.0,4.378731556935236,7.986038996023126
0.06,35,701095136,1.9436310529708862,0.0,0.0,4.353551630629227,7.71678400633391
0.06,36,249069576,1.9164713621139526,0.0,0.0,4.329952664906159,8.106058012344874
0.06,37,1576098728,1.946162223815918,0.0,0.0,4.354376381961629,7.39254399377387
0.06,38,1662748500,1.939754605293274,0.0,0.0,4.326559627894312,7.762168999761343
0.06,39,472736216,1.9223591089248657,0.0,0.0,4.371543416054919,7.859477002057247
0.06,40,1535411295,1.8949161767959595,0.0,0.0,4.34404590819031,7.618980002007447
0.06,41,175223003,1.8922250270843506,0.0,0.0,4.369627215201035,7.573951006634161
0.06,42,840936862,1.8620587587356567,0.0,0.0,4.3679566397331655,7.177206993219443
0.06,43,343373188,1.8899726867675781,0.0,0.0,4.34964777296409,7.592152003780939
0.06,44,1597751082,1.9608733654022217,0.0,0.0,4.372990311589092,7.351423002546653
0.06,45,730359585,1.8908857107162476,0.0,0.0,4.380435250932351,7.731064994004555
0.06,46,1016641002,1.930188536643982,0.0,0.0,4.287058392772451,13.652783003635705
0.06,47,998994690,1.8361517190933228,0.0,0.0,4.385011235252023,7.8873049933463335
0.06,48,1021240743,1.937483787536621,0.0,0.0,4.3785604913719,7.782530999975279
0.06,49,572134801,1.9533562660217285,0.0,0.0,4.320744762895629,7.761253000353463
0.06,50,1198399760,1.9066659212112427,0.0,0.0,4.3971428635995835,7.349886000156403
0.06,51,1751866485,1.9256620407104492,0.0,0.0,4.375443477649242,7.537950994446874
0.06,52,1070889713,1.868849754333496,0.0,0.0,4.383381771855056,7.591058005345985
0.06,53,415096539,1.895548701286316,0.0,0.0,4.410418628947809,7.850342997699045
0.06,54,52416235,2.006707191467285,0.0,0.0,4.28511717566289,7.18944999971427
0.06,55,278032723,1.900200366973877,0.0,0.0,4.358331295428798,7.811603994923644
0.06,56,174946158,1.8861284255981445,0.0,0.0,4.398565982002765,7.698942004935816
0.06,57,196848554,1.9363113641738892,0.0,0.0,4.354785361327231,7.965509008499794
0.06,58,263030910,1.8094360828399658,0.0,0.0,4.477004315005615,7.199118001153693
0.06,59,1285415020,1.8925447463989258,0.0,0.0,4.370456326752901,7.963230003952049
0.06,60,1733223444,1.8782925605773926,0.0,0.0,4.475556899793446,7.553112009190954
0.06,61,1835544261,1.871206283569336,0.0,0.0,4.386572927702218,7.579130993690342
0.06,62,1403186970,1.8238657712936401,0.0,0.0,4.404555316315964,7.643949997145683
0.06,63,1291971777,1.8897342681884766,0.0,0.0,4.345224576070905,7.554875002824701
0.06,64,712292067,1.8932969570159912,0.0,0.0,4.402597850188613,8.044849993893877
0.06,65,2001429764,1.9400979280471802,0.0,0.0,4.3738848068751395,7.988085999386385
0.06,66,1375664061,1.8952971696853638,0.0,0.0,4.355911545455456,7.556234995718114
0.06,67,1556456120,1.9584059715270996,0.0,0.0,4.396678558783606,7.440610992489383
0.06,68,1576053187,1.9477025270462036,0.0,0.0,4.262191186891869,7.875053997850046
0.06,69,1848019881,1.9463589191436768,0.0,0.0,4.369713294552639,7.260769998538308
0.06,70,1508652585,1.9572184085845947,0.0,0.0,4.352749809622765,7.702593997237273
0.06,71,1995737731,1.84012770652771,0.0,0.0,4.366626814939082,7.671342988032848
0.06,72,1162788447,1.8799372911453247,0.0,0.0,4.380681571783498,7.373514003120363
0.06,73,1172925522,1.8398298025131226,0.0,0.0,4.296975642675534,7.702768009039573
0.06,74,539174575,1.9344593286514282,0.0,0.0,4.418717265594751,7.829418987967074
0.06,75,2013637345,1.9019159078598022,0.0,0.0,4.346365292556584,7.673676998820156
0.06,76,1187468716,1.9444583654403687,0.0,0.0,4.302874217741191,7.536972989328206
0.06,77,1062978506,1.87730073928833,0.0,0.0,4.3651868279557675,7.354789995588362
0.06,78,679326770,1.9035688638687134,0.0,0.0,4.38694854779169,7.7637390058953315
0.06,79,587923432,1.9054979085922241,0.0,0.0,4.472814698703587,7.762438006466255
0.06,80,1359889667,1.8983409404754639,0.0,0.0,4.322958901990205,8.153102011419833
0.06,81,970187386,1.9150364398956299,0.0,0.0,4.355500280158594,7.700766989728436
0.06,82,1219839873,1.886617660522461,0.0,0.0,4.398432236164808,7.84779000969138
0.06,83,1428160212,1.879738688468933,0.0,0.0,4.425260531948879,7.490925010642968
0.06,84,1930609499,1.8889808654785156,0.0,0.0,4.279439608100802,7.927044003736228
0.06,85,710582861,1.9278748035430908,0.0,0.0,4.3440904261078686,7.378552996669896
0.06,86,1463614337,1.8598142862319946,0.0,0.0,4.369021742139012,7.458812993718311
0.06,87,1940152705,1.9146616458892822,0.0,0.0,4.328520506154746,7.773776989779435
0.06,88,985452196,1.9228942394256592,0.0,0.0,4.358256526757032,7.634825000423007
0.06,89,552062587,1.95479154586792,0.0,0.0,4.281008907128125,7.4010550015373155
0.06,90,623566272,1.9068530797958374,0.0,0.0,4.313976940931752,7.302967002033256
0.06,91,729775797,1.8572627305984497,0.0,0.0,4.450692425714806,7.575836993055418
0.06,92,1352536665,1.932636022567749,0.0,0.0,4.418123291339725,8.009408993530087
0.06,93,555883440,1.8732529878616333,0.0,0.0,4.37641398049891,7.794641991495155
0.06,94,1801800003,1.9297609329223633,0.0,0.0,4.315228839870542,7.512437994591892
0.06,95,763315502,1.9468730688095093,0.0,0.0,4.412471654359251,8.147034997818992
0.06,96,138897982,1.891954779624939,0.0,0.0,4.341472670901567,7.697723005549051
0.06,97,10785379,1.8127377033233643,0.0,0.0,4.592913598753512,7.4358950078021735
0.06,98,53923185,1.8990533351898193,0.0,0.0,4.436943971319124,7.629985993844457
0.06,99,1349917978,1.897154450416565,0.0,0.0,4.39007857022807,7.966922988998704
0.061,0,1501552845,1.9215145111083984,0.0,0.0,4.338299237424508,7.715414991253056
0.061,1,488200390,1.9787920713424683,0.0,0.0,4.332613285630941,7.461889006663114
0.061,2,1693606510,1.9145303964614868,0.0,0.0,4.368224457837641,7.834390999050811
0.061,3,680233354,1.9205917119979858,0.0,0.0,4.33163526840508,7.928152990643866
0.061,4,438466540,1.8923574686050415,0.0,0.0,4.4560776862781495,7.883422993472777
0.061,5,1712329280,1.9438445568084717,0.0,0.0,4.357597658410668,7.724825001787394
0.061,6,1380152455,1.9367858171463013,0.0,0.0,4.30103072966449,7.685632008360699
0.061,7,1452245846,1.8658338785171509,0.0,0.0,4.404812794178724,7.668833000934683
0.061,8,2122694021,1.887897253036499,0.0,0.0,4.442682212218642,8.003508002730086
0.061,9,839901363,1.8935755491256714,0.0,0.0,4.404996915953234,8.045422990107909
0.061,10,1802651552,1.857912540435791,0.0,0.0,4.392529766540974,7.268846995430067
0.061,11,714712467,1.9128854274749756,0.0,0.0,4.3246728929225355,7.591027999296784
0.061,12,1218704077,1.9038589000701904,0.0,0.0,4.435878793010488,10.310012992704287
0.061,13,1284858263,1.8546265363693237,0.0,0.0,4.455781841184944,8.292782003991306
0.061,14,457721135,1.850146770477295,0.0,0.0,4.375310541130602,7.264903004397638
0.061,15,401008609,1.90207839012146,0.0,0.0,4.402518922230229,7.37475800269749
0.061,16,492064534,1.9064321517944336,0.0,0.0,4.4136359978001565,7.637482005520724
0.061,17,1444732602,1.9665367603302002,0.0,0.0,4.372524524573237,8.10820200422313
0.061,18,1317426686,1.8913381099700928,0.0,0.0,4.338354226900265,7.789998999214731
0.061,19,2022506251,1.89018714427948,0.0,0.0,4.397907277802005,7.731456003966741
0.061,20,1516459118,1.855057716369629,0.0,0.0,4.4042057387996465,7.4892350094160065
0.061,21,533103612,1.8459844589233398,0.0,0.0,4.396140218246728,7.3070630023721606
0.061,22,1964759878,1.8949707746505737,0.0,0.0,4.390587052330375,17.871500996989198
0.061,23,2037706756,1.8859822750091553,0.0,0.0,4.424255958525464,7.937577000120655
0.061,24,1572889065,1.8693369626998901,0.0,0.0,4.389685862232,8.083886001259089
0.061,25,1432881518,1.9303687810897827,0.0,0.0,4.304092176957056,8.166023006197065
0.061,26,280516901,1.8897515535354614,0.0,0.0,4.334973782300949,7.607136998558417
0.061,27,205939248,1.9075658321380615,0.0,0.0,4.439277526922524,7.984500000020489
0.061,28,571904914,1.8796659708023071,0.0,0.0,4.522138066124171,7.743912006844766
0.061,29,948843457,1.9296811819076538,0.0,0.0,4.4306830416899174,7.969875994604081
0.061,30,155492488,1.8770856857299805,0.0,0.0,4.3342651766724885,7.8425230021821335
0.061,31,1903701130,1.9333162307739258,0.0,0.0,4.406261216383427,7.773012999678031
0.061,32,1017961266,1.9594852924346924,0.0,0.0,4.2803316039498895,7.698670990066603
0.061,33,1497769985,1.9264549016952515,0.0,0.0,4.409069774672389,8.054170000832528
0.061,34,456523489,1.906669020652771,0.0,0.0,4.385850623715669,8.06784100132063
0.061,35,701095136,1.946468472480774,0.0,0.0,4.337771152611822,7.988964993273839
0.061,36,249069576,1.9250550270080566,0.0,0.0,4.321833848720416,7.429122997564264
0.061,37,1576098728,1.9470471143722534,0.0,0.0,4.35620093299076,7.32016799156554
0.061,38,1662748500,1.9416660070419312,0.0,0.0,4.323692619567737,7.707568001933396
0.061,39,472736216,1.9269646406173706,0.0,0.0,4.377240424742922,7.633601999259554
0.061,40,1535411295,1.915827989578247,0.0,0.0,4.361366125522181,7.915591006167233
0.061,41,175223003,1.9025490283966064,0.0,0.0,4.374471847433597,8.11425200663507
0.061,42,840936862,1.8672313690185547,0.0,0.0,4.368892467813566,7.822341998689808
0.061,43,343373188,1.8929435014724731,0.0,0.0,4.353585919830948,7.743480004137382
0.061,44,1597751082,1.9706870317459106,0.0,0.0,4.36327873962,7.946472993353382
0.061,45,730359585,1.8967719078063965,0.0,0.0,4.382734989747405,7.377403002465144
0.061,46,1016641002,1.9354890584945679,0.0,0.0,4.279013289138675,7.684686002903618
0.061,47,998994690,1.8384262323379517,0.0,0.0,4.3897201649378985,7.571965004899539
0.061,48,1021240743,1.9402072429656982,0.0,0.0,4.378849033266306,7.062037999276072
0.061,49,572134801,1.920054316520691,0.0,0.0,4.328981377650052,8.158418000675738
0.061,50,1198399760,1.9118627309799194,0.0,0.0,4.384626604616642,7.593506990815513
0.061,51,1751866485,1.9265276193618774,0.0,0.0,4.378401594236493,8.051010008784942
0.061,52,1070889713,1.8759840726852417,0.0,0.0,4.38744081533514,7.579195997095667
0.061,53,415096539,1.896089792251587,0.0,0.0,4.424350127344951,7.634514011442661
0.061,54,52416235,2.0115530490875244,0.0,0.0,4.285103956470266,7.69671899615787
0.061,55,278032723,1.9022111892700195,0.0,0.0,4.351102099986747,7.452959005604498
0.061,56,174946158,1.890401005744934,0.0,0.0,4.40719165885821,8.135361000313424
0.061,57,196848554,1.9398986101150513,0.0,0.0,4.358177817193791,7.5008889980381355
0.061,58,263030910,1.8161100149154663,0.0,0.0,4.46780894533731,7.601689008879475
0.061,59,1285415020,1.8983790874481201,0.0,0.0,4.3749961636494845,7.589732005726546
0.061,60,1733223444,1.8830792903900146,0.0,0.0,4.455848031910136,8.051444005104713
0.061,61,1835544261,1.8787513971328735,0.0,0.0,4.374968378338963,8.159999008057639
0.061,62,1403186970,1.826874017715454,0.0,0.0,4.40721610467881,8.447157000773586
0.061,63,1291971777,1.8919689655303955,0.0,0.0,4.3397572613321245,7.544431995484047
0.061,64,712292067,1.896321177482605,0.0,0.0,4.4060993019957095,8.043531997827813
0.061,65,2001429764,1.9438613653182983,0.0,0.0,4.369000525213778,7.675522996578366
0.061,66,1375664061,1.8983683586120605,0.0,0.0,4.354462098330259,7.731072997557931
0.061,67,1556456120,1.960776448249817,0.0,0.0,4.398469852982089,7.324432997847907
0.061,68,1576053187,1.9544143676757812,0.0,0.0,4.263581234961748,7.523912005126476
0.061,69,1848019881,1.9499942064285278,0.0,0.0,4.370398451341316,13.454168001771905
0.061,70,1508652585,1.9568899869918823,0.0,0.0,4.355220300145447,7.642045005923137
0.061,71,1995737731,1.8445488214492798,0.0,0.0,4.369606765452772,7.620862990734167
0.061,72,1162788447,1.8821130990982056,0.0,0.0,4.38517960277386,7.355751993600279
0.061,73,1172925522,1.843784213066101,0.0,0.0,4.292149993591011,7.623689991305582
0.061,74,539174575,1.9406852722167969,0.0,0.0,4.424853433389217,7.825576001778245
0.061,75,2013637345,1.9045065641403198,0.0,0.0,4.348284750012681,7.9926969920052215
0.061,76,1187468716,1.9533348083496094,0.0,0.0,4.298274667002261,7.460165012162179
0.061,77,1062978506,1.881543755531311,0.0,0.0,4.367958521237597,7.892191992141306
0.061,78,679326770,1.9105089902877808,0.0,0.0,4.3933422663249075,8.020741996006109
0.061,79,587923432,1.9089021682739258,0.0,0.0,4.471251278882846,7.683498988626525
0.061,80,1359889667,1.8896640539169312,0.0,0.0,4.324362587882206,7.77497400122229
0.061,81,970187386,1.9210691452026367,0.0,0.0,4.358588200062513,8.826648001559079
0.061,82,1219839873,1.8890647888183594,0.0,0.0,4.401187714189291,8.520917996065691
0.061,83,1428160212,1.8875826597213745,0.0,0.0,4.424433143576607,7.756275008432567
0.061,84,1930609499,1.907324194908142,0.0,0.0,4.2912661377340555,8.343214009073563
0.061,85,710582861,1.9409427642822266,0.0,0.0,4.351172539405525,7.959319002111442
0.061,86,1463614337,1.8701380491256714,0.0,0.0,4.373782883863896,7.586919004097581
0.061,87,1940152705,1.9177223443984985,0.0,0.0,4.316343407146633,10.459502998855896
0.061,88,985452196,1.9197688102722168,0.0,0.0,4.344390356214717,7.305585007998161
0.061,89,552062587,1.9807087182998657,0.0,0.0,4.271895318524912,7.486892005545087
0.061,90,623566272,1.904021978378296,0.0,0.0,4.31716696289368,7.751939003355801
0.061,91,729775797,1.8603103160858154,0.0,0.0,4.455639029620215,7.800325998687185
0.061,92,1352536665,1.933218240737915,0.0,0.0,4.4146365590859205,7.093390988302417
0.061,93,555883440,1.8756436109542847,0.0,0.0,4.377878937637433,7.594220995088108
0.061,94,1801800003,1.9359822273254395,0.0,0.0,4.313575549051166,7.484540008590557
0.061,95,763315502,1.952736735343933,0.0,0.0,4.418686771532521,7.973497005878016
0.061,96,138897982,1.897075891494751,0.0,0.0,4.329796825535595,7.600219003506936
0.061,97,10785379,1.8252906799316406,0.0,0.0,4.517203201306984,7.959660011692904
0.061,98,53923185,1.9030345678329468,0.0,0.0,4.4411623443011194,7.4698890093714
0.061,99,1349917978,1.900652527809143,0.0,0.0,4.383942842716351,7.530413990025409
0.062,0,1501552845,1.9264585971832275,0.0,0.0,4.346509087365121,7.091013001627289
0.062,1,488200390,1.9922459125518799,0.0,0.0,4.318590440554544,7.981025992194191
0.062,2,1693606510,1.9213624000549316,0.0,0.0,4.364621179411188,7.873994007240981
0.062,3,680233354,1.9205440282821655,0.0,0.0,4.331965101184323,7.283576996996999
0.062,4,438466540,1.8879855871200562,0.0,0.0,4.429660469293594,7.868411994422786
0.062,5,1712329280,1.9487383365631104,0.0,0.0,4.348335292423144,7.618760006153025
0.062,6,1380152455,1.9416557550430298,0.0,0.0,4.322903568390757,7.931036991067231
0.062,7,1452245846,1.8704394102096558,0.0,0.0,4.407065700972453,11.971205996815115
0.062,8,2122694021,1.8916455507278442,0.0,0.0,4.436228610109538,7.8491009917343035
0.062,9,839901363,1.895174264907837,0.0,0.0,4.3877208137419075,7.734229002380744
0.062,10,1802651552,1.8610717058181763,0.0,0.0,4.380818240111694,7.855717005440965
0.062,11,714712467,1.919316291809082,0.0,0.0,4.329328593565151,8.82064100005664
0.062,12,1218704077,1.9127211570739746,0.0,0.0,4.438343429239467,7.6594550046138465
0.062,13,1284858263,1.8753197193145752,0.0,0.0,4.459260831587017,7.955460998346098
0.062,14,457721135,1.8488686084747314,0.0,0.0,4.354298693360761,7.589728993480094
0.062,15,401008609,1.9075512886047363,0.0,0.0,4.411880095489323,7.7299419936025515
0.062,16,492064534,1.8851972818374634,0.0,0.0,4.41064955946058,7.708225995884277
0.062,17,1444732602,1.9704275131225586,0.0,0.0,4.3754603245761245,7.319081996683963
0.062,18,1317426686,1.8982776403427124,0.0,0.0,4.341366990469396,7.964989999891259
0.062,19,2022506251,1.8897526264190674,0.0,0.0,4.399786482565105,7.884677994297817
0.062,20,1516459118,1.8629120588302612,0.0,0.0,4.408196596661583,7.928405000711791
0.062,21,533103612,1.8482310771942139,0.0,0.0,4.3979646963998675,7.525351000367664
0.062,22,1964759878,1.9025108814239502,0.0,0.0,4.383488119347021,7.976663997396827
0.062,23,2037706756,1.8862861394882202,0.0,0.0,4.427426011767238,7.776298007229343
0.062,24,1572889065,1.859870433807373,0.0,0.0,4.402882115682587,7.865099993068725
0.062,25,1432881518,1.932984709739685,0.0,0.0,4.307758195325732,7.325840997509658
0.062,26,280516901,1.8947436809539795,0.0,0.0,4.337721992749721,7.539789003203623
0.062,27,205939248,1.9090311527252197,0.0,0.0,4.443404238438234,7.556299009593204
0.062,28,571904914,1.890439510345459,0.0,0.0,4.520146460272372,7.527049005148001
0.062,29,948843457,1.9239187240600586,0.0,0.0,4.440507369115949,7.632964989170432
0.062,30,155492488,1.8825972080230713,0.0,0.0,4.318377054063603,7.56238900066819
0.062,31,1903701130,1.9353082180023193,0.0,0.0,4.410950349178165,7.236520003061742
0.062,32,1017961266,1.9412305355072021,0.0,0.0,4.285210188943893,8.010470992303453
0.062,33,1497769985,1.9291160106658936,0.0,0.0,4.395547661464661,7.386890996713191
0.062,34,456523489,1.9112188816070557,0.0,0.0,4.38620126247406,7.631261003552936
0.062,35,701095136,1.9480907917022705,0.0,0.0,4.333730929531157,7.7104209922254086
0.062,36,249069576,1.9429481029510498,0.0,0.0,4.33248153841123,7.640369993168861
0.062,37,1576098728,1.9389793872833252,0.0,0.0,4.357710713986307,7.803767992299981
0.062,38,1662748500,1.9445171356201172,0.0,0.0,4.325068104779348,7.737158011877909
0.062,39,472736216,1.9222936630249023,0.0,0.0,4.357101544039324,7.49376199382823
0.062,40,1535411295,1.917696237564087,0.0,0.0,4.351262434851378,7.774615995003842
0.062,41,175223003,1.881464958190918,0.0,0.0,4.373483154224232,7.954721004352905
0.062,42,840936862,1.8221275806427002,0.0,0.0,4.414737387327477,7.922976001282223
0.062,43,343373188,1.8950234651565552,0.0,0.0,4.358246713876724,7.339920994127169
0.062,44,1597751082,1.9629708528518677,0.0,0.0,4.36061020870693,8.01332198898308
0.062,45,730359585,1.9055345058441162,0.0,0.0,4.388863525819033,7.548748995759524
0.062,46,1016641002,1.9419925212860107,0.0,0.0,4.2817111550830305,8.092273987131193
0.062,47,998994690,1.838605284690857,0.0,0.0,4.393653281033039,7.419237997964956
0.062,48,1021240743,1.9450383186340332,0.0,0.0,4.3750392673537135,7.5645210017682984
0.062,49,572134801,1.9287809133529663,0.0,0.0,4.316806874470785,7.318456002394669
0.062,50,1198399760,1.9253931045532227,0.0,0.0,4.345933138160035,7.488325005397201
0.062,51,1751866485,1.9330183267593384,0.0,0.0,4.365711336256936,7.246475011925213
0.062,52,1070889713,1.881653070449829,0.0,0.0,4.371591207338497,8.001156005775556
0.062,53,415096539,1.8978195190429688,0.0,0.0,4.426338561810553,7.300661993212998
0.062,54,52416235,2.031831741333008,0.0,0.0,4.266791739035398,7.548174005933106
0.062,55,278032723,1.9030526876449585,0.0,0.0,4.352555239573121,7.352908010943793
0.062,56,174946158,1.8982442617416382,0.0,0.0,4.41201635892503,8.040974993491545
0.062,57,196848554,1.9434515237808228,0.0,0.0,4.360757216345519,7.5960090034641325
0.062,58,263030910,1.817893624305725,0.0,0.0,4.471777657279745,7.6280320063233376
0.062,59,1285415020,1.9006701707839966,0.0,0.0,4.377166542690247,7.498193997889757
0.062,60,1733223444,1.8895540237426758,0.0,0.0,4.4665917083621025,8.204445999581367
0.062,61,1835544261,1.87874436378479,0.0,0.0,4.378251301823184,7.481389999156818
0.062,62,1403186970,1.8256957530975342,0.0,0.0,4.4111291081644595,7.503453001845628
0.062,63,1291971777,1.892153263092041,0.0,0.0,4.3419954548589885,7.5936399953207
0.062,64,712292067,1.9005978107452393,0.0,0.0,4.412972534075379,8.376634999876842
0.062,65,2001429764,1.948091983795166,0.0,0.0,4.372540943091735,7.587639993289486
0.062,66,1375664061,1.9033854007720947,0.0,0.0,4.352607780136168,7.689074001973495
0.062,67,1556456120,1.9675464630126953,0.0,0.0,4.401149074546993,7.420000998536125
0.062,68,1576053187,1.9620805978775024,0.0,0.0,4.267341275932267,7.414177001919597
0.062,69,1848019881,1.9538376331329346,0.0,0.0,4.376098359934986,7.374393011559732
0.062,70,1508652585,1.9618951082229614,0.0,0.0,4.348260201048106,7.9688209953019395
0.062,71,1995737731,1.8468798398971558,0.0,0.0,4.3516258464660496,7.575764000648633
0.062,72,1162788447,1.8881702423095703,0.0,0.0,4.390688846819103,7.515813995269127
0.062,73,1172925522,1.844732642173767,0.0,0.0,4.295748594682664,7.726472002104856
0.062,74,539174575,1.9499105215072632,0.0,0.0,4.428882113657892,7.613808003952727
0.062,75,2013637345,1.9069803953170776,0.0,0.0,4.343157513299957,7.922438002424315
0.062,76,1187468716,1.9297902584075928,0.0,0.0,4.294818815309554,7.702319999225438
0.062,77,1062978506,1.8920007944107056,0.0,0.0,4.366181149380282,7.615444003022276
0.062,78,679326770,1.897825837135315,0.0,0.0,4.361595104215667,7.921279000584036
0.062,79,587923432,1.918983817100525,0.0,0.0,4.463639944093302,7.2369050030829385
0.062,80,1359889667,1.894202470779419,0.0,0.0,4.3244024843443185,7.872578004025854
0.062,81,970187386,1.9307361841201782,0.0,0.0,4.366328388219699,8.371196992811747
0.062,82,1219839873,1.8925880193710327,0.0,0.0,4.4215626902878284,7.986748998519033
0.062,83,1428160212,1.8954272270202637,0.0,0.0,4.425408164039254,7.6788290025433525
0.062,84,1930609499,1.9073861837387085,0.0,0.0,4.2988017501775175,7.886320992838591
0.062,85,710582861,1.9336963891983032,0.0,0.0,4.3535496182739735,7.644129000254907
0.062,86,1463614337,1.8739330768585205,0.0,0.0,4.376433738972992,7.711213998845778
0.062,87,1940152705,1.9263107776641846,0.0,0.0,4.325189088238403,8.04304399935063
0.062,88,985452196,1.9306560754776,0.0,0.0,4.338071163045242,7.464920010534115
0.062,89,552062587,1.9857149124145508,0.0,0.0,4.266451426083222,8.049750002101064
0.062,90,623566272,1.9080291986465454,0.0,0.0,4.319585940334946,7.396549000986852
0.062,91,729775797,1.8608882427215576,0.0,0.0,4.4574485016055405,8.19831999251619
0.062,92,1352536665,1.9376187324523926,0.0,0.0,4.417650755029172,7.7348549966700375
0.062,93,555883440,1.88386070728302,0.0,0.0,4.3553343748208135,7.837316996301524
0.062,94,1801800003,1.9418889284133911,0.0,0.0,4.314891614718363,7.804706008755602
0.062,95,763315502,1.953128457069397,0.0,0.0,4.421277820831165,7.594575989060104
0.062,96,138897982,1.8975319862365723,0.0,0.0,4.3331047226674855,7.631642001797445
0.062,97,10785379,1.8294323682785034,0.0,0.0,4.519476757617667,7.937981994473375
0.062,98,53923185,1.9065792560577393,0.0,0.0,4.431332037784159,7.876058996771462
0.062,99,1349917978,1.9100935459136963,0.0,0.0,4.39384366478771,7.58205700549297
0.063,0,1501552845,1.9315379858016968,0.0,0.0,4.333414404653013,7.741355002508499
0.063,1,488200390,1.991073727607727,0.0,0.0,4.322696883464232,12.333992999629118
0.063,2,1693606510,1.9248124361038208,0.0,0.0,4.351009168662131,7.619825002620928
0.063,3,680233354,1.9242429733276367,0.0,0.0,4.335879189893603,7.776233003824018
0.063,4,438466540,1.8834030628204346,0.0,0.0,4.473595505114645,7.251361996168271
0.063,5,1712329280,1.9502246379852295,0.0,0.0,4.327587350504473,7.568488988908939
0.063,6,1380152455,1.9432343244552612,0.0,0.0,4.3085571844130754,7.387759993434884
0.063,7,1452245846,1.8710803985595703,0.0,0.0,4.401111966697499,7.502491003833711
0.063,8,2122694021,1.9093466997146606,0.0,0.0,4.428255586652085,7.717608008533716
0.063,9,839901363,1.9011294841766357,0.0,0.0,4.394711227156222,7.548456997028552
0.063,10,1802651552,1.8698629140853882,0.0,0.0,4.373817714629695,7.2667800122871995
0.063,11,714712467,1.9268901348114014,0.0,0.0,4.321688887197524,8.061207001446746
0.063,12,1218704077,1.917332649230957,0.0,0.0,4.425579071044922,7.780109997838736
0.063,13,1284858263,1.8805073499679565,0.0,0.0,4.441799949621782,7.612681001774035
0.063,14,457721135,1.8411139249801636,0.0,0.0,4.3610168129671365,7.587703003082424
0.063,15,401008609,1.904369592666626,0.0,0.0,4.38134585111402,8.0466079962207
0.063,16,492064534,1.9092020988464355,0.0,0.0,4.404657585546374,7.325900995056145
0.063,17,1444732602,1.970714807510376,0.0,0.0,4.365532545372844,7.752327001071535
0.063,18,1317426686,1.9041253328323364,0.0,0.0,4.347908224677667,7.806306995917112
0.063,19,2022506251,1.891784429550171,0.0,0.0,4.400485983118415,7.575900002848357
0.063,20,1516459118,1.866302490234375,0.0,0.0,4.411159549606964,7.864113009418361
0.063,21,533103612,1.8641173839569092,0.0,0.0,4.384850643342361,7.665401004487649
0.063,22,1964759878,1.9039344787597656,0.0,0.0,4.385912595782429,8.008104006876238
0.063,23,2037706756,1.8920397758483887,0.0,0.0,4.429374453378841,8.119599995552562
0.063,24,1572889065,1.8774123191833496,0.0,0.0,4.363960177171975,7.773114994051866
0.063,25,1432881518,1.9417325258255005,0.0,0.0,4.311525953467935,8.256507993792184
0.063,26,280516901,1.8989243507385254,0.0,0.0,4.3262582696042955,7.056410991935991
0.063,27,205939248,1.9024125337600708,0.0,0.0,4.448924029711634,7.872988004237413
0.063,28,571904914,1.8895618915557861,0.0,0.0,4.518671853002161,7.463589994586073
0.063,29,948843457,1.9244948625564575,0.0,0.0,4.440176083007827,7.388202997390181
0.063,30,155492488,1.8869380950927734,0.0,0.0,4.319788590306416,7.782102999044582
0.063,31,1903701130,1.936975359916687,0.0,0.0,4.412721045315266,7.725326999207027
0.063,32,1017961266,1.9460995197296143,0.0,0.0,4.287665359908715,8.417585995630361
0.063,33,1497769985,1.9305485486984253,0.0,0.0,4.396316004218534,58.01855800382327
0.063,34,456523489,1.9171230792999268,0.0,0.0,4.390484223375097,7.789532988681458
0.063,35,701095136,1.9506088495254517,0.0,0.0,4.336561057716608,7.874069997342303
0.063,36,249069576,1.9263263940811157,0.0,0.0,4.3126476858742535,7.789259994751774
0.063,37,1576098728,1.9421030282974243,0.0,0.0,4.362053303280845,7.95047999417875
0.063,38,1662748500,1.9483790397644043,0.0,0.0,4.329608084168285,7.3446699971100315
0.063,39,472736216,1.9350847005844116,0.0,0.0,4.36762734898366,8.08336099726148
0.063,40,1535411295,1.9186174869537354,0.0,0.0,4.353029965190217,8.151760004693642
0.063,41,175223003,1.9112777709960938,0.0,0.0,4.382386555196717,7.66704700072296
0.063,42,840936862,1.8936984539031982,0.0,0.0,4.367384870303795,7.230906005133875
0.063,43,343373188,1.8975138664245605,0.0,0.0,4.361580940429121,8.121966006001458
0.063,44,1597751082,1.9598747491836548,0.0,0.0,4.3625241201370955,7.811206000042148
0.063,45,730359585,1.9289202690124512,0.0,0.0,4.385610483586788,7.863582010031678
0.063,46,1016641002,1.9445147514343262,0.0,0.0,4.286907120840624,7.8595210070488974
0.063,47,998994690,1.8449124097824097,0.0,0.0,4.39748070971109,7.89128101314418
0.063,48,1021240743,1.951069712638855,0.0,0.0,4.376831338740885,7.556252996437252
0.063,49,572134801,1.9167912006378174,0.0,0.0,4.313310157740489,7.664142991416156
0.063,50,1198399760,1.9284591674804688,0.0,0.0,4.382790511241183,7.6458900002762675
0.063,51,1751866485,1.9291048049926758,0.0,0.0,4.366673430427909,8.088614005828276
0.063,52,1070889713,1.890101432800293,0.0,0.0,4.38360645971261,7.8132999915396795
0.063,53,415096539,1.9015836715698242,0.0,0.0,4.431214174255729,7.3624859942356125
0.063,54,52416235,2.0271973609924316,0.0,0.0,4.271087065339088,7.959398993989453
0.063,55,278032723,1.9055249691009521,0.0,0.0,4.35414713784121,7.4297819955972955
0.063,56,174946158,1.8948495388031006,0.0,0.0,4.4130068914964795,7.841530998121016
0.063,57,196848554,1.9468321800231934,0.0,0.0,4.3719085161574185,7.490340998629108
0.063,58,263030910,1.8227640390396118,0.0,0.0,4.4796118040103465,7.471124001313001
0.063,59,1285415020,1.9053068161010742,0.0,0.0,4.365693263011053,7.424565992550924
0.063,60,1733223444,1.8890912532806396,0.0,0.0,4.456669570645317,7.20042698958423
0.063,61,1835544261,1.8890694379806519,0.0,0.0,4.409639068180695,7.825492997653782
0.063,62,1403186970,1.838737964630127,0.0,0.0,4.389233997557312,7.464969996362925
0.063,63,1291971777,1.897162914276123,0.0,0.0,4.349419071339071,7.635898989974521
0.063,64,712292067,1.9031845331192017,0.0,0.0,4.400188473286107,11.467479009297676
0.063,65,2001429764,1.950595498085022,0.0,0.0,4.366957083111629,7.759222004096955
0.063,66,1375664061,1.91945219039917,0.0,0.0,4.3472269114572555,12.055796003551222
0.063,67,1556456120,1.9720649719238281,0.0,0.0,4.407105556689203,7.724080001935363
0.063,68,1576053187,1.967525601387024,0.0,0.0,4.2611270064953715,7.954679007525556
0.063,69,1848019881,1.9571508169174194,0.0,0.0,4.367848128313199,7.249789996421896
0.063,70,1508652585,1.9653184413909912,0.0,0.0,4.352862647268921,7.588467007735744
0.063,71,1995737731,1.850639820098877,0.0,0.0,4.3694724552333355,7.968630001414567
0.063,72,1162788447,1.8907427787780762,0.0,0.0,4.39370057056658,7.631398999365047
0.063,73,1172925522,1.8528093099594116,0.0,0.0,4.299370599910617,7.317853000131436
0.063,74,539174575,1.949185848236084,0.0,0.0,4.426350872730836,8.48741400113795
0.063,75,2013637345,1.9199461936950684,0.0,0.0,4.35792768956162,7.772862009005621
0.063,76,1187468716,1.9620180130004883,0.0,0.0,4.301170498365536,7.885646991780959
0.063,77,1062978506,1.8938212394714355,0.0,0.0,4.369544445071369,7.994022002094425
0.063,78,679326770,1.8570526838302612,0.0,0.0,4.3878967287018895,7.5705390045186505
0.063,79,587923432,1.9240690469741821,0.0,0.0,4.462463483214378,7.761232991470024
0.063,80,1359889667,1.9094566106796265,0.0,0.0,4.311139383353293,7.568343993625604
0.063,81,970187386,1.9275246858596802,0.0,0.0,4.347843729658052,7.742240995867178
0.063,82,1219839873,1.8958677053451538,0.0,0.0,4.4261851601768285,7.817933990736492
0.063,83,1428160212,1.9024029970169067,0.0,0.0,4.418801311170682,7.622621007612906
0.063,84,1930609499,1.9108186960220337,0.0,0.0,4.290027170442045,7.477248989744112
0.063,85,710582861,1.9356727600097656,0.0,0.0,4.355419918196276,7.5541149999480695
0.063,86,1463614337,1.8791583776474,0.0,0.0,4.359294306254014,7.71545700263232
0.063,87,1940152705,1.9324977397918701,0.0,0.0,4.313116192119196,7.890916996984743
0.063,88,985452196,1.9333443641662598,0.0,0.0,4.3461224811617285,7.480225001927465
0.063,89,552062587,1.9947338104248047,0.0,0.0,4.269045220222324,8.21850799547974
0.063,90,623566272,1.9193400144577026,0.0,0.0,4.316207007272169,7.2930680034914985
0.063,91,729775797,1.875526785850525,0.0,0.0,4.4735382637009025,7.757293002214283
0.063,92,1352536665,1.940353512763977,0.0,0.0,4.422010627109557,7.226587986224331
0.063,93,555883440,1.8865777254104614,0.0,0.0,4.366050721844658,8.447657004580833
0.063,94,1801800003,1.950275182723999,0.0,0.0,4.315749547211453,8.017012005439028
0.063,95,763315502,1.9575084447860718,0.0,0.0,4.424046830972657,7.758301988360472
0.063,96,138897982,1.91243577003479,0.0,0.0,4.3643487670924515,7.420598005410284
0.063,97,10785379,1.8355768918991089,0.0,0.0,4.5022750198841095,8.08941999275703
0.063,98,53923185,1.910628318786621,0.0,0.0,4.435817663324997,7.724424998741597
0.063,99,1349917978,1.91514253616333,0.0,0.0,4.3933767068665475,7.586046005599201
0.064,0,1501552845,1.935221552848816,0.0,0.0,4.331299120327458,8.131598006002605
0.064,1,488200390,1.9899942874908447,0.0,0.0,4.321605128468946,7.8944220003904775
0.064,2,1693606510,1.9272699356079102,0.0,0.0,4.358312543481588,7.489470008295029
0.064,3,680233354,1.931904673576355,0.0,0.0,4.32389743020758,7.389206992229447
0.064,4,438466540,1.8938486576080322,0.0,0.0,4.4834637376479805,8.146096995915286
0.064,5,1712329280,1.9545484781265259,0.0,0.0,4.351244881749153,7.378409005468711
0.064,6,1380152455,1.9472957849502563,0.0,0.0,4.312672528903931,7.495657991967164
0.064,7,1452245846,1.8775792121887207,0.0,0.0,4.3876625776756555,7.6371159957489
0.064,8,2122694021,1.9113996028900146,0.0,0.0,4.432057894067839,7.863961000111885
0.064,9,839901363,1.9050965309143066,0.0,0.0,4.397947431309149,7.897992996731773
0.064,10,1802651552,1.8730874061584473,0.0,0.0,4.3779851156286895,7.9128250072244555
0.064,11,714712467,1.9299424886703491,0.0,0.0,4.315756108146161,7.621557000675239
0.064,12,1218704077,1.921730637550354,0.0,0.0,4.435894052265212,7.70608898892533
0.064,13,1284858263,1.8845815658569336,0.0,0.0,4.4495235059875995,7.852953000110574
0.064,14,457721135,1.8508449792861938,0.0,0.0,4.372946834424511,7.754261008813046
0.064,15,401008609,1.9121780395507812,0.0,0.0,4.381057293852791,7.821160004823469
0.064,16,492064534,1.9129835367202759,0.0,0.0,4.40542263770476,7.40525899163913
0.064,17,1444732602,1.9834829568862915,0.0,0.0,4.3566791547928005,8.383507010876201
0.064,18,1317426686,1.9076818227767944,0.0,0.0,4.350038120988756,8.103793996269815
0.064,19,2022506251,1.8998206853866577,0.0,0.0,4.399922767654061,7.865330000640824
0.064,20,1516459118,1.8677301406860352,0.0,0.0,4.4148180487100035,7.466893002856523
0.064,21,533103612,1.8672200441360474,0.0,0.0,4.390273373341188,7.823437990737148
0.064,22,1964759878,1.9008523225784302,0.0,0.0,4.416650649160147,8.471786990412511
0.064,23,2037706756,1.8956453800201416,0.0,0.0,4.427295612404123,11.26638198911678
0.064,24,1572889065,1.8723729848861694,0.0,0.0,4.386073199566454,7.300226003280841
0.064,25,1432881518,1.940893530845642,0.0,0.0,4.285855507012457,7.4729409971041605
0.064,26,280516901,1.905449390411377,0.0,0.0,4.324136117938906,7.5112979975529015
0.064,27,205939248,1.903143048286438,0.0,0.0,4.449175856309012,7.97617100761272
0.064,28,571904914,1.8956822156906128,0.0,0.0,4.505843942752108,7.8354029974434525
0.064,29,948843457,1.9295246601104736,0.0,0.0,4.423550091683865,7.78631899447646
0.064,30,155492488,1.88992440700531,0.0,0.0,4.31479092198424,7.600126002216712
0.064,31,1903701130,1.9401367902755737,0.0,0.0,4.408253521891311,10.363125998992473
0.064,32,1017961266,1.955908179283142,0.0,0.0,4.261265896493569,7.666028992389329
0.064,33,1497769985,1.9322360754013062,0.0,0.0,4.397847623564303,8.250697996118106
0.064,34,456523489,1.9145957231521606,0.0,0.0,4.38008697074838,7.3340719973202795
0.064,35,701095136,1.9640076160430908,0.0,0.0,4.320410969667137,7.486998991225846
0.064,36,249069576,1.941481351852417,0.0,0.0,4.299699062015861,7.617930008564144
0.064,37,1576098728,1.96220862865448,0.0,0.0,4.35187292820774,7.745914001134224
0.064,38,1662748500,1.9521429538726807,0.0,0.0,4.332637963583693,7.962796997162513
0.064,39,472736216,1.9293954372406006,0.0,0.0,4.348532187985256,8.82842400460504
0.064,40,1535411295,1.9243659973144531,0.0,0.0,4.359586137114093,7.326921986532398
0.064,41,175223003,1.8936872482299805,0.0,0.0,4.3801625752821565,7.61116600187961
0.064,42,840936862,1.8966143131256104,0.0,0.0,4.369009441463277,8.027154006413184
0.064,43,343373188,1.9013844728469849,0.0,0.0,4.354708784492686,7.7330589992925525
0.064,44,1597751082,1.9659370183944702,0.0,0.0,4.356880384031683,7.687965000513941
0.064,45,730359585,1.9256547689437866,0.0,0.0,4.401506851427257,7.687738994718529
0.064,46,1016641002,1.9491537809371948,0.0,0.0,4.2781505566090345,8.008716991753317
0.064,47,998994690,1.8354160785675049,0.0,0.0,4.395279182586819,8.21044499753043
0.064,48,1021240743,1.9304159879684448,0.0,0.0,4.3810343781951815,7.889040993177332
0.064,49,572134801,1.9288029670715332,0.0,0.0,4.326838579494506,7.283134007593617
0.064,50,1198399760,1.9263893365859985,0.0,0.0,4.385479016462341,8.139979996485636
0.064,51,1751866485,1.9400097131729126,0.0,0.0,4.373954945243895,7.634142006281763
0.064,52,1070889713,1.8996243476867676,0.0,0.0,4.3859323831275105,7.70219300466124
0.064,53,415096539,1.9032396078109741,0.0,0.0,4.4204458221793175,7.699990994296968
0.064,54,52416235,2.031635284423828,0.0,0.0,4.273147884057835,7.781780994264409
0.064,55,278032723,1.90729820728302,0.0,0.0,4.356278580147773,8.05545601178892
0.064,56,174946158,1.9006614685058594,0.0,0.0,4.410622403491288,7.911628999863751
0.064,57,196848554,1.9504432678222656,0.0,0.0,4.3734194110147655,7.808433001628146
0.064,58,263030910,1.8254780769348145,0.0,0.0,4.486302791861817,7.4555720057105646
0.064,59,1285415020,1.9050034284591675,0.0,0.0,4.352376708295196,7.782059998135082
0.064,60,1733223444,1.8941621780395508,0.0,0.0,4.465326696634293,7.644158002221957
0.064,61,1835544261,1.8918718099594116,0.0,0.0,4.4146356214769185,8.00716900266707
0.064,62,1403186970,1.8198740482330322,0.0,0.0,4.428635523188859,7.625220998306759
0.064,63,1291971777,1.9043442010879517,0.0,0.0,4.348650289233774,7.140984002035111
0.064,64,712292067,1.9078797101974487,0.0,0.0,4.400863908231258,8.291477992315777
0.064,65,2001429764,1.9569491147994995,0.0,0.0,4.3704796091187745,7.62601698806975
0.064,66,1375664061,1.9213778972625732,0.0,0.0,4.3540501752868295,7.619479001732543
0.064,67,1556456120,1.9763480424880981,0.0,0.0,4.389241759199649,7.701391994487494
0.064,68,1576053187,1.975674033164978,0.0,0.0,4.245242561446503,8.0062619963428
0.064,69,1848019881,1.9590675830841064,0.0,0.0,4.384446761570871,7.740504996036179
0.064,70,1508652585,1.9726382493972778,0.0,0.0,4.356460212497041,7.652290994883515
0.064,71,1995737731,1.8737103939056396,0.0,0.0,4.374249757500365,7.28142999287229
0.064,72,1162788447,1.8892958164215088,0.0,0.0,4.395735589554533,8.266937991720624
0.064,73,1172925522,1.9254502058029175,0.0,0.0,4.2776811621151865,7.745303009869531
0.064,74,539174575,1.956507921218872,0.0,0.0,4.429288835497573,7.427838005241938
0.064,75,2013637345,1.923585057258606,0.0,0.0,4.3540345972869545,7.430978992488235
0.064,76,1187468716,1.9703102111816406,0.0,0.0,4.303073704475537,7.927509999717586
0.064,77,1062978506,1.8995428085327148,0.0,0.0,4.359924955526367,17.49024300079327
0.064,78,679326770,1.8606846332550049,0.0,0.0,4.392703696154058,7.791912998072803
0.064,79,587923432,1.929038643836975,0.0,0.0,4.46215832256712,8.109257003525272
0.064,80,1359889667,1.9169644117355347,0.0,0.0,4.315746034262702,7.691046004765667
0.064,81,970187386,1.9349018335342407,0.0,0.0,4.349072526907548,7.064976991387084
0.064,82,1219839873,1.8945283889770508,0.0,0.0,4.43181704939343,7.571105001261458
0.064,83,1428160212,1.9053304195404053,0.0,0.0,4.419537480687723,7.541639992268756
0.064,84,1930609499,1.9208691120147705,0.0,0.0,4.296497076516971,7.614980000653304
0.064,85,710582861,1.9452662467956543,0.0,0.0,4.344151203054935,7.755437007290311
0.064,86,1463614337,1.8839577436447144,0.0,0.0,4.361188849899918,7.353908993536606
0.064,87,1940152705,1.9361999034881592,0.0,0.0,4.313513342058286,10.36573298915755
0.064,88,985452196,1.9388116598129272,0.0,0.0,4.3254005529452115,7.476751008653082
0.064,89,552062587,2.0072360038757324,0.0,0.0,4.280059262178838,7.4361590086482465
0.064,90,623566272,1.9142327308654785,0.0,0.0,4.318781019188464,7.350483007030562
0.064,91,729775797,1.8667393922805786,0.0,0.0,4.462362561840564,8.159097007592209
0.064,92,1352536665,1.946899175643921,0.0,0.0,4.42831845022738,7.373707994702272
0.064,93,555883440,1.8911869525909424,0.0,0.0,4.359996767481789,7.618292002007365
0.064,94,1801800003,1.9636832475662231,0.0,0.0,4.309000675799325,7.611932989675552
0.064,95,763315502,1.9676929712295532,0.0,0.0,4.445932477479801,7.768787007080391
0.064,96,138897982,1.8997998237609863,0.0,0.0,4.338470995659009,8.680441998876631
0.064,97,10785379,1.8400429487228394,0.0,0.0,4.504464133642614,8.069192001130432
0.064,98,53923185,1.9022512435913086,0.0,0.0,4.455819287803024,7.606309998664074
0.064,99,1349917978,1.9175305366516113,0.0,0.0,4.384406732162461,7.822154002496973
0.065,0,1501552845,1.9279768466949463,0.0,0.0,4.3296824402641505,7.978989000548609
0.065,1,488200390,2.0015769004821777,0.0,0.0,4.317581536946818,7.600794997415505
0.065,2,1693606510,1.9307761192321777,0.0,0.0,4.350110189290717,7.492857999750413
0.065,3,680233354,1.9362478256225586,0.0,0.0,4.3307863171212375,7.8275429987115785
0.065,4,438466540,1.8844531774520874,0.0,0.0,4.4552513444796205,7.273527007782832
0.065,5,1712329280,1.9574828147888184,0.0,0.0,4.353842607466504,7.786093992763199
0.065,6,1380152455,1.9485055208206177,0.0,0.0,4.315325755625963,7.863596998504363
0.065,7,1452245846,1.8388551473617554,0.0,0.0,4.42274468857795,7.674096996197477
0.065,8,2122694021,1.9002797603607178,0.0,0.0,4.432845205068588,7.965440992848016
0.065,9,839901363,1.9131062030792236,0.0,0.0,4.402962390799075,7.731183999567293
0.065,10,1802651552,1.8789379596710205,0.0,0.0,4.359527291497216,8.163050006260164
0.065,11,714712467,1.932045340538025,0.0,0.0,4.320404011756182,7.585329003632069
0.065,12,1218704077,1.92002272605896,0.0,0.0,4.439930009189993,7.866914995247498
0.065,13,1284858263,1.8882482051849365,0.0,0.0,4.455359393032268,7.265428997925483
0.065,14,457721135,1.8535220623016357,0.0,0.0,4.376395573373884,7.844435007427819
0.065,15,401008609,1.9181485176086426,0.0,0.0,4.388883515028283,7.870886009186506
0.065,16,492064534,1.928407073020935,0.0,0.0,4.388604726176709,7.953719992656261
0.065,17,1444732602,1.9897609949111938,0.0,0.0,4.361684738891199,7.402147995890118
0.065,18,1317426686,1.911201000213623,0.0,0.0,4.335880507947877,7.543451007222757
0.065,19,2022506251,1.9050546884536743,0.0,0.0,4.397106488933787,7.959241993376054
0.065,20,1516459118,1.9699240922927856,0.0,0.0,4.39896015683189,7.818992002285086
0.065,21,533103612,1.8738034963607788,0.0,0.0,4.395141791319475,8.197724993806332
0.065,22,1964759878,1.9034373760223389,0.0,0.0,4.419175650924444,7.782586995745078
0.065,23,2037706756,1.897754192352295,0.0,0.0,4.430013052653521,7.410661011817865
0.065,24,1572889065,1.8828163146972656,0.0,0.0,4.375046092784032,7.92319601168856
0.065,25,1432881518,1.945955753326416,0.0,0.0,4.287572412518784,7.330410007853061
0.065,26,280516901,1.8979616165161133,0.0,0.0,4.351251472719014,7.924121993710287
0.065,27,205939248,1.9115550518035889,0.0,0.0,4.450763467466459,7.356429006904364
0.065,28,571904914,1.9001965522766113,0.0,0.0,4.507284954423085,7.211194999399595
0.065,29,948843457,1.9336142539978027,0.0,0.0,4.430625950684771,7.928498002002016
0.065,30,155492488,1.9002612829208374,0.0,0.0,4.323392453137785,7.778772007441148
0.065,31,1903701130,1.943498969078064,0.0,0.0,4.4099937316495925,7.597944000735879
0.065,32,1017961266,1.9657024145126343,0.0,0.0,4.259526053443551,7.892845009337179
0.065,33,1497769985,1.9396162033081055,0.0,0.0,4.389760087942705,7.66176100296434
0.065,34,456523489,1.9188768863677979,0.0,0.0,4.384851834503934,8.364623005036265
0.065,35,701095136,1.9683094024658203,0.0,0.0,4.323312860680744,7.8885539987822995
0.065,36,249069576,1.944705843925476,0.0,0.0,4.302552472567186,7.144545001210645
0.065,37,1576098728,1.9636386632919312,0.0,0.0,4.346316467737779,7.768651004880667
0.065,38,1662748500,1.9564441442489624,0.0,0.0,4.339576500700787,7.431403995724395
0.065,39,472736216,1.9325129985809326,0.0,0.0,4.350923900026828,8.113485993817449
0.065,40,1535411295,1.9256788492202759,0.0,0.0,4.3621663632802665,7.760138003504835
0.065,41,175223003,1.8994059562683105,0.0,0.0,4.381714244838804,8.050944001297466
0.065,42,840936862,1.9000719785690308,0.0,0.0,4.371982014039531,7.381333998637274
0.065,43,343373188,1.905709981918335,0.0,0.0,4.360802106792107,7.9355990019394085
0.065,44,1597751082,1.9665066003799438,0.0,0.0,4.358492072671652,8.907461990020238
0.065,45,730359585,1.9339478015899658,0.0,0.0,4.389664107467979,7.563061008113436
0.065,46,1016641002,1.9534207582473755,0.0,0.0,4.26684766006656,7.541127997683361
0.065,47,998994690,1.837950587272644,0.0,0.0,4.399399492889643,7.4397639982635155
0.065,48,1021240743,1.9286268949508667,0.0,0.0,4.357187932822853,8.198386000003666
0.065,49,572134801,1.9377508163452148,0.0,0.0,4.3210183177143335,7.814634998794645
0.065,50,1198399760,1.9299315214157104,0.0,0.0,4.381836309097707,8.119050005916506
0.065,51,1751866485,1.9412107467651367,0.0,0.0,4.377240933710709,7.605329010402784
0.065,52,1070889713,1.907584309577942,0.0,0.0,4.367098717484623,7.564690007711761
0.065,53,415096539,1.9060930013656616,0.0,0.0,4.424727768870071,7.782862987369299
0.065,54,52416235,2.044851064682007,0.0,0.0,4.2722203941084445,7.072872991557233
0.065,55,278032723,1.9063496589660645,0.0,0.0,4.355995797319338,7.777680002618581
0.065,56,174946158,1.9051793813705444,0.0,0.0,4.4076328210067,7.425608986523002
0.065,57,196848554,1.9528708457946777,0.0,0.0,4.376551814842969,7.6270569988992065
0.065,58,263030910,1.827669620513916,0.0,0.0,4.48813933134079,7.977064000442624
0.065,59,1285415020,1.9082386493682861,0.0,0.0,4.356951598776504,7.244059001095593
0.065,60,1733223444,1.9006658792495728,0.0,0.0,4.4541511873248965,8.81858600769192
0.065,61,1835544261,1.897822380065918,0.0,0.0,4.417372475611046,7.683717005420476
0.065,62,1403186970,1.8517781496047974,0.0,0.0,4.389610989717767,7.121448987163603
0.065,63,1291971777,1.9097390174865723,0.0,0.0,4.349940576823428,7.327104001888074
0.065,64,712292067,1.9028321504592896,0.0,0.0,4.388288513990119,7.754662990919314
0.065,65,2001429764,1.9627598524093628,0.0,0.0,4.3616312351077795,7.3855280061252415
0.065,66,1375664061,1.9303234815597534,0.0,0.0,4.339625430991873,7.8543859999626875
0.065,67,1556456120,1.9792702198028564,0.0,0.0,4.382497630780563,7.528459987952374
0.065,68,1576053187,1.9803767204284668,0.0,0.0,4.2492170261684805,7.6170029933564365
0.065,69,1848019881,1.9620587825775146,0.0,0.0,4.35913192294538,7.667211990337819
0.065,70,1508652585,1.976383090019226,0.0,0.0,4.3404759438708425,8.07589000032749
0.065,71,1995737731,1.878607988357544,0.0,0.0,4.376415545353666,7.550169000751339
0.065,72,1162788447,1.890464425086975,0.0,0.0,4.388581359060481,7.514922006521374
0.065,73,1172925522,1.9284237623214722,0.0,0.0,4.280788017669693,7.922578995930962
0.065,74,539174575,1.9631915092468262,0.0,0.0,4.427788348868489,7.5445529946591705
0.065,75,2013637345,1.924414873123169,0.0,0.0,4.355194517178461,8.081950989435427
0.065,76,1187468716,1.9745700359344482,0.0,0.0,4.297153176506981,7.534091011621058
0.065,77,1062978506,1.9053314924240112,0.0,0.0,4.365382931893691,7.638150011189282
0.065,78,679326770,1.8658479452133179,0.0,0.0,4.386992129264399,7.594395006890409
0.065,79,587923432,1.9304910898208618,0.0,0.0,4.464177924906835,8.016819003387354
0.065,80,1359889667,1.924428105354309,0.0,0.0,4.325879039475694,8.44249599322211
0.065,81,970187386,1.9425386190414429,0.0,0.0,4.350567938294262,7.562938000774011
0.065,82,1219839873,1.8968403339385986,0.0,0.0,4.419066849164665,7.183460009400733
0.065,83,1428160212,1.9256131649017334,0.0,0.0,4.427154557779431,7.723204995272681
0.065,84,1930609499,1.9241483211517334,0.0,0.0,4.28986874781549,7.277733995579183
0.065,85,710582861,1.954506278038025,0.0,0.0,4.347192364744842,7.590319000883028
0.065,86,1463614337,1.8926366567611694,0.0,0.0,4.368533271132037,7.1184400003403425
0.065,87,1940152705,1.9402543306350708,0.0,0.0,4.314715388696641,7.832863004296087
0.065,88,985452196,1.9441502094268799,0.0,0.0,4.335993864340708,7.536104996688664
0.065,89,552062587,2.013352394104004,0.0,0.0,4.281086704693735,19.379014003789052
0.065,90,623566272,1.9289665222167969,0.0,0.0,4.31365036405623,10.52599299873691
0.065,91,729775797,1.8708114624023438,0.0,0.0,4.465817521791905,7.867712993174791
0.065,92,1352536665,1.9519187211990356,0.0,0.0,4.4178161134477705,7.9333169996971264
0.065,93,555883440,1.8947447538375854,0.0,0.0,4.364879844011739,7.7390580117935315
0.065,94,1801800003,1.9701566696166992,0.0,0.0,4.3113326779566705,7.926640988443978
0.065,95,763315502,1.9617705345153809,0.0,0.0,4.4245072703342885,7.494845005567186
0.065,96,138897982,1.9057273864746094,0.0,0.0,4.338382453890517,8.230227991589345
0.065,97,10785379,1.8450864553451538,0.0,0.0,4.488878877600655,7.397070003207773
0.065,98,53923185,1.916152834892273,0.0,0.0,4.4314100462943316,8.08978799614124
0.065,99,1349917978,1.9227532148361206,0.0,0.0,4.386321836849675,7.8577310050604865
0.066,0,1501552845,1.944264531135559,0.0,0.0,4.325955316890031,7.368523001787253
0.066,1,488200390,2.001462936401367,0.0,0.0,4.318332628812641,7.645259000128135
0.066,2,1693606510,1.9348632097244263,0.0,0.0,4.363310848362744,9.046153994859196
0.066,3,680233354,1.9389327764511108,0.0,0.0,4.3315030604135245,7.17276000068523
0.066,4,438466540,1.9145249128341675,0.0,0.0,4.442638118285686,7.633621004060842
0.066,5,1712329280,1.95215904712677,0.0,0.0,4.3532748653087765,8.067741000559181
0.066,6,1380152455,1.9529820680618286,0.0,0.0,4.30936487019062,11.568128989893012
0.066,7,1452245846,1.839841365814209,0.0,0.0,4.428774380823597,7.205859001260251
0.066,8,2122694021,1.8876886367797852,0.0,0.0,4.421204238664359,7.452199002727866
0.066,9,839901363,1.9169450998306274,0.0,0.0,4.382339110597968,7.499236991861835
0.066,10,1802651552,1.8857285976409912,0.0,0.0,4.372092601610348,7.229343013023026
0.066,11,714712467,1.931447148323059,0.0,0.0,4.316778934095055,7.838899997295812
0.066,12,1218704077,1.924463152885437,0.0,0.0,4.4493388235569,7.528165995609015
0.066,13,1284858263,1.8897933959960938,0.0,0.0,4.457135713193566,7.469966003554873
0.066,14,457721135,1.8572176694869995,0.0,0.0,4.382374494569376,7.719948000158183
0.066,15,401008609,1.926103949546814,0.0,0.0,4.375312708085403,7.888453008490615
0.066,16,492064534,1.9199810028076172,0.0,0.0,4.387142252875492,7.58978899102658
0.066,17,1444732602,1.989769458770752,0.0,0.0,4.363538390491158,7.3596110014477745
0.066,18,1317426686,1.919215202331543,0.0,0.0,4.343537240987644,7.543732994236052
0.066,19,2022506251,1.909562349319458,0.0,0.0,4.4003032732289284,7.631326996488497
0.066,20,1516459118,1.8867145776748657,0.0,0.0,4.390600225655362,7.609021995449439
0.066,21,533103612,1.8786699771881104,0.0,0.0,4.382602895144373,7.62761700025294
0.066,22,1964759878,1.905807375907898,0.0,0.0,4.421682538697496,7.306482002604753
0.066,23,2037706756,1.9063209295272827,0.0,0.0,4.437522151740268,7.929516999865882
0.066,24,1572889065,1.8865865468978882,0.0,0.0,4.3805985825601965,8.015503000933677
0.066,25,1432881518,1.9453084468841553,0.0,0.0,4.291967693949118,8.243547010351904
0.066,26,280516901,1.9118198156356812,0.0,0.0,4.35365871572867,7.234176999190822
0.066,27,205939248,1.9152854681015015,0.0,0.0,4.455112888710573,7.308567001018673
0.066,28,571904914,1.8936680555343628,0.0,0.0,4.457188782049343,8.032704005017877
0.066,29,948843457,1.9517488479614258,0.0,0.0,4.438724350184202,7.619130992679857
0.066,30,155492488,1.9059585332870483,0.0,0.0,4.325086233671755,7.499013998312876
0.066,31,1903701130,1.9473339319229126,0.0,0.0,4.411755412817001,7.494160003261641
0.066,32,1017961266,1.9675683975219727,0.0,0.0,4.259969566017389,7.787059003021568
0.066,33,1497769985,1.9439101219177246,0.0,0.0,4.394619782688096,7.786517002386972
0.066,34,456523489,1.9258908033370972,0.0,0.0,4.3786690277047455,7.7973649895284325
0.066,35,701095136,1.9720451831817627,0.0,0.0,4.326394809642807,7.520747007220052
0.066,36,249069576,1.953104853630066,0.0,0.0,4.309856590582058,7.591205998323858
0.066,37,1576098728,1.9766254425048828,0.0,0.0,4.334222757257521,7.790149000356905
0.066,38,1662748500,1.9610058069229126,0.0,0.0,4.340893405955285,7.993874998646788
0.066,39,472736216,1.9366024732589722,0.0,0.0,4.340838261181489,8.103958010906354
0.066,40,1535411295,1.9303154945373535,0.0,0.0,4.344984310679138,7.350308005698025
0.066,41,175223003,1.9060755968093872,0.0,0.0,4.386252673575655,8.501766991685145
0.066,42,840936862,1.9040731191635132,0.0,0.0,4.374530795030296,7.636798996827565
0.066,43,343373188,1.9107694625854492,0.0,0.0,4.365148630458862,7.643560005817562
0.066,44,1597751082,1.9820325374603271,0.0,0.0,4.329736967105418,8.033032005187124
0.066,45,730359585,1.9403297901153564,0.0,0.0,4.393336947774515,7.508335998863913
0.066,46,1016641002,1.9539425373077393,0.0,0.0,4.279842775780708,7.688723999308422
0.066,47,998994690,1.8465644121170044,0.0,0.0,4.388910169247538,7.790113988448866
0.066,48,1021240743,1.9320008754730225,0.0,0.0,4.360699834767729,7.558982004411519
0.066,49,572134801,1.9429881572723389,0.0,0.0,4.324592772172764,7.389131002128124
0.066,50,1198399760,1.9305977821350098,0.0,0.0,4.386280750157312,7.556413998827338
0.066,51,1751866485,1.9520683288574219,0.0,0.0,4.3629604848101735,7.378784997854382
0.066,52,1070889713,1.9111250638961792,0.0,0.0,4.374803107697517,8.209769992390648
0.066,53,415096539,1.909765362739563,0.0,0.0,4.428297748789191,7.489276002161205
0.066,54,52416235,2.0500123500823975,0.0,0.0,4.268958630040288,7.869641005527228
0.066,55,278032723,1.9087672233581543,0.0,0.0,4.364676430588588,7.3999860032927245
0.066,56,174946158,1.911630392074585,0.0,0.0,4.409792375052348,7.962771996972151
0.066,57,196848554,1.9542380571365356,0.0,0.0,4.381627787370235,7.68432799668517
0.066,58,263030910,1.8272300958633423,0.0,0.0,4.491811607498676,7.947409001644701
0.066,59,1285415020,1.9158709049224854,0.0,0.0,4.360150253865868,7.481524997274391
0.066,60,1733223444,1.8992078304290771,0.0,0.0,4.4555542366579175,7.731047997367568
0.066,61,1835544261,1.903401255607605,0.0,0.0,4.414979766122997,7.756620005238801
0.066,62,1403186970,1.8507744073867798,0.0,0.0,4.404128835070878,7.313941008760594
0.066,63,1291971777,1.9145317077636719,0.0,0.0,4.348498238949105,7.4985550018027425
0.066,64,712292067,1.9095022678375244,0.0,0.0,4.394080420723185,7.927023005322553
0.066,65,2001429764,1.9659250974655151,0.0,0.0,4.368403747444972,7.529855007305741
0.066,66,1375664061,1.9318643808364868,0.0,0.0,4.340904300101101,7.423888993798755
0.066,67,1556456120,1.9843164682388306,0.0,0.0,4.389403430046514,7.544773005065508
0.066,68,1576053187,1.9847747087478638,0.0,0.0,4.246867026435211,7.79414499993436
0.066,69,1848019881,1.9714511632919312,0.0,0.0,4.364321369212121,7.308480009669438
0.066,70,1508652585,1.9746417999267578,0.0,0.0,4.344823401654139,7.468654992408119
0.066,71,1995737731,1.8822649717330933,0.0,0.0,4.358624115586281,7.793469994794577
0.066,72,1162788447,1.8931775093078613,0.0,0.0,4.388020052807406,7.935106012155302
0.066,73,1172925522,1.934769630432129,0.0,0.0,4.285055172862485,8.116404991596937
0.066,74,539174575,1.9683308601379395,0.0,0.0,4.429816659074277,8.24776099761948
0.066,75,2013637345,1.9295881986618042,0.0,0.0,4.353053076658398,11.481538007501513
0.066,76,1187468716,1.9843721389770508,0.0,0.0,4.289358503185213,7.880506993387826
0.066,77,1062978506,1.9155713319778442,0.0,0.0,4.384722518734634,7.219559003715403
0.066,78,679326770,1.9239494800567627,0.0,0.0,4.3617188590578735,7.309441003599204
0.066,79,587923432,1.9287012815475464,0.0,0.0,4.453952312935144,7.989792997250333
0.066,80,1359889667,1.9285281896591187,0.0,0.0,4.313609616830945,7.65506700554397
0.066,81,970187386,1.9445111751556396,0.0,0.0,4.352287511574104,7.260997997946106
0.066,82,1219839873,1.9058233499526978,0.0,0.0,4.429542439524084,7.8819100017426535
0.066,83,1428160212,1.9163625240325928,0.0,0.0,4.4254959595855325,7.54431399400346
0.066,84,1930609499,1.925049066543579,0.0,0.0,4.294477808754891,7.409700992866419
0.066,85,710582861,1.9551448822021484,0.0,0.0,4.338656624313444,7.823160995030776
0.066,86,1463614337,1.8951666355133057,0.0,0.0,4.370435075601563,7.398339002975263
0.066,87,1940152705,1.947777271270752,0.0,0.0,4.3151614759117365,7.939334987895563
0.066,88,985452196,1.9476096630096436,0.0,0.0,4.338375760242343,7.7027599909342825
0.066,89,552062587,2.0274107456207275,0.0,0.0,4.25431143050082,7.8576530067948624
0.066,90,623566272,1.9237109422683716,0.0,0.0,4.324803547235206,7.715435000136495
0.066,91,729775797,1.8630213737487793,0.0,0.0,4.467847649706528,7.684614000027068
0.066,92,1352536665,1.956961989402771,0.0,0.0,4.41098818439059,7.803169995895587
0.066,93,555883440,1.9038130044937134,0.0,0.0,4.369237263454124,7.695394000620581
0.066,94,1801800003,1.9706918001174927,0.0,0.0,4.305037009296939,7.52034000470303
0.066,95,763315502,1.9653358459472656,0.0,0.0,4.428839942440391,7.330024003749713
0.066,96,138897982,1.9118674993515015,0.0,0.0,4.324428299674764,7.790203992044553
0.066,97,10785379,1.8498551845550537,0.0,0.0,4.505691425874829,7.730632001766935
0.066,98,53923185,1.9204695224761963,0.0,0.0,4.43580637476407,7.239553990075365
0.066,99,1349917978,1.9285526275634766,0.0,0.0,4.382941039744765,7.648568003787659
0.067,0,1501552845,1.9507508277893066,0.0,0.0,4.330414124764502,7.484889996703714
0.067,1,488200390,2.0083906650543213,0.0,0.0,4.3229898700956255,7.626709004398435
0.067,2,1693606510,1.9375240802764893,0.0,0.0,4.350557384081185,7.480170010239817
0.067,3,680233354,1.9492613077163696,0.0,0.0,4.326446327846497,7.565728010376915
0.067,4,438466540,1.911529541015625,0.0,0.0,4.476358235813677,8.048804986174218
0.067,5,1712329280,1.9513262510299683,0.0,0.0,4.320723020238802,7.841586004360579
0.067,6,1380152455,1.9582668542861938,0.0,0.0,4.303451518062502,8.25777200225275
0.067,7,1452245846,1.8488346338272095,0.0,0.0,4.4352432957384735,8.044258007430471
0.067,8,2122694021,1.9155049324035645,0.0,0.0,4.411889368668199,7.97562999650836
0.067,9,839901363,1.9162342548370361,0.0,0.0,4.379369288682938,7.547542991233058
0.067,10,1802651552,1.8897373676300049,0.0,0.0,4.365027957828715,7.566675994894467
0.067,11,714712467,1.9353468418121338,0.0,0.0,4.31884812284261,7.852914000977762
0.067,12,1218704077,1.9258283376693726,0.0,0.0,4.447093704948202,7.71108600019943
0.067,13,1284858263,1.8947924375534058,0.0,0.0,4.459354032063857,7.911791995866224
0.067,14,457721135,1.8335623741149902,0.0,0.0,4.360206206096336,7.653451000805944
0.067,15,401008609,1.9314008951187134,0.0,0.0,4.3736684082541615,7.982391005498357
0.067,16,492064534,1.9345033168792725,0.0,0.0,4.385793271008879,7.399458001600578
0.067,17,1444732602,1.9963639974594116,0.0,0.0,4.355411801720038,7.562511993455701
0.067,18,1317426686,1.9252840280532837,0.0,0.0,4.336509239394218,7.682048992137425
0.067,19,2022506251,1.9131969213485718,0.0,0.0,4.404304967727512,7.918203002191149
0.067,20,1516459118,1.9832441806793213,0.0,0.0,4.3827009338419884,8.324604001245461
0.067,21,533103612,1.8835281133651733,0.0,0.0,4.382989714387804,7.420380992698483
0.067,22,1964759878,1.910841703414917,0.0,0.0,4.425856372108683,7.4715980008477345
0.067,23,2037706756,1.9118562936782837,0.0,0.0,4.440394317964092,8.474596004816703
0.067,24,1572889065,1.8931455612182617,0.0,0.0,4.383449053158984,7.7791000076103956
0.067,25,1432881518,1.9653953313827515,0.0,0.0,4.298308163648471,7.878812000853941
0.067,26,280516901,1.904781460762024,0.0,0.0,4.356542632216588,7.746005998342298
0.067,27,205939248,1.9242851734161377,0.0,0.0,4.4607151474338025,7.9833740019239485
0.067,28,571904914,1.896354079246521,0.0,0.0,4.4580003074370325,7.699456007685512
0.067,29,948843457,1.9544512033462524,0.0,0.0,4.434608336538076,7.4703489954117686
0.067,30,155492488,1.9156363010406494,0.0,0.0,4.318164146738127,7.634939989657141
0.067,31,1903701130,1.9526214599609375,0.0,0.0,4.416217080783099,8.08818600489758
0.067,32,1017961266,1.9431977272033691,0.0,0.0,4.263098716503009,6.964170999708585
0.067,33,1497769985,1.947622299194336,0.0,0.0,4.397520145168528,7.642711003427394
0.067,34,456523489,1.9286385774612427,0.0,0.0,4.369958813069388,7.387389996438287
0.067,35,701095136,1.9726437330245972,0.0,0.0,4.325306070502847,7.4741569987963885
0.067,36,249069576,1.9580844640731812,0.0,0.0,4.294613872189075,7.129318997613154
0.067,37,1576098728,1.9795290231704712,0.0,0.0,4.338452894473448,8.026404000702314
0.067,38,1662748500,1.946512222290039,0.0,0.0,4.341906118905172,7.716211999650113
0.067,39,472736216,1.9410161972045898,0.0,0.0,4.339806400472298,18.07489199563861
0.067,40,1535411295,1.9194364547729492,0.0,0.0,4.364006977295503,8.692226998391561
0.067,41,175223003,1.9110829830169678,0.0,0.0,4.393181252293289,11.22163400577847
0.067,42,840936862,1.9075038433074951,0.0,0.0,4.365067364880815,7.796821999363601
0.067,43,343373188,1.9186888933181763,0.0,0.0,4.36763017415069,8.029082993743941
0.067,44,1597751082,1.9913716316223145,0.0,0.0,4.339202251750976,7.608776999404654
0.067,45,730359585,1.9425595998764038,0.0,0.0,4.394880996085703,7.575494993943721
0.067,46,1016641002,1.9610819816589355,0.0,0.0,4.270841219695285,8.034774989937432
0.067,47,998994690,1.8699599504470825,0.0,0.0,4.392295481869951,7.748582007479854
0.067,48,1021240743,1.9468744993209839,0.0,0.0,4.347328510135412,7.704578005359508
0.067,49,572134801,1.928275465965271,0.0,0.0,4.298771078465506,10.739753997768275
0.067,50,1198399760,1.9493521451950073,0.0,0.0,4.3857955574058,7.625312995514832
0.067,51,1751866485,1.9690558910369873,0.0,0.0,4.347406663931906,7.45314999949187
0.067,52,1070889713,1.9161831140518188,0.0,0.0,4.373190211830661,7.601309000165202
0.067,53,415096539,1.9132208824157715,0.0,0.0,4.433654572349042,7.590880995849147
0.067,54,52416235,2.048633098602295,0.0,0.0,4.254397182492539,7.750631004455499
0.067,55,278032723,1.9130032062530518,0.0,0.0,4.3680405367631465,7.569431007141247
0.067,56,174946158,1.9168620109558105,0.0,0.0,4.41489124041982,7.96419101243373
0.067,57,196848554,1.9596264362335205,0.0,0.0,4.385321704437956,8.038744010264054
0.067,58,263030910,1.8354920148849487,0.0,0.0,4.4696799805387855,7.668991005630232
0.067,59,1285415020,1.9258679151535034,0.0,0.0,4.363991643302143,7.637980001163669
0.067,60,1733223444,1.906901240348816,0.0,0.0,4.46030200063251,7.9260570055339485
0.067,61,1835544261,1.9049500226974487,0.0,0.0,4.414609880419448,7.839839992811903
0.067,62,1403186970,1.854699730873108,0.0,0.0,4.396582280984148,7.583466998767108
0.067,63,1291971777,1.9195964336395264,0.0,0.0,4.3512373303528875,7.881172001361847
0.067,64,712292067,1.9150677919387817,0.0,0.0,4.39165511354804,7.568408007500693
0.067,65,2001429764,1.9661891460418701,0.0,0.0,4.370224865851924,7.692439001402818
0.067,66,1375664061,1.9411267042160034,0.0,0.0,4.341459874995053,7.878110001911409
0.067,67,1556456120,1.9900147914886475,0.0,0.0,4.392657545628026,7.329999003559351
0.067,68,1576053187,1.992910385131836,0.0,0.0,4.249749786686152,7.56697500764858
0.067,69,1848019881,1.976989984512329,0.0,0.0,4.36908687883988,7.9241299972636625
0.067,70,1508652585,1.9754047393798828,0.0,0.0,4.339337626937777,15.221775000100024
0.067,71,1995737731,1.8824453353881836,0.0,0.0,4.3614338708575815,7.646044992725365
0.067,72,1162788447,1.917518973350525,0.0,0.0,4.412501819664612,7.794115008437075
0.067,73,1172925522,1.9405369758605957,0.0,0.0,4.2641934810671955,8.109307003905997
0.067,74,539174575,1.9787380695343018,0.0,0.0,4.40903654973954,7.884708989877254
0.067,75,2013637345,1.932569980621338,0.0,0.0,4.355205510277301,8.321570989210159
0.067,76,1187468716,1.9893264770507812,0.0,0.0,4.294338703621179,7.8191159991547465
0.067,77,1062978506,1.919752597808838,0.0,0.0,4.389782515820116,7.470419004675932
0.067,78,679326770,1.9303538799285889,0.0,0.0,4.3473067581653595,7.389521997538395
0.067,79,587923432,1.9314485788345337,0.0,0.0,4.453865872928873,7.112841994967312
0.067,80,1359889667,1.9344773292541504,0.0,0.0,4.31572215561755,8.07583099231124
0.067,81,970187386,1.9493041038513184,0.0,0.0,4.335975210415199,7.4821940070251
0.067,82,1219839873,1.8931013345718384,0.0,0.0,4.393961616558954,7.631889995536767
0.067,83,1428160212,1.9223766326904297,0.0,0.0,4.430435621412471,7.760680004139431
0.067,84,1930609499,1.9333552122116089,0.0,0.0,4.2807310682255775,7.758923005894758
0.067,85,710582861,1.9540425539016724,0.0,0.0,4.352662556106225,7.505442001274787
0.067,86,1463614337,1.9000496864318848,0.0,0.0,4.375675006536767,7.968478006660007
0.067,87,1940152705,1.9441378116607666,0.0,0.0,4.31414482370019,7.116724998923019
0.067,88,985452196,1.9550899267196655,0.0,0.0,4.336635493207723,7.4780430004466325
0.067,89,552062587,2.013826608657837,0.0,0.0,4.277459055185318,7.436906002112664
0.067,90,623566272,1.92959463596344,0.0,0.0,4.3041420362424105,7.282826991286129
0.067,91,729775797,1.8687806129455566,0.0,0.0,4.4728743634186685,6.847091994131915
0.067,92,1352536665,1.9602866172790527,0.0,0.0,4.411747379461303,8.108440990326926
0.067,93,555883440,1.9096035957336426,0.0,0.0,4.372483627870679,7.482065004296601
0.067,94,1801800003,1.9780765771865845,0.0,0.0,4.302072425372899,7.686926008318551
0.067,95,763315502,1.9792097806930542,0.0,0.0,4.439732922939584,7.445886003552005
0.067,96,138897982,1.914557695388794,0.0,0.0,4.326395770069212,7.912596003734507
0.067,97,10785379,1.8490217924118042,0.0,0.0,4.505208467831835,7.964889999129809
0.067,98,53923185,1.9238284826278687,0.0,0.0,4.436201415490359,7.602404002682306
0.067,99,1349917978,1.940902829170227,0.0,0.0,4.380220165010542,7.478893006918952
0.068,0,1501552845,1.95757257938385,0.0,0.0,4.330867310287431,8.209915002225898
0.068,1,488200390,2.0181798934936523,0.0,0.0,4.326992905233055,7.4467700032982975
0.068,2,1693606510,1.9414427280426025,0.0,0.0,4.3540351062547415,7.570531000965275
0.068,3,680233354,1.9561904668807983,0.0,0.0,4.318655790761113,8.194144000299275
0.068,4,438466540,1.9265694618225098,0.0,0.0,4.434255772503093,8.25692099169828
0.068,5,1712329280,1.9699643850326538,0.0,0.0,4.31447114655748,7.69033600226976
0.068,6,1380152455,1.9717750549316406,0.0,0.0,4.308490736177191,8.233282991568558
0.068,7,1452245846,1.8546663522720337,0.0,0.0,4.429000358330086,7.315608992939815
0.068,8,2122694021,1.9207639694213867,0.0,0.0,4.416214301018044,7.478970001102425
0.068,9,839901363,1.9161146879196167,0.0,0.0,4.377659532008693,8.007319993339479
0.068,10,1802651552,1.8866263628005981,0.0,0.0,4.4061071942560375,7.676758992602117
0.068,11,714712467,1.9529770612716675,0.0,0.0,4.3267668972257525,7.7063270000508055
0.068,12,1218704077,1.9244978427886963,0.0,0.0,4.448891497449949,7.079595990944654
0.068,13,1284858263,1.8995832204818726,0.0,0.0,4.44480448262766,8.100733990431763
0.068,14,457721135,1.8671818971633911,0.0,0.0,4.379969609202817,64.35332899854984
0.068,15,401008609,1.936226725578308,0.0,0.0,4.3816151020582765,7.6825590076623484
0.068,16,492064534,1.9377703666687012,0.0,0.0,4.396994281793013,7.831296999938786
0.068,17,1444732602,2.0083439350128174,0.0,0.0,4.3649889547377825,6.967569992411882
0.068,18,1317426686,1.9297125339508057,0.0,0.0,4.335018649464473,63.778570998692885
0.068,19,2022506251,1.9207221269607544,0.0,0.0,4.398330441210419,7.77825599652715
0.068,20,1516459118,1.9890497922897339,0.0,0.0,4.3862460516393185,7.5754190038423985
0.068,21,533103612,1.8841943740844727,0.0,0.0,4.384836502606049,7.631893997313455
0.068,22,1964759878,1.8930699825286865,0.0,0.0,4.428499913774431,7.537110999692231
0.068,23,2037706756,1.9189411401748657,0.0,0.0,4.4467871140223,7.731313002295792
0.068,24,1572889065,1.8977895975112915,0.0,0.0,4.372317039873451,7.642595999641344
0.068,25,1432881518,1.968198299407959,0.0,0.0,4.297770694363862,7.697489010752179
0.068,26,280516901,1.938806176185608,0.0,0.0,4.323865487007424,7.76317399868276
0.068,27,205939248,1.9191230535507202,0.0,0.0,4.458683914272115,7.791383992298506
0.068,28,571904914,1.9025753736495972,0.0,0.0,4.466553956037387,7.484996996936388
0.068,29,948843457,1.9599162340164185,0.0,0.0,4.437975860899314,7.6940919971093535
0.068,30,155492488,1.9218940734863281,0.0,0.0,4.32294456101954,7.481702006771229
0.068,31,1903701130,1.9569754600524902,0.0,0.0,4.404771915636957,7.93265100219287
0.068,32,1017961266,1.9342106580734253,0.0,0.0,4.277146248379722,7.798878999892622
0.068,33,1497769985,1.9437404870986938,0.0,0.0,4.401380431838334,8.338503001141362
0.068,34,456523489,1.9268443584442139,0.0,0.0,4.3885487033985555,7.706250005867332
0.068,35,701095136,1.9744938611984253,0.0,0.0,4.328885239548981,7.971010010805912
0.068,36,249069576,1.9683197736740112,0.0,0.0,4.298792752204463,7.900579992565326
0.068,37,1576098728,1.9798057079315186,0.0,0.0,4.334382212022319,7.560792990261689
0.068,38,1662748500,1.9504101276397705,0.0,0.0,4.344161130022258,7.351678999839351
0.068,39,472736216,1.9438896179199219,0.0,0.0,4.341900783590972,7.692847997532226
0.068,40,1535411295,1.9259181022644043,0.0,0.0,4.3654972582589835,7.418686000164598
0.068,41,175223003,1.9174288511276245,0.0,0.0,4.384748430456966,7.564900995930657
0.068,42,840936862,1.9132670164108276,0.0,0.0,4.367948020342737,7.840317004593089
0.068,43,343373188,1.9220075607299805,0.0,0.0,4.359448743751273,7.675778993871063
0.068,44,1597751082,2.0052967071533203,0.0,0.0,4.34378405706957,7.804471999406815
0.068,45,730359585,1.9482165575027466,0.0,0.0,4.397644401527941,8.213360997615382
0.068,46,1016641002,1.965144395828247,0.0,0.0,4.275662190513685,7.687916993745603
0.068,47,998994690,1.876455545425415,0.0,0.0,4.381991430418566,7.559050995041616
0.068,48,1021240743,1.9511877298355103,0.0,0.0,4.349905816139653,7.96752399764955
0.068,49,572134801,1.942168116569519,0.0,0.0,4.306416421430185,7.828515997971408
0.068,50,1198399760,1.9547017812728882,0.0,0.0,4.386662324192002,7.683971998631023
0.068,51,1751866485,1.9802801609039307,0.0,0.0,4.364939707797021,7.5163799920119345
0.068,52,1070889713,1.992496371269226,0.0,0.0,4.3460764130577445,8.023002999834716
0.068,53,415096539,1.9204771518707275,0.0,0.0,4.450276595307514,7.872154994402081
0.068,54,52416235,2.0550429821014404,0.0,0.0,4.258964374894276,7.436047992086969
0.068,55,278032723,1.915545105934143,0.0,0.0,4.35933650424704,8.484116013278253
0.068,56,174946158,1.9194568395614624,0.0,0.0,4.41683796280995,8.059261002927087
0.068,57,196848554,1.967093586921692,0.0,0.0,4.383107112953439,7.5215740071143955
0.068,58,263030910,1.837764859199524,0.0,0.0,4.471467398572713,7.57517600141
0.068,59,1285415020,1.9316684007644653,0.0,0.0,4.35032472666353,7.479887004592456
0.068,60,1733223444,1.9128304719924927,0.0,0.0,4.4621634229552,7.927605998702347
0.068,61,1835544261,1.9098511934280396,0.0,0.0,4.412828297587112,8.097586993244477
0.068,62,1403186970,1.8377491235733032,0.0,0.0,4.402719932841137,7.977992994710803
0.068,63,1291971777,1.923508644104004,0.0,0.0,4.354792208876461,9.854862000793219
0.068,64,712292067,1.9191985130310059,0.0,0.0,4.3938547156285495,7.813613003236242
0.068,65,2001429764,1.9707229137420654,0.0,0.0,4.3734408968593925,7.957024005008861
0.068,66,1375664061,1.939899206161499,0.0,0.0,4.345365841174498,8.417954988544807
0.068,67,1556456120,1.9990569353103638,0.0,0.0,4.393077960703522,7.763251007418148
0.068,68,1576053187,2.0017271041870117,0.0,0.0,4.254271851852536,7.971167011419311
0.068,69,1848019881,1.976839542388916,0.0,0.0,4.359540679492056,7.419381989166141
0.068,70,1508652585,1.9879295825958252,0.0,0.0,4.338305869139731,7.514878001529723
0.068,71,1995737731,1.8818222284317017,0.0,0.0,4.370885642012581,7.212625991087407
0.068,72,1162788447,1.9237804412841797,0.0,0.0,4.399456813232973,8.20557500992436
0.068,73,1172925522,1.9439585208892822,0.0,0.0,4.27094803750515,7.674908003536984
0.068,74,539174575,1.9895987510681152,0.0,0.0,4.413346052868292,7.586261999676935
0.068,75,2013637345,1.9347257614135742,0.0,0.0,4.361097741406411,7.448462012689561
0.068,76,1187468716,1.9990711212158203,0.0,0.0,4.286914641968906,6.901301996549591
0.068,77,1062978506,1.9182236194610596,0.0,0.0,4.388753819977865,7.3687160038389266
0.068,78,679326770,1.9364837408065796,0.0,0.0,4.354370557935908,8.172201996785589
0.068,79,587923432,1.9405840635299683,0.0,0.0,4.46632059616968,7.900666008936241
0.068,80,1359889667,1.9413055181503296,0.0,0.0,4.317263938952237,7.894459005910903
0.068,81,970187386,1.9547103643417358,0.0,0.0,4.337897281628102,7.505333996959962
0.068,82,1219839873,1.9002381563186646,0.0,0.0,4.405370458262041,7.659062001039274
0.068,83,1428160212,1.9229037761688232,0.0,0.0,4.4313007451128215,7.848467008443549
0.068,84,1930609499,1.938965916633606,0.0,0.0,4.285057149361819,7.590615990920924
0.068,85,710582861,1.964576244354248,0.0,0.0,4.3574054022319615,7.528312009526417
0.068,86,1463614337,1.904971957206726,0.0,0.0,4.364428290165961,8.025399991311133
0.068,87,1940152705,1.9502872228622437,0.0,0.0,4.319012030959129,7.459692002157681
0.068,88,985452196,1.963129997253418,0.0,0.0,4.337495822226629,7.442147994879633
0.068,89,552062587,2.0160810947418213,0.0,0.0,4.274905469501391,7.293161004781723
0.068,90,623566272,1.94084894657135,0.0,0.0,4.3177543776109815,7.7248380111996084
0.068,91,729775797,1.874946117401123,0.0,0.0,4.461011247243732,7.361056006629951
0.068,92,1352536665,1.966735601425171,0.0,0.0,4.415597559185699,8.133622002787888
0.068,93,555883440,1.9131016731262207,0.0,0.0,4.36485462076962,7.726868003373966
0.068,94,1801800003,1.9910626411437988,0.0,0.0,4.297659845557064,7.801808009389788
0.068,95,763315502,1.9723800420761108,0.0,0.0,4.435795574216172,7.529705995693803
0.068,96,138897982,1.9173309803009033,0.0,0.0,4.326944364234805,7.196464997832663
0.068,97,10785379,1.8512802124023438,0.0,0.0,4.49286462017335,7.416277003358118
0.068,98,53923185,1.926387906074524,0.0,0.0,4.438836988992989,7.4590599979273975
0.068,99,1349917978,1.9451911449432373,0.0,0.0,4.37129371589981,7.5084590062033385
0.069,0,1501552845,1.9636305570602417,0.0,0.0,4.33453414705582,7.160655994084664
0.069,1,488200390,2.0286238193511963,0.0,0.0,4.297832411713898,7.930759995360859
0.069,2,1693606510,1.9448981285095215,0.0,0.0,4.346365733304992,7.468886993592605
0.069,3,680233354,1.9639220237731934,0.0,0.0,4.315493181813508,7.637030998012051
0.069,4,438466540,1.9254472255706787,0.0,0.0,4.4691102732904255,7.898730007582344
0.069,5,1712329280,1.9658323526382446,0.0,0.0,4.321282137883827,7.506602996727452
0.069,6,1380152455,1.9759695529937744,0.0,0.0,4.311075936304405,7.7872270048828796
0.069,7,1452245846,1.853840947151184,0.0,0.0,4.431842712685466,7.983495001099072
0.069,8,2122694021,1.928680658340454,0.0,0.0,4.404571534600109,7.253474002936855
0.069,9,839901363,1.9175502061843872,0.0,0.0,4.380159837426618,7.675860993913375
0.069,10,1802651552,1.8882585763931274,0.0,0.0,4.416304856073111,7.854672003304586
0.069,11,714712467,1.9604135751724243,0.0,0.0,4.328015167731792,7.841389000532217
0.069,12,1218704077,1.926045536994934,0.0,0.0,4.408836132381111,7.9098220012383536
0.069,13,1284858263,1.9023374319076538,0.0,0.0,4.447350858245045,8.001729001989588
0.069,14,457721135,1.8711146116256714,0.0,0.0,4.373005005996674,7.60716300283093
0.069,15,401008609,1.942452311515808,0.0,0.0,4.382626890204847,7.363162003457546
0.069,16,492064534,1.9420677423477173,0.0,0.0,4.402642982779071,7.720941008301452
0.069,17,1444732602,2.0130908489227295,0.0,0.0,4.364398312522098,7.60611001169309
0.069,18,1317426686,1.9207568168640137,0.0,0.0,4.341010987525806,7.458185005816631
0.069,19,2022506251,1.9392024278640747,0.0,0.0,4.385200945427641,7.3868130129994825
0.069,20,1516459118,1.9947609901428223,0.0,0.0,4.387542190728709,11.133350999443792
0.069,21,533103612,1.8908898830413818,0.0,0.0,4.38852655980736,7.848948007449508
0.069,22,1964759878,1.8876045942306519,0.0,0.0,4.425886583514512,7.4468249949859455
0.069,23,2037706756,1.9270919561386108,0.0,0.0,4.435721668414772,7.612928995513357
0.069,24,1572889065,1.900911808013916,0.0,0.0,4.374578129965812,7.5949559977743775
0.069,25,1432881518,1.9721635580062866,0.0,0.0,4.301207575947046,7.359759998507798
0.069,26,280516901,1.9466761350631714,0.0,0.0,4.316458778223023,7.8037709899945185
0.069,27,205939248,1.9238264560699463,0.0,0.0,4.443660199642181,7.390938000753522
0.069,28,571904914,1.9052989482879639,0.0,0.0,4.468686215346679,7.725926989223808
0.069,29,948843457,1.956186294555664,0.0,0.0,4.437749108532444,7.479241001419723
0.069,30,155492488,1.9265902042388916,0.0,0.0,4.325071291299537,7.974248001119122
0.069,31,1903701130,1.9576427936553955,0.0,0.0,4.4111724542453885,19.45941300073173
0.069,32,1017961266,1.941875696182251,0.0,0.0,4.268532733665779,7.9572940012440085
0.069,33,1497769985,1.9497580528259277,0.0,0.0,4.41100360150449,7.690362006542273
0.069,34,456523489,1.9327291250228882,0.0,0.0,4.3771551521494985,7.661769006517716
0.069,35,701095136,1.9779142141342163,0.0,0.0,4.307895007310435,7.987439996213652
0.069,36,249069576,1.9758720397949219,0.0,0.0,4.304691861849278,7.5700529996538535
0.069,37,1576098728,1.9748578071594238,0.0,0.0,4.353634682483971,7.749747994239442
0.069,38,1662748500,1.9506748914718628,0.0,0.0,4.346034701215103,11.753547994885594
0.069,39,472736216,1.947278380393982,0.0,0.0,4.3385969151277095,7.315305003430694
0.069,40,1535411295,1.9315414428710938,0.0,0.0,4.363986127777025,7.937820992083289
0.069,41,175223003,1.9245867729187012,0.0,0.0,4.386258768150583,7.76528799906373
0.069,42,840936862,1.9167287349700928,0.0,0.0,4.367004676023498,7.7005369967082515
0.069,43,343373188,1.9244734048843384,0.0,0.0,4.362170496722683,7.575524999992922
0.069,44,1597751082,2.012254476547241,0.0,0.0,4.3498933592345566,7.539541998994537
0.069,45,730359585,1.9449149370193481,0.0,0.0,4.395883387187496,8.140935999108478
0.069,46,1016641002,1.982064127922058,0.0,0.0,4.252337209880352,7.922477001557127
0.069,47,998994690,1.8711615800857544,0.0,0.0,4.398345652967691,7.662624993827194
0.069,48,1021240743,1.9532734155654907,0.0,0.0,4.356239239452407,8.120661004795693
0.069,49,572134801,1.9417693614959717,0.0,0.0,4.310225703986362,7.502163003664464
0.069,50,1198399760,1.9563376903533936,0.0,0.0,4.388917586533353,7.90853999205865
0.069,51,1751866485,1.9932059049606323,0.0,0.0,4.335595296928659,7.481453998479992
0.069,52,1070889713,2.0015814304351807,0.0,0.0,4.339463640702888,7.9182040062732995
0.069,53,415096539,1.9226256608963013,0.0,0.0,4.444690650096163,7.781631997204386
0.069,54,52416235,2.062725067138672,0.0,0.0,4.262165845837444,7.958950998727232
0.069,55,278032723,1.9217113256454468,0.0,0.0,4.352650018874556,7.642148993909359
0.069,56,174946158,1.931450605392456,0.0,0.0,4.412684649694711,7.404408999718726
0.069,57,196848554,1.9713586568832397,0.0,0.0,4.385157962795347,7.984188006957993
0.069,58,263030910,1.8441964387893677,0.0,0.0,4.481891283998266,9.814873992581852
0.069,59,1285415020,1.9418556690216064,0.0,0.0,4.359547616913915,8.046329996432178
0.069,60,1733223444,1.9198836088180542,0.0,0.0,4.46972367586568,7.302660000277683
0.069,61,1835544261,1.9099221229553223,0.0,0.0,4.4146346459165215,7.772408003802411
0.069,62,1403186970,1.844315528869629,0.0,0.0,4.411947409622371,7.315922004636377
0.069,63,1291971777,1.9265683889389038,0.0,0.0,4.358263462781906,7.708529999945313
0.069,64,712292067,1.9271676540374756,0.0,0.0,4.405554655008018,7.500271007302217
0.069,65,2001429764,1.9740450382232666,0.0,0.0,4.381117708282545,7.79155500640627
0.069,66,1375664061,1.9411989450454712,0.0,0.0,4.34750142111443,7.806895999237895
0.069,67,1556456120,2.0046963691711426,0.0,0.0,4.398904305649921,7.560217010905035
0.069,68,1576053187,2.0037009716033936,0.0,0.0,4.254223260562867,7.837704004487023
0.069,69,1848019881,1.9765210151672363,0.0,0.0,4.340585886966437,7.859839010052383
0.069,70,1508652585,1.9935799837112427,0.0,0.0,4.343518451787531,7.536672012065537
0.069,71,1995737731,1.8857744932174683,0.0,0.0,4.377145249396563,7.564019993878901
0.069,72,1162788447,1.92727530002594,0.0,0.0,4.389127642381936,19.026922003831714
0.069,73,1172925522,1.9474862813949585,0.0,0.0,4.274951637489721,7.403726005577482
0.069,74,539174575,1.9934802055358887,0.0,0.0,4.415835156338289,7.902092998847365
0.069,75,2013637345,1.9308730363845825,0.0,0.0,4.361123296432197,7.320743010495789
0.069,76,1187468716,2.00260066986084,0.0,0.0,4.289075641427189,7.3661700007505715
0.069,77,1062978506,1.9245167970657349,0.0,0.0,4.390358054777607,7.591774992761202
0.069,78,679326770,1.9001868963241577,0.0,0.0,4.365374066401273,7.597884992719628
0.069,79,587923432,1.9403076171875,0.0,0.0,4.471816313685849,7.610098997247405
0.069,80,1359889667,1.9465149641036987,0.0,0.0,4.32052595121786,7.690324011491612
0.069,81,970187386,1.9493097066879272,0.0,0.0,4.338230680208653,7.44677399052307
0.069,82,1219839873,1.9107506275177002,0.0,0.0,4.384896763600409,7.278696008143015
0.069,83,1428160212,1.9466829299926758,0.0,0.0,4.401909162988886,7.939140006783418
0.069,84,1930609499,1.9391028881072998,0.0,0.0,4.2922789715230465,7.482026005163789
0.069,85,710582861,1.970382571220398,0.0,0.0,4.348430126672611,8.684806001838297
0.069,86,1463614337,1.9160577058792114,0.0,0.0,4.364761932985857,8.066775000770576
0.069,87,1940152705,1.95981764793396,0.0,0.0,4.323328875238076,7.192032993771136
0.069,88,985452196,1.9681174755096436,0.0,0.0,4.340182145824656,7.1835260023362935
0.069,89,552062587,2.038451671600342,0.0,0.0,4.253540221601725,7.798078004270792
0.069,90,623566272,1.9438530206680298,0.0,0.0,4.319317400455475,7.5774760043714195
0.069,91,729775797,1.8797199726104736,0.0,0.0,4.4589229540433735,7.400143003906123
0.069,92,1352536665,1.9724781513214111,0.0,0.0,4.398799964692444,7.520343002397567
0.069,93,555883440,1.927090048789978,0.0,0.0,4.361050453269854,7.942563999677077
0.069,94,1801800003,1.9982248544692993,0.0,0.0,4.303040353115648,7.652546002645977
0.069,95,763315502,1.9772953987121582,0.0,0.0,4.403553775977343,7.544812993728556
0.069,96,138897982,1.9225949048995972,0.0,0.0,4.329329548403621,8.127694993163459
0.069,97,10785379,1.846659541130066,0.0,0.0,4.509998304070905,8.037811989197508
0.069,98,53923185,1.9315837621688843,0.0,0.0,4.417998612392694,7.608605999848805
0.069,99,1349917978,1.9362356662750244,0.0,0.0,4.367552486015484,8.289170000352897
0.07,0,1501552845,1.968828558921814,0.0,0.0,4.337382914032787,7.601931007229723
0.07,1,488200390,2.0430233478546143,0.0,0.0,4.3065026151016355,8.076061989413574
0.07,2,1693606510,1.9476642608642578,0.0,0.0,4.351481003453955,7.839065990992822
0.07,3,680233354,1.9718639850616455,0.0,0.0,4.321173642296344,7.615690992679447
0.07,4,438466540,1.9300169944763184,0.0,0.0,4.466837792890146,7.317561001400463
0.07,5,1712329280,1.9550668001174927,0.0,0.0,4.32821996556595,7.859535005991347
0.07,6,1380152455,1.97884202003479,0.0,0.0,4.2951107644476,7.996187006938271
0.07,7,1452245846,1.8566893339157104,0.0,0.0,4.436382012208924,8.036651997826993
0.07,8,2122694021,1.9298290014266968,0.0,0.0,4.406880491413176,7.81286800338421
0.07,9,839901363,1.9158539772033691,0.0,0.0,4.383238460635766,7.313491994864307
0.07,10,1802651552,1.8942224979400635,0.0,0.0,4.402331698220223,7.46768299723044
0.07,11,714712467,1.9606056213378906,0.0,0.0,4.3300979130435735,7.06994699430652
0.07,12,1218704077,1.9347035884857178,0.0,0.0,4.394275896018371,7.317495997995138
0.07,13,1284858263,1.897814393043518,0.0,0.0,4.446034357417375,7.797553000273183
0.07,14,457721135,1.8734214305877686,0.0,0.0,4.377761885058135,7.688313999096863
0.07,15,401008609,1.9498459100723267,0.0,0.0,4.367040746612474,8.193283007130958
0.07,16,492064534,1.952426791191101,0.0,0.0,4.407048595603555,7.7656790090259165
0.07,17,1444732602,2.0043017864227295,0.0,0.0,4.343112298520282,9.005172993056476
0.07,18,1317426686,1.9417126178741455,0.0,0.0,4.3336687865667045,7.524558997829445
0.07,19,2022506251,1.9448884725570679,0.0,0.0,4.387788149295375,7.658189992071129
0.07,20,1516459118,2.0000574588775635,0.0,0.0,4.395116920815781,7.942607990116812
0.07,21,533103612,1.8994017839431763,0.0,0.0,4.388115395558998,7.595211995067075
0.07,22,1964759878,1.8919790983200073,0.0,0.0,4.430558116640896,7.411511003738269
0.07,23,2037706756,1.9309343099594116,0.0,0.0,4.432205023476854,7.602245008456521
0.07,24,1572889065,1.9055927991867065,0.0,0.0,4.378095488063991,14.485098989098333
0.07,25,1432881518,1.9752472639083862,0.0,0.0,4.276421309448779,7.678102003410459
0.07,26,280516901,1.9568111896514893,0.0,0.0,4.318693620851263,7.270290006999858
0.07,27,205939248,1.9359933137893677,0.0,0.0,4.437465540831909,7.311606997973286
0.07,28,571904914,1.906780481338501,0.0,0.0,4.469251498579979,7.347635997575708
0.07,29,948843457,1.961146354675293,0.0,0.0,4.4406846314668655,7.492308999644592
0.07,30,155492488,1.9373292922973633,0.0,0.0,4.312975663226098,7.8915659978520125
0.07,31,1903701130,1.9588401317596436,0.0,0.0,4.415952494833618,7.576068994239904
0.07,32,1017961266,1.9466822147369385,0.0,0.0,4.281720960512757,7.845567990443669
0.07,33,1497769985,1.9508545398712158,0.0,0.0,4.41449054540135,8.342598011950031
0.07,34,456523489,1.9368034601211548,0.0,0.0,4.380319079849869,8.12201399821788
0.07,35,701095136,1.9729678630828857,0.0,0.0,4.31704117055051,7.636462003574707
0.07,36,249069576,1.9798684120178223,0.0,0.0,4.305649901274592,7.796085003064945
0.07,37,1576098728,1.9740931987762451,0.0,0.0,4.357866543345153,7.432630998664536
0.07,38,1662748500,1.9539469480514526,0.0,0.0,4.344491585157812,7.795029989210889
0.07,39,472736216,1.9580174684524536,0.0,0.0,4.343174412846565,7.511757998145185
0.07,40,1535411295,1.9346160888671875,0.0,0.0,4.3597180945798755,7.848428998840973
0.07,41,175223003,1.9306749105453491,0.0,0.0,4.38244453095831,7.693275998462923
0.07,42,840936862,1.926393747329712,0.0,0.0,4.372937069274485,7.826808010577224
0.07,43,343373188,1.9313158988952637,0.0,0.0,4.351899552159011,7.5429259886732325
0.07,44,1597751082,2.008331775665283,0.0,0.0,4.349614912876859,8.089372000540607
0.07,45,730359585,1.9338834285736084,0.0,0.0,4.403183800866827,7.337298986385576
0.07,46,1016641002,1.982901930809021,0.0,0.0,4.253541228827089,7.379661008599214
0.07,47,998994690,1.8796812295913696,0.0,0.0,4.372366297757253,11.929953005164862
0.07,48,1021240743,1.967505931854248,0.0,0.0,4.3920288735535,8.053779005422257
0.07,49,572134801,1.951340913772583,0.0,0.0,4.302761466009542,7.500199993955903
0.07,50,1198399760,1.961866855621338,0.0,0.0,4.394603639375418,7.695807013078593
0.07,51,1751866485,2.009927988052368,0.0,0.0,4.332330228528008,10.25594498787541
0.07,52,1070889713,2.0140979290008545,0.0,0.0,4.309783815406263,7.416685999487527
0.07,53,415096539,1.9240082502365112,0.0,0.0,4.441809537354857,7.608143001561984
0.07,54,52416235,2.068303346633911,0.0,0.0,4.26544490037486,7.512677999329753
0.07,55,278032723,1.9231170415878296,0.0,0.0,4.361674120416865,7.784047003951855
0.07,56,174946158,1.9314243793487549,0.0,0.0,4.380789508111775,7.577530006528832
0.07,57,196848554,1.9744737148284912,0.0,0.0,4.390119433868676,7.617075010784902
0.07,58,263030910,1.859889030456543,0.0,0.0,4.471988127334043,7.852180002373643
0.07,59,1285415020,1.947823166847229,0.0,0.0,4.34369813464582,7.635836998815648
0.07,60,1733223444,1.925815463066101,0.0,0.0,4.471616862108931,7.493384997360408
0.07,61,1835544261,1.9103764295578003,0.0,0.0,4.4166766330599785,7.761094995657913
0.07,62,1403186970,1.8519163131713867,0.0,0.0,4.413307395996526,7.655474008060992
0.07,63,1291971777,1.9325752258300781,0.0,0.0,4.343830022728071,8.401743994909339
0.07,64,712292067,1.9324911832809448,0.0,0.0,4.415020929649472,7.41450599161908
0.07,65,2001429764,1.9749853610992432,0.0,0.0,4.383109767455608,7.733670994639397
0.07,66,1375664061,1.943964958190918,0.0,0.0,4.348584219114855,7.346272002905607
0.07,67,1556456120,2.0096659660339355,0.0,0.0,4.401672932319343,7.511288989917375
0.07,68,1576053187,2.01045560836792,0.0,0.0,4.245270918821916,7.599125994602218
0.07,69,1848019881,1.9862886667251587,0.0,0.0,4.3474293241743,7.959797003422864
0.07,70,1508652585,1.9941625595092773,0.0,0.0,4.346920804353431,7.177134000812657
0.07,71,1995737731,1.8975273370742798,0.0,0.0,4.381088421680033,8.018035994609818
0.07,72,1162788447,1.9304876327514648,0.0,0.0,4.401070428546518,7.465192989911884
0.07,73,1172925522,1.9512253999710083,0.0,0.0,4.2777030020952225,7.534618998761289
0.07,74,539174575,1.9939982891082764,0.0,0.0,4.410343131283298,7.446988995070569
0.07,75,2013637345,1.9356695413589478,0.0,0.0,4.364818369969726,7.277921991772018
0.07,76,1187468716,1.992497205734253,0.0,0.0,4.287176663521677,7.486232003429905
0.07,77,1062978506,1.932580590248108,0.0,0.0,4.380099672591314,7.832527000573464
0.07,78,679326770,1.9051907062530518,0.0,0.0,4.373517617350444,7.452300997101702
0.07,79,587923432,1.9502782821655273,0.0,0.0,4.453172746114433,7.363186989095993
0.07,80,1359889667,1.9501597881317139,0.0,0.0,4.310423361836001,7.240424994961359
0.07,81,970187386,1.9570934772491455,0.0,0.0,4.3139822881203145,7.840575999580324
0.07,82,1219839873,1.9199106693267822,0.0,0.0,4.387926006224006,7.479933003196493
0.07,83,1428160212,1.9471251964569092,0.0,0.0,4.410394706297666,7.532268005888909
0.07,84,1930609499,1.9408339262008667,0.0,0.0,4.30051876232028,7.945634992211126
0.07,85,710582861,1.9744902849197388,0.0,0.0,4.351022288203239,7.466452007065527
0.07,86,1463614337,1.9205492734909058,0.0,0.0,4.370091361925006,7.412229999317788
0.07,87,1940152705,1.9695197343826294,0.0,0.0,4.315783238969743,8.140920006553642
0.07,88,985452196,1.9722579717636108,0.0,0.0,4.342490782728419,7.8278619912453
0.07,89,552062587,2.0446298122406006,0.0,0.0,4.257235286291689,7.3168459930457175
0.07,90,623566272,1.942732334136963,0.0,0.0,4.3121754340827465,8.19156999932602
0.07,91,729775797,1.8861137628555298,0.0,0.0,4.447969133965671,7.382986004813574
0.07,92,1352536665,1.9760189056396484,0.0,0.0,4.359634977998212,7.842266000807285
0.07,93,555883440,1.9282188415527344,0.0,0.0,4.34990117023699,7.521562001784332
0.07,94,1801800003,2.003053903579712,0.0,0.0,4.296945021720603,7.907766004791483
0.07,95,763315502,1.9809486865997314,0.0,0.0,4.4080538807902485,7.749085998511873
0.07,96,138897982,1.9241020679473877,0.0,0.0,4.333759085042402,7.423909002682194
0.07,97,10785379,1.8438795804977417,0.0,0.0,4.510058986954391,7.9711519938427955
0.07,98,53923185,1.9207533597946167,0.0,0.0,4.462851125281304,8.052252000197768
0.07,99,1349917978,1.9546546936035156,0.0,0.0,4.37647176370956,7.611854001879692
0.071,0,1501552845,1.9770065546035767,0.0,0.0,4.31985965417698,7.8244559990707785
0.071,1,488200390,2.0519356727600098,0.0,0.0,4.311044948641211,7.514074997743592
0.071,2,1693606510,1.9498575925827026,0.0,0.0,4.353179305326194,7.680879003601149
0.071,3,680233354,1.9869461059570312,0.0,0.0,4.308427392505109,7.7473870042013
0.071,4,438466540,1.948046326637268,0.0,0.0,4.429151797434315,7.851213013054803
0.071,5,1712329280,1.9564796686172485,0.0,0.0,4.329248640453443,7.386092998785898
0.071,6,1380152455,1.974400281906128,0.0,0.0,4.315939189167693,7.6187959930393845
0.071,7,1452245846,1.8664746284484863,0.0,0.0,4.438710673945025,7.53408700984437
0.071,8,2122694021,1.9462192058563232,0.0,0.0,4.424086443847045,7.748283998807892
0.071,9,839901363,1.9201550483703613,0.0,0.0,4.387968571623787,7.633029003045522
0.071,10,1802651552,1.9009931087493896,0.0,0.0,4.394227031851187,7.537600991781801
0.071,11,714712467,1.9726648330688477,0.0,0.0,4.320176929235458,7.692241997574456
0.071,12,1218704077,1.9439849853515625,0.0,0.0,4.4085560236126184,22.097634006058797
0.071,13,1284858263,1.9020878076553345,0.0,0.0,4.448103814851493,8.126258995616809
0.071,14,457721135,1.883971929550171,0.0,0.0,4.368838304886594,7.72077999135945
0.071,15,401008609,1.954728364944458,0.0,0.0,4.376098514767364,7.187832001363859
0.071,16,492064534,1.9683374166488647,0.0,0.0,4.36530462722294,7.522561005316675
0.071,17,1444732602,2.0287082195281982,0.0,0.0,4.342864606296644,7.76706199394539
0.071,18,1317426686,1.949447512626648,0.0,0.0,4.333574368385598,7.811724994098768
0.071,19,2022506251,1.952965259552002,0.0,0.0,4.393115667859092,8.446167994407006
0.071,20,1516459118,2.0058629512786865,0.0,0.0,4.3981993878260255,7.488147006370127
0.071,21,533103612,1.9091455936431885,0.0,0.0,4.39558385591954,7.360681003774516
0.071,22,1964759878,1.904557466506958,0.0,0.0,4.4166765043046325,7.326356993871741
0.071,23,2037706756,1.9370535612106323,0.0,0.0,4.438015184598044,7.7683349954895675
0.071,24,1572889065,1.908622145652771,0.0,0.0,4.376225255429745,7.397702996968292
0.071,25,1432881518,1.977380394935608,0.0,0.0,4.286332902032882,7.937799993669614
0.071,26,280516901,1.9643428325653076,0.0,0.0,4.323910815874115,7.699640991631895
0.071,27,205939248,1.9363914728164673,0.0,0.0,4.429713596822694,8.068736002314836
0.071,28,571904914,1.9142167568206787,0.0,0.0,4.476073924917728,7.712484992225654
0.071,29,948843457,1.9607113599777222,0.0,0.0,4.434014286380261,7.725934003246948
0.071,30,155492488,1.9580492973327637,0.0,0.0,4.318847889080644,7.783620007103309
0.071,31,1903701130,1.9631669521331787,0.0,0.0,4.422211797675118,7.663547992706299
0.071,32,1017961266,1.9601750373840332,0.0,0.0,4.2841834963764995,7.233203010400757
0.071,33,1497769985,1.9524143934249878,0.0,0.0,4.425591981736943,7.936273992527276
0.071,34,456523489,1.9400321245193481,0.0,0.0,4.381925470195711,7.309956010431051
0.071,35,701095136,1.9813153743743896,0.0,0.0,4.311340304091573,7.683358999202028
0.071,36,249069576,1.9883190393447876,0.0,0.0,4.312516116537154,7.9696920001879334
0.071,37,1576098728,1.9793859720230103,0.0,0.0,4.331805746536702,7.327179002459161
0.071,38,1662748500,1.9589163064956665,0.0,0.0,4.347128619905561,7.587453990709037
0.071,39,472736216,1.9655487537384033,0.0,0.0,4.341580051928759,8.140870006172918
0.071,40,1535411295,1.9409939050674438,0.0,0.0,4.364276048261672,7.731113000772893
0.071,41,175223003,1.9399596452713013,0.0,0.0,4.380509490612894,8.086905989330262
0.071,42,840936862,1.9346394538879395,0.0,0.0,4.364656846271828,7.854083989514038
0.071,43,343373188,1.9285281896591187,0.0,0.0,4.316680586896837,7.871241992688738
0.071,44,1597751082,2.009239435195923,0.0,0.0,4.351305605843663,7.565282008727081
0.071,45,730359585,1.9367656707763672,0.0,0.0,4.408250072738156,7.574970994028263
0.071,46,1016641002,1.9852302074432373,0.0,0.0,4.256306328810751,64.52974700368941
0.071,47,998994690,1.880758285522461,0.0,0.0,4.377073656767607,7.730126002570614
0.071,48,1021240743,1.9748668670654297,0.0,0.0,4.395052168285474,7.577008989755996
0.071,49,572134801,1.9576655626296997,0.0,0.0,4.3079362995922565,7.6065620087319985
0.071,50,1198399760,1.9652302265167236,0.0,0.0,4.395414972444996,9.709473000839353
0.071,51,1751866485,2.018895387649536,0.0,0.0,4.338178796228021,7.785791996866465
0.071,52,1070889713,2.0173068046569824,0.0,0.0,4.311183870071545,7.057078997604549
0.071,53,415096539,1.9007549285888672,0.0,0.0,4.506727939238772,7.550709007773548
0.071,54,52416235,2.0833144187927246,0.0,0.0,4.217376325046644,7.798316000844352
0.071,55,278032723,1.928428292274475,0.0,0.0,4.352993449894711,7.809146991348825
0.071,56,174946158,1.937680959701538,0.0,0.0,4.383070333860815,7.552219001809135
0.071,57,196848554,1.9803385734558105,0.0,0.0,4.368569835554808,7.937907997984439
0.071,58,263030910,1.86272132396698,0.0,0.0,4.473939601331949,7.664172007935122
0.071,59,1285415020,1.9515676498413086,0.0,0.0,4.351327988319099,7.31515500228852
0.071,60,1733223444,1.9311001300811768,0.0,0.0,4.45802144613117,7.872457994380966
0.071,61,1835544261,1.8992773294448853,0.0,0.0,4.438322125002742,7.732605998171493
0.071,62,1403186970,1.8571704626083374,0.0,0.0,4.4034919671248645,8.157702992320992
0.071,63,1291971777,1.9373031854629517,0.0,0.0,4.34659389895387,13.871717994334176
0.071,64,712292067,1.936375379562378,0.0,0.0,4.416485414840281,8.0638090003049
0.071,65,2001429764,1.9691572189331055,0.0,0.0,4.381036798004061,7.3565500060794875
0.071,66,1375664061,1.9595400094985962,0.0,0.0,4.359245185507461,7.533166994107887
0.071,67,1556456120,2.011370897293091,0.0,0.0,4.4019396647345275,7.7126940013840795
0.071,68,1576053187,2.0206754207611084,0.0,0.0,4.247986321570352,7.964737989823334
0.071,69,1848019881,1.99622642993927,0.0,0.0,4.350571844959632,8.528465012204833
0.071,70,1508652585,1.999753475189209,0.0,0.0,4.341092260321602,8.217164009693079
0.071,71,1995737731,1.897275447845459,0.0,0.0,4.3825559238903224,7.852890994399786
0.071,72,1162788447,1.9347443580627441,0.0,0.0,4.387379083549604,7.718221997492947
0.071,73,1172925522,1.9597034454345703,0.0,0.0,4.281525962753221,7.657067006221041
0.071,74,539174575,2.001335859298706,0.0,0.0,4.414276374038309,7.532664996688254
0.071,75,2013637345,1.9397703409194946,0.0,0.0,4.366196264047176,7.411680999211967
0.071,76,1187468716,2.0181286334991455,0.0,0.0,4.290398513432592,7.845833999454044
0.071,77,1062978506,1.9392071962356567,0.0,0.0,4.384870843961835,7.59506098984275
0.071,78,679326770,1.9114429950714111,0.0,0.0,4.37737426138483,7.944878001580946
0.071,79,587923432,1.956036925315857,0.0,0.0,4.4520178022794425,7.881502999225631
0.071,80,1359889667,1.9536256790161133,0.0,0.0,4.3133302049245685,7.400357993901707
0.071,81,970187386,1.9625855684280396,0.0,0.0,4.320408560801297,7.775671008857898
0.071,82,1219839873,1.9223740100860596,0.0,0.0,4.3891661069355905,8.03454199922271
0.071,83,1428160212,1.939249873161316,0.0,0.0,4.4018105352297425,7.281330996192992
0.071,84,1930609499,1.9675889015197754,0.0,0.0,4.287379240384325,8.103460000711493
0.071,85,710582861,1.986224889755249,0.0,0.0,4.331383134471253,7.621999000548385
0.071,86,1463614337,1.9263229370117188,0.0,0.0,4.371830986114219,7.58546800352633
0.071,87,1940152705,1.9680352210998535,0.0,0.0,4.321487423731014,7.717835993389599
0.071,88,985452196,1.980828046798706,0.0,0.0,4.315778929973021,7.265420994372107
0.071,89,552062587,2.04748272895813,0.0,0.0,4.259522245731205,7.805927001754753
0.071,90,623566272,1.9403537511825562,0.0,0.0,4.311440268298611,7.471566001186147
0.071,91,729775797,1.8916884660720825,0.0,0.0,4.453957672230899,8.050260992604308
0.071,92,1352536665,1.9804613590240479,0.0,0.0,4.3602426124271005,8.050077012740076
0.071,93,555883440,1.9363431930541992,0.0,0.0,4.349750741850585,7.745117996819317
0.071,94,1801800003,2.0065717697143555,0.0,0.0,4.297746502328664,7.55813300202135
0.071,95,763315502,1.9936010837554932,0.0,0.0,4.406024357303977,7.937501999549568
0.071,96,138897982,1.93722403049469,0.0,0.0,4.3263567625544965,7.4757799884537235
0.071,97,10785379,1.8451666831970215,0.0,0.0,4.514837550232187,7.99115099653136
0.071,98,53923185,1.929768681526184,0.0,0.0,4.4484618122223765,7.385232995147817
0.071,99,1349917978,1.9586886167526245,0.0,0.0,4.378459078725427,7.658417001948692
0.072,0,1501552845,1.981588363647461,0.0,0.0,4.320881864288822,7.3027629987336695
0.072,1,488200390,2.0634825229644775,0.0,0.0,4.302176267374307,8.071729011135176
0.072,2,1693606510,1.9552974700927734,0.0,0.0,4.360591951524839,7.5589760090224445
0.072,3,680233354,1.9951587915420532,0.0,0.0,4.311773271299899,7.962793999467976
0.072,4,438466540,1.946783185005188,0.0,0.0,4.464578474173322,7.604245998663828
0.072,5,1712329280,1.9814947843551636,0.0,0.0,4.300127953290939,7.398229994578287
0.072,6,1380152455,1.9794621467590332,0.0,0.0,4.302921568276361,7.310582994250581
0.072,7,1452245846,1.8876235485076904,0.0,0.0,4.398861886700615,7.723572009126656
0.072,8,2122694021,1.9400442838668823,0.0,0.0,4.396267952630296,7.293328002560884
0.072,9,839901363,1.9245713949203491,0.0,0.0,4.3908977271057665,7.453974001691677
0.072,10,1802651552,1.9190987348556519,0.0,0.0,4.359311851672828,8.00869100203272
0.072,11,714712467,1.977096438407898,0.0,0.0,4.314460309688002,7.91842098988127
0.072,12,1218704077,1.9582000970840454,0.0,0.0,4.400544969830662,8.06893799745012
0.072,13,1284858263,1.906807780265808,0.0,0.0,4.460364497732371,7.4539810011629015
0.072,14,457721135,1.8857711553573608,0.0,0.0,4.37266415823251,7.433748003677465
0.072,15,401008609,1.9604674577713013,0.0,0.0,4.374019094742835,7.812602008925751
0.072,16,492064534,1.9732139110565186,0.0,0.0,4.385702699422836,8.107233006739989
0.072,17,1444732602,2.0317020416259766,0.0,0.0,4.330130855785683,7.878624004661106
0.072,18,1317426686,1.9589242935180664,0.0,0.0,4.338480552192777,7.902420009486377
0.072,19,2022506251,1.951979160308838,0.0,0.0,4.392890692455694,8.045224007219076
0.072,20,1516459118,2.01263689994812,0.0,0.0,4.386239395011216,7.329561005462892
0.072,21,533103612,1.9092717170715332,0.0,0.0,4.396092797862366,7.7531830029329285
0.072,22,1964759878,1.9076396226882935,0.0,0.0,4.421580980997533,7.77441100217402
0.072,23,2037706756,1.9428664445877075,0.0,0.0,4.433320871554315,7.459940010448918
0.072,24,1572889065,1.9108232259750366,0.0,0.0,4.376076484797522,7.725204995949753
0.072,25,1432881518,1.9855139255523682,0.0,0.0,4.27284022513777,7.285485989996232
0.072,26,280516901,1.971224069595337,0.0,0.0,4.330137857701629,7.69450499501545
0.072,27,205939248,1.9396191835403442,0.0,0.0,4.434048211900517,7.814313008566387
0.072,28,571904914,1.915210247039795,0.0,0.0,4.477248296607286,7.548488996690139
0.072,29,948843457,1.9702179431915283,0.0,0.0,4.42100789071992,7.68041200353764
0.072,30,155492488,1.9626449346542358,0.0,0.0,4.3205961915664375,8.18041799357161
0.072,31,1903701130,1.9647449254989624,0.0,0.0,4.425740333274007,7.340386000578292
0.072,32,1017961266,1.9669831991195679,0.0,0.0,4.2810603335965425,7.474740006728098
0.072,33,1497769985,1.956121563911438,0.0,0.0,4.430840788176283,7.62532401131466
0.072,34,456523489,1.948026418685913,0.0,0.0,4.383905104594305,7.729749006102793
0.072,35,701095136,1.9854507446289062,0.0,0.0,4.289827917702496,7.521944004110992
0.072,36,249069576,1.99807870388031,0.0,0.0,4.294176245806739,7.824779997463338
0.072,37,1576098728,1.9879109859466553,0.0,0.0,4.338019046001136,7.26863500312902
0.072,38,1662748500,1.9646275043487549,0.0,0.0,4.350326266605407,7.750346994725987
0.072,39,472736216,1.978126883506775,0.0,0.0,4.326862249756232,7.787391994497739
0.072,40,1535411295,1.9474836587905884,0.0,0.0,4.368508863495663,7.882567995693535
0.072,41,175223003,1.965125322341919,0.0,0.0,4.37889804225415,12.540409996290691
0.072,42,840936862,1.8840608596801758,0.0,0.0,4.355392314493656,8.243571006460115
0.072,43,343373188,1.9373104572296143,0.0,0.0,4.321439512772486,8.331032993737608
0.072,44,1597751082,2.014098644256592,0.0,0.0,4.336900010006502,7.310211003641598
0.072,45,730359585,1.9431729316711426,0.0,0.0,4.412951459409669,7.625874990480952
0.072,46,1016641002,1.9905864000320435,0.0,0.0,4.260095316451043,7.897784991655499
0.072,47,998994690,1.8873785734176636,0.0,0.0,4.364171823719516,8.042487999773584
0.072,48,1021240743,1.9764753580093384,0.0,0.0,4.379869661061093,7.74001500394661
0.072,49,572134801,1.9631091356277466,0.0,0.0,4.3129744729958475,7.546519991592504
0.072,50,1198399760,1.9775885343551636,0.0,0.0,4.3350872891023755,7.594691007398069
0.072,51,1751866485,2.0327982902526855,0.0,0.0,4.313628654461354,7.233504002215341
0.072,52,1070889713,2.0232698917388916,0.0,0.0,4.315432247240096,7.365230994764715
0.072,53,415096539,1.9090873003005981,0.0,0.0,4.496230891672894,7.565225998405367
0.072,54,52416235,2.085265874862671,0.0,0.0,4.215479942969978,7.708386008744128
0.072,55,278032723,1.9350996017456055,0.0,0.0,4.3541424353607,8.090375995379873
0.072,56,174946158,1.9533885717391968,0.0,0.0,4.413811951642856,7.711586004006676
0.072,57,196848554,1.9851528406143188,0.0,0.0,4.3725611618719995,7.78934799018316
0.072,58,263030910,1.8652734756469727,0.0,0.0,4.477419917937368,7.967793993884698
0.072,59,1285415020,1.953271508216858,0.0,0.0,4.354130658088252,7.637287009856664
0.072,60,1733223444,1.9382377862930298,0.0,0.0,4.461454328382388,7.849417001125403
0.072,61,1835544261,1.9072834253311157,0.0,0.0,4.440201733959839,7.965328986756504
0.072,62,1403186970,1.8762905597686768,0.0,0.0,4.396698520984501,7.532578005339019
0.072,63,1291971777,1.945426106452942,0.0,0.0,4.3468065073248,8.108984999125823
0.072,64,712292067,1.9416224956512451,0.0,0.0,4.421268978156149,7.388073005131446
0.072,65,2001429764,1.9736520051956177,0.0,0.0,4.38241652213037,7.496266000089236
0.072,66,1375664061,1.9661904573440552,0.0,0.0,4.367225870722905,7.695170002989471
0.072,67,1556456120,2.0169379711151123,0.0,0.0,4.401288742432371,7.918376999441534
0.072,68,1576053187,2.027383804321289,0.0,0.0,4.228813921567053,7.784103989251889
0.072,69,1848019881,2.008457899093628,0.0,0.0,4.353395348414779,7.826792003470473
0.072,70,1508652585,1.9961817264556885,0.0,0.0,4.344468558207154,7.315642011235468
0.072,71,1995737731,1.8960273265838623,0.0,0.0,4.387716999743134,7.873065987951122
0.072,72,1162788447,1.9381828308105469,0.0,0.0,4.390834683319554,7.744802001980133
0.072,73,1172925522,1.9853066205978394,0.0,0.0,4.2659444361925125,8.078714003204368
0.072,74,539174575,2.0083558559417725,0.0,0.0,4.414019617717713,7.3858410032698885
0.072,75,2013637345,1.9416524171829224,0.0,0.0,4.370800460455939,8.042542001930997
0.072,76,1187468716,2.0111453533172607,0.0,0.0,4.290405360748991,8.055237994994968
0.072,77,1062978506,1.9423080682754517,0.0,0.0,4.387077660765499,7.9960620059864596
0.072,78,679326770,1.9164392948150635,0.0,0.0,4.381699183257297,7.674134001717903
0.072,79,587923432,1.9562402963638306,0.0,0.0,4.452211070107296,8.300182991661131
0.072,80,1359889667,1.9570380449295044,0.0,0.0,4.315638854634017,7.891635003034025
0.072,81,970187386,1.9741322994232178,0.0,0.0,4.321302946191281,8.129973008180968
0.072,82,1219839873,1.9272884130477905,0.0,0.0,4.375423043034971,7.774768004310317
0.072,83,1428160212,1.948970913887024,0.0,0.0,4.401746795978397,7.568052998976782
0.072,84,1930609499,1.972658395767212,0.0,0.0,4.294094247510657,7.3321679956279695
0.072,85,710582861,1.9923427104949951,0.0,0.0,4.324000156950206,7.803892003721558
0.072,86,1463614337,1.9332671165466309,0.0,0.0,4.361283236183226,7.35027200425975
0.072,87,1940152705,1.9782192707061768,0.0,0.0,4.306813783477992,8.246696001151577
0.072,88,985452196,1.9908899068832397,0.0,0.0,4.313301857328042,7.404447998851538
0.072,89,552062587,2.037997007369995,0.0,0.0,4.259194644866511,8.02013800421264
0.072,90,623566272,1.944140911102295,0.0,0.0,4.314973630011082,7.388347003143281
0.072,91,729775797,1.8975083827972412,0.0,0.0,4.453147590858862,7.314553004107438
0.072,92,1352536665,1.986124038696289,0.0,0.0,4.356838419567794,7.831601003999822
0.072,93,555883440,1.9424136877059937,0.0,0.0,4.352907804772258,8.082494998234324
0.072,94,1801800003,2.009472608566284,0.0,0.0,4.299007404828444,7.659189999685623
0.072,95,763315502,1.9920718669891357,0.0,0.0,4.409767575794831,7.580714009236544
0.072,96,138897982,1.9389926195144653,0.0,0.0,4.329564375802875,7.748682997771539
0.072,97,10785379,1.8503775596618652,0.0,0.0,4.490685521624982,8.139524012221955
0.072,98,53923185,1.9321516752243042,0.0,0.0,4.450346072437242,7.759852000162937
0.072,99,1349917978,1.965552568435669,0.0,0.0,4.374772772658616,7.423691000440158
0.073,0,1501552845,1.98563551902771,0.0,0.0,4.323108991142362,8.034314989345148
0.073,1,488200390,2.0669586658477783,0.0,0.0,4.3062569128815085,7.830701011698693
0.073,2,1693606510,1.9614534378051758,0.0,0.0,4.358708857791498,7.8770690015517175
0.073,3,680233354,1.9789057970046997,0.0,0.0,4.308122179238126,7.728850992862135
0.073,4,438466540,1.9522616863250732,0.0,0.0,4.467420943081379,8.477095994749106
0.073,5,1712329280,1.9981238842010498,0.0,0.0,4.304428386501968,7.178382002166472
0.073,6,1380152455,1.985780119895935,0.0,0.0,4.307543345494196,7.44202799978666
0.073,7,1452245846,1.8811795711517334,0.0,0.0,4.421597146196291,7.738771004369482
0.073,8,2122694021,1.9439798593521118,0.0,0.0,4.40083542582579,7.7985779935261235
0.073,9,839901363,1.928381323814392,0.0,0.0,4.378128467826173,8.220671996241435
0.073,10,1802651552,1.9262173175811768,0.0,0.0,4.364557740045711,7.461619010427967
0.073,11,714712467,1.976264238357544,0.0,0.0,4.318271080730483,7.634535009856336
0.073,12,1218704077,1.9525291919708252,0.0,0.0,4.410978871630505,7.795626996085048
0.073,13,1284858263,1.910656213760376,0.0,0.0,4.463887556223199,7.390059996396303
0.073,14,457721135,1.8921806812286377,0.0,0.0,4.377203060314059,7.634430003236048
0.073,15,401008609,1.9667303562164307,0.0,0.0,4.378937877248973,7.679057001951151
0.073,16,492064534,1.977718472480774,0.0,0.0,4.357208289438859,7.823503008694388
0.073,17,1444732602,2.032106637954712,0.0,0.0,4.329880763078108,7.186735994764604
0.073,18,1317426686,1.9667494297027588,0.0,0.0,4.344346035970375,7.497980011976324
0.073,19,2022506251,1.9574878215789795,0.0,0.0,4.394542995840311,7.9170300014084205
0.073,20,1516459118,2.0207459926605225,0.0,0.0,4.383034459548071,7.861905993195251
0.073,21,533103612,1.947993278503418,0.0,0.0,4.357030757237226,7.9137989960145205
0.073,22,1964759878,1.9121742248535156,0.0,0.0,4.426320811500773,7.20876500417944
0.073,23,2037706756,1.949113368988037,0.0,0.0,4.437852923292667,8.268506004242226
0.073,24,1572889065,1.916689157485962,0.0,0.0,4.375945367384702,7.407577009871602
0.073,25,1432881518,1.989582896232605,0.0,0.0,4.27257486875169,8.277742002974264
0.073,26,280516901,1.9768435955047607,0.0,0.0,4.303103274432942,7.212426004116423
0.073,27,205939248,1.9425595998764038,0.0,0.0,4.4401110196486115,8.152552996762097
0.073,28,571904914,1.921931266784668,0.0,0.0,4.475583616644144,7.32964399503544
0.073,29,948843457,1.9716984033584595,0.0,0.0,4.419314351398498,7.763747998978943
0.073,30,155492488,1.9879823923110962,0.0,0.0,4.306750526884571,7.383617994491942
0.073,31,1903701130,1.972480297088623,0.0,0.0,4.427821517921984,7.611431996338069
0.073,32,1017961266,1.9864437580108643,0.0,0.0,4.251312049105763,7.750220989692025
0.073,33,1497769985,1.9210546016693115,0.0,0.0,4.439530502073467,7.871845999034122
0.073,34,456523489,1.9507040977478027,0.0,0.0,4.386784484377131,7.933810004033148
0.073,35,701095136,1.9914530515670776,0.0,0.0,4.2941892829257995,12.103636006941088
0.073,36,249069576,2.0087664127349854,0.0,0.0,4.28644220973365,7.660767005290836
0.073,37,1576098728,1.9954710006713867,0.0,0.0,4.3420742829330266,7.362547010416165
0.073,38,1662748500,1.9870731830596924,0.0,0.0,4.326070338953286,7.5223559979349375
0.073,39,472736216,1.9835624694824219,0.0,0.0,4.322155833477154,7.890540000516921
0.073,40,1535411295,1.9525500535964966,0.0,0.0,4.36284067411907,7.912597997346893
0.073,41,175223003,1.9717556238174438,0.0,0.0,4.386349684325978,7.835839001927525
0.073,42,840936862,1.8908315896987915,0.0,0.0,4.359006290091202,7.762588007608429
0.073,43,343373188,1.953440546989441,0.0,0.0,4.352728308178484,7.156867999583483
0.073,44,1597751082,2.022145986557007,0.0,0.0,4.343368724687025,7.538097997894511
0.073,45,730359585,1.9842033386230469,0.0,0.0,4.365247021894902,7.778836996294558
0.073,46,1016641002,1.9948853254318237,0.0,0.0,4.263470673467964,7.6983659964753315
0.073,47,998994690,1.8823986053466797,0.0,0.0,4.381012443220243,7.960575007018633
0.073,48,1021240743,1.9789997339248657,0.0,0.0,4.380503233755007,7.547397995949723
0.073,49,572134801,1.9563547372817993,0.0,0.0,4.315211577573791,7.742553003481589
0.073,50,1198399760,1.9855492115020752,0.0,0.0,4.342083209892735,7.784822999383323
0.073,51,1751866485,2.0342135429382324,0.0,0.0,4.315919513814151,7.509137998567894
0.073,52,1070889713,2.032626152038574,0.0,0.0,4.292915966594592,7.410634992993437
0.073,53,415096539,1.912673830986023,0.0,0.0,4.498914419440553,7.664039003429934
0.073,54,52416235,2.091336965560913,0.0,0.0,4.217918483540416,7.950159997562878
0.073,55,278032723,1.9409959316253662,0.0,0.0,4.35828801151365,8.027167001273483
0.073,56,174946158,1.959191083908081,0.0,0.0,4.421380965271965,7.473226985894144
0.073,57,196848554,1.9908453226089478,0.0,0.0,4.375406566308811,8.040293003432453
0.073,58,263030910,1.8741436004638672,0.0,0.0,4.480364477261901,8.401662998949178
0.073,59,1285415020,1.9604198932647705,0.0,0.0,4.360915941186249,7.597099000122398
0.073,60,1733223444,1.9414223432540894,0.0,0.0,4.44933523866348,8.360541993170045
0.073,61,1835544261,1.914383053779602,0.0,0.0,4.4328578968998045,7.821937993867323
0.073,62,1403186970,1.8858273029327393,0.0,0.0,4.385997799457982,7.981893009855412
0.073,63,1291971777,1.9506170749664307,0.0,0.0,4.3508672108873725,7.547902001533657
0.073,64,712292067,1.9481244087219238,0.0,0.0,4.38052048929967,8.036786995944567
0.073,65,2001429764,1.9684319496154785,0.0,0.0,4.389446313958615,7.44149400270544
0.073,66,1375664061,1.9663466215133667,0.0,0.0,4.368408957263455,7.451451005181298
0.073,67,1556456120,2.0223841667175293,0.0,0.0,4.405861318809912,7.353193999733776
0.073,68,1576053187,2.028886556625366,0.0,0.0,4.230249834479764,7.4243710114387795
0.073,69,1848019881,2.0150251388549805,0.0,0.0,4.34719721856527,7.433557999320328
0.073,70,1508652585,1.9988662004470825,0.0,0.0,4.349593334831297,7.524795990320854
0.073,71,1995737731,1.901391625404358,0.0,0.0,4.392873319331557,7.609933003550395
0.073,72,1162788447,1.9416640996932983,0.0,0.0,4.397760165622458,7.81172800634522
0.073,73,1172925522,2.019402027130127,0.0,0.0,4.250457777874544,8.151130998157896
0.073,74,539174575,2.0125603675842285,0.0,0.0,4.416658451082185,8.342030996573158
0.073,75,2013637345,1.9436179399490356,0.0,0.0,4.3740489112678915,7.355078007094562
0.073,76,1187468716,2.015385627746582,0.0,0.0,4.293935671215877,7.749639000394382
0.073,77,1062978506,1.940155267715454,0.0,0.0,4.35615979321301,7.360906005487777
0.073,78,679326770,1.933061957359314,0.0,0.0,4.370623090770096,7.675713000935502
0.073,79,587923432,1.9589182138442993,0.0,0.0,4.460949424654245,7.5358070025686175
0.073,80,1359889667,1.9613802433013916,0.0,0.0,4.318178745219484,7.8099059901433066
0.073,81,970187386,1.9793392419815063,0.0,0.0,4.2977583452593535,7.290658002602868
0.073,82,1219839873,1.9394967555999756,0.0,0.0,4.382313666399568,7.111377999535762
0.073,83,1428160212,1.9533958435058594,0.0,0.0,4.408568025333807,7.4637090001488104
0.073,84,1930609499,1.959992527961731,0.0,0.0,4.281786516774446,7.810561990481801
0.073,85,710582861,2.0024492740631104,0.0,0.0,4.332740727812052,7.313679991057143
0.073,86,1463614337,1.9429570436477661,0.0,0.0,4.366327547235414,8.015129002160393
0.073,87,1940152705,1.9898486137390137,0.0,0.0,4.305916335200891,7.546872002421878
0.073,88,985452196,1.9953924417495728,0.0,0.0,4.300566436955705,7.4825999909080565
0.073,89,552062587,2.045003652572632,0.0,0.0,4.265103284036741,7.771903008688241
0.073,90,623566272,1.9413925409317017,0.0,0.0,4.3183918301947415,8.356781996553764
0.073,91,729775797,1.9147623777389526,0.0,0.0,4.444992858916521,7.365116005530581
0.073,92,1352536665,1.9932210445404053,0.0,0.0,4.362794843968004,7.571520996862091
0.073,93,555883440,1.9437603950500488,0.0,0.0,4.329455999657512,7.895506001659669
0.073,94,1801800003,2.0137979984283447,0.0,0.0,4.300890275742859,7.33445500372909
0.073,95,763315502,2.0032355785369873,0.0,0.0,4.398272683145478,7.526887988205999
0.073,96,138897982,1.9441192150115967,0.0,0.0,4.332281157840043,7.428172990330495
0.073,97,10785379,1.8532085418701172,0.0,0.0,4.497385396854952,7.734058002824895
0.073,98,53923185,1.944687843322754,0.0,0.0,4.434119393816218,7.463046000339091
0.073,99,1349917978,1.9766960144042969,0.0,0.0,4.3697675610892475,8.047187002375722
0.074,0,1501552845,1.9920145273208618,0.0,0.0,4.324496462242678,7.503082000766881
0.074,1,488200390,2.067451000213623,0.0,0.0,4.302716418867931,8.033816004171968
0.074,2,1693606510,1.9604918956756592,0.0,0.0,4.357762445928529,7.837541998014785
0.074,3,680233354,2.0125300884246826,0.0,0.0,4.296509567182511,7.306379993679002
0.074,4,438466540,1.9592300653457642,0.0,0.0,4.473597556585446,7.278468998265453
0.074,5,1712329280,2.0138516426086426,0.0,0.0,4.3107799051795155,7.591141999000683
0.074,6,1380152455,1.9934629201889038,0.0,0.0,4.3000679209362715,7.739970009424724
0.074,7,1452245846,1.884959101676941,0.0,0.0,4.410148468567058,8.707025001058355
0.074,8,2122694021,1.9628671407699585,0.0,0.0,4.432752366410568,8.071921009104699
0.074,9,839901363,1.9339286088943481,0.0,0.0,4.381522012408823,7.383856005617417
0.074,10,1802651552,1.9341298341751099,0.0,0.0,4.343723650556058,7.576247997349128
0.074,11,714712467,1.979472279548645,0.0,0.0,4.322543922811747,7.599644013680518
0.074,12,1218704077,1.962932825088501,0.0,0.0,4.4016283138189465,7.686646989895962
0.074,13,1284858263,1.9070521593093872,0.0,0.0,4.436142913531512,7.408883000607602
0.074,14,457721135,1.9175970554351807,0.0,0.0,4.350180461304262,7.830686008674093
0.074,15,401008609,1.9682049751281738,0.0,0.0,4.3771493337117136,7.697408000240102
0.074,16,492064534,1.9871610403060913,0.0,0.0,4.364132174756378,7.576698990305886
0.074,17,1444732602,2.039235830307007,0.0,0.0,4.334574123378843,12.818990988307633
0.074,18,1317426686,1.966741681098938,0.0,0.0,4.3449101583100855,8.039930995437317
0.074,19,2022506251,1.963128924369812,0.0,0.0,4.397656361572444,7.494766992749646
0.074,20,1516459118,2.026637554168701,0.0,0.0,4.366374324541539,7.936148991575465
0.074,21,533103612,1.9250363111495972,0.0,0.0,4.354959306074306,7.544926993432455
0.074,22,1964759878,1.9264649152755737,0.0,0.0,4.433491559000686,7.23202399967704
0.074,23,2037706756,1.9546667337417603,0.0,0.0,4.440241765230894,8.325173999764957
0.074,24,1572889065,1.924710750579834,0.0,0.0,4.376042647752911,7.242690990096889
0.074,25,1432881518,1.9963518381118774,0.0,0.0,4.26413042191416,7.626815990079194
0.074,26,280516901,1.9858083724975586,0.0,0.0,4.307341452920809,7.341294010984711
0.074,27,205939248,1.9481576681137085,0.0,0.0,4.427175412187353,7.027908010059036
0.074,28,571904914,1.9309494495391846,0.0,0.0,4.470193908084184,7.688430996495299
0.074,29,948843457,1.97476327419281,0.0,0.0,4.424636089010164,7.331158994929865
0.074,30,155492488,1.9948101043701172,0.0,0.0,4.309587511233985,8.928840004955418
0.074,31,1903701130,1.9726704359054565,0.0,0.0,4.433627038728446,7.758608000585809
0.074,32,1017961266,1.9928141832351685,0.0,0.0,4.2623717586975545,7.6435530063463375
0.074,33,1497769985,1.9345207214355469,0.0,0.0,4.423701516352594,7.843091996619478
0.074,34,456523489,1.9549968242645264,0.0,0.0,4.364202249329537,7.470165000995621
0.074,35,701095136,1.9960131645202637,0.0,0.0,4.298365015769377,7.36307400802616
0.074,36,249069576,2.0193471908569336,0.0,0.0,4.290524075273424,8.030354001675732
0.074,37,1576098728,2.005739212036133,0.0,0.0,4.335912950569764,7.6225390075705945
0.074,38,1662748500,2.002359390258789,0.0,0.0,4.326038787374273,7.801344996551052
0.074,39,472736216,1.9934260845184326,0.0,0.0,4.323788268957287,8.236230001784861
0.074,40,1535411295,1.95978581905365,0.0,0.0,4.368270364124328,7.828339003026485
0.074,41,175223003,1.9774469137191772,0.0,0.0,4.370927931042388,7.8032919991528615
0.074,42,840936862,1.9453513622283936,0.0,0.0,4.3451401623897254,8.307169991894625
0.074,43,343373188,1.952325463294983,0.0,0.0,4.338933703955263,7.778965009492822
0.074,44,1597751082,2.0283870697021484,0.0,0.0,4.3255909599829465,7.8444500104524195
0.074,45,730359585,1.9759353399276733,0.0,0.0,4.358397628879175,8.030383003642783
0.074,46,1016641002,2.0029096603393555,0.0,0.0,4.265752478502691,9.10980200569611
0.074,47,998994690,1.8974463939666748,0.0,0.0,4.375783880939707,7.697394001297653
0.074,48,1021240743,1.983030915260315,0.0,0.0,4.378535149618983,7.404322997899726
0.074,49,572134801,1.9657979011535645,0.0,0.0,4.318030582508072,7.905727994511835
0.074,50,1198399760,1.9922459125518799,0.0,0.0,4.328480890952051,7.706182994297706
0.074,51,1751866485,2.035860776901245,0.0,0.0,4.3178620741236955,7.200937994639389
0.074,52,1070889713,2.0421924591064453,0.0,0.0,4.297692463034764,8.496064998325892
0.074,53,415096539,1.9179109334945679,0.0,0.0,4.502552670426667,7.415685002342798
0.074,54,52416235,2.09891414642334,0.0,0.0,4.221400919370353,7.963074007420801
0.074,55,278032723,1.945885419845581,0.0,0.0,4.351227704668418,7.87431700155139
0.074,56,174946158,1.962801456451416,0.0,0.0,4.38429390755482,7.6683999941451475
0.074,57,196848554,1.9992799758911133,0.0,0.0,4.380933516891673,7.5754520075861365
0.074,58,263030910,1.880113959312439,0.0,0.0,4.463125361595303,7.902522993390448
0.074,59,1285415020,1.9644720554351807,0.0,0.0,4.365950031671673,7.559083998785354
0.074,60,1733223444,1.9472458362579346,0.0,0.0,4.454021751182154,7.896566006820649
0.074,61,1835544261,1.9144209623336792,0.0,0.0,4.456102574011311,16.044446994783357
0.074,62,1403186970,1.813245415687561,0.0,0.0,4.478492905385792,7.597643008921295
0.074,63,1291971777,1.9573065042495728,0.0,0.0,4.342840378638357,7.011409004917368
0.074,64,712292067,1.9534143209457397,0.0,0.0,4.384229862364009,7.388999001705088
0.074,65,2001429764,1.9889061450958252,0.0,0.0,4.369657378876582,7.953936990816146
0.074,66,1375664061,1.9794070720672607,0.0,0.0,4.351634085876867,7.657016991288401
0.074,67,1556456120,2.0290162563323975,0.0,0.0,4.384925034129992,7.548982001026161
0.074,68,1576053187,2.024561643600464,0.0,0.0,4.232637578155845,13.71235899569001
0.074,69,1848019881,2.0320889949798584,0.0,0.0,4.319213789654896,7.5741049950011075
0.074,70,1508652585,1.9987905025482178,0.0,0.0,4.352294141659513,7.90015299571678
0.074,71,1995737731,1.9071943759918213,0.0,0.0,4.370452641509473,8.412861003307626
0.074,72,1162788447,1.9442989826202393,0.0,0.0,4.399174379417673,8.71787199866958
0.074,73,1172925522,2.030319929122925,0.0,0.0,4.226955930003896,7.490591000532731
0.074,74,539174575,2.0192198753356934,0.0,0.0,4.41432916559279,7.125135001842864
0.074,75,2013637345,1.9498523473739624,0.0,0.0,4.375308598857373,7.373412008746527
0.074,76,1187468716,2.020339250564575,0.0,0.0,4.2967736585997045,7.737530002486892
0.074,77,1062978506,1.9478037357330322,0.0,0.0,4.384592518676072,7.5674230029108
0.074,78,679326770,1.9369899034500122,0.0,0.0,4.360715898219496,7.473078992916271
0.074,79,587923432,1.9643577337265015,0.0,0.0,4.466092661488801,7.792126009007916
0.074,80,1359889667,1.9718236923217773,0.0,0.0,4.318580200197175,7.827837995137088
0.074,81,970187386,1.982221007347107,0.0,0.0,4.301360527984798,7.6528180070454255
0.074,82,1219839873,1.9431899785995483,0.0,0.0,4.384977999143302,8.026194991543889
0.074,83,1428160212,1.9613275527954102,0.0,0.0,4.4125937218777835,41.081148010562174
0.074,84,1930609499,1.9647221565246582,0.0,0.0,4.288744741585106,8.19138900260441
0.074,85,710582861,1.9878664016723633,0.0,0.0,4.3291985562536865,7.746866001980379
0.074,86,1463614337,1.949809193611145,0.0,0.0,4.370032179169357,7.9063440061872825
0.074,87,1940152705,1.9946554899215698,0.0,0.0,4.3100386979058385,8.206533006159589
0.074,88,985452196,2.0032236576080322,0.0,0.0,4.307927458314225,8.057090002694167
0.074,89,552062587,2.0509347915649414,0.0,0.0,4.273694381816313,7.506558991735801
0.074,90,623566272,1.9474272727966309,0.0,0.0,4.3239004127681255,7.448251999448985
0.074,91,729775797,1.9217816591262817,0.0,0.0,4.448938044253737,7.855033007217571
0.074,92,1352536665,1.9954560995101929,0.0,0.0,4.3639722228981555,8.022182999411598
0.074,93,555883440,1.9592134952545166,0.0,0.0,4.358696078648791,7.520831990404986
0.074,94,1801800003,2.016911506652832,0.0,0.0,4.300024215597659,7.538908990682103
0.074,95,763315502,2.0091850757598877,0.0,0.0,4.400576876942068,7.82419100869447
0.074,96,138897982,1.9510904550552368,0.0,0.0,4.325981990201399,7.457672996679321
0.074,97,10785379,1.8601269721984863,0.0,0.0,4.501018014969304,7.910756001365371
0.074,98,53923185,1.9539239406585693,0.0,0.0,4.387255856534466,7.7666760043939576
0.074,99,1349917978,1.977341651916504,0.0,0.0,4.3706778038758785,29.14046800287906
0.075,0,1501552845,1.9989067316055298,0.0,0.0,4.307531750062481,7.304888000362553
0.075,1,488200390,2.0714259147644043,0.0,0.0,4.304932609200478,7.609722000779584
0.075,2,1693606510,1.9569541215896606,0.0,0.0,4.360623046755791,7.457539002643898
0.075,3,680233354,2.021202325820923,0.0,0.0,4.298697393620387,8.31156199274119
0.075,4,438466540,1.9684534072875977,0.0,0.0,4.474987582070753,6.916942002135329
0.075,5,1712329280,1.9750524759292603,0.0,0.0,4.319706105161458,9.515143989119679
0.075,6,1380152455,1.9982409477233887,0.0,0.0,4.298756388481706,7.080474999384023
0.075,7,1452245846,1.905068278312683,0.0,0.0,4.392456110101193,7.798384001944214
0.075,8,2122694021,1.960593581199646,0.0,0.0,4.4078483008779585,7.445757000823505
0.075,9,839901363,1.9450088739395142,0.0,0.0,4.3661597014870495,7.986646000063047
0.075,10,1802651552,1.9392021894454956,0.0,0.0,4.34311474324204,7.817799007170834
0.075,11,714712467,1.9797135591506958,0.0,0.0,4.33100558584556,7.542904000729322
0.075,12,1218704077,1.9668278694152832,0.0,0.0,4.410771799972281,8.00564700330142
0.075,13,1284858263,1.918967843055725,0.0,0.0,4.456846265355125,7.415444008074701
0.075,14,457721135,1.9036859273910522,0.0,0.0,4.371909278910607,7.830447997548617
0.075,15,401008609,1.97306489944458,0.0,0.0,4.3690665944013745,8.031580990063958
0.075,16,492064534,1.9924986362457275,0.0,0.0,4.348990224068984,7.585923987790011
0.075,17,1444732602,2.040011167526245,0.0,0.0,4.335921994410455,9.117632987909019
0.075,18,1317426686,1.9723106622695923,0.0,0.0,4.34757039626129,7.742745990981348
0.075,19,2022506251,1.965807557106018,0.0,0.0,4.399865545798093,7.762347988318652
0.075,20,1516459118,1.9878756999969482,0.0,0.0,4.336597085464746,7.7789789938833565
0.075,21,533103612,1.9500181674957275,0.0,0.0,4.340899734292179,7.74799998907838
0.075,22,1964759878,1.9319257736206055,0.0,0.0,4.419347223592922,7.752659992547706
0.075,23,2037706756,1.9606666564941406,0.0,0.0,4.444254755973816,7.503142987843603
0.075,24,1572889065,1.9318634271621704,0.0,0.0,4.363729930715635,7.915588008472696
0.075,25,1432881518,1.9987117052078247,0.0,0.0,4.269694501301274,12.140375998569652
0.075,26,280516901,2.011293888092041,0.0,0.0,4.307835748186335,8.286027994472533
0.075,27,205939248,1.953680396080017,0.0,0.0,4.430581667460501,7.645957011845894
0.075,28,571904914,1.9357820749282837,0.0,0.0,4.472186659229919,7.777466991683468
0.075,29,948843457,1.979805827140808,0.0,0.0,4.407119873678312,7.760298001812771
0.075,30,155492488,2.0201773643493652,0.0,0.0,4.304331156890839,7.728087002760731
0.075,31,1903701130,1.9756642580032349,0.0,0.0,4.407327462453395,7.073218992445618
0.075,32,1017961266,2.0228383541107178,0.0,0.0,4.263100994518027,8.048035990213975
0.075,33,1497769985,1.9559117555618286,0.0,0.0,4.4565046997740865,7.497225000406615
0.075,34,456523489,1.9598177671432495,0.0,0.0,4.369631811743602,20.84022200142499
0.075,35,701095136,2.0016672611236572,0.0,0.0,4.303028234047815,9.303422004450113
0.075,36,249069576,2.024627685546875,0.0,0.0,4.276423074770719,14.635771993198432
0.075,37,1576098728,2.010944128036499,0.0,0.0,4.338963923975825,11.663405995932408
0.075,38,1662748500,2.0263311862945557,0.0,0.0,4.309020918793976,12.232637993292883
0.075,39,472736216,2.001131057739258,0.0,0.0,4.313528157072142,7.487700000638142
0.075,40,1535411295,1.9653972387313843,0.0,0.0,4.3512339510489255,7.754872000077739
0.075,41,175223003,1.9871952533721924,0.0,0.0,4.363739566877484,7.890288994531147
0.075,42,840936862,1.9476509094238281,0.0,0.0,4.330695403972641,8.130886999424547
0.075,43,343373188,1.9579471349716187,0.0,0.0,4.3413866884075105,7.821863007848151
0.075,44,1597751082,2.0366902351379395,0.0,0.0,4.318937255302444,7.783873006701469
0.075,45,730359585,1.9846428632736206,0.0,0.0,4.357676744228229,7.67552200704813
0.075,46,1016641002,2.01910138130188,0.0,0.0,4.2619299872312695,8.052883989876136
0.075,47,998994690,1.9176132678985596,0.0,0.0,4.347011154750362,7.637368005816825
0.075,48,1021240743,1.987189769744873,0.0,0.0,4.382216488011181,7.502695996663533
0.075,49,572134801,1.9696736335754395,0.0,0.0,4.311486114514992,7.899142990936525
0.075,50,1198399760,1.999989628791809,0.0,0.0,4.334437429904938,7.128268000087701
0.075,51,1751866485,2.045868396759033,0.0,0.0,4.3219575341790915,8.046791990636848
0.075,52,1070889713,2.0595057010650635,0.0,0.0,4.304029193939641,7.958122994750738
0.075,53,415096539,1.9222348928451538,0.0,0.0,4.506573278689757,7.525645996793173
0.075,54,52416235,2.099597930908203,0.0,0.0,4.225733535597101,15.363015001639724
0.075,55,278032723,1.9488917589187622,0.0,0.0,4.352458656067029,7.959467999171466
0.075,56,174946158,1.9654173851013184,0.0,0.0,4.38498152862303,7.312647998332977
0.075,57,196848554,2.005707025527954,0.0,0.0,4.384751541540027,7.433617007336579
0.075,58,263030910,1.888302206993103,0.0,0.0,4.464173462241888,7.2873500030254945
0.075,59,1285415020,1.9686472415924072,0.0,0.0,4.3602121968287975,7.756405000691302
0.075,60,1733223444,1.9530848264694214,0.0,0.0,4.454973257845268,7.67536400235258
0.075,61,1835544261,1.9156582355499268,0.0,0.0,4.455264006508514,8.147655011271127
0.075,62,1403186970,1.8052834272384644,0.0,0.0,4.4799803285859525,7.4867889925371855
0.075,63,1291971777,1.9596235752105713,0.0,0.0,4.344372227555141,8.035441001993604
0.075,64,712292067,1.9643089771270752,0.0,0.0,4.390008672140539,7.6549879886442795
0.075,65,2001429764,1.9943516254425049,0.0,0.0,4.343674974516034,7.230335992062464
0.075,66,1375664061,1.9705736637115479,0.0,0.0,4.358567807590589,7.570325004053302
0.075,67,1556456120,2.034696340560913,0.0,0.0,4.387345902156085,7.668293997994624
0.075,68,1576053187,2.0382678508758545,0.0,0.0,4.233235477237031,7.658108996110968
0.075,69,1848019881,2.040316104888916,0.0,0.0,4.321030819090083,14.30741800868418
0.075,70,1508652585,1.9904398918151855,0.0,0.0,4.3605100775603205,7.642926997505128
0.075,71,1995737731,1.9173768758773804,0.0,0.0,4.3765454983804375,8.067631992162205
0.075,72,1162788447,1.9476341009140015,0.0,0.0,4.401464389637113,7.1958000044105574
0.075,73,1172925522,2.034672260284424,0.0,0.0,4.229106835788116,7.821980005246587
0.075,74,539174575,2.026665210723877,0.0,0.0,4.385693287011236,7.543501007603481
0.075,75,2013637345,1.9563491344451904,0.0,0.0,4.376504821237177,7.781225998769514
0.075,76,1187468716,2.0248372554779053,0.0,0.0,4.275856917724013,7.280381993041374
0.075,77,1062978506,1.9523046016693115,0.0,0.0,4.3947241329588,7.837903001927771
0.075,78,679326770,1.986783742904663,0.0,0.0,4.336608248529956,7.486217000405304
0.075,79,587923432,1.9659980535507202,0.0,0.0,4.4668740523047745,7.871984998928383
0.075,80,1359889667,1.9796414375305176,0.0,0.0,4.29862001654692,7.795501995133236
0.075,81,970187386,1.979781985282898,0.0,0.0,4.302381300833076,7.758904990623705
0.075,82,1219839873,1.9495599269866943,0.0,0.0,4.391202983213589,7.281136990059167
0.075,83,1428160212,1.9659082889556885,0.0,0.0,4.4144082989078015,7.726811993052252
0.075,84,1930609499,1.9824614524841309,0.0,0.0,4.265009727794677,6.9354599982034415
0.075,85,710582861,1.9918549060821533,0.0,0.0,4.328858167864382,8.127288994728588
0.075,86,1463614337,1.9545949697494507,0.0,0.0,4.347505444660783,7.8749960084678605
0.075,87,1940152705,2.007474184036255,0.0,0.0,4.301357917720452,7.856590993469581
0.075,88,985452196,1.9995092153549194,0.0,0.0,4.311644469154999,7.668437989195809
0.075,89,552062587,2.058804512023926,0.0,0.0,4.276998368091881,7.641089003300294
0.075,90,623566272,1.9532544612884521,0.0,0.0,4.32847859384492,7.686081997235306
0.075,91,729775797,1.927431344985962,0.0,0.0,4.437924857717007,7.230057002743706
0.075,92,1352536665,2.0004711151123047,0.0,0.0,4.363455720478669,7.701542999711819
0.075,93,555883440,1.9601582288742065,0.0,0.0,4.361729459138587,8.031185992876999
0.075,94,1801800003,2.0236318111419678,0.0,0.0,4.29730397532694,7.906316997832619
0.075,95,763315502,2.013143539428711,0.0,0.0,4.403079345123842,7.58523000695277
0.075,96,138897982,1.9576523303985596,0.0,0.0,4.355105740018189,7.6584220078075305
0.075,97,10785379,1.8648983240127563,0.0,0.0,4.502506568329409,7.775159989250824
0.075,98,53923185,1.962123155593872,0.0,0.0,4.398358778329566,7.7947480021975935
0.075,99,1349917978,1.9803656339645386,0.0,0.0,4.364507049089298,7.859218007070012
0.076,0,1501552845,2.0079033374786377,0.0,0.0,4.31159375817515,7.348181999986991
0.076,1,488200390,2.0752735137939453,0.0,0.0,4.258646429749206,7.225825000205077
0.076,2,1693606510,1.9571839570999146,0.0,0.0,4.367960368981585,7.362631993601099
0.076,3,680233354,2.0280184745788574,0.0,0.0,4.2780698167625815,7.439406996127218
0.076,4,438466540,1.9787553548812866,0.0,0.0,4.42189073888585,7.266975997481495
0.076,5,1712329280,2.0140585899353027,0.0,0.0,4.318354598246515,7.774088007863611
0.076,6,1380152455,1.998759150505066,0.0,0.0,4.302968052448705,7.705448995693587
0.076,7,1452245846,1.9131221771240234,0.0,0.0,4.394392242422327,7.432205995428376
0.076,8,2122694021,1.9710793495178223,0.0,0.0,4.433841224061325,7.470359996659681
0.076,9,839901363,1.946537733078003,0.0,0.0,4.366556555731222,17.643881001276895
0.076,10,1802651552,1.9447696208953857,0.0,0.0,4.347819539252669,7.778853003401309
0.076,11,714712467,1.977982521057129,0.0,0.0,4.335863225162029,8.079887003987096
0.076,12,1218704077,1.9644871950149536,0.0,0.0,4.41344640776515,8.020396999199875
0.076,13,1284858263,1.9164491891860962,0.0,0.0,4.446468497626483,8.010093006305397
0.076,14,457721135,1.9046326875686646,0.0,0.0,4.3700767022091895,8.0855749984039
0.076,15,401008609,1.979009747505188,0.0,0.0,4.360636011697352,7.786716989357956
0.076,16,492064534,1.9962011575698853,0.0,0.0,4.357418020255864,7.866373998695053
0.076,17,1444732602,2.049204111099243,0.0,0.0,4.3372064074501395,7.53570300003048
0.076,18,1317426686,1.9720417261123657,0.0,0.0,4.339836150407791,8.05837899679318
0.076,19,2022506251,1.9800090789794922,0.0,0.0,4.3863799148239195,8.903183988877572
0.076,20,1516459118,1.9957414865493774,0.0,0.0,4.3318352391943336,8.065141999395564
0.076,21,533103612,1.9560073614120483,0.0,0.0,4.345099770696834,8.521893003489822
0.076,22,1964759878,1.9379040002822876,0.0,0.0,4.42231812980026,7.784630011883564
0.076,23,2037706756,1.9677774906158447,0.0,0.0,4.45131959230639,7.7086450037313625
0.076,24,1572889065,1.9540725946426392,0.0,0.0,4.3740262859500945,7.805960005498491
0.076,25,1432881518,1.9915095567703247,0.0,0.0,4.268696988932788,7.604102996992879
0.076,26,280516901,2.0118751525878906,0.0,0.0,4.304490550421178,7.723668997641653
0.076,27,205939248,1.9543566703796387,0.0,0.0,4.432779535418376,7.807676010997966
0.076,28,571904914,1.9385474920272827,0.0,0.0,4.456130078760907,7.965822995174676
0.076,29,948843457,1.9796947240829468,0.0,0.0,4.427259484771639,7.948819999000989
0.076,30,155492488,2.030104160308838,0.0,0.0,4.295666908379644,8.475788999930955
0.076,31,1903701130,1.9820486307144165,0.0,0.0,4.409718815470114,7.51087001117412
0.076,32,1017961266,2.0369820594787598,0.0,0.0,4.238582144957036,7.823313004337251
0.076,33,1497769985,1.942101001739502,0.0,0.0,4.433418795000762,7.831795999663882
0.076,34,456523489,1.9666807651519775,0.0,0.0,4.375830573961139,7.824113010428846
0.076,35,701095136,2.012178897857666,0.0,0.0,4.302829944295809,7.827878987882286
0.076,36,249069576,2.0249366760253906,0.0,0.0,4.281017200555652,7.1126269904198125
0.076,37,1576098728,2.018202781677246,0.0,0.0,4.341944329673424,7.491315991501324
0.076,38,1662748500,2.041323661804199,0.0,0.0,4.311973795294762,7.501821994083002
0.076,39,472736216,2.0111825466156006,0.0,0.0,4.311632980126888,7.561172998975962
0.076,40,1535411295,1.978567361831665,0.0,0.0,4.338201561011374,7.642555006896146
0.076,41,175223003,1.9918135404586792,0.0,0.0,4.365164798917249,7.562507002148777
0.076,42,840936862,1.9703983068466187,0.0,0.0,4.323852285509929,7.711822996498086
0.076,43,343373188,1.9631237983703613,0.0,0.0,4.34366908040829,7.590901004732586
0.076,44,1597751082,2.048208475112915,0.0,0.0,4.311399202561006,7.743854992440902
0.076,45,730359585,2.033038377761841,0.0,0.0,4.341445079771802,7.8303429909283295
0.076,46,1016641002,2.0244810581207275,0.0,0.0,4.249149902025238,7.735805003903806
0.076,47,998994690,1.9254978895187378,0.0,0.0,4.346301017794758,8.254747008322738
0.076,48,1021240743,1.9941071271896362,0.0,0.0,4.385776482755318,7.868447995861061
0.076,49,572134801,1.983317255973816,0.0,0.0,4.300836896989495,7.912219996796921
0.076,50,1198399760,2.0074832439422607,0.0,0.0,4.337123020784929,7.859955992898904
0.076,51,1751866485,2.0541574954986572,0.0,0.0,4.309870469616726,7.789366005454212
0.076,52,1070889713,2.0697853565216064,0.0,0.0,4.309437689371407,8.155274001182988
0.076,53,415096539,1.9271889925003052,0.0,0.0,4.4959141777362674,7.496256002923474
0.076,54,52416235,2.110919713973999,0.0,0.0,4.229690135456622,7.631777989445254
0.076,55,278032723,1.9536168575286865,0.0,0.0,4.3557092326227576,7.187859999248758
0.076,56,174946158,1.9576468467712402,0.0,0.0,4.383646319620311,7.727610995061696
0.076,57,196848554,2.0117483139038086,0.0,0.0,4.367842411389574,7.621013006428257
0.076,58,263030910,1.8945616483688354,0.0,0.0,4.449489714112133,7.713637998676859
0.076,59,1285415020,1.9730726480484009,0.0,0.0,4.36324155703187,7.699468013015576
0.076,60,1733223444,1.9639918804168701,0.0,0.0,4.451979914912954,7.189063995610923
0.076,61,1835544261,1.9193412065505981,0.0,0.0,4.448803880251944,7.526171000790782
0.076,62,1403186970,1.8170671463012695,0.0,0.0,4.466973515460268,7.710383986704983
0.076,63,1291971777,1.9653534889221191,0.0,0.0,4.3482209134381264,7.784563000313938
0.076,64,712292067,1.966135025024414,0.0,0.0,4.436262286733836,7.573171998956241
0.076,65,2001429764,2.001538038253784,0.0,0.0,4.347583830356598,7.550515991169959
0.076,66,1375664061,1.9757174253463745,0.0,0.0,4.342919829534367,7.819332997314632
0.076,67,1556456120,2.0355336666107178,0.0,0.0,4.384323056787252,7.613652996951714
0.076,68,1576053187,2.059837818145752,0.0,0.0,4.23337403871119,7.606762999785133
0.076,69,1848019881,2.0437042713165283,0.0,0.0,4.3266741638071835,8.010357996681705
0.076,70,1508652585,1.9814386367797852,0.0,0.0,4.36144512030296,7.746045012027025
0.076,71,1995737731,1.9334383010864258,0.0,0.0,4.371649342123419,7.786981004755944
0.076,72,1162788447,1.9331917762756348,0.0,0.0,4.386278737569228,7.222080996143632
0.076,73,1172925522,2.0508744716644287,0.0,0.0,4.233590025920421,7.191173994215205
0.076,74,539174575,2.0380187034606934,0.0,0.0,4.384543392574415,7.658535003429279
0.076,75,2013637345,1.9605755805969238,0.0,0.0,4.379319001687691,11.058497009798884
0.076,76,1187468716,2.0286526679992676,0.0,0.0,4.277985045686364,7.7231260074768215
0.076,77,1062978506,1.9572391510009766,0.0,0.0,4.384811943164095,7.542385996202938
0.076,78,679326770,1.94930100440979,0.0,0.0,4.357665448216721,8.082208994892426
0.076,79,587923432,1.966869831085205,0.0,0.0,4.456073204986751,8.331010001711547
0.076,80,1359889667,1.99085533618927,0.0,0.0,4.299373574089259,8.089292008662596
0.076,81,970187386,1.985116720199585,0.0,0.0,4.307092920644209,7.92955799261108
0.076,82,1219839873,1.955483317375183,0.0,0.0,4.392355011077598,7.7209680021042
0.076,83,1428160212,1.9708912372589111,0.0,0.0,4.417032760102302,13.696098991204053
0.076,84,1930609499,1.9950311183929443,0.0,0.0,4.275126692140475,7.9707090044394135
0.076,85,710582861,1.9958463907241821,0.0,0.0,4.331863455940038,7.646661993931048
0.076,86,1463614337,1.962212085723877,0.0,0.0,4.353269466198981,7.920941003249027
0.076,87,1940152705,2.0185387134552,0.0,0.0,4.307610219111666,8.258547997684218
0.076,88,985452196,2.0032808780670166,0.0,0.0,4.312988180434331,7.7094080043025315
0.076,89,552062587,2.0743017196655273,0.0,0.0,4.233884218148887,7.360083996900357
0.076,90,623566272,1.9599212408065796,0.0,0.0,4.3256034892983735,7.562514991150238
0.076,91,729775797,1.9360753297805786,0.0,0.0,4.443904265761375,7.3816019867081195
0.076,92,1352536665,2.004739761352539,0.0,0.0,4.3843972438480705,7.706221993430518
0.076,93,555883440,1.972360372543335,0.0,0.0,4.367881124140695,7.841704995371401
0.076,94,1801800003,2.0507171154022217,0.0,0.0,4.282264596316963,7.70197699603159
0.076,95,763315502,2.021191358566284,0.0,0.0,4.40831855032593,7.79938799678348
0.076,96,138897982,1.9587582349777222,0.0,0.0,4.33806205005385,7.300810000742786
0.076,97,10785379,1.8711248636245728,0.0,0.0,4.5093860232736915,8.188040999812074
0.076,98,53923185,1.96945321559906,0.0,0.0,4.380194014403969,7.663890006369911
0.076,99,1349917978,1.9858520030975342,0.0,0.0,4.363534631440416,8.023521993891336
0.077,0,1501552845,2.0099446773529053,0.0,0.0,4.314627725863829,7.52541801193729
0.077,1,488200390,2.0818872451782227,0.0,0.0,4.261752775870264,7.402784001897089
0.077,2,1693606510,1.9635140895843506,0.0,0.0,4.369778171880171,7.545175991253927
0.077,3,680233354,2.041180372238159,0.0,0.0,4.27890415280126,7.771371994749643
0.077,4,438466540,1.9662622213363647,0.0,0.0,4.412562545621768,7.757718994980678
0.077,5,1712329280,1.9979352951049805,0.0,0.0,4.3560514615383,8.02128599025309
0.077,6,1380152455,2.004378080368042,0.0,0.0,4.306383487535641,7.656521993339993
0.077,7,1452245846,1.963388204574585,0.0,0.0,4.364155034068972,11.790367992944084
0.077,8,2122694021,1.9799715280532837,0.0,0.0,4.417947519337758,7.869730005040765
0.077,9,839901363,1.950684666633606,0.0,0.0,4.370266285492107,7.4395939882379025
0.077,10,1802651552,1.9543581008911133,0.0,0.0,4.351970384363085,8.056452992605045
0.077,11,714712467,1.9810808897018433,0.0,0.0,4.339733983622864,7.322012999793515
0.077,12,1218704077,1.9848079681396484,0.0,0.0,4.3857047241181135,7.633047003764659
0.077,13,1284858263,1.9208712577819824,0.0,0.0,4.448813573457301,12.716821991489269
0.077,14,457721135,1.909521460533142,0.0,0.0,4.377295377198607,7.912422996014357
0.077,15,401008609,1.9820294380187988,0.0,0.0,4.360975174466148,7.531265990110114
0.077,16,492064534,1.9975000619888306,0.0,0.0,4.353224958991632,7.775100995786488
0.077,17,1444732602,2.0584452152252197,0.0,0.0,4.32960439613089,7.238574995426461
0.077,18,1317426686,1.974238395690918,0.0,0.0,4.335335976211354,8.019196990062483
0.077,19,2022506251,1.9778110980987549,0.0,0.0,4.38683161069639,7.833342999219894
0.077,20,1516459118,2.00066876411438,0.0,0.0,4.325432519428432,7.616281000082381
0.077,21,533103612,1.971906065940857,0.0,0.0,4.362713068956509,7.872766000218689
0.077,22,1964759878,1.9417376518249512,0.0,0.0,4.427302712807432,7.780548010487109
0.077,23,2037706756,1.9681379795074463,0.0,0.0,4.427704355912283,7.204502995591611
0.077,24,1572889065,1.9512652158737183,0.0,0.0,4.377536235144362,7.936096997582354
0.077,25,1432881518,1.9962196350097656,0.0,0.0,4.273739316500723,7.303424994461238
0.077,26,280516901,2.023190975189209,0.0,0.0,4.307538075605407,7.789331997628324
0.077,27,205939248,1.9609277248382568,0.0,0.0,4.443167865974829,7.568646004074253
0.077,28,571904914,1.943992257118225,0.0,0.0,4.478345553157851,7.753746001981199
0.077,29,948843457,1.992519497871399,0.0,0.0,4.419619337655604,7.602596000651829
0.077,30,155492488,2.044118881225586,0.0,0.0,4.295367429498583,8.223889002692886
0.077,31,1903701130,1.9854655265808105,0.0,0.0,4.412404045229778,7.677732995944098
0.077,32,1017961266,2.0572092533111572,0.0,0.0,4.240900017088279,8.019647997571155
0.077,33,1497769985,1.9717743396759033,0.0,0.0,4.413911291398108,7.758924999507144
0.077,34,456523489,1.9701064825057983,0.0,0.0,4.379913688870147,7.626890001120046
0.077,35,701095136,2.017894744873047,0.0,0.0,4.303798916982487,7.754948004730977
0.077,36,249069576,2.0325145721435547,0.0,0.0,4.276536685181782,7.961376002640463
0.077,37,1576098728,2.0216081142425537,0.0,0.0,4.340074543142691,7.510902010835707
0.077,38,1662748500,2.051569700241089,0.0,0.0,4.308210017392412,7.322850011405535
0.077,39,472736216,2.0170717239379883,0.0,0.0,4.315028855577111,7.648669008631259
0.077,40,1535411295,1.9829734563827515,0.0,0.0,4.341654935851693,7.554056006483734
0.077,41,175223003,1.9977210760116577,0.0,0.0,4.3701210343278944,7.562220009276643
0.077,42,840936862,1.9782052040100098,0.0,0.0,4.308540760073811,7.299595992662944
0.077,43,343373188,1.9657479524612427,0.0,0.0,4.348649255931377,7.813864998752251
0.077,44,1597751082,2.0577216148376465,0.0,0.0,4.311538928421214,7.468758005416021
0.077,45,730359585,2.040278911590576,0.0,0.0,4.34377195732668,7.356681002420373
0.077,46,1016641002,2.0250632762908936,0.0,0.0,4.250927330926061,7.398207002552226
0.077,47,998994690,1.9281878471374512,0.0,0.0,4.339634631760418,7.847425993531942
0.077,48,1021240743,1.9971795082092285,0.0,0.0,4.367628853069618,7.898957992438227
0.077,49,572134801,2.0038557052612305,0.0,0.0,4.285930179757997,7.60936998995021
0.077,50,1198399760,2.016505241394043,0.0,0.0,4.334577155997977,7.472693003364839
0.077,51,1751866485,2.059034824371338,0.0,0.0,4.309325805399567,7.961655996041372
0.077,52,1070889713,2.069786548614502,0.0,0.0,4.308646764373407,8.122592000290751
0.077,53,415096539,1.9298516511917114,0.0,0.0,4.4990447126328945,7.124939002096653
0.077,54,52416235,2.1171813011169434,0.0,0.0,4.232868741732091,7.857200005673803
0.077,55,278032723,1.9510176181793213,0.0,0.0,4.365611620247364,7.381823001196608
0.077,56,174946158,1.9598525762557983,0.0,0.0,4.386483741924167,8.118418991216458
0.077,57,196848554,2.017476797103882,0.0,0.0,4.367877730168402,7.488987990655005
0.077,58,263030910,1.9051510095596313,0.0,0.0,4.457205269718543,7.580688004964031
0.077,59,1285415020,1.9780747890472412,0.0,0.0,4.356327197281644,7.295057992450893
0.077,60,1733223444,1.9700613021850586,0.0,0.0,4.4562394300010055,7.605122998938896
0.077,61,1835544261,1.9258559942245483,0.0,0.0,4.43874245765619,7.323377998545766
0.077,62,1403186970,1.8232895135879517,0.0,0.0,4.4711484387516975,7.998059008968994
0.077,63,1291971777,1.9707659482955933,0.0,0.0,4.350874597439542,7.620054995641112
0.077,64,712292067,1.9725135564804077,0.0,0.0,4.412912503350526,7.407401004456915
0.077,65,2001429764,2.008493661880493,0.0,0.0,4.355309850303456,7.859146004193462
0.077,66,1375664061,1.9798532724380493,0.0,0.0,4.3542580145876855,8.052630990277976
0.077,67,1556456120,2.0358941555023193,0.0,0.0,4.38650070130825,7.488609990105033
0.077,68,1576053187,2.0767297744750977,0.0,0.0,4.186747546540573,8.240046008722857
0.077,69,1848019881,2.0582773685455322,0.0,0.0,4.32601071591489,8.14045500010252
0.077,70,1508652585,1.9834545850753784,0.0,0.0,4.365758511703461,7.5795849988935515
0.077,71,1995737731,1.9417628049850464,0.0,0.0,4.364879418164492,7.9465690068900585
0.077,72,1162788447,1.941746711730957,0.0,0.0,4.392606279812753,7.7703110000584275
0.077,73,1172925522,2.05425763130188,0.0,0.0,4.233726712409407,8.055751997744665
0.077,74,539174575,2.038689136505127,0.0,0.0,4.388836114434525,7.900286000221968
0.077,75,2013637345,1.9654648303985596,0.0,0.0,4.3866192197892815,7.76837499870453
0.077,76,1187468716,2.0534894466400146,0.0,0.0,4.2796941141132265,7.393759005935863
0.077,77,1062978506,1.9863555431365967,0.0,0.0,4.336539829382673,7.837277007638477
0.077,78,679326770,1.9939345121383667,0.0,0.0,4.339565724134445,8.03359699784778
0.077,79,587923432,1.9716824293136597,0.0,0.0,4.455312529345974,7.915784008218907
0.077,80,1359889667,1.9956214427947998,0.0,0.0,4.306082485709339,7.757876010145992
0.077,81,970187386,1.9923280477523804,0.0,0.0,4.308997417567298,7.80702599149663
0.077,82,1219839873,1.944244623184204,0.0,0.0,4.394008311908692,7.327522005653009
0.077,83,1428160212,1.972069501876831,0.0,0.0,4.419421998783946,7.780031010042876
0.077,84,1930609499,2.006247043609619,0.0,0.0,4.285863338969648,7.651492007425986
0.077,85,710582861,2.0053188800811768,0.0,0.0,4.336564994882792,7.497515005525202
0.077,86,1463614337,2.018099546432495,0.0,0.0,4.336689364165068,7.485109003027901
0.077,87,1940152705,2.0288643836975098,0.0,0.0,4.279042137321085,7.743573005427606
0.077,88,985452196,2.0058043003082275,0.0,0.0,4.308881125645712,7.657780995941721
0.077,89,552062587,2.080400228500366,0.0,0.0,4.233076945180073,7.50663600047119
0.077,90,623566272,1.9763805866241455,0.0,0.0,4.3188482113182545,7.785226000123657
0.077,91,729775797,1.9427330493927002,0.0,0.0,4.456157137174159,7.823068997822702
0.077,92,1352536665,2.0094895362854004,0.0,0.0,4.357622160343453,7.282039005076513
0.077,93,555883440,1.9789535999298096,0.0,0.0,4.349222189281136,7.798924998496659
0.077,94,1801800003,2.060595989227295,0.0,0.0,4.276349680963904,7.515360004617833
0.077,95,763315502,2.0174126625061035,0.0,0.0,4.412059992318973,7.70962200476788
0.077,96,138897982,1.965706467628479,0.0,0.0,4.340348922414705,8.132496004691347
0.077,97,10785379,1.878417730331421,0.0,0.0,4.490363475633785,7.426205993397161
0.077,98,53923185,1.9732298851013184,0.0,0.0,4.382228503702208,7.348617000388913
0.077,99,1349917978,1.9919278621673584,0.0,0.0,4.369806665694341,7.739515000139363
0.078,0,1501552845,2.0205841064453125,0.0,0.0,4.308806343469769,8.047597002587281
0.078,1,488200390,2.0854756832122803,0.0,0.0,4.252717898925766,7.2408429987262934
0.078,2,1693606510,1.972023367881775,0.0,0.0,4.373781383736059,7.7545490057673305
0.078,3,680233354,2.0343141555786133,0.0,0.0,4.290301144821569,7.553397997980937
0.078,4,438466540,1.9771369695663452,0.0,0.0,4.394499973161146,7.892759997048415
0.078,5,1712329280,2.005643606185913,0.0,0.0,4.353797257412225,7.713749990216456
0.078,6,1380152455,2.0167579650878906,0.0,0.0,4.303407759172842,7.6110989903099835
0.078,7,1452245846,1.9299439191818237,0.0,0.0,4.384020850993693,12.818426999729127
0.078,8,2122694021,1.9903762340545654,0.0,0.0,4.419931712793186,7.9706629912834615
0.078,9,839901363,1.955201268196106,0.0,0.0,4.374872104497626,7.505539004341699
0.078,10,1802651552,1.9657337665557861,0.0,0.0,4.348642687546089,7.536313001764938
0.078,11,714712467,1.980640172958374,0.0,0.0,4.342175291385502,7.342094992054626
0.078,12,1218704077,1.9867589473724365,0.0,0.0,4.393760185223073,7.5066229910589755
0.078,13,1284858263,1.9341380596160889,0.0,0.0,4.454205872025341,7.424215989885852
0.078,14,457721135,1.9105801582336426,0.0,0.0,4.380620406707749,7.250901995575987
0.078,15,401008609,1.988621473312378,0.0,0.0,4.3547364675905555,7.516197001677938
0.078,16,492064534,2.00685715675354,0.0,0.0,4.3547802423127,8.076415993855335
0.078,17,1444732602,2.066296339035034,0.0,0.0,4.333760959794745,8.275438012788072
0.078,18,1317426686,1.9789798259735107,0.0,0.0,4.331638221163303,7.690001992159523
0.078,19,2022506251,1.9869844913482666,0.0,0.0,4.39171146415174,7.822130006388761
0.078,20,1516459118,2.007301092147827,0.0,0.0,4.327122478513047,7.667994999792427
0.078,21,533103612,1.978379487991333,0.0,0.0,4.351659140782431,7.404094998491928
0.078,22,1964759878,1.920390009880066,0.0,0.0,4.440743847982958,7.577775002573617
0.078,23,2037706756,1.975751280784607,0.0,0.0,4.43059137230739,7.5931269966531545
0.078,24,1572889065,1.9458955526351929,0.0,0.0,4.379194202134386,7.9688929981784895
0.078,25,1432881518,2.010103940963745,0.0,0.0,4.271233698353171,7.616959002916701
0.078,26,280516901,2.0329763889312744,0.0,0.0,4.284268060699105,7.653905006009154
0.078,27,205939248,1.9671831130981445,0.0,0.0,4.447688098298386,7.768898998619989
0.078,28,571904914,1.9499775171279907,0.0,0.0,4.468213413376361,7.871512993006036
0.078,29,948843457,1.9958475828170776,0.0,0.0,4.406496875919402,7.43695099663455
0.078,30,155492488,2.0553243160247803,0.0,0.0,4.287568155908957,7.659035996766761
0.078,31,1903701130,1.9895099401474,0.0,0.0,4.422361711971462,7.2025279951049015
0.078,32,1017961266,2.061861276626587,0.0,0.0,4.245846703881398,7.724979004706256
0.078,33,1497769985,1.939884066581726,0.0,0.0,4.441945671802387,7.800331994076259
0.078,34,456523489,1.9749016761779785,0.0,0.0,4.383230391424149,7.231112991576083
0.078,35,701095136,2.0156118869781494,0.0,0.0,4.3044234497938305,7.9329869913635775
0.078,36,249069576,2.038733720779419,0.0,0.0,4.262938026571646,7.593563001137227
0.078,37,1576098728,2.0269644260406494,0.0,0.0,4.3297336215619,8.202030003303662
0.078,38,1662748500,2.065258264541626,0.0,0.0,4.318509038537741,7.065166006213985
0.078,39,472736216,2.0316834449768066,0.0,0.0,4.302693299017847,7.658403003006242
0.078,40,1535411295,2.0060200691223145,0.0,0.0,4.329141607275233,7.703502007643692
0.078,41,175223003,2.004936933517456,0.0,0.0,4.376255361596122,7.719303001067601
0.078,42,840936862,1.9872044324874878,0.0,0.0,4.310250317445025,7.763717003399506
0.078,43,343373188,1.9708606004714966,0.0,0.0,4.351030379068106,7.87016398680862
0.078,44,1597751082,2.0620276927948,0.0,0.0,4.3150741080753505,7.6991160021862015
0.078,45,730359585,2.0467708110809326,0.0,0.0,4.347356130834669,7.724304989096709
0.078,46,1016641002,2.0390889644622803,0.0,0.0,4.246803827350959,7.643546996405348
0.078,47,998994690,1.9336447715759277,0.0,0.0,4.339274487225339,8.183625992387533
0.078,48,1021240743,1.9951823949813843,0.0,0.0,4.354639710858464,8.097982994513586
0.078,49,572134801,2.0018677711486816,0.0,0.0,4.289988808101043,8.038568994379602
0.078,50,1198399760,2.020021677017212,0.0,0.0,4.331136632012203,7.712605001870543
0.078,51,1751866485,2.0692174434661865,0.0,0.0,4.313790327403694,8.100077000563033
0.078,52,1070889713,2.071894645690918,0.0,0.0,4.298637724947184,7.6891529897693545
0.078,53,415096539,1.9340362548828125,0.0,0.0,4.50501784356311,7.931134008686058
0.078,54,52416235,2.124171018600464,0.0,0.0,4.1991514975670725,6.971581999096088
0.078,55,278032723,1.953737735748291,0.0,0.0,4.3694708629045635,7.705980999162421
0.078,56,174946158,1.9654226303100586,0.0,0.0,4.388163300929591,7.690323996939696
0.078,57,196848554,2.023253917694092,0.0,0.0,4.3704218713101,7.548619003500789
0.078,58,263030910,1.9103269577026367,0.0,0.0,4.456245019799098,7.210586991277523
0.078,59,1285415020,1.9823499917984009,0.0,0.0,4.357542457757518,7.446534000337124
0.078,60,1733223444,1.9741729497909546,0.0,0.0,4.4611078661400825,7.625559999723919
0.078,61,1835544261,1.9252671003341675,0.0,0.0,4.439869149122387,8.027832009247504
0.078,62,1403186970,1.8299158811569214,0.0,0.0,4.474259459879249,7.883643003879115
0.078,63,1291971777,1.9790419340133667,0.0,0.0,4.332006346434355,7.784105007885955
0.078,64,712292067,1.97395920753479,0.0,0.0,4.4357038827147335,7.772056997055188
0.078,65,2001429764,2.013762950897217,0.0,0.0,4.357464301865548,7.598372991196811
0.078,66,1375664061,1.9812382459640503,0.0,0.0,4.344208482885733,7.575654992251657
0.078,67,1556456120,2.046442985534668,0.0,0.0,4.389312859624624,7.711017009569332
0.078,68,1576053187,2.0974905490875244,0.0,0.0,4.181529689813033,7.814444004907273
0.078,69,1848019881,2.0681979656219482,0.0,0.0,4.330431183567271,7.829524998669513
0.078,70,1508652585,2.0178041458129883,0.0,0.0,4.349399537080899,7.460183012881316
0.078,71,1995737731,1.946595311164856,0.0,0.0,4.367381992051378,7.54045600479003
0.078,72,1162788447,1.9489679336547852,0.0,0.0,4.403074074769393,8.28044000081718
0.078,73,1172925522,2.0646839141845703,0.0,0.0,4.239934473764151,7.926790000055917
0.078,74,539174575,2.0426888465881348,0.0,0.0,4.389548673527315,7.459722008206882
0.078,75,2013637345,1.968963623046875,0.0,0.0,4.388459173496813,7.943792006699368
0.078,76,1187468716,2.0600650310516357,0.0,0.0,4.260636263526976,7.468299998436123
0.078,77,1062978506,1.9999107122421265,0.0,0.0,4.339311772258952,7.979048998095095
0.078,78,679326770,2.002561569213867,0.0,0.0,4.341758401598781,7.08176800981164
0.078,79,587923432,1.9768551588058472,0.0,0.0,4.4396272271405905,7.5944150012219325
0.078,80,1359889667,2.004436731338501,0.0,0.0,4.310308420099318,7.5532409973675385
0.078,81,970187386,1.9872410297393799,0.0,0.0,4.312688924605027,7.6325940026436
0.078,82,1219839873,1.9535597562789917,0.0,0.0,4.394406140549108,8.066990994848311
0.078,83,1428160212,1.9702008962631226,0.0,0.0,4.417700509307906,8.26489100290928
0.078,84,1930609499,2.0224013328552246,0.0,0.0,4.281178947538137,7.783774999552406
0.078,85,710582861,2.034226417541504,0.0,0.0,4.311743423808366,8.198771000024863
0.078,86,1463614337,2.0278236865997314,0.0,0.0,4.31528660422191,7.328206003876403
0.078,87,1940152705,2.033196449279785,0.0,0.0,4.287207136163488,7.4253909988328815
0.078,88,985452196,2.013270854949951,0.0,0.0,4.301996428053826,7.753283993224613
0.078,89,552062587,2.096219778060913,0.0,0.0,4.231089091859758,7.697217995882966
0.078,90,623566272,1.9825713634490967,0.0,0.0,4.309912653407082,7.45137500052806
0.078,91,729775797,1.9481630325317383,0.0,0.0,4.4592223558574915,7.8222159936558455
0.078,92,1352536665,2.0085816383361816,0.0,0.0,4.387203542049974,7.63321400154382
0.078,93,555883440,1.9845166206359863,0.0,0.0,4.349127278197557,7.747139999992214
0.078,94,1801800003,2.062439441680908,0.0,0.0,4.282709755469114,15.09700799942948
0.078,95,763315502,2.028379201889038,0.0,0.0,4.384911397937685,8.102325999061577
0.078,96,138897982,1.9735536575317383,0.0,0.0,4.3396664534229785,7.50564900226891
0.078,97,10785379,1.9005283117294312,0.0,0.0,4.5585577809251845,7.95670400839299
0.078,98,53923185,1.981285572052002,0.0,0.0,4.360581265995279,63.82908599334769
0.078,99,1349917978,2.0011355876922607,0.0,0.0,4.366419862024486,8.137762008118443
0.079,0,1501552845,2.026184558868408,0.0,0.0,4.298117120284587,7.486075002816506
0.079,1,488200390,2.086019515991211,0.0,0.0,4.254724242491648,8.793121000053361
0.079,2,1693606510,1.9655572175979614,0.0,0.0,4.3792727526742965,7.496851001633331
0.079,3,680233354,2.0496678352355957,0.0,0.0,4.285281663760543,8.24315300269518
0.079,4,438466540,1.9893864393234253,0.0,0.0,4.392536558676511,7.845369007554837
0.079,5,1712329280,2.012098550796509,0.0,0.0,4.362476335605606,7.687410005019046
0.079,6,1380152455,2.0281119346618652,0.0,0.0,4.284355262527242,7.439123000949621
0.079,7,1452245846,1.976545810699463,0.0,0.0,4.353369800839573,8.017561995075084
0.079,8,2122694021,1.9992064237594604,0.0,0.0,4.4132988604251295,7.503411005018279
0.079,9,839901363,1.9613956212997437,0.0,0.0,4.376641819020733,8.051600001635961
0.079,10,1802651552,1.9820815324783325,0.0,0.0,4.342880769632757,7.553528004791588
0.079,11,714712467,1.99433434009552,0.0,0.0,4.331023852108046,7.641063988558017
0.079,12,1218704077,2.010523796081543,0.0,0.0,4.377493840176612,7.206850001239218
0.079,13,1284858263,1.9371517896652222,0.0,0.0,4.454035961534828,7.7855030103819445
0.079,14,457721135,1.9173412322998047,0.0,0.0,4.371294379001483,7.874207993154414
0.079,15,401008609,1.9915376901626587,0.0,0.0,4.358365279622376,7.8328890085686
0.079,16,492064534,2.014864921569824,0.0,0.0,4.359508065041155,7.605306003824808
0.079,17,1444732602,2.07676362991333,0.0,0.0,4.299509956268594,8.449496002867818
0.079,18,1317426686,1.989153265953064,0.0,0.0,4.334130755858496,7.4861670000245795
0.079,19,2022506251,1.9956161975860596,0.0,0.0,4.390776932006702,7.568772998638451
0.079,20,1516459118,2.040783643722534,0.0,0.0,4.311993433395401,8.119261998217553
0.079,21,533103612,1.9835233688354492,0.0,0.0,4.3498253538273275,7.830966002075002
0.079,22,1964759878,1.9924287796020508,0.0,0.0,4.37184744188562,7.235985991428606
0.079,23,2037706756,1.9796679019927979,0.0,0.0,4.403354998445138,7.48132799344603
0.079,24,1572889065,1.9553228616714478,0.0,0.0,4.36657440289855,7.41256499895826
0.079,25,1432881518,2.0217418670654297,0.0,0.0,4.275442916434258,7.776615995680913
0.079,26,280516901,2.0393223762512207,0.0,0.0,4.286194558721036,7.354223009315319
0.079,27,205939248,1.9709655046463013,0.0,0.0,4.450077697634697,7.850024994695559
0.079,28,571904914,1.9514974355697632,0.0,0.0,4.475825903471559,10.80871200247202
0.079,29,948843457,2.0009191036224365,0.0,0.0,4.409320057369769,7.165652990806848
0.079,30,155492488,2.070617198944092,0.0,0.0,4.295497077284381,7.697702996665612
0.079,31,1903701130,1.9924613237380981,0.0,0.0,4.416588529478759,7.731104007689282
0.079,32,1017961266,2.0719313621520996,0.0,0.0,4.248703199904412,7.304307000595145
0.079,33,1497769985,1.9433497190475464,0.0,0.0,4.43020304152742,7.673318992601708
0.079,34,456523489,1.977919340133667,0.0,0.0,4.364630639320239,7.794320001266897
0.079,35,701095136,2.028451442718506,0.0,0.0,4.291280852397904,7.743629001197405
0.079,36,249069576,2.045764923095703,0.0,0.0,4.266398194478825,7.100614006049
0.079,37,1576098728,2.0527944564819336,0.0,0.0,4.32727787643671,7.958488000440411
0.079,38,1662748500,2.0715858936309814,0.0,0.0,4.3207602496258914,7.850501002394594
0.079,39,472736216,2.037184000015259,0.0,0.0,4.301683080382645,7.721058005699888
0.079,40,1535411295,2.0092389583587646,0.0,0.0,4.330623683286831,7.577869997476228
0.079,41,175223003,2.016589403152466,0.0,0.0,4.368283900432289,7.3523870087228715
0.079,42,840936862,1.999967336654663,0.0,0.0,4.314786662813276,7.776187005219981
0.079,43,343373188,1.9771978855133057,0.0,0.0,4.330444712890312,7.6133230031700805
0.079,44,1597751082,2.078934907913208,0.0,0.0,4.274954715976492,7.2564869915368035
0.079,45,730359585,2.04988956451416,0.0,0.0,4.351392969256267,7.167859992478043
0.079,46,1016641002,2.039182662963867,0.0,0.0,4.248048856621608,7.78083699697163
0.079,47,998994690,1.9638185501098633,0.0,0.0,4.343702855054289,7.657964000827633
0.079,48,1021240743,2.0056657791137695,0.0,0.0,4.356160416034982,8.133215000270866
0.079,49,572134801,2.0028247833251953,0.0,0.0,4.295884687686339,7.610366999870166
0.079,50,1198399760,2.0257904529571533,0.0,0.0,4.307495545595884,7.990472004166804
0.079,51,1751866485,2.0766818523406982,0.0,0.0,4.277556035667658,7.150553006795235
0.079,52,1070889713,2.072439193725586,0.0,0.0,4.321261563105509,7.5674390100175515
0.079,53,415096539,1.9616405963897705,0.0,0.0,4.431915598688647,7.601769000757486
0.079,54,52416235,2.133463144302368,0.0,0.0,4.196613506413996,7.9827420122455806
0.079,55,278032723,1.9551386833190918,0.0,0.0,4.352368807187304,7.3247709951829165
0.079,56,174946158,1.9952434301376343,0.0,0.0,4.373683334561065,7.812443989678286
0.079,57,196848554,2.0289509296417236,0.0,0.0,4.348874838789925,7.474182988516986
0.079,58,263030910,1.9128940105438232,0.0,0.0,4.4561962250154465,7.738057000096887
0.079,59,1285415020,1.9878559112548828,0.0,0.0,4.344872194342315,7.932110005640425
0.079,60,1733223444,1.9810398817062378,0.0,0.0,4.443132665939629,8.333114994456992
0.079,61,1835544261,1.9339848756790161,0.0,0.0,4.442824660800397,7.55615001253318
0.079,62,1403186970,1.8389716148376465,0.0,0.0,4.453443247592077,8.122945000650361
0.079,63,1291971777,1.987462043762207,0.0,0.0,4.334344227798283,7.859844001359306
0.079,64,712292067,1.980035424232483,0.0,0.0,4.394437507726252,7.760090011288412
0.079,65,2001429764,2.018099784851074,0.0,0.0,4.360295915743336,7.312802001251839
0.079,66,1375664061,1.9898455142974854,0.0,0.0,4.362674577860162,7.700132991885766
0.079,67,1556456120,2.0499420166015625,0.0,0.0,4.395034290617332,7.747714000288397
0.079,68,1576053187,2.1039857864379883,0.0,0.0,4.185346574988216,7.527129011577927
0.079,69,1848019881,2.0769855976104736,0.0,0.0,4.287455939920619,7.791097988956608
0.079,70,1508652585,2.018401861190796,0.0,0.0,4.352887278888375,7.371051993686706
0.079,71,1995737731,1.938638687133789,0.0,0.0,4.363581473007798,7.880685006966814
0.079,72,1162788447,1.9491779804229736,0.0,0.0,4.406020792666823,6.96594500914216
0.079,73,1172925522,2.0731310844421387,0.0,0.0,4.232233927119523,8.044923000852577
0.079,74,539174575,2.051935911178589,0.0,0.0,4.3861214756034315,7.731848003459163
0.079,75,2013637345,1.9846465587615967,0.0,0.0,4.370123963104561,7.627540995599702
0.079,76,1187468716,2.063033103942871,0.0,0.0,4.262723857769743,8.217626003897749
0.079,77,1062978506,2.0075693130493164,0.0,0.0,4.3433973346836865,7.534080999903381
0.079,78,679326770,2.0102131366729736,0.0,0.0,4.344522952800617,7.313597001484595
0.079,79,587923432,1.983367919921875,0.0,0.0,4.437021198216826,8.032890007598326
0.079,80,1359889667,2.0114200115203857,0.0,0.0,4.314440754242241,7.100457005435601
0.079,81,970187386,1.9910547733306885,0.0,0.0,4.312603118829429,11.800000007497147
0.079,82,1219839873,1.9694228172302246,0.0,0.0,4.404952524462715,7.90203500946518
0.079,83,1428160212,1.9843965768814087,0.0,0.0,4.40673634246923,7.780811996781267
0.079,84,1930609499,2.033567190170288,0.0,0.0,4.258804629789665,8.013572005438618
0.079,85,710582861,2.0511820316314697,0.0,0.0,4.312673234613612,7.339573989156634
0.079,86,1463614337,2.016641139984131,0.0,0.0,4.33298333408311,7.2860619984567165
0.079,87,1940152705,2.0525259971618652,0.0,0.0,4.276046322891489,7.724703988060355
0.079,88,985452196,2.026270627975464,0.0,0.0,4.2902944958768785,7.488743009162135
0.079,89,552062587,2.0982470512390137,0.0,0.0,4.2313800933770835,8.212381988414563
0.079,90,623566272,1.986815094947815,0.0,0.0,4.319400745211169,7.312130997888744
0.079,91,729775797,1.9574434757232666,0.0,0.0,4.4655681028962135,7.734470011200756
0.079,92,1352536665,2.008486032485962,0.0,0.0,4.38810912007466,8.147483997163363
0.079,93,555883440,1.9859930276870728,0.0,0.0,4.3367976129520684,7.843630999559537
0.079,94,1801800003,2.075756549835205,0.0,0.0,4.242552168201655,7.638085007783957
0.079,95,763315502,2.034703493118286,0.0,0.0,4.400134136667475,7.931290994747542
0.079,96,138897982,1.9819531440734863,0.0,0.0,4.323246459243819,10.021690992289223
0.079,97,10785379,1.920386791229248,0.0,0.0,4.55857654241845,7.516013996792026
0.079,98,53923185,1.9814740419387817,0.0,0.0,4.360656561795622,7.811448012944311
0.079,99,1349917978,2.004387855529785,0.0,0.0,4.367081116652116,11.221983004361391
0.08,0,1501552845,2.03228497505188,0.0,0.0,4.29920450062491,7.572153001092374
0.08,1,488200390,2.0879809856414795,0.0,0.0,4.256944558117539,7.73598300293088
0.08,2,1693606510,1.9687416553497314,0.0,0.0,4.398554608691484,7.700692003709264
0.08,3,680233354,2.0412917137145996,0.0,0.0,4.289851297624409,6.790432002162561
0.08,4,438466540,2.0125629901885986,0.0,0.0,4.391595819266513,7.490918011171743
0.08,5,1712329280,2.0294675827026367,0.0,0.0,4.300707026850432,7.378902999334969
0.08,6,1380152455,2.032841444015503,0.0,0.0,4.281345228431746,9.878260010736994
0.08,7,1452245846,1.9883979558944702,0.0,0.0,4.352080310229212,7.607505001942627
0.08,8,2122694021,2.0050525665283203,0.0,0.0,4.414827713510022,7.641860996955074
0.08,9,839901363,1.9717528820037842,0.0,0.0,4.378503357525915,7.895977993030101
0.08,10,1802651552,1.9937940835952759,0.0,0.0,4.3369164960458875,7.9815079952823
0.08,11,714712467,2.0067875385284424,0.0,0.0,4.31688870023936,7.396228000288829
0.08,12,1218704077,2.0173332691192627,0.0,0.0,4.381789616541937,7.68909600446932
0.08,13,1284858263,1.9427649974822998,0.0,0.0,4.4496532652992755,8.357384998816997
0.08,14,457721135,1.9129542112350464,0.0,0.0,4.370208144187927,7.388227997580543
0.08,15,401008609,1.9951564073562622,0.0,0.0,4.358895133482292,7.20569999248255
0.08,16,492064534,2.020440101623535,0.0,0.0,4.362155108479783,7.75592599529773
0.08,17,1444732602,2.086254596710205,0.0,0.0,4.292360863648355,7.7040249889250845
0.08,18,1317426686,1.9995731115341187,0.0,0.0,4.326475917827338,7.8897369967307895
0.08,19,2022506251,1.9968523979187012,0.0,0.0,4.3834107727743685,7.311392007977702
0.08,20,1516459118,2.0643622875213623,0.0,0.0,4.306970108533278,7.755990998703055
0.08,21,533103612,1.9868557453155518,0.0,0.0,4.353992024203762,7.561050995718688
0.08,22,1964759878,2.000951051712036,0.0,0.0,4.3759459452703595,7.694160987739451
0.08,23,2037706756,1.9828382730484009,0.0,0.0,4.409207118442282,7.204081004601903
0.08,24,1572889065,1.962329626083374,0.0,0.0,4.3752112712245435,7.7297340030781925
0.08,25,1432881518,2.03774094581604,0.0,0.0,4.242642653407529,7.699723995756358
0.08,26,280516901,2.049255132675171,0.0,0.0,4.286250050412491,7.174343001679517
0.08,27,205939248,1.9794889688491821,0.0,0.0,4.433645035140216,8.106285997200757
0.08,28,571904914,1.9571123123168945,0.0,0.0,4.481220589950681,7.817662000888959
0.08,29,948843457,2.0026023387908936,0.0,0.0,4.410902816802263,7.737074003671296
0.08,30,155492488,2.0821971893310547,0.0,0.0,4.264943495392799,8.115224001812749
0.08,31,1903701130,1.9982061386108398,0.0,0.0,4.423782505793497,7.472951998352073
0.08,32,1017961266,2.089810609817505,0.0,0.0,4.1995544182136655,7.838236007955857
0.08,33,1497769985,1.9798486232757568,0.0,0.0,4.389469109941274,8.09587599360384
0.08,34,456523489,1.9887688159942627,0.0,0.0,4.361478324979544,7.2867499984567985
0.08,35,701095136,2.030893087387085,0.0,0.0,4.292448717635125,7.445234004990198
0.08,36,249069576,2.0519351959228516,0.0,0.0,4.266450600931421,7.5858869968215
0.08,37,1576098728,2.0539283752441406,0.0,0.0,4.329937213100493,7.267059001605958
0.08,38,1662748500,2.083969831466675,0.0,0.0,4.270469757961109,7.514914002967998
0.08,39,472736216,2.045229911804199,0.0,0.0,4.300042311893776,8.02294300228823
0.08,40,1535411295,2.012045383453369,0.0,0.0,4.323799607809633,7.399680995149538
0.08,41,175223003,2.019649028778076,0.0,0.0,4.371106743114069,7.896355993580073
0.08,42,840936862,2.00919246673584,0.0,0.0,4.304345736512914,7.74414800980594
0.08,43,343373188,1.9849951267242432,0.0,0.0,4.338637300534174,7.387407997157425
0.08,44,1597751082,2.0724263191223145,0.0,0.0,4.3223822803702205,7.258489000378177
0.08,45,730359585,2.013129234313965,0.0,0.0,4.350039393873885,7.677638990571722
0.08,46,1016641002,2.058175802230835,0.0,0.0,4.253885455196723,7.831932991393842
0.08,47,998994690,1.9920539855957031,0.0,0.0,4.333392791450024,7.575381998321973
0.08,48,1021240743,2.0080103874206543,0.0,0.0,4.34537418349646,7.3555749986553565
0.08,49,572134801,2.0112693309783936,0.0,0.0,4.29986854433082,8.030875003896654
0.08,50,1198399760,2.03188419342041,0.0,0.0,4.311547469580546,7.725390998530202
0.08,51,1751866485,2.0835773944854736,0.0,0.0,4.269841722911224,7.935607005492784
0.08,52,1070889713,2.0816428661346436,0.0,0.0,4.276280455524102,7.398426998406649
0.08,53,415096539,1.965085506439209,0.0,0.0,4.463224143721163,7.824442000128329
0.08,54,52416235,2.1396372318267822,0.0,0.0,4.197692219633609,7.3270110005978495
0.08,55,278032723,1.9600883722305298,0.0,0.0,4.347607376985252,7.855686999391764
0.08,56,174946158,2.0205931663513184,0.0,0.0,4.356411443091929,7.751434997771867
0.08,57,196848554,2.0351834297180176,0.0,0.0,4.351668791146949,7.834631993318908
0.08,58,263030910,1.9169875383377075,0.0,0.0,4.446922278963029,7.668361999094486
0.08,59,1285415020,1.9900046586990356,0.0,0.0,4.3506421418860555,7.402616000035778
0.08,60,1733223444,1.9933688640594482,0.0,0.0,4.4374469933100045,7.531037001172081
0.08,61,1835544261,1.9420400857925415,0.0,0.0,4.451150699984282,7.624685007613152
0.08,62,1403186970,1.8503997325897217,0.0,0.0,4.439791236305609,8.265868993476033
0.08,63,1291971777,1.9903736114501953,0.0,0.0,4.337370007531717,7.301709993043914
0.08,64,712292067,1.9893168210983276,0.0,0.0,4.396461788797751,7.437514999764971
0.08,65,2001429764,2.0268287658691406,0.0,0.0,4.343415789073333,7.574507995741442
0.08,66,1375664061,1.994971513748169,0.0,0.0,4.334448190173134,7.845447005820461
0.08,67,1556456120,2.0592782497406006,0.0,0.0,4.391102186636999,7.643252989510074
0.08,68,1576053187,2.108541250228882,0.0,0.0,4.186280829133466,7.8427249973174185
0.08,69,1848019881,2.0855371952056885,0.0,0.0,4.286087324377149,7.380410999758169
0.08,70,1508652585,2.0250284671783447,0.0,0.0,4.337548347422853,7.48052800190635
0.08,71,1995737731,1.9433499574661255,0.0,0.0,4.365350598935038,7.698378001805395
0.08,72,1162788447,1.951047420501709,0.0,0.0,4.396950049558654,7.6268869888735935
0.08,73,1172925522,2.0933361053466797,0.0,0.0,4.198442199733108,7.477644001482986
0.08,74,539174575,2.0579466819763184,0.0,0.0,4.374796885764226,7.6099620055174455
0.08,75,2013637345,1.9762957096099854,0.0,0.0,4.3693531362805516,7.967393001308665
0.08,76,1187468716,2.056696653366089,0.0,0.0,4.249723747372627,8.007459997315891
0.08,77,1062978506,2.01385235786438,0.0,0.0,4.33927892241627,7.667022000532597
0.08,78,679326770,2.017042875289917,0.0,0.0,4.348999979905784,7.566325992229395
0.08,79,587923432,1.9845243692398071,0.0,0.0,4.441237256396562,7.9332680033985525
0.08,80,1359889667,2.01883864402771,0.0,0.0,4.31747159245424,7.948751997901127
0.08,81,970187386,2.0183088779449463,0.0,0.0,4.317433038027957,7.215571997221559
0.08,82,1219839873,1.982903003692627,0.0,0.0,4.3894303841516376,7.793652999680489
0.08,83,1428160212,1.9788422584533691,0.0,0.0,4.405730600003153,7.6739490032196045
0.08,84,1930609499,2.0352890491485596,0.0,0.0,4.261130680562928,7.998598986887373
0.08,85,710582861,2.057957649230957,0.0,0.0,4.309902022359893,7.837694996851496
0.08,86,1463614337,2.0237276554107666,0.0,0.0,4.336485065985471,7.878281990997493
0.08,87,1940152705,2.0859627723693848,0.0,0.0,4.235874221427366,8.022320995223708
0.08,88,985452196,2.035923719406128,0.0,0.0,4.284386881859973,7.776501995977014
0.08,89,552062587,2.1045877933502197,0.0,0.0,4.217269977554679,12.722665996989235
0.08,90,623566272,1.9938480854034424,0.0,0.0,4.3210408771410584,8.32919598906301
0.08,91,729775797,1.965042233467102,0.0,0.0,4.454616389237344,7.11463599873241
0.08,92,1352536665,2.0019869804382324,0.0,0.0,4.386196819599718,7.79123000393156
0.08,93,555883440,1.9837188720703125,0.0,0.0,4.314931917004287,7.633622008142993
0.08,94,1801800003,2.085649013519287,0.0,0.0,4.235075496137142,7.750096003292128
0.08,95,763315502,2.0157649517059326,0.0,0.0,4.408843509387225,7.927757003926672
0.08,96,138897982,1.9875414371490479,0.0,0.0,4.317934562917799,8.098088001133874
0.08,97,10785379,1.9385402202606201,0.0,0.0,4.543556458549574,7.931460000691004
0.08,98,53923185,1.9980581998825073,0.0,0.0,4.361354784341529,8.14480498956982
0.08,99,1349917978,2.0109245777130127,0.0,0.0,4.370894425781444,7.772525990731083
0.081,0,1501552845,2.0323166847229004,0.0,0.0,4.301642878213897,7.905483987997286
0.081,1,488200390,2.0958991050720215,0.0,0.0,4.256908360635862,7.938513997942209
0.081,2,1693606510,1.9660089015960693,0.0,0.0,4.417980828555301,8.140411009662785
0.081,3,680233354,2.0421855449676514,0.0,0.0,4.294470651540905,8.003114999155514
0.081,4,438466540,2.0335516929626465,0.0,0.0,4.372669236501679,7.741580993751995
0.081,5,1712329280,2.031698703765869,0.0,0.0,4.305439652875066,7.35179299954325
0.081,6,1380152455,2.0377066135406494,0.0,0.0,4.284217810956761,7.992786995600909
0.081,7,1452245846,1.9947004318237305,0.0,0.0,4.358893359312788,7.533825002610683
0.081,8,2122694021,2.011915445327759,0.0,0.0,4.42442770046182,7.561823993455619
0.081,9,839901363,1.97941255569458,0.0,0.0,4.367180536035448,7.606364990351722
0.081,10,1802651552,1.9943894147872925,0.0,0.0,4.337857819162309,7.969163998495787
0.081,11,714712467,2.005628824234009,0.0,0.0,4.299183388240635,7.535698008723557
0.081,12,1218704077,2.0214221477508545,0.0,0.0,4.383342758286744,7.67545698909089
0.081,13,1284858263,1.94892418384552,0.0,0.0,4.4405277874320745,8.400982987950556
0.081,14,457721135,1.9229992628097534,0.0,0.0,4.370670232223347,7.778115992550738
0.081,15,401008609,1.9989807605743408,0.0,0.0,4.360452319029719,7.897877992945723
0.081,16,492064534,2.0229811668395996,0.0,0.0,4.344259508652613,7.520665996707976
0.081,17,1444732602,2.0931448936462402,0.0,0.0,4.297162352828309,7.444849004969001
0.081,18,1317426686,2.0074362754821777,0.0,0.0,4.327966747106984,7.564330007880926
0.081,19,2022506251,2.0018436908721924,0.0,0.0,4.372671348741278,7.5549630128080025
0.081,20,1516459118,2.075099229812622,0.0,0.0,4.2683491634670645,8.339261010405608
0.081,21,533103612,1.994491457939148,0.0,0.0,4.347847461234778,7.5273109978297725
0.081,22,1964759878,2.007986307144165,0.0,0.0,4.3795143479947,7.880422999733128
0.081,23,2037706756,1.9925035238265991,0.0,0.0,4.413313981611282,7.53968401113525
0.081,24,1572889065,1.9718936681747437,0.0,0.0,4.3696872007567436,8.022941008675843
0.081,25,1432881518,2.0457849502563477,0.0,0.0,4.247314862674102,7.262083992827684
0.081,26,280516901,2.050926446914673,0.0,0.0,4.288447736995295,7.30944299721159
0.081,27,205939248,1.9847813844680786,0.0,0.0,4.437161464244127,7.596292009111494
0.081,28,571904914,1.9623469114303589,0.0,0.0,4.484248906606808,8.14479599648621
0.081,29,948843457,2.0053281784057617,0.0,0.0,4.4160041774157435,7.413607003400102
0.081,30,155492488,2.0887222290039062,0.0,0.0,4.2410176657140255,7.6929149945499375
0.081,31,1903701130,2.005859375,0.0,0.0,4.42655021045357,7.627580998814665
0.081,32,1017961266,2.098306179046631,0.0,0.0,4.204177831765264,7.590049004647881
0.081,33,1497769985,1.9845261573791504,0.0,0.0,4.392340691527352,7.448883989127353
0.081,34,456523489,2.0187625885009766,0.0,0.0,4.357791197253391,7.745896000415087
0.081,35,701095136,2.0415875911712646,0.0,0.0,4.294868625467643,7.758432999253273
0.081,36,249069576,2.060481548309326,0.0,0.0,4.270033702487126,7.810587005224079
0.081,37,1576098728,2.0562644004821777,0.0,0.0,4.330744364997372,7.617703013238497
0.081,38,1662748500,2.0909228324890137,0.0,0.0,4.2724981245119125,8.442571008345112
0.081,39,472736216,2.0532970428466797,0.0,0.0,4.305931858019903,7.790589006617665
0.081,40,1535411295,2.014302968978882,0.0,0.0,4.3260630771983415,7.508780006901361
0.081,41,175223003,2.0271077156066895,0.0,0.0,4.359885362908244,7.373202999588102
0.081,42,840936862,2.016608953475952,0.0,0.0,4.303958178963512,7.744692004052922
0.081,43,343373188,1.9855241775512695,0.0,0.0,4.311993314186111,7.645525998668745
0.081,44,1597751082,2.0845091342926025,0.0,0.0,4.2750281386543065,7.418927998514846
0.081,45,730359585,2.0130271911621094,0.0,0.0,4.350164734991267,7.495233992813155
0.081,46,1016641002,2.065561532974243,0.0,0.0,4.245806278195232,7.988280995050445
0.081,47,998994690,2.009312391281128,0.0,0.0,4.302859312389046,7.667125988518819
0.081,48,1021240743,2.016200304031372,0.0,0.0,4.354015320306644,7.537183002568781
0.081,49,572134801,2.0131406784057617,0.0,0.0,4.2956864440348,7.50395399518311
0.081,50,1198399760,2.033430814743042,0.0,0.0,4.310776602011174,7.551950999186374
0.081,51,1751866485,2.0880589485168457,0.0,0.0,4.2731294927652925,7.963288007886149
0.081,52,1070889713,2.0556211471557617,0.0,0.0,4.317891964688897,7.228511007269844
0.081,53,415096539,1.9775477647781372,0.0,0.0,4.43755106232129,7.802516003721394
0.081,54,52416235,2.1424567699432373,0.0,0.0,4.198770357528701,7.4177329952362925
0.081,55,278032723,1.960957407951355,0.0,0.0,4.350451625417918,7.903928999439813
0.081,56,174946158,2.0212950706481934,0.0,0.0,4.351656808285043,7.489345996873453
0.081,57,196848554,2.0395348072052,0.0,0.0,4.355144355678931,7.7600750082638115
0.081,58,263030910,1.9178611040115356,0.0,0.0,4.446693438338116,7.190992997493595
0.081,59,1285415020,1.9913604259490967,0.0,0.0,4.357057084795088,8.1195899983868
0.081,60,1733223444,1.9829425811767578,0.0,0.0,4.367220883490518,7.535027005360462
0.081,61,1835544261,1.9465510845184326,0.0,0.0,4.461097782244906,7.703957991907373
0.081,62,1403186970,1.8568772077560425,0.0,0.0,4.432205635821447,7.619406998855993
0.081,63,1291971777,2.001835584640503,0.0,0.0,4.34243313013576,7.6097010023659095
0.081,64,712292067,1.994191288948059,0.0,0.0,4.401280717458576,7.728011012659408
0.081,65,2001429764,2.033853769302368,0.0,0.0,4.3466811850667,7.5192920048721135
0.081,66,1375664061,2.001744508743286,0.0,0.0,4.338067328091711,7.267173990840092
0.081,67,1556456120,2.068629741668701,0.0,0.0,4.396968270884827,7.840610996936448
0.081,68,1576053187,2.1133294105529785,0.0,0.0,4.192270883824676,8.208607992855832
0.081,69,1848019881,2.0914463996887207,0.0,0.0,4.28891584277153,7.951546009280719
0.081,70,1508652585,2.0280771255493164,0.0,0.0,4.349767193198204,6.866156996693462
0.081,71,1995737731,1.949502944946289,0.0,0.0,4.355769608402625,7.782383996527642
0.081,72,1162788447,1.983858585357666,0.0,0.0,4.373792825965211,8.094723001704551
0.081,73,1172925522,2.083400011062622,0.0,0.0,4.210761387133971,7.555892996606417
0.081,74,539174575,2.05721378326416,0.0,0.0,4.374806019011885,7.801500003552064
0.081,75,2013637345,1.9573110342025757,0.0,0.0,4.365908472100273,19.423135003307834
0.081,76,1187468716,2.05953049659729,0.0,0.0,4.25204673781991,8.287759002996609
0.081,77,1062978506,2.0197980403900146,0.0,0.0,4.345991992391646,7.924193996586837
0.081,78,679326770,2.0198917388916016,0.0,0.0,4.349928155774251,7.474336991435848
0.081,79,587923432,1.9923568964004517,0.0,0.0,4.434553229250014,7.638135997694917
0.081,80,1359889667,2.017598867416382,0.0,0.0,4.322654770221561,7.8298709995578974
0.081,81,970187386,2.016695499420166,0.0,0.0,4.3213301037903875,7.878256001276895
0.081,82,1219839873,1.9782648086547852,0.0,0.0,4.4187166867777705,8.179697004379705
0.081,83,1428160212,1.9885648488998413,0.0,0.0,4.396847235970199,7.7550469868583605
0.081,84,1930609499,2.0494370460510254,0.0,0.0,4.265781125053763,10.662373999366537
0.081,85,710582861,2.0639724731445312,0.0,0.0,4.315566392382607,7.7566940017277375
0.081,86,1463614337,2.0283124446868896,0.0,0.0,4.315836653113365,7.831825001630932
0.081,87,1940152705,2.0988619327545166,0.0,0.0,4.238705780124292,7.82627500302624
0.081,88,985452196,2.0431597232818604,0.0,0.0,4.291683299001306,7.3221009952249005
0.081,89,552062587,2.1079204082489014,0.0,0.0,4.222483038902283,7.625849000760354
0.081,90,623566272,2.0001330375671387,0.0,0.0,4.30003580218181,8.020790002774447
0.081,91,729775797,1.9793628454208374,0.0,0.0,4.440232066903263,7.3356630018679425
0.081,92,1352536665,2.007275342941284,0.0,0.0,4.390116861788556,7.643499004188925
0.081,93,555883440,1.9883747100830078,0.0,0.0,4.320662554120645,7.938149996334687
0.081,94,1801800003,2.094020366668701,0.0,0.0,4.236442753812298,7.612689005327411
0.081,95,763315502,2.0413408279418945,0.0,0.0,4.376467995578423,7.597204996272922
0.081,96,138897982,2.002610206604004,0.0,0.0,4.308090844890103,7.325906990445219
0.081,97,10785379,1.951037049293518,0.0,0.0,4.511961514595896,7.669209997402504
0.081,98,53923185,2.008380651473999,0.0,0.0,4.336333028273657,7.334085996262729
0.081,99,1349917978,2.0172345638275146,0.0,0.0,4.374199473764747,7.895065995398909
0.082,0,1501552845,2.0403542518615723,0.0,0.0,4.282895237673074,7.4242010014131665
0.082,1,488200390,2.0952446460723877,0.0,0.0,4.263198365690187,7.424700990668498
0.082,2,1693606510,1.957823395729065,0.0,0.0,4.431247883010656,8.043376001296565
0.082,3,680233354,2.050183057785034,0.0,0.0,4.30965828592889,7.802356005413458
0.082,4,438466540,1.973728895187378,0.0,0.0,4.4414918010588735,7.351905995164998
0.082,5,1712329280,2.028099775314331,0.0,0.0,4.3363939337432384,8.335477992659435
0.082,6,1380152455,2.03013277053833,0.0,0.0,4.299212771700695,7.787814000039361
0.082,7,1452245846,2.0048787593841553,0.0,0.0,4.333704273449257,7.434539991663769
0.082,8,2122694021,2.013990879058838,0.0,0.0,4.424923945916817,7.655441004317254
0.082,9,839901363,1.9942716360092163,0.0,0.0,4.32701957388781,8.138532997691073
0.082,10,1802651552,2.007110357284546,0.0,0.0,4.331787736155093,7.677563990000635
0.082,11,714712467,2.0101349353790283,0.0,0.0,4.303331214701757,7.081273011863232
0.082,12,1218704077,2.0211234092712402,0.0,0.0,4.38662618608214,7.295129995327443
0.082,13,1284858263,1.9460721015930176,0.0,0.0,4.440526637015864,7.667277997825295
0.082,14,457721135,1.933494210243225,0.0,0.0,4.36230237246491,7.6362859981600195
0.082,15,401008609,2.002999782562256,0.0,0.0,4.364387035137042,7.779616993502714
0.082,16,492064534,2.0301358699798584,0.0,0.0,4.344705562107265,7.274992996826768
0.082,17,1444732602,2.0980379581451416,0.0,0.0,4.302175264339894,7.7468880044762045
0.082,18,1317426686,2.016207695007324,0.0,0.0,4.309586148709059,7.684381998842582
0.082,19,2022506251,2.0214033126831055,0.0,0.0,4.37678586714901,7.584512000903487
0.082,20,1516459118,2.095461130142212,0.0,0.0,4.2668676800094545,7.638848997885361
0.082,21,533103612,1.9947872161865234,0.0,0.0,4.35113311978057,7.5974819919792935
0.082,22,1964759878,2.0153191089630127,0.0,0.0,4.383946317480877,7.419827001285739
0.082,23,2037706756,2.002340078353882,0.0,0.0,4.403651287546381,7.517285994254053
0.082,24,1572889065,1.981058955192566,0.0,0.0,4.357194253243506,7.52195599488914
0.082,25,1432881518,2.0510776042938232,0.0,0.0,4.248330680653453,7.300828990992159
0.082,26,280516901,2.0539865493774414,0.0,0.0,4.288071958348155,7.50401099503506
0.082,27,205939248,1.9892398118972778,0.0,0.0,4.440933519974351,7.42292900395114
0.082,28,571904914,1.9583674669265747,0.0,0.0,4.483308511786163,8.497934002662078
0.082,29,948843457,2.004952907562256,0.0,0.0,4.414660108508542,7.591083995066583
0.082,30,155492488,2.0929698944091797,0.0,0.0,4.245843787910417,7.687625999096781
0.082,31,1903701130,2.012155294418335,0.0,0.0,4.43266846681945,7.211810996523127
0.082,32,1017961266,2.1078622341156006,0.0,0.0,4.1974001028575,7.691525010159239
0.082,33,1497769985,1.9880484342575073,0.0,0.0,4.399068756494671,7.62206400395371
0.082,34,456523489,2.029743194580078,0.0,0.0,4.341591227799654,7.136205997085199
0.082,35,701095136,2.0505800247192383,0.0,0.0,4.295464883791283,7.4937689932994545
0.082,36,249069576,2.061152696609497,0.0,0.0,4.257599850418046,7.8448929998558015
0.082,37,1576098728,2.065208673477173,0.0,0.0,4.326701590791345,7.899008007370867
0.082,38,1662748500,2.0958876609802246,0.0,0.0,4.27574070985429,7.698123008594848
0.082,39,472736216,2.0577666759490967,0.0,0.0,4.307680232916027,7.852470007492229
0.082,40,1535411295,2.034492254257202,0.0,0.0,4.303649560082704,7.29653199960012
0.082,41,175223003,2.0291695594787598,0.0,0.0,4.360156693961471,7.706447009695694
0.082,42,840936862,2.0288867950439453,0.0,0.0,4.286821593530476,7.596407012897544
0.082,43,343373188,1.9915070533752441,0.0,0.0,4.307987659005448,7.376351990387775
0.082,44,1597751082,2.0977694988250732,0.0,0.0,4.274826352251694,7.973441010108218
0.082,45,730359585,2.056445360183716,0.0,0.0,4.343604526715353,8.236150999437086
0.082,46,1016641002,2.076784372329712,0.0,0.0,4.2054217220284045,7.769231000565924
0.082,47,998994690,2.014514684677124,0.0,0.0,4.322779021691531,7.766634997096844
0.082,48,1021240743,2.022387742996216,0.0,0.0,4.3554484359920025,64.28462600160856
0.082,49,572134801,2.0480010509490967,0.0,0.0,4.278686017729342,7.68412699108012
0.082,50,1198399760,2.041672945022583,0.0,0.0,4.316894579678774,8.043800000450574
0.082,51,1751866485,2.097358226776123,0.0,0.0,4.277843483956531,7.139275010558777
0.082,52,1070889713,2.0705339908599854,0.0,0.0,4.31537210685201,7.518238999182358
0.082,53,415096539,1.980994462966919,0.0,0.0,4.42658800794743,7.13009899482131
0.082,54,52416235,2.1569712162017822,0.0,0.0,4.20505523099564,7.709379002335481
0.082,55,278032723,1.9698402881622314,0.0,0.0,4.3556002175901085,7.775924997986294
0.082,56,174946158,2.030487298965454,0.0,0.0,4.3389648862648755,8.0448979861103
0.082,57,196848554,2.0416316986083984,0.0,0.0,4.357659098692238,7.226731991977431
0.082,58,263030910,1.930284857749939,0.0,0.0,4.45344681176357,8.049042997299694
0.082,59,1285415020,1.9832770824432373,0.0,0.0,4.359964104834944,7.691998005611822
0.082,60,1733223444,1.9932643175125122,0.0,0.0,4.3555235979147255,8.062038003117777
0.082,61,1835544261,1.953035593032837,0.0,0.0,4.459123545559123,7.608651998452842
0.082,62,1403186970,1.8647719621658325,0.0,0.0,4.437637077644467,8.284765994176269
0.082,63,1291971777,2.0026581287384033,0.0,0.0,4.317119229119271,7.596295006806031
0.082,64,712292067,2.0011484622955322,0.0,0.0,4.400469462852925,7.486999995307997
0.082,65,2001429764,2.039865732192993,0.0,0.0,4.348487223032862,8.388867994653992
0.082,66,1375664061,2.008810043334961,0.0,0.0,4.345130268950015,8.089822993497364
0.082,67,1556456120,2.0877296924591064,0.0,0.0,4.338536452734843,8.058748993789777
0.082,68,1576053187,2.1163671016693115,0.0,0.0,4.189250575378537,7.994122002855875
0.082,69,1848019881,2.1051228046417236,0.0,0.0,4.282660232158378,7.749704003799707
0.082,70,1508652585,2.0328500270843506,0.0,0.0,4.335073547670618,7.856658994569443
0.082,71,1995737731,1.9446130990982056,0.0,0.0,4.370676906546578,7.4236369982827455
0.082,72,1162788447,1.9916759729385376,0.0,0.0,4.380124930059537,8.019029992283322
0.082,73,1172925522,2.0854785442352295,0.0,0.0,4.191624124534428,7.521402003476396
0.082,74,539174575,2.062100410461426,0.0,0.0,4.373382849385962,7.88620300590992
0.082,75,2013637345,1.964115023612976,0.0,0.0,4.368521137861535,8.084607005002908
0.082,76,1187468716,2.0619115829467773,0.0,0.0,4.254357783123851,7.728276003035717
0.082,77,1062978506,2.030463695526123,0.0,0.0,4.313850874081254,7.789701005094685
0.082,78,679326770,2.02992582321167,0.0,0.0,4.330695460550487,7.457304003764875
0.082,79,587923432,2.00726056098938,0.0,0.0,4.436334122205153,8.36646898824256
0.082,80,1359889667,2.012512683868408,0.0,0.0,4.319917221087962,7.626168997376226
0.082,81,970187386,2.0245561599731445,0.0,0.0,4.309015411417931,7.803461994626559
0.082,82,1219839873,1.9814234972000122,0.0,0.0,4.42422287655063,7.5875070033362135
0.082,83,1428160212,1.9891984462738037,0.0,0.0,4.399847832508385,7.664919990929775
0.082,84,1930609499,2.0544443130493164,0.0,0.0,4.2688359778840095,7.593094007461332
0.082,85,710582861,2.071488857269287,0.0,0.0,4.319189369678497,7.260386992129497
0.082,86,1463614337,2.0334877967834473,0.0,0.0,4.316933673107997,8.225737998145632
0.082,87,1940152705,2.110077381134033,0.0,0.0,4.243754689581692,7.972264997079037
0.082,88,985452196,2.048194169998169,0.0,0.0,4.301486739655957,7.683326999540441
0.082,89,552062587,2.1159827709198,0.0,0.0,4.227232631761581,7.560991987702437
0.082,90,623566272,2.005559206008911,0.0,0.0,4.305504331365228,7.649940002011135
0.082,91,729775797,1.9885998964309692,0.0,0.0,4.446230048779398,7.640190000529401
0.082,92,1352536665,2.009514093399048,0.0,0.0,4.394446319201961,7.648397993762046
0.082,93,555883440,1.9959805011749268,0.0,0.0,4.3238009514752775,7.466338996891864
0.082,94,1801800003,2.1021716594696045,0.0,0.0,4.237213502870873,7.838156001525931
0.082,95,763315502,2.0518579483032227,0.0,0.0,4.3692665956914425,7.5393949955469
0.082,96,138897982,2.0068612098693848,0.0,0.0,4.311619460582733,7.610492990352213
0.082,97,10785379,1.9597448110580444,0.0,0.0,4.533070422010496,7.320442004129291
0.082,98,53923185,2.0155434608459473,0.0,0.0,4.340430463897064,7.814214986865409
0.082,99,1349917978,2.0265419483184814,0.0,0.0,4.361667325021699,7.705911993980408
0.083,0,1501552845,2.0501904487609863,0.0,0.0,4.289464041590691,7.532076997449622
0.083,1,488200390,2.0964274406433105,0.0,0.0,4.264307681238279,7.534295000368729
0.083,2,1693606510,1.962741732597351,0.0,0.0,4.426741189789027,7.6956369885010645
0.083,3,680233354,2.0704190731048584,0.0,0.0,4.289040218805894,7.733146994723938
0.083,4,438466540,2.0367271900177,0.0,0.0,4.382287040818483,7.820822997018695
0.083,5,1712329280,2.0315723419189453,0.0,0.0,4.326890890020877,7.436710002366453
0.083,6,1380152455,2.0354089736938477,0.0,0.0,4.2965795439668,7.288011998753063
0.083,7,1452245846,2.0380032062530518,0.0,0.0,4.3163277502171695,7.316860996070318
0.083,8,2122694021,2.023688316345215,0.0,0.0,4.431785714579746,7.5152040080865845
0.083,9,839901363,1.997008204460144,0.0,0.0,4.317737301113084,7.837021999876015
0.083,10,1802651552,2.0125021934509277,0.0,0.0,4.341067317640409,7.05167900014203
0.083,11,714712467,2.016352653503418,0.0,0.0,4.3070060655009,7.3487810004735366
0.083,12,1218704077,2.0395593643188477,0.0,0.0,4.376673116348684,7.600209006341174
0.083,13,1284858263,1.9502077102661133,0.0,0.0,4.446165086701512,7.701796013861895
0.083,14,457721135,1.9412217140197754,0.0,0.0,4.358218120178208,7.844039995688945
0.083,15,401008609,2.0063657760620117,0.0,0.0,4.357936744345352,7.746240997221321
0.083,16,492064534,2.0440685749053955,0.0,0.0,4.347561686998233,7.740925997495651
0.083,17,1444732602,2.099235773086548,0.0,0.0,4.291271219961345,7.119023997802287
0.083,18,1317426686,2.014249086380005,0.0,0.0,4.2852979260496795,8.065037007327192
0.083,19,2022506251,2.038076639175415,0.0,0.0,4.3650652940850705,7.449936005286872
0.083,20,1516459118,2.1031882762908936,0.0,0.0,4.270143246045336,8.16379398747813
0.083,21,533103612,2.0009021759033203,0.0,0.0,4.326592253521085,7.883508995291777
0.083,22,1964759878,2.036217212677002,0.0,0.0,4.358662065817043,7.884332997491583
0.083,23,2037706756,2.0048580169677734,0.0,0.0,4.405562384054065,7.735664999927394
0.083,24,1572889065,1.984144926071167,0.0,0.0,4.362406330183148,7.494880992453545
0.083,25,1432881518,2.071071147918701,0.0,0.0,4.25395926903002,7.450252000126056
0.083,26,280516901,2.062014579772949,0.0,0.0,4.279959888663143,8.032515994273126
0.083,27,205939248,2.014380693435669,0.0,0.0,4.4256539947818965,7.546075998106971
0.083,28,571904914,1.967997670173645,0.0,0.0,4.524924543686211,7.527116002165712
0.083,29,948843457,2.0092217922210693,0.0,0.0,4.416691919323057,7.366641002590768
0.083,30,155492488,2.0982863903045654,0.0,0.0,4.249304210534319,7.779013001709245
0.083,31,1903701130,2.0157225131988525,0.0,0.0,4.434951634844765,7.672230000025593
0.083,32,1017961266,2.1117541790008545,0.0,0.0,4.199805256910622,10.045885996078141
0.083,33,1497769985,1.989341139793396,0.0,0.0,4.402330669341609,7.347115999436937
0.083,34,456523489,2.0342419147491455,0.0,0.0,4.325986675685272,7.571067995741032
0.083,35,701095136,2.0445778369903564,0.0,0.0,4.2951093995943666,7.465775997843593
0.083,36,249069576,2.0707921981811523,0.0,0.0,4.261850151466206,8.003830997040495
0.083,37,1576098728,2.0765178203582764,0.0,0.0,4.275432096328586,9.084617995540611
0.083,38,1662748500,2.0987253189086914,0.0,0.0,4.281090585049242,7.457178988261148
0.083,39,472736216,2.063344955444336,0.0,0.0,4.29785040486604,7.456160004949197
0.083,40,1535411295,2.0256032943725586,0.0,0.0,4.308840945363045,7.862263999413699
0.083,41,175223003,2.035292387008667,0.0,0.0,4.3553323310334235,7.4611919990275055
0.083,42,840936862,2.035905361175537,0.0,0.0,4.288812199374661,7.941959003801458
0.083,43,343373188,2.0040080547332764,0.0,0.0,4.308214888442308,7.720121997408569
0.083,44,1597751082,2.0964956283569336,0.0,0.0,4.269445929676294,7.709812998655252
0.083,45,730359585,2.0680010318756104,0.0,0.0,4.3360011032782495,7.818747006240301
0.083,46,1016641002,2.087111473083496,0.0,0.0,4.212926597567275,7.84558299346827
0.083,47,998994690,2.023519277572632,0.0,0.0,4.326804206240922,7.370519990217872
0.083,48,1021240743,2.0487637519836426,0.0,0.0,4.326758784707636,7.510732000810094
0.083,49,572134801,2.0576629638671875,0.0,0.0,4.2814064132981,7.320682998397388
0.083,50,1198399760,2.0534136295318604,0.0,0.0,4.308660286245868,7.855382995330729
0.083,51,1751866485,2.0823974609375,0.0,0.0,4.298619530396536,7.1283819997916
0.083,52,1070889713,2.092742681503296,0.0,0.0,4.274186408845708,7.938487993669696
0.083,53,415096539,1.9727568626403809,0.0,0.0,4.481010036543012,7.44540999585297
0.083,54,52416235,2.1576545238494873,0.0,0.0,4.2051034301985055,7.286407999345101
0.083,55,278032723,1.9709621667861938,0.0,0.0,4.360142673831433,7.581136000226252
0.083,56,174946158,2.0430591106414795,0.0,0.0,4.341617764905095,8.070551994023845
0.083,57,196848554,2.0469207763671875,0.0,0.0,4.361455806996673,8.73569400573615
0.083,58,263030910,1.9881255626678467,0.0,0.0,4.419142240192741,7.777083999826573
0.083,59,1285415020,1.9862134456634521,0.0,0.0,4.366147736553103,7.834139003534801
0.083,60,1733223444,1.9968191385269165,0.0,0.0,4.35375532717444,7.654242988792248
0.083,61,1835544261,1.9534400701522827,0.0,0.0,4.468072335701436,7.380174996796995
0.083,62,1403186970,1.8712022304534912,0.0,0.0,4.440266597317532,7.293878006748855
0.083,63,1291971777,2.009493350982666,0.0,0.0,4.32219836069271,7.505756002501585
0.083,64,712292067,2.00174617767334,0.0,0.0,4.410721795400605,7.719702000031248
0.083,65,2001429764,2.0443668365478516,0.0,0.0,4.34477949491702,7.688954996410757
0.083,66,1375664061,2.010349750518799,0.0,0.0,4.33619291940704,7.630203006556258
0.083,67,1556456120,2.1001899242401123,0.0,0.0,4.337460283422843,7.6702839869540185
0.083,68,1576053187,2.128204584121704,0.0,0.0,4.170050662942231,7.634390989551321
0.083,69,1848019881,2.111090898513794,0.0,0.0,4.287137119565159,7.902653000201099
0.083,70,1508652585,2.0385046005249023,0.0,0.0,4.3410528630483896,8.008635995793156
0.083,71,1995737731,1.970348834991455,0.0,0.0,4.377423396799713,7.879359007347375
0.083,72,1162788447,1.995749831199646,0.0,0.0,4.382836214266717,7.739371998468414
0.083,73,1172925522,2.086106061935425,0.0,0.0,4.193193051265553,8.458783006062731
0.083,74,539174575,2.063307762145996,0.0,0.0,4.37742817401886,7.702913993853144
0.083,75,2013637345,1.9712331295013428,0.0,0.0,4.371227075578645,7.498232997022569
0.083,76,1187468716,2.065171003341675,0.0,0.0,4.256485056364909,7.812720999936573
0.083,77,1062978506,2.036206007003784,0.0,0.0,4.320424461970106,7.57038700976409
0.083,78,679326770,2.0338451862335205,0.0,0.0,4.3371806556824595,7.7647129946853966
0.083,79,587923432,2.01922607421875,0.0,0.0,4.4284936296753585,7.2895499906735495
0.083,80,1359889667,2.0215415954589844,0.0,0.0,4.310631499392912,7.732348996796645
0.083,81,970187386,2.0376858711242676,0.0,0.0,4.294591289013624,7.668111007660627
0.083,82,1219839873,1.9849129915237427,0.0,0.0,4.425976068945602,8.38258900330402
0.083,83,1428160212,1.993485927581787,0.0,0.0,4.424453343497589,7.617868002853356
0.083,84,1930609499,2.063718795776367,0.0,0.0,4.279801066499203,8.044887988944538
0.083,85,710582861,2.073167562484741,0.0,0.0,4.281966635258868,7.2385520034004
0.083,86,1463614337,2.041365623474121,0.0,0.0,4.307962949387729,7.662004005396739
0.083,87,1940152705,2.117788076400757,0.0,0.0,4.247722616652027,7.813857999281026
0.083,88,985452196,2.0518829822540283,0.0,0.0,4.30381079390645,7.697107008425519
0.083,89,552062587,2.1205062866210938,0.0,0.0,4.227099687093869,7.48541799839586
0.083,90,623566272,2.0227456092834473,0.0,0.0,4.306069949408993,7.895029004430398
0.083,91,729775797,1.9944658279418945,0.0,0.0,4.435868049040437,7.527017005486414
0.083,92,1352536665,2.0210189819335938,0.0,0.0,4.400251381332055,7.865840001613833
0.083,93,555883440,2.021354913711548,0.0,0.0,4.322701048338786,7.686907003517263
0.083,94,1801800003,2.104060173034668,0.0,0.0,4.240635853493586,7.837445999030024
0.083,95,763315502,2.0607733726501465,0.0,0.0,4.3593780405353755,7.688900004723109
0.083,96,138897982,2.0033798217773438,0.0,0.0,4.315519289346412,7.518646001699381
0.083,97,10785379,1.9664742946624756,0.0,0.0,4.533737205434591,7.562762009911239
0.083,98,53923185,2.0217440128326416,0.0,0.0,4.352792541962117,7.7758819970767945
0.083,99,1349917978,2.0337109565734863,0.0,0.0,4.365801740437746,7.92033300967887
0.084,0,1501552845,2.0575573444366455,0.0,0.0,4.291651827050373,7.534265998401679
0.084,1,488200390,2.1062700748443604,0.0,0.0,4.2628984013572335,7.520131999626756
0.084,2,1693606510,1.9649574756622314,0.0,0.0,4.429705967195332,7.799016006174497
0.084,3,680233354,2.0786662101745605,0.0,0.0,4.2562234830111265,7.349841995164752
0.084,4,438466540,2.046520709991455,0.0,0.0,4.368803018005565,7.705152005655691
0.084,5,1712329280,2.0350735187530518,0.0,0.0,4.327943467302248,7.645227000466548
0.084,6,1380152455,2.040437936782837,0.0,0.0,4.299968982581049,7.4009380041388795
0.084,7,1452245846,2.044997215270996,0.0,0.0,4.320057617500424,7.518143000197597
0.084,8,2122694021,2.0336341857910156,0.0,0.0,4.383893870282918,7.841746002668515
0.084,9,839901363,2.004384756088257,0.0,0.0,4.3162805766332895,8.12630400469061
0.084,10,1802651552,2.017957925796509,0.0,0.0,4.3441032925620675,7.942654003272764
0.084,11,714712467,2.0217342376708984,0.0,0.0,4.3107452967669815,7.286114996531978
0.084,12,1218704077,2.042832612991333,0.0,0.0,4.379173130495474,7.611239998368546
0.084,13,1284858263,1.9538371562957764,0.0,0.0,4.442690557567403,8.07234100648202
0.084,14,457721135,1.9241074323654175,0.0,0.0,4.383528829552233,7.748917996650562
0.084,15,401008609,2.023961305618286,0.0,0.0,4.32148757041432,7.253193994984031
0.084,16,492064534,2.051915168762207,0.0,0.0,4.330833389889449,8.037270992645063
0.084,17,1444732602,2.104694128036499,0.0,0.0,4.296048230724409,7.505522997234948
0.084,18,1317426686,2.0248098373413086,0.0,0.0,4.290176261914894,7.701982991420664
0.084,19,2022506251,2.041078567504883,0.0,0.0,4.36891205329448,7.792661010171287
0.084,20,1516459118,2.113865852355957,0.0,0.0,4.2714412801433355,7.699788999161683
0.084,21,533103612,2.000576972961426,0.0,0.0,4.326841730158776,7.537097000749782
0.084,22,1964759878,2.0420916080474854,0.0,0.0,4.363082715077326,7.718659995589405
0.084,23,2037706756,2.0182511806488037,0.0,0.0,4.390042193699628,7.766554001136683
0.084,24,1572889065,1.9872454404830933,0.0,0.0,4.364229206228629,7.744390997686423
0.084,25,1432881518,2.0738141536712646,0.0,0.0,4.2558760268148035,7.60949999676086
0.084,26,280516901,2.070901870727539,0.0,0.0,4.293926743092015,7.525166001869366
0.084,27,205939248,2.016335964202881,0.0,0.0,4.427920590154827,8.04632499057334
0.084,28,571904914,1.9729005098342896,0.0,0.0,4.528432603692636,7.553746996563859
0.084,29,948843457,1.9968831539154053,0.0,0.0,4.426142471143976,7.617552997544408
0.084,30,155492488,2.1025755405426025,0.0,0.0,4.2509663191158324,7.985439995536581
0.084,31,1903701130,2.0180270671844482,0.0,0.0,4.437284293351695,7.712281003477983
0.084,32,1017961266,2.1172571182250977,0.0,0.0,4.205400524195284,7.642684009624645
0.084,33,1497769985,1.9919904470443726,0.0,0.0,4.405730060534552,7.183840993093327
0.084,34,456523489,2.0414719581604004,0.0,0.0,4.307348801288754,7.6409580069594085
0.084,35,701095136,2.068366765975952,0.0,0.0,4.2848669027443975,7.978641006047837
0.084,36,249069576,2.071247100830078,0.0,0.0,4.259187009651214,7.274598989170045
0.084,37,1576098728,2.0867581367492676,0.0,0.0,4.269656589720398,7.51592600136064
0.084,38,1662748500,2.1035752296447754,0.0,0.0,4.284863751847297,7.518033991800621
0.084,39,472736216,2.0690505504608154,0.0,0.0,4.302586496574804,7.223426000564359
0.084,40,1535411295,2.0481796264648438,0.0,0.0,4.3110732638742775,8.102090010652319
0.084,41,175223003,2.038400173187256,0.0,0.0,4.360838852124289,7.557832999737002
0.084,42,840936862,2.0413103103637695,0.0,0.0,4.293538553407416,7.4380199948791414
0.084,43,343373188,2.018500804901123,0.0,0.0,4.310934630455449,7.6186470105312765
0.084,44,1597751082,2.1083590984344482,0.0,0.0,4.268581664655358,8.127647000947036
0.084,45,730359585,2.0707809925079346,0.0,0.0,4.336143788415939,8.114441006910056
0.084,46,1016641002,2.0968358516693115,0.0,0.0,4.2159701564814895,7.894192007370293
0.084,47,998994690,2.0266709327697754,0.0,0.0,4.3004787396639585,7.315930997719988
0.084,48,1021240743,2.051788568496704,0.0,0.0,4.327429444994777,7.732970989309251
0.084,49,572134801,2.0645570755004883,0.0,0.0,4.278465488459915,7.541387996752746
0.084,50,1198399760,2.0625405311584473,0.0,0.0,4.319004486780614,7.9534410033375025
0.084,51,1751866485,2.0866446495056152,0.0,0.0,4.303582645719871,7.663458003662527
0.084,52,1070889713,2.1007943153381348,0.0,0.0,4.259810066549107,7.60734299547039
0.084,53,415096539,1.9734536409378052,0.0,0.0,4.45080254226923,7.850137000787072
0.084,54,52416235,2.1618213653564453,0.0,0.0,4.208189466735348,7.634624998900108
0.084,55,278032723,1.9771846532821655,0.0,0.0,4.342379558598623,7.286905005457811
0.084,56,174946158,2.0487794876098633,0.0,0.0,4.341333972057328,7.765282003674656
0.084,57,196848554,2.0507493019104004,0.0,0.0,4.363339374074712,8.091408002655953
0.084,58,263030910,1.9370813369750977,0.0,0.0,4.438053794438019,7.362447999184951
0.084,59,1285415020,1.9898041486740112,0.0,0.0,4.370261228410527,7.566986998426728
0.084,60,1733223444,2.00323486328125,0.0,0.0,4.357929402263835,7.727702002739534
0.084,61,1835544261,1.974676251411438,0.0,0.0,4.444396415259689,7.010581000940874
0.084,62,1403186970,1.9268112182617188,0.0,0.0,4.40046728332527,7.823838997865096
0.084,63,1291971777,2.016582727432251,0.0,0.0,4.324588696239516,7.578608012408949
0.084,64,712292067,2.008936643600464,0.0,0.0,4.4151191068813205,7.66295799985528
0.084,65,2001429764,2.037414073944092,0.0,0.0,4.350398416398093,8.238545007770881
0.084,66,1375664061,2.018329381942749,0.0,0.0,4.341327207395807,7.78300799720455
0.084,67,1556456120,2.103017568588257,0.0,0.0,4.339884677203372,7.630551001057029
0.084,68,1576053187,2.13694429397583,0.0,0.0,4.169007556280121,11.574938005651347
0.084,69,1848019881,2.119523763656616,0.0,0.0,4.291046904632822,7.498648003092967
0.084,70,1508652585,2.0456693172454834,0.0,0.0,4.345194730907679,7.786747999489307
0.084,71,1995737731,1.979817509651184,0.0,0.0,4.354095382150263,7.7076570014469326
0.084,72,1162788447,1.9996247291564941,0.0,0.0,4.3899453456979245,8.207288003177382
0.084,73,1172925522,2.0887677669525146,0.0,0.0,4.195482818875462,8.374090990400873
0.084,74,539174575,2.0689282417297363,0.0,0.0,4.3853009005542845,7.932278007501736
0.084,75,2013637345,1.9761558771133423,0.0,0.0,4.375033291289583,7.621085998835042
0.084,76,1187468716,2.0751261711120605,0.0,0.0,4.213131174910814,7.805782006471418
0.084,77,1062978506,2.043902635574341,0.0,0.0,4.324396833311766,7.580635996419005
0.084,78,679326770,2.03365159034729,0.0,0.0,4.337734684348106,7.666454999707639
0.084,79,587923432,2.0325138568878174,0.0,0.0,4.418630587402731,7.586907988297753
0.084,80,1359889667,2.0288431644439697,0.0,0.0,4.3065792138222605,7.3725990077946335
0.084,81,970187386,2.0278842449188232,0.0,0.0,4.3056064855773,7.677756002522074
0.084,82,1219839873,1.9884507656097412,0.0,0.0,4.4329799907281995,7.948931001010351
0.084,83,1428160212,2.0023961067199707,0.0,0.0,4.408714067423716,10.744150000391528
0.084,84,1930609499,2.071160078048706,0.0,0.0,4.282491387566552,7.979211994097568
0.084,85,710582861,2.0934410095214844,0.0,0.0,4.27369420719333,7.410831996821798
0.084,86,1463614337,2.05161714553833,0.0,0.0,4.326213256455958,7.393263003905304
0.084,87,1940152705,2.1161980628967285,0.0,0.0,4.252449001185596,7.7068289974704385
0.084,88,985452196,2.055720329284668,0.0,0.0,4.3055119251366705,7.528603004175238
0.084,89,552062587,2.1293869018554688,0.0,0.0,4.199921842897311,7.73247100005392
0.084,90,623566272,2.019113779067993,0.0,0.0,4.31465054792352,8.22764600161463
0.084,91,729775797,2.0029046535491943,0.0,0.0,4.44226217456162,6.744320999132469
0.084,92,1352536665,2.034543037414551,0.0,0.0,4.382949170190841,7.575986004667357
0.084,93,555883440,2.051954984664917,0.0,0.0,4.305407575331628,7.74769599956926
0.084,94,1801800003,2.114820718765259,0.0,0.0,4.234506771201268,7.344202997046523
0.084,95,763315502,2.0618152618408203,0.0,0.0,4.361024136887863,7.760790002066642
0.084,96,138897982,2.006833791732788,0.0,0.0,4.318403268000111,8.010442004888318
0.084,97,10785379,1.9773472547531128,0.0,0.0,4.437363199423999,7.690741011174396
0.084,98,53923185,2.0298805236816406,0.0,0.0,4.317845422541723,7.63107999227941
0.084,99,1349917978,2.0437564849853516,0.0,0.0,4.358138096285984,7.195256999693811
0.085,0,1501552845,2.070021629333496,0.0,0.0,4.294489220716059,7.77536399255041
0.085,1,488200390,2.1048953533172607,0.0,0.0,4.250102219870314,7.766852009808645
0.085,2,1693606510,1.9505677223205566,0.0,0.0,4.452608446823433,7.882945006713271
0.085,3,680233354,2.085681200027466,0.0,0.0,4.244868443114683,7.721670001046732
0.085,4,438466540,2.0545949935913086,0.0,0.0,4.36353598209098,11.101074996986426
0.085,5,1712329280,2.0396502017974854,0.0,0.0,4.331388549413532,12.49231700785458
0.085,6,1380152455,2.064779758453369,0.0,0.0,4.282442680792883,8.150463996571489
0.085,7,1452245846,2.053539514541626,0.0,0.0,4.32307583745569,7.732819009106606
0.085,8,2122694021,2.0399203300476074,0.0,0.0,4.412277197930962,7.6001330016879365
0.085,9,839901363,2.01228404045105,0.0,0.0,4.319219895172864,7.598597992910072
0.085,10,1802651552,2.018601417541504,0.0,0.0,4.350073094246909,8.182678007869981
0.085,11,714712467,2.0229384899139404,0.0,0.0,4.313234869390726,7.709751997026615
0.085,12,1218704077,2.053510904312134,0.0,0.0,4.384307692060247,7.502171007217839
0.085,13,1284858263,1.9624284505844116,0.0,0.0,4.436111369403079,7.93253599840682
0.085,14,457721135,1.9245471954345703,0.0,0.0,4.387377517996356,7.738055996014737
0.085,15,401008609,2.0310678482055664,0.0,0.0,4.3316706623882055,7.650811996427365
0.085,16,492064534,2.046266794204712,0.0,0.0,4.333493656478822,7.641496995347552
0.085,17,1444732602,2.1145474910736084,0.0,0.0,4.3049853327684104,7.789843992213719
0.085,18,1317426686,2.0335798263549805,0.0,0.0,4.27336693671532,7.99324300896842
0.085,19,2022506251,2.0490400791168213,0.0,0.0,4.3613727383781224,7.519079998019151
0.085,20,1516459118,2.1201846599578857,0.0,0.0,4.275381366489455,7.578639007988386
0.085,21,533103612,2.007887840270996,0.0,0.0,4.331675010267645,7.964475007611327
0.085,22,1964759878,2.043931484222412,0.0,0.0,4.364441494923085,7.501604995923117
0.085,23,2037706756,2.0075669288635254,0.0,0.0,4.440443797968328,8.049537995248102
0.085,24,1572889065,1.9878549575805664,0.0,0.0,4.364187747705728,7.637260001502
0.085,25,1432881518,2.0907723903656006,0.0,0.0,4.210488598560914,7.7313209912972525
0.085,26,280516901,2.0727813243865967,0.0,0.0,4.287709907628596,7.718086999375373
0.085,27,205939248,2.020456552505493,0.0,0.0,4.4328222391195595,7.501989995944314
0.085,28,571904914,1.9764512777328491,0.0,0.0,4.531239633215591,7.823848005500622
0.085,29,948843457,2.0018913745880127,0.0,0.0,4.417310367804021,8.041491993935779
0.085,30,155492488,2.1113033294677734,0.0,0.0,4.2438116820994765,7.784304994856939
0.085,31,1903701130,2.0226855278015137,0.0,0.0,4.4411194960121065,7.649767998373136
0.085,32,1017961266,2.1097607612609863,0.0,0.0,4.207480502547696,7.688341996981762
0.085,33,1497769985,1.9880318641662598,0.0,0.0,4.429111899808049,7.492349002859555
0.085,34,456523489,2.054625988006592,0.0,0.0,4.31382861896418,7.718406995991245
0.085,35,701095136,2.0711090564727783,0.0,0.0,4.289422754896805,7.162376001360826
0.085,36,249069576,2.083904504776001,0.0,0.0,4.226318430621177,7.953487001941539
0.085,37,1576098728,2.095022439956665,0.0,0.0,4.273882592329755,7.616628994583152
0.085,38,1662748500,2.1053946018218994,0.0,0.0,4.287797939963639,7.761098007904366
0.085,39,472736216,2.0739150047302246,0.0,0.0,4.273122740909457,7.587426007376052
0.085,40,1535411295,2.033548593521118,0.0,0.0,4.314288329798728,8.810077997623011
0.085,41,175223003,2.053269624710083,0.0,0.0,4.370591347571462,7.207051996374503
0.085,42,840936862,2.049835681915283,0.0,0.0,4.295197177212685,7.517486999859102
0.085,43,343373188,2.025681734085083,0.0,0.0,4.296871091704816,7.692085011512972
0.085,44,1597751082,2.1142418384552,0.0,0.0,4.271011652657762,13.359978998778388
0.085,45,730359585,2.086726188659668,0.0,0.0,4.301524029811844,7.5392690050648525
0.085,46,1016641002,2.104689836502075,0.0,0.0,4.208657803712413,7.4403209873707965
0.085,47,998994690,2.0366852283477783,0.0,0.0,4.311490215593949,7.386999990558252
0.085,48,1021240743,2.0658316612243652,0.0,0.0,4.3072931175120175,7.915355992736295
0.085,49,572134801,2.0668771266937256,0.0,0.0,4.282535667764023,7.402963005006313
0.085,50,1198399760,2.0703139305114746,0.0,0.0,4.322888416238129,7.694763990002684
0.085,51,1751866485,2.0922396183013916,0.0,0.0,4.308160456595942,7.825577995390631
0.085,52,1070889713,2.119304895401001,0.0,0.0,4.262178813340142,7.815406992449425
0.085,53,415096539,1.9758954048156738,0.0,0.0,4.436563936062157,7.6521649898495525
0.085,54,52416235,2.1664795875549316,0.0,0.0,4.208633185364306,8.01702999160625
0.085,55,278032723,1.9862499237060547,0.0,0.0,4.349279501475394,7.802043997799046
0.085,56,174946158,2.0526280403137207,0.0,0.0,4.341127819148824,7.584831997519359
0.085,57,196848554,2.0514423847198486,0.0,0.0,4.36382822948508,8.013737999135628
0.085,58,263030910,1.9380162954330444,0.0,0.0,4.43874352495186,7.687332006753422
0.085,59,1285415020,2.0004642009735107,0.0,0.0,4.3766256521921605,7.510449999244884
0.085,60,1733223444,2.011413335800171,0.0,0.0,4.3558215198572725,7.817934005288407
0.085,61,1835544261,1.979667067527771,0.0,0.0,4.431412257719785,7.6470469939522445
0.085,62,1403186970,1.972909927368164,0.0,0.0,4.348819228122011,12.629554999875836
0.085,63,1291971777,2.019892930984497,0.0,0.0,4.318207245320082,7.198748993687332
0.085,64,712292067,2.014937400817871,0.0,0.0,4.417436620220542,7.897236006101593
0.085,65,2001429764,2.0416622161865234,0.0,0.0,4.3527345368638635,7.972688996233046
0.085,66,1375664061,2.029681921005249,0.0,0.0,4.321417623665184,7.460980006726459
0.085,67,1556456120,2.102661371231079,0.0,0.0,4.336625694762915,7.545272004790604
0.085,68,1576053187,2.140855550765991,0.0,0.0,4.156435264507309,7.643255987204611
0.085,69,1848019881,2.1250627040863037,0.0,0.0,4.255512196570635,7.72080200840719
0.085,70,1508652585,2.0520458221435547,0.0,0.0,4.344238217221573,7.62675900477916
0.085,71,1995737731,1.9953335523605347,0.0,0.0,4.352303060237318,13.305137006682344
0.085,72,1162788447,1.9979503154754639,0.0,0.0,4.386570252710953,8.232378997490741
0.085,73,1172925522,2.092810869216919,0.0,0.0,4.200630254345015,7.425328993122093
0.085,74,539174575,2.0757410526275635,0.0,0.0,4.339303115382791,17.7442179992795
0.085,75,2013637345,1.971124529838562,0.0,0.0,4.376336408779025,7.175828010076657
0.085,76,1187468716,2.071051836013794,0.0,0.0,4.263203260023147,7.353076012805104
0.085,77,1062978506,2.0612616539001465,0.0,0.0,4.328813284402713,7.497928003431298
0.085,78,679326770,2.039252758026123,0.0,0.0,4.326486700447276,9.097086993278936
0.085,79,587923432,2.0610275268554688,0.0,0.0,4.40119388862513,7.629415005794726
0.085,80,1359889667,2.036344528198242,0.0,0.0,4.311174914240837,7.9034070076886564
0.085,81,970187386,2.018667697906494,0.0,0.0,4.31080401642248,7.083566000801511
0.085,82,1219839873,2.002023458480835,0.0,0.0,4.415585299720988,7.737442996585742
0.085,83,1428160212,2.046052932739258,0.0,0.0,4.376058016438037,7.5735900027211756
0.085,84,1930609499,2.0743868350982666,0.0,0.0,4.237473103217781,8.012456994038075
0.085,85,710582861,2.097730875015259,0.0,0.0,4.277073790784925,7.361743992078118
0.085,86,1463614337,2.060452938079834,0.0,0.0,4.320172913372517,7.9084329918259755
0.085,87,1940152705,2.1239500045776367,0.0,0.0,4.237480600131676,8.032318000914529
0.085,88,985452196,2.0753211975097656,0.0,0.0,4.2610942968167365,8.302793998154812
0.085,89,552062587,2.137341022491455,0.0,0.0,4.198215909535065,7.7635860070586205
0.085,90,623566272,2.036276340484619,0.0,0.0,4.280891406117007,9.264206993975677
0.085,91,729775797,2.010357618331909,0.0,0.0,4.446680470602587,7.521805004216731
0.085,92,1352536665,2.0376009941101074,0.0,0.0,4.385793552035466,7.488748000469059
0.085,93,555883440,2.056486129760742,0.0,0.0,4.290063359308988,7.595014991238713
0.085,94,1801800003,2.1135857105255127,0.0,0.0,4.233724366175011,7.901271994342096
0.085,95,763315502,2.0654211044311523,0.0,0.0,4.368215971859172,7.3167549999197945
0.085,96,138897982,2.0116288661956787,0.0,0.0,4.321691938908771,7.585162005852908
0.085,97,10785379,2.050989866256714,0.0,0.0,4.365395108005032,7.485609006835148
0.085,98,53923185,2.0386862754821777,0.0,0.0,4.322138575138524,7.091730993124656
0.085,99,1349917978,2.050307512283325,0.0,0.0,4.359160175314173,7.650649000424892
0.086,0,1501552845,2.079116106033325,0.0,0.0,4.252732314635068,7.730101991910487
0.086,1,488200390,2.1041083335876465,0.0,0.0,4.253128429641947,7.919259005575441
0.086,2,1693606510,1.952552318572998,0.0,0.0,4.457117983838543,8.113161005894653
0.086,3,680233354,2.0968575477600098,0.0,0.0,4.248645897721872,9.534053999232128
0.086,4,438466540,2.059873580932617,0.0,0.0,4.367543649626896,7.681546005187556
0.086,5,1712329280,2.0366077423095703,0.0,0.0,4.331619535107166,7.498989987652749
0.086,6,1380152455,2.0668675899505615,0.0,0.0,4.288703121012077,7.6277479965938255
0.086,7,1452245846,2.0591163635253906,0.0,0.0,4.326651371316984,8.004901988897473
0.086,8,2122694021,2.043029546737671,0.0,0.0,4.416739976033568,7.467477000318468
0.086,9,839901363,2.001337766647339,0.0,0.0,4.3491266497876495,7.798349994118325
0.086,10,1802651552,2.019946336746216,0.0,0.0,4.353798567084596,7.689054007641971
0.086,11,714712467,2.0253612995147705,0.0,0.0,4.291226712986827,7.482766013708897
0.086,12,1218704077,2.055255651473999,0.0,0.0,4.39312544115819,7.736744999419898
0.086,13,1284858263,1.9653986692428589,0.0,0.0,4.440981295192614,8.315535000292584
0.086,14,457721135,1.998024582862854,0.0,0.0,4.341815328225493,7.444647999363951
0.086,15,401008609,2.034480094909668,0.0,0.0,4.336554113775492,7.536175005952828
0.086,16,492064534,2.053860902786255,0.0,0.0,4.342671825084835,8.04009499552194
0.086,17,1444732602,2.1188783645629883,0.0,0.0,4.306015497073531,7.168971002101898
0.086,18,1317426686,2.054248809814453,0.0,0.0,4.2719992978964,7.834164993255399
0.086,19,2022506251,2.0581512451171875,0.0,0.0,4.364742656238377,7.459742002538405
0.086,20,1516459118,2.1266660690307617,0.0,0.0,4.255028079729527,7.439317007083446
0.086,21,533103612,2.011136293411255,0.0,0.0,4.334057863568887,7.7727430034428835
0.086,22,1964759878,2.080824613571167,0.0,0.0,4.339562050299719,14.04633499623742
0.086,23,2037706756,2.035381555557251,0.0,0.0,4.404320026282221,8.313546000863425
0.086,24,1572889065,1.9941473007202148,0.0,0.0,4.350303408456966,7.721514004515484
0.086,25,1432881518,2.0803160667419434,0.0,0.0,4.216092162299901,8.002075002877973
0.086,26,280516901,2.0784542560577393,0.0,0.0,4.244577653473243,7.2998130053747445
0.086,27,205939248,2.0238893032073975,0.0,0.0,4.446341220289469,8.127438995870762
0.086,28,571904914,1.977055549621582,0.0,0.0,4.5284784799441695,7.616868999321014
0.086,29,948843457,2.011775255203247,0.0,0.0,4.419244193704799,7.693588006077334
0.086,30,155492488,2.1143076419830322,0.0,0.0,4.244551663519815,7.338286988670006
0.086,31,1903701130,2.017402410507202,0.0,0.0,4.444826384773478,7.599764998303726
0.086,32,1017961266,2.116581916809082,0.0,0.0,4.210683517390862,7.5600799900712445
0.086,33,1497769985,2.0084097385406494,0.0,0.0,4.411270476179197,7.762270994135179
0.086,34,456523489,2.065434455871582,0.0,0.0,4.320680090459064,8.018597000045702
0.086,35,701095136,2.045515775680542,0.0,0.0,4.299469616729766,7.914280009572394
0.086,36,249069576,2.0952932834625244,0.0,0.0,4.219101069495082,7.700390997342765
0.086,37,1576098728,2.1052446365356445,0.0,0.0,4.279832307016477,8.21099900349509
0.086,38,1662748500,2.1076500415802,0.0,0.0,4.29020131775178,8.532469000783749
0.086,39,472736216,2.0772287845611572,0.0,0.0,4.260730622103438,7.438850996550173
0.086,40,1535411295,2.0351555347442627,0.0,0.0,4.345694663003087,7.758941996144131
0.086,41,175223003,2.0527524948120117,0.0,0.0,4.374283476034179,7.431853999150917
0.086,42,840936862,2.0583999156951904,0.0,0.0,4.292128276312724,7.459860993549228
0.086,43,343373188,2.0363001823425293,0.0,0.0,4.297028024913743,7.963359996210784
0.086,44,1597751082,2.1151351928710938,0.0,0.0,4.277879333822057,7.753908008453436
0.086,45,730359585,2.0917091369628906,0.0,0.0,4.285198171855882,8.111018003546633
0.086,46,1016641002,2.1050212383270264,0.0,0.0,4.210008288733661,7.939736009575427
0.086,47,998994690,2.0440304279327393,0.0,0.0,4.315977811347693,7.5567330059129745
0.086,48,1021240743,2.0693719387054443,0.0,0.0,4.310307961190119,7.502300999476574
0.086,49,572134801,2.076314687728882,0.0,0.0,4.239162206882611,7.007017993601039
0.086,50,1198399760,2.075246572494507,0.0,0.0,4.282961722929031,7.705118987360038
0.086,51,1751866485,2.092531681060791,0.0,0.0,4.317574227927253,7.566424988908693
0.086,52,1070889713,2.1287267208099365,0.0,0.0,4.240303700789809,8.008847988094203
0.086,53,415096539,1.9767189025878906,0.0,0.0,4.440118568716571,7.77461999678053
0.086,54,52416235,2.1755998134613037,0.0,0.0,4.182308308081701,18.829683991498314
0.086,55,278032723,1.993112325668335,0.0,0.0,4.352505328832194,13.349807006306946
0.086,56,174946158,2.0598697662353516,0.0,0.0,4.342010389082134,7.674374995986
0.086,57,196848554,2.055323362350464,0.0,0.0,4.35752690769732,7.946161000290886
0.086,58,263030910,1.9771255254745483,0.0,0.0,4.414690120378509,7.3807260050671175
0.086,59,1285415020,1.9922704696655273,0.0,0.0,4.3971701364498585,7.740139000816271
0.086,60,1733223444,2.05051589012146,0.0,0.0,4.327891618479043,8.07139600510709
0.086,61,1835544261,1.9973913431167603,0.0,0.0,4.401379011571407,8.335613994859159
0.086,62,1403186970,1.9767979383468628,0.0,0.0,4.352262077387422,7.518882004660554
0.086,63,1291971777,2.0279173851013184,0.0,0.0,4.298640765249729,7.746611998300068
0.086,64,712292067,2.023630142211914,0.0,0.0,4.401498709572479,7.794431992806494
0.086,65,2001429764,2.0379388332366943,0.0,0.0,4.387199064483866,7.97115899331402
0.086,66,1375664061,2.0372564792633057,0.0,0.0,4.3220644113607705,7.424695009831339
0.086,67,1556456120,2.100461959838867,0.0,0.0,4.339977654628456,7.745398994302377
0.086,68,1576053187,2.1475162506103516,0.0,0.0,4.159556319238618,7.312945002922788
0.086,69,1848019881,2.1116385459899902,0.0,0.0,4.280211449833587,7.87586800288409
0.086,70,1508652585,2.054184675216675,0.0,0.0,4.3477089705411345,7.943792006699368
0.086,71,1995737731,2.0038657188415527,0.0,0.0,4.354589894879609,8.50915200135205
0.086,72,1162788447,2.0159764289855957,0.0,0.0,4.394775390159339,8.272534993011504
0.086,73,1172925522,2.0938119888305664,0.0,0.0,4.201436715433374,7.648549013538286
0.086,74,539174575,2.091657876968384,0.0,0.0,4.330773298395798,7.9357159993378446
0.086,75,2013637345,1.9640686511993408,0.0,0.0,4.385243710130453,7.288672000868246
0.086,76,1187468716,2.077822208404541,0.0,0.0,4.217837104108185,8.046386006753892
0.086,77,1062978506,2.061994791030884,0.0,0.0,4.329706019023433,7.636638008989394
0.086,78,679326770,2.04426908493042,0.0,0.0,4.328420639270917,7.6393079943954945
0.086,79,587923432,2.061553955078125,0.0,0.0,4.416878659743816,8.310592005727813
0.086,80,1359889667,2.0429000854492188,0.0,0.0,4.296445387182757,7.717783999396488
0.086,81,970187386,2.0233256816864014,0.0,0.0,4.314569541020319,8.278217996121384
0.086,82,1219839873,2.0073702335357666,0.0,0.0,4.414961755042896,7.625104990438558
0.086,83,1428160212,2.048816204071045,0.0,0.0,4.377923678141087,7.500687992433086
0.086,84,1930609499,2.0822548866271973,0.0,0.0,4.229048828128725,7.581079000374302
0.086,85,710582861,2.1104519367218018,0.0,0.0,4.280345126055181,7.59315601317212
0.086,86,1463614337,2.062609910964966,0.0,0.0,4.325026697246358,7.775503006996587
0.086,87,1940152705,2.131296157836914,0.0,0.0,4.223163471790031,7.535622004070319
0.086,88,985452196,2.0814120769500732,0.0,0.0,4.250703053781763,7.45546400139574
0.086,89,552062587,2.1492648124694824,0.0,0.0,4.199199175229296,7.661247000214644
0.086,90,623566272,2.0465147495269775,0.0,0.0,4.285255579510704,7.49049500154797
0.086,91,729775797,2.015174150466919,0.0,0.0,4.448987528448924,7.494756006053649
0.086,92,1352536665,2.0518462657928467,0.0,0.0,4.356472023297101,7.889216998592019
0.086,93,555883440,2.0514495372772217,0.0,0.0,4.295617087511346,7.3124780028592795
0.086,94,1801800003,2.123182773590088,0.0,0.0,4.226338385604322,7.643339005880989
0.086,95,763315502,2.0641286373138428,0.0,0.0,4.37571642966941,7.80507099989336
0.086,96,138897982,2.0320918560028076,0.0,0.0,4.296298189321533,7.312546003959142
0.086,97,10785379,2.0570602416992188,0.0,0.0,4.364107249071822,7.669676997466013
0.086,98,53923185,2.0446643829345703,0.0,0.0,4.325175870675594,8.097925005131401
0.086,99,1349917978,2.062878370285034,0.0,0.0,4.365539331920445,7.73449100961443
0.087,0,1501552845,2.0783181190490723,0.0,0.0,4.254006130155176,7.505626999773085
0.087,1,488200390,2.1084649562835693,0.0,0.0,4.257103366777301,7.710388003033586
0.087,2,1693606510,1.9593385457992554,0.0,0.0,4.462230993900448,7.680619994061999
0.087,3,680233354,2.0976431369781494,0.0,0.0,4.251912728650495,8.526992998667993
0.087,4,438466540,2.064148187637329,0.0,0.0,4.362333231372759,7.60665099369362
0.087,5,1712329280,2.033271551132202,0.0,0.0,4.332407881971449,7.49526200524997
0.087,6,1380152455,2.070465326309204,0.0,0.0,4.279205215163529,7.97075500304345
0.087,7,1452245846,2.0691776275634766,0.0,0.0,4.33421255950816,8.146610998664983
0.087,8,2122694021,2.043347120285034,0.0,0.0,4.419493520399556,7.726531010121107
0.087,9,839901363,2.009948253631592,0.0,0.0,4.352988041006029,7.484908986953087
0.087,10,1802651552,2.01946759223938,0.0,0.0,4.35371263907291,7.78534499113448
0.087,11,714712467,2.0282247066497803,0.0,0.0,4.294273953419179,7.84414800000377
0.087,12,1218704077,2.066786050796509,0.0,0.0,4.395414950558916,7.653153996216133
0.087,13,1284858263,1.9627649784088135,0.0,0.0,4.440966252004728,7.8822259965818375
0.087,14,457721135,2.008392572402954,0.0,0.0,4.344698049128056,7.2225379990413785
0.087,15,401008609,2.042147636413574,0.0,0.0,4.332390635274351,7.711414000368677
0.087,16,492064534,2.0597541332244873,0.0,0.0,4.343322146916762,7.927642000140622
0.087,17,1444732602,2.122871160507202,0.0,0.0,4.286808968754485,7.462851004675031
0.087,18,1317426686,2.060734510421753,0.0,0.0,4.279224164085463,7.463778005330823
0.087,19,2022506251,2.0652594566345215,0.0,0.0,4.36987488809973,8.043357986025512
0.087,20,1516459118,2.1316142082214355,0.0,0.0,4.254405612824485,8.23915698856581
0.087,21,533103612,2.049842119216919,0.0,0.0,4.317196283722296,7.729952005320229
0.087,22,1964759878,2.0876004695892334,0.0,0.0,4.341688942862675,7.522654006606899
0.087,23,2037706756,2.0121681690216064,0.0,0.0,4.431411683326587,7.764339999994263
0.087,24,1572889065,2.005821466445923,0.0,0.0,4.354257900733501,7.689167003263719
0.087,25,1432881518,2.10766339302063,0.0,0.0,4.220944522880018,7.594214010168798
0.087,26,280516901,2.090991497039795,0.0,0.0,4.253000018885359,7.594777998747304
0.087,27,205939248,2.0271854400634766,0.0,0.0,4.418498641811311,7.856470008846372
0.087,28,571904914,1.980157732963562,0.0,0.0,4.529939658008516,7.567647990072146
0.087,29,948843457,2.0134994983673096,0.0,0.0,4.422550051938742,7.652742002392188
0.087,30,155492488,2.119882822036743,0.0,0.0,4.238150743069127,8.0327670002589
0.087,31,1903701130,2.0224623680114746,0.0,0.0,4.451161328470334,12.165849009761587
0.087,32,1017961266,2.123548746109009,0.0,0.0,4.203333974815905,7.990197002072819
0.087,33,1497769985,2.0137007236480713,0.0,0.0,4.414775345241651,7.9276220058090985
0.087,34,456523489,2.0736806392669678,0.0,0.0,4.31491834926419,7.775107995257713
0.087,35,701095136,2.0470683574676514,0.0,0.0,4.303552082972601,7.842153005185537
0.087,36,249069576,2.1022887229919434,0.0,0.0,4.21914387261495,7.768422001390718
0.087,37,1576098728,2.1143763065338135,0.0,0.0,4.286078793928027,7.622988006914966
0.087,38,1662748500,2.109412908554077,0.0,0.0,4.293713832972571,7.649102000868879
0.087,39,472736216,2.079132318496704,0.0,0.0,4.264670577831566,7.749772994429804
0.087,40,1535411295,2.0411059856414795,0.0,0.0,4.34848588751629,7.544332998804748
0.087,41,175223003,2.0577526092529297,0.0,0.0,4.3772379325237125,7.380848997854628
0.087,42,840936862,2.0575459003448486,0.0,0.0,4.296290564350784,7.8158039978006855
0.087,43,343373188,2.0392038822174072,0.0,0.0,4.301923505729064,7.740179993561469
0.087,44,1597751082,2.120816230773926,0.0,0.0,4.279367509065196,7.943472999613732
0.087,45,730359585,2.092473268508911,0.0,0.0,4.296530686318874,8.296850995975547
0.087,46,1016641002,2.1134862899780273,0.0,0.0,4.197688294341788,7.791801996063441
0.087,47,998994690,2.053072690963745,0.0,0.0,4.319338453002274,7.444218004820868
0.087,48,1021240743,2.072688579559326,0.0,0.0,4.315637776162475,15.17580499057658
0.087,49,572134801,2.080751419067383,0.0,0.0,4.226467492990196,7.206088994280435
0.087,50,1198399760,2.0831239223480225,0.0,0.0,4.281539817340672,7.573241004138254
0.087,51,1751866485,2.100379467010498,0.0,0.0,4.305438600247726,7.559336998383515
0.087,52,1070889713,2.1465675830841064,0.0,0.0,4.21731446380727,8.13801700132899
0.087,53,415096539,1.973078966140747,0.0,0.0,4.487392037408426,7.3715909966267645
0.087,54,52416235,2.1841235160827637,0.0,0.0,4.187554287258536,7.459693995770067
0.087,55,278032723,1.9963802099227905,0.0,0.0,4.354768785182387,8.239184011472389
0.087,56,174946158,2.064960479736328,0.0,0.0,4.344533589668572,7.724762996076606
0.087,57,196848554,2.062324285507202,0.0,0.0,4.325363519135863,8.142455000779592
0.087,58,263030910,1.9839398860931396,0.0,0.0,4.41444106050767,7.777124003041536
0.087,59,1285415020,1.996350884437561,0.0,0.0,4.389909826684743,7.9740829969523475
0.087,60,1733223444,2.0552597045898438,0.0,0.0,4.332083143061027,8.99557200318668
0.087,61,1835544261,1.983934760093689,0.0,0.0,4.378047496080399,8.233487998950295
0.087,62,1403186970,1.9964743852615356,0.0,0.0,4.331850483780727,8.028520009247586
0.087,63,1291971777,2.0529727935791016,0.0,0.0,4.285751216579229,7.601543999044225
0.087,64,712292067,2.029053211212158,0.0,0.0,4.39582838350907,7.680017995880917
0.087,65,2001429764,2.041877269744873,0.0,0.0,4.395391940372065,7.603492005728185
0.087,66,1375664061,2.0550789833068848,0.0,0.0,4.317454020027071,8.154837996698916
0.087,67,1556456120,2.105219841003418,0.0,0.0,4.34622438531369,8.137394994264469
0.087,68,1576053187,2.1531100273132324,0.0,0.0,4.162182308733463,7.441482011927292
0.087,69,1848019881,2.114623546600342,0.0,0.0,4.2841546959243715,7.908209998277016
0.087,70,1508652585,2.0585684776306152,0.0,0.0,4.352218847954646,7.684505995712243
0.087,71,1995737731,2.0088679790496826,0.0,0.0,4.356452838284895,8.27021298755426
0.087,72,1162788447,2.02087140083313,0.0,0.0,4.397359957685694,7.595565999508835
0.087,73,1172925522,2.095804452896118,0.0,0.0,4.204243666725233,7.622028002515435
0.087,74,539174575,2.0956826210021973,0.0,0.0,4.335790626006201,7.825328997569159
0.087,75,2013637345,1.974992036819458,0.0,0.0,4.376569878542796,7.829186986782588
0.087,76,1187468716,2.073287010192871,0.0,0.0,4.222047884017229,7.905386009952053
0.087,77,1062978506,2.0596237182617188,0.0,0.0,4.335889889858663,7.396360000711866
0.087,78,679326770,2.052058458328247,0.0,0.0,4.332647477975115,7.577326992759481
0.087,79,587923432,2.071256160736084,0.0,0.0,4.421578943962231,7.751647004624829
0.087,80,1359889667,2.048084259033203,0.0,0.0,4.299930712906644,7.586935986182652
0.087,81,970187386,2.0327956676483154,0.0,0.0,4.328340072883293,7.6152099936734885
0.087,82,1219839873,2.006601095199585,0.0,0.0,4.416082100244239,7.7357160043902695
0.087,83,1428160212,2.0516412258148193,0.0,0.0,4.378259080462158,7.5499550002859905
0.087,84,1930609499,2.084885835647583,0.0,0.0,4.2310484640765935,7.572062997496687
0.087,85,710582861,2.117039442062378,0.0,0.0,4.260630768490955,7.461647997843102
0.087,86,1463614337,2.065782070159912,0.0,0.0,4.33492836705409,7.741338005871512
0.087,87,1940152705,2.131655216217041,0.0,0.0,4.224894723156467,7.5743920024251565
0.087,88,985452196,2.085184335708618,0.0,0.0,4.255360777489841,7.628425999428146
0.087,89,552062587,2.152188777923584,0.0,0.0,4.202567585743964,7.744945993181318
0.087,90,623566272,2.046947717666626,0.0,0.0,4.288658512989059,9.330339991720393
0.087,91,729775797,2.020688533782959,0.0,0.0,4.453851707512513,7.576321004307829
0.087,92,1352536665,2.0567471981048584,0.0,0.0,4.3641005996614695,7.527268986450508
0.087,93,555883440,2.0573067665100098,0.0,0.0,4.301720401737839,7.379401009529829
0.087,94,1801800003,2.124807834625244,0.0,0.0,4.2144390982575715,7.7674729982391
0.087,95,763315502,2.072460412979126,0.0,0.0,4.379001661902294,7.3821080004563555
0.087,96,138897982,2.0394957065582275,0.0,0.0,4.2814422734081745,7.060870004352182
0.087,97,10785379,2.0626132488250732,0.0,0.0,4.365173866506666,8.196720998967066
0.087,98,53923185,2.051596164703369,0.0,0.0,4.314103288576007,7.787543989252299
0.087,99,1349917978,2.069889545440674,0.0,0.0,4.360631905961782,7.649140010471456
0.088,0,1501552845,2.084979295730591,0.0,0.0,4.255954238818958,7.878037999034859
0.088,1,488200390,2.1134536266326904,0.0,0.0,4.262118067592382,7.8392499999608845
0.088,2,1693606510,1.962417483329773,0.0,0.0,4.458755928557366,8.09533300343901
0.088,3,680233354,2.1035585403442383,0.0,0.0,4.245540218660608,7.729635995929129
0.088,4,438466540,2.0762362480163574,0.0,0.0,4.32111591543071,7.663058000616729
0.088,5,1712329280,2.0358617305755615,0.0,0.0,4.318769151344895,7.84634800220374
0.088,6,1380152455,2.0763838291168213,0.0,0.0,4.247629760298878,7.63405799807515
0.088,7,1452245846,2.0832972526550293,0.0,0.0,4.2750879062805325,7.943491989863105
0.088,8,2122694021,2.047647476196289,0.0,0.0,4.425846736412495,7.641453004907817
0.088,9,839901363,2.02280330657959,0.0,0.0,4.3544296799227595,7.919194002170116
0.088,10,1802651552,2.025207281112671,0.0,0.0,4.340542618418112,7.9794850025791675
0.088,11,714712467,2.030590772628784,0.0,0.0,4.297808876959607,7.4240309913875535
0.088,12,1218704077,2.078624725341797,0.0,0.0,4.337116138776764,7.917397990240715
0.088,13,1284858263,1.9655734300613403,0.0,0.0,4.436782188946381,7.563222010503523
0.088,14,457721135,2.017228603363037,0.0,0.0,4.3506654689554125,8.547179008019157
0.088,15,401008609,2.0511224269866943,0.0,0.0,4.3146142705809325,7.718210996245034
0.088,16,492064534,2.065427541732788,0.0,0.0,4.342824000865221,7.448518008459359
0.088,17,1444732602,2.126631021499634,0.0,0.0,4.2772518852725625,8.145667001372203
0.088,18,1317426686,2.066525936126709,0.0,0.0,4.283588908147067,7.714981999015436
0.088,19,2022506251,2.0722227096557617,0.0,0.0,4.371136523084715,7.709960002102889
0.088,20,1516459118,2.1335434913635254,0.0,0.0,4.232353755738586,7.878215998061933
0.088,21,533103612,2.059657573699951,0.0,0.0,4.3218228744808584,7.638502996996976
0.088,22,1964759878,2.0925679206848145,0.0,0.0,4.344994227634743,7.8657269914401695
0.088,23,2037706756,2.0308265686035156,0.0,0.0,4.384020762750879,8.200623997254297
0.088,24,1572889065,2.0126943588256836,0.0,0.0,4.361097490414977,7.518446000176482
0.088,25,1432881518,2.115783214569092,0.0,0.0,4.211249676067382,7.990876008989289
0.088,26,280516901,2.0978922843933105,0.0,0.0,4.251697772182524,7.745913011603989
0.088,27,205939248,2.0301082134246826,0.0,0.0,4.422524747205898,7.399819995043799
0.088,28,571904914,1.9826207160949707,0.0,0.0,4.535145461326465,7.6623269997071475
0.088,29,948843457,2.0148093700408936,0.0,0.0,4.4238885475788265,7.464902999345213
0.088,30,155492488,2.125173568725586,0.0,0.0,4.214472417952493,7.712692997301929
0.088,31,1903701130,2.027219533920288,0.0,0.0,4.428618446458131,7.6360260136425495
0.088,32,1017961266,2.1268463134765625,0.0,0.0,4.194755647098646,7.195186990429647
0.088,33,1497769985,2.0138912200927734,0.0,0.0,4.419149156892672,7.825245993444696
0.088,34,456523489,2.07468581199646,0.0,0.0,4.287161480169743,8.222953998483717
0.088,35,701095136,2.0512490272521973,0.0,0.0,4.304311193525791,7.541102997492999
0.088,36,249069576,2.1108574867248535,0.0,0.0,4.223368015140295,7.170743003371172
0.088,37,1576098728,2.122988700866699,0.0,0.0,4.2551184957847,7.401708993711509
0.088,38,1662748500,2.1094436645507812,0.0,0.0,4.279735243879259,7.796725010848604
0.088,39,472736216,2.081181764602661,0.0,0.0,4.271334555000067,7.844338004360907
0.088,40,1535411295,2.0453929901123047,0.0,0.0,4.352229319512844,7.296183001017198
0.088,41,175223003,2.036219358444214,0.0,0.0,4.415281356545165,7.459335000021383
0.088,42,840936862,2.0716609954833984,0.0,0.0,4.300439543323591,7.555235002655536
0.088,43,343373188,2.035029172897339,0.0,0.0,4.32951377145946,8.753525005886331
0.088,44,1597751082,2.1161985397338867,0.0,0.0,4.285155578050762,7.611945999087766
0.088,45,730359585,2.1023406982421875,0.0,0.0,4.287279616808519,7.637292001163587
0.088,46,1016641002,2.1180763244628906,0.0,0.0,4.202433260390535,7.69537100859452
0.088,47,998994690,2.0628678798675537,0.0,0.0,4.324263467686251,7.489219002309255
0.088,48,1021240743,2.076876401901245,0.0,0.0,4.270971540361643,7.975936998263933
0.088,49,572134801,2.079322576522827,0.0,0.0,4.22776073217392,7.379385991953313
0.088,50,1198399760,2.0889365673065186,0.0,0.0,4.274267783621326,8.039866006583907
0.088,51,1751866485,2.1052515506744385,0.0,0.0,4.2969524203799665,8.073984005022794
0.088,52,1070889713,2.158257007598877,0.0,0.0,4.207968042232096,9.769192998646758
0.088,53,415096539,1.9740577936172485,0.0,0.0,4.491744028870016,7.874489005189389
0.088,54,52416235,2.1883881092071533,0.0,0.0,4.192834510700777,7.396500994218513
0.088,55,278032723,1.99950110912323,0.0,0.0,4.358592965872958,7.347029997617938
0.088,56,174946158,2.06872820854187,0.0,0.0,4.342712076380849,8.057736995397136
0.088,57,196848554,2.063504695892334,0.0,0.0,4.3282460670452565,7.8136359952623025
0.088,58,263030910,1.9890202283859253,0.0,0.0,4.4159770822152495,7.722636990365572
0.088,59,1285415020,1.9996342658996582,0.0,0.0,4.387526295380667,7.927440005005337
0.088,60,1733223444,2.0551364421844482,0.0,0.0,4.336273822467774,7.557435994385742
0.088,61,1835544261,1.9880720376968384,0.0,0.0,4.380803005071357,7.881174009526148
0.088,62,1403186970,2.0439560413360596,0.0,0.0,4.293505278415978,7.413862011162564
0.088,63,1291971777,2.0586185455322266,0.0,0.0,4.287049451842904,7.757269995636307
0.088,64,712292067,2.0026614665985107,0.0,0.0,4.422166792675853,7.834250995074399
0.088,65,2001429764,2.053283214569092,0.0,0.0,4.356986807892099,8.125335996737704
0.088,66,1375664061,2.0501034259796143,0.0,0.0,4.3301293780095875,8.227636993979104
0.088,67,1556456120,2.1102607250213623,0.0,0.0,4.332697847159579,7.591650006361306
0.088,68,1576053187,2.1599435806274414,0.0,0.0,4.166206824360415,7.2925630083773285
0.088,69,1848019881,2.1213574409484863,0.0,0.0,4.2877385162282735,8.132589995511808
0.088,70,1508652585,2.0637948513031006,0.0,0.0,4.354534781305119,7.869848996051587
0.088,71,1995737731,2.010458469390869,0.0,0.0,4.345544578507543,7.5628280028468
0.088,72,1162788447,2.0342864990234375,0.0,0.0,4.3851735887583345,7.530399001552723
0.088,73,1172925522,2.0987229347229004,0.0,0.0,4.2076380494982,7.3505320033291355
0.088,74,539174575,2.0975561141967773,0.0,0.0,4.339363393140957,7.86295099533163
0.088,75,2013637345,1.9865951538085938,0.0,0.0,4.372057411819696,7.707212003879249
0.088,76,1187468716,2.067364454269409,0.0,0.0,4.266195879783481,7.639328992809169
0.088,77,1062978506,2.0693445205688477,0.0,0.0,4.348162030568346,7.971921004354954
0.088,78,679326770,2.0545480251312256,0.0,0.0,4.3346562318038195,8.01802500791382
0.088,79,587923432,2.0791385173797607,0.0,0.0,4.3834793760906905,7.553211995400488
0.088,80,1359889667,2.0520029067993164,0.0,0.0,4.3032266004011035,7.565020001493394
0.088,81,970187386,2.040532112121582,0.0,0.0,4.290929330512881,7.816551995347254
0.088,82,1219839873,2.014415740966797,0.0,0.0,4.422069640830159,7.474244994227774
0.088,83,1428160212,2.055399179458618,0.0,0.0,4.383337299106643,7.520633997046389
0.088,84,1930609499,2.095005989074707,0.0,0.0,4.222919918131083,7.570031986688264
0.088,85,710582861,2.122572422027588,0.0,0.0,4.2414284471888095,7.858764001866803
0.088,86,1463614337,2.067577362060547,0.0,0.0,4.335709432605654,7.712912003626116
0.088,87,1940152705,2.1346800327301025,0.0,0.0,4.224313647020608,7.511970994528383
0.088,88,985452196,2.0893638134002686,0.0,0.0,4.261331889312714,8.025952003663406
0.088,89,552062587,2.1537911891937256,0.0,0.0,4.19416754716076,7.5518950034165755
0.088,90,623566272,2.0567615032196045,0.0,0.0,4.290352137759328,7.922780991066247
0.088,91,729775797,2.0285353660583496,0.0,0.0,4.439342716708779,8.180878998246044
0.088,92,1352536665,2.058725357055664,0.0,0.0,4.368948070099577,8.045062000746839
0.088,93,555883440,2.068859100341797,0.0,0.0,4.289324967889115,7.706981006776914
0.088,94,1801800003,2.128770589828491,0.0,0.0,4.217334640678018,8.149564993800595
0.088,95,763315502,2.0721373558044434,0.0,0.0,4.37855272879824,7.651534004253335
0.088,96,138897982,2.0402603149414062,0.0,0.0,4.282783720409498,12.142578008933924
0.088,97,10785379,2.075038194656372,0.0,0.0,4.305691813118756,8.082678003120236
0.088,98,53923185,2.054703712463379,0.0,0.0,4.315342696150765,7.466442999430001
0.088,99,1349917978,2.0789787769317627,0.0,0.0,4.319648337783292,7.451022989698686
0.089,0,1501552845,2.094573974609375,0.0,0.0,4.260878731496632,8.08344199322164
0.089,1,488200390,2.1208865642547607,0.0,0.0,4.253070382634178,7.453508005710319
0.089,2,1693606510,1.9319126605987549,0.0,0.0,4.519429594743997,7.63208900752943
0.089,3,680233354,2.11044979095459,0.0,0.0,4.250502395676449,7.424802999594249
0.089,4,438466540,2.0845706462860107,0.0,0.0,4.317993247881532,7.805771005223505
0.089,5,1712329280,2.0387072563171387,0.0,0.0,4.31910093780607,7.824012005585246
0.089,6,1380152455,2.082174777984619,0.0,0.0,4.241311031160876,7.7688009914709255
0.089,7,1452245846,2.0867183208465576,0.0,0.0,4.279472484020516,7.60225800331682
0.089,8,2122694021,2.052213668823242,0.0,0.0,4.385344768641517,7.9690790007589385
0.089,9,839901363,2.030449151992798,0.0,0.0,4.3370697477366775,7.468812007573433
0.089,10,1802651552,2.0290491580963135,0.0,0.0,4.333460647147149,7.690418002312072
0.089,11,714712467,2.0204625129699707,0.0,0.0,4.321092389756814,8.086526009719819
0.089,12,1218704077,2.0858864784240723,0.0,0.0,4.341017352882773,7.591198998852633
0.089,13,1284858263,1.968446135520935,0.0,0.0,4.449367541121319,7.823664986062795
0.089,14,457721135,2.022641897201538,0.0,0.0,4.341876453254372,7.799975006491877
0.089,15,401008609,2.053429126739502,0.0,0.0,4.317670666845515,7.909392996225506
0.089,16,492064534,2.071422815322876,0.0,0.0,4.347517484333366,8.08491998759564
0.089,17,1444732602,2.1317505836486816,0.0,0.0,4.2787128107156605,7.762314999126829
0.089,18,1317426686,2.0730433464050293,0.0,0.0,4.277153806993738,7.834118005121127
0.089,19,2022506251,2.080425977706909,0.0,0.0,4.331366283586249,8.08914500521496
0.089,20,1516459118,2.1271159648895264,0.0,0.0,4.241923025343567,8.165714010829106
0.089,21,533103612,2.0657105445861816,0.0,0.0,4.315658437088132,7.9630160034867
0.089,22,1964759878,2.0962371826171875,0.0,0.0,4.338437636150047,7.893407993833534
0.089,23,2037706756,2.0395004749298096,0.0,0.0,4.386918803676963,7.876371004385874
0.089,24,1572889065,2.0215601921081543,0.0,0.0,4.36532206973061,7.967038007336669
0.089,25,1432881518,2.1144700050354004,0.0,0.0,4.213517067953944,7.686926997848786
0.089,26,280516901,2.107419013977051,0.0,0.0,4.253426886629313,7.544231004430912
0.089,27,205939248,2.0368218421936035,0.0,0.0,4.423218996729702,7.989710007677786
0.089,28,571904914,1.985127568244934,0.0,0.0,4.510255586821586,7.807171001331881
0.089,29,948843457,2.0175657272338867,0.0,0.0,4.413615077268332,7.74450899916701
0.089,30,155492488,2.1210761070251465,0.0,0.0,4.241104479879141,7.711528000072576
0.089,31,1903701130,2.023677110671997,0.0,0.0,4.44130008132197,7.661608004127629
0.089,32,1017961266,2.1302378177642822,0.0,0.0,4.196286249672994,7.373795990133658
0.089,33,1497769985,2.0312631130218506,0.0,0.0,4.414653789252043,7.578376011224464
0.089,34,456523489,2.08382511138916,0.0,0.0,4.274705912917852,7.671863000723533
0.089,35,701095136,2.0544424057006836,0.0,0.0,4.307524408912286,8.066891008638777
0.089,36,249069576,2.1176810264587402,0.0,0.0,4.219713640399277,7.8748779924353585
0.089,37,1576098728,2.1290225982666016,0.0,0.0,4.2507860898040235,7.920428004581481
0.089,38,1662748500,2.1102919578552246,0.0,0.0,4.283788715489209,7.688915997277945
0.089,39,472736216,2.0825908184051514,0.0,0.0,4.274127106182277,9.962295996956527
0.089,40,1535411295,2.050389528274536,0.0,0.0,4.345129243563861,7.641741001862101
0.089,41,175223003,2.0392322540283203,0.0,0.0,4.389010124374181,7.938711001770571
0.089,42,840936862,2.0810210704803467,0.0,0.0,4.255488253198564,7.572032991447486
0.089,43,343373188,2.040224075317383,0.0,0.0,4.334814625559375,7.52100300451275
0.089,44,1597751082,2.119019031524658,0.0,0.0,4.302055494161323,7.313149006222375
0.089,45,730359585,2.111804723739624,0.0,0.0,4.271993611939251,7.6909299968974665
0.089,46,1016641002,2.121112108230591,0.0,0.0,4.205109246075153,7.741690002148971
0.089,47,998994690,2.0698065757751465,0.0,0.0,4.303810445358977,7.751226992695592
0.089,48,1021240743,2.0876853466033936,0.0,0.0,4.26830054842867,7.673113999771886
0.089,49,572134801,2.0783095359802246,0.0,0.0,4.234070647275075,7.508524999138899
0.089,50,1198399760,2.0931410789489746,0.0,0.0,4.2780884394887835,7.6774210028816015
0.089,51,1751866485,2.1109507083892822,0.0,0.0,4.300040571717545,7.631148007931188
0.089,52,1070889713,2.1622910499572754,0.0,0.0,4.212400580057874,7.7437260042643175
0.089,53,415096539,1.97346031665802,0.0,0.0,4.495235544629395,8.231294006691314
0.089,54,52416235,2.195075035095215,0.0,0.0,4.198229912668467,7.171545992605388
0.089,55,278032723,2.0077338218688965,0.0,0.0,4.333475551335141,7.570772009785287
0.089,56,174946158,2.076507806777954,0.0,0.0,4.309791966807097,8.407887013163418
0.089,57,196848554,2.068377733230591,0.0,0.0,4.329143420094624,7.435081002768129
0.089,58,263030910,1.9987293481826782,0.0,0.0,4.402103992877528,7.859445991925895
0.089,59,1285415020,2.002119541168213,0.0,0.0,4.391281974269077,7.646250000107102
0.089,60,1733223444,2.0577452182769775,0.0,0.0,4.338452121941373,7.529445996624418
0.089,61,1835544261,1.9992128610610962,0.0,0.0,4.388605765067041,7.705980009632185
0.089,62,1403186970,2.004312515258789,0.0,0.0,4.340636025648564,8.10494199686218
0.089,63,1291971777,2.0593550205230713,0.0,0.0,4.284493984421715,7.740828994428739
0.089,64,712292067,2.001697063446045,0.0,0.0,4.430456134257838,7.79858700116165
0.089,65,2001429764,2.0598692893981934,0.0,0.0,4.3628140420187265,7.792753996909596
0.089,66,1375664061,2.059659004211426,0.0,0.0,4.323765650391579,7.363736993283965
0.089,67,1556456120,2.132312536239624,0.0,0.0,4.3117468978744,7.739275999483652
0.089,68,1576053187,2.1663241386413574,0.0,0.0,4.172202712856233,22.70585899532307
0.089,69,1848019881,2.133655548095703,0.0,0.0,4.265674017369747,8.150665002176538
0.089,70,1508652585,2.0696215629577637,0.0,0.0,4.356492799939588,8.207898994442075
0.089,71,1995737731,2.0136287212371826,0.0,0.0,4.352355266455561,7.246075008879416
0.089,72,1162788447,2.0407793521881104,0.0,0.0,4.388178037246689,7.806305991834961
0.089,73,1172925522,2.0857744216918945,0.0,0.0,4.2118284532334656,7.75141800113488
0.089,74,539174575,2.0983757972717285,0.0,0.0,4.342768513131887,7.62235900037922
0.089,75,2013637345,1.9801573753356934,0.0,0.0,4.35987160843797,8.136160002322868
0.089,76,1187468716,2.094759225845337,0.0,0.0,4.235570908756927,7.349863997660577
0.089,77,1062978506,2.072507619857788,0.0,0.0,4.310744036221877,7.541222003055736
0.089,78,679326770,2.0579211711883545,0.0,0.0,4.336803765734658,7.502224005293101
0.089,79,587923432,2.0945169925689697,0.0,0.0,4.363922197138891,7.759774001897313
0.089,80,1359889667,2.0610570907592773,0.0,0.0,4.299130190862343,7.739103995845653
0.089,81,970187386,2.0467257499694824,0.0,0.0,4.293955400120467,7.589714005007409
0.089,82,1219839873,2.019998788833618,0.0,0.0,4.410486202919856,8.1179959961446
0.089,83,1428160212,2.0417933464050293,0.0,0.0,4.392799203284085,7.8640650026500225
0.089,84,1930609499,2.100241184234619,0.0,0.0,4.230545152211562,7.513625008868985
0.089,85,710582861,2.127135753631592,0.0,0.0,4.244656078517437,7.862601007218473
0.089,86,1463614337,2.063507556915283,0.0,0.0,4.3356228733900934,7.345044999965467
0.089,87,1940152705,2.137479543685913,0.0,0.0,4.227291986346245,7.694421001360752
0.089,88,985452196,2.0946526527404785,0.0,0.0,4.265049630543217,7.904926998890005
0.089,89,552062587,2.1582443714141846,0.0,0.0,4.190304336836562,7.653967011719942
0.089,90,623566272,2.0697481632232666,0.0,0.0,4.290345827350393,7.74965800519567
0.089,91,729775797,2.031372547149658,0.0,0.0,4.442957218037918,7.556532000307925
0.089,92,1352536665,2.0659735202789307,0.0,0.0,4.367909602122381,7.846028995118104
0.089,93,555883440,2.0801806449890137,0.0,0.0,4.251485862536356,7.349972001975402
0.089,94,1801800003,2.1325247287750244,0.0,0.0,4.21594275906682,7.6820600079372525
0.089,95,763315502,2.0828957557678223,0.0,0.0,4.341931518400088,8.064074005233124
0.089,96,138897982,2.045422315597534,0.0,0.0,4.286380271660164,7.683999996515922
0.089,97,10785379,2.0780346393585205,0.0,0.0,4.30608106055297,7.509142000344582
0.089,98,53923185,2.067892074584961,0.0,0.0,4.321430425392464,8.422284998232499
0.089,99,1349917978,2.0876872539520264,0.0,0.0,4.320774278137833,7.700039001065306
0.09,0,1501552845,2.1096689701080322,0.0,0.0,4.241956438869238,7.787478010868654
0.09,1,488200390,2.1296708583831787,0.0,0.0,4.2444118277635425,7.719190005445853
0.09,2,1693606510,1.9606246948242188,0.0,0.0,4.522163124289364,7.4677769880509
0.09,3,680233354,2.116847276687622,0.0,0.0,4.253507551038638,7.680352005991153
0.09,4,438466540,2.0857419967651367,0.0,0.0,4.32431286550127,7.794315009959973
0.09,5,1712329280,2.0301191806793213,0.0,0.0,4.336750654038042,7.806141002220102
0.09,6,1380152455,2.0832626819610596,0.0,0.0,4.244568057125434,8.461035002255812
0.09,7,1452245846,2.090322494506836,0.0,0.0,4.279871158069,8.184723003068939
0.09,8,2122694021,2.072093963623047,0.0,0.0,4.384536633500829,7.896976996562444
0.09,9,839901363,2.038050889968872,0.0,0.0,4.340014606947079,7.738719010376371
0.09,10,1802651552,2.0353331565856934,0.0,0.0,4.341534055070952,7.583719998365268
0.09,11,714712467,2.024552583694458,0.0,0.0,4.322756813373417,7.51977099571377
0.09,12,1218704077,2.092489719390869,0.0,0.0,4.351640733890235,8.258539994130842
0.09,13,1284858263,1.9643523693084717,0.0,0.0,4.458606703206897,7.849039000575431
0.09,14,457721135,2.028404474258423,0.0,0.0,4.338637766428292,8.06843800819479
0.09,15,401008609,2.0556397438049316,0.0,0.0,4.321751218987629,8.012527003302239
0.09,16,492064534,2.0767815113067627,0.0,0.0,4.302559976233169,7.885332001023926
0.09,17,1444732602,2.1357173919677734,0.0,0.0,4.280052223009989,8.145826010149904
0.09,18,1317426686,2.0817768573760986,0.0,0.0,4.2367412054445595,7.913285997346975
0.09,19,2022506251,2.0833184719085693,0.0,0.0,4.333765039686114,7.579801997053437
0.09,20,1516459118,2.1303062438964844,0.0,0.0,4.2442033749539405,8.147106011165306
0.09,21,533103612,2.074711561203003,0.0,0.0,4.273419355275109,7.786118992953561
0.09,22,1964759878,2.099473714828491,0.0,0.0,4.3390529591124505,7.651360996533185
0.09,23,2037706756,2.043854236602783,0.0,0.0,4.3837775266729295,7.414348001475446
0.09,24,1572889065,2.0278429985046387,0.0,0.0,4.348617190029472,7.479437001165934
0.09,25,1432881518,2.1249003410339355,0.0,0.0,4.195024972548708,7.327163009904325
0.09,26,280516901,2.109733819961548,0.0,0.0,4.255908667808399,8.321426998008974
0.09,27,205939248,2.0398707389831543,0.0,0.0,4.425815653288737,7.627928993315436
0.09,28,571904914,1.9857556819915771,0.0,0.0,4.509713150328025,7.516482000937685
0.09,29,948843457,2.020888090133667,0.0,0.0,4.415748757543042,7.681363000301644
0.09,30,155492488,2.12355899810791,0.0,0.0,4.22149107279256,7.870067987823859
0.09,31,1903701130,2.0314128398895264,0.0,0.0,4.436916100792587,8.018056003493257
0.09,32,1017961266,2.1325807571411133,0.0,0.0,4.183399219997227,7.545241009211168
0.09,33,1497769985,2.0355353355407715,0.0,0.0,4.424268237547949,13.27436299470719
0.09,34,456523489,2.0813591480255127,0.0,0.0,4.290420022094622,8.072524986346252
0.09,35,701095136,2.059638261795044,0.0,0.0,4.31003377889283,8.1120520044351
0.09,36,249069576,2.1339704990386963,0.0,0.0,4.195084655191749,7.630990003235638
0.09,37,1576098728,2.136629581451416,0.0,0.0,4.2536053189542145,7.502098000259139
0.09,38,1662748500,2.1099088191986084,0.0,0.0,4.284897385165095,8.063896995736286
0.09,39,472736216,2.0854437351226807,0.0,0.0,4.276481349719688,7.7981539943721145
0.09,40,1535411295,2.0555529594421387,0.0,0.0,4.352011005394161,7.706529999268241
0.09,41,175223003,2.0278029441833496,0.0,0.0,4.426531967706978,7.69469200167805
0.09,42,840936862,2.085965394973755,0.0,0.0,4.254192306660116,7.6425059960456565
0.09,43,343373188,2.047420024871826,0.0,0.0,4.321437448030338,7.795049998094328
0.09,44,1597751082,2.120675563812256,0.0,0.0,4.291086054872721,7.899853997514583
0.09,45,730359585,2.1190786361694336,0.0,0.0,4.274494639132172,7.857106000301428
0.09,46,1016641002,2.114229202270508,0.0,0.0,4.2050378227140754,7.4325140012660995
0.09,47,998994690,2.0758421421051025,0.0,0.0,4.277370398631319,7.72743699781131
0.09,48,1021240743,2.0896990299224854,0.0,0.0,4.273201488656923,7.514860000810586
0.09,49,572134801,2.0815236568450928,0.0,0.0,4.237537680892274,7.361436990322545
0.09,50,1198399760,2.0960183143615723,0.0,0.0,4.284435348818079,8.106192995910533
0.09,51,1751866485,2.1123597621917725,0.0,0.0,4.290837669977918,7.804128996212967
0.09,52,1070889713,2.164595365524292,0.0,0.0,4.211539168376476,8.240338007453829
0.09,53,415096539,1.9764206409454346,0.0,0.0,4.443795157130808,11.861628998303786
0.09,54,52416235,2.1992275714874268,0.0,0.0,4.200351884122938,7.506270005251281
0.09,55,278032723,2.0144264698028564,0.0,0.0,4.341451022773981,7.645726989721879
0.09,56,174946158,2.083854913711548,0.0,0.0,4.305375006515533,7.568347995402291
0.09,57,196848554,2.0678701400756836,0.0,0.0,4.333468191092834,7.818259997293353
0.09,58,263030910,2.000375270843506,0.0,0.0,4.389039590023458,8.21800300036557
0.09,59,1285415020,2.0060744285583496,0.0,0.0,4.394143920158967,7.500280000385828
0.09,60,1733223444,2.064974308013916,0.0,0.0,4.3429112285375595,7.931327010737732
0.09,61,1835544261,2.011554718017578,0.0,0.0,4.370556727284566,7.534263990237378
0.09,62,1403186970,2.0189766883850098,0.0,0.0,4.346434347098693,8.388176996959373
0.09,63,1291971777,2.061234951019287,0.0,0.0,4.285330906510353,7.949898004881106
0.09,64,712292067,2.0035438537597656,0.0,0.0,4.451156355207786,7.759246000205167
0.09,65,2001429764,2.043503522872925,0.0,0.0,4.401012819958851,8.504828001605347
0.09,66,1375664061,2.075853109359741,0.0,0.0,4.269880666164681,7.5018409988842905
0.09,67,1556456120,2.134704828262329,0.0,0.0,4.30997526133433,7.90548900840804
0.09,68,1576053187,2.16656231880188,0.0,0.0,4.173330900026485,7.925151992822066
0.09,69,1848019881,2.138673782348633,0.0,0.0,4.271192251006141,7.847133005270734
0.09,70,1508652585,2.0749144554138184,0.0,0.0,4.315680618630722,8.36740099475719
0.09,71,1995737731,2.019237995147705,0.0,0.0,4.351579254027456,8.231629006331787
0.09,72,1162788447,2.0431902408599854,0.0,0.0,4.390753264538944,7.506463007302955
0.09,73,1172925522,2.0421204566955566,0.0,0.0,4.3055454371497035,8.140141988405958
0.09,74,539174575,2.1053543090820312,0.0,0.0,4.3481015670113266,18.353840001509525
0.09,75,2013637345,2.002385139465332,0.0,0.0,4.3555211399216205,7.990066005731933
0.09,76,1187468716,2.096223831176758,0.0,0.0,4.227014247095212,8.093117998214439
0.09,77,1062978506,2.09185791015625,0.0,0.0,4.317896087188274,7.9166189971147105
0.09,78,679326770,2.062168598175049,0.0,0.0,4.325694574275985,8.092454998404719
0.09,79,587923432,2.105961799621582,0.0,0.0,4.36647224240005,7.268280009157024
0.09,80,1359889667,2.067811965942383,0.0,0.0,4.303337817080319,8.55107199458871
0.09,81,970187386,2.0552821159362793,0.0,0.0,4.296195772243664,8.892301004379988
0.09,82,1219839873,2.030862808227539,0.0,0.0,4.409843487665057,8.356787991942838
0.09,83,1428160212,2.0467920303344727,0.0,0.0,4.3913252698257565,7.692465005675331
0.09,84,1930609499,2.110441207885742,0.0,0.0,4.225900270976126,8.109390997560695
0.09,85,710582861,2.134269952774048,0.0,0.0,4.247481782222167,7.446951000019908
0.09,86,1463614337,2.0761895179748535,0.0,0.0,4.289804184809327,8.395166005357169
0.09,87,1940152705,2.142083168029785,0.0,0.0,4.230816109804437,8.16393899731338
0.09,88,985452196,2.098705291748047,0.0,0.0,4.266649111639708,7.685742995818146
0.09,89,552062587,2.1647160053253174,0.0,0.0,4.192969631636515,8.071297997958027
0.09,90,623566272,2.0731096267700195,0.0,0.0,4.294045659247786,7.804332999512553
0.09,91,729775797,2.0412020683288574,0.0,0.0,4.45111505035311,8.535653003491461
0.09,92,1352536665,2.06889271736145,0.0,0.0,4.369882954284549,7.710056990617886
0.09,93,555883440,2.083376169204712,0.0,0.0,4.254872980993241,7.72378699912224
0.09,94,1801800003,2.1241207122802734,0.0,0.0,4.22296098433435,7.896167997387238
0.09,95,763315502,2.064462184906006,0.0,0.0,4.434955079108477,7.6254670129856095
0.09,96,138897982,2.0386810302734375,0.0,0.0,4.291370012564585,8.226156991440803
0.09,97,10785379,2.0855515003204346,0.0,0.0,4.311601433204487,8.093825003015809
0.09,98,53923185,2.066645860671997,0.0,0.0,4.3261770030949265,7.605527003761381
0.09,99,1349917978,2.093308210372925,0.0,0.0,4.32250745408237,8.004185001482256
0.091,0,1501552845,2.1236000061035156,0.0,0.0,4.2185869223903865,7.7387989877024665
0.091,1,488200390,2.1312623023986816,0.0,0.0,4.2385159195400774,8.07336499565281
0.091,2,1693606510,1.9622375965118408,0.0,0.0,4.525662924395874,7.757633997243829
0.091,3,680233354,2.1191763877868652,0.0,0.0,4.256786508020014,8.008203993085772
0.091,4,438466540,2.0875985622406006,0.0,0.0,4.326694782124832,8.481005002977327
0.091,5,1712329280,2.0333313941955566,0.0,0.0,4.326718250988051,7.775281002977863
0.091,6,1380152455,2.101005792617798,0.0,0.0,4.250564737711102,8.01857199985534
0.091,7,1452245846,2.0964415073394775,0.0,0.0,4.278425830882043,8.354416000656784
0.091,8,2122694021,2.075944662094116,0.0,0.0,4.346469768090174,8.627293005702086
0.091,9,839901363,2.0442914962768555,0.0,0.0,4.343511329498142,7.9694369924254715
0.091,10,1802651552,2.0320394039154053,0.0,0.0,4.365764043526724,8.005591997061856
0.091,11,714712467,2.029914140701294,0.0,0.0,4.305745402583852,8.449405009741895
0.091,12,1218704077,2.0945217609405518,0.0,0.0,4.337825215188786,8.29658200382255
0.091,13,1284858263,1.9644535779953003,0.0,0.0,4.461869889870286,7.689735997701064
0.091,14,457721135,2.032042980194092,0.0,0.0,4.333665426820517,7.735812003375031
0.091,15,401008609,2.0374205112457275,0.0,0.0,4.362956932513043,7.847393993870355
0.091,16,492064534,2.081800699234009,0.0,0.0,4.307650183327496,7.842371996957809
0.091,17,1444732602,2.1414875984191895,0.0,0.0,4.282687560888007,7.611766995978542
0.091,18,1317426686,2.0810155868530273,0.0,0.0,4.238206663634628,7.776573998853564
0.091,19,2022506251,2.088733673095703,0.0,0.0,4.326953848358244,8.353989003808238
0.091,20,1516459118,2.1275413036346436,0.0,0.0,4.245836437912658,8.281057002022862
0.091,21,533103612,2.0783495903015137,0.0,0.0,4.270858781412244,8.322421999764629
0.091,22,1964759878,2.1042494773864746,0.0,0.0,4.344239785335958,7.775082995067351
0.091,23,2037706756,2.0482566356658936,0.0,0.0,4.388838651590049,18.09746999060735
0.091,24,1572889065,2.031214475631714,0.0,0.0,4.35179592249915,8.566632008296438
0.091,25,1432881518,2.125002384185791,0.0,0.0,4.195977707626298,8.248793994425796
0.091,26,280516901,2.1230320930480957,0.0,0.0,4.240808833856136,13.24358000420034
0.091,27,205939248,2.04238224029541,0.0,0.0,4.429529421264306,8.084543005679734
0.091,28,571904914,2.0199079513549805,0.0,0.0,4.429023548960686,8.875610990799032
0.091,29,948843457,2.021151304244995,0.0,0.0,4.4163587770890445,7.692468992900103
0.091,30,155492488,2.100419521331787,0.0,0.0,4.25543277640827,8.042724002734758
0.091,31,1903701130,2.0335867404937744,0.0,0.0,4.428245631279424,8.07172899658326
0.091,32,1017961266,2.132276773452759,0.0,0.0,4.182706533698365,7.979412010172382
0.091,33,1497769985,2.039703130722046,0.0,0.0,4.4225558545440435,7.7818249992560595
0.091,34,456523489,2.0882110595703125,0.0,0.0,4.287223288556561,8.64125600492116
0.091,35,701095136,2.0664021968841553,0.0,0.0,4.313700420549139,7.583714002976194
0.091,36,249069576,2.1428709030151367,0.0,0.0,4.199818578083068,7.773253993946128
0.091,37,1576098728,2.142526626586914,0.0,0.0,4.244501680135727,8.89374098915141
0.091,38,1662748500,2.107757568359375,0.0,0.0,4.29197294684127,7.803451007930562
0.091,39,472736216,2.086420774459839,0.0,0.0,4.281133845215663,8.123509003780782
0.091,40,1535411295,2.063438653945923,0.0,0.0,4.328527531586587,7.742599002085626
0.091,41,175223003,2.0318307876586914,0.0,0.0,4.429403226822615,8.178267002222128
0.091,42,840936862,2.0949206352233887,0.0,0.0,4.259051935048774,7.850840003811754
0.091,43,343373188,2.0464017391204834,0.0,0.0,4.323695208178833,7.784528992488049
0.091,44,1597751082,2.120990753173828,0.0,0.0,4.291735372506082,9.012228998471983
0.091,45,730359585,2.12304425239563,0.0,0.0,4.253699257969856,7.063223005388863
0.091,46,1016641002,2.120242118835449,0.0,0.0,4.208926623919979,7.784631990944035
0.091,47,998994690,2.086177110671997,0.0,0.0,4.26733514550142,7.778638988384046
0.091,48,1021240743,2.091339588165283,0.0,0.0,4.282637643860653,7.85538500349503
0.091,49,572134801,2.081082344055176,0.0,0.0,4.2406113762408495,7.735584003967233
0.091,50,1198399760,2.0983805656433105,0.0,0.0,4.2598906471394,7.849493995308876
0.091,51,1751866485,2.116593837738037,0.0,0.0,4.290460608433932,8.126717002596706
0.091,52,1070889713,2.1704814434051514,0.0,0.0,4.2144706475082785,7.404897012747824
0.091,53,415096539,1.9772813320159912,0.0,0.0,4.4452467523515224,7.81992900010664
0.091,54,52416235,2.207976818084717,0.0,0.0,4.190178249729797,7.924916993943043
0.091,55,278032723,2.0188446044921875,0.0,0.0,4.3430701091419905,7.692579994909465
0.091,56,174946158,2.090350866317749,0.0,0.0,4.291328785708174,8.069892006460577
0.091,57,196848554,2.0687735080718994,0.0,0.0,4.33436938165687,7.815949997166172
0.091,58,263030910,2.0101795196533203,0.0,0.0,4.393853811779991,7.438671993440948
0.091,59,1285415020,2.008528709411621,0.0,0.0,4.399062658427283,8.019964006962255
0.091,60,1733223444,2.0670053958892822,0.0,0.0,4.352000280981883,8.35001200903207
0.091,61,1835544261,2.023599147796631,0.0,0.0,4.377940968144685,11.63487600570079
0.091,62,1403186970,2.0177276134490967,0.0,0.0,4.348839373327792,7.832140996470116
0.091,63,1291971777,2.0658881664276123,0.0,0.0,4.287659015040845,7.459102009306662
0.091,64,712292067,2.0075879096984863,0.0,0.0,4.448327423539013,7.4994320020778105
0.091,65,2001429764,2.046234130859375,0.0,0.0,4.405931500950828,7.608934000018053
0.091,66,1375664061,2.0880775451660156,0.0,0.0,4.271506620105356,7.975046988576651
0.091,67,1556456120,2.137587547302246,0.0,0.0,4.311676590004936,7.534371005021967
0.091,68,1576053187,2.1723129749298096,0.0,0.0,4.155878831632435,7.387145989923738
0.091,69,1848019881,2.148397445678711,0.0,0.0,4.255372588289902,7.685941003728658
0.091,70,1508652585,2.079435348510742,0.0,0.0,4.3215231478679925,7.668916994589381
0.091,71,1995737731,2.0241267681121826,0.0,0.0,4.354425067547709,7.563888997538015
0.091,72,1162788447,2.047384738922119,0.0,0.0,4.394626358523965,8.251104998635128
0.091,73,1172925522,2.0425429344177246,0.0,0.0,4.310480422573164,7.744377988274209
0.091,74,539174575,2.111907482147217,0.0,0.0,4.3498035105876625,8.189343003323302
0.091,75,2013637345,2.0353941917419434,0.0,0.0,4.354239117354155,7.733114005532116
0.091,76,1187468716,2.0996413230895996,0.0,0.0,4.230917044449598,7.861293008318171
0.091,77,1062978506,2.0937490463256836,0.0,0.0,4.317134925629944,7.932243010145612
0.091,78,679326770,2.0650014877319336,0.0,0.0,4.329753515776247,8.011874990188517
0.091,79,587923432,2.1062026023864746,0.0,0.0,4.368953680852428,8.4422009967966
0.091,80,1359889667,2.079298496246338,0.0,0.0,4.257601005025208,7.586132996948436
0.091,81,970187386,2.056429386138916,0.0,0.0,4.3014420385006815,7.650176994502544
0.091,82,1219839873,2.042240858078003,0.0,0.0,4.413221572292969,7.887104002293199
0.091,83,1428160212,2.047560930252075,0.0,0.0,4.397288033273071,7.646837999345735
0.091,84,1930609499,2.1130945682525635,0.0,0.0,4.229422627482563,7.8299129963852465
0.091,85,710582861,2.137500762939453,0.0,0.0,4.249510511290282,8.09755499358289
0.091,86,1463614337,2.081594228744507,0.0,0.0,4.294496169313788,11.700515999109484
0.091,87,1940152705,2.1437504291534424,0.0,0.0,4.240767674753442,11.389212988433428
0.091,88,985452196,2.1013314723968506,0.0,0.0,4.257036412600428,7.9677549947518855
0.091,89,552062587,2.165260076522827,0.0,0.0,4.195678595919162,8.083467997494154
0.091,90,623566272,2.0871787071228027,0.0,0.0,4.2532405278179795,7.1858440060168505
0.091,91,729775797,2.0433363914489746,0.0,0.0,4.441163510782644,8.105212997179478
0.091,92,1352536665,2.0537405014038086,0.0,0.0,4.410382516449317,8.136658012517728
0.091,93,555883440,2.0848147869110107,0.0,0.0,4.259355606511235,7.637262009666301
0.091,94,1801800003,2.1306989192962646,0.0,0.0,4.220658439211547,7.39596200583037
0.091,95,763315502,2.0688514709472656,0.0,0.0,4.43935341690667,8.082275991910137
0.091,96,138897982,2.049680233001709,0.0,0.0,4.295785115100443,7.699915993725881
0.091,97,10785379,2.084303379058838,0.0,0.0,4.301781391026452,8.008631004486233
0.091,98,53923185,2.0712220668792725,0.0,0.0,4.331064375350252,7.689595993724652
0.091,99,1349917978,2.099839925765991,0.0,0.0,4.327568700304255,8.39693499437999
0.092,0,1501552845,2.127620220184326,0.0,0.0,4.219918350223452,8.174906004569493
0.092,1,488200390,2.13370943069458,0.0,0.0,4.238129022996873,7.860819008783437
0.092,2,1693606510,1.9627573490142822,0.0,0.0,4.529011535458267,7.9017440002644435
0.092,3,680233354,2.124082088470459,0.0,0.0,4.244677244918421,7.307813997613266
0.092,4,438466540,2.081629753112793,0.0,0.0,4.330207952298224,7.464912996510975
0.092,5,1712329280,2.030961036682129,0.0,0.0,4.3309111094567925,8.161311998264864
0.092,6,1380152455,2.104749917984009,0.0,0.0,4.2585063530132174,8.544958996935748
0.092,7,1452245846,2.0959770679473877,0.0,0.0,4.283103874186054,7.937350004795007
0.092,8,2122694021,2.0756185054779053,0.0,0.0,4.350110429339111,7.610954999108799
0.092,9,839901363,2.04887318611145,0.0,0.0,4.3444758981931955,7.799754006555304
0.092,10,1802651552,2.039299964904785,0.0,0.0,4.370863750344142,7.795523997629061
0.092,11,714712467,2.0312576293945312,0.0,0.0,4.309287356445566,7.5073410116601735
0.092,12,1218704077,2.098797559738159,0.0,0.0,4.356798994587734,7.895606002421118
0.092,13,1284858263,1.9652584791183472,0.0,0.0,4.466452242573723,7.712563005043194
0.092,14,457721135,2.0388877391815186,0.0,0.0,4.335191917605698,7.962361007230356
0.092,15,401008609,2.038083076477051,0.0,0.0,4.3712826813571155,7.91107899567578
0.092,16,492064534,2.0842783451080322,0.0,0.0,4.308712505968288,7.5722440087702125
0.092,17,1444732602,2.1479239463806152,0.0,0.0,4.281381854088977,8.295891995658167
0.092,18,1317426686,2.0837466716766357,0.0,0.0,4.240530971670523,7.852848997572437
0.092,19,2022506251,2.092496395111084,0.0,0.0,4.311838087625802,7.722192007349804
0.092,20,1516459118,2.1271700859069824,0.0,0.0,4.240202204557136,7.5850590073969215
0.092,21,533103612,2.081655740737915,0.0,0.0,4.278583084465936,22.596757000428624
0.092,22,1964759878,2.1098406314849854,0.0,0.0,4.347911711316556,8.205207996070385
0.092,23,2037706756,2.051316499710083,0.0,0.0,4.393897139001638,7.719718007137999
0.092,24,1572889065,2.0334811210632324,0.0,0.0,4.35499348398298,8.320829991134815
0.092,25,1432881518,2.129096508026123,0.0,0.0,4.195977369789034,7.634668989339843
0.092,26,280516901,2.127208709716797,0.0,0.0,4.244643663521856,7.451632001902908
0.092,27,205939248,2.0463786125183105,0.0,0.0,4.432348516769707,8.185506012523547
0.092,28,571904914,2.023937463760376,0.0,0.0,4.438097923994064,7.976189997862093
0.092,29,948843457,2.0540127754211426,0.0,0.0,4.41283021774143,7.3616479930933565
0.092,30,155492488,2.099808931350708,0.0,0.0,4.257236279780045,7.582314996398054
0.092,31,1903701130,2.0149521827697754,0.0,0.0,4.452114285435528,7.961113995406777
0.092,32,1017961266,2.136373519897461,0.0,0.0,4.176466376055032,7.673011001315899
0.092,33,1497769985,2.0444278717041016,0.0,0.0,4.433943425770849,7.72178299666848
0.092,34,456523489,2.0908596515655518,0.0,0.0,4.293783130124211,7.715733998338692
0.092,35,701095136,2.072322130203247,0.0,0.0,4.304035184206441,7.593678004923277
0.092,36,249069576,2.1528782844543457,0.0,0.0,4.1955401338636875,7.387595003820024
0.092,37,1576098728,2.1430656909942627,0.0,0.0,4.24803211982362,7.823223000741564
0.092,38,1662748500,2.1087021827697754,0.0,0.0,4.293744768248871,7.4428609950700775
0.092,39,472736216,2.0862836837768555,0.0,0.0,4.2701051195617765,7.7513540018117055
0.092,40,1535411295,2.0757577419281006,0.0,0.0,4.285225007683039,7.940426003187895
0.092,41,175223003,2.0750582218170166,0.0,0.0,4.358422736171633,7.252648996654898
0.092,42,840936862,2.102952003479004,0.0,0.0,4.266801745630801,7.89384100062307
0.092,43,343373188,2.0538625717163086,0.0,0.0,4.321836394490674,7.531904004281387
0.092,44,1597751082,2.1167283058166504,0.0,0.0,4.296835824847221,7.8308779920917
0.092,45,730359585,2.1251816749572754,0.0,0.0,4.258255440974608,7.627159007824957
0.092,46,1016641002,2.12311053276062,0.0,0.0,4.193805008195341,7.807881003827788
0.092,47,998994690,2.0875892639160156,0.0,0.0,4.271525516174734,7.888748004916124
0.092,48,1021240743,2.0925753116607666,0.0,0.0,4.290168685140088,8.113172996672802
0.092,49,572134801,2.0847787857055664,0.0,0.0,4.24235381372273,7.7510380069725215
0.092,50,1198399760,2.0993943214416504,0.0,0.0,4.264885588083416,7.383987991488539
0.092,51,1751866485,2.118891954421997,0.0,0.0,4.297662834636867,7.6653160067508
0.092,52,1070889713,2.1751880645751953,0.0,0.0,4.208021285943687,7.902930999989621
0.092,53,415096539,1.9775936603546143,0.0,0.0,4.448357885936275,7.687714998610318
0.092,54,52416235,2.2146551609039307,0.0,0.0,4.194568118080497,7.655228997464292
0.092,55,278032723,2.0292506217956543,0.0,0.0,4.32845052680932,8.088809001492336
0.092,56,174946158,2.095243453979492,0.0,0.0,4.3036519372835755,7.655039997189306
0.092,57,196848554,2.066859245300293,0.0,0.0,4.335953023517504,7.618992007337511
0.092,58,263030910,2.0160765647888184,0.0,0.0,4.392692155903205,7.346376005443744
0.092,59,1285415020,2.010850667953491,0.0,0.0,4.394052016315982,7.528348010964692
0.092,60,1733223444,2.0682077407836914,0.0,0.0,4.34318395331502,7.419172005029395
0.092,61,1835544261,2.031456232070923,0.0,0.0,4.374029381433502,7.8656719997525215
0.092,62,1403186970,2.0140655040740967,0.0,0.0,4.353015542728826,7.476416998542845
0.092,63,1291971777,2.0722720623016357,0.0,0.0,4.287255737232044,7.434400002239272
0.092,64,712292067,2.0106406211853027,0.0,0.0,4.437461111927405,8.456128998659551
0.092,65,2001429764,2.0497710704803467,0.0,0.0,4.407727501122281,7.938687005662359
0.092,66,1375664061,2.0951826572418213,0.0,0.0,4.2782084555365145,7.374638007604517
0.092,67,1556456120,2.141820192337036,0.0,0.0,4.314865875290707,7.720649009570479
0.092,68,1576053187,2.1754941940307617,0.0,0.0,4.150138573488221,7.54305200825911
0.092,69,1848019881,2.152799367904663,0.0,0.0,4.249355474719778,7.555870994110592
0.092,70,1508652585,2.084787130355835,0.0,0.0,4.313303139526397,7.8632759978063405
0.092,71,1995737731,2.037632942199707,0.0,0.0,4.341987019171938,8.478274990920909
0.092,72,1162788447,2.049689769744873,0.0,0.0,4.400067454902455,8.041383000090718
0.092,73,1172925522,2.0443429946899414,0.0,0.0,4.315358378458768,7.258420999278314
0.092,74,539174575,2.1133501529693604,0.0,0.0,4.340864796889946,7.364182994933799
0.092,75,2013637345,2.0458014011383057,0.0,0.0,4.343786449171603,8.044693997362629
0.092,76,1187468716,2.133042812347412,0.0,0.0,4.1965979295782745,7.378772002994083
0.092,77,1062978506,2.0968716144561768,0.0,0.0,4.319193781586364,7.901842996943742
0.092,78,679326770,2.0684046745300293,0.0,0.0,4.336997875245288,7.777601000270806
0.092,79,587923432,2.1120970249176025,0.0,0.0,4.372809532098472,7.700970993028022
0.092,80,1359889667,2.085704803466797,0.0,0.0,4.259102342883125,7.6864639995619655
0.092,81,970187386,2.061997890472412,0.0,0.0,4.301437091547996,7.8353829885600135
0.092,82,1219839873,2.0635063648223877,0.0,0.0,4.373595906421542,7.625654005096294
0.092,83,1428160212,2.0475666522979736,0.0,0.0,4.398705443367362,7.760467997286469
0.092,84,1930609499,2.1159021854400635,0.0,0.0,4.2342402269132435,7.095249995472841
0.092,85,710582861,2.1401970386505127,0.0,0.0,4.238166194176301,7.894059992395341
0.092,86,1463614337,2.0795059204101562,0.0,0.0,4.2988658144604415,7.798409002134576
0.092,87,1940152705,2.1340696811676025,0.0,0.0,4.2472145557403564,7.468408002750948
0.092,88,985452196,2.12389874458313,0.0,0.0,4.248281144537032,7.613644993398339
0.092,89,552062587,2.1670379638671875,0.0,0.0,4.198294471018016,7.467716990504414
0.092,90,623566272,2.0897834300994873,0.0,0.0,4.260341110639274,7.628809995367192
0.092,91,729775797,2.046863079071045,0.0,0.0,4.441621648147702,7.578596007078886
0.092,92,1352536665,2.055967092514038,0.0,0.0,4.407279980136082,7.6192660053493455
0.092,93,555883440,2.078458786010742,0.0,0.0,4.264746641274542,7.5806249951710925
0.092,94,1801800003,2.1259593963623047,0.0,0.0,4.232435737038031,7.586293009808287
0.092,95,763315502,2.066371440887451,0.0,0.0,4.421172390226275,7.859747012844309
0.092,96,138897982,2.056751251220703,0.0,0.0,4.296901970403269,8.029814009205438
0.092,97,10785379,2.0879180431365967,0.0,0.0,4.298785546561703,7.745368988253176
0.092,98,53923185,2.0685667991638184,0.0,0.0,4.332174140494317,7.532359988545068
0.092,99,1349917978,2.097097396850586,0.0,0.0,4.33302353345789,8.226310004829429
0.093,0,1501552845,2.133150339126587,0.0,0.0,4.220640116138384,7.784984991303645
0.093,1,488200390,2.1378707885742188,0.0,0.0,4.241387569811195,7.517687001382001
0.093,2,1693606510,1.9646798372268677,0.0,0.0,4.533637994201854,8.119215999613516
0.093,3,680233354,2.126082420349121,0.0,0.0,4.243655777769163,7.591428991872817
0.093,4,438466540,2.0863094329833984,0.0,0.0,4.330047741532326,7.895632996223867
0.093,5,1712329280,2.0390546321868896,0.0,0.0,4.337000785162672,7.758127001579851
0.093,6,1380152455,2.092287540435791,0.0,0.0,4.25892622070387,10.32629499968607
0.093,7,1452245846,2.099630832672119,0.0,0.0,4.292498268187046,8.131335998768918
0.093,8,2122694021,2.0766589641571045,0.0,0.0,4.353027440374717,7.282038000994362
0.093,9,839901363,2.051395893096924,0.0,0.0,4.352182822069153,7.576289004646242
0.093,10,1802651552,2.047683000564575,0.0,0.0,4.3583894520998,7.987375007360242
0.093,11,714712467,2.041604995727539,0.0,0.0,4.315936821047217,7.5448919960763305
0.093,12,1218704077,2.09981369972229,0.0,0.0,4.3591275764629245,8.094428994809277
0.093,13,1284858263,1.9639759063720703,0.0,0.0,4.4673001791816205,7.856853990233503
0.093,14,457721135,2.044229745864868,0.0,0.0,4.327210098039359,7.813678996171802
0.093,15,401008609,2.035073757171631,0.0,0.0,4.377284622518346,7.83203799801413
0.093,16,492064534,2.075758457183838,0.0,0.0,4.297284589149058,10.266962010064162
0.093,17,1444732602,2.1499223709106445,0.0,0.0,4.286216529784724,7.940301002236083
0.093,18,1317426686,2.084378719329834,0.0,0.0,4.243991510942578,7.558116994914599
0.093,19,2022506251,2.0973880290985107,0.0,0.0,4.314471206860617,7.724250011960976
0.093,20,1516459118,2.1284520626068115,0.0,0.0,4.2421266997698694,7.76163800037466
0.093,21,533103612,2.0843191146850586,0.0,0.0,4.281411754433066,7.656783011043444
0.093,22,1964759878,2.111962080001831,0.0,0.0,4.351679177256301,7.678858004510403
0.093,23,2037706756,2.0584144592285156,0.0,0.0,4.403196201194078,7.555845004389994
0.093,24,1572889065,2.0344552993774414,0.0,0.0,4.3572279831860214,7.607676991028711
0.093,25,1432881518,2.132418394088745,0.0,0.0,4.197828351985663,7.904384008725174
0.093,26,280516901,2.134427547454834,0.0,0.0,4.234861862845719,7.896416005678475
0.093,27,205939248,2.0496673583984375,0.0,0.0,4.446919825160876,8.436057003564201
0.093,28,571904914,2.028350830078125,0.0,0.0,4.425005992408842,16.993656012346037
0.093,29,948843457,2.054865837097168,0.0,0.0,4.41538260015659,7.576728996355087
0.093,30,155492488,2.104856491088867,0.0,0.0,4.262110055424273,7.83286000660155
0.093,31,1903701130,2.016944646835327,0.0,0.0,4.453347658272833,7.673629996133968
0.093,32,1017961266,2.1369478702545166,0.0,0.0,4.178521195892245,7.611722990986891
0.093,33,1497769985,2.048065423965454,0.0,0.0,4.436791677493602,8.357065002201125
0.093,34,456523489,2.0967302322387695,0.0,0.0,4.296790950698778,7.640682990313508
0.093,35,701095136,2.093842029571533,0.0,0.0,4.268278760835528,7.698221001191996
0.093,36,249069576,2.1588382720947266,0.0,0.0,4.197097937576473,7.443687005434185
0.093,37,1576098728,2.1480252742767334,0.0,0.0,4.247156502213329,7.573725000838749
0.093,38,1662748500,2.1091301441192627,0.0,0.0,4.29317135270685,7.549009009380825
0.093,39,472736216,2.0938353538513184,0.0,0.0,4.273284045280889,7.233694996102713
0.093,40,1535411295,2.0660507678985596,0.0,0.0,4.332459564320743,7.550642010755837
0.093,41,175223003,2.0763232707977295,0.0,0.0,4.362819514935836,7.627381011843681
0.093,42,840936862,2.100883722305298,0.0,0.0,4.270452900789678,7.495350000681356
0.093,43,343373188,2.0641286373138428,0.0,0.0,4.300923329545185,7.527440000558272
0.093,44,1597751082,2.117297649383545,0.0,0.0,4.299013069132343,8.163550999597646
0.093,45,730359585,2.1248490810394287,0.0,0.0,4.260618924396113,7.87879699782934
0.093,46,1016641002,2.117053985595703,0.0,0.0,4.216946390224621,7.537469995440915
0.093,47,998994690,2.0879886150360107,0.0,0.0,4.278705368982628,8.554565996746533
0.093,48,1021240743,2.0931968688964844,0.0,0.0,4.289873559959233,8.632479002699256
0.093,49,572134801,2.068817615509033,0.0,0.0,4.297464802861214,9.819860992138274
0.093,50,1198399760,2.0998008251190186,0.0,0.0,4.266355136875063,9.33829799760133
0.093,51,1751866485,2.118809700012207,0.0,0.0,4.30158690479584,7.753458005026914
0.093,52,1070889713,2.1743032932281494,0.0,0.0,4.209173279814422,7.902749988716096
0.093,53,415096539,1.9678012132644653,0.0,0.0,4.508304466959089,7.828722009435296
0.093,54,52416235,2.2186412811279297,0.0,0.0,4.198463661596179,7.819254009518772
0.093,55,278032723,2.0379345417022705,0.0,0.0,4.307598138926551,7.6284029928501695
0.093,56,174946158,2.0967061519622803,0.0,0.0,4.30942540615797,7.374757988145575
0.093,57,196848554,2.0664970874786377,0.0,0.0,4.342430712888017,7.617879004101269
0.093,58,263030910,2.0147643089294434,0.0,0.0,4.39180727978237,7.444533999660052
0.093,59,1285415020,2.0184125900268555,0.0,0.0,4.398779229959473,8.503147997544147
0.093,60,1733223444,2.0709564685821533,0.0,0.0,4.345903048757464,7.8307149960892275
0.093,61,1835544261,2.0348353385925293,0.0,0.0,4.3626132814679295,7.846876003895886
0.093,62,1403186970,2.0226073265075684,0.0,0.0,4.338441087631509,7.673968997551128
0.093,63,1291971777,2.0767710208892822,0.0,0.0,4.249501814832911,7.921808006358333
0.093,64,712292067,2.0146782398223877,0.0,0.0,4.441743094706908,7.602074008900672
0.093,65,2001429764,2.0493712425231934,0.0,0.0,4.4200797125231475,8.361483996850438
0.093,66,1375664061,2.100801467895508,0.0,0.0,4.281487158499658,7.562372004031204
0.093,67,1556456120,2.145472526550293,0.0,0.0,4.319331141421571,7.576078991405666
0.093,68,1576053187,2.1753180027008057,0.0,0.0,4.154139449354261,8.046971997828223
0.093,69,1848019881,2.1537201404571533,0.0,0.0,4.252341587329283,7.627079001395032
0.093,70,1508652585,2.0847373008728027,0.0,0.0,4.317958595231175,7.637832997716032
0.093,71,1995737731,2.042241334915161,0.0,0.0,4.347232656087726,7.918010000139475
0.093,72,1162788447,2.0499157905578613,0.0,0.0,4.403890606481582,8.51788699219469
0.093,73,1172925522,2.0147738456726074,0.0,0.0,4.362529982812703,7.552417999249883
0.093,74,539174575,2.11429762840271,0.0,0.0,4.342779773287475,7.739198001218028
0.093,75,2013637345,2.034663677215576,0.0,0.0,4.34671996999532,8.25839099707082
0.093,76,1187468716,2.134901762008667,0.0,0.0,4.196340364404023,7.647720005479641
0.093,77,1062978506,2.0973758697509766,0.0,0.0,4.344105800846592,7.748222007649019
0.093,78,679326770,2.057407855987549,0.0,0.0,4.339680494274944,7.8386370005318895
0.093,79,587923432,2.1145238876342773,0.0,0.0,4.371763945557177,7.669604994589463
0.093,80,1359889667,2.0946414470672607,0.0,0.0,4.261659268056974,8.503317993017845
0.093,81,970187386,2.0526809692382812,0.0,0.0,4.342532704118639,8.971463001216762
0.093,82,1219839873,2.070686101913452,0.0,0.0,4.372903490206227,8.105190994683653
0.093,83,1428160212,2.056122303009033,0.0,0.0,4.400298548629507,7.86160200368613
0.093,84,1930609499,2.117257833480835,0.0,0.0,4.236631602514535,7.917769995401613
0.093,85,710582861,2.1412711143493652,0.0,0.0,4.240731373429298,7.389681006316096
0.093,86,1463614337,2.103425979614258,0.0,0.0,4.2815343553666025,7.964037999045104
0.093,87,1940152705,2.137042760848999,0.0,0.0,4.249721752479672,7.819360995199531
0.093,88,985452196,2.1292812824249268,0.0,0.0,4.253646642901003,7.6969450019532815
0.093,89,552062587,2.170271635055542,0.0,0.0,4.204347558552399,7.55291098903399
0.093,90,623566272,2.093336582183838,0.0,0.0,4.262205162784085,7.52523000119254
0.093,91,729775797,2.048755407333374,0.0,0.0,4.444301553070545,8.013304002815858
0.093,92,1352536665,2.070500373840332,0.0,0.0,4.379558571847156,7.510626994189806
0.093,93,555883440,2.0751540660858154,0.0,0.0,4.2798950432334095,7.4388840002939105
0.093,94,1801800003,2.159579038619995,0.0,0.0,4.223743502050638,7.618321993504651
0.093,95,763315502,2.0682458877563477,0.0,0.0,4.423179934965447,7.550913011073135
0.093,96,138897982,2.065901517868042,0.0,0.0,4.283633833983913,7.601142002386041
0.093,97,10785379,2.084975004196167,0.0,0.0,4.301449943566695,7.637071001227014
0.093,98,53923185,2.0716593265533447,0.0,0.0,4.336582492105663,8.558725006878376
0.093,99,1349917978,2.0985348224639893,0.0,0.0,4.342327121878043,7.665323006222025
0.094,0,1501552845,2.1376233100891113,0.0,0.0,4.225835028104484,7.434525003191084
0.094,1,488200390,2.141918659210205,0.0,0.0,4.247024129843339,8.048904986935668
0.094,2,1693606510,1.9562941789627075,0.0,0.0,4.525961138308048,7.40708400553558
0.094,3,680233354,2.1293578147888184,0.0,0.0,4.252091402886435,7.613074994878843
0.094,4,438466540,2.089120864868164,0.0,0.0,4.331135741900653,7.778188999509439
0.094,5,1712329280,2.0369834899902344,0.0,0.0,4.345708972308785,8.022234003874473
0.094,6,1380152455,2.0972940921783447,0.0,0.0,4.266602775780484,8.098344012978487
0.094,7,1452245846,2.1029410362243652,0.0,0.0,4.296351216267794,8.17582500167191
0.094,8,2122694021,2.0770373344421387,0.0,0.0,4.356212328653783,7.787644004565664
0.094,9,839901363,2.059551477432251,0.0,0.0,4.355138060403988,8.468015003018081
0.094,10,1802651552,2.0528056621551514,0.0,0.0,4.36223821551539,10.02923000487499
0.094,11,714712467,2.0569632053375244,0.0,0.0,4.312122420175001,7.73267300974112
0.094,12,1218704077,2.103382110595703,0.0,0.0,4.361090192571282,7.79081298969686
0.094,13,1284858263,1.9668734073638916,0.0,0.0,4.4719060563948005,7.834020987502299
0.094,14,457721135,2.0493104457855225,0.0,0.0,4.318387669511139,7.733727004961111
0.094,15,401008609,2.0460612773895264,0.0,0.0,4.3777235767338425,7.859404999180697
0.094,16,492064534,2.0761125087738037,0.0,0.0,4.301201495109126,8.061273008934222
0.094,17,1444732602,2.1563425064086914,0.0,0.0,4.286223653238267,7.705192998400889
0.094,18,1317426686,2.086641311645508,0.0,0.0,4.247454050229862,8.207973995013162
0.094,19,2022506251,2.0952773094177246,0.0,0.0,4.334765633335337,7.490348012652248
0.094,20,1516459118,2.1298933029174805,0.0,0.0,4.245047808857635,7.738012005575001
0.094,21,533103612,2.0858347415924072,0.0,0.0,4.2880931831896305,7.99617099983152
0.094,22,1964759878,2.115885019302368,0.0,0.0,4.3500021998770535,7.453281999914907
0.094,23,2037706756,2.0595593452453613,0.0,0.0,4.405717668356374,7.360272997175343
0.094,24,1572889065,2.0363893508911133,0.0,0.0,4.359980178996921,7.508825001423247
0.094,25,1432881518,2.1386001110076904,0.0,0.0,4.20459927036427,7.760691994917579
0.094,26,280516901,2.1395256519317627,0.0,0.0,4.239902630914003,7.893186004366726
0.094,27,205939248,2.0243215560913086,0.0,0.0,4.505716788349673,7.16758900671266
0.094,28,571904914,2.029142379760742,0.0,0.0,4.428557892795652,8.171915003913455
0.094,29,948843457,2.0594840049743652,0.0,0.0,4.417750286636874,7.423600007314235
0.094,30,155492488,2.105329751968384,0.0,0.0,4.266584921628237,8.697083991137333
0.094,31,1903701130,2.0144662857055664,0.0,0.0,4.4559218203648925,7.669478000025265
0.094,32,1017961266,2.139803171157837,0.0,0.0,4.18251163745299,8.14289299887605
0.094,33,1497769985,2.0499863624572754,0.0,0.0,4.443274116842076,7.894353999290615
0.094,34,456523489,2.1007211208343506,0.0,0.0,4.300714555662125,7.727813994279131
0.094,35,701095136,2.0942654609680176,0.0,0.0,4.270773886004463,7.696742992266081
0.094,36,249069576,2.161344528198242,0.0,0.0,4.202129511395469,7.597864998388104
0.094,37,1576098728,2.1512815952301025,0.0,0.0,4.23442742577754,13.165630996809341
0.094,38,1662748500,2.0998120307922363,0.0,0.0,4.302609919337556,7.778711005812511
0.094,39,472736216,2.097466230392456,0.0,0.0,4.2691674150992185,7.695348002016544
0.094,40,1535411295,2.0808184146881104,0.0,0.0,4.295072793029249,7.793274999130517
0.094,41,175223003,2.0808939933776855,0.0,0.0,4.3579847135115415,7.755186001304537
0.094,42,840936862,2.1056699752807617,0.0,0.0,4.270916726905853,7.473527002730407
0.094,43,343373188,2.061743974685669,0.0,0.0,4.3035181171726435,7.829195004887879
0.094,44,1597751082,2.1169519424438477,0.0,0.0,4.301754492102191,7.4404750048415735
0.094,45,730359585,2.134207010269165,0.0,0.0,4.262901649111882,7.598379990668036
0.094,46,1016641002,2.116830825805664,0.0,0.0,4.219415846513584,8.39138800802175
0.094,47,998994690,2.090238332748413,0.0,0.0,4.280547791859135,7.27475099847652
0.094,48,1021240743,2.0956432819366455,0.0,0.0,4.2940065413713455,7.54367999616079
0.094,49,572134801,2.07405686378479,0.0,0.0,4.246156845241785,7.886705003329553
0.094,50,1198399760,2.099817991256714,0.0,0.0,4.2781580444425344,8.28780300798826
0.094,51,1751866485,2.1215779781341553,0.0,0.0,4.303587235277519,7.753287005471066
0.094,52,1070889713,2.1760408878326416,0.0,0.0,4.210624051047489,7.550255992100574
0.094,53,415096539,1.9667760133743286,0.0,0.0,4.536933626048267,7.905642996774986
0.094,54,52416235,2.2248141765594482,0.0,0.0,4.192411940777674,7.5122859998373315
0.094,55,278032723,2.0662753582000732,0.0,0.0,4.2973085581324995,7.8480939992005005
0.094,56,174946158,2.0741055011749268,0.0,0.0,4.309325371403247,7.610571992699988
0.094,57,196848554,2.0677833557128906,0.0,0.0,4.344495496479794,7.643278004252352
0.094,58,263030910,2.0145742893218994,0.0,0.0,4.3945898928213865,7.87621499330271
0.094,59,1285415020,2.023045063018799,0.0,0.0,4.389958684099838,8.136292002745904
0.094,60,1733223444,2.0748274326324463,0.0,0.0,4.368396166246384,7.54973100265488
0.094,61,1835544261,2.0381221771240234,0.0,0.0,4.3652784479781985,7.273441995494068
0.094,62,1403186970,2.0292789936065674,0.0,0.0,4.35410737642087,7.77572400693316
0.094,63,1291971777,2.080000400543213,0.0,0.0,4.253964593401179,7.682111987378448
0.094,64,712292067,2.0406627655029297,0.0,0.0,4.454932861030102,7.701752008870244
0.094,65,2001429764,2.0559394359588623,0.0,0.0,4.4275241191498935,7.498787002987228
0.094,66,1375664061,2.1044023036956787,0.0,0.0,4.285613914951682,7.827536988770589
0.094,67,1556456120,2.1473653316497803,0.0,0.0,4.314974590437487,7.581726997159421
0.094,68,1576053187,2.176340103149414,0.0,0.0,4.150748385349289,8.880744004272856
0.094,69,1848019881,2.153961420059204,0.0,0.0,4.263060155091807,7.908398998552002
0.094,70,1508652585,2.0842370986938477,0.0,0.0,4.322796743130311,7.5032630120404065
0.094,71,1995737731,2.0509421825408936,0.0,0.0,4.345695998053998,7.841728991479613
0.094,72,1162788447,2.050901412963867,0.0,0.0,4.40359277673997,7.870499990531243
0.094,73,1172925522,2.015768051147461,0.0,0.0,4.364293155958876,7.5578589894576
0.094,74,539174575,2.115129232406616,0.0,0.0,4.346412906423211,7.90785500430502
0.094,75,2013637345,2.037505626678467,0.0,0.0,4.353356121107936,7.473074001609348
0.094,76,1187468716,2.1450648307800293,0.0,0.0,4.202128642704338,7.807180998497643
0.094,77,1062978506,2.101518154144287,0.0,0.0,4.349182359408587,7.647459991858341
0.094,78,679326770,2.065349578857422,0.0,0.0,4.352124302648008,8.207153005059808
0.094,79,587923432,2.1185977458953857,0.0,0.0,4.375009217998013,7.345213001826778
0.094,80,1359889667,2.098193645477295,0.0,0.0,4.263847430469468,8.101503000943922
0.094,81,970187386,2.0714681148529053,0.0,0.0,4.31179712805897,7.530631002737209
0.094,82,1219839873,2.073629140853882,0.0,0.0,4.343152032699436,7.624776000739075
0.094,83,1428160212,2.056788206100464,0.0,0.0,4.400283471448347,8.215611000196077
0.094,84,1930609499,2.115349531173706,0.0,0.0,4.25242045824416,7.494577002944425
0.094,85,710582861,2.1428587436676025,0.0,0.0,4.243106904905289,7.754974998533726
0.094,86,1463614337,2.1124846935272217,0.0,0.0,4.289685650961474,7.563995008240454
0.094,87,1940152705,2.1376423835754395,0.0,0.0,4.2356636703480035,7.6807360019302
0.094,88,985452196,2.133643865585327,0.0,0.0,4.256739012431353,7.496421007090248
0.094,89,552062587,2.173245429992676,0.0,0.0,4.191254019038752,7.7419000008376315
0.094,90,623566272,2.093717336654663,0.0,0.0,4.2681298174429685,7.759715008432977
0.094,91,729775797,2.042349100112915,0.0,0.0,4.447908394271508,7.719122004345991
0.094,92,1352536665,2.0722105503082275,0.0,0.0,4.383576682768762,7.618468996952288
0.094,93,555883440,2.075176239013672,0.0,0.0,4.2862283368594944,7.696343003772199
0.094,94,1801800003,2.1631717681884766,0.0,0.0,4.225826932117343,7.934135006507859
0.094,95,763315502,2.0684328079223633,0.0,0.0,4.4257831366267055,7.943699994939379
0.094,96,138897982,2.076288938522339,0.0,0.0,4.258219894720241,7.840969003154896
0.094,97,10785379,2.0869622230529785,0.0,0.0,4.305071371840313,7.92813699808903
0.094,98,53923185,2.070101261138916,0.0,0.0,4.32470699143596,9.25257900962606
0.094,99,1349917978,2.103092908859253,0.0,0.0,4.343195090536028,7.824005006114021
0.095,0,1501552845,2.1380345821380615,0.0,0.0,4.227029271656647,15.527556999586523
0.095,1,488200390,2.142061233520508,0.0,0.0,4.253953858045861,7.986183001776226
0.095,2,1693606510,1.9671810865402222,0.0,0.0,4.530580026563257,7.728487995336764
0.095,3,680233354,2.130034923553467,0.0,0.0,4.255993598839268,8.036197992623784
0.095,4,438466540,2.0916099548339844,0.0,0.0,4.323062116745859,7.85506000102032
0.095,5,1712329280,2.0368778705596924,0.0,0.0,4.3464683326892555,13.866548993973993
0.095,6,1380152455,2.099233627319336,0.0,0.0,4.269148293649778,7.690498998272233
0.095,7,1452245846,2.10294771194458,0.0,0.0,4.2978479221928865,7.523425010731444
0.095,8,2122694021,2.0802810192108154,0.0,0.0,4.360363727901131,7.219584993436001
0.095,9,839901363,2.064368486404419,0.0,0.0,4.327198882820085,7.516596000641584
0.095,10,1802651552,2.0595767498016357,0.0,0.0,4.367555658100173,7.992601007572375
0.095,11,714712467,2.057506561279297,0.0,0.0,4.3162430881056935,8.04780499311164
0.095,12,1218704077,2.105480194091797,0.0,0.0,4.362647839821875,7.627890998264775
0.095,13,1284858263,1.9705263376235962,0.0,0.0,4.476969204610214,7.542160004959442
0.095,14,457721135,2.053288698196411,0.0,0.0,4.3213470538612455,8.007445998373441
0.095,15,401008609,2.049375295639038,0.0,0.0,4.380004089791328,7.822108003892936
0.095,16,492064534,2.079610824584961,0.0,0.0,4.301797243999317,7.476544007658958
0.095,17,1444732602,2.159881591796875,0.0,0.0,4.271483149146661,7.646366007975303
0.095,18,1317426686,2.089711904525757,0.0,0.0,4.2507201607804745,7.494396006222814
0.095,19,2022506251,2.097707509994507,0.0,0.0,4.320064692758024,16.47857799252961
0.095,20,1516459118,2.1238348484039307,0.0,0.0,4.249287955230102,8.058979001361877
0.095,21,533103612,2.0839266777038574,0.0,0.0,4.2904199762269855,64.32937699719332
0.095,22,1964759878,2.118757486343384,0.0,0.0,4.352508388925344,8.545182994566858
0.095,23,2037706756,2.0611729621887207,0.0,0.0,4.404740636469796,7.532322008046322
0.095,24,1572889065,2.0407936573028564,0.0,0.0,4.349931842414662,8.186669001588598
0.095,25,1432881518,2.124629259109497,0.0,0.0,4.209501566365361,8.148788998369128
0.095,26,280516901,2.1446120738983154,0.0,0.0,4.240895055001602,8.13075399491936
0.095,27,205939248,2.0220870971679688,0.0,0.0,4.558748409152031,8.342512010131031
0.095,28,571904914,2.0318238735198975,0.0,0.0,4.427206004969776,8.292822007206269
0.095,29,948843457,2.060842990875244,0.0,0.0,4.423500193282962,8.179176002158783
0.095,30,155492488,2.105482578277588,0.0,0.0,4.272698617074639,7.746949995635077
0.095,31,1903701130,2.0150909423828125,0.0,0.0,4.464413131820038,7.633200992131606
0.095,32,1017961266,2.1324386596679688,0.0,0.0,4.182998908217996,8.110708993626758
0.095,33,1497769985,2.061563491821289,0.0,0.0,4.475002291845158,7.714925988693722
0.095,34,456523489,2.121721029281616,0.0,0.0,4.262360734399408,7.745284994598478
0.095,35,701095136,2.0955445766448975,0.0,0.0,4.2751195032615215,7.9713250015629455
0.095,36,249069576,2.1623008251190186,0.0,0.0,4.2015894539654255,8.000927991815843
0.095,37,1576098728,2.153655529022217,0.0,0.0,4.23682661075145,8.25614799396135
0.095,38,1662748500,2.1001198291778564,0.0,0.0,4.297964418074116,8.334589001606219
0.095,39,472736216,2.0983834266662598,0.0,0.0,4.275665813591331,7.538332007243298
0.095,40,1535411295,2.073801040649414,0.0,0.0,4.298152993898839,8.243233998655342
0.095,41,175223003,2.0848371982574463,0.0,0.0,4.3608963552396744,7.7172220044303685
0.095,42,840936862,2.107880115509033,0.0,0.0,4.275147401727736,7.9963000025600195
0.095,43,343373188,2.0608108043670654,0.0,0.0,4.30953419720754,8.492031003697775
0.095,44,1597751082,2.1184439659118652,0.0,0.0,4.30855290684849,7.551147005870007
0.095,45,730359585,2.135226249694824,0.0,0.0,4.264609448611736,8.911507989978418
0.095,46,1016641002,2.1117377281188965,0.0,0.0,4.224071910139173,7.398253990686499
0.095,47,998994690,2.0905885696411133,0.0,0.0,4.280561537714675,8.218981995014474
0.095,48,1021240743,2.0958921909332275,0.0,0.0,4.303236136212945,8.339146996149793
0.095,49,572134801,2.0557942390441895,0.0,0.0,4.335133602609858,48.67216100683436
0.095,50,1198399760,2.0998475551605225,0.0,0.0,4.28011881862767,7.605460996273905
0.095,51,1751866485,2.1215498447418213,0.0,0.0,4.308135907398537,7.835854004952125
0.095,52,1070889713,2.18373966217041,0.0,0.0,4.212671677349135,7.432372003677301
0.095,53,415096539,1.966711401939392,0.0,0.0,4.545715941349044,7.769005009322427
0.095,54,52416235,2.228834867477417,0.0,0.0,4.188785869861022,7.8373489959631115
0.095,55,278032723,2.069068193435669,0.0,0.0,4.300048037897795,16.238025011261925
0.095,56,174946158,2.0750627517700195,0.0,0.0,4.313127188477665,7.427015996654518
0.095,57,196848554,2.0687153339385986,0.0,0.0,4.346802342217416,7.983005998539738
0.095,58,263030910,2.0169217586517334,0.0,0.0,4.409560736035928,7.595382994622923
0.095,59,1285415020,2.0253026485443115,0.0,0.0,4.3864767828490585,7.773367993650027
0.095,60,1733223444,2.0617854595184326,0.0,0.0,4.417309192940593,8.155977993737906
0.095,61,1835544261,2.075162887573242,0.0,0.0,4.2830826544668525,7.772123004542664
0.095,62,1403186970,2.0345044136047363,0.0,0.0,4.342728884657845,8.299017994431779
0.095,63,1291971777,2.0869648456573486,0.0,0.0,4.258006538730115,8.156943003996275
0.095,64,712292067,2.0449013710021973,0.0,0.0,4.450865625869483,7.769127012579702
0.095,65,2001429764,2.057297706604004,0.0,0.0,4.434098603669554,8.489850006299093
0.095,66,1375664061,2.105748414993286,0.0,0.0,4.266517079435289,65.50474499817938
0.095,67,1556456120,2.1486942768096924,0.0,0.0,4.304924158612266,8.788566003204323
0.095,68,1576053187,2.1767497062683105,0.0,0.0,4.157847337424755,7.483102002879605
0.095,69,1848019881,2.15628981590271,0.0,0.0,4.257540666265413,8.078005004790612
0.095,70,1508652585,2.099881887435913,0.0,0.0,4.325443012872711,7.512830998166464
0.095,71,1995737731,2.056699514389038,0.0,0.0,4.350343443918973,7.7142880036262795
0.095,72,1162788447,2.0516011714935303,0.0,0.0,4.406864185584709,7.786531001329422
0.095,73,1172925522,1.997308611869812,0.0,0.0,4.4070930308662355,8.10648400511127
0.095,74,539174575,2.116603374481201,0.0,0.0,4.354974510148168,7.402053000987507
0.095,75,2013637345,2.039100408554077,0.0,0.0,4.356280474225059,8.162616999470629
0.095,76,1187468716,2.1455185413360596,0.0,0.0,4.190513843204826,8.007528012967668
0.095,77,1062978506,2.103463649749756,0.0,0.0,4.353358803782612,7.931644009659067
0.095,78,679326770,2.0840210914611816,0.0,0.0,4.318167155375704,8.221281008445658
0.095,79,587923432,2.122861862182617,0.0,0.0,4.354909668676555,7.891382003435865
0.095,80,1359889667,2.1048357486724854,0.0,0.0,4.252310241572559,7.604615006130189
0.095,81,970187386,2.0841875076293945,0.0,0.0,4.280459830537438,7.6264209928922355
0.095,82,1219839873,2.07796049118042,0.0,0.0,4.346855849260464,7.997592998435721
0.095,83,1428160212,2.057785749435425,0.0,0.0,4.403930034954101,7.932032996905036
0.095,84,1930609499,2.1238138675689697,0.0,0.0,4.217784938868135,8.11689101101365
0.095,85,710582861,2.140242099761963,0.0,0.0,4.247012784471735,7.552758994279429
0.095,86,1463614337,2.114741086959839,0.0,0.0,4.29324933886528,7.378390000667423
0.095,87,1940152705,2.1391966342926025,0.0,0.0,4.236672654282302,8.089769005891867
0.095,88,985452196,2.1268391609191895,0.0,0.0,4.256773035507649,7.806734996847808
0.095,89,552062587,2.1805834770202637,0.0,0.0,4.194659847998992,11.513725999975577
0.095,90,623566272,2.097954034805298,0.0,0.0,4.2692781335208565,8.043021996854804
0.095,91,729775797,2.043205976486206,0.0,0.0,4.44838764006272,8.805668010609224
0.095,92,1352536665,2.074223518371582,0.0,0.0,4.354740451555699,7.54435799899511
0.095,93,555883440,2.070796489715576,0.0,0.0,4.32502695475705,7.45305500458926
0.095,94,1801800003,2.1656579971313477,0.0,0.0,4.229207145515829,7.963708994793706
0.095,95,763315502,2.070500135421753,0.0,0.0,4.424773047911003,8.82719099172391
0.095,96,138897982,2.080444097518921,0.0,0.0,4.2448034402914345,7.760010004858486
0.095,97,10785379,2.0899717807769775,0.0,0.0,4.311260880436748,8.464505997835658
0.095,98,53923185,2.077796697616577,0.0,0.0,4.294082878390327,7.823616993846372
0.095,99,1349917978,2.1077682971954346,0.0,0.0,4.3393254892434925,7.839010999305174
0.096,0,1501552845,2.139780282974243,0.0,0.0,4.223738195141777,7.760006992612034
0.096,1,488200390,2.142662763595581,0.0,0.0,4.258379675447941,7.75230499857571
0.096,2,1693606510,1.9694252014160156,0.0,0.0,4.517900380305946,8.062862005317584
0.096,3,680233354,2.132993221282959,0.0,0.0,4.254830763442442,13.002595005673356
0.096,4,438466540,2.091799736022949,0.0,0.0,4.330503125442192,7.73417399614118
0.096,5,1712329280,2.0381460189819336,0.0,0.0,4.353215902810916,7.640458003152162
0.096,6,1380152455,2.0981836318969727,0.0,0.0,4.273501766379923,7.650038998690434
0.096,7,1452245846,2.1140007972717285,0.0,0.0,4.295843657804653,8.39022800209932
0.096,8,2122694021,2.0776760578155518,0.0,0.0,4.3671034425497055,7.497950995457359
0.096,9,839901363,2.0653626918792725,0.0,0.0,4.329762513749301,7.58652800868731
0.096,10,1802651552,2.0636677742004395,0.0,0.0,4.373299612430856,7.528633999754675
0.096,11,714712467,2.0585668087005615,0.0,0.0,4.304758243262768,7.61485900147818
0.096,12,1218704077,2.107006549835205,0.0,0.0,4.367447470780462,8.003041002666578
0.096,13,1284858263,1.9752181768417358,0.0,0.0,4.469575165538117,7.87663301161956
0.096,14,457721135,2.059443235397339,0.0,0.0,4.350450131343678,7.989343008375727
0.096,15,401008609,2.0535390377044678,0.0,0.0,4.3818050876725465,8.095251003396697
0.096,16,492064534,2.0825605392456055,0.0,0.0,4.303129619918764,7.457959000021219
0.096,17,1444732602,2.1622605323791504,0.0,0.0,4.271335024852306,7.789866998791695
0.096,18,1317426686,2.094874858856201,0.0,0.0,4.253873229958117,7.4965559906559065
0.096,19,2022506251,2.10245418548584,0.0,0.0,4.347403620835394,7.824454005458392
0.096,20,1516459118,2.124354124069214,0.0,0.0,4.252935464959592,7.688561003305949
0.096,21,533103612,2.083085298538208,0.0,0.0,4.295637175440788,7.830955000827089
0.096,22,1964759878,2.120070457458496,0.0,0.0,4.356053701834753,7.8859950008336455
0.096,23,2037706756,2.0619683265686035,0.0,0.0,4.4044235297478735,8.289431003504433
0.096,24,1572889065,2.0313456058502197,0.0,0.0,4.35431202291511,7.532165007432923
0.096,25,1432881518,2.1268413066864014,0.0,0.0,4.199207499623299,7.707312004640698
0.096,26,280516901,2.147446393966675,0.0,0.0,4.247269740328193,7.500165011151694
0.096,27,205939248,2.0257747173309326,0.0,0.0,4.5183882063720375,7.941408999613486
0.096,28,571904914,2.0351643562316895,0.0,0.0,4.424411137122661,7.752852005069144
0.096,29,948843457,2.049398899078369,0.0,0.0,4.4473693578038365,7.7110380079830065
0.096,30,155492488,2.1038832664489746,0.0,0.0,4.278836854500696,7.543022002209909
0.096,31,1903701130,1.9928462505340576,0.0,0.0,4.502377457683906,7.478372004698031
0.096,32,1017961266,2.1373226642608643,0.0,0.0,4.187543783802539,7.673038999200799
0.096,33,1497769985,2.0633437633514404,0.0,0.0,4.535237385891378,7.6370149909053
0.096,34,456523489,2.127490520477295,0.0,0.0,4.23907789750956,7.650458996067755
0.096,35,701095136,2.135962963104248,0.0,0.0,4.251465372275561,7.748930991510861
0.096,36,249069576,2.164626121520996,0.0,0.0,4.20456766942516,7.64677400002256
0.096,37,1576098728,2.1539437770843506,0.0,0.0,4.241206622449681,7.549286005087197
0.096,38,1662748500,2.102510690689087,0.0,0.0,4.287376134423539,7.505030996981077
0.096,39,472736216,2.0988476276397705,0.0,0.0,4.280643853591755,7.524068001657724
0.096,40,1535411295,2.067871570587158,0.0,0.0,4.350067473482341,7.964275006088428
0.096,41,175223003,2.0882041454315186,0.0,0.0,4.36718853819184,7.590908004203811
0.096,42,840936862,2.1099698543548584,0.0,0.0,4.278288905275986,7.687432997045107
0.096,43,343373188,2.0615968704223633,0.0,0.0,4.313345563132316,7.964920994709246
0.096,44,1597751082,2.11892032623291,0.0,0.0,4.299401717726141,7.440747998771258
0.096,45,730359585,2.134241819381714,0.0,0.0,4.267799352062866,7.587500003864989
0.096,46,1016641002,2.1061251163482666,0.0,0.0,4.24185409094207,7.657890993868932
0.096,47,998994690,2.091627597808838,0.0,0.0,4.2833115654066205,7.7762770088156685
0.096,48,1021240743,2.0959277153015137,0.0,0.0,4.310308529995382,7.192542994744144
0.096,49,572134801,2.0590970516204834,0.0,0.0,4.338399254949763,7.653403998119757
0.096,50,1198399760,2.099806785583496,0.0,0.0,4.283210711553693,7.642031996510923
0.096,51,1751866485,2.1236445903778076,0.0,0.0,4.281270326115191,9.761943001649342
0.096,52,1070889713,2.175403118133545,0.0,0.0,4.216513838851824,7.869435008615255
0.096,53,415096539,1.949159026145935,0.0,0.0,4.610045966459438,7.726915995590389
0.096,54,52416235,2.231631278991699,0.0,0.0,4.191556230885908,7.968904988956638
0.096,55,278032723,2.0734217166900635,0.0,0.0,4.278889602981508,8.588267999584787
0.096,56,174946158,2.0780482292175293,0.0,0.0,4.311081696068868,8.652185992104933
0.096,57,196848554,2.0734946727752686,0.0,0.0,4.306034699548036,7.945094010210596
0.096,58,263030910,1.9737601280212402,0.0,0.0,4.463462670566514,7.919847004814073
0.096,59,1285415020,2.028937816619873,0.0,0.0,4.388504593865946,8.17266499507241
0.096,60,1733223444,2.071260929107666,0.0,0.0,4.346310368506238,7.691831997362897
0.096,61,1835544261,2.076185464859009,0.0,0.0,4.2831732565537095,7.457922009052709
0.096,62,1403186970,2.043982744216919,0.0,0.0,4.348633278161287,7.413381012156606
0.096,63,1291971777,2.0894010066986084,0.0,0.0,4.254469776758924,7.48768899939023
0.096,64,712292067,2.0491220951080322,0.0,0.0,4.4501508278772235,8.748498992645182
0.096,65,2001429764,2.058960437774658,0.0,0.0,4.438055366976187,7.744629998342134
0.096,66,1375664061,2.097766876220703,0.0,0.0,4.276143698487431,7.749626995064318
0.096,67,1556456120,2.14902663230896,0.0,0.0,4.3058279228862375,7.426835989463143
0.096,68,1576053187,2.1764285564422607,0.0,0.0,4.1582290986552835,8.805300007225014
0.096,69,1848019881,2.16682505607605,0.0,0.0,4.26159163727425,7.712110003922135
0.096,70,1508652585,2.1023507118225098,0.0,0.0,4.331304891267791,7.818084995960817
0.096,71,1995737731,2.059316635131836,0.0,0.0,4.35029514785856,8.074858007603325
0.096,72,1162788447,2.053449869155884,0.0,0.0,4.387802769197151,8.558388988603838
0.096,73,1172925522,1.9988462924957275,0.0,0.0,4.4104618788696826,11.546477995580062
0.096,74,539174575,2.115050792694092,0.0,0.0,4.3568312004208565,11.612436996074393
0.096,75,2013637345,2.040275812149048,0.0,0.0,4.3603244291152805,7.609185995534062
0.096,76,1187468716,2.143683433532715,0.0,0.0,4.192234170855954,7.6869329932378605
0.096,77,1062978506,2.1054461002349854,0.0,0.0,4.360509226564318,7.929794999654405
0.096,78,679326770,2.086395025253296,0.0,0.0,4.3208945211954415,7.768751995172352
0.096,79,587923432,2.1253926753997803,0.0,0.0,4.3593749983701855,7.416158012347296
0.096,80,1359889667,2.1085574626922607,0.0,0.0,4.255931104766205,7.663694996153936
0.096,81,970187386,2.092552423477173,0.0,0.0,4.284053366398439,7.779311999911442
0.096,82,1219839873,2.0909621715545654,0.0,0.0,4.376824425533414,7.559285004390404
0.096,83,1428160212,2.033017635345459,0.0,0.0,4.41563074849546,8.083955006441101
0.096,84,1930609499,2.123188018798828,0.0,0.0,4.21921826293692,7.587431013234891
0.096,85,710582861,2.1426870822906494,0.0,0.0,4.249714418314397,8.092353993561119
0.096,86,1463614337,2.1180307865142822,0.0,0.0,4.297598067205399,7.869334993301891
0.096,87,1940152705,2.139832019805908,0.0,0.0,4.240293693030253,7.908390994998626
0.096,88,985452196,2.128990650177002,0.0,0.0,4.259533979929984,7.693349994951859
0.096,89,552062587,2.182044267654419,0.0,0.0,4.181409040698782,7.3570349923102185
0.096,90,623566272,2.096954345703125,0.0,0.0,4.270611876854673,7.8812190040480345
0.096,91,729775797,2.068763494491577,0.0,0.0,4.4649347881786525,7.828759000403807
0.096,92,1352536665,2.0406720638275146,0.0,0.0,4.423989195609465,8.049670999753289
0.096,93,555883440,2.0722429752349854,0.0,0.0,4.334485530620441,8.188673004042357
0.096,94,1801800003,2.166450262069702,0.0,0.0,4.2306785229593515,7.56997600547038
0.096,95,763315502,2.077983856201172,0.0,0.0,4.381983235711232,7.592100999318063
0.096,96,138897982,2.084496021270752,0.0,0.0,4.250388129381463,7.651417996385135
0.096,97,10785379,2.0922837257385254,0.0,0.0,4.317703449400142,7.709158002398908
0.096,98,53923185,2.079129695892334,0.0,0.0,4.302319405833259,7.489975992939435
0.096,99,1349917978,2.114245653152466,0.0,0.0,4.312800718005747,7.8564400027971715
0.097,0,1501552845,2.141021966934204,0.0,0.0,4.227991586783901,7.575676994747482
0.097,1,488200390,2.14276385307312,0.0,0.0,4.262517240596935,7.893672009231523
0.097,2,1693606510,1.970879316329956,0.0,0.0,4.521035004639998,7.805941000697203
0.097,3,680233354,2.12680983543396,0.0,0.0,4.253445287467912,7.603753008879721
0.097,4,438466540,2.0919291973114014,0.0,0.0,4.332827317761257,7.9869729961501434
0.097,5,1712329280,2.039689540863037,0.0,0.0,4.3513010640162975,8.257470006356016
0.097,6,1380152455,2.0998778343200684,0.0,0.0,4.270942709641531,7.5262839964125305
0.097,7,1452245846,2.117771863937378,0.0,0.0,4.295660079689696,7.530208997195587
0.097,8,2122694021,2.076641082763672,0.0,0.0,4.371604465181008,7.673678002902307
0.097,9,839901363,2.066620111465454,0.0,0.0,4.331629137974232,7.58502799726557
0.097,10,1802651552,2.0670840740203857,0.0,0.0,4.378414883743972,7.5445010006660596
0.097,11,714712467,2.0610454082489014,0.0,0.0,4.306477636564523,7.777999999234453
0.097,12,1218704077,2.1074211597442627,0.0,0.0,4.368429571622983,7.766226990497671
0.097,13,1284858263,1.9753451347351074,0.0,0.0,4.4610411725007,7.8416460019070655
0.097,14,457721135,2.0602800846099854,0.0,0.0,4.338545651640743,7.151917990995571
0.097,15,401008609,2.056798219680786,0.0,0.0,4.384459133027121,7.656853995285928
0.097,16,492064534,2.0823962688446045,0.0,0.0,4.306798355421051,7.482285000151023
0.097,17,1444732602,2.1777851581573486,0.0,0.0,4.259291038149968,7.913673005532473
0.097,18,1317426686,2.1044089794158936,0.0,0.0,4.265016729943454,7.364011005847715
0.097,19,2022506251,2.1071114540100098,0.0,0.0,4.352189014898613,7.677764006075449
0.097,20,1516459118,2.1255083084106445,0.0,0.0,4.25656536151655,8.216948001063429
0.097,21,533103612,2.079197883605957,0.0,0.0,4.298107593785971,7.595153001602739
0.097,22,1964759878,2.120713949203491,0.0,0.0,4.360317894024774,7.642722994205542
0.097,23,2037706756,2.0594406127929688,0.0,0.0,4.400355954887345,7.678467998630367
0.097,24,1572889065,2.042494773864746,0.0,0.0,4.362036973936483,7.860263998736627
0.097,25,1432881518,2.128464937210083,0.0,0.0,4.202353378990665,7.681716000661254
0.097,26,280516901,2.1497578620910645,0.0,0.0,4.250520889414474,8.019229004275985
0.097,27,205939248,2.0261993408203125,0.0,0.0,4.508670915616676,7.778989995131269
0.097,28,571904914,2.0389065742492676,0.0,0.0,4.421842028386891,7.762851993902586
0.097,29,948843457,2.0503947734832764,0.0,0.0,4.4507725783623755,7.659273003810085
0.097,30,155492488,2.1046462059020996,0.0,0.0,4.2704630855005234,7.707748998655006
0.097,31,1903701130,1.9905225038528442,0.0,0.0,4.514879767084494,7.985062999068759
0.097,32,1017961266,2.139941453933716,0.0,0.0,4.189986679702997,7.5060270028188825
0.097,33,1497769985,2.063546657562256,0.0,0.0,4.5407131486572325,7.37891900644172
0.097,34,456523489,2.1382598876953125,0.0,0.0,4.250084753148258,7.991400998434983
0.097,35,701095136,2.1370692253112793,0.0,0.0,4.251484787557274,8.078825994743966
0.097,36,249069576,2.162799119949341,0.0,0.0,4.212802741210908,7.458722990122624
0.097,37,1576098728,2.1552369594573975,0.0,0.0,4.244317454984412,8.007523996639065
0.097,38,1662748500,2.0932564735412598,0.0,0.0,4.288885092595592,7.985846998053603
0.097,39,472736216,2.09694242477417,0.0,0.0,4.285318712471053,7.811128991306759
0.097,40,1535411295,2.06819748878479,0.0,0.0,4.386743080802262,7.707327007665299
0.097,41,175223003,2.092771053314209,0.0,0.0,4.3712402931414545,7.371767002041452
0.097,42,840936862,2.113325834274292,0.0,0.0,4.28091129171662,7.697515990003012
0.097,43,343373188,2.06196928024292,0.0,0.0,4.317046037642285,8.214383997255936
0.097,44,1597751082,2.118835687637329,0.0,0.0,4.303191015264019,8.708766006748192
0.097,45,730359585,2.135944366455078,0.0,0.0,4.271479049697518,7.344700992689468
0.097,46,1016641002,2.1112968921661377,0.0,0.0,4.243854921078309,7.589547996758483
0.097,47,998994690,2.0929431915283203,0.0,0.0,4.284742997493595,7.80229399970267
0.097,48,1021240743,2.097235679626465,0.0,0.0,4.314344548853114,7.944085999042727
0.097,49,572134801,2.055243730545044,0.0,0.0,4.34008040628396,64.35035199683625
0.097,50,1198399760,2.0914223194122314,0.0,0.0,4.289834363386035,7.272994000231847
0.097,51,1751866485,2.124811887741089,0.0,0.0,4.283687628805637,7.531536000897177
0.097,52,1070889713,2.1692776679992676,0.0,0.0,4.230215205345303,7.47476500691846
0.097,53,415096539,1.952763319015503,0.0,0.0,4.6057363140862435,7.336577007663436
0.097,54,52416235,2.232459545135498,0.0,0.0,4.190899928333238,7.7639079972868785
0.097,55,278032723,2.075251340866089,0.0,0.0,4.270772222895175,7.4355389951961115
0.097,56,174946158,2.0682942867279053,0.0,0.0,4.365856958320364,7.68690399127081
0.097,57,196848554,2.0625100135803223,0.0,0.0,4.3765075544361025,7.664619013667107
0.097,58,263030910,1.977737307548523,0.0,0.0,4.454475894803181,7.523688997025602
0.097,59,1285415020,2.036395311355591,0.0,0.0,4.398932188982144,7.889906992204487
0.097,60,1733223444,2.073848009109497,0.0,0.0,4.3777514500543475,7.605893988511525
0.097,61,1835544261,2.078608274459839,0.0,0.0,4.289651576662436,7.799380997312255
0.097,62,1403186970,2.0482423305511475,0.0,0.0,4.3496420125011355,7.726335999905132
0.097,63,1291971777,2.0917704105377197,0.0,0.0,4.264913686085492,7.628612002008595
0.097,64,712292067,2.051694631576538,0.0,0.0,4.452885787701234,7.513288990594447
0.097,65,2001429764,2.090078830718994,0.0,0.0,4.351877505192533,7.4446350045036525
0.097,66,1375664061,2.10554838180542,0.0,0.0,4.276534057920799,7.2628569905646145
0.097,67,1556456120,2.149287223815918,0.0,0.0,4.307679121848196,7.644793993677013
0.097,68,1576053187,2.1671879291534424,0.0,0.0,4.175649584038183,7.727138014161028
0.097,69,1848019881,2.166616916656494,0.0,0.0,4.249037029687315,7.78396001260262
0.097,70,1508652585,2.103132963180542,0.0,0.0,4.33657076722011,7.649229999515228
0.097,71,1995737731,2.0531318187713623,0.0,0.0,4.3738225635606796,7.8635569952894
0.097,72,1162788447,2.0545313358306885,0.0,0.0,4.392527433810756,7.8064120025373995
0.097,73,1172925522,2.000903844833374,0.0,0.0,4.417986982036382,7.719433997408487
0.097,74,539174575,2.1161532402038574,0.0,0.0,4.359516127267852,7.48070799454581
0.097,75,2013637345,2.032172918319702,0.0,0.0,4.358749523526058,7.538058998761699
0.097,76,1187468716,2.1448075771331787,0.0,0.0,4.196509084198624,7.575776995508932
0.097,77,1062978506,2.105829954147339,0.0,0.0,4.365377251058817,8.05382699763868
0.097,78,679326770,2.0480690002441406,0.0,0.0,4.416619415162131,7.559399993624538
0.097,79,587923432,2.126345157623291,0.0,0.0,4.359279883326963,8.279297006083652
0.097,80,1359889667,2.109668731689453,0.0,0.0,4.259123837342486,7.335672999033704
0.097,81,970187386,2.0510337352752686,0.0,0.0,4.353027157485485,7.708400007686578
0.097,82,1219839873,2.09352707862854,0.0,0.0,4.369068660074845,7.67640900448896
0.097,83,1428160212,2.034374713897705,0.0,0.0,4.416847679531202,7.686072989599779
0.097,84,1930609499,2.1283209323883057,0.0,0.0,4.223768508527428,8.924259993364103
0.097,85,710582861,2.1469783782958984,0.0,0.0,4.255563874496147,7.449070006259717
0.097,86,1463614337,2.120190143585205,0.0,0.0,4.303569545503706,7.869567998568527
0.097,87,1940152705,2.139587163925171,0.0,0.0,4.243824656587094,8.04442800290417
0.097,88,985452196,2.1302452087402344,0.0,0.0,4.257508482085541,7.798513994202949
0.097,89,552062587,2.180814504623413,0.0,0.0,4.183776107151061,8.115400996757671
0.097,90,623566272,2.097791910171509,0.0,0.0,4.273684413870797,7.556759999715723
0.097,91,729775797,2.069443941116333,0.0,0.0,4.468199363909662,7.435189007082954
0.097,92,1352536665,2.0428192615509033,0.0,0.0,4.432540241396055,7.747215000563301
0.097,93,555883440,2.0904860496520996,0.0,0.0,4.282627833541483,7.565184001578018
0.097,94,1801800003,2.1687965393066406,0.0,0.0,4.226020731497556,7.900420998339541
0.097,95,763315502,2.0158352851867676,0.0,0.0,4.530078371288255,7.754232006845996
0.097,96,138897982,2.085355758666992,0.0,0.0,4.251986883813515,7.869202003348619
0.097,97,10785379,2.093052625656128,0.0,0.0,4.320417700801045,7.7970660058781505
0.097,98,53923185,2.0823888778686523,0.0,0.0,4.2936151111498475,8.117024000966921
0.097,99,1349917978,2.1165199279785156,0.0,0.0,4.317907329183072,8.605402006651275
0.098,0,1501552845,2.1416311264038086,0.0,0.0,4.219854434020817,7.810651004547253
0.098,1,488200390,2.14341139793396,0.0,0.0,4.263435491593555,7.406913005979732
0.098,2,1693606510,1.9704583883285522,0.0,0.0,4.524965732824057,7.890852008131333
0.098,3,680233354,2.143954038619995,0.0,0.0,4.264667360344902,7.1534259914187714
0.098,4,438466540,2.0939719676971436,0.0,0.0,4.33801327040419,7.546231005107984
0.098,5,1712329280,2.040694236755371,0.0,0.0,4.356809765100479,7.547155997599475
0.098,6,1380152455,2.101698160171509,0.0,0.0,4.275563729694113,7.700710004428402
0.098,7,1452245846,2.1211912631988525,0.0,0.0,4.273498395457864,7.553325995104387
0.098,8,2122694021,2.084221363067627,0.0,0.0,4.376368559664115,7.888305000960827
0.098,9,839901363,2.0706005096435547,0.0,0.0,4.336311289807782,7.634640991454944
0.098,10,1802651552,2.0704593658447266,0.0,0.0,4.384003091137856,7.54567798867356
0.098,11,714712467,2.062912702560425,0.0,0.0,4.309625395340845,7.7589949942193925
0.098,12,1218704077,2.1075780391693115,0.0,0.0,4.374650159152225,7.716947991866618
0.098,13,1284858263,1.975793480873108,0.0,0.0,4.467157583218068,7.543309009633958
0.098,14,457721135,2.0589675903320312,0.0,0.0,4.321983500383794,7.887820000178181
0.098,15,401008609,2.06070613861084,0.0,0.0,4.385245083132759,8.02837501396425
0.098,16,492064534,2.083371162414551,0.0,0.0,4.314328175736591,7.6299520005704835
0.098,17,1444732602,2.180915117263794,0.0,0.0,4.263398894807324,7.963368989294395
0.098,18,1317426686,2.1060492992401123,0.0,0.0,4.26380072417669,7.334217996685766
0.098,19,2022506251,2.111501932144165,0.0,0.0,4.348543816944584,8.19231900095474
0.098,20,1516459118,2.1259078979492188,0.0,0.0,4.248342798091471,7.787016002112068
0.098,21,533103612,2.078460931777954,0.0,0.0,4.301431478466839,7.555042000603862
0.098,22,1964759878,2.1214654445648193,0.0,0.0,4.355900495313108,7.5004980026278645
0.098,23,2037706756,2.0607173442840576,0.0,0.0,4.400068245595321,7.279997997102328
0.098,24,1572889065,2.0444412231445312,0.0,0.0,4.369640538468957,7.464887006790377
0.098,25,1432881518,2.133603572845459,0.0,0.0,4.204402667237446,7.66263400146272
0.098,26,280516901,2.1509571075439453,0.0,0.0,4.253512496361509,7.525781998992898
0.098,27,205939248,2.0285894870758057,0.0,0.0,4.51509214611724,8.027251999010332
0.098,28,571904914,2.0416228771209717,0.0,0.0,4.423198248958215,7.649524006410502
0.098,29,948843457,2.052290201187134,0.0,0.0,4.457583279116079,7.600996003020555
0.098,30,155492488,2.118413209915161,0.0,0.0,4.273312490200624,7.687037010327913
0.098,31,1903701130,1.9441335201263428,0.0,0.0,4.607747124508023,7.823958992958069
0.098,32,1017961266,2.1424527168273926,0.0,0.0,4.191263921791688,7.666906007216312
0.098,33,1497769985,2.064645528793335,0.0,0.0,4.54771799268201,7.401317998301238
0.098,34,456523489,2.1824982166290283,0.0,0.0,4.244254739256576,7.93552199320402
0.098,35,701095136,2.1379129886627197,0.0,0.0,4.251792840193957,7.471520992112346
0.098,36,249069576,2.1666319370269775,0.0,0.0,4.217906138626859,7.6092539966339245
0.098,37,1576098728,2.156822443008423,0.0,0.0,4.24748809915036,7.789983006659895
0.098,38,1662748500,2.0937726497650146,0.0,0.0,4.294976458651945,7.798114005709067
0.098,39,472736216,2.09793758392334,0.0,0.0,4.279983045067638,13.71276999998372
0.098,40,1535411295,2.069483757019043,0.0,0.0,4.3914059535600245,7.4711449997266755
0.098,41,175223003,2.0936083793640137,0.0,0.0,4.376213831361383,7.6331500022206455
0.098,42,840936862,2.1149449348449707,0.0,0.0,4.285638623870909,7.798833001288585
0.098,43,343373188,2.0632314682006836,0.0,0.0,4.320199064910412,7.688062003580853
0.098,44,1597751082,2.1196341514587402,0.0,0.0,4.306640005670488,7.828172005247325
0.098,45,730359585,2.137906312942505,0.0,0.0,4.266381094465032,7.8235789987957105
0.098,46,1016641002,2.0902302265167236,0.0,0.0,4.248086006846279,8.15270800376311
0.098,47,998994690,2.093571424484253,0.0,0.0,4.288244025316089,7.934078996186145
0.098,48,1021240743,2.0977914333343506,0.0,0.0,4.313183079939336,7.467022995115258
0.098,49,572134801,2.0574734210968018,0.0,0.0,4.3428690421860665,7.4189129954902455
0.098,50,1198399760,2.0931520462036133,0.0,0.0,4.295801273314282,7.581704005133361
0.098,51,1751866485,2.126919746398926,0.0,0.0,4.285650914069265,64.29950300662313
0.098,52,1070889713,2.1644225120544434,0.0,0.0,4.2467806476634,7.399242007522844
0.098,53,415096539,1.9436640739440918,0.0,0.0,4.542438292410225,7.8824380034348
0.098,54,52416235,2.2356293201446533,0.0,0.0,4.193440794944763,7.248385998536833
0.098,55,278032723,2.077770471572876,0.0,0.0,4.2723534752149135,7.772811994072981
0.098,56,174946158,2.0707170963287354,0.0,0.0,4.368554323911667,7.3693059966899455
0.098,57,196848554,2.0965735912323,0.0,0.0,4.316772846272215,7.59121699957177
0.098,58,263030910,1.9676198959350586,0.0,0.0,4.503478429978713,7.529491005698219
0.098,59,1285415020,2.0374252796173096,0.0,0.0,4.406183536630124,7.755144004477188
0.098,60,1733223444,2.069239616394043,0.0,0.0,4.42748251510784,7.497186001273803
0.098,61,1835544261,2.079981565475464,0.0,0.0,4.294427934568375,7.762729990645312
0.098,62,1403186970,2.038038492202759,0.0,0.0,4.365359969669953,7.526036002673209
0.098,63,1291971777,2.092095136642456,0.0,0.0,4.268233138369396,8.764411002630368
0.098,64,712292067,2.054050922393799,0.0,0.0,4.452707892050967,7.595708011649549
0.098,65,2001429764,2.0912108421325684,0.0,0.0,4.3540799976326525,7.81440400169231
0.098,66,1375664061,2.1077494621276855,0.0,0.0,4.2895935592241585,7.72634100576397
0.098,67,1556456120,2.149921417236328,0.0,0.0,4.308304419275373,7.591622008476406
0.098,68,1576053187,2.16766357421875,0.0,0.0,4.184047499671578,8.26007200521417
0.098,69,1848019881,2.1670010089874268,0.0,0.0,4.254444194724783,7.403811003314331
0.098,70,1508652585,2.103809118270874,0.0,0.0,4.3435945273377,7.429035002132878
0.098,71,1995737731,2.0566823482513428,0.0,0.0,4.378818033961579,7.809689006535336
0.098,72,1162788447,2.0544304847717285,0.0,0.0,4.398832839680836,7.692686005611904
0.098,73,1172925522,2.1375503540039062,0.0,0.0,4.2096888604573905,7.770814001560211
0.098,74,539174575,2.1119866371154785,0.0,0.0,4.365059367613867,7.715554005699232
0.098,75,2013637345,2.0280580520629883,0.0,0.0,4.3656178151723,7.804741995641962
0.098,76,1187468716,2.1437385082244873,0.0,0.0,4.1999401450157166,7.759453990729526
0.098,77,1062978506,2.1067423820495605,0.0,0.0,4.370042773662135,8.38845300313551
0.098,78,679326770,2.0517024993896484,0.0,0.0,4.428274775855243,8.314630002132617
0.098,79,587923432,2.1260275840759277,0.0,0.0,4.361299717100337,7.6732409943360835
0.098,80,1359889667,2.114762783050537,0.0,0.0,4.264986160909757,7.944120006868616
0.098,81,970187386,2.0548033714294434,0.0,0.0,4.356529239565134,7.92559000547044
0.098,82,1219839873,2.095306158065796,0.0,0.0,4.374521452002227,8.053907993598841
0.098,83,1428160212,2.035362482070923,0.0,0.0,4.424918229226023,7.701980997808278
0.098,84,1930609499,2.1292531490325928,0.0,0.0,4.226516080554575,18.434277008054778
0.098,85,710582861,2.1476335525512695,0.0,0.0,4.245790534419939,9.615353992558084
0.098,86,1463614337,2.1108508110046387,0.0,0.0,4.3253566266503185,7.848195993574336
0.098,87,1940152705,2.1396429538726807,0.0,0.0,4.2450406034477055,7.442421992891468
0.098,88,985452196,2.1302058696746826,0.0,0.0,4.246306870132685,7.967384997755289
0.098,89,552062587,2.182769298553467,0.0,0.0,4.188764665741473,8.328833995619789
0.098,90,623566272,2.099867820739746,0.0,0.0,4.276701202383265,7.904868005425669
0.098,91,729775797,2.0698821544647217,0.0,0.0,4.471990175778046,7.799852013704367
0.098,92,1352536665,2.0473732948303223,0.0,0.0,4.4357793889939785,7.808006994309835
0.098,93,555883440,2.0905508995056152,0.0,0.0,4.281285888282582,7.6814789936179295
0.098,94,1801800003,2.1694207191467285,0.0,0.0,4.229890642454848,8.381399005884305
0.098,95,763315502,2.0228350162506104,0.0,0.0,4.517088281922042,7.586073013953865
0.098,96,138897982,2.1107687950134277,0.0,0.0,4.237220342503861,7.7421940077329054
0.098,97,10785379,2.092806816101074,0.0,0.0,4.327743456698954,8.025500006624497
0.098,98,53923185,2.0943174362182617,0.0,0.0,4.293759999331087,7.182494999142364
0.098,99,1349917978,2.120396375656128,0.0,0.0,4.320081269834191,7.798983002430759
0.099,0,1501552845,2.141544818878174,0.0,0.0,4.224412612384185,7.493244003853761
0.099,1,488200390,2.143146514892578,0.0,0.0,4.26570412539877,7.895907008787617
0.099,2,1693606510,1.9720094203948975,0.0,0.0,4.527927707647905,7.441952999215573
0.099,3,680233354,2.148535966873169,0.0,0.0,4.2685451176948845,7.530984003096819
0.099,4,438466540,2.03344464302063,0.0,0.0,4.447836520150304,7.822173007298261
0.099,5,1712329280,2.041995048522949,0.0,0.0,4.357822467572987,7.837751996703446
0.099,6,1380152455,2.0932886600494385,0.0,0.0,4.276457481319085,7.8583830036222935
0.099,7,1452245846,2.1226415634155273,0.0,0.0,4.276262127328664,7.892691995948553
0.099,8,2122694021,2.085444211959839,0.0,0.0,4.378463311353698,7.518586004152894
0.099,9,839901363,2.072850227355957,0.0,0.0,4.346073818393052,8.236119989305735
0.099,10,1802651552,2.0723533630371094,0.0,0.0,4.358590934192762,7.713391998549923
0.099,11,714712467,2.0621860027313232,0.0,0.0,4.31250322656706,8.001626003533602
0.099,12,1218704077,2.107733964920044,0.0,0.0,4.379229064565152,12.551385996630415
0.099,13,1284858263,1.9727755784988403,0.0,0.0,4.485302319517359,8.036622995859943
0.099,14,457721135,2.061338424682617,0.0,0.0,4.345005329465494,8.360341002116911
0.099,15,401008609,2.0576064586639404,0.0,0.0,4.38675677892752,7.695099993725307
0.099,16,492064534,2.0841116905212402,0.0,0.0,4.320369107183069,7.640941999852657
0.099,17,1444732602,2.1830294132232666,0.0,0.0,4.256401161896065,7.796884005074389
0.099,18,1317426686,2.1066575050354004,0.0,0.0,4.257276874966919,7.529912996687926
0.099,19,2022506251,2.1134650707244873,0.0,0.0,4.332363133551553,7.814084005076438
0.099,20,1516459118,2.126495361328125,0.0,0.0,4.256031396565959,7.659643000806682
0.099,21,533103612,2.075434446334839,0.0,0.0,4.296784256817773,7.995464999112301
0.099,22,1964759878,2.122347593307495,0.0,0.0,4.360775715438649,7.468116993550211
0.099,23,2037706756,2.062652349472046,0.0,0.0,4.403092226712033,7.77486500737723
0.099,24,1572889065,2.0473530292510986,0.0,0.0,4.3729945498052984,11.61469699582085
0.099,25,1432881518,2.1334550380706787,0.0,0.0,4.20645291917026,7.538887992268428
0.099,26,280516901,2.1488747596740723,0.0,0.0,4.2542117815464735,8.246914003393613
0.099,27,205939248,2.030928134918213,0.0,0.0,4.521543241338804,7.576414995128289
0.099,28,571904914,2.0412049293518066,0.0,0.0,4.431475248886272,7.802177002304234
0.099,29,948843457,2.0520401000976562,0.0,0.0,4.45263989828527,8.053176003159024
0.099,30,155492488,2.1187617778778076,0.0,0.0,4.27795140305534,7.489829004043713
0.099,31,1903701130,1.9463143348693848,0.0,0.0,4.6038278779014945,7.80579999263864
0.099,32,1017961266,2.152153730392456,0.0,0.0,4.19816023320891,7.714785999269225
0.099,33,1497769985,2.0655317306518555,0.0,0.0,4.551701922202483,8.10117699438706
0.099,34,456523489,2.1843771934509277,0.0,0.0,4.24972667125985,13.000712002394721
0.099,35,701095136,2.138123035430908,0.0,0.0,4.255039122188464,13.672789005795494
0.099,36,249069576,2.165656566619873,0.0,0.0,4.224081383785233,8.209913008613512
0.099,37,1576098728,2.1569459438323975,0.0,0.0,4.252256299601868,7.839110010536388
0.099,38,1662748500,2.097424030303955,0.0,0.0,4.298146765679121,8.3324780134717
0.099,39,472736216,2.0855181217193604,0.0,0.0,4.285929778357968,8.294486993690953
0.099,40,1535411295,2.0696539878845215,0.0,0.0,4.383344157133251,7.535615004599094
0.099,41,175223003,2.0929973125457764,0.0,0.0,4.37832160689868,8.02615900465753
0.099,42,840936862,2.109323501586914,0.0,0.0,4.288156840950251,8.492121996823698
0.099,43,343373188,2.055511474609375,0.0,0.0,4.352603996405378,7.4545940005918965
0.099,44,1597751082,2.1206772327423096,0.0,0.0,4.3085777463857085,8.189397005480714
0.099,45,730359585,2.139526128768921,0.0,0.0,4.26755269151181,7.510362993343733
0.099,46,1016641002,2.0907578468322754,0.0,0.0,4.252299644285813,8.433416005573235
0.099,47,998994690,2.093517780303955,0.0,0.0,4.294076482066885,7.707415003096685
0.099,48,1021240743,2.0978634357452393,0.0,0.0,4.316793903475627,8.166479994542897
0.099,49,572134801,2.048004388809204,0.0,0.0,4.353433822980151,7.352290005655959
0.099,50,1198399760,2.0943655967712402,0.0,0.0,4.301816514693201,7.830791000742465
0.099,51,1751866485,2.0961685180664062,0.0,0.0,4.353440870763734,7.696393993683159
0.099,52,1070889713,2.1641483306884766,0.0,0.0,4.248825661139563,7.589000990265049
0.099,53,415096539,1.9384560585021973,0.0,0.0,4.558109355159104,7.65276700258255
0.099,54,52416235,2.238224506378174,0.0,0.0,4.195527198491618,7.841054000891745
0.099,55,278032723,2.0831336975097656,0.0,0.0,4.264243207406253,7.72812298964709
0.099,56,174946158,2.036733388900757,0.0,0.0,4.410766897955909,7.478113999241032
0.099,57,196848554,2.097727060317993,0.0,0.0,4.310947300866246,8.176297007594258
0.099,58,263030910,1.9678312540054321,0.0,0.0,4.50453180889599,7.681089002289809
0.099,59,1285415020,2.0388219356536865,0.0,0.0,4.411170708015561,7.7628950093640015
0.099,60,1733223444,2.076042890548706,0.0,0.0,4.384051144588739,7.783307009958662
0.099,61,1835544261,2.056550979614258,0.0,0.0,4.381277817999944,7.416856999043375
0.099,62,1403186970,2.0423524379730225,0.0,0.0,4.364712142851204,7.992148006451316
0.099,63,1291971777,2.0921261310577393,0.0,0.0,4.271199032431468,7.704873991315253
0.099,64,712292067,2.0560266971588135,0.0,0.0,4.4567311513237655,7.621269003720954
0.099,65,2001429764,2.091549873352051,0.0,0.0,4.359944376396015,7.749249998596497
0.099,66,1375664061,2.1103713512420654,0.0,0.0,4.295159315224737,8.039566993829794
0.099,67,1556456120,2.155845880508423,0.0,0.0,4.3149470360949636,7.77188700158149
0.099,68,1576053187,2.168253183364868,0.0,0.0,4.187329089269042,8.216267000534572
0.099,69,1848019881,2.1678168773651123,0.0,0.0,4.260073008714244,7.7060860057827085
0.099,70,1508652585,2.1110916137695312,0.0,0.0,4.345754414796829,7.863295002607629
0.099,71,1995737731,2.06046986579895,0.0,0.0,4.382455953862518,8.182392994058318
0.099,72,1162788447,2.054877519607544,0.0,0.0,4.403085014550015,7.539029000326991
0.099,73,1172925522,2.137376546859741,0.0,0.0,4.210527196992189,8.776817994657904
0.099,74,539174575,2.113715648651123,0.0,0.0,4.361128832213581,8.043096007895656
0.099,75,2013637345,2.0186121463775635,0.0,0.0,4.391213993309066,7.480706990463659
0.099,76,1187468716,2.145301580429077,0.0,0.0,4.202938522910699,7.7232530020410195
0.099,77,1062978506,2.1072754859924316,0.0,0.0,4.376018568640575,7.520889994339086
0.099,78,679326770,2.055027723312378,0.0,0.0,4.432307007722557,9.310188994277269
0.099,79,587923432,2.1268510818481445,0.0,0.0,4.362339170882478,7.431349004036747
0.099,80,1359889667,2.1175200939178467,0.0,0.0,4.269197614165023,7.596362993353978
0.099,81,970187386,2.0593109130859375,0.0,0.0,4.362153165973723,7.7563219965668395
0.099,82,1219839873,1.930649995803833,0.0,0.0,4.658376751234755,7.757651008432731
0.099,83,1428160212,2.0635321140289307,0.0,0.0,4.41750861890614,7.787873997585848
0.099,84,1930609499,2.12845778465271,0.0,0.0,4.2110263695940375,7.954547007102519
0.099,85,710582861,2.1263999938964844,0.0,0.0,4.2612663607578725,8.004226998309605
0.099,86,1463614337,2.112067937850952,0.0,0.0,4.327604100806639,7.7609190047951415
0.099,87,1940152705,2.1400058269500732,0.0,0.0,4.248037320561707,7.24819400056731
0.099,88,985452196,2.1318187713623047,0.0,0.0,4.252201366703957,7.911398992291652
0.099,89,552062587,2.183175802230835,0.0,0.0,4.19187987758778,7.610212007421069
0.099,90,623566272,2.101051092147827,0.0,0.0,4.277711416827515,7.845225001801737
0.099,91,729775797,2.0703814029693604,0.0,0.0,4.472911674296483,7.82524399983231
0.099,92,1352536665,2.0473878383636475,0.0,0.0,4.44350510276854,7.731239995337091
0.099,93,555883440,2.090656280517578,0.0,0.0,4.284202074632049,7.816848999937065
0.099,94,1801800003,2.1601247787475586,0.0,0.0,4.23664932558313,7.956543006002903
0.099,95,763315502,2.0264732837677,0.0,0.0,4.499956567073241,7.345644989982247
0.099,96,138897982,2.1142361164093018,0.0,0.0,4.240886964602396,7.434073006152175
0.099,97,10785379,2.095874071121216,0.0,0.0,4.32561812386848,7.703905997914262
0.099,98,53923185,2.0850002765655518,0.0,0.0,4.3039889093488455,7.859094999730587
0.099,99,1349917978,2.1231915950775146,0.0,0.0,4.287171371746808,7.650565996300429
0.1,0,1501552845,2.141951322555542,0.0,0.0,4.227227138588205,7.4930920090992
0.1,1,488200390,2.143294334411621,0.0,0.0,4.267239730339497,7.72762400447391
0.1,2,1693606510,1.964694619178772,0.0,0.0,4.523822622839361,7.545633008703589
0.1,3,680233354,2.148789405822754,0.0,0.0,4.276451931567863,8.658072998514399
0.1,4,438466540,2.034942150115967,0.0,0.0,4.459179718280211,7.737777996226214
0.1,5,1712329280,2.042405366897583,0.0,0.0,4.362029804382473,7.6692970033036545
0.1,6,1380152455,2.096254348754883,0.0,0.0,4.281405663350597,7.613219990162179
0.1,7,1452245846,2.1236979961395264,0.0,0.0,4.280670081498101,8.045135997235775
0.1,8,2122694021,2.085510730743408,0.0,0.0,4.37935641175136,8.102573003270663
0.1,9,839901363,2.0733773708343506,0.0,0.0,4.35025526303798,7.307756008231081
0.1,10,1802651552,2.0438432693481445,0.0,0.0,4.44997261906974,7.468752999557182
0.1,11,714712467,2.0623083114624023,0.0,0.0,4.31518051889725,7.7779720013495535
0.1,12,1218704077,2.1076581478118896,0.0,0.0,4.380314302397892,7.546912995167077
0.1,13,1284858263,1.9739651679992676,0.0,0.0,4.491260855225846,7.631290995050222
0.1,14,457721135,2.0628676414489746,0.0,0.0,4.351468138629571,7.679192000068724
0.1,15,401008609,2.0610790252685547,0.0,0.0,4.37889233417809,7.908419007435441
0.1,16,492064534,2.071382522583008,0.0,0.0,4.371650218730792,7.586702995467931
0.1,17,1444732602,2.18306827545166,0.0,0.0,4.261617878219113,7.586267005535774
0.1,18,1317426686,2.107483386993408,0.0,0.0,4.261769513133913,7.529474998591468
0.1,19,2022506251,2.1139464378356934,0.0,0.0,4.334713428281248,7.6027109898859635
0.1,20,1516459118,2.1276614665985107,0.0,0.0,4.259901469340548,10.001380011090077
0.1,21,533103612,2.076061964035034,0.0,0.0,4.322312901262194,7.447030991897918
0.1,22,1964759878,2.076429843902588,0.0,0.0,4.455571952043101,8.028679003473371
0.1,23,2037706756,2.06282901763916,0.0,0.0,4.404117274330929,7.793266995577142
0.1,24,1572889065,2.0508267879486084,0.0,0.0,4.377647676272318,7.468566996976733
0.1,25,1432881518,2.1350595951080322,0.0,0.0,4.209514391142875,7.795445009833202
0.1,26,280516901,2.1491987705230713,0.0,0.0,4.247518726158887,7.530849994509481
0.1,27,205939248,2.033034563064575,0.0,0.0,4.524861739948392,7.702037997660227
0.1,28,571904914,2.041278123855591,0.0,0.0,4.436682817991823,11.737707012798637
0.1,29,948843457,2.0517690181732178,0.0,0.0,4.456221154425293,7.510602998081595
0.1,30,155492488,2.124917984008789,0.0,0.0,4.247425355948508,7.624631994985975
0.1,31,1903701130,1.9546945095062256,0.0,0.0,4.646646689157933,8.041740002227016
0.1,32,1017961266,2.1544058322906494,0.0,0.0,4.2001023115590215,7.458911000867374
0.1,33,1497769985,2.065842628479004,0.0,0.0,4.554304908495396,7.935589994303882
0.1,34,456523489,2.1855063438415527,0.0,0.0,4.253427186515182,7.481116001144983
0.1,35,701095136,2.105333089828491,0.0,0.0,4.3228709602262825,7.377023997833021
0.1,36,249069576,2.1604409217834473,0.0,0.0,4.217260170029476,7.875921000959352
0.1,37,1576098728,2.157094955444336,0.0,0.0,4.258108319481835,7.940725990920328
0.1,38,1662748500,2.098269462585449,0.0,0.0,4.301858406281099,7.759960004477762
0.1,39,472736216,2.09138822555542,0.0,0.0,4.286218057619408,7.845094994991086
0.1,40,1535411295,2.072598457336426,0.0,0.0,4.381871231365949,7.361852010944858
0.1,41,175223003,2.0950207710266113,0.0,0.0,4.385164086241275,7.821042003342882
0.1,42,840936862,2.1097867488861084,0.0,0.0,4.290205609286204,7.5566540035652
0.1,43,343373188,2.055863380432129,0.0,0.0,4.357815334806219,7.500374005758204
0.1,44,1597751082,2.121922492980957,0.0,0.0,4.311972207389772,7.800017992849462
0.1,45,730359585,2.140172243118286,0.0,0.0,4.272778369719163,7.596658993861638
0.1,46,1016641002,2.0916895866394043,0.0,0.0,4.254730660701171,7.372713997028768
0.1,47,998994690,2.093248128890991,0.0,0.0,4.297789741074666,7.764688998577185
0.1,48,1021240743,2.0988197326660156,0.0,0.0,4.323406359180808,7.7096159948268905
0.1,49,572134801,2.0673348903656006,0.0,0.0,4.33459328697063,7.585907995235175
0.1,50,1198399760,2.0930511951446533,0.0,0.0,4.30341214989312,7.426748998113908
0.1,51,1751866485,2.0975661277770996,0.0,0.0,4.356623489875346,7.902743993327022
0.1,52,1070889713,2.1655735969543457,0.0,0.0,4.228137260070071,7.287767992238514
0.1,53,415096539,1.943713665008545,0.0,0.0,4.566167504992336,8.205938007449731
0.1,54,52416235,2.2398738861083984,0.0,0.0,4.200504028936848,7.934868001029827
0.1,55,278032723,2.0873870849609375,0.0,0.0,4.252912912284955,7.75977699959185
0.1,56,174946158,2.037991762161255,0.0,0.0,4.409696702612564,7.473612989997491
0.1,57,196848554,2.0986955165863037,0.0,0.0,4.3153223833069205,7.704178991843946
0.1,58,263030910,1.9615100622177124,0.0,0.0,4.51392140914686,7.418188004521653
0.1,59,1285415020,2.039905071258545,0.0,0.0,4.4232495073229074,7.652646003407426
0.1,60,1733223444,2.0760676860809326,0.0,0.0,4.393885578028858,7.4505579977994785
0.1,61,1835544261,2.057404041290283,0.0,0.0,4.39245033939369,7.775816993671469
0.1,62,1403186970,2.0452301502227783,0.0,0.0,4.370681183412671,7.8740080061834306
0.1,63,1291971777,2.0929837226867676,0.0,0.0,4.272828157059848,7.552826005849056
0.1,64,712292067,2.059691905975342,0.0,0.0,4.460835694335401,7.933592001791112
0.1,65,2001429764,2.0916550159454346,0.0,0.0,4.368476138915867,7.593633999931626
0.1,66,1375664061,2.1137006282806396,0.0,0.0,4.2885148271452636,7.78008799534291
0.1,67,1556456120,2.154078483581543,0.0,0.0,4.318973898654804,7.779374995152466
0.1,68,1576053187,2.168869972229004,0.0,0.0,4.189711092971265,7.504899986088276
0.1,69,1848019881,2.1679365634918213,0.0,0.0,4.2616625691298395,7.435077990521677
0.1,70,1508652585,2.1116528511047363,0.0,0.0,4.33120402880013,7.976498003699817
0.1,71,1995737731,2.062659502029419,0.0,0.0,4.385972953634337,7.593789996462874
0.1,72,1162788447,2.0568745136260986,0.0,0.0,4.405276209814474,7.666145000257529
0.1,73,1172925522,2.138843059539795,0.0,0.0,4.212888240581378,7.487759998184629
0.1,74,539174575,2.1138672828674316,0.0,0.0,4.366337495390326,7.897175004472956
0.1,75,2013637345,2.0307211875915527,0.0,0.0,4.386072327848524,7.4768299964489415
0.1,76,1187468716,2.1454215049743652,0.0,0.0,4.204529611393809,7.864838000386953
0.1,77,1062978506,2.1080687046051025,0.0,0.0,4.3809259322006255,8.254486994701438
0.1,78,679326770,2.0569517612457275,0.0,0.0,4.43309992691502,8.060955995460972
0.1,79,587923432,2.124945640563965,0.0,0.0,4.356444289674982,7.912917004432529
0.1,80,1359889667,2.120497226715088,0.0,0.0,4.2697425512596965,7.991006001248024
0.1,81,970187386,2.0625734329223633,0.0,0.0,4.368172460235655,7.884619990363717
0.1,82,1219839873,1.9311859607696533,0.0,0.0,4.7238445084076375,7.843458995921537
0.1,83,1428160212,2.064033269882202,0.0,0.0,4.42313694069162,7.6900889980606735
0.1,84,1930609499,2.1356637477874756,0.0,0.0,4.216162945376709,8.005499999853782
0.1,85,710582861,2.1347289085388184,0.0,0.0,4.25153755932115,7.684900003368966
0.1,86,1463614337,2.115664005279541,0.0,0.0,4.305764221819118,8.175581999239512
0.1,87,1940152705,2.1404197216033936,0.0,0.0,4.249985569622368,7.808616996044293
0.1,88,985452196,2.135277032852173,0.0,0.0,4.255000006174669,7.592559995828196
0.1,89,552062587,2.183346748352051,0.0,0.0,4.195556764025241,8.05560800654348
0.1,90,623566272,2.1004788875579834,0.0,0.0,4.282846538815647,7.891402012319304
0.1,91,729775797,2.0718326568603516,0.0,0.0,4.445658302400261,7.870651999837719
0.1,92,1352536665,2.0549542903900146,0.0,0.0,4.462522987276316,7.843911997042596
0.1,93,555883440,2.096672773361206,0.0,0.0,4.286424328573048,7.933742992463522
0.1,94,1801800003,2.163390636444092,0.0,0.0,4.241658890852705,8.027603005757555
0.1,95,763315502,2.026782512664795,0.0,0.0,4.503403668757528,7.697699998971075
0.1,96,138897982,2.1324119567871094,0.0,0.0,4.204330736072734,7.501048006815836
0.1,97,10785379,2.0970771312713623,0.0,0.0,4.327911840286106,7.614124013343826
0.1,98,53923185,2.076188564300537,0.0,0.0,4.31431406037882,7.5370389968156815
0.1,99,1349917978,2.1080474853515625,0.0,0.0,4.355991735588759,8.027336007216945
